probe,gene,mean_dBeta,t_unadj,q_unadj,t_adj_dNeu,q_adj_dNeu,t_adj_3lin,q_adj_3lin
cg27043630,MYD88,-0.0004451289,-0.9063491169303765,0.7385255953474746,-0.8638386057513152,0.9998167265501986,-0.4415120768301387,0.9998751256512294
cg00556515,TNFRSF1A,0.0026012885,1.113636456189759,0.6600840811735742,1.3895374654180555,0.9998167265501986,0.5055962004806946,0.9998751256512294
cg01045723,TLR9,0.001460073,0.53919819638987,0.8646677714927015,0.03409691076076539,0.9998167265501986,0.35507659027528693,0.9998751256512294
cg09250473,IRF3,-0.0005514137,-0.5065156228801954,0.8748986223466529,-0.04023640687780706,0.9998167265501986,-0.19540935650666458,0.9998751256512294
cg18576635,IFNGR1,0.000100682,0.17921507180817775,0.9618585516145121,-0.15353309722463576,0.9998167265501986,-0.3399423241848237,0.9998751256512294
cg19170015,CXCL1,-0.011967961,-2.4215178072358436,0.21054325162824572,0.47915442280481757,0.9998167265501986,0.513211542612461,0.9998751256512294
cg17034030,MYD88,0.00025444737,0.7008692386887485,0.8119798541572504,0.04797424968522714,0.9998167265501986,-0.9426565622670249,0.9998751256512294
cg03256465,JUN,0.00027052689,0.5190391434241254,0.87129454011682,0.05335229768358111,0.9998167265501986,-0.45983855906027166,0.9998751256512294
cg16702747,IRF8,0.0016962069,1.735509197677319,0.4212358526874756,1.1266803467614999,0.9998167265501986,0.7507029310187207,0.9998751256512294
cg03553358,SOCS1,-0.0008246039,-1.290391760703284,0.5921401128854209,-1.0090483131527435,0.9998167265501986,-1.3164281505479294,0.9998751256512294
cg17108506,FOS,-0.00024248072,-0.9564963391113572,0.7201055144266197,-0.6173240623294203,0.9998167265501986,-0.9425640039374797,0.9998751256512294
cg12282381,MAP3K7,0.00022952161,0.7528356873722417,0.7941621004282382,0.6883405477838609,0.9998167265501986,0.7113390125661042,0.9998751256512294
cg22132774,CD68,-0.0006948997,-0.24884058112990154,0.9452176456888576,0.6213579124124233,0.9998167265501986,-0.17464257611271974,0.9998751256512294
cg24666276,MYC,0.0015342877,0.3887796066605063,0.9088263228995713,0.5695946262543546,0.9998167265501986,-0.23117015155352275,0.9998751256512294
cg16145167,TLR6,-0.0019092079,-1.8221144934826177,0.39038429377853556,-1.338487506530217,0.9998167265501986,-1.4170888294471737,0.9998751256512294
cg18804985,CXCL2,-0.009123939,-1.917409053681828,0.35732847921895194,0.27767645644758726,0.9998167265501986,0.2507064109008054,0.9998751256512294
cg26970841,IRF8,0.0072272075,3.071561963285027,0.10471681120490901,2.072297966945072,0.9998167265501986,2.4602144970319655,0.9998751256512294
cg06220235,SOCS1,-0.00030821314,-0.38264635353724313,0.9104673100453968,0.060514148145349965,0.9998167265501986,0.6055703445147188,0.9998751256512294
cg06295404,SOCS1,0.0010144699,1.2285135029468965,0.6164410342810374,0.7463605927633744,0.9998167265501986,0.3745208083068303,0.9998751256512294
cg08017326,CXCL2,-0.0039832047,-1.935222268837829,0.350556102829923,-1.4050881220788887,0.9998167265501986,-0.9074220226969718,0.9998751256512294
cg18654873,MAP3K7,0.0009448218,1.1992870081303904,0.627757661791154,1.3145463934216381,0.9998167265501986,1.338660733995386,0.9998751256512294
cg18335243,PTGS2,0.00011634286,-0.07315813120389687,0.9860004122093569,0.2535819867040099,0.9998167265501986,0.40100973782083743,0.9998751256512294
cg08418872,TNFRSF1A,0.0091303475,1.7581815538437988,0.41304815885534973,-0.31846894608188503,0.9998167265501986,-0.30187557503609264,0.9998751256512294
cg00774149,TLR9,0.0005255034,0.21801573590734255,0.9527699004631598,-1.5102931950552059,0.9998167265501986,0.059003227602869565,0.9998751256512294
cg21467614,TNF,-0.00069979223,-0.020282099805730296,0.9959535076379068,0.9121905430164858,0.9998167265501986,0.9991439474633191,0.9998751256512294
cg09587549,PYCARD,-0.0015648586,-1.1560540779531965,0.6441171482180362,-2.6056642425626144,0.9998167265501986,-3.301856228273002,0.9998751256512294
cg25034766,FOS,-0.0016089195,-1.8847539905933024,0.3683708031170972,-1.6000698492375927,0.9998167265501986,-1.4541721054477592,0.9998751256512294
cg03978375,IRF8,0.0033968408,1.4625755296708267,0.5252322539783024,0.5517139816700191,0.9998167265501986,0.6799344966225449,0.9998751256512294
cg23752651,TNFRSF1A,0.01519183,3.157683092002075,0.09651313239334024,1.5964956372598835,0.9998167265501986,1.242393018038412,0.9998751256512294
cg04545963,NFKBIA,0.0072761043,1.5643955942319647,0.485698466037662,-0.9071430526182178,0.9998167265501986,-1.2629955790107954,0.9998751256512294
cg24004745,IL1RAP,0.0008012386,1.3353611614878043,0.5745814774722503,0.7774762478575405,0.9998167265501986,-0.006993998508620659,0.9998751256512294
cg04266460,SOCS1,0.0017520833,0.16041254107002134,0.9665979908086558,-0.48504268286134217,0.9998167265501986,-0.6942605238640916,0.9998751256512294
cg10189525,NFKB1,0.00015373788,0.17542255084757707,0.9627673922741158,-0.06214323952002142,0.9998167265501986,-0.5433250432251144,0.9998751256512294
cg12214665,TNFAIP3,9.717011e-05,0.1402737784002727,0.9715951341065825,-0.6829065234516849,0.9998167265501986,-0.7206851326051469,0.9998751256512294
cg18287768,TNFAIP3,-0.0028918337,-1.2728546667899823,0.5989319775575688,-1.1491635526439645,0.9998167265501986,-0.8303791239137842,0.9998751256512294
cg15982117,HLA-DRB1,0.0022454762,0.8432951533509984,0.761493781857366,0.3820415619427285,0.9998167265501986,-0.024038119274019203,0.9998751256512294
cg27662875,IRF3,0.0026647178,0.8781519813646832,0.7488198302009055,0.20885865345656401,0.9998167265501986,-0.08048756148819487,0.9998751256512294
cg01529076,FOS,-0.0096832,-1.8730106510711957,0.3724504493115515,0.24216017526146894,0.9998167265501986,0.5075509914964849,0.9998751256512294
cg22551276,IRF8,0.0013297541,1.411993768753797,0.5445679735443826,0.4706958112197451,0.9998167265501986,0.10347998887592111,0.9998751256512294
cg21803052,MYC,0.0010105862,0.9654245609295389,0.7168648347209712,1.36477830602748,0.9998167265501986,0.6897453064879001,0.9998751256512294
cg10832291,MYC,4.793082e-05,0.10761105396356363,0.978631122061218,-0.04286877562405529,0.9998167265501986,0.5595534069975998,0.9998751256512294
cg15465092,MYC,-0.00038222253,-0.8419653118701594,0.7619868073983667,-0.701499421882243,0.9998167265501986,-1.662041077944319,0.9998751256512294
cg06378498,STAT3,8.616119e-05,0.4760330275659013,0.8839700794344252,-0.2011275837850376,0.9998167265501986,-0.6874316228005639,0.9998751256512294
cg12712415,MAP3K7,0.00012567961,0.2269175836920154,0.9507309671815357,-0.40770779830659076,0.9998167265501986,0.7524563703633679,0.9998751256512294
cg25080152,MYC,-0.00036316854,-0.07453877719231838,0.985782746351778,0.18320144384690326,0.9998167265501986,0.5905739467746455,0.9998751256512294
cg15852258,TLR2,-0.00062666845,-0.25460092447428506,0.9437678108835105,0.5192345839058466,0.9998167265501986,0.6886855155554711,0.9998751256512294
cg01330880,SOCS1,-0.0014043397,-1.3308086976444624,0.5767089662321834,-0.8270522766463434,0.9998167265501986,-0.9574418305353894,0.9998751256512294
cg09139047,HLA-DRB1,-0.005019974,-1.0763741688863486,0.6743260410408041,-0.6957134321240402,0.9998167265501986,-0.008643086748136427,0.9998751256512294
cg08578320,HLA-DRB1,-0.005770549,-0.930989033850684,0.7297696286222124,-0.16845906335593588,0.9998167265501986,-0.08323595967492482,0.9998751256512294
cg21985352,SOCS3,-0.00049966,-0.7414313020437677,0.7980788875685324,-1.188667697745117,0.9998167265501986,-0.7253211964107509,0.9998751256512294
cg26822854,IL6R,0.000567702,0.9832278330536686,0.7100227961443843,0.749380838822264,0.9998167265501986,1.0559703592317204,0.9998751256512294
cg20460761,IRAK4,0.00064424414,0.0076743783436744525,0.9986322488018126,-1.1798649234492358,0.9998167265501986,-0.9929939519790585,0.9998751256512294
cg07158701,STAT3,0.00027299667,0.9746420745146229,0.7134751280657882,0.24844262650462334,0.9998167265501986,-0.05902554905392044,0.9998751256512294
cg20203089,NFKB2,-0.0014004158,-2.1487297472180913,0.28278697947908493,-1.761589827350841,0.9998167265501986,-1.9765348326260312,0.9998751256512294
cg09804439,STAT3,-0.00035341005,-1.3367085682446471,0.5741246649539652,-0.7684186407892528,0.9998167265501986,-1.1490600275212928,0.9998751256512294
cg10850054,IL6ST,0.0012095068,1.1889940602083873,0.6315884737818247,0.7924560719557942,0.9998167265501986,0.3571024994095273,0.9998751256512294
cg18512161,MAP3K7,0.00023507336,0.6560574455573415,0.8265461091263276,1.0988178339583319,0.9998167265501986,1.1591618068333536,0.9998751256512294
cg19754707,IL1R1,-0.012552514,-3.278786915415015,0.08607076625899454,-1.1604228096035987,0.9998167265501986,-0.7617901999877629,0.9998751256512294
cg14721618,SOCS3,-0.001069341,-0.6773356338228759,0.8197509370292148,-0.8607631653873808,0.9998167265501986,0.1393415216070524,0.9998751256512294
cg17540624,IRF3,-0.00086051796,-2.0566547818314933,0.3111569153765381,-1.53122893167022,0.9998167265501986,-1.8730280690769254,0.9998751256512294
cg06178786,MAPK8,0.00029136348,1.1054447989860707,0.6632052003696081,1.0224770740696272,0.9998167265501986,1.244428192470352,0.9998751256512294
cg06239037,MYD88,0.00060159835,1.2647733031891775,0.602274555035235,0.8815100001271323,0.9998167265501986,1.0779713440366436,0.9998751256512294
cg06291846,CEBPB,-0.00055377727,-0.6656000391597885,0.823402401626465,-0.24377489031800587,0.9998167265501986,0.11530529612689193,0.9998751256512294
cg24682307,TNFRSF1B,0.00034598514,0.5513205240225332,0.8609166367995714,0.6710385930927032,0.9998167265501986,-0.05698709871200774,0.9998751256512294
cg24688577,CEBPB,0.00030291977,0.8883882886452096,0.7450404388910558,0.22597786748648901,0.9998167265501986,0.35609759996440576,0.9998751256512294
cg11065262,STAT1,0.0007643235,0.86887033078799,0.7520766811995819,1.4989165927474253,0.9998167265501986,1.1425489609756847,0.9998751256512294
cg11163388,IL6ST,0.0007908167,2.022757757544829,0.3217590276112824,1.6661325243797405,0.9998167265501986,1.851623780618036,0.9998751256512294
cg09054949,CXCL1,-0.013304483,-1.8947801004584064,0.3648245672542711,1.404841135863899,0.9998167265501986,1.479664309948321,0.9998751256512294
cg09190696,MAP3K7,0.00011457192,0.13354523184245978,0.9730708912278544,-0.913609346689699,0.9998167265501986,-0.5704477388786778,0.9998751256512294
cg09269103,NFKB2,-0.000845133,-1.1075040632623463,0.6623708278134669,-0.7644730139080643,0.9998167265501986,-0.8151450027379253,0.9998751256512294
cg15135914,RELA,-0.0003465687,-0.7948054273434603,0.7790213032387444,-1.7943662412829728,0.9998167265501986,-1.7736495223660782,0.9998751256512294
cg13999099,IL6ST,-0.0027616993,-0.9851274017437007,0.7092835089051195,-1.0141568376365766,0.9998167265501986,-0.24926437793118966,0.9998751256512294
cg16547110,TLR2,2.5334405e-06,-0.14410752660921952,0.970486476516303,-0.03968813827086623,0.9998167265501986,0.030550785785590263,0.9998751256512294
cg16632661,BCL3,-0.000797103,-2.158631511551642,0.27988240159163064,-2.5607706705635285,0.9998167265501986,-1.8766114148222268,0.9998751256512294
cg03957204,IL6R,0.00042885815,1.548464070623706,0.4917101993044217,1.7782165666472554,0.9998167265501986,1.624308771573386,0.9998751256512294
cg16189024,NFKBIZ,0.0004360508,0.33685347458823967,0.9228235858618612,0.6581982858817415,0.9998167265501986,0.4473473123668653,0.9998751256512294
cg16349006,CEBPB,0.000642461,0.9630166474060156,0.717773933645023,1.0992169290622649,0.9998167265501986,0.8539596616727085,0.9998751256512294
cg07704981,NOS2,-0.00015715344,-0.03811452567832733,0.9927974786955607,-0.1947624855738691,0.9998167265501986,0.3374093910900047,0.9998751256512294
cg23037648,NFKBIZ,0.0005746868,0.6814669996848595,0.8184786206963961,0.4286994270364059,0.9998167265501986,0.09247049312798288,0.9998751256512294
cg23044504,NFKB2,0.00018251796,0.5519488706014748,0.8608052437407946,0.21397369192369647,0.9998167265501986,0.2351750617892738,0.9998751256512294
cg13642545,BCL3,-0.0002670192,-0.215962868295769,0.9532496011850154,-0.6274882266926675,0.9998167265501986,-0.3434309169377526,0.9998751256512294
cg11636714,IKBKB,0.0024239037,0.8905568607073906,0.744213165693022,0.9635124539943363,0.9998167265501986,1.2343495428300795,0.9998751256512294
cg03042113,RELA,0.00064344873,1.2846625606682711,0.5944178604058505,0.8250457325006866,0.9998167265501986,0.544831029486357,0.9998751256512294
cg24064264,IRF7,-0.00054783217,-1.18192189945992,0.6344572761672675,-1.5337915659565677,0.9998167265501986,-1.4680071641002495,0.9998751256512294
cg24198611,MAPK14,0.00053415395,1.7863143838333493,0.4032202265674934,1.5695150276914445,0.9998167265501986,1.6975141601994665,0.9998751256512294
cg24283186,MAPK8,0.00045513763,0.7606506633870661,0.7915883796028179,0.2648289207537348,0.9998167265501986,-0.508037104320239,0.9998751256512294
cg22499719,BCL3,2.8744333e-05,0.20495844987845127,0.9560016480699739,0.14548736853311137,0.9998167265501986,0.29618980938241873,0.9998751256512294
cg00987176,NFKB2,-0.0005045202,-0.7389753874064882,0.7990380808828381,-0.9324905633007432,0.9998167265501986,-0.8489342361974727,0.9998751256512294
cg26998429,SOCS3,-1.7509272e-05,-0.21024221554189962,0.954787796172484,-0.2987662336992068,0.9998167265501986,-0.29257902901682803,0.9998751256512294
cg27003951,SOCS1,-0.00066408503,-0.5067168988026086,0.8748262050670741,-0.6311115601107863,0.9998167265501986,-0.9128228418374076,0.9998751256512294
cg06595275,MAPK14,-0.00016189048,-0.6723668872811933,0.8212973872762668,-0.49205519047985125,0.9998167265501986,0.14618260815670778,0.9998751256512294
cg06639101,IRF3,-0.000329802,-0.8717716507768698,0.7509514659367502,-0.7359355472641093,0.9998167265501986,-0.5944573036886949,0.9998751256512294
cg18022362,IL6ST,0.00019190244,0.3643219970974883,0.9153485724689694,-0.14063046456927902,0.9998167265501986,-0.208012454145042,0.9998751256512294
cg15819646,TNFRSF1B,-0.00092590705,-1.41158289574757,0.5447098640503973,-1.115149661613742,0.9998167265501986,-0.697637867090768,0.9998751256512294
cg15684811,JUN,0.0005812974,0.3142715347661193,0.9286221101682625,1.1873496214463553,0.9998167265501986,0.7221817839894529,0.9998751256512294
cg01394385,CX3CR1,0.0030503024,1.4928865506118105,0.513265752866348,1.1392799269173743,0.9998167265501986,1.5521381631662563,0.9998751256512294
cg15500320,JUN,-7.06248e-05,-0.1774206132805372,0.9622632935595251,-0.05264687656098195,0.9998167265501986,-0.21068910071472025,0.9998751256512294
cg15096815,JUN,-0.00059048424,-0.5405961749782752,0.8643544410424022,-0.6217843187205715,0.9998167265501986,-0.8735266639187342,0.9998751256512294
cg25613251,JUN,-0.00014181381,-0.408659221804942,0.9036667137888665,-0.31302884591995966,0.9998167265501986,0.5081811792918144,0.9998751256512294
cg18793688,NLRP3,0.0005584645,0.7960573741491025,0.778560292423387,0.9844685895587755,0.9998167265501986,1.135935699895635,0.9998751256512294
cg10245072,TLR6,0.0008106118,0.594082288144338,0.8474831076835728,-0.1310518939983912,0.9998167265501986,-0.016430982460472112,0.9998751256512294
cg05935283,IL1RAP,6.0479128e-05,0.4082004155989509,0.9038005042021,-0.25758206044064763,0.9998167265501986,-0.3517454587921583,0.9998751256512294
cg11657122,TNIP1,0.00076481927,0.6109310655619192,0.841906729170257,0.2705725265772996,0.9998167265501986,0.4544230073296135,0.9998751256512294
cg06350097,FCGR2A,-0.014824179,-1.8150958986073353,0.39308025684830916,-0.664073331102411,0.9998167265501986,0.5395127900903554,0.9998751256512294
cg06809458,TNIP1,0.00034802727,0.6476796058807652,0.8294299209530493,0.6670247936922016,0.9998167265501986,0.7440275597632416,0.9998751256512294
cg24425829,JUN,0.0017516807,0.8665606044694196,0.7530146220400673,1.3713810128522432,0.9998167265501986,1.9235954245199944,0.9998751256512294
cg15995771,JUN,0.00022024257,0.5007941338463118,0.8766413939857401,0.6926546553497387,0.9998167265501986,0.2959389417628102,0.9998751256512294
cg17933911,JUN,0.00018789466,0.37276932266333607,0.913129998550516,0.783758321627214,0.9998167265501986,-0.0045018793737951306,0.9998751256512294
cg20787340,JUN,-0.00031526375,-0.7392574400228326,0.7989244313800707,-0.6227279408637842,0.9998167265501986,0.12744486961868753,0.9998751256512294
cg02711163,S100A9,-0.0021290053,-1.1143650577931885,0.6598367531285326,0.3866194847928181,0.9998167265501986,-0.09849523385976439,0.9998751256512294
cg13680844,TLR9,3.2823384e-05,-0.20001264554495374,0.9572761748213451,-0.1622506337078044,0.9998167265501986,0.011677053946101192,0.9998751256512294
cg25837803,PTGS2,-0.0049195895,-1.9977440656763035,0.3297244169659662,-0.08917688917969416,0.9998167265501986,-0.40328860199379163,0.9998751256512294
cg13648373,IL6ST,0.00016238478,0.5234446731250444,0.8699361016352622,0.2426668411028274,0.9998167265501986,0.035462223476293846,0.9998751256512294
cg00119197,NFKB1,-0.0008270876,-0.9077575998750329,0.7380467893331117,-0.6493448848258815,0.9998167265501986,-1.0218184683472267,0.9998751256512294
cg26564040,PTGS2,-0.0010220871,-0.7546985828766212,0.7935157694260083,-0.6318607279280756,0.9998167265501986,-0.3040815565915355,0.9998751256512294
cg17178919,IL1RAP,-0.0006782957,-1.2585329353748986,0.6047676801618703,0.03364682424481542,0.9998167265501986,-0.29506841931295497,0.9998751256512294
cg08977266,IRF1,-0.00027717778,-0.5546262210483227,0.8599551289400856,0.10225668429601496,0.9998167265501986,0.6122558875947556,0.9998751256512294
cg11255154,STAT1,0.00052952004,0.4272516241008918,0.8980176671925456,0.7266632752499989,0.9998167265501986,0.4191936367041726,0.9998751256512294
cg00543485,JUN,-0.00021596946,-0.3527727487635412,0.9184332852699101,-0.671522825851055,0.9998167265501986,-1.277692505693836,0.9998751256512294
cg26162331,CX3CR1,0.010713999,2.0553046789050153,0.31145916302408605,0.6058065849926945,0.9998167265501986,0.8976943292400418,0.9998751256512294
cg23329156,IL1RAP,-0.00030459982,-1.1294865943644554,0.6541847371484906,-0.8401943563114793,0.9998167265501986,-0.7019791484493585,0.9998751256512294
cg05205953,CXCL2,-0.0014657058,-1.5986301843076887,0.4723459484063293,-1.6762156441662288,0.9998167265501986,-0.6783013366925249,0.9998751256512294
cg16645584,JUN,-0.00018004335,-0.23275192047539417,0.9493932444143006,-0.33501299182158906,0.9998167265501986,-0.320339698269468,0.9998751256512294
cg15421363,IRF1,0.00040909098,0.2846148763094132,0.9361499412302589,0.8851531710518434,0.9998167265501986,0.8673473370790676,0.9998751256512294
cg24635257,TNFRSF1B,2.9396775e-05,0.005119656014798367,0.9991112010834682,-0.02706039968881745,0.9998167265501986,-0.09446672422542442,0.9998751256512294
cg12193622,NFKBIZ,-0.0007332217,-1.3126029028220636,0.5834379863745728,-0.2859492044651033,0.9998167265501986,0.2924860144440817,0.9998751256512294
cg24368167,MYD88,0.00021696511,0.34642048715634893,0.9204069077549345,0.64319106104522,0.9998167265501986,0.9310913413316372,0.9998751256512294
cg03610073,TLR2,0.00052996323,0.2393042227547858,0.9477575322551148,0.42909804575116306,0.9998167265501986,0.9530542253169213,0.9998751256512294
cg23884076,CXCL10,-0.0017270203,-0.24482114833243393,0.9463050267876671,2.0338198499103326,0.9998167265501986,2.0957539090920463,0.9998751256512294
cg07018071,JUN,-0.00030890628,-0.5511011313983749,0.8609700943396491,-0.48108283823427944,0.9998167265501986,-0.6371181866281166,0.9998751256512294
cg08844894,TNFRSF1B,0.0004591336,0.4750769464159917,0.8841687181926744,0.06452374913399173,0.9998167265501986,0.08554243452563955,0.9998751256512294
cg10180406,PTGS2,-0.0029958792,-0.9649320242727533,0.7171348021602543,1.7079703146943863,0.9998167265501986,0.6750535025154792,0.9998751256512294
cg03129172,TNFRSF1B,0.00013421322,0.28403977260889396,0.9362914809740388,0.3824135151903976,0.9998167265501986,0.7478227653507791,0.9998751256512294
cg06069310,MYD88,-0.00078979984,-1.1814847260310126,0.6345730475320771,-1.1452743509799463,0.9998167265501986,-0.25596497503794025,0.9998751256512294
cg25265126,IL1RN,0.011817702,2.89636881003097,0.1242004258548671,0.6174029924439011,0.9998167265501986,1.012025559359614,0.9998751256512294
cg00630212,CXCL2,-0.005472178,-1.6030892568765132,0.47055039160155837,-0.40472300870230504,0.9998167265501986,-0.2807495479639337,0.9998751256512294
cg10450883,IL1RAP,-0.00024237031,-1.017464766794753,0.6972531583322962,-0.5059098445641106,0.9998167265501986,-0.5413215802707052,0.9998751256512294
cg17977795,IL6ST,-0.00037876138,-0.6240518228492528,0.8373177083852194,0.11873969935959788,0.9998167265501986,0.2063180991891033,0.9998751256512294
cg14769570,NFKBIZ,-0.0005388624,-0.7135733510330984,0.8077744858525963,-0.8993058272041933,0.9998167265501986,-0.9241457989211975,0.9998751256512294
cg15089892,NFKBIZ,-0.0017974982,-1.667165255294191,0.4464221656045098,-2.039554063124412,0.9998167265501986,-2.3175743459503866,0.9998751256512294
cg27490198,IFNGR1,0.0006971833,0.45284741138761925,0.8909335990476697,1.3380737746344984,0.9998167265501986,0.8462943436982324,0.9998751256512294
cg09703963,IRF7,-0.0013097636,-0.5416776986701346,0.8639964772717357,0.41581434489873154,0.9998167265501986,0.4750732695716618,0.9998751256512294
cg27045396,MYC,-0.0013692696,-1.1958309620181802,0.6292836700156971,-0.7067061937580957,0.9998167265501986,-0.28060837273133576,0.9998751256512294
cg23128651,MAP3K7,7.195564e-05,-0.02384067827741609,0.9954334808876558,0.17346186659360716,0.9998167265501986,0.16927258159413455,0.9998751256512294
cg21030939,IFNGR1,0.00094922405,1.7549357328387973,0.41443105995439034,1.340577545178923,0.9998167265501986,1.584324848151417,0.9998751256512294
cg07675031,SPI1,-0.030444385,-3.1329992107832747,0.09866155315633353,-0.2724285909890211,0.9998167265501986,-0.11128293591293102,0.9998751256512294
cg22517316,IKBKB,5.2943098e-05,0.30739438999221746,0.9305068919561409,0.8256788283458596,0.9998167265501986,0.6641282995075397,0.9998751256512294
cg22014112,TNFAIP3,0.0068127317,2.3842141375676826,0.2197584886704605,-0.6258002078309752,0.9998167265501986,-0.5708853837833952,0.9998751256512294
cg09763362,TNFAIP3,0.0001391903,0.379662235822606,0.9113966857148368,-0.6339493942433263,0.9998167265501986,-0.48708692532257253,0.9998751256512294
cg27531490,TNF,0.012824604,2.403857465107603,0.2148213205435187,-0.49061903544912805,0.9998167265501986,-0.4016310875347448,0.9998751256512294
cg13542817,NFKB2,0.0002592737,1.1061493626740535,0.6628834811833867,0.9119002662087117,0.9998167265501986,1.243207167790132,0.9998751256512294
cg19813135,TNFAIP3,0.008192044,1.9232280297360502,0.35506955763954684,1.188497850797403,0.9998167265501986,1.1639773500659527,0.9998751256512294
cg26894311,NFKB2,-0.0019075536,-1.2197130442696829,0.6200076177321912,-1.174388483401239,0.9998167265501986,-1.0701136385796273,0.9998751256512294
cg25634545,NFKB2,-0.00034782628,-0.3952247867786671,0.9072985984533243,-0.2402718466852358,0.9998167265501986,0.5416383613496651,0.9998751256512294
cg23606922,NFKB2,0.0008665015,1.5254422449029559,0.5004548206176135,2.2323440524659537,0.9998167265501986,2.0354609039367957,0.9998751256512294
cg07981845,NFKB2,0.0001330086,0.186776468934447,0.9603891306489174,-0.2649688946199532,0.9998167265501986,-0.6991531475673374,0.9998751256512294
cg01582182,RELA,2.3603192e-05,0.19245634273582174,0.9590271571007114,0.3198804268456146,0.9998167265501986,-0.19955254314070947,0.9998751256512294
cg13145591,IRF7,-0.00031870505,-0.679510737469962,0.8190318082512063,-0.5555873420936996,0.9998167265501986,-1.562459529786783,0.9998751256512294
cg08644612,TNFAIP3,0.00060005573,1.433778087199151,0.5363462050982504,1.2906671553672184,0.9998167265501986,1.2238340703932256,0.9998751256512294
cg23227945,NFKB2,0.00011781902,0.3085172122432404,0.9302865549001882,-0.07355715561587817,0.9998167265501986,-0.6481511194598927,0.9998751256512294
cg23696891,TNFAIP3,0.00062995177,1.0529964089570452,0.6832479171060072,0.5403759784554287,0.9998167265501986,0.6716183616193917,0.9998751256512294
cg26367649,MAP3K7,-0.0016814102,-1.499684721950227,0.5106367122861372,-1.4062416248044403,0.9998167265501986,-0.8205063110917665,0.9998751256512294
cg01842473,IRF7,5.141576e-05,-0.012044113773364312,0.9977278600600189,0.3669682975780875,0.9998167265501986,-0.05574729402346318,0.9998751256512294
cg01177642,NFKB2,0.00013128232,0.5204964418796741,0.8708429393123085,0.7872131281325337,0.9998167265501986,0.2761637848533807,0.9998751256512294
cg22466620,TNFAIP3,0.0013669701,1.5225132256195097,0.5016390183099755,0.591946989599344,0.9998167265501986,0.48145234157006045,0.9998751256512294
cg10302505,MYC,-0.00039629595,-0.6505503437248875,0.8284864582175794,-0.7049951488815628,0.9998167265501986,-0.9578502073753413,0.9998751256512294
cg09658066,MAPK14,0.003752564,1.839088340385864,0.384332811475657,1.608911614609593,0.9998167265501986,1.0096327542197547,0.9998751256512294
cg01539849,SPI1,0.0008125116,1.050757490714022,0.6840424102390736,0.9480808624227546,0.9998167265501986,0.8877018099187228,0.9998751256512294
cg05195756,MAP3K7,0.00028671708,1.1152500120625397,0.6594986526103201,1.2094163854844238,0.9998167265501986,0.5946775968822516,0.9998751256512294
cg22197824,RELA,0.00013935016,0.05044736575990988,0.9905576019421537,0.0016817237870494883,0.9999462663383635,0.30320342510145154,0.9998751256512294
cg03503634,TRAF6,0.0017169737,0.917461588104526,0.7345032690202731,1.5997817218257637,0.9998167265501986,1.5266847825981817,0.9998751256512294
cg19990454,NFKB2,-0.0022219822,-2.9563752012058737,0.1166493821741647,-2.0864991952975793,0.9998167265501986,-1.742371609973526,0.9998751256512294
cg13730105,TLR4,-0.013163159,-3.253038519928497,0.08779031769923755,-0.27933891447691306,0.9998167265501986,-0.3398443742578269,0.9998751256512294
cg15380607,TNFAIP3,-0.0017760776,-1.3298759507371236,0.5769923923013863,-1.1239694676930612,0.9998167265501986,-1.0624007429802529,0.9998751256512294
cg00847892,TNFAIP3,-0.0009346738,-1.2440521120181527,0.61040651313378,-0.7422281011020848,0.9998167265501986,-1.3016731945688074,0.9998751256512294
cg11520366,TRAF6,0.00010407729,0.17110042393683667,0.9636887952817765,0.48393060354486533,0.9998167265501986,-0.006249863101331577,0.9998751256512294
cg24418792,NFKB2,-0.0003453059,-0.4092980404231165,0.9034640963898297,-0.721923633763415,0.9998167265501986,-0.8504571996561019,0.9998751256512294
cg07652350,IRF7,0.00075989374,1.2404340060757444,0.6118107902195326,1.2127921275542304,0.9998167265501986,0.4662089917702791,0.9998751256512294
cg01360627,TNF,0.025674691,2.615352648213503,0.16958853366235255,-1.0314887120962337,0.9998167265501986,-1.7038610505973584,0.9998751256512294
cg23187103,MYC,0.0004560118,1.5160752347955027,0.5042306093782724,1.57524513744579,0.9998167265501986,1.6244216622482877,0.9998751256512294
cg25543316,IFNGR1,0.00026267886,0.7406546327832333,0.7984263578256267,-0.0838938679246724,0.9998167265501986,-0.7854572804234344,0.9998751256512294
cg04289163,SOCS1,-0.00065499847,-1.3538054459794533,0.567235432206447,-0.825600060607696,0.9998167265501986,-1.528770930045749,0.9998751256512294
cg24219033,CD68,0.007159791,2.4858552351340113,0.19601969195467017,1.6377170654144428,0.9998167265501986,1.4974128941219116,0.9998751256512294
cg10596108,IRF3,-0.000411838,-0.46430596126623797,0.8876533667206874,0.5377038523032034,0.9998167265501986,0.42757434201429095,0.9998751256512294
cg09866102,PYCARD,-0.00064415275,-0.9679440468939893,0.7157572021592418,-0.7999454155437292,0.9998167265501986,-0.7111251930373574,0.9998751256512294
cg05766667,SOCS1,0.00036034247,0.7750659742868757,0.786350516839806,0.3880021016908061,0.9998167265501986,1.1428398462275762,0.9998751256512294
cg27540841,SOCS1,-0.0004352359,-0.5439598832973345,0.8633134425649961,-1.0431965291650733,0.9998167265501986,-1.8137889567395722,0.9998751256512294
cg00773696,FOS,0.00028615768,0.4069172114152775,0.9042410053044404,0.5113075175680583,0.9998167265501986,0.2574407127238605,0.9998751256512294
cg05181221,SOCS1,-0.0010049512,-1.7087128577488808,0.4309557193925825,0.08607037429545537,0.9998167265501986,0.0765742789878925,0.9998751256512294
cg19567168,TNFRSF1A,0.00036320108,0.5224521658910058,0.8702048981157061,0.4828789724577538,0.9998167265501986,0.289889354008522,0.9998751256512294
cg17840914,IRAK4,7.599482e-05,-0.07439892034469761,0.9858139940438914,-0.3068981256450021,0.9998167265501986,-0.2570678929970633,0.9998751256512294
cg27183495,IRF3,-0.0005526495,-1.283695631631949,0.5947442234880468,-1.162207999043902,0.9998167265501986,-0.5900367670463127,0.9998751256512294
cg23885512,RELB,-0.0005361848,-0.6158792617739187,0.8403205537274652,-0.8544152258167981,0.9998167265501986,-0.8715864961805505,0.9998751256512294
cg10513253,SOCS1,-0.00032739007,-0.6624948388586087,0.824448333937555,-0.3047093029206548,0.9998167265501986,-0.6115805667938448,0.9998751256512294
cg14796318,CCL5,-0.007174607,-1.633853790460254,0.45903689650569,0.10197683499095185,0.9998167265501986,0.39872420591080576,0.9998751256512294
cg10282345,FOS,-0.00050658575,-1.7589270142124804,0.41279931766641725,-1.8908766320482162,0.9998167265501986,-1.762706023491622,0.9998751256512294
cg16627549,IRAK4,0.00039263724,0.4956962594924947,0.8782655678072148,0.09951274115604236,0.9998167265501986,-0.1944642251780753,0.9998751256512294
cg25975379,FOS,0.00021721139,0.592876933260793,0.847794409730211,0.4973431028965365,0.9998167265501986,0.8079505293997182,0.9998751256512294
cg01888869,ITGAX,0.0004971292,0.17720820659897824,0.9622899277740345,1.9570534805431599,0.9998167265501986,1.8686247341952025,0.9998751256512294
cg08691836,TNIP1,0.0005518571,1.1331558357811087,0.6527121621989462,0.5269153184564837,0.9998167265501986,0.02474269064623645,0.9998751256512294
cg10150185,TNFAIP3,-0.00085401064,-1.9427596595915289,0.34801501081099456,-1.5565962555909927,0.9998167265501986,-2.4450653625884105,0.9998751256512294
cg14169251,CD14,0.0018871204,0.5607891704962354,0.8580998936450257,0.46487450628462806,0.9998167265501986,0.9146405141215916,0.9998751256512294
cg16101035,JUN,0.0006491263,1.1827740782598932,0.6342231349182313,0.5266919040054354,0.9998167265501986,0.4359397486495739,0.9998751256512294
cg17044320,MYD88,0.00025495878,0.644788522540523,0.830428570774598,0.9274888617854795,0.9998167265501986,0.5128536244630424,0.9998751256512294
cg11188799,MAPK14,-0.0005556965,-1.138759328001126,0.6507118424439841,-0.9192857584654454,0.9998167265501986,-0.873804208457615,0.9998751256512294
cg13119687,TICAM1,-3.6653448e-05,0.2445268431921895,0.946382454783639,-0.5161113978197513,0.9998167265501986,-0.602220211864057,0.9998751256512294
cg21366501,MAPK14,-0.0007022506,-0.7536349775772758,0.7938480197143191,-0.5897726250890851,0.9998167265501986,0.23753904716983426,0.9998751256512294
cg20142871,TNFAIP3,0.0003292023,0.713284845397909,0.8078542641871671,0.8677093343998019,0.9998167265501986,0.6215936240831982,0.9998751256512294
cg11971752,IRF1,-0.000107943764,-0.26087231666105554,0.9421360669192241,-0.3689731742692023,0.9998167265501986,-0.29060733672475986,0.9998751256512294
cg22470965,IRF7,-7.742565e-05,-0.304454867867539,0.9312306511972077,-0.9412397216864545,0.9998167265501986,-0.9911269060899993,0.9998751256512294
cg18763656,IKBKE,0.00018376547,0.6925910686750525,0.8148051986215665,0.28988653097427214,0.9998167265501986,0.3867469426241017,0.9998751256512294
cg01013447,NFKB2,0.0004624658,0.9065114154474107,0.7384321094785524,0.7787721284434327,0.9998167265501986,1.275203916689478,0.9998751256512294
cg19398162,CEBPB,0.000205937,0.33936852511645704,0.9221622513453794,-0.19154109197261018,0.9998167265501986,-0.30931558473518556,0.9998751256512294
cg07773052,MAPK8,-0.00029762456,-0.5942537734458159,0.8474075475584756,-0.6755816739026378,0.9998167265501986,-0.3893717815357458,0.9998751256512294
cg18833720,TNFRSF1B,-0.000641405,-1.2815924095647024,0.5955638843785585,-0.9254866695381045,0.9998167265501986,-1.181194596676038,0.9998751256512294
cg22565340,SPI1,-0.029539902,-3.0485626210756505,0.10720304654892784,0.14728918698369634,0.9998167265501986,0.8813420583781141,0.9998751256512294
cg23841970,TNIP1,-0.00017864075,-0.2527974236720865,0.9442072085250806,0.5884576918997669,0.9998167265501986,-0.036294008530033735,0.9998751256512294
cg21099811,IL1R1,-0.009278577,-2.3853456025888615,0.2194704811700818,-0.1461757709071737,0.9998167265501986,-0.07944680529791286,0.9998751256512294
cg25579739,STAT1,-0.0003047768,-0.8660045477772833,0.7531737802753061,-0.6579092991397776,0.9998167265501986,-0.8592367592892274,0.9998751256512294
cg22265335,PYCARD,-0.001129637,-1.5809865445367635,0.4795300012839831,-0.612855985633856,0.9998167265501986,-1.1391522919555968,0.9998751256512294
cg26233182,SOCS1,-9.4633746e-05,-0.21972433681759912,0.9523653672464546,-0.5578476783214465,0.9998167265501986,-0.9261512990572542,0.9998751256512294
cg25082960,MAPK8,0.0003232936,0.5091425501724719,0.8741377798633954,0.3119767534350818,0.9998167265501986,0.2658889198621538,0.9998751256512294
cg20851120,ITGAX,-0.004317216,-2.3842743829591573,0.2197562932732994,-0.2724363426423016,0.9998167265501986,-0.06334452700184583,0.9998751256512294
cg00747384,TNIP1,-0.0010146264,-2.5327082619873935,0.18612909812389233,-2.4248354825588865,0.9998167265501986,-2.370590794652482,0.9998751256512294
cg00244979,PYCARD,-0.00048808695,-0.5085333643541249,0.8743724784010269,-0.7802273557706325,0.9998167265501986,-0.8043352613956761,0.9998751256512294
cg21107590,PYCARD,-0.0005011576,-0.777421596306542,0.7855620337169592,-0.22935591784443668,0.9998167265501986,0.07045794868172844,0.9998751256512294
cg24157042,TRAF6,0.00033155485,0.5640988230971167,0.8569149572087703,1.0078698976726665,0.9998167265501986,0.35900382507683476,0.9998751256512294
cg09881019,BCL3,0.0017899828,0.7226136260447826,0.8045413717542346,1.0950055234804459,0.9998167265501986,1.123813222459971,0.9998751256512294
cg16118476,TNFAIP3,-6.014893e-06,0.09714877624192958,0.9808697879168572,-0.08251538811061206,0.9998167265501986,-0.544181221429375,0.9998751256512294
cg27214214,NFKB2,-9.2281465e-05,0.16077490304206724,0.9664975628028376,0.6329335118716757,0.9998167265501986,-0.36033544674763845,0.9998751256512294
cg15801357,TLR2,-0.0006802911,-1.2298280039538607,0.6159163548430551,-0.03245932125068918,0.9998167265501986,0.15979040092630514,0.9998751256512294
cg05350993,TNFAIP3,0.0031200245,2.082703155580342,0.30277077317175766,1.9447036449967352,0.9998167265501986,1.974762558716332,0.9998751256512294
cg00889036,TNIP1,0.0009169917,2.4185274743139953,0.21116698169830128,1.6791298112091906,0.9998167265501986,1.409126045845241,0.9998751256512294
cg27546017,TLR4,-0.002107185,-0.40933698709115834,0.903455162280006,0.5138920193389478,0.9998167265501986,0.49476973627326987,0.9998751256512294
cg12002159,TNFRSF1B,0.0004911591,0.6931184422926955,0.8146422125185712,0.4043464485866877,0.9998167265501986,0.22469415385531638,0.9998751256512294
cg27325009,MAPK14,-0.0007409332,-0.17950618906754714,0.9618585516145121,1.040113954795108,0.9998167265501986,0.964513442153929,0.9998751256512294
cg04202619,MYD88,-0.0005986213,-1.4509251268811714,0.529773335112316,-1.6138552365556198,0.9998167265501986,-1.5597014391114106,0.9998751256512294
cg22559350,IRF7,-0.00048451606,-0.8337008028448674,0.764800089210604,-1.0383055237441883,0.9998167265501986,-0.9688057306237261,0.9998751256512294
cg13899486,IL18,-0.021816073,-4.1135598150508645,0.06048876637039014,-1.7399466611220566,0.9998167265501986,-2.0899263387187674,0.9998751256512294
cg25294785,IRAK4,-0.0007265568,-2.5984850509584287,0.17268740385315495,-3.004387901109158,0.9998167265501986,-3.1669319052715723,0.9998751256512294
cg14684375,RELB,0.00015900994,0.3010467385798361,0.9320580362938228,0.6060195811003597,0.9998167265501986,0.43580821332036435,0.9998751256512294
cg20089365,RELB,-0.0017439065,-0.8773534810977414,0.7490374957565953,0.057274752726741755,0.9998167265501986,0.5181772483427382,0.9998751256512294
cg09567644,SOCS1,-0.00095774967,-0.7056238919094376,0.8104684097609292,-0.445782325554759,0.9998167265501986,-0.44576360214364774,0.9998751256512294
cg18875274,NFKBIA,-0.0002677102,-0.3918010385226821,0.9080479107745508,-1.1966378839875524,0.9998167265501986,-2.0036521670745477,0.9998751256512294
cg19941370,NFKBIA,0.00042299757,0.8669817391834798,0.7528554712087656,0.87028921577809,0.9998167265501986,1.263676785013119,0.9998751256512294
cg27644247,RELB,-0.00023008916,-0.4029986283268638,0.9052960948400312,-0.7243002203263115,0.9998167265501986,-0.715290360903238,0.9998751256512294
cg05644767,ITGAX,0.0057217716,1.4182902219431155,0.5423563810835895,0.9518112658615147,0.9998167265501986,1.38664657171329,0.9998751256512294
cg03195600,SOCS1,0.0012275487,0.6555839393285604,0.826696896901028,0.9162075538701144,0.9998167265501986,1.057079958440102,0.9998751256512294
cg26728986,RELB,-0.003356205,-1.9171408867439588,0.3574150509076376,-1.1743197968413386,0.9998167265501986,-1.2121637730378014,0.9998751256512294
cg01070148,BCL3,8.958009e-05,0.20725226667366944,0.9554164724942517,0.6183325272762021,0.9998167265501986,0.6584607131824495,0.9998751256512294
cg03076047,MYC,-0.0019663866,-2.7821516822922896,0.14058270707973985,-3.3326927375933444,0.9998167265501986,-3.0828025642103176,0.9998751256512294
cg00611675,MYC,-0.0013913257,-0.4794566946675875,0.8829078120693985,-0.31461017158712196,0.9998167265501986,-0.3453137992836976,0.9998751256512294
cg01353464,MYD88,0.0053118295,1.8566159597655043,0.37814975311167454,2.0229292198644924,0.9998167265501986,1.46397328700914,0.9998751256512294
cg08502873,MAPK14,1.8780855e-05,0.04118133053503625,0.992202552693711,-0.6129452306440428,0.9998167265501986,-0.693229645597763,0.9998751256512294
cg14067770,IRF7,0.0020772002,0.4260402576318304,0.8984777138180755,-0.1020703065512685,0.9998167265501986,-0.16170435600138053,0.9998751256512294
cg14203252,BCL3,0.00023120901,0.9807964244317879,0.711105335550127,1.3469888917542534,0.9998167265501986,0.7927075909628986,0.9998751256512294
cg15704988,STAT3,-0.00019469095,-0.7243959376182969,0.8038772283055245,-0.8954490387818335,0.9998167265501986,-0.47461878865341744,0.9998751256512294
cg14768946,STAT1,0.00029530635,1.0909345420963914,0.6687787760003037,1.5213174876074342,0.9998167265501986,1.1073411797908974,0.9998751256512294
cg04742550,ITGAX,-0.003926635,-2.2425717406767265,0.2554614588802906,0.551085763922522,0.9998167265501986,0.658519054378779,0.9998751256512294
cg05131254,TNFAIP3,-0.00055418635,-1.1682720518873226,0.639702071106316,-1.330039396428424,0.9998167265501986,-1.4145033257918294,0.9998751256512294
cg10150212,TNFAIP3,0.00039557417,0.6539400144562901,0.8273192186623655,0.79822877904274,0.9998167265501986,1.4423757581271452,0.9998751256512294
cg01873575,IKBKE,0.002183076,0.9636382549474347,0.7175530468248292,1.5177138148911182,0.9998167265501986,1.7183392712269003,0.9998751256512294
cg01873542,IKBKE,0.00026175176,0.5084988962508517,0.8743738114744913,0.950499673815648,0.9998167265501986,1.1614701842804045,0.9998751256512294
cg12455187,CCL5,0.00014837948,0.23265040860720976,0.9494247612542964,0.3757972379896392,0.9998167265501986,0.04976259278383081,0.9998751256512294
cg11304234,IL18,-0.008253914,-2.5493281404646506,0.18260600911163527,-0.22833336925484554,0.9998167265501986,-0.2737762657755274,0.9998751256512294
cg18773937,IL1B,-0.005069892,-2.094124593424553,0.2991527302684823,-0.14631965988608941,0.9998167265501986,-0.3141692192974715,0.9998751256512294
cg05046858,CX3CR1,0.008935786,2.877558191690599,0.12658722841735592,1.5725945390187583,0.9998167265501986,2.8551933224003676,0.9998751256512294
cg23041410,IL1RN,-4.9907656e-05,0.11136812250414324,0.9779531724159942,-0.18537151691329712,0.9998167265501986,0.3706261613045651,0.9998751256512294
cg20173260,STAT1,0.00021713073,0.16950232285224293,0.964148421698913,-0.0017951560496282967,0.9999462663383635,0.12089422997115944,0.9998751256512294
cg23021329,TLR9,-0.0004620264,-0.08974379106781548,0.9825457092831011,0.40069127233591306,0.9998167265501986,0.09117726972919493,0.9998751256512294
cg09363443,IL1R1,-0.010185642,-1.9614914518449982,0.342040131080864,0.7342169990097491,0.9998167265501986,1.2312023202577542,0.9998751256512294
cg10298855,NFKBIA,0.0020077652,1.2807731209890545,0.5958750150334458,1.0326543143920996,0.9998167265501986,1.3522275412491167,0.9998751256512294
cg23540139,IRF7,0.0058648544,2.03907362884897,0.31628938602452983,0.11208857276137163,0.9998167265501986,0.2118653877731551,0.9998751256512294
cg20935025,NFKBIA,-0.00026114722,-0.07042269591172114,0.9865943494853602,-0.27871711488023726,0.9998167265501986,-0.17682132697995653,0.9998751256512294
cg17229723,TNFRSF1A,0.0001715005,0.12513197334317205,0.9749291725533309,0.35230437468429543,0.9998167265501986,0.9564966175142993,0.9998751256512294
cg09365972,TNF,0.0005725407,0.5109102691451984,0.8735890605407626,0.9826266341876329,0.9998167265501986,0.36814709991438715,0.9998751256512294
cg09426596,MAPK14,0.01815125,2.757378789884659,0.1443857190288986,1.1371954096739396,0.9998167265501986,1.5154154884283324,0.9998751256512294
cg01442745,IL6R,0.00602659,2.0297776363218816,0.3195061523226188,0.47411702432407854,0.9998167265501986,0.28118550968668804,0.9998751256512294
cg25358289,CD14,-0.006804274,-1.1639443103450915,0.6412189175241735,0.47508879030844214,0.9998167265501986,0.014049460910253202,0.9998751256512294
cg18181703,SOCS3,0.0012658639,0.486864215430973,0.8808083928113482,0.6881453526941772,0.9998167265501986,0.04414636059288489,0.9998751256512294
cg18302652,CXCL8,0.0011067807,0.3822605561043165,0.91058482382336,1.013823692359648,0.9998167265501986,1.357692097427759,0.9998751256512294
cg20530056,IKBKE,0.006597054,1.9534349833382876,0.34431844808977646,-0.7423529097560148,0.9998167265501986,-1.0476398181915423,0.9998751256512294
cg04569233,CX3CR1,0.0026826265,0.6986596030427621,0.8127640865605027,0.7970135858817946,0.9998167265501986,0.5251447613857689,0.9998751256512294
cg02692952,TRAF6,2.0100735e-05,0.040666341424898014,0.9922675213752307,0.33539964679289225,0.9998167265501986,0.23144642323039916,0.9998751256512294
cg02727285,RELB,-0.006867223,-1.709075482705001,0.4308139755188778,0.4289573689687738,0.9998167265501986,0.03733198338735311,0.9998751256512294
cg14279899,IFNGR1,0.00020471902,0.27085899805514974,0.939868687537627,-0.15358018874128418,0.9998167265501986,-0.5786758694826885,0.9998751256512294
cg21991396,NLRP3,-0.029777363,-3.237443892688871,0.0890097111350077,0.3438987455566944,0.9998167265501986,0.814030424848412,0.9998751256512294
cg05852416,NFKBIA,0.002384813,1.6686315700368484,0.44591278452190986,1.7753385325644497,0.9998167265501986,1.5485546549561924,0.9998751256512294
cg18746357,RELA,-0.0002831327,-0.1285452907544269,0.9741015170958177,0.2573843293811411,0.9998167265501986,-0.19136472714996278,0.9998751256512294
cg26227465,IFNG,0.016869493,2.4784067335432645,0.1974654177468255,0.46531070631364096,0.9998167265501986,0.3830431831037851,0.9998751256512294
cg26233914,ITGAX,-0.0013128512,-0.9763125721804249,0.7127707048945556,0.22890318756625888,0.9998167265501986,0.04037428846272031,0.9998751256512294
cg26284390,NFKBIZ,0.0036736552,0.9731402413410143,0.7139928477581626,1.700337232361552,0.9998167265501986,1.9277544044076504,0.9998751256512294
cg26301908,SOCS1,0.0015354072,0.9890959780630909,0.7078982691429835,1.5834379322949135,0.9998167265501986,1.0913568407957472,0.9998751256512294
cg17755321,TNF,0.0043282076,1.2775620628203876,0.597100201667906,-0.35984415948550735,0.9998167265501986,0.09633498020184907,0.9998751256512294
cg01717706,SOCS1,-0.0021564516,-1.5629119433995065,0.48628811640816094,-1.445207556119004,0.9998167265501986,-1.2615977684706186,0.9998751256512294
cg17067005,IL10,0.000623898,0.297086488460972,0.9330731243592205,-0.09981611325571402,0.9998167265501986,0.568327059611761,0.9998751256512294
cg02318426,NFKBIA,0.0017951216,1.1513238714153076,0.6458738333515766,1.0765379317392443,0.9998167265501986,1.1467854865107114,0.9998751256512294
cg23957424,TRAF6,-0.0023399442,-1.647270539720749,0.45382895896540204,-1.0960873695495952,0.9998167265501986,-0.6814725792120806,0.9998751256512294
cg15006396,NFKBIZ,-0.0007447384,-0.6007721380983623,0.8452996782851819,0.19186862735253316,0.9998167265501986,0.017567389989574318,0.9998751256512294
cg00973286,TNFRSF1A,-0.0004110875,-0.5005419413196049,0.8767072175656119,-0.9419628485384817,0.9998167265501986,-0.9355252822097998,0.9998751256512294
cg01087382,MAP3K7,0.00042841423,0.5050647478400422,0.8753093115512681,-0.8737650571337261,0.9998167265501986,-0.5077177524386357,0.9998751256512294
cg01120898,IL1RAP,0.0013955327,1.0845230982520284,0.6712838397363318,1.1860883882469242,0.9998167265501986,0.8911117171303786,0.9998751256512294
cg06779945,TNFAIP3,-0.0010454155,-0.6095653200118011,0.8424193109027978,-0.03592939990858211,0.9998167265501986,-0.29395894133238654,0.9998751256512294
cg10784813,SOCS1,0.00966967,3.1079938855797766,0.10147513181829511,0.9424704627982016,0.9998167265501986,1.1070475272009594,0.9998751256512294
cg13576061,IL6ST,-7.24924e-05,0.21718750634904685,0.952921121946247,-0.3783342071976099,0.9998167265501986,-0.7070412859826296,0.9998751256512294
cg16094954,BCL3,0.0026595602,1.3945060388769246,0.5511563404117865,1.0296842693880266,0.9998167265501986,0.1804408393827942,0.9998751256512294
cg16097772,LYZ,-0.025624812,-3.3727360885601065,0.0803212804880624,-0.016569410171384243,0.9998167265501986,0.470205023032486,0.9998751256512294
cg16139316,S100A9,-0.027125455,-2.6189434528760343,0.1688794254795896,1.0539811430796706,0.9998167265501986,1.5291566342508909,0.9998751256512294
cg02813121,S100A12,0.004791546,1.5177076182617115,0.5036537590197567,-1.1207050284223867,0.9998167265501986,-1.7706918052211276,0.9998751256512294
cg02901679,IL10,-0.02373654,-3.913738100253706,0.06134450181722227,-1.4243814389102318,0.9998167265501986,-1.365439239224534,0.9998751256512294
cg26012103,SOCS1,0.00034291475,0.26667890938637934,0.9407462723612912,0.08433963639708181,0.9998167265501986,-0.3883469716268323,0.9998751256512294
cg16541031,IRF7,0.0036369897,1.5906198238739255,0.4757119637397258,0.9726015586155756,0.9998167265501986,0.5677915789825743,0.9998751256512294
cg27083787,IL1A,0.0010624655,0.5249405694456001,0.8693583612442396,-0.049985926622239704,0.9998167265501986,-0.18331527995843036,0.9998751256512294
cg04172043,RELA,0.0031531393,1.7568336433861618,0.41369584639916696,1.098027485306766,0.9998167265501986,0.2614162349290409,0.9998751256512294
cg04223844,IKBKB,-0.00111934,-0.059566388722289795,0.9889551000589781,0.11339816527330199,0.9998167265501986,0.5668685146167712,0.9998751256512294
cg03430998,TLR1,-0.003886888,-1.2393806362612265,0.612321423212662,0.3558282206383768,0.9998167265501986,0.301031694828311,0.9998751256512294
cg03464689,NFKB1,-0.005717005,-2.0220732451706427,0.321951680810612,-1.8163495049651055,0.9998167265501986,-1.556975708007417,0.9998751256512294
cg25764570,HLA-DRA,-0.0054806406,-1.854106521549952,0.37905794386308755,-0.20050384894210269,0.9998167265501986,-0.2599740946084798,0.9998751256512294
cg25769980,TLR6,0.0006808722,0.6255223792830501,0.8368949510888439,0.04314763183343518,0.9998167265501986,-0.6916352701369005,0.9998751256512294
cg25853020,IL6R,-0.0006413197,-0.33553889685435184,0.9232031319006867,-0.4967904898071713,0.9998167265501986,-0.74517939446756,0.9998751256512294
cg26657648,IL1R1,0.0055006933,2.2317450115623965,0.2586596406711104,0.9491951469552309,0.9998167265501986,0.33741571323584074,0.9998751256512294
cg01770232,IL6,0.0024031354,0.9450098266487906,0.7243214432584625,-0.2814232512254199,0.9998167265501986,-0.17509213882206387,0.9998751256512294
cg01909487,JUN,-0.0026983027,-0.9986240724464689,0.7043992462694069,-0.6601517474348626,0.9998167265501986,-0.4533044008366604,0.9998751256512294
cg02029926,CXCL1,-0.009384902,-2.197848438337368,0.26841612396292014,0.12922284504472456,0.9998167265501986,0.14598486531583085,0.9998751256512294
cg21109025,CCL2,0.0070090154,1.6253641825034182,0.46227928780464,-0.6535880799984513,0.9998167265501986,-0.7598820385818484,0.9998751256512294
cg04425624,TNF,-0.0027931621,-0.8824711595285724,0.7472473201014218,-0.0980950804501232,0.9998167265501986,-1.0379923223980134,0.9998751256512294
cg11884546,ITGAX,-0.0047722086,-1.73098533584949,0.42276522022303387,-0.28818952104455986,0.9998167265501986,0.16599739733714391,0.9998751256512294
cg11970458,PYCARD,6.698158e-05,0.013347192327054022,0.9974172624379298,0.3128270266085322,0.9998167265501986,-0.14799806590595507,0.9998751256512294
cg06147863,SPI1,-0.018247316,-3.409554218732496,0.07793333889183975,-0.5083018064653814,0.9998167265501986,-0.03429234350067362,0.9998751256512294
cg08548888,MYD88,-0.0036844683,-1.5390635119880156,0.49522644877624766,-1.3499146570088225,0.9998167265501986,-1.1037585607033347,0.9998751256512294
cg14088811,SPI1,-0.022885105,-2.785180088356988,0.14004140320350844,-0.06275134993716563,0.9998167265501986,-0.3301778121699207,0.9998751256512294
cg12100791,PYCARD,-0.017864771,-3.3671615879070904,0.08067997686154456,-0.6182034796819116,0.9998167265501986,-0.5582154336622406,0.9998751256512294
cg23097499,TNFRSF1B,-0.0027189078,-1.2800850946568343,0.5961514691093619,-0.4753320218674705,0.9998167265501986,0.5115921728831117,0.9998751256512294
cg15337006,ITGAM,-0.022905016,-3.0796824956503186,0.10398569776474215,0.24742971140566816,0.9998167265501986,-0.0008919266250072285,0.9999578707386336
cg15337055,FOS,-0.001500994,-0.5144498820671385,0.8725358947110805,-0.19871100596824154,0.9998167265501986,-0.5464518863523732,0.9998751256512294
cg15348640,MYD88,-0.00025199837,0.04835607833286917,0.9909439825510744,0.05523106223448475,0.9998167265501986,0.7071843009802942,0.9998751256512294
cg15468095,PYCARD,-0.0031234045,-1.1319270372809218,0.6531785910865563,0.8157913517070876,0.9998167265501986,1.3651451795657394,0.9998751256512294
cg15502888,SOCS3,-0.000107961474,0.07072144136281654,0.9865258904184282,0.24194860030067325,0.9998167265501986,-0.10897507299309456,0.9998751256512294
cg20070090,S100A8,-0.020192213,-2.5325015205903583,0.18617624382462014,0.9262367652029576,0.9998167265501986,1.154701802906459,0.9998751256512294
cg00645579,IRF7,-0.02408668,-3.036946886926993,0.10808000429907881,0.589688966243716,0.9998167265501986,1.1587555083526753,0.9998751256512294
cg00839584,IL1A,-0.0023849073,-0.6813055172148985,0.8184876095035681,-0.706181709233593,0.9998167265501986,-0.7322596160685633,0.9998751256512294
cg12833720,BCL3,0.00080625166,0.23264754787760675,0.9494247612542964,-0.19916169047751373,0.9998167265501986,0.5161118383954417,0.9998751256512294
cg17371067,CEBPB,-0.0030961742,-1.6009178479181818,0.4714274323086079,-1.6370238262323826,0.9998167265501986,-0.7776342125127462,0.9998751256512294
cg17445840,NFKBIZ,-0.0010082677,-0.6926723482069814,0.8147991102078069,-1.052457952327301,0.9998167265501986,-0.6876357648419934,0.9998751256512294
cg07150830,NOS2,-0.0030330978,-1.596826899703389,0.4729400426642693,-1.9522047149057857,0.9998167265501986,-1.9322656017104185,0.9998751256512294
cg03165378,S100A9,-0.0076381634,-1.7664713107464611,0.4104880233119763,0.11570621904642196,0.9998167265501986,-0.4354473338253773,0.9998751256512294
cg03197524,TNIP1,0.00037553487,0.4792438619915322,0.8829560687878835,0.13719578314569134,0.9998167265501986,0.24974662075491433,0.9998751256512294
cg24422489,FCGR2A,-0.015225363,-2.822252798557738,0.13440669566377755,-0.7301511657536754,0.9998167265501986,-0.2206296857987292,0.9998751256512294
cg19008097,CD14,0.002405323,0.7693591430239582,0.7883710657969699,0.48303741717844645,0.9998167265501986,0.24377549806420237,0.9998751256512294
cg21578541,TLR9,-0.010143822,-2.086228483375624,0.3016587105830408,1.2201894365133317,0.9998167265501986,0.8188945293847347,0.9998751256512294
cg24898863,S100A8,-0.02029094,-2.634925093018852,0.16612018295504646,1.0925311456545943,0.9998167265501986,1.2070378354161408,0.9998751256512294
cg09461185,PTGS2,-0.00042100583,-0.04871024929764695,0.9908288641850375,0.42568735008816483,0.9998167265501986,0.9512775533453417,0.9998751256512294
cg22917487,CX3CR1,0.01001415,1.8387738972543528,0.38448100393381723,-0.5368520282753656,0.9998167265501986,-0.29960428155943675,0.9998751256512294
cg22960501,IKBKB,0.0010361593,0.7437801716677854,0.7974618636540117,0.5859910779657241,0.9998167265501986,0.3792777419452519,0.9998751256512294
cg23029494,IRF3,-0.0011045386,-0.9701073479177392,0.7150223915050259,-0.11951064467831543,0.9998167265501986,0.005615143940376142,0.9998751256512294
cg12483860,TNIP1,-0.0018920265,-1.1105681202404867,0.6612017405360217,-1.052990966754583,0.9998167265501986,-0.7899475530677535,0.9998751256512294
cg00493400,STAT1,0.0005054156,0.3888835495150136,0.9088091947999243,-0.025628293022250438,0.9998167265501986,0.6110180609881546,0.9998751256512294
cg07935264,IL1B,-0.012493171,-2.943613426309348,0.11811964101926475,-0.9575112915205167,0.9998167265501986,-0.6559838918690112,0.9998751256512294
cg07955474,IRF8,0.0076777623,2.186860099231498,0.27168318487937926,0.17499593825018747,0.9998167265501986,0.4018022275493612,0.9998751256512294
cg24946133,JUN,-0.001333295,-0.710896116185226,0.8086743067054483,-0.25286586553588103,0.9998167265501986,-0.43330808611121613,0.9998751256512294
cg25095612,NFKB2,-0.00245355,-1.3935581685851126,0.551512595156181,-0.41984069722593353,0.9998167265501986,-0.9476321179560802,0.9998751256512294
cg25203561,RELB,-0.0024875998,-1.1500667972606673,0.6464225045454445,-1.581639925372294,0.9998167265501986,-1.6102338349051422,0.9998751256512294
cg09712606,IRF3,0.0008489273,0.5731552091386513,0.8540710302134408,0.22614342256674466,0.9998167265501986,0.1944708476389194,0.9998751256512294
cg06618866,TLR2,-0.0026376569,-0.7877312548056625,0.7817116438957246,1.3146144911987696,0.9998167265501986,0.8835404579110443,0.9998751256512294
cg07039113,S100A9,0.008427269,2.7362271546639163,0.1478006949582889,0.9870947898372409,0.9998167265501986,1.2547908611242753,0.9998751256512294
cg19972619,MYC,-0.0017842534,-1.1737417271146822,0.6377912012780773,-0.45393559091863295,0.9998167265501986,0.6387804288014144,0.9998751256512294
cg10508317,SOCS3,0.0011574063,0.5846253702348477,0.8503296250893388,0.4036499003665373,0.9998167265501986,0.051017494368232975,0.9998751256512294
cg23738770,NFKB2,0.0014855692,1.1354390502346903,0.651751859741421,0.8066484313441762,0.9998167265501986,1.1262939886855774,0.9998751256512294
cg27207274,MYC,0.00058895827,0.41660371549743896,0.9013356376089863,0.3629389587325417,0.9998167265501986,-0.5420678867165591,0.9998751256512294
cg08992050,IRAK4,-0.0033996478,-1.8340935030833962,0.38613283522354136,-1.291971773803005,0.9998167265501986,-1.5524444998316655,0.9998751256512294
cg05361373,PYCARD,0.0010643874,0.30404542731113426,0.9313813739551776,-0.4972475241578257,0.9998167265501986,-1.2513924244776526,0.9998751256512294
cg05429895,TLR4,-0.00072125345,-0.24529779132598784,0.9461862237103661,1.256918500422856,0.9998167265501986,1.9121714954801232,0.9998751256512294
cg02412050,MAPK14,0.0013832262,1.328482634059265,0.5774332386933168,1.2461696624163454,0.9998167265501986,1.1980178182108037,0.9998751256512294
cg02515422,TLR4,-0.00047934495,-0.5944508967303588,0.8473218308207578,0.308413313099499,0.9998167265501986,-0.13269290199927997,0.9998751256512294
cg20716209,STAT3,0.0009665637,1.1454288891897821,0.6481612218754973,0.6597124286924891,0.9998167265501986,0.238140415254042,0.9998751256512294
cg27637521,SOCS3,-0.0010496607,-0.44453329589056423,0.8930787923545142,-0.5945593859282691,0.9998167265501986,-0.4888583947882947,0.9998751256512294
cg11783497,IL1RN,0.0014563545,0.5257635568761645,0.8690266718764977,-0.37869342428766434,0.9998167265501986,0.14959240405242616,0.9998751256512294
cg10221736,TICAM1,-0.0007160034,-0.3124446386190077,0.9291804435292425,-1.2830056684204911,0.9998167265501986,-1.365103719954912,0.9998751256512294
cg10315334,CCL5,0.014619263,3.46370147132026,0.07550637888668933,1.0315303190456155,0.9998167265501986,1.4030369600888117,0.9998751256512294
cg27470554,FCGR2A,-0.008391223,-2.3232913918508897,0.23474064116909316,-0.08530125843375354,0.9998167265501986,-0.44703894885054196,0.9998751256512294
cg05915281,IRF1,0.0026978587,1.2674709324430762,0.601188356659848,0.4843954429473849,0.9998167265501986,0.6558026961821853,0.9998751256512294
cg11484872,TNF,0.014126466,1.7938251193340937,0.40056455500812177,0.8267814136993148,0.9998167265501986,0.0945138037267518,0.9998751256512294
cg15836722,IL1B,-0.01325074,-2.366431756969804,0.22404320899239208,0.26645439398996573,0.9998167265501986,0.09393663744923199,0.9998751256512294
cg13836770,TNFRSF1B,-0.0016357359,-0.5269640389111026,0.8686509254733685,-0.45868920266491225,0.9998167265501986,-0.06291191366724849,0.9998751256512294
cg02596281,IL1B,-0.0009144334,-0.09297750780061818,0.981872284821208,-0.04603097126779783,0.9998167265501986,0.4422531961692213,0.9998751256512294
cg13380109,TLR9,0.00805646,2.925070069364783,0.12047649553840205,1.1536644413442678,0.9998167265501986,1.4171569699780284,0.9998751256512294
cg08540958,CCL2,-0.0016819007,-0.5695483181512736,0.8552464458738827,1.3449988278470442,0.9998167265501986,1.2180137781745277,0.9998751256512294
cg07170183,TRAF6,-0.007667597,-1.8673433967647761,0.3744748041321898,1.0330473156992421,0.9998167265501986,1.301784833345499,0.9998751256512294
cg22749855,SOCS3,0.00954452,1.8689113056663553,0.37394685115951204,-0.17577454814033364,0.9998167265501986,-0.3692417743238747,0.9998751256512294
cg11688275,MYC,0.00010810245,0.11549563216520738,0.9770074573351671,0.48934891170471756,0.9998167265501986,0.17377184009231864,0.9998751256512294
cg19587318,BCL3,0.001830006,1.1766611392706465,0.6365197877167277,0.817449428608178,0.9998167265501986,1.156457040960977,0.9998751256512294
cg16413327,PYCARD,0.0027574818,0.8691471760556748,0.7519462451064043,0.2982753785077595,0.9998167265501986,-0.35487669503455815,0.9998751256512294
cg02196147,NOS2,0.0023304906,0.9662430285304756,0.7164752429515355,0.4481730517777963,0.9998167265501986,0.6103069495158158,0.9998751256512294
cg16156591,TNIP1,0.0019791804,0.7849309882948842,0.7829355492555864,1.536102899403528,0.9998167265501986,0.6225214009362281,0.9998751256512294
cg21370522,TNF,0.0062363995,1.333815383131139,0.5753399278071533,0.5435317864461815,0.9998167265501986,-0.5588188266763479,0.9998751256512294
cg09801924,RELA,0.0004968368,0.10060061740989358,0.9801168095716501,0.26438404081649336,0.9998167265501986,0.1860221105444661,0.9998751256512294
cg09824255,CD14,0.00023448221,0.11062405440917192,0.9780261914157327,-0.628300657682496,0.9998167265501986,-0.8850356399327916,0.9998751256512294
cg05209483,CD68,-0.006700296,-2.1379659383552756,0.2859303495279213,-0.3530992042422031,0.9998167265501986,-0.4754069382485786,0.9998751256512294
cg05227101,TNIP1,0.00015496268,-0.0017488588707035436,0.9997450075369586,1.547961518738303,0.9998167265501986,0.6498869311804827,0.9998751256512294
cg01047124,IRAK4,-0.0012417103,-0.7083772905881577,0.8095385162266175,-0.9767703262835419,0.9998167265501986,-1.1583843664637168,0.9998751256512294
cg05987705,TNFAIP3,0.0052987942,0.7248022493077018,0.8036963971841989,-0.19560691776767397,0.9998167265501986,0.1358616868937292,0.9998751256512294
cg20477259,TNF,0.02526872,3.888839328279365,0.06146635963223244,1.0851612513178188,0.9998167265501986,1.6018678149898502,0.9998751256512294
cg07318287,IL6R,8.2419814e-05,0.04265839025974071,0.9919800008299351,1.3692924872762788,0.9998167265501986,0.9961357127776589,0.9998751256512294
cg23320693,TNFRSF1A,7.769471e-05,-0.02778949957547683,0.9947225942622483,-0.45627951701091757,0.9998167265501986,-0.5786334279522837,0.9998751256512294
cg11787791,S100A9,-0.0058774436,-2.341524836786605,0.23034012604099913,0.2591202413722828,0.9998167265501986,-0.44334958966785604,0.9998751256512294
cg01435678,IL6R,-0.0071935854,-1.6717214541605316,0.4447216569051552,0.3277350445737491,0.9998167265501986,0.3041409639084366,0.9998751256512294
cg26107598,STAT3,-0.0013241485,-0.649784302957219,0.8287256847959991,0.5412897276150752,0.9998167265501986,0.6878643205361811,0.9998751256512294
cg09483067,TNFRSF1A,-0.0027816256,-1.3213874204755205,0.5801940963488377,-1.1683932977502844,0.9998167265501986,-0.640716418240074,0.9998751256512294
cg16705546,IRF8,0.009421198,3.2700521082573886,0.08654356617002129,1.5176370641263037,0.9998167265501986,1.572984730018747,0.9998751256512294
cg04314978,TRAF6,-0.0002550604,-0.05746614758079098,0.9893584617219248,0.32225516053637254,0.9998167265501986,0.30592822882167015,0.9998751256512294
cg25905215,NFKB1,0.004127537,1.4569023293426175,0.5273975853595804,0.16268128485383007,0.9998167265501986,-0.03798372591585074,0.9998751256512294
cg14910524,TNF,0.0025970142,1.2425886387525782,0.6109881809939958,-0.2869284290067109,0.9998167265501986,-0.7859951858224726,0.9998751256512294
cg14986962,IRF8,-0.0001937778,-0.20854968943622643,0.9551414454155229,-1.3023789113620237,0.9998167265501986,-1.295279094980892,0.9998751256512294
cg21138405,IRF1,0.0059651444,2.3832194314673845,0.22000213936718357,1.6017100601550902,0.9998167265501986,-0.028103376558499208,0.9998751256512294
cg12061886,FOS,-0.0070032966,-2.64677718149214,0.16338146429580858,-0.28924335530468276,0.9998167265501986,-0.3305923028089975,0.9998751256512294
cg25258233,HLA-DRA,0.0003067419,0.13557079718572765,0.9726613326748099,0.6732131583830171,0.9998167265501986,0.7361728337121061,0.9998751256512294
cg06659419,IRAK4,0.001216555,0.5369232099265515,0.8652689210545329,0.9479898340056052,0.9998167265501986,1.7351879092616616,0.9998751256512294
cg06672120,IRF8,-0.00043365383,-0.36166290678174584,0.9160230540304154,-0.9316337550966698,0.9998167265501986,-0.08229200438103697,0.9998751256512294
cg26391891,TNFRSF1A,-0.011186171,-2.6799993121478938,0.15744399016317984,-0.21604452651770684,0.9998167265501986,-1.0121175101619162,0.9998751256512294
cg19698675,TNIP1,0.0009062475,0.4347131581532747,0.8959429603614489,0.03454425932319296,0.9998167265501986,-0.4150333290603851,0.9998751256512294
cg19134764,NLRP3,0.001263812,0.44768879155785046,0.8922862303781759,0.7946356986013584,0.9998167265501986,0.5895227039217498,0.9998751256512294
cg09642498,SOCS3,-0.0002748224,-0.1672495741095321,0.9648320640666782,0.3363280242092485,0.9998167265501986,0.032560307938623564,0.9998751256512294
cg11666365,IRF1,0.012476359,2.7316928661978026,0.14848293465223752,0.019847895026490092,0.9998167265501986,-0.5086954705073445,0.9998751256512294
cg03752138,SOCS3,-0.0014464201,-0.5356809765572493,0.8656458858377281,1.2374443151928722,0.9998167265501986,0.768690878550067,0.9998751256512294
cg09122223,IL18,-0.023227597,-2.6768354148215305,0.15806259032800307,-0.6499593305963176,0.9998167265501986,-0.29234174636340776,0.9998751256512294
cg22839308,TLR1,-0.0006933382,-0.7012691116452321,0.8118424717649877,-0.0009197534780515817,0.9999630837558224,-0.4893853511909827,0.9998751256512294
cg00569244,JUN,-0.0005172909,0.18430562425678862,0.9610006402454092,1.0077711813049595,0.9998167265501986,1.267340017431296,0.9998751256512294
cg07660635,IRF8,0.010235352,2.4989725319151357,0.19285415627152946,0.5065604345934585,0.9998167265501986,0.060469400154377344,0.9998751256512294
cg05224770,IFNG,0.010995652,2.2132674518014213,0.2638553756580642,0.29313573050705777,0.9998167265501986,0.8104905378590471,0.9998751256512294
cg18985280,CEBPB,0.00090842514,0.37264990805821985,0.9131560986082695,-0.506585881391929,0.9998167265501986,-0.34658934630809596,0.9998751256512294
cg07831322,NOS2,0.0023315859,0.5891014655274643,0.8488071513428053,0.16140161378837797,0.9998167265501986,0.167591214776791,0.9998751256512294
cg15801573,MYC,0.0034271188,1.6911696375414262,0.4374936535835908,2.272886373919794,0.9998167265501986,1.8462471587356049,0.9998751256512294
cg16700758,CCL2,-0.005243859,-2.361720216124755,0.2251156061617736,-0.6221828028862387,0.9998167265501986,-0.8668771194607723,0.9998751256512294
cg20461126,IRAK4,-0.0005385925,-0.40272167251865343,0.9053449845895231,-0.2477968126987531,0.9998167265501986,-0.812026402275456,0.9998751256512294
cg05487134,STAT3,0.016181557,1.842951621443103,0.3827934313336209,-1.0511974344085386,0.9998167265501986,-1.1335688279462983,0.9998751256512294
cg05412478,PTGS2,-0.00062716915,-0.2785378760076663,0.9377297689648321,0.04742382000484598,0.9998167265501986,0.0009467819457054062,0.9999561713015294
cg15032001,CEBPB,-0.0006658517,-0.26944802427250697,0.940119209336749,0.032931706786880975,0.9998167265501986,-0.4550418818130652,0.9998751256512294
cg24264287,IL6R,0.009180796,2.1853093566897015,0.27207312518216203,0.38420530717029544,0.9998167265501986,0.6047153241538966,0.9998751256512294
cg00255919,IRF1,0.0042178673,1.5398842286202419,0.49495419317678435,0.7037552000114047,0.9998167265501986,-0.33725219914639265,0.9998751256512294
cg18616757,IKBKE,0.008522539,3.315653692113334,0.08367295638933672,1.5452829861973896,0.9998167265501986,0.3108172762828742,0.9998751256512294
cg07550579,TICAM1,0.008851687,2.0559782991664908,0.31126875189710174,-0.13919240832903887,0.9998167265501986,0.07497629492401424,0.9998751256512294
cg23244559,CXCL2,-0.015916439,-1.8811604345460307,0.36960398883378914,0.933679654046738,0.9998167265501986,0.8658001629670282,0.9998751256512294
cg04004558,SOCS1,0.0108522065,3.6269089984948106,0.06683475863515333,1.8680605384920852,0.9998167265501986,2.123255389764047,0.9998751256512294
cg15457276,TICAM1,0.000759281,0.5308403431989497,0.8673238082055645,0.3724015754007744,0.9998167265501986,0.7938652944245422,0.9998751256512294
cg14742251,IRF8,0.0038572445,2.834947059252437,0.1325409319052274,1.6873600664119441,0.9998167265501986,1.9444403849143137,0.9998751256512294
cg10978799,IL10,-0.0042465087,-0.643032287583182,0.8310033541424346,1.7728502213981747,0.9998167265501986,2.2220559207271875,0.9998751256512294
cg11045814,TNIP1,-0.0045019207,-1.4924979931438096,0.5134421851140676,-1.3700085229186447,0.9998167265501986,-1.2149059303711127,0.9998751256512294
cg12447051,CXCL8,-0.0024426288,-1.0544488636725637,0.6827061911411901,0.522639259789042,0.9998167265501986,0.901158140967524,0.9998751256512294
cg01874713,NFKB2,0.0010728829,0.9372803932502517,0.7275459298511251,0.8925490650994249,0.9998167265501986,0.5298746397452491,0.9998751256512294
cg01991967,IL1RN,-0.004958551,-1.3592168084605527,0.5650854180395039,-0.11524720418081777,0.9998167265501986,1.0764787514705676,0.9998751256512294
cg04929355,IL18,-0.024410242,-3.388729511495347,0.07915077230679285,-0.9032263406461464,0.9998167265501986,-0.8176033842698803,0.9998751256512294
cg26729380,TNF,-0.0016591685,-0.6336338851550645,0.8342556287685012,0.2798632757657257,0.9998167265501986,-0.03512262389931781,0.9998751256512294
cg08526705,MYC,-0.0010488866,-0.3179759239430732,0.9275621747637716,0.6204652425547874,0.9998167265501986,0.7505081887690432,0.9998751256512294
cg08553327,TNF,-0.004116914,-1.358888258826643,0.5652298152310025,-0.1454454168806853,0.9998167265501986,-1.1672908488687694,0.9998751256512294
cg26157948,BCL3,0.0009799079,0.4517237231260714,0.8912406477378216,0.4522624902311576,0.9998167265501986,0.863287956795655,0.9998751256512294
cg26254667,TNFRSF1A,0.0007472443,0.08947740237774465,0.9826028149058056,-0.8156329891429622,0.9998167265501986,-0.5414954047750474,0.9998751256512294
cg01059100,PYCARD,-0.018223645,-2.9237564391657758,0.12057556612136877,0.3576923357083482,0.9998167265501986,0.6770868696779213,0.9998751256512294
cg01855735,NFKBIZ,-0.00094191224,-0.7731391261919043,0.7870269008739433,-0.4356484531360406,0.9998167265501986,0.31581836480969383,0.9998751256512294
cg18116813,MAP3K7,-0.0011790523,-0.4969930997196954,0.877853519062145,0.19094869095352246,0.9998167265501986,-0.07030666385426299,0.9998751256512294
cg18761133,STAT1,0.0021712848,1.0607038945982565,0.6800711737667994,1.6571209134463238,0.9998167265501986,1.1954235851378858,0.9998751256512294
cg01470535,CXCL2,-0.0030384737,-0.6166771088447546,0.840082406631582,-1.090603596458191,0.9998167265501986,-0.4321019657233346,0.9998751256512294
cg23149881,IL1B,-0.011140704,-3.487563239623709,0.07356658374861103,-1.950843021841864,0.9998167265501986,-0.7733653654400634,0.9998751256512294
cg01861804,MYC,-0.00094341283,-0.5187746534126626,0.8713574207792343,-1.1072588863629433,0.9998167265501986,-0.8900819193694597,0.9998751256512294
cg24295442,TLR2,-0.0039853137,-1.2896306410341618,0.5924390033635334,-0.4707906896233053,0.9998167265501986,-0.19191114646441948,0.9998751256512294
cg21748789,CD68,-0.0043619312,-1.7237507302152937,0.4256410693690042,-0.372293639757157,0.9998167265501986,-1.1426079403799363,0.9998751256512294
cg21806273,NLRP3,-0.0043356214,-1.217817000223185,0.6207201819392564,0.14513141352635914,0.9998167265501986,0.48407437098035355,0.9998751256512294
cg20256009,S100A8,-0.0002722874,-0.07350029173327227,0.9859311820896313,1.063730229888872,0.9998167265501986,0.7174045310922156,0.9998751256512294
cg21576293,IRF8,0.0008526389,0.35340096784688213,0.9182284238597178,0.0856388480915684,0.9998167265501986,0.12027815207492482,0.9998751256512294
cg06825478,TNF,0.011878443,3.47487551597337,0.07453018134671421,0.9765072986949559,0.9998167265501986,0.6836396706452542,0.9998751256512294
cg17833746,STAT3,0.023271598,3.3707366393733222,0.08037599518669365,1.2561639940070581,0.9998167265501986,0.7668861101398223,0.9998751256512294
cg25378117,FCGR2A,-0.0025538027,-1.086540056629625,0.6703739537514688,-1.5958699762036692,0.9998167265501986,-1.5446520295301223,0.9998751256512294
cg01569083,TNF,-0.0009877331,-0.43114696201130204,0.8969438533094362,0.26285055107067573,0.9998167265501986,-1.668843416885039,0.9998751256512294
cg26859016,IKBKE,0.017882776,2.152456366792667,0.2818221218254898,0.7979176457323292,0.9998167265501986,-0.21898774398128854,0.9998751256512294
cg26928531,HLA-DRA,-0.00052943884,-0.2580561377405471,0.9428697778869717,-0.09472096167977001,0.9998167265501986,-0.3159866842462847,0.9998751256512294
cg25714134,STAT1,-0.0007772731,-0.6507498538572334,0.8284561408475576,-1.8986330206123339,0.9998167265501986,-1.5508800218523464,0.9998751256512294
cg00795815,IL1RN,-0.015086124,-4.052273369001945,0.061296953634053124,-2.4860220699063094,0.9998167265501986,-2.0315888983900185,0.9998751256512294
cg02935305,MAPK14,0.001042576,0.9948903478598292,0.705905275047828,0.07183073138847038,0.9998167265501986,-0.20194601783635094,0.9998751256512294
cg12192566,CD14,-0.00735543,-2.8929731325884513,0.12461102744945463,-0.6226248363763045,0.9998167265501986,-0.6820799114649347,0.9998751256512294
cg03239976,IL10,-0.002621157,-0.7982384756449286,0.7778150894802424,-0.06058858346545249,0.9998167265501986,-0.9111751915124116,0.9998751256512294
cg04005434,RELB,-0.0013894327,-0.916137634084924,0.7350527656474406,-0.6433286782166519,0.9998167265501986,-0.25678609959760856,0.9998751256512294
cg26127716,ITGAM,0.00017648406,0.04321499167262937,0.991889300959116,0.6870629660214789,0.9998167265501986,0.9278401615640876,0.9998751256512294
cg02533419,JUN,-0.00037868196,-0.3698272473631159,0.9138702848094341,-0.13489520400043542,0.9998167265501986,-0.06847057824191358,0.9998751256512294
cg20557469,S100A8,-0.015459329,-3.3734647471584873,0.08028930878786822,-1.0313968588544182,0.9998167265501986,-0.8441725768342537,0.9998751256512294
cg04599946,IRF8,0.00699263,2.0931332390748025,0.2994804914835271,1.260864139372142,0.9998167265501986,0.7168808722445205,0.9998751256512294
cg07322015,STAT3,0.00052587973,0.4629505217260351,0.8880338872383046,-0.3561166560481008,0.9998167265501986,-0.34720325377990413,0.9998751256512294
cg05054145,MYD88,-0.0032301287,-1.8367618555123435,0.385137491716367,-2.1091065336579864,0.9998167265501986,-2.4745176007621157,0.9998751256512294
cg00327577,PYCARD,0.004015303,1.3952974244975362,0.550897513361138,2.273571975081824,0.9998167265501986,1.1923266760132178,0.9998751256512294
cg04439252,STAT3,0.001588735,0.8060860020211321,0.7749082822689215,1.0572349873249947,0.9998167265501986,0.849797079732346,0.9998751256512294
cg12550229,NFKB1,0.0032856336,1.53727680660665,0.4959243924536484,1.416738089007199,0.9998167265501986,1.3078949015359442,0.9998751256512294
cg20983042,IL1B,-0.0020708435,-0.5421000454327476,0.8638280602555469,-1.750988182356962,0.9998167265501986,-1.5507214009238597,0.9998751256512294
cg21428379,CCL2,-0.00742299,-1.5502937120233162,0.49096724587134305,2.40348744098308,0.9998167265501986,2.6688153088388935,0.9998751256512294
cg21583111,NFKB1,-0.0010089721,-0.7845318925444393,0.7830630892407004,0.2135966921261399,0.9998167265501986,-0.23954939814699253,0.9998751256512294
cg18881380,IL1R1,-0.002885626,-0.8591809932730556,0.7555845992022516,1.5419166540045552,0.9998167265501986,1.389142579669275,0.9998751256512294
cg08413590,IL6R,-0.009355291,-2.968604693026635,0.1152198590012844,-0.6274752227918138,0.9998167265501986,-0.3812196507838221,0.9998751256512294
cg16311827,IL1R1,0.0011418947,0.6901269812111899,0.8154428639173877,1.031111115117606,0.9998167265501986,0.6260303881706757,0.9998751256512294
cg20656102,IRF8,0.00014433259,-0.24641920220335362,0.9459145192474498,-0.4617517432751646,0.9998167265501986,-0.3419406538096982,0.9998751256512294
cg24274865,IL10,-0.0061022877,-1.9150111806311088,0.3582518442691988,-1.0805169110532442,0.9998167265501986,-1.724233417378476,0.9998751256512294
cg24346686,IL6R,-0.0077314745,-2.4404487337724428,0.20629769281196503,-0.40901551656852414,0.9998167265501986,-0.16541910616575378,0.9998751256512294
cg15218327,IL1B,-0.005341661,-2.39599454819079,0.2169656599812906,-2.404431284167336,0.9998167265501986,-2.274415771660355,0.9998751256512294
cg17696583,ITGAX,0.011354352,2.529427630745388,0.1868031020423939,0.19275285716106474,0.9998167265501986,0.16193404553459614,0.9998751256512294
cg17722393,TLR9,0.0020059214,1.0040594366571378,0.7022837258073378,0.37436364726032106,0.9998167265501986,0.7236379845814355,0.9998751256512294
cg18314863,TRAF6,-0.004362575,-1.7518770551356486,0.4155122542890665,-0.30548552016015745,0.9998167265501986,-0.5854703243230206,0.9998751256512294
cg25378752,TNIP1,0.0007853197,0.8365440151305685,0.76391436816106,1.2552975174902452,0.9998167265501986,1.305277518316562,0.9998751256512294
cg13343932,SOCS3,0.0066522723,2.9681686680440453,0.11528062352121486,2.258347350614618,0.9998167265501986,1.998187725141976,0.9998751256512294
cg25016944,NFKB2,-0.0009443967,-0.10864846251680546,0.9784525806329897,0.408211362895097,0.9998167265501986,0.8971145464654207,0.9998751256512294
cg27611978,IKBKE,-0.0014353979,-0.5770842476202244,0.8527605940147904,-0.04995915712724691,0.9998167265501986,0.6770825028089508,0.9998751256512294
cg20324953,TNFAIP3,-0.0025847864,-1.0714861918985017,0.6760036484600742,-0.0922578776687915,0.9998167265501986,0.1225544366204181,0.9998751256512294
cg20393839,CEBPB,-0.003509621,-1.4069087287954218,0.5465033590807733,0.04234448990384843,0.9998167265501986,0.6875529651741185,0.9998751256512294
cg11047325,SOCS3,0.003673882,1.3642377576970053,0.563274054156141,0.015447146209499218,0.9998167265501986,-0.3444303166383525,0.9998751256512294
cg26853415,NOS2,0.00488972,1.2441038723197808,0.6103914623529862,0.017467016349241138,0.9998167265501986,0.4246198868585481,0.9998751256512294
cg01141252,BCL3,0.0025279114,2.6524738268319386,0.16231836293458307,2.793752196108493,0.9998167265501986,2.8169348947142168,0.9998751256512294
cg01897823,SOCS3,-0.0011928979,-0.8960605755104751,0.7423217159038448,-0.6508896339580975,0.9998167265501986,-1.690927669089587,0.9998751256512294
cg14578677,TLR6,-0.025756862,-2.906464193364295,0.12290360938033257,0.4057981850995973,0.9998167265501986,0.663309691382274,0.9998751256512294
cg06003169,NFKB1,0.0004038043,0.28490113055053357,0.9360778482615124,0.9922789445042257,0.9998167265501986,2.221306327147834,0.9998751256512294
cg19838154,CX3CR1,-0.008418367,-2.2078757571754233,0.26554560229250734,0.9775956367438986,0.9998167265501986,2.0986742962111977,0.9998751256512294
cg14283602,IKBKE,-0.0015227238,-1.2040645815466196,0.6259210367234392,-1.3713606943318204,0.9998167265501986,-2.670771362060963,0.9998751256512294
cg06301529,NOS2,0.0018756478,0.8739631408303444,0.7502207364640907,0.9931068884220715,0.9998167265501986,0.7513277847039461,0.9998751256512294
cg12851651,IL1R1,-0.013782186,-2.9597535472694108,0.11626959914813342,-0.8580080110827065,0.9998167265501986,-0.7061664558672168,0.9998751256512294
cg12940473,TLR2,0.0029160625,2.1765738667712227,0.2745419144425235,2.3295594463367486,0.9998167265501986,2.3689337694300847,0.9998751256512294
cg08656816,CCL5,0.010696674,2.6009852239420557,0.17235020051803096,0.8888291541344301,0.9998167265501986,1.0659741794113666,0.9998751256512294
cg19438966,STAT3,-0.0015184748,-0.7032959101834951,0.8110918868811798,-0.01511271660888118,0.9998167265501986,0.8760058928277953,0.9998751256512294
cg05761277,SOCS3,-0.0024174058,-1.346930585628608,0.5699539765024997,-1.3196808561075741,0.9998167265501986,-1.4947496991077271,0.9998751256512294
cg03296370,CX3CR1,-0.016037198,-2.892946342718025,0.12461102744945463,0.2220605394913483,0.9998167265501986,0.753652487786214,0.9998751256512294
cg06950567,CEBPB,-0.0005806701,-0.4531774376700501,0.8908722473207008,-0.5000953246490709,0.9998167265501986,-1.047602586486524,0.9998751256512294
cg04548563,SOCS3,0.00021895813,-0.11645039499917688,0.9768292539773786,-0.9134027978832823,0.9998167265501986,-1.0668316367497759,0.9998751256512294
cg22770755,TICAM1,-0.0013207108,-0.8045018189213429,0.7755562917177119,0.0037413675692889816,0.9998853103525578,0.38284442139690766,0.9998751256512294
cg03106245,SPI1,-0.033388525,-3.642619949090602,0.06600012090293793,-0.7893928282090789,0.9998167265501986,-1.1172018499595269,0.9998751256512294
cg18622950,IL1R1,-0.0071765743,-1.933724603238544,0.35111391421862703,0.4606007252076511,0.9998167265501986,0.17543185560135324,0.9998751256512294
cg24312520,STAT3,0.008572131,0.8691573100363391,0.7519460779015599,-1.8770620523718093,0.9998167265501986,-1.7476811203435454,0.9998751256512294
cg10435245,SPI1,-0.027671395,-3.3346182937159883,0.08247450207616389,-0.3737377884365544,0.9998167265501986,-0.0993319340159584,0.9998751256512294
cg00989220,TNFRSF1A,-0.0058661294,-1.922868197583001,0.3551996071635121,-0.7115249420075564,0.9998167265501986,-0.06775576284504171,0.9998751256512294
cg06405222,TLR2,-0.007022345,-2.3647391601567196,0.2243789127291883,-0.963419050130299,0.9998167265501986,-1.2763896424086252,0.9998751256512294
cg16753237,HLA-DRA,-0.0007324854,-0.8795110333632379,0.7483778687529637,-0.28516389813379306,0.9998167265501986,-0.5314366894035705,0.9998751256512294
cg20943084,CD14,-0.011624039,-3.0227338394871492,0.10959089600480451,-0.9680447896561744,0.9998167265501986,-1.1603807189759279,0.9998751256512294
cg26976562,IFNGR1,-0.00039554056,-0.47127980568960876,0.8853760522024879,0.002318778287961581,0.9999462663383635,-0.002702539222818265,0.9998810360158042
cg25147026,PTGS2,-0.007828562,-1.3648120174478118,0.5630098829165868,-0.5426402600158404,0.9998167265501986,-0.2641040386024787,0.9998751256512294
cg07895684,MYD88,-0.0017340484,-0.811636573657494,0.7728958365089805,-0.12359745612340592,0.9998167265501986,0.13318740622513286,0.9998751256512294
cg17244098,TNFRSF1B,0.00020463539,0.3663015237159783,0.9149190735412743,0.2563545002453475,0.9998167265501986,-0.18904404008663325,0.9998751256512294
cg23277715,S100A9,-0.011022005,-2.4160224939053148,0.21172116711996483,0.8333148912436589,0.9998167265501986,1.2112029506310764,0.9998751256512294
cg11665613,TNFRSF1B,-0.00018469107,-0.10360564816783037,0.9794735181991593,-0.08227409053887562,0.9998167265501986,0.293557336257318,0.9998751256512294
cg07164722,NLRP3,-0.00036405932,-0.3595999432192279,0.9166288483204533,-1.3538033215897747,0.9998167265501986,-0.6519852126300301,0.9998751256512294
cg14789529,IL10,0.009114936,1.6797610904054363,0.441574510500806,-0.4586614429089667,0.9998167265501986,-0.30304364012234547,0.9998751256512294
cg11855705,TLR9,-0.0017989919,-0.6614411728272844,0.8248724226877657,-2.1429231045259347,0.9998167265501986,-1.991346788161866,0.9998751256512294
cg13024275,NFKBIZ,0.00478032,0.813022712232228,0.7724188356006595,-0.240873181161522,0.9998167265501986,-0.4036860228738868,0.9998751256512294
cg03989987,IL1RN,-0.01915098,-2.7327419928491277,0.14832089519599723,0.6895532609528593,0.9998167265501986,1.6304335887955785,0.9998751256512294
cg26456528,JUN,0.00064434076,0.6498466734942769,0.828708311714446,0.15725928998230937,0.9998167265501986,0.18614312380093465,0.9998751256512294
cg08482694,PTGS2,0.0004250175,0.38952762400216145,0.9086061963456873,0.7606651189262498,0.9998167265501986,0.8124982781076605,0.9998751256512294
cg04715245,IL6R,9.767318e-05,0.16661927272768587,0.9649852771248314,0.7810851103737323,0.9998167265501986,0.8217306314025313,0.9998751256512294
cg25087154,IL1RAP,0.0006717989,0.5200908756821688,0.8709991092761953,-0.10688103312180329,0.9998167265501986,0.06828039227582786,0.9998751256512294
cg21262032,IL6R,0.014323841,4.015003435385266,0.06134450181722227,1.9190727933511083,0.9998167265501986,2.061037076334444,0.9998751256512294
cg06808967,MYD88,-0.0031203139,-2.406811700016435,0.21410758506674424,-2.3687637763964,0.9998167265501986,-1.0714712502260955,0.9998751256512294
cg25286012,S100A9,0.0031756978,1.0338293637343012,0.6909379840154362,-0.8663293458728558,0.9998167265501986,-1.2742263377591798,0.9998751256512294
cg21749312,JUN,0.0020726714,0.638494741467833,0.8326688333071957,-0.27461117535227886,0.9998167265501986,0.4052451133319967,0.9998751256512294
cg23321140,TNIP1,9.593063e-05,0.025984662826373718,0.9950312999787931,-0.07062297304097882,0.9998167265501986,-0.023643229853007243,0.9998751256512294
cg17669033,IL1RN,0.003871035,1.6287547920845074,0.46092914149807057,1.8955295969298531,0.9998167265501986,1.567103738335082,0.9998751256512294
cg03514239,S100A9,-0.020104798,-3.2710619187268604,0.08640624623906357,0.04052889559131582,0.9998167265501986,0.800761690962445,0.9998751256512294
cg22480558,TNIP1,-0.0067067384,-1.5068491344178951,0.5078290059013666,0.6563896163131314,0.9998167265501986,0.5306380844207146,0.9998751256512294
cg17956926,TNIP1,0.0010012814,0.6042519196830949,0.8441847704705324,0.911678009699642,0.9998167265501986,0.12985675504036356,0.9998751256512294
cg17394978,IRF1,0.010977382,2.4358117232768897,0.2072468980702495,-0.14152115309653254,0.9998167265501986,-0.20272586056787298,0.9998751256512294
cg02669989,JUN,0.0012998377,1.4771262137403682,0.5196435970803849,0.14330677318503587,0.9998167265501986,-0.33543947845085653,0.9998751256512294
cg08757862,TLR1,-9.759315e-05,-0.18263804935418387,0.9612251033400679,1.2256506743947322,0.9998167265501986,1.0871734733970462,0.9998751256512294
cg02343503,CD14,-0.0013567458,-0.4889329551913036,0.8801722932629737,1.6800303836420056,0.9998167265501986,1.3898565178314917,0.9998751256512294
cg04498110,CX3CR1,0.002071185,1.1813635359661234,0.6346214367278816,0.34500157201702153,0.9998167265501986,-0.059812122975372854,0.9998751256512294
cg15680902,IL1RAP,-3.7213616e-05,-0.09123018005053637,0.9822467277647896,-0.09084972765531728,0.9998167265501986,-0.5689180750622241,0.9998751256512294
cg05848175,S100A9,-0.013520835,-2.519234607782847,0.18899177187256616,1.1059868336672758,0.9998167265501986,1.3057585527260407,0.9998751256512294
cg19375583,IL1RAP,0.0035682684,1.0540670858874237,0.6828328229365648,-0.21637410350718345,0.9998167265501986,-0.3921551320897637,0.9998751256512294
cg05886087,IL1R1,-0.02839413,-3.39215852280332,0.07898540439397234,-0.4159871623813988,0.9998167265501986,-0.34935935977732296,0.9998751256512294
cg15156614,JUN,0.00034724947,0.09491173337150391,0.9813450093250531,0.0056445932125238655,0.9998695617644048,-0.6315975526971883,0.9998751256512294
cg06942904,IRF1,-0.00048402502,-0.057885663510143584,0.9892701501992314,0.5906270948387855,0.9998167265501986,0.5275811063995648,0.9998751256512294
cg22595870,STAT1,0.00016096949,0.09512512019503613,0.9813241424133298,-0.6565918456962947,0.9998167265501986,-0.1303819283260308,0.9998751256512294
cg04392234,CXCL8,0.004253922,1.980262364515642,0.3355658376734908,-0.1837242724151167,0.9998167265501986,-0.01146185926076074,0.9998751256512294
cg15107884,MYD88,-4.276843e-05,-0.0011335614925124047,0.999861896292931,-0.02576842793491618,0.9998167265501986,0.46259733350074833,0.9998751256512294
cg25799590,CXCL10,0.0017417218,0.7503609817217191,0.7950484866220341,-0.6076048581580304,0.9998167265501986,-0.21363026863142623,0.9998751256512294
cg11739399,IKBKE,-0.00023043156,-0.04337352381264935,0.9918624092167855,4.22530264381423,0.9998167265501986,3.1692057371211777,0.9998751256512294
cg26681822,TLR6,-0.0028964828,-1.0731226912622236,0.6753945644963039,0.08822839251969612,0.9998167265501986,-0.199633994976416,0.9998751256512294
cg00884680,MYD88,-0.00048966677,-0.40071452582019146,0.9058257864460317,-0.6644693693743418,0.9998167265501986,-1.344593957140431,0.9998751256512294
cg06608414,IL1R1,0.0006234733,0.44357605400642186,0.8933728255602118,0.2958007280901471,0.9998167265501986,-0.006883663417143508,0.9998751256512294
cg06710101,NLRP3,0.005910674,2.743619492984935,0.14663695012192232,2.227944405903095,0.9998167265501986,1.6766972578926438,0.9998751256512294
cg15633035,IL6R,-0.008618863,-1.3500661931098141,0.5687898436851553,0.5247695239355405,0.9998167265501986,0.8687139752010063,0.9998751256512294
cg06980173,IL6R,-0.0099488655,-2.2052725989431576,0.26630827938713897,0.7832703811059275,0.9998167265501986,1.248173382505667,0.9998751256512294
cg15096505,IL10,4.6662528e-05,-0.07400183896628307,0.9858450382318982,-0.05202758743933765,0.9998167265501986,-0.5166738727280502,0.9998751256512294
cg21919599,NLRP3,-0.0009937695,-1.491016781270837,0.5140927642857663,0.13517018635786948,0.9998167265501986,0.45946126757237277,0.9998751256512294
cg01395047,TLR9,0.0020076097,0.9136489992450997,0.7359819578519077,0.7329379150405878,0.9998167265501986,0.8794611376448848,0.9998751256512294
cg13549904,IL6R,0.005081883,1.8817781027150087,0.3694044786310406,-0.016959266464224982,0.9998167265501986,0.9295808433259218,0.9998751256512294
cg22365834,PTGS2,-0.0009839764,0.036926124313729505,0.9929865398831614,-0.9073303906362078,0.9998167265501986,-1.047560310162091,0.9998751256512294
cg09043153,IL6ST,-0.00022393744,-0.10602293358506602,0.9789732909829261,0.44052380156983306,0.9998167265501986,0.9904790785612317,0.9998751256512294
cg02829783,MYD88,0.0012073214,0.7311554076794068,0.8014727901882411,0.371983964175528,0.9998167265501986,0.12590670229677173,0.9998751256512294
cg18126557,NLRP3,-0.00037302915,0.15767136679746915,0.9671679268744378,0.8165941353505668,0.9998167265501986,1.4078809506386147,0.9998751256512294
cg06740893,TNFRSF1B,-0.000103636514,-0.10668568543330532,0.978876055083132,-0.7287506353651699,0.9998167265501986,-0.737466997446816,0.9998751256512294
cg09081517,TNFRSF1B,0.0040191286,1.708184649623906,0.4311252881160908,0.5646505536506763,0.9998167265501986,1.183186317915075,0.9998751256512294
cg05778154,TLR9,-0.0010336017,-0.55654732161102,0.8594568088943273,-0.8253058071733098,0.9998167265501986,-0.9246033360564108,0.9998751256512294
cg14855841,CXCL10,-0.0055764485,-1.5655728070996984,0.48526858249534444,-0.03676152825119906,0.9998167265501986,0.1741717610376188,0.9998751256512294
cg05543419,NFKBIZ,-0.001719885,-1.4407524878021218,0.5335530151658107,-1.5023419096802264,0.9998167265501986,-1.794217538084408,0.9998751256512294
cg01654824,CXCL10,-0.0024270855,-1.712256906641593,0.4296309594077115,-2.403359654137428,0.9998167265501986,-2.311774237031051,0.9998751256512294
cg06056346,NFKBIZ,0.0007713067,0.6690210566943016,0.8222804926756262,0.589697136612154,0.9998167265501986,0.27862312837639996,0.9998751256512294
cg16302310,TLR9,-0.0009233743,-0.469354928781957,0.8859854457213922,0.6322834104999439,0.9998167265501986,0.5466887806436261,0.9998751256512294
cg17419623,PTGS2,-0.0025609527,-2.660275213483032,0.1608594489484165,-1.023816499235339,0.9998167265501986,-1.0427504794767641,0.9998751256512294
cg27606396,IL1A,0.0024679983,0.4336507186448605,0.8962774019006853,-0.24528862908597754,0.9998167265501986,-0.28620702530897724,0.9998751256512294
cg02713138,NFKBIZ,0.0029195016,1.6936051249127224,0.43665155260696403,1.2155990207944696,0.9998167265501986,2.028428468306827,0.9998751256512294
cg12601933,TNFRSF1B,0.0051859748,2.935429674804673,0.11924377798279427,2.7150219746897486,0.9998167265501986,2.7770642919845345,0.9998751256512294
cg17555714,TNIP1,0.0002588677,0.34353695961391423,0.9210639755288195,-0.0611236321856915,0.9998167265501986,0.1097458810227258,0.9998751256512294
cg22847221,CXCL2,-0.00838139,-2.2842548801829787,0.24436459289636234,0.6905083104590006,0.9998167265501986,1.3110326362490827,0.9998751256512294
cg25602756,NLRP3,0.0011310393,0.8803236972068542,0.7480790795334219,1.3224988826475066,0.9998167265501986,0.8098011999223742,0.9998751256512294
cg02901136,S100A12,-0.012624783,-1.655607215222544,0.4508959531211703,2.929918670824582,0.9998167265501986,2.6876655353986023,0.9998751256512294
cg02036176,TLR9,0.006764735,2.339775562183741,0.23070180203251023,1.0592781809912348,0.9998167265501986,0.8178121779645183,0.9998751256512294
cg18183941,NLRP3,-0.008528871,-1.899758974113284,0.3632673991485991,0.6346177156520646,0.9998167265501986,1.01013865558259,0.9998751256512294
cg08444830,JUN,0.0011545131,0.7390253652166224,0.7990257739721217,0.2912309162427226,0.9998167265501986,-0.3377396663849106,0.9998751256512294
cg23070111,PTGS2,-0.0015504471,-1.2128887844114178,0.622615533506034,-0.3504060214302129,0.9998167265501986,-0.5402909827015426,0.9998751256512294
cg16101346,PTGS2,-0.016533982,-2.51147599403367,0.19038957387990205,-0.41312891793264195,0.9998167265501986,0.034924140048392636,0.9998751256512294
cg15427004,MYD88,0.0009228168,0.5555138443747192,0.859676118665937,1.1300255447906267,0.9998167265501986,1.2395936542900066,0.9998751256512294
cg20548977,IL1A,0.00023153602,0.1362804184067203,0.9725476009518076,-0.9698340753073574,0.9998167265501986,-1.084200685716417,0.9998751256512294
cg24887140,PTGS2,-0.0021774352,-1.5649227135313468,0.4855224588844088,-0.8233590082248213,0.9998167265501986,-0.8226468770711743,0.9998751256512294
cg17807863,TNIP1,0.002029093,0.8022651602389868,0.7763917559755836,1.4857855081863787,0.9998167265501986,1.0372688932369716,0.9998751256512294
cg14413862,NLRP3,0.0016890622,1.14387515617806,0.6487199519327003,0.5994976116215341,0.9998167265501986,1.1906063380580392,0.9998751256512294
cg20054786,TLR1,0.003965102,1.8440809143819659,0.3825139267722589,2.1388550552204926,0.9998167265501986,2.4608958158426,0.9998751256512294
cg23949087,TLR9,-0.0009167047,-0.43782233618026567,0.8950386779656067,-0.9195390239280349,0.9998167265501986,-0.6638846921598697,0.9998751256512294
cg13145644,CX3CR1,-0.003258619,-1.1395783564081043,0.650282261382324,0.15836987611633593,0.9998167265501986,0.23171925370643193,0.9998751256512294
cg14099335,NFKBIZ,-0.00023612614,0.04398588835523149,0.9917665585796961,0.7373432071113921,0.9998167265501986,0.024671038234291235,0.9998751256512294
cg12642815,TNIP1,-0.0028466163,-1.0715077102443795,0.6760036484600742,0.9907460810347174,0.9998167265501986,1.2643019922197796,0.9998751256512294
cg01467417,IL1RN,-0.0052244016,-1.821881016836372,0.3904691654946367,-0.11816084277864655,0.9998167265501986,-0.8627968275202489,0.9998751256512294
cg01983105,NFKB1,-0.00012528544,0.21126132254145372,0.9544719728715063,-0.294048954136906,0.9998167265501986,0.11622471555419962,0.9998751256512294
cg01771416,NFKBIZ,-0.004226625,-0.8859752018809234,0.7458903581651143,1.5015130291108785,0.9998167265501986,1.880732029687072,0.9998751256512294
cg01351089,MYD88,0.00356718,1.6263740700291753,0.46185463756490486,1.2209846094647074,0.9998167265501986,1.6972389752395107,0.9998751256512294
cg06034238,IKBKE,-0.0010991553,-0.18275445044838834,0.9612251033400679,0.8870171235523072,0.9998167265501986,0.7012838395132975,0.9998751256512294
cg26013975,CXCL2,0.0060776463,1.9378716437273436,0.3495184934406756,1.0165478764808495,0.9998167265501986,0.5262343404584242,0.9998751256512294
cg08830139,CD14,0.008687845,1.3671167039795922,0.5622335504697764,1.0758279432156135,0.9998167265501986,0.45669739110703167,0.9998751256512294
cg12229666,JUN,-7.2130904e-05,-0.14920419797257659,0.9693291675772278,-0.4105257141927416,0.9998167265501986,-0.8686933744211762,0.9998751256512294
cg00578828,IRF1,0.0003527379,0.17584423255987253,0.9626850406523185,-0.7244794581244167,0.9998167265501986,-0.5867514934307004,0.9998751256512294
cg24708332,IL1R1,-0.006419121,-2.1475030310922505,0.2830329366653524,-1.1452061136004348,0.9998167265501986,-0.8084244178611151,0.9998751256512294
cg06541188,IKBKE,-0.00070755195,-0.5387222808217087,0.8647583193996046,-1.2937557820160415,0.9998167265501986,-2.516464925385884,0.9998751256512294
cg08161323,CXCL1,-0.0051329667,-1.7655295865939753,0.4107840424873706,-0.2957067207216075,0.9998167265501986,-0.1815057815381498,0.9998751256512294
cg09818691,TNFRSF1B,0.0020904674,1.2271034871665785,0.6169857227641673,1.26298824047527,0.9998167265501986,1.1251476510874021,0.9998751256512294
cg09414137,JUN,-0.00044944626,-0.3682824733450267,0.9143017916357594,0.21541518769023338,0.9998167265501986,0.026078667233534285,0.9998751256512294
cg24059741,JUN,0.0001653888,0.07814767839749472,0.9850221655045778,-0.17165308607758412,0.9998167265501986,-0.6756816743399244,0.9998751256512294
cg23609982,IL6R,-0.004954532,-1.1573410613808761,0.643702225372196,0.6734693005255907,0.9998167265501986,1.0596217148191727,0.9998751256512294
cg26937038,S100A9,-0.007213377,-1.951679592507722,0.3449228958950529,0.7098651277085105,0.9998167265501986,1.0251163065598312,0.9998751256512294
cg22227034,TNFRSF1B,-0.003208723,-1.2576701860381156,0.6050456399252256,-0.6877963273886345,0.9998167265501986,-0.14865074141763152,0.9998751256512294
cg20169988,S100A9,-0.027447509,-3.382903615620958,0.07959234657507797,-0.2717428365122725,0.9998167265501986,-0.015533862280845998,0.9998751256512294
cg05980782,NFKBIZ,-0.013305492,-2.508655832920473,0.19094090818231818,0.5879357599091775,0.9998167265501986,0.662573786385315,0.9998751256512294
cg06658391,IL1RN,0.0042133643,1.457559065178939,0.527100397744434,-0.27707595759513304,0.9998167265501986,-0.09556735409690995,0.9998751256512294
cg16619193,IKBKE,0.008452769,3.1034840567675293,0.10171038884097726,1.0768559318677844,0.9998167265501986,1.3898407922450116,0.9998751256512294
cg00110623,TNIP1,-0.0011975545,-0.6950233593714178,0.8140189811428129,-0.3489131638814791,0.9998167265501986,-0.6055788351232986,0.9998751256512294
cg00383136,HLA-DRA,0.0020747785,0.48985714603040637,0.87986014961919,-1.235281555358117,0.9998167265501986,-1.312447434246947,0.9998751256512294
cg27568809,IL6ST,0.000113702095,0.18062332335854536,0.9616403884358313,0.7815051068229916,0.9998167265501986,1.4194506714842225,0.9998751256512294
cg02741554,CXCL2,-0.010100138,-2.419389869465058,0.21094799269330095,-0.1932514184377429,0.9998167265501986,-0.864530039191522,0.9998751256512294
cg18652319,TLR2,0.001664951,1.943706195032541,0.34777552206910683,1.6034907745363216,0.9998167265501986,1.9687597663714362,0.9998751256512294
cg00262061,CX3CR1,0.011155422,3.378366648950401,0.07989021367427203,1.8559496434021046,0.9998167265501986,2.1650811791345443,0.9998751256512294
cg22772462,TNIP1,0.004149975,2.6911231969247167,0.15545078654501437,1.7591252354755622,0.9998167265501986,1.6198775602533109,0.9998751256512294
cg17819990,NFKBIZ,-0.0001756757,-0.09005947796004539,0.9824666120928401,0.5647461395701571,0.9998167265501986,0.43323386985559376,0.9998751256512294
cg18452449,TLR9,0.002650407,0.7736151858830641,0.7868547238911912,0.5522537833460712,0.9998167265501986,0.5372319952536873,0.9998751256512294
cg07830103,NFKB1,-0.00083289755,-0.20009606349428435,0.9572719070983048,-0.5521893451249754,0.9998167265501986,-0.2636449177808418,0.9998751256512294
cg19806398,CX3CR1,0.005842237,1.730075922155049,0.4230883217780567,0.21586735924556263,0.9998167265501986,0.41687398285352617,0.9998751256512294
cg05490963,NFKB1,-0.00031092673,-0.251680960766032,0.944485969747142,0.10472075937776996,0.9998167265501986,-0.0893545007654145,0.9998751256512294
cg03703171,IL1RN,-0.0012170774,-1.0286952816086272,0.6930803444325606,-0.7767005005435481,0.9998167265501986,-1.026692048595401,0.9998751256512294
cg14528193,TLR9,-0.0015801545,-0.9327535546369279,0.7290427614145859,-0.8987014020425297,0.9998167265501986,-0.7784550387007622,0.9998751256512294
cg02339674,JUN,0.0009407046,1.171951493167784,0.6385368176636473,0.6443472999073189,0.9998167265501986,0.16361669563050224,0.9998751256512294
cg10182418,TLR6,0.0015414819,0.9323014782679916,0.7292330347245057,1.641405750495072,0.9998167265501986,1.821176337702351,0.9998751256512294
cg14665413,TLR6,-0.01047883,-3.1520988503090788,0.09684923248428834,-0.516695826573017,0.9998167265501986,-0.37367425571885377,0.9998751256512294
cg14180511,IL10,-0.019820625,-2.798294456219555,0.13803030992114657,0.16488135318361175,0.9998167265501986,-0.03669345811356249,0.9998751256512294
cg12143439,CD14,-0.005714472,-3.0825289386357624,0.1038049478970319,-2.199839052437712,0.9998167265501986,-2.0224819246924914,0.9998751256512294
cg09316306,TLR1,-0.0066145957,-1.8368452728623035,0.3851323580588907,-0.452964492197849,0.9998167265501986,-0.24741894498483358,0.9998751256512294
cg10521638,CXCL1,-0.01416552,-3.321944574689494,0.08338241610992776,-0.8400581758615716,0.9998167265501986,-0.9386101255066036,0.9998751256512294
cg10589094,TNFRSF1A,-0.0038149757,-1.1788989702338786,0.6355904054755481,-1.2592401468213994,0.9998167265501986,-1.3767257168747942,0.9998751256512294
cg12640631,IFNG,0.007560836,1.5065753278319713,0.5079258531519151,0.04208860820517832,0.9998167265501986,-0.6043039397504804,0.9998751256512294
cg19023876,NLRP3,0.0003201295,0.2753335672202524,0.9385535529059467,0.5007924442309082,0.9998167265501986,0.5689562260142981,0.9998751256512294
cg20157753,IL1B,-0.002602019,-1.9019499352233178,0.3624742431361375,-0.43413894939439857,0.9998167265501986,-0.11819903543155076,0.9998751256512294
cg19881581,STAT1,-9.144757e-05,0.021021807705118273,0.9958808413812893,-0.06183757762944683,0.9998167265501986,-0.8041048667286005,0.9998751256512294
cg07422329,PTGS2,0.0133376485,2.642985074710006,0.16415647535886202,0.13337063823146675,0.9998167265501986,0.2855841687177534,0.9998751256512294
cg01431057,S100A8,-0.022412399,-3.0651485932874563,0.10568572123853649,0.594986921289639,0.9998167265501986,1.3525144486613585,0.9998751256512294
cg19050596,STAT1,0.0006336132,0.7333213364481713,0.8007779063035416,0.21717017769801195,0.9998167265501986,-0.38777083355792075,0.9998751256512294
cg17744604,IL10,-0.027920838,-3.6850946936042797,0.06474478194050723,-0.9488257266566344,0.9998167265501986,-0.46436715290772246,0.9998751256512294
cg14117934,IL1B,-0.00014621185,-0.06122984613290164,0.9885640671264312,-0.7348680803694059,0.9998167265501986,-0.4381447718003618,0.9998751256512294
cg07052015,STAT1,0.0007272589,0.3947585915186844,0.9074142389856148,0.15436336039349904,0.9998167265501986,0.35524312584765455,0.9998751256512294
cg15568074,HLA-DRB1,0.008853842,1.3229423158724698,0.5795829062013571,1.120713174673534,0.9998167265501986,1.3149250978235072,0.9998751256512294
cg19529842,LY96,-0.00035685833,-0.3001338477408528,0.9322779584592465,0.11981748021151215,0.9998167265501986,-0.4612657366033099,0.9998751256512294
cg14424363,IKBKB,-0.008854348,-2.5372408797408457,0.18530286666342224,-0.08457121645693913,0.9998167265501986,-0.3018430656401913,0.9998751256512294
cg13213009,LY96,0.011108565,2.157100073516754,0.28035140872745995,1.0037682754533357,0.9998167265501986,0.8346252789627365,0.9998751256512294
cg10308810,MAPK8,-0.0082926415,-2.6984731779218603,0.15410913883943755,-2.175566319480804,0.9998167265501986,-2.7716927922165935,0.9998751256512294
cg08234927,NFKB2,-0.0014784657,-0.6971339637652759,0.8133214308474302,-0.9952383780399654,0.9998167265501986,-1.7526597669043549,0.9998751256512294
cg22425813,HLA-DRA,-0.0008645274,-0.38962123429087625,0.90856894517897,-0.2000785658285912,0.9998167265501986,0.2549148250840408,0.9998751256512294
cg14629571,TLR4,-0.0016766362,-1.0612584604684983,0.6799038450169693,-1.9395505479800819,0.9998167265501986,-1.7046614698684086,0.9998751256512294
cg04125373,RELA,-0.00079345325,-0.43722296282440015,0.8952234680305154,-0.5769390421026223,0.9998167265501986,-0.2743270949621579,0.9998751256512294
cg10836034,MYC,-0.00026733754,-0.15372559652512105,0.9681834987513942,-0.8906747723297994,0.9998167265501986,-0.59594001293905,0.9998751256512294
cg26830985,MAPK8,-0.0066811875,-2.3233988063525772,0.23474064116909316,-1.305645530670232,0.9998167265501986,-2.207864313654759,0.9998751256512294
cg24452282,TNF,0.026855104,3.9873347123067786,0.06134450181722227,1.1573274030800438,0.9998167265501986,0.8941633583654511,0.9998751256512294
cg17503786,LY96,0.00021260102,-0.06265539615819148,0.9882626955132477,0.7305578305244036,0.9998167265501986,0.6483516876989248,0.9998751256512294
cg19124225,TNF,0.0022313567,0.9806348347765456,0.7111225403083138,0.08879264620976551,0.9998167265501986,0.14465076982410557,0.9998751256512294
cg23624321,TRAF6,-0.010758444,-2.129502484262588,0.2885574471860714,0.09576302912068226,0.9998167265501986,0.7303663658262924,0.9998751256512294
cg25032968,HLA-DRA,-0.0012133027,-0.44231983199800223,0.8936950016013936,-0.4333368569899867,0.9998167265501986,-0.3783253162512198,0.9998751256512294
cg25645491,HLA-DRA,0.0008682306,0.2512726743503897,0.9445334850744147,0.5312508333907935,0.9998167265501986,-0.23072044511028433,0.9998751256512294
cg26668632,IFNGR1,-0.0008974042,-0.8188715523968029,0.7701758374718566,-0.03876513530664135,0.9998167265501986,0.045379879709203264,0.9998751256512294
cg26974281,MAPK14,0.0022522514,1.737637214784133,0.4205711918242519,1.9297628484002796,0.9998167265501986,1.3364486828415343,0.9998751256512294
cg12057615,MYC,0.0002188206,0.33695731913985744,0.9227880761953868,0.13868341154215522,0.9998167265501986,-0.9303092275329947,0.9998751256512294
cg10079318,NFKB2,0.0023502351,0.955738300291297,0.7203374534088373,-0.15710941146370377,0.9998167265501986,-0.7545344116748236,0.9998751256512294
cg15074838,HLA-DRA,-0.000651866,-0.1058197002202398,0.9790264688728355,-0.7707980752845102,0.9998167265501986,-0.46166920948768114,0.9998751256512294
cg18213931,MAPK14,0.0038414903,1.9201163746219896,0.35623717483397427,2.2879583792335803,0.9998167265501986,2.039886790294746,0.9998751256512294
cg18576604,HLA-DRA,-0.0011285807,-0.41899371362545496,0.9006105058171026,0.02633519408236414,0.9998167265501986,0.30007266468402394,0.9998751256512294
cg18174089,MAPK8,0.0067125023,2.4046604406809586,0.21462906798234357,1.2330651390710115,0.9998167265501986,0.6585932240725565,0.9998751256512294
cg16857825,MAPK14,0.00025902488,0.1658438881405687,0.965264345071932,0.14716225221177712,0.9998167265501986,-0.4889347624272754,0.9998751256512294
cg15989608,TNF,0.01622846,2.4514602173021367,0.20374410852488228,-0.8430690011624782,0.9998167265501986,-1.3691514941770075,0.9998751256512294
cg25934495,TNFAIP3,0.00088834454,0.35362109829365884,0.9181964066654614,-0.15088569685351602,0.9998167265501986,-0.3474464251384163,0.9998751256512294
cg03046001,HLA-DRA,-0.00055465003,-0.2640071367700269,0.9413929715754576,0.34094057433913183,0.9998167265501986,0.5111764610975886,0.9998751256512294
cg26441142,MYC,-0.0007681453,-0.3515698970296174,0.9188386585167193,-0.3534666844145207,0.9998167265501986,0.13074398656042274,0.9998751256512294
cg07696514,IKBKB,-0.005249922,-2.0243762656678213,0.3212852616303025,-1.2728162405154158,0.9998167265501986,-1.1340148641116605,0.9998751256512294
cg12681001,TNF,-0.0029760122,-1.0455509552486457,0.6861112855442677,0.31715158521273323,0.9998167265501986,-0.1731677589831369,0.9998751256512294
cg00087425,IL6,-0.004509013,-2.298102638748584,0.2409552909073709,-1.2983584019027476,0.9998167265501986,-0.8369534556720682,0.9998751256512294
cg22716488,MAPK14,-0.0011593867,-0.7092226134752956,0.8092169731304296,-0.22992775613333358,0.9998167265501986,-1.5296292880718967,0.9998751256512294
cg10340053,MYC,0.00062412914,0.216771526381987,0.9530631170036749,0.20233922359503922,0.9998167265501986,-0.7279611921875464,0.9998751256512294
cg01981433,TNFAIP3,0.0011253955,0.5361318901319929,0.8654979004772102,0.17299907453729074,0.9998167265501986,-0.1845538534329212,0.9998751256512294
cg07401792,IFNGR1,0.000978915,0.5041180580962024,0.875543433658052,0.9497546343131307,0.9998167265501986,0.9859979275728411,0.9998751256512294
cg07103124,MAPK8,0.0009665838,0.46637636191465576,0.8869550723343608,-0.19744203825988793,0.9998167265501986,-0.553756696863128,0.9998751256512294
cg13406746,IRF7,0.0011678238,0.5214408900316717,0.8705104133882285,0.19767567825665122,0.9998167265501986,-0.26742158190087895,0.9998751256512294
cg24234141,SPI1,-0.0032969704,-1.4745670707531464,0.5204911138370271,-1.3664718393988233,0.9998167265501986,-0.9195850251937853,0.9998751256512294
cg16514085,HLA-DRB1,0.0035596907,0.46120504152038705,0.8885767225840557,0.44660180248133347,0.9998167265501986,0.44630790613818566,0.9998751256512294
cg00848007,IFNG,0.011312348,2.900654844682039,0.12360337439807842,0.9622182687503925,0.9998167265501986,1.4836481278298346,0.9998751256512294
cg03037030,TNF,-0.0008323111,-0.6274121146592856,0.8363293857214661,-0.06782658136764941,0.9998167265501986,-0.9403122550530304,0.9998751256512294
cg10650821,TNF,0.0023256652,1.4464089628452816,0.5315583526959621,2.2513214092823324,0.9998167265501986,1.83054645078945,0.9998751256512294
cg11812071,TNFAIP3,0.0047100116,2.508341094303508,0.1909877832455668,1.373985387147275,0.9998167265501986,0.717996895963367,0.9998751256512294
cg25811402,NFKB2,-0.00065743836,-0.3869074362267913,0.9093127948558208,-0.08686831846544489,0.9998167265501986,-0.329934425980701,0.9998751256512294
cg18477816,IRF7,0.0032312686,1.248603519694247,0.6087881107378865,0.696906339144803,0.9998167265501986,0.23403869187438403,0.9998751256512294
cg05472934,IL6,-0.002218222,-2.0453412438136245,0.31445237407293414,-0.5413207776386856,0.9998167265501986,-0.9846971583633473,0.9998751256512294
cg07118866,TRAF6,0.0030568687,1.4389102243522116,0.5342472825754765,1.3931660611040175,0.9998167265501986,1.5222510328050962,0.9998751256512294
cg08866557,MAPK8,-0.00053607486,-0.3497202901205464,0.9194781476761053,-1.1900991634847777,0.9998167265501986,-0.8547069135580041,0.9998751256512294
cg03068866,IRAK4,-0.0029590332,-1.8467701477759817,0.3816381949304749,-1.2956906787730518,0.9998167265501986,-1.5454451444864135,0.9998751256512294
cg08428512,MYC,-0.0013893752,-0.7829746240635403,0.7836091273675111,-0.9519031227017428,0.9998167265501986,-0.7220375425549762,0.9998751256512294
cg04692506,SPI1,0.009285613,2.2979461420604976,0.24098829085468396,-0.5348287690289121,0.9998167265501986,0.5609539892996046,0.9998751256512294
cg12050508,TNFAIP3,0.004651158,1.4584302386110033,0.5268156337270606,-0.24054273166564163,0.9998167265501986,-0.851313334551313,0.9998751256512294
cg03394237,MYC,0.0006622686,0.648969177374114,0.8290364670221659,0.6013027019945311,0.9998167265501986,-0.3015631064204635,0.9998751256512294
cg27271532,IRF7,-0.0036596411,-1.3357409509916975,0.5744724396554615,0.4862066604825641,0.9998167265501986,-0.4327072362310131,0.9998751256512294
cg02205181,NFKB2,-0.001890863,-2.1081131391887977,0.29489686640977447,-2.309524942193266,0.9998167265501986,-1.8334444923114124,0.9998751256512294
cg14058932,HLA-DRA,-0.0012360128,-0.3353656565825977,0.9232282388155238,-0.9877447317342978,0.9998167265501986,0.10988894816294872,0.9998751256512294
cg16517172,SPI1,-0.013324018,-2.9898107498064106,0.11294273781908507,0.07375293858105383,0.9998167265501986,-0.0871991863720708,0.9998751256512294
cg01052743,MYC,-0.0001647277,-0.182442042212209,0.9612684613835829,-0.8302175419843015,0.9998167265501986,-1.864420555029006,0.9998751256512294
cg02480602,IFNGR1,0.0013473377,0.7985562042127738,0.7776627080034525,-0.443337755113708,0.9998167265501986,-0.778523879307637,0.9998751256512294
cg10717214,TNF,-0.0012047385,-0.15995300443692906,0.9666938608625418,0.6304135096955362,0.9998167265501986,0.04651228965460872,0.9998751256512294
cg03301240,SPI1,-0.015265794,-2.9747897299596593,0.11457823921401755,0.05425125789067972,0.9998167265501986,0.6615547060871623,0.9998751256512294
cg19862242,TNFAIP3,-0.006544071,-1.475211938021599,0.5203472796791828,-0.5974367509405312,0.9998167265501986,-0.018971314578616092,0.9998751256512294
cg20989454,IRF7,0.0021000728,0.7024281816418413,0.8114652081048697,-0.5087803545686107,0.9998167265501986,-0.16009324389664067,0.9998751256512294
cg01483832,NFKB2,0.0007199082,0.6863416811376847,0.8167877805452275,2.159842083352977,0.9998167265501986,2.091826088100694,0.9998751256512294
cg04472685,TNF,0.010032209,2.086389285089088,0.3016587105830408,-0.921173120985125,0.9998167265501986,-0.7215133999452439,0.9998751256512294
cg03755158,IRF7,0.0015483263,0.4202148423069954,0.9002311473964111,0.2489703961621637,0.9998167265501986,-0.3635789906206512,0.9998751256512294
cg23950278,TRAF6,-0.008568483,-1.9598593121467631,0.34244183258255895,-0.48925213158944897,0.9998167265501986,-0.4761570558406971,0.9998751256512294
cg17498313,MAPK14,0.0014871873,1.1219689853212924,0.6568974645221909,0.8777396723032775,0.9998167265501986,0.7622846373892808,0.9998751256512294
cg17160660,MYC,-0.0044848146,-0.9576324199910137,0.7196596448543239,0.303088256223885,0.9998167265501986,0.15741982249385228,0.9998751256512294
cg21222743,TNF,-0.0023156274,-1.082133835534061,0.6721128349242153,-0.5364242904322716,0.9998167265501986,-0.5495532279130549,0.9998751256512294
cg06784824,SPI1,-0.011872829,-3.9910773827362056,0.06134450181722227,-1.9897193517913545,0.9998167265501986,-1.6086921291354117,0.9998751256512294
cg05687149,IL18,-0.021716904,-3.930623589100027,0.06134450181722227,-1.6366036937286226,0.9998167265501986,-1.7708069863842248,0.9998751256512294
cg23384708,TNF,0.017535852,3.4732358930785963,0.0746468042331768,0.4158155931465481,0.9998167265501986,0.840183208907644,0.9998751256512294
cg10140158,IL6,0.00085377466,0.32985415396932305,0.9245970232610388,0.3094658972836286,0.9998167265501986,0.6750868470768583,0.9998751256512294
cg26736341,TNF,0.019807903,2.933639817197891,0.11938723410312582,-0.41183490830785185,0.9998167265501986,-0.5616624247668367,0.9998751256512294
cg08604679,IKBKB,-0.0005096335,-0.3098871381937371,0.9298842336384894,0.18583458185829538,0.9998167265501986,0.004979102481441203,0.9998751256512294
cg14253951,MYC,-0.00059496745,-0.3413246790623226,0.921688080571998,-0.4942188015337468,0.9998167265501986,-0.8007809450239841,0.9998751256512294
cg20724257,HLA-DRA,-0.0002660582,-0.04694969021582232,0.9912806426923976,1.1822247179879533,0.9998167265501986,0.42372729646654606,0.9998751256512294
cg06968241,HLA-DRA,-0.0013427678,-0.6866894745922354,0.8166618508110861,-0.27377929670140666,0.9998167265501986,0.7623033200137498,0.9998751256512294
cg24944079,TRAF6,0.003566625,1.2953397579801345,0.5902337254664519,0.7410600086916789,0.9998167265501986,1.2064941520233932,0.9998751256512294
cg01203549,MYC,0.0004818142,0.24605882274485555,0.9460024355443148,0.9657769825205257,0.9998167265501986,1.475202119206227,0.9998751256512294
cg08667148,TNFAIP3,0.0017451288,1.4531040073902537,0.5289645553201622,0.907023781141627,0.9998167265501986,1.0190053393055745,0.9998751256512294
cg26221243,MYC,0.00025528605,0.4062540956716,0.904429043975903,1.6029676500285786,0.9998167265501986,1.3836169099289592,0.9998751256512294
cg16794061,HLA-DRA,-0.0011564462,-0.8723484072832163,0.7508394901626931,-0.7867537619396474,0.9998167265501986,-1.1961909210499935,0.9998751256512294
cg17067544,IL6,0.017295027,4.076788478887137,0.06048876637039014,2.1489845308982245,0.9998167265501986,2.307483144452467,0.9998751256512294
cg21002651,CASP1,-0.0008048957,-0.667773846762572,0.8227558889660613,0.07987114018120049,0.9998167265501986,-0.6330173528401908,0.9998751256512294
cg26557854,MYC,0.0013800183,0.9259476362668553,0.7313145927497595,0.9186800534427219,0.9998167265501986,0.9149486779559646,0.9998751256512294
cg16100135,MYC,0.00015344397,0.09108431753606169,0.9822683179816959,0.23092661468046682,0.9998167265501986,0.7560427795907487,0.9998751256512294
cg01281450,IFNG,0.0039834552,0.9393079026283682,0.726670182901818,-0.7288247230261393,0.9998167265501986,-0.7113931491739841,0.9998751256512294
cg19330213,HLA-DRA,0.00091152824,0.354183429500593,0.918044729800722,0.5174998146480854,0.9998167265501986,0.6950448856364165,0.9998751256512294
cg26684131,HLA-DRA,-0.00056913326,-0.13295383169339167,0.9732407650745779,-0.7903367504042351,0.9998167265501986,-0.5633700208534655,0.9998751256512294
cg04504627,HLA-DRA,0.002816557,1.442113363436647,0.5329810587429041,1.4306262110070278,0.9998167265501986,1.5195869027794557,0.9998751256512294
cg02137984,TNF,0.006922031,3.246721648388972,0.08831203590885348,1.2813220836011316,0.9998167265501986,0.9194951979929669,0.9998751256512294
cg05927173,MYC,-0.002743873,-1.7601934886540784,0.41245695663567183,-1.4862833223270409,0.9998167265501986,-1.6481709633932218,0.9998751256512294
cg17114584,IRF7,0.021189835,3.693919965361356,0.0646500551489148,0.8723341074312494,0.9998167265501986,0.48318821526736905,0.9998751256512294
cg08728825,IRAK4,-0.0011104483,-0.28261123716863784,0.93662478776095,-0.06385699500950448,0.9998167265501986,0.07835645967448408,0.9998751256512294
cg08606655,MAPK14,2.0475678e-05,0.08265907547037048,0.9840434535210993,0.27197342353478055,0.9998167265501986,0.32536989998934773,0.9998751256512294
cg13378284,IRF7,0.0015037113,0.7913313584111967,0.7804373600376839,0.639468768083376,0.9998167265501986,0.3832630817205594,0.9998751256512294
cg12182497,IKBKB,-0.0018165866,-0.7563656323014636,0.7929774688991854,-0.5686177338978831,0.9998167265501986,-0.32189292859540547,0.9998751256512294
cg18683523,MAP3K7,-0.009080345,-1.829441360940063,0.3877662165707089,-1.9684776780412832,0.9998167265501986,-2.296826244594698,0.9998751256512294
cg03565868,SPI1,-0.021521986,-2.9230372887254656,0.12061679877858465,0.14912894384067377,0.9998167265501986,0.05822375970176706,0.9998751256512294
cg26061582,IL6,-1.10365306e-07,-0.10176823847173797,0.9798876914911628,0.7076757959557325,0.9998167265501986,0.27242417506807076,0.9998751256512294
cg19208539,MAP3K7,-0.0022442406,-2.1290054560573637,0.28871741968436343,-1.3490737509728117,0.9998167265501986,-1.5982387288890851,0.9998751256512294
cg02930951,CEBPB,-0.0021486096,-0.7031075705454621,0.8111519957336676,-0.19046784427846075,0.9998167265501986,0.5734677059549202,0.9998751256512294
cg26160008,TNFRSF1A,0.0002103071,0.10915776608408441,0.9783616597415291,1.2353729510427314,0.9998167265501986,1.3469386481220458,0.9998751256512294
cg10526478,IRF8,0.008328506,3.808694037329011,0.06146635963223244,1.836531432269096,0.9998167265501986,1.753762595181043,0.9998751256512294
cg21808406,CD68,-0.005910926,-1.0762726802380862,0.6743617417668126,1.012806163427257,0.9998167265501986,0.5003777818035801,0.9998751256512294
cg23256466,NFKB2,0.006747771,2.465195873949878,0.20043307685129078,1.3493000799418986,0.9998167265501986,1.596133855413676,0.9998751256512294
cg06490385,IRF3,-1.2462105e-05,0.05469321484321991,0.9897691882864605,0.20795553670569877,0.9998167265501986,0.26885949832948847,0.9998751256512294
cg14102251,FOS,-0.00029986174,0.021677390514809106,0.9958042344471694,1.3809234118369471,0.9998167265501986,1.251234324768041,0.9998751256512294
cg19751098,TICAM1,0.0005068025,0.2277468983429715,0.950575882865228,0.3184236894144308,0.9998167265501986,1.0037291513561375,0.9998751256512294
cg12698626,CCL2,0.0029551566,0.76516090797307,0.7898475818239321,-0.6763029392688287,0.9998167265501986,0.09308758393340118,0.9998751256512294
cg03643032,IRF8,-0.0019585416,-1.0403080569453755,0.6883062841994821,-1.0990181678483368,0.9998167265501986,-0.560801703503165,0.9998751256512294
cg16429476,TNFRSF1A,-0.0012555871,-0.40153851029338106,0.9056244311756907,1.0205146406189818,0.9998167265501986,1.3321559008905814,0.9998751256512294
cg05907835,PYCARD,-0.006477104,-2.3635609172811796,0.224587583508434,-0.10865320585135979,0.9998167265501986,-0.5450364533745802,0.9998751256512294
cg07159858,FOS,-0.002290339,-2.460906797611733,0.20133539897815195,-1.8492370299277185,0.9998167265501986,-1.8447290473509785,0.9998751256512294
cg04609482,SOCS1,-0.0030755317,-1.2900120236515695,0.5923076871953822,0.22955350579556014,0.9998167265501986,-0.5905076660001022,0.9998751256512294
cg17740327,BCL3,0.0022593378,1.3708573316403734,0.5608020570634293,0.6460924429412986,0.9998167265501986,0.17491256281174664,0.9998751256512294
cg16701133,FOS,0.0006785698,0.27555174227400325,0.9385230114408777,0.344812032648336,0.9998167265501986,0.7179366839894342,0.9998751256512294
cg03783948,ITGAM,0.003174299,0.7662978745165682,0.7895290082828559,0.6109478959033374,0.9998167265501986,1.2288325878144275,0.9998751256512294
cg27615603,PYCARD,0.00043720432,0.12831486868680111,0.9741347674898249,1.5346235612974535,0.9998167265501986,1.0914891519362346,0.9998751256512294
cg25382265,IRF3,0.00043578152,0.583874695768459,0.850618788955615,0.24004712003984852,0.9998167265501986,0.38879163425253566,0.9998751256512294
cg11640275,CCL2,8.769282e-05,0.10283475050728097,0.9796295873731203,0.3306945045155876,0.9998167265501986,0.45759974234274614,0.9998751256512294
cg03172226,IRF3,0.004615909,2.1046718507002242,0.2958558876068689,2.211568144976758,0.9998167265501986,1.9622311712359146,0.9998751256512294
cg21335375,CCL3,0.012896351,3.720154247158468,0.06359956545576426,1.6832265061696952,0.9998167265501986,0.7900822941067842,0.9998751256512294
cg16722792,TICAM1,0.00027667984,0.4222743475000732,0.8996343495373986,0.9551106040310758,0.9998167265501986,-0.16375410230095977,0.9998751256512294
cg18971819,IRF7,-0.0021140457,-1.3517658483649462,0.5680915218241039,-1.4615638148830643,0.9998167265501986,-1.2614902758387891,0.9998751256512294
cg15095917,CD68,-0.01260902,-2.995233661130103,0.11227509634225102,-0.7580409967466575,0.9998167265501986,-0.6166187580473407,0.9998751256512294
cg08652441,STAT3,0.017668229,3.2263099312809937,0.08998960428927769,0.22361372828755088,0.9998167265501986,-0.009860834911404947,0.9998751256512294
cg15817542,ITGAM,-0.005506837,-0.9253292617375418,0.7315364973387034,0.6648701474984265,0.9998167265501986,0.2147497698069373,0.9998751256512294
cg12986726,CEBPB,0.00082586246,0.26020626611082065,0.9422857672323058,0.09353223541937382,0.9998167265501986,-0.058431336056273854,0.9998751256512294
cg05730996,SOCS1,-0.0025745805,-1.4680275092837547,0.5231287622933557,-0.5323984002439207,0.9998167265501986,-0.9364895400999739,0.9998751256512294
cg20460388,IRAK4,-0.0019009263,-0.49014241477801723,0.8798126928219084,-1.463535424182807,0.9998167265501986,-1.471206036927461,0.9998751256512294
cg26722863,RELB,0.00032209372,0.32712487831190384,0.9253791383059501,0.3782998387024523,0.9998167265501986,0.5415423843353895,0.9998751256512294
cg05270696,CD68,-0.00038976423,-0.1730889929515066,0.9632599403797776,-0.8012448823338622,0.9998167265501986,-0.8590843922472265,0.9998751256512294
cg17889137,ITGAX,0.003899728,1.5174456008526953,0.5037282956135092,-0.08486741953009251,0.9998167265501986,-0.10050485661905159,0.9998751256512294
cg22858733,MAPK14,-0.0015687378,-0.9708866793627924,0.7146905488217505,-0.8971406655025365,0.9998167265501986,-1.0605211607232132,0.9998751256512294
cg23985214,SOCS3,-0.002244629,-0.821301091198863,0.7693474378244558,-0.5472055129044906,0.9998167265501986,-0.37525469609082635,0.9998751256512294
cg21500342,SOCS3,5.5500477e-05,0.18524469455612533,0.9607128471339733,-0.2729818436382074,0.9998167265501986,-0.5967113262727284,0.9998751256512294
cg00764981,ITGAM,0.003750174,0.5835632701832536,0.8507006175929398,-0.371918746656072,0.9998167265501986,-0.16098046941561864,0.9998751256512294
cg00447324,CCL5,0.002291585,1.0001887351190055,0.7037614353793493,-0.7785726297040259,0.9998167265501986,-1.5462596581540866,0.9998751256512294
cg18900669,CD68,-0.008656575,-2.1346662311114257,0.2870242208642382,0.0678326864235334,0.9998167265501986,0.08843374664389095,0.9998751256512294
cg25644380,BCL3,-0.00013440855,-0.09906193500857366,0.9805238618106452,-0.9547786464818828,0.9998167265501986,-0.6508608214290413,0.9998751256512294
cg09743950,ITGAM,-0.0036625764,-1.0361767445689625,0.6899174051142877,-0.5437728420530471,0.9998167265501986,-0.6718419545480606,0.9998751256512294
cg04517036,STAT3,0.0021887769,1.6970401472847216,0.435305030112629,1.5474507279751875,0.9998167265501986,1.2165383723760324,0.9998751256512294
cg09259710,ITGAX,-0.0010334537,-0.6490032379481219,0.8290265904100099,-1.6671317392680285,0.9998167265501986,-1.8302497709419832,0.9998751256512294
cg05059438,ITGAX,0.0032461886,0.9522853774560449,0.7214664164260105,0.05151478576402322,0.9998167265501986,-0.08503800940254043,0.9998751256512294
cg26079699,CCL2,-0.00063865597,-0.32050467501358226,0.9269932237213839,0.4086284859380729,0.9998167265501986,0.24376508724636792,0.9998751256512294
cg19411729,CCL5,0.017909883,2.9684679061477257,0.11523292303276869,0.9843896292999385,0.9998167265501986,1.1638778290281853,0.9998751256512294
cg13729887,CEBPB,0.00049715315,0.41654407383839853,0.9013513800183298,-0.18587349172407638,0.9998167265501986,-0.3266599949528769,0.9998751256512294
cg17779707,CEBPB,0.0016658569,0.8895502458710618,0.7445666237507661,0.5072153327323672,0.9998167265501986,0.65583911363035,0.9998751256512294
cg10720545,RELB,0.003137441,0.9143750814443711,0.7357147346501053,0.4217017207066439,0.9998167265501986,-0.3827179395263878,0.9998751256512294
cg04633676,CCL2,0.008307407,2.249899308402896,0.25334289273794225,-0.13906213296710657,0.9998167265501986,0.03155686425083267,0.9998751256512294
cg18372367,TNFRSF1A,0.0008669895,1.1330969766262013,0.652747338546356,1.2677531664985646,0.9998167265501986,1.3184575259267604,0.9998751256512294
cg18460373,NFKBIA,-0.00019004299,0.008628807487812135,0.9984393769818742,-0.6594228929284907,0.9998167265501986,-0.31822278218545225,0.9998751256512294
cg08730348,PYCARD,-0.0022241732,-0.9267249497562497,0.7310150572933506,0.337882979049953,0.9998167265501986,0.22969257307095595,0.9998751256512294
cg14154718,FOS,0.0020714188,1.222774504730892,0.6187763800665789,1.3762637568067653,0.9998167265501986,0.9342679093263704,0.9998751256512294
cg07461837,PYCARD,-0.0029366042,-0.8483538367898346,0.7594935416625473,0.29556313271142653,0.9998167265501986,0.28667803186677293,0.9998751256512294
cg19557623,STAT3,-0.0001253663,0.06739571134621544,0.9872549577293495,0.6062058409837802,0.9998167265501986,1.3909288049842348,0.9998751256512294
cg09304975,MAPK8,-0.010134114,-2.87510404237871,0.12682981809344407,-1.8166277007441403,0.9998167265501986,-1.8637639814890319,0.9998751256512294
cg16874465,IFNGR1,-0.0010849228,-0.7632995568177054,0.7905730336585061,-0.7475646453077531,0.9998167265501986,0.2229604919811211,0.9998751256512294
cg01243330,IRAK4,-0.00299868,-1.432416337764232,0.5367518566011483,-0.550263861569893,0.9998167265501986,-0.4470356940130624,0.9998751256512294
cg16896038,IL18,0.00066512154,0.2879471762147471,0.9352550687432297,0.601771236128943,0.9998167265501986,0.373477430591021,0.9998751256512294
cg13032052,NFKBIZ,-0.013775012,-2.0018191678041797,0.3284895042988989,-1.4467496918289218,0.9998167265501986,-1.1991505372929039,0.9998751256512294
cg19845212,NLRP3,-0.014017357,-3.2599575393672215,0.0872110220391978,-1.05260543203586,0.9998167265501986,-1.62857192054589,0.9998751256512294
cg13092969,IKBKB,-0.008660826,-1.928978046672501,0.352918830907524,0.6572717075859327,0.9998167265501986,0.7239914672236121,0.9998751256512294
cg06987098,TNFAIP3,-0.039931092,-3.7186514151980394,0.06359956545576426,-0.6338425120677242,0.9998167265501986,0.03337068069773076,0.9998751256512294
cg26532320,IRF8,-0.0104974955,-1.682771876190877,0.44052675744710945,0.09494162461982276,0.9998167265501986,-0.3378940283923377,0.9998751256512294
cg18442793,IL10,-0.034575984,-3.5095189034480514,0.07239229886376819,-0.6777879756113513,0.9998167265501986,-1.0229632811190972,0.9998751256512294
cg10816993,IL1RN,-0.010946136,-2.3266934205641303,0.2338352473992075,-0.055600054928088796,0.9998167265501986,-0.206467385089587,0.9998751256512294
cg25330422,STAT3,0.008273769,1.6909080255840658,0.43758958236759954,0.7141442551454438,0.9998167265501986,1.294341478749115,0.9998751256512294
cg26065802,NFKBIZ,0.00045042258,0.37984561460594923,0.9113058914410653,0.9367115139048199,0.9998167265501986,1.1581547325807,0.9998751256512294
cg11849643,NOS2,0.0047570486,2.0484929688406193,0.31365213146291926,1.5858426036948465,0.9998167265501986,1.1544258820096192,0.9998751256512294
cg04106179,NOS2,-0.029994536,-4.18311333954055,0.059805117660152556,-1.4782083848959264,0.9998167265501986,-1.2884522294033678,0.9998751256512294
cg11652448,ITGAX,0.0050916653,2.665045882221178,0.16008632750938012,2.32297987465172,0.9998167265501986,2.058196188310183,0.9998751256512294
cg02900356,PYCARD,-0.008646708,-2.0879220981190443,0.3012634382599796,0.48199573194070805,0.9998167265501986,0.14417324154180708,0.9998751256512294
cg07599830,STAT1,0.002602477,2.215757474602057,0.2632693492964039,0.6284654484557187,0.9998167265501986,0.1358153986137024,0.9998751256512294
cg08050115,ITGAM,-0.0006823211,-0.10587159936208898,0.9790154058629199,0.3581119564408202,0.9998167265501986,0.6923445309777408,0.9998751256512294
cg03014241,SOCS1,0.02022507,3.8331565433892925,0.06146635963223244,1.421340268627803,0.9998167265501986,1.2268976781269865,0.9998751256512294
cg24463176,TNIP1,-0.0027468686,-1.0060808145308986,0.7015054545660727,0.2629642470209995,0.9998167265501986,-0.30111022574321883,0.9998751256512294
cg03647657,STAT3,0.0034852321,1.7499608505123834,0.41629978235496,2.0424521044814363,0.9998167265501986,1.279843066904022,0.9998751256512294
cg10322558,ITGAM,-0.007494582,-3.0528804894918458,0.1068665359555589,-0.28171996221162765,0.9998167265501986,0.2096131138567027,0.9998751256512294
cg21427932,CX3CR1,0.008144026,2.2522737635741206,0.25264077396289003,0.4891299278272049,0.9998167265501986,0.4068183041155328,0.9998751256512294
cg06390911,MAP3K7,-0.004274665,-1.2617880823163514,0.6036607202590575,0.016814505572699406,0.9998167265501986,-0.7203735620481863,0.9998751256512294
cg22833204,STAT1,0.01696271,3.157260812521957,0.09651313239334024,0.5575153106479456,0.9998167265501986,1.126467403420732,0.9998751256512294
cg18766583,TNFAIP3,-0.009078616,-2.9519140933961157,0.11723198368646279,-1.14821754660647,0.9998167265501986,-1.2460802365874606,0.9998751256512294
cg10523032,NFKB2,-0.0028767057,-1.0256296334105,0.6942969065171063,-0.17542019460469344,0.9998167265501986,0.4386379403768436,0.9998751256512294
cg04076832,STAT3,0.0012171306,0.9264364592306357,0.7311341238005625,0.8773299998448463,0.9998167265501986,0.714650817859912,0.9998751256512294
cg05467719,TLR6,0.0032229165,1.8957382091805928,0.36459589974486567,2.0022276544002664,0.9998167265501986,2.5844351263159857,0.9998751256512294
cg03628117,IFNG,0.008405519,1.7765903819205282,0.40679546395939864,-0.3928744099788263,0.9998167265501986,0.23080992170216555,0.9998751256512294
cg00175482,IL6,-0.0016902433,-0.8499295714883254,0.7590546732445186,-0.7755794135781313,0.9998167265501986,-0.5846209609506094,0.9998751256512294
cg07649585,TICAM1,-0.007871363,-1.5874102469400557,0.47709730252802945,-1.061785026427193,0.9998167265501986,-0.3740620126422577,0.9998751256512294
cg24308210,STAT1,0.00034635156,0.23304573774070408,0.9492809938234037,0.24619388921940868,0.9998167265501986,0.573750213848365,0.9998751256512294
cg05454027,S100A12,0.014886115,2.828210385703974,0.13342113656195373,1.0272999401654512,0.9998167265501986,0.49191700833056523,0.9998751256512294
cg13800580,RELB,0.0033425759,1.2173638634244452,0.6208970949530292,0.44904374257433544,0.9998167265501986,0.7441118452756079,0.9998751256512294
cg14643121,IL1RAP,-0.0018587105,-0.5871882090132917,0.8494197167400458,0.5249272015491218,0.9998167265501986,0.8175379768013888,0.9998751256512294
cg10605855,NOS2,-0.00078831357,-0.5341923173858106,0.8661046344412987,-0.7696264884280819,0.9998167265501986,-0.4704519342346155,0.9998751256512294
cg10675363,NFKBIA,-0.0013881829,-0.42556899202724346,0.8986504800829083,-1.5084635395229018,0.9998167265501986,-2.045618157944178,0.9998751256512294
cg24798448,CD68,-0.0014917944,-0.5807020297113632,0.851620700918871,-0.7987117245656953,0.9998167265501986,-1.2113573923530307,0.9998751256512294
cg22511677,NOS2,-0.0015015228,-0.7966993285960676,0.7783500541002841,-0.10601866906665665,0.9998167265501986,0.5714685296803409,0.9998751256512294
cg17276610,CXCL1,-0.0058246204,-1.3724218536000412,0.5601207884181136,0.6642541731509044,0.9998167265501986,0.87079794260541,0.9998751256512294
cg26382286,IRF1,0.008747947,3.2143774579472795,0.09101590887519333,1.7402285021528507,0.9998167265501986,1.2546463334922988,0.9998751256512294
cg25375716,CEBPB,0.001181978,0.4323945167387509,0.8965941159987358,-0.4738773857326289,0.9998167265501986,-0.7669889481784988,0.9998751256512294
cg09931061,CX3CR1,0.0020898932,0.578182659009836,0.8524453596313206,0.8798266221580693,0.9998167265501986,0.5665274320223727,0.9998751256512294
cg18350893,IL1R1,-0.0003355536,-0.1012969913435197,0.9799463472559515,1.1358069821509869,0.9998167265501986,1.1425416250823925,0.9998751256512294
cg16894274,S100A8,-0.006611793,-1.2356321663629313,0.6138208502205698,1.4013802072334873,0.9998167265501986,1.5074244222549802,0.9998751256512294
cg04993448,MYD88,0.0008567885,0.43291424699986975,0.8965108607818378,0.46918509369193373,0.9998167265501986,0.44074448256216064,0.9998751256512294
cg24837179,MAPK8,0.007289992,1.739344610121021,0.41989658366980537,0.6827092906877597,0.9998167265501986,1.2109336626250795,0.9998751256512294
cg10901280,TNFAIP3,-0.012275312,-2.070668921127614,0.30665527958304095,-1.079713620703883,0.9998167265501986,-1.2245328522118397,0.9998751256512294
cg24167328,IL1RAP,0.00037035547,0.17863586919674426,0.9619837326351215,-0.9490638596551592,0.9998167265501986,-0.6492655263806077,0.9998751256512294
cg15041724,LY96,0.00094805076,0.4724494627417801,0.8849860279149471,-0.24220959497042066,0.9998167265501986,-0.94945644286438,0.9998751256512294
cg12325510,IL1R1,0.008291823,2.2388430011341676,0.2565707128859932,-0.15942517123398522,0.9998167265501986,-0.43613776559478185,0.9998751256512294
cg04333707,LY96,0.00019947274,0.06829977810287145,0.9870834646320544,-0.49469228891300104,0.9998167265501986,-0.6837845537463622,0.9998751256512294
cg00255636,NFKB2,0.002730902,0.5741601543301798,0.8537503931159585,0.22380826624443637,0.9998167265501986,0.8356690951402245,0.9998751256512294
cg12915636,NFKBIA,-0.008066496,-2.5313020838610107,0.18641923096748916,-0.8222314521725724,0.9998167265501986,-0.6831131511702807,0.9998751256512294
cg21746472,IKBKB,-0.0006790988,-0.5345543829880871,0.8660384598567452,-0.05997850890987533,0.9998167265501986,0.5018178859447813,0.9998751256512294
cg26771440,IRAK4,0.0017169216,1.1082909998499992,0.6621217554924267,0.9780037473782113,0.9998167265501986,0.42010813240873657,0.9998751256512294
cg10356363,CEBPB,0.0025841012,1.633867629594168,0.45903520066636777,1.5659047038396698,0.9998167265501986,1.8872522677685264,0.9998751256512294
cg16952841,IL1R1,-0.0005783875,-0.20059291878530544,0.957138509012683,-1.9435507851108356,0.9998167265501986,-1.8956606438406645,0.9998751256512294
cg08042309,FCGR2A,0.0005212185,0.18428453418887,0.9610006402454092,-0.21241515628237748,0.9998167265501986,-0.09102553615858297,0.9998751256512294
cg03114717,CXCL1,0.0030314461,1.323461081345849,0.5793552876199545,0.18777235986996535,0.9998167265501986,-0.14869591594963902,0.9998751256512294
cg07535798,RELB,-0.0011311399,-0.6400901758260538,0.8321031017340774,-0.6078837772132747,0.9998167265501986,-0.6151341791358037,0.9998751256512294
cg06513106,MAP3K7,-0.0026676115,-1.602310852950586,0.4708690195690455,-1.5107155230290668,0.9998167265501986,-1.0246907412940665,0.9998751256512294
cg17612920,TLR6,-0.026445225,-3.43886247814171,0.07634180507260385,-0.7587792798251615,0.9998167265501986,-0.11284986706155264,0.9998751256512294
cg07362283,IL18,-0.0038296862,-0.6496126201472534,0.8287831742869441,0.21213511699027685,0.9998167265501986,0.7424807713329619,0.9998751256512294
cg25993867,RELA,-0.0030806537,-1.6547934170462149,0.451177975260987,-0.8778507387808341,0.9998167265501986,-0.997731673117978,0.9998751256512294
cg07321500,SOCS3,-4.429871e-05,0.02907557704093325,0.9945703000094932,0.5268109813841791,0.9998167265501986,0.7390215949790209,0.9998751256512294
cg07827130,LYZ,0.0070777726,3.166573198507121,0.09541255152864724,1.5788752912662147,0.9998167265501986,1.2277237069576317,0.9998751256512294
cg23655858,NFKB1,0.00017804693,0.20986585975960753,0.9549363497177319,-0.5146229568235365,0.9998167265501986,-0.35584962325947095,0.9998751256512294
cg16498634,IRF8,-0.0065667457,-0.8456418265560988,0.7605556469103544,2.026811404534772,0.9998167265501986,1.493371303205853,0.9998751256512294
cg16327885,LYZ,-0.00023211469,0.049180528765372954,0.9907087535746993,-0.5044720133061769,0.9998167265501986,-0.9351381414533804,0.9998751256512294
cg11126858,TNIP1,0.00063810864,0.2751925964550905,0.938587022871498,-0.7025190753666327,0.9998167265501986,-0.8895822241681655,0.9998751256512294
cg14660076,TNFRSF1A,-0.0003095022,-0.07728773940024809,0.9851749175445668,1.1685141085831479,0.9998167265501986,1.0244137335248555,0.9998751256512294
cg04321197,IL10,-0.015887348,-2.4573469527302625,0.20232643738223757,0.4468065838490316,0.9998167265501986,1.3972973873226784,0.9998751256512294
cg12159504,STAT1,0.015167548,4.3613288824939085,0.059805117660152556,2.6000458483674658,0.9998167265501986,2.6124837383805475,0.9998751256512294
cg26038976,STAT1,-0.0015979417,-1.5733328688619508,0.48249164688172086,-1.5642129385987302,0.9998167265501986,-1.460388665605819,0.9998751256512294
cg00999835,IRF3,0.0019000887,0.6104422099628117,0.8420763882145454,0.6321380567429801,0.9998167265501986,0.0038287920322075063,0.9998751256512294
cg04639174,TRAF6,-0.019596208,-2.751952894769793,0.14515564823972843,-0.47816178659406094,0.9998167265501986,0.25784266174239295,0.9998751256512294
cg03339345,IL1A,-0.0026941309,-1.128658119094176,0.6544968839373251,-0.854277083838534,0.9998167265501986,-1.055852501516768,0.9998751256512294
cg22199238,IRF7,0.011892734,2.5479684431041347,0.18291205957265783,-0.44961643118385053,0.9998167265501986,-0.9630201162324614,0.9998751256512294
cg23039316,TNFRSF1A,0.00020637516,0.008892672260481588,0.9983867062780502,0.8733579976425405,0.9998167265501986,0.6193534105914642,0.9998751256512294
cg01249659,TLR2,0.0012073511,0.25734461551285875,0.9430873699828575,-0.6473519316495613,0.9998167265501986,-0.5391043154076078,0.9998751256512294
cg05355172,PYCARD,-0.0025095975,-0.6523528542123562,0.8278508796758561,1.0072903441670769,0.9998167265501986,0.3487473777131257,0.9998751256512294
cg22715716,IRF8,0.017990252,4.2095183963498775,0.059805117660152556,2.1905359430027675,0.9998167265501986,1.4311673423729028,0.9998751256512294
cg25592809,TNIP1,0.0019735205,0.9441879198422194,0.7246476639789009,0.7954140601226668,0.9998167265501986,0.3721598707904935,0.9998751256512294
cg09396517,IRF7,-0.0017562605,-1.0725436345227444,0.6756021034829751,-0.19813268308208745,0.9998167265501986,-0.19457960379736092,0.9998751256512294
cg13744584,TNIP1,0.0032862339,1.5455246970911742,0.4929013419904352,0.00936358786895334,0.9998460974595041,0.19199889907483947,0.9998751256512294
cg03240364,IL1R1,0.00030368887,0.3181966353304037,0.927534874599059,1.0877989717330359,0.9998167265501986,2.1372160245354004,0.9998751256512294
cg05027779,IL6R,0.0015460392,0.9394341109702072,0.7266240865552757,0.970569199529191,0.9998167265501986,1.08590991756672,0.9998751256512294
cg18231411,NFKB2,0.001957889,1.1141731129607537,0.6598855096778026,1.6484219978554018,0.9998167265501986,1.7102382051656557,0.9998751256512294
cg11519876,IRF3,-0.0009856476,-0.4247641665924601,0.8989444552080527,-0.09165784995007384,0.9998167265501986,-0.0774987597705982,0.9998751256512294
cg22068208,PYCARD,0.0010376461,0.30032050001283167,0.9322298652306766,2.5512044478601714,0.9998167265501986,2.159052907702124,0.9998751256512294
cg06655869,TNIP1,-0.0009041962,-0.5940113034923055,0.8475046553618639,-0.8884647628640852,0.9998167265501986,-0.3389060565598267,0.9998751256512294
cg18352555,NFKB2,0.003621704,0.8372696448209895,0.7636725996046925,-0.014125383636397882,0.9998167265501986,0.7151924038136658,0.9998751256512294
cg04502390,TLR4,-0.012747583,-1.6268780988613316,0.46165199883743957,1.4598449116412873,0.9998167265501986,1.3506876636509486,0.9998751256512294
cg14858790,BCL3,0.0008643572,0.49332221269411086,0.8789574360847093,0.3740340704966043,0.9998167265501986,0.3865685844927437,0.9998751256512294
cg20168704,NFKBIZ,0.00095069123,0.5215959873713264,0.8704402673677001,0.06791011025072868,0.9998167265501986,1.1239657937429575,0.9998751256512294
cg06483883,IL6R,0.00089499645,0.3681761677304251,0.9143186879594565,-0.14826711940274415,0.9998167265501986,-0.519357425945851,0.9998751256512294
cg22734849,HLA-DRB1,0.0062683853,1.4005181234987438,0.5489240687135628,1.212733574095397,0.9998167265501986,0.3699175776203173,0.9998751256512294
cg07188645,CCL5,0.015083906,3.206217101788549,0.09184816913807273,1.5493043522050922,0.9998167265501986,2.1864807055619924,0.9998751256512294
cg00574580,TNFRSF1A,-0.016196879,-2.15432462291697,0.28128636943266466,1.1714151568289308,0.9998167265501986,1.546579411560281,0.9998751256512294
cg04718322,ITGAM,0.0024489108,1.191889094929668,0.6305424526976189,1.141719245874813,0.9998167265501986,1.3021705051141483,0.9998751256512294
cg06302284,CXCL10,0.013450145,2.25241912453657,0.2526002506701988,-0.06315379797479008,0.9998167265501986,0.4584031868818073,0.9998751256512294
cg24710904,MYD88,0.00022471085,0.2132521438950501,0.9540351974832909,-0.2198425851389863,0.9998167265501986,0.3131812012638462,0.9998751256512294
cg05101972,IL1R1,-0.00051696366,-0.18472975715490556,0.9608516891897176,-0.2690461989907999,0.9998167265501986,0.028702640977180397,0.9998751256512294
cg22370378,IL6ST,0.0046511753,1.1096186878181022,0.6616453625234076,0.6424133998870007,0.9998167265501986,-0.11513621368118629,0.9998751256512294
cg12481703,IKBKB,0.00084398786,0.807472485415155,0.7743420258059768,1.008476345127307,0.9998167265501986,1.1009371284808114,0.9998751256512294
cg20338572,ITGAX,0.00081711693,0.3129440324242018,0.9290157715566185,-0.3765610361203861,0.9998167265501986,-0.15307877680432405,0.9998751256512294
cg10104676,TNIP1,0.0014545934,0.956094182923283,0.7202299738914764,0.06307077039616717,0.9998167265501986,-0.3054434274209227,0.9998751256512294
cg04026543,BCL3,0.00037569867,0.28468980729535004,0.9361316174313241,1.534079802876003,0.9998167265501986,1.31884506625147,0.9998751256512294
cg01441666,IL6R,0.0010154718,1.4713702681152463,0.5217844018559408,1.7484961224560196,0.9998167265501986,1.2508140408476573,0.9998751256512294
cg17826736,IL6R,-0.00076257664,-0.2629257578681862,0.9415795667508032,-0.13859989098083914,0.9998167265501986,-0.6769118218783866,0.9998751256512294
cg03601896,IL6,-0.0040397225,-1.494015062335776,0.5127585217412314,-0.3421647430463109,0.9998167265501986,-0.4400893736161909,0.9998751256512294
cg16435600,TRAF6,0.000930227,1.1550278872444766,0.6444933563550057,1.5023961343789283,0.9998167265501986,1.4081983878705857,0.9998751256512294
cg02691398,IRF3,0.0010775867,0.7969972822659168,0.778309182914938,1.2310692849419271,0.9998167265501986,0.5052700592874173,0.9998751256512294
cg14749964,TNFRSF1A,0.0021452585,2.26552741603259,0.24927532896331858,1.8660035468749392,0.9998167265501986,1.5579588591229439,0.9998751256512294
cg08712870,TNIP1,0.00020558295,-0.026995141167311547,0.994814940075177,-0.5085354466026902,0.9998167265501986,-0.35506549237611856,0.9998751256512294
cg01385376,FCGR1A,-0.020092426,-2.85955960759782,0.12879173809937333,0.7987492516229147,0.9998167265501986,0.5800212849253141,0.9998751256512294
cg25841256,TLR6,-0.0016349985,-0.41427173865864486,0.9020268481292864,0.7556933124738882,0.9998167265501986,0.536780057921987,0.9998751256512294
cg04472718,IFNG,0.005019569,1.5651243736520168,0.4854150850125453,0.3827080131950696,0.9998167265501986,0.5353118951816658,0.9998751256512294
cg21889405,IL6R,-0.008191185,-2.583456062396416,0.1757180616484141,-0.9351789819461985,0.9998167265501986,-0.9015355534403853,0.9998751256512294
cg09547880,IL1A,-0.008086922,-2.550691252564257,0.18230984004382964,-0.4814612807961462,0.9998167265501986,-0.4314094196758994,0.9998751256512294
cg09321494,NFKB1,0.0005113913,0.2449025068102532,0.9462980134989678,0.21690810706844255,0.9998167265501986,0.059212749494835494,0.9998751256512294
cg12481667,IKBKB,0.0035279638,1.2830125812804636,0.5950458311889785,0.040497929993637924,0.9998167265501986,0.4781196581218071,0.9998751256512294
cg24392654,IL6ST,-0.00062634435,-0.2512706347361442,0.9445334850744147,0.2064909305629896,0.9998167265501986,0.8292065651725702,0.9998751256512294
cg01162064,RELA,0.0009485597,0.48620951537188617,0.8809140442859514,0.656592783966821,0.9998167265501986,1.2509456910911823,0.9998751256512294
cg19099034,IL1A,-0.001910369,-1.1135103954379582,0.6601177135677049,-1.4652560735753375,0.9998167265501986,-1.1067775737934071,0.9998751256512294
cg08639424,TNF,0.01497986,2.264655659483449,0.24957683141578313,-0.9030164964024738,0.9998167265501986,-0.24438438794688397,0.9998751256512294
cg01759172,MAP3K7,0.0038996874,0.8694667472042007,0.7517952259655851,-0.13906463285800447,0.9998167265501986,-0.8303133519072733,0.9998751256512294
cg08352965,TLR4,0.0005614181,0.4548779036038301,0.8903432147949798,-0.9068271221483806,0.9998167265501986,0.25652462897187395,0.9998751256512294
cg00398248,CD14,-0.0034971475,-2.0733143783145405,0.30579854798864675,-1.085292187358767,0.9998167265501986,-1.0464842672247938,0.9998751256512294
cg14581949,TLR2,-0.00573045,-2.5801711870239914,0.17638958926022952,-1.5650546718647718,0.9998167265501986,-1.7464496878426414,0.9998751256512294
cg16760512,MAPK8,-0.0014772417,-0.5048743545420401,0.8753458519738343,0.8129914180743976,0.9998167265501986,0.5866084025737865,0.9998751256512294
cg05887493,IL18,-0.015325673,-2.6311194290970774,0.16667845931806416,0.407165066804769,0.9998167265501986,0.5899140821771922,0.9998751256512294
cg22487972,TNFRSF1B,-0.0021009662,-0.9094901963268043,0.7374630407335078,-0.8754813714488205,0.9998167265501986,-0.6546501878904193,0.9998751256512294
cg01250864,IFNGR1,-0.0053008692,-1.5634092123822554,0.4860550965739601,-1.4239557237785432,0.9998167265501986,-1.7532353572251484,0.9998751256512294
cg09213696,IKBKE,0.0074522626,1.6806322623831955,0.44131961393570734,-0.7350130006164941,0.9998167265501986,-0.38711173840080926,0.9998751256512294
cg16916485,CD14,-0.0005590634,-0.07808455941303886,0.9850250335969065,0.6926858187033982,0.9998167265501986,1.0189428397722315,0.9998751256512294
cg08721301,TLR9,-0.015080382,-3.810704737242195,0.06146635963223244,-1.598771973623711,0.9998167265501986,-1.3624044849290942,0.9998751256512294
cg10942336,TNIP1,-0.007823086,-2.6337073611599306,0.16626819260319645,-0.8240271761460433,0.9998167265501986,-0.8847595142779672,0.9998751256512294
cg05460606,IRF7,-0.000852929,-0.2845689926653317,0.9361701637411122,0.30694488063989256,0.9998167265501986,0.6191250515150284,0.9998751256512294
cg16974138,TRAF6,-0.0019508234,-1.1060072621389943,0.6629584004515284,-0.2807930983566089,0.9998167265501986,-0.35900515529518917,0.9998751256512294
cg03341996,IL1RN,-0.012629757,-2.9624473586565947,0.11604866490337563,-0.6981448548068812,0.9998167265501986,-0.8715630075540054,0.9998751256512294
cg20310681,TNIP1,0.0053968485,1.4847563306166998,0.5165378031349076,0.6160052691754355,0.9998167265501986,0.9283376866712083,0.9998751256512294
cg00195218,RELB,-0.0015913955,-1.2608586070648313,0.6040094782785999,-1.5290701636682005,0.9998167265501986,-0.6824363156761698,0.9998751256512294
cg03496850,FCGR2A,0.0054404275,1.51159893481806,0.5060243623463128,0.42224978492350157,0.9998167265501986,0.7287380812609586,0.9998751256512294
cg01420037,IL6ST,-0.002113912,-0.6866321553902802,0.8166714270881348,-1.1319234241771552,0.9998167265501986,-1.2420400412634085,0.9998751256512294
cg04030954,IKBKB,4.3932283e-05,0.2185720234331394,0.9526286903465219,-0.20121117340911016,0.9998167265501986,-0.107639915489443,0.9998751256512294
cg13953976,IL1A,-0.0030949675,-0.7385844921355664,0.7992159952643744,0.07691435368107237,0.9998167265501986,0.4394469787651048,0.9998751256512294
cg26810474,NFKB2,0.0006160649,0.7320852133436525,0.8012289743625925,0.4281776155527513,0.9998167265501986,-0.30756716446357674,0.9998751256512294
cg16558263,MAPK14,-0.001398616,-0.7286224479285622,0.8023134433081145,-0.9529986452993994,0.9998167265501986,-0.7010131572425,0.9998751256512294
cg03900435,ITGAX,0.0024560108,0.8191751481330853,0.7700657671800129,0.33041126809737315,0.9998167265501986,-0.04924077923563003,0.9998751256512294
cg13646880,IL1R1,-0.007078342,-1.513671571257226,0.5051981031965993,-0.21060777628677732,0.9998167265501986,-0.09765856617338312,0.9998751256512294
cg05740439,CXCL10,-0.0006211212,-0.29272457411859815,0.9339559485011099,0.52922313749906,0.9998167265501986,0.3140453511167009,0.9998751256512294
cg00297776,NOS2,0.009253655,2.724259975427179,0.1499277279389621,1.000074840307106,0.9998167265501986,1.1566801700928075,0.9998751256512294
cg14497465,IL1RN,0.00397532,1.7275586206341311,0.42408931889576795,0.16894464002914206,0.9998167265501986,0.7049526073443563,0.9998751256512294
cg20567119,TRAF6,-0.012075231,-3.080616432157076,0.10397541004654906,-1.01156261461163,0.9998167265501986,-1.050751102866926,0.9998751256512294
cg27396918,IL6ST,0.0019278645,1.0659605774904084,0.678037840679626,0.49051611578685655,0.9998167265501986,0.5357796507106245,0.9998751256512294
cg22697359,CXCL8,-0.0048923553,-1.2611121744582214,0.603916007815532,0.39858626691737453,0.9998167265501986,0.4836640781188197,0.9998751256512294
cg14095805,HLA-DRA,0.004474784,1.6844477744346786,0.4399699907664104,1.7311246634285937,0.9998167265501986,1.4568584331410184,0.9998751256512294
cg19712251,FOS,-0.0022836388,-1.777293617038892,0.40656235182223804,-1.7949888152320674,0.9998167265501986,-2.3027493038596867,0.9998751256512294
cg23844188,TLR1,-0.0072348714,-1.61106060224137,0.46794607436588,-0.2753428405936575,0.9998167265501986,0.24663821381759923,0.9998751256512294
cg23801786,TICAM1,-0.00019535919,-0.42243210110981294,0.8995728269775797,-0.940418190196063,0.9998167265501986,-0.5505007938359101,0.9998751256512294
cg04008427,FCGR2A,-0.0068729087,-0.6709687014892705,0.821684793987551,2.785339960762383,0.9998167265501986,3.571190411969464,0.9998751256512294
cg17831700,TNIP1,-0.000266117,-0.26037134277266016,0.9422356131779646,0.05798014393877588,0.9998167265501986,0.35831680480871525,0.9998751256512294
cg12913658,CXCL9,-0.00069806085,-0.3306297838895702,0.9244132605260926,0.9340816998549623,0.9998167265501986,0.43200232556752943,0.9998751256512294
cg22548158,STAT3,0.0012657258,1.2462651634468722,0.6096959255720557,1.8528271879637994,0.9998167265501986,1.62302607659739,0.9998751256512294
cg14670793,IL1R1,0.0018078886,0.595943909673093,0.8468719556967818,0.8857798364028879,0.9998167265501986,0.6495672564671707,0.9998751256512294
cg00448525,NLRP3,-0.02856022,-2.674835897785777,0.1583590101448842,0.9849507602488133,0.9998167265501986,0.8355716993628843,0.9998751256512294
cg21109795,BCL3,-0.0007733724,-0.3407912410117692,0.9217886617942971,0.4600908260785774,0.9998167265501986,0.8582595304410354,0.9998751256512294
cg21785978,IL6,0.0017945912,0.7247267757976529,0.8037309726282902,1.1989630993893277,0.9998167265501986,0.792150292290751,0.9998751256512294
cg02140506,MAP3K7,0.0003917128,0.33385052820606453,0.9236459635218485,-0.3358146128338044,0.9998167265501986,-0.6363780980672678,0.9998751256512294
cg07215350,IRF3,5.1956467e-05,0.07192263739636694,0.9862769725664567,0.0790501792395617,0.9998167265501986,0.18943392089742558,0.9998751256512294
cg11870538,MAPK8,-0.00080121786,-0.4357460748775776,0.8956421857327188,-0.09073218576412811,0.9998167265501986,0.21682409173902725,0.9998751256512294
cg21861175,IL1R1,0.002552365,0.8507839557976148,0.7587397120275539,-0.16702737818708102,0.9998167265501986,0.05039129920062575,0.9998751256512294
cg12482479,IKBKB,0.0022081842,1.2515032768044916,0.6075599203305629,0.45529519300491117,0.9998167265501986,0.5254323319106499,0.9998751256512294
cg04745240,MAP3K7,-0.00081111386,-0.30240434044061204,0.9318068714636202,-0.5594729945434701,0.9998167265501986,-0.8366296547782454,0.9998751256512294
cg23163475,TRAF6,-0.00011826536,0.04858168157706942,0.9908686980578436,-0.05294849212878793,0.9998167265501986,-0.18554845156822158,0.9998751256512294
cg00929661,IL6R,0.0014415615,0.6524394375338394,0.8278284019656166,0.8624133773218011,0.9998167265501986,0.8813573297623116,0.9998751256512294
cg25785480,S100A8,-0.026841298,-2.7509532520414925,0.14531165036173727,1.2300181128516894,0.9998167265501986,1.928333800792194,0.9998751256512294
cg22361979,NFKBIZ,0.0019050835,0.7160368561678647,0.8068855041597273,0.4697443119205066,0.9998167265501986,1.0604788784974424,0.9998751256512294
cg22453342,IL1R1,-0.0006228829,-0.5580630823075414,0.8590314730013942,-1.2268762862140523,0.9998167265501986,-0.4808655631088015,0.9998751256512294
cg06392470,MAP3K7,-0.0053036897,-3.0165482570705544,0.11009569452824722,-2.0164675843051754,0.9998167265501986,-1.7977046648324577,0.9998751256512294
cg08902905,TLR4,-0.00685251,-3.7874887218105218,0.06185348425292418,-1.970734927336578,0.9998167265501986,-1.7891277708388897,0.9998751256512294
cg06441714,CX3CR1,-0.0005985167,-0.3169171132234001,0.9278831765875181,0.7012044509159262,0.9998167265501986,0.8553821347391539,0.9998751256512294
cg14003984,TLR1,-0.0048209224,-0.5707875208434234,0.8548610260052962,-0.4211889598482915,0.9998167265501986,-0.5499762034944002,0.9998751256512294
cg06415931,NFKBIZ,0.002061491,1.9463817822230032,0.3467698462397929,1.6805077486697213,0.9998167265501986,1.2560712062861261,0.9998751256512294
cg17100215,S100A12,0.0015752489,0.44878674658399564,0.8919382283566357,0.3661569358867579,0.9998167265501986,-0.2526384123144736,0.9998751256512294
cg22362658,NOS2,0.00076640956,0.39177892090854666,0.9080479107745508,-0.07545515826432726,0.9998167265501986,-0.07301278897883101,0.9998751256512294
cg21683635,STAT1,0.0005401039,0.24658797040868838,0.9458889024762975,0.05924522396378797,0.9998167265501986,-0.6778346497703857,0.9998751256512294
cg22834109,CXCL8,0.003308266,1.3911571902537005,0.5525354006514591,-0.1806845734231849,0.9998167265501986,-0.07016780647237364,0.9998751256512294
cg14166760,TLR4,0.00457483,1.9692994515671098,0.33921053672431184,0.07945322472686382,0.9998167265501986,-0.037485987057261534,0.9998751256512294
cg10383008,NFKBIZ,-0.0038287726,-0.4567590997888147,0.8898063694074388,-0.44616573670269916,0.9998167265501986,-0.158851427459139,0.9998751256512294
cg26359836,CASP1,-0.0022198895,-1.4986104488232392,0.5110193874270846,-1.2233470884487079,0.9998167265501986,-1.2149614627545955,0.9998751256512294
cg12481704,IKBKB,0.0006791912,0.5060152734214687,0.8750654388864597,-0.002028038596639095,0.9999462663383635,-0.38809986002297614,0.9998751256512294
cg18678599,NLRP3,-0.007380237,-1.2582271417935342,0.6048822451702507,1.410543547964911,0.9998167265501986,0.24177109920421289,0.9998751256512294
cg21133837,S100A9,-0.0018120204,-0.9293848311568271,0.73032555648718,1.186237669608956,0.9998167265501986,1.6660604581705878,0.9998751256512294
cg02955348,NFKBIZ,-0.001263132,-0.2525422996724476,0.9442537987054439,-0.6783477893596849,0.9998167265501986,-1.375391432571962,0.9998751256512294
cg17716965,TLR9,-0.0072680493,-2.522091784299054,0.18856271090879553,-0.854400820236063,0.9998167265501986,-0.7266116122218076,0.9998751256512294
cg10219562,TLR4,0.003146897,1.2551617696674824,0.6061059593311097,-0.28626380491815917,0.9998167265501986,-0.2996084370132189,0.9998751256512294
cg16799223,SPI1,-0.014191932,-3.0296631272819843,0.10885199243816202,-0.37932714293088815,0.9998167265501986,-0.11831692003130684,0.9998751256512294
cg01013002,MAPK14,0.0027263865,1.7524498726891,0.4153472702954211,1.638767799016125,0.9998167265501986,1.9526804736021843,0.9998751256512294
cg09711238,IFNG,0.01658826,1.612475518692934,0.4673195193116577,0.16908575183777508,0.9998167265501986,0.15900544421005236,0.9998751256512294
cg19978379,TNF,0.023149697,4.519007992159703,0.05938606543433856,2.060123381531064,0.9998167265501986,2.4315421642586674,0.9998751256512294
cg27114851,LY96,0.005314928,1.3218114667275136,0.5800652409361802,1.5622518141610247,0.9998167265501986,1.3136542799528101,0.9998751256512294
cg21428887,IRF1,0.00064383744,0.3543106898163618,0.9180169869532586,1.0676770855738156,0.9998167265501986,0.07990556086683702,0.9998751256512294
cg04944278,TNIP1,0.00389898,1.598106809306452,0.47254533261166376,1.031207525746605,0.9998167265501986,1.3359966037114623,0.9998751256512294
cg01442195,IL6R,0.0030312242,1.2300405946225446,0.6158455392985656,1.0019536349834754,0.9998167265501986,0.4343766515530682,0.9998751256512294
cg15187756,MYD88,0.0003546047,0.17675303357075792,0.962445498412788,0.590860413942326,0.9998167265501986,0.9725557197816849,0.9998751256512294
cg08341819,MYD88,0.00019005268,0.2797937010787008,0.9373264950588283,0.5449372397060395,0.9998167265501986,0.3065348931356452,0.9998751256512294
cg03173141,CD68,-0.0032233484,-1.0483914774142005,0.684923198071632,0.0003205967648305929,0.9999916352384989,-0.30988005980110084,0.9998751256512294
cg17411367,RELB,0.002835611,1.2208020813919074,0.6195336108411814,1.62498549970204,0.9998167265501986,2.3304492718243037,0.9998751256512294
cg17557533,TLR6,-4.278841e-05,-0.03619586710437634,0.9931766368629271,1.2692053143860063,0.9998167265501986,0.9667449538277991,0.9998751256512294
cg09640053,NOS2,0.0019262726,0.9526540990117751,0.7213462940973301,-0.15750240616691172,0.9998167265501986,-0.413690853170649,0.9998751256512294
cg17258900,IFNGR1,-0.00047114864,-0.08654378857030538,0.9832031863819933,-1.2461563376443938,0.9998167265501986,-0.7006125060904409,0.9998751256512294
cg21968799,STAT1,0.0004885349,0.4367433712082726,0.8953533471100434,0.3677860005967857,0.9998167265501986,0.931713428634918,0.9998751256512294
cg02544380,IL10,-0.020453982,-2.915736529240955,0.12173429259946908,0.26864475926360865,0.9998167265501986,-0.007683439370906,0.9998751256512294
cg00303311,IL1RN,9.520965e-05,-0.1398234761704815,0.9717219209725704,-0.43056870222515614,0.9998167265501986,0.35469884415780645,0.9998751256512294
cg00685976,S100A8,-0.01744084,-2.536021780649216,0.1854445552483171,1.192593059168682,0.9998167265501986,1.5020164383416474,0.9998751256512294
cg18181654,CX3CR1,0.0027909193,0.9310579809344695,0.7297507258038799,-0.33182896247764865,0.9998167265501986,-0.1308227477608597,0.9998751256512294
cg21738582,NFKBIA,7.7353434e-05,0.12558238769049151,0.9748136006374749,0.25480200786129564,0.9998167265501986,0.15473446104302552,0.9998751256512294
cg15230320,IL6R,-0.0020102765,-1.0486751887341224,0.6848438122333068,0.9738161333669787,0.9998167265501986,0.24058774528067864,0.9998751256512294
cg02812989,S100A9,-0.0047470513,-1.8962702250149674,0.36436878352524144,0.1898461396560441,0.9998167265501986,1.0958457968912787,0.9998751256512294
cg15573132,NFKBIZ,-0.0022754648,-1.388641250072707,0.5535206331375909,-1.791254646814207,0.9998167265501986,-1.855572451876104,0.9998751256512294
cg10395950,NFKB1,0.0024881037,1.0495515996680882,0.6844935445019246,-0.3300789287191919,0.9998167265501986,0.6252076910091353,0.9998751256512294
cg25491043,CD14,0.0014358956,0.42936440897406286,0.897410460965613,0.020757410994214655,0.9998167265501986,-0.170245173442063,0.9998751256512294
cg04512268,NFKBIZ,-0.00030944613,-0.43447435818839125,0.8960351208581503,0.14829845972590822,0.9998167265501986,-0.18144759360890358,0.9998751256512294
cg01719237,PTGS2,-0.00040489272,-0.013642206079078309,0.9973966737610301,0.3411217674159814,0.9998167265501986,0.26196951071041763,0.9998751256512294
cg09595853,TLR9,0.003675834,0.627310352456436,0.8363582359707133,-0.678717665515243,0.9998167265501986,-1.1700396821886005,0.9998751256512294
cg26761960,LYZ,0.0053921062,2.0167156744893315,0.32375200491626765,1.26039184230111,0.9998167265501986,0.8343637432500125,0.9998751256512294
cg25255913,FCGR2A,-0.026250387,-3.5249213597022435,0.07144324598931709,-0.9538778724750754,0.9998167265501986,-0.3290398087859178,0.9998751256512294
cg24154170,S100A8,-0.013285129,-2.664712113986051,0.16015136825474974,0.9150449150630278,0.9998167265501986,0.556706392443466,0.9998751256512294
cg26773829,RELB,0.001997844,0.856367740288549,0.7567133370694954,2.0069323521290596,0.9998167265501986,1.4789282580966672,0.9998751256512294
cg04859800,IL1A,6.6114844e-05,0.07897922211152132,0.9848700128290284,0.6854174234286102,0.9998167265501986,0.5806495496811364,0.9998751256512294
cg06464065,TLR6,0.006688421,2.8144715886181553,0.13560768666099896,1.668995378898745,0.9998167265501986,1.6233750379531737,0.9998751256512294
cg09418290,NLRP3,-0.0007845163,-0.6336072418128399,0.8342556287685012,0.18704859728854503,0.9998167265501986,0.27162049560019486,0.9998751256512294
cg16903846,NFKBIA,-0.0026582398,-1.3004856342021736,0.5881031512926492,-0.9740744397733432,0.9998167265501986,-0.04626859948564749,0.9998751256512294
cg06562647,IKBKB,0.0039074896,1.8972023131493545,0.3641070039948914,0.9492447203364991,0.9998167265501986,1.2976478441851163,0.9998751256512294
cg01385765,NFKB1,3.0249901e-05,-0.035232146156982155,0.9933311418776092,-0.43779914721166796,0.9998167265501986,-0.3369000726901408,0.9998751256512294
cg16266219,TLR4,-0.014996131,-2.310064159131611,0.237977681069703,1.098448421352408,0.9998167265501986,1.2806660261888372,0.9998751256512294
cg00243287,TNFRSF1B,0.0026946233,1.2236924736423198,0.618455869455856,0.09775657945816009,0.9998167265501986,-0.4497137525006522,0.9998751256512294
cg05287928,NFKBIZ,-0.03067984,-4.3887330853373605,0.059805117660152556,-2.05742625791628,0.9998167265501986,-1.455842998682227,0.9998751256512294
cg22629424,IL6ST,-0.00017543296,-0.20196941779115216,0.9567865804111804,-1.6607889519402674,0.9998167265501986,-1.6965978827102142,0.9998751256512294
cg07998476,IL6ST,0.0013295567,0.5711528153140242,0.8547588833388765,1.5165843947144537,0.9998167265501986,1.320386693805081,0.9998751256512294
cg15921010,IKBKB,0.00023200408,0.19375507611931725,0.9587913116330331,0.6160742818140504,0.9998167265501986,0.7003393665365989,0.9998751256512294
cg08115239,IL1A,0.0014978516,1.6910478435131238,0.4375342645134073,0.6781440121537123,0.9998167265501986,1.5495342473975924,0.9998751256512294
cg08712282,TNIP1,-0.0014476837,-0.9598970539039325,0.7189031328927477,-1.2179989382391325,0.9998167265501986,-0.8976195017664428,0.9998751256512294
cg16382162,NFKB2,-0.00063201925,-0.28973455135461174,0.934728734640516,-0.5820289083795931,0.9998167265501986,-0.6475349207852169,0.9998751256512294
cg00237947,RELA,0.0016868076,1.2179686549673443,0.62069489176619,0.1991434174916062,0.9998167265501986,0.5898006089621489,0.9998751256512294
cg15815930,RELB,-0.0034587875,-1.5689615151327814,0.484037073610392,-0.5208137081138577,0.9998167265501986,-0.15511260332376747,0.9998751256512294
cg16971599,TNFRSF1A,0.0017193443,0.6816246769779638,0.8184127067027595,0.7372877518392837,0.9998167265501986,1.2339474496226328,0.9998751256512294
cg12552744,IKBKB,-0.0123625705,-2.6589271492445223,0.16112986452124203,-0.9866635831327192,0.9998167265501986,-0.9673048265834165,0.9998751256512294
cg03342003,IL1RN,-0.015701627,-2.606301287456062,0.1712244921280816,0.4067732526919694,0.9998167265501986,1.4299649223555069,0.9998751256512294
cg15387055,IL1A,0.0029609236,1.8718964816023427,0.37295227878382253,0.8628877961929665,0.9998167265501986,1.35304573686671,0.9998751256512294
cg06899436,NFKB1,0.0017455722,1.1317768552128447,0.6532363789060395,0.4180088740229431,0.9998167265501986,0.3060666383480994,0.9998751256512294
cg11264678,STAT3,0.007548569,1.9417263133346794,0.3482760797424165,0.2818020531026105,0.9998167265501986,0.5568389841427909,0.9998751256512294
cg08712103,TNIP1,-0.0011169948,-0.4621718099044663,0.8883024137020117,0.1511486180188031,0.9998167265501986,0.5784377739235301,0.9998751256512294
cg12482688,IKBKB,-0.020358643,-3.235344536127621,0.08919558670278505,-0.2726576311924589,0.9998167265501986,0.2963026303140343,0.9998751256512294
cg17775148,LYZ,-0.015305354,-2.00978638210759,0.32600759387350114,1.8590033557179868,0.9998167265501986,1.395764521058049,0.9998751256512294
cg13631570,IL1RAP,0.0010082247,0.7206154259580213,0.8053876691070148,0.6574273313031468,0.9998167265501986,0.31718014327960486,0.9998751256512294
cg15880258,IRF7,0.0070459982,2.8205966513922696,0.13467724024202307,2.5355841615181878,0.9998167265501986,2.4904509102546055,0.9998751256512294
cg00351190,TICAM1,-0.000395372,-0.19084489285636125,0.9593349776744753,1.0448383751290362,0.9998167265501986,0.7985817957319769,0.9998751256512294
cg17545445,PTGS2,0.0013161522,0.7379085132897375,0.7994017588094233,0.461381190283384,0.9998167265501986,1.1980501751954136,0.9998751256512294
cg15281998,JUN,-0.0012353775,-0.5928623038941363,0.847794409730211,-0.44119381110474176,0.9998167265501986,0.10517489336364366,0.9998751256512294
cg21384355,PYCARD,0.00083422667,0.7056905796757315,0.810463250708847,0.2762746514936012,0.9998167265501986,-0.017773365933201286,0.9998751256512294
cg09115984,PYCARD,-0.019010851,-3.8311309714173993,0.06146635963223244,-1.41502895317939,0.9998167265501986,-1.2687031508062583,0.9998751256512294
cg16617510,TNFRSF1A,0.0036923445,1.8181724806436803,0.39182087156823703,1.5411062047754067,0.9998167265501986,0.9738010874891219,0.9998751256512294
cg05440824,CCL2,0.0037259886,2.1154346670479494,0.29260739416998255,0.5957829082472643,0.9998167265501986,1.1067025501912102,0.9998751256512294
cg16518861,NFKBIA,0.00752809,2.3360369446070073,0.2315700672776164,-0.17518992229039113,0.9998167265501986,0.280058817100753,0.9998751256512294
cg00087799,TICAM1,-0.0014798323,-1.3138898284217437,0.5830124615896876,-1.7639121972673601,0.9998167265501986,-2.0938747329712037,0.9998751256512294
cg01337508,STAT3,0.0017331366,1.4645581075390124,0.5244780654552919,0.41624808305183975,0.9998167265501986,0.7442620065739572,0.9998751256512294
cg09476841,STAT3,0.0024419483,1.7713532275972474,0.4084830230538246,1.3560929980121794,0.9998167265501986,1.3911067122181935,0.9998751256512294
cg05214748,PYCARD,-0.0041980213,-1.9515816332732647,0.3449626181948351,-0.3657650919783056,0.9998167265501986,-0.5543613815428072,0.9998751256512294
cg10565512,FOS,0.0021833603,1.0400366093886526,0.6884716283895411,0.27931746452572864,0.9998167265501986,-0.1314858328613215,0.9998751256512294
cg26648758,TICAM1,-0.00025079053,-0.15513807060991178,0.9679111164410521,-0.20887369506143735,0.9998167265501986,-0.022893830461442343,0.9998751256512294
cg17411949,STAT3,0.001213424,0.7506174686837654,0.794943981807419,0.6824830370449098,0.9998167265501986,1.1751802821394466,0.9998751256512294
cg21606696,BCL3,0.0021110983,0.7203643399105488,0.8054850345595345,0.72793654115989,0.9998167265501986,-0.21571050198625794,0.9998751256512294
cg05902273,SOCS1,-0.0007781518,-0.6171741565059883,0.839924454552528,0.5043440674730387,0.9998167265501986,0.29943903756969753,0.9998751256512294
cg17191872,CCL4,0.0040886244,0.8716951321500889,0.7509811030958669,0.2003510173196444,0.9998167265501986,1.0626957346443806,0.9998751256512294
cg00794038,CEBPB,-0.0016229519,-0.9121561148471783,0.7365802783871194,-0.7154727265749499,0.9998167265501986,-0.3532167064460933,0.9998751256512294
cg00674265,SOCS1,0.0013502215,0.7708442263301084,0.7878558829753228,1.1398775810984134,0.9998167265501986,1.1716633292395933,0.9998751256512294
cg11459773,BCL3,0.0011876595,0.9674567394653265,0.7159230280376416,0.6566434303833085,0.9998167265501986,0.3881161751345305,0.9998751256512294
cg02867514,CCL5,0.014063448,3.7542647006164307,0.0625108150109357,2.017209083926851,0.9998167265501986,3.534520548203254,0.9998751256512294
cg23269663,BCL3,8.794773e-06,0.07082182004095672,0.9864966359384943,-0.12699522129080207,0.9998167265501986,1.3024649247529554,0.9998751256512294
cg13819869,FOS,-0.0012463224,-1.4760285474870753,0.5200296050312929,-1.9716913151319722,0.9998167265501986,-1.9110053418884396,0.9998751256512294
cg02759622,TICAM1,-0.0011999891,-0.9940862121131208,0.7060924431237875,-0.053401087129368405,0.9998167265501986,-0.07873214419528621,0.9998751256512294
cg22761099,IRF3,0.0007329157,0.560303650640783,0.8582653644725508,0.91876202768997,0.9998167265501986,0.7955471343956945,0.9998751256512294
cg07780782,STAT3,-0.007943812,-2.316326376779268,0.23643047151530214,0.10172520835746783,0.9998167265501986,0.2558108040793708,0.9998751256512294
cg05495029,IRF3,0.0023585956,1.485757832064794,0.5161198655016973,1.261659334853818,0.9998167265501986,0.790041443317434,0.9998751256512294
cg10371560,ITGAM,0.0012046243,0.38818815617742397,0.9090067830256054,0.4574155223204216,0.9998167265501986,0.7545241388022454,0.9998751256512294
cg27256066,IRF8,-0.0028768624,-0.32992829483632485,0.9245759861520679,0.7235156540319325,0.9998167265501986,0.24053187751114619,0.9998751256512294
cg01220257,BCL3,-0.00010506687,-0.09285255185850647,0.9819111432352164,0.27603355929134354,0.9998167265501986,0.4240808175190395,0.9998751256512294
cg11569431,RELB,0.0029581783,1.168889767852945,0.6395229842162334,0.9136346794380511,0.9998167265501986,1.1075729717228737,0.9998751256512294
cg18717355,FOS,0.00050270616,0.4046788174519998,0.9048198591242622,0.26133956504342776,0.9998167265501986,0.26846543796508165,0.9998751256512294
cg20890145,IFNG,0.000898185,0.6020254678026887,0.8449222983517679,-0.35959177821617394,0.9998167265501986,0.10635083243215451,0.9998751256512294
cg13655938,STAT3,1.2221403e-05,0.19686355453339352,0.9579657290657821,-0.300220096218664,0.9998167265501986,-0.07953407957343686,0.9998751256512294
cg00187837,IL1R1,-0.00077444763,-0.5577741836579395,0.8591592969067937,-1.2255159995058171,0.9998167265501986,-0.5287806188983992,0.9998751256512294
cg10150406,TNFAIP3,0.0031218673,1.4079647106224138,0.5459682410248785,1.2659174577345516,0.9998167265501986,0.5908763760970753,0.9998751256512294
cg10150374,TNFAIP3,0.0020136363,1.4375535077580512,0.5347643279673311,1.3005285747358295,0.9998167265501986,1.9228204278394276,0.9998751256512294
cg10150354,TNFAIP3,0.0023392446,1.4142373919870703,0.5437813425241299,1.3770673225448389,0.9998167265501986,1.1925949081401046,0.9998751256512294
cg10150325,TNFAIP3,-0.0005300617,-0.31044261169957793,0.9297247119229826,-1.3775935600559674,0.9998167265501986,-1.5929273738508452,0.9998751256512294
cg10150320,TNFAIP3,0.0032601696,1.2513453967324815,0.6076129720699125,0.5418867990506874,0.9998167265501986,0.5347154156044945,0.9998751256512294
cg10150281,TNFAIP3,0.01943502,2.8572824321231987,0.1291014666554606,-0.0018755149073183628,0.9999462663383635,0.41806380993906694,0.9998751256512294
cg00829308,JUN,-0.00013166032,-0.12379879988650559,0.9752834217225133,0.8106499780793314,0.9998167265501986,0.36140741690981587,0.9998751256512294
cg19381630,NFKBIA,0.003954002,1.7194585739468313,0.42732293430982776,0.21384920301547047,0.9998167265501986,-0.2608177324359976,0.9998751256512294
cg19381625,NFKBIA,0.00908582,1.9342259760238318,0.35094030635519813,-0.48565035207562934,0.9998167265501986,-0.0638425388112572,0.9998751256512294
cg19381617,NFKBIA,0.011387426,2.8206545437479273,0.1346749378829524,-0.4429303464874005,0.9998167265501986,-0.10641283711141276,0.9998751256512294
cg19381610,NFKBIA,0.0042318506,0.6269616872723666,0.8365183730677648,-0.36390403798042525,0.9998167265501986,-0.4752998065323922,0.9998751256512294
cg13108842,MYC,-0.026728446,-4.109138899641444,0.06048876637039014,-1.414893928747205,0.9998167265501986,-1.1596859028462823,0.9998751256512294
cg13108750,MYC,-0.001365197,-0.9278051675262766,0.7307310846507687,0.5050163784224652,0.9998167265501986,0.3985609957038436,0.9998751256512294
cg13108616,MYC,7.761988e-05,0.17851123251853854,0.9620183615051022,-0.35107274196085925,0.9998167265501986,-0.8647345144101738,0.9998751256512294
cg06658391,IL1RN,0.0025454024,0.8494132343723849,0.7592067485597329,-0.9009929029773341,0.9998167265501986,-0.3634877057025273,0.9998751256512294
cg26534425,IL18,-0.006526323,-1.8698789187320772,0.37365461663474436,0.4873242553857412,0.9998167265501986,0.4789802214050413,0.9998751256512294
cg09316306,TLR1,8.3730825e-05,-0.5120998233553715,0.8731906206571232,-0.07280406461297671,0.9998167265501986,-0.5531956654580306,0.9998751256512294
cg25087154,IL1RAP,-0.00039401904,-0.2027706055091288,0.9565734689085442,0.17465121593139435,0.9998167265501986,0.3349479260469107,0.9998751256512294
cg02515422,TLR4,-0.0013075568,-1.1831377689717681,0.6340117963366355,-0.7916236145328001,0.9998167265501986,-0.6818972638046202,0.9998751256512294
cg00243594,TNFRSF1B,-0.00012644407,0.2754634728020943,0.9385326734028367,1.9533064223684806,0.9998167265501986,2.0014187607819296,0.9998751256512294
cg07998456,IL6ST,-0.007390537,-2.0455813668825895,0.31434804787238185,-0.6681216489000898,0.9998167265501986,-0.7219593271801295,0.9998751256512294
cg12642815,TNIP1,1.7592876e-05,0.030380844524365923,0.9943170105408067,1.7129910009052143,0.9998167265501986,1.050288224016596,0.9998751256512294
cg01877203,IL10,-0.004437596,-1.3113989197968992,0.583829617214859,-0.8788684972213593,0.9998167265501986,-2.0361021392908376,0.9998751256512294
cg01877200,IL10,-0.0070804833,-1.694115914732493,0.4364222744641576,0.6577780515663231,0.9998167265501986,0.4054419813379176,0.9998751256512294
cg01877175,IL10,0.002546038,1.9205349517362107,0.35610174931829547,1.268482350593561,0.9998167265501986,0.8850267578918205,0.9998751256512294
cg01873869,IKBKE,-0.011742761,-2.34478064700021,0.22944739712978401,1.7856335921968347,0.9998167265501986,2.326476591346221,0.9998751256512294
cg01873836,IKBKE,0.0041704345,1.7089698357477736,0.4308479666397305,1.8050144715535579,0.9998167265501986,1.34779467687862,0.9998751256512294
cg01873828,IKBKE,0.0015328068,0.7718125559145912,0.7874257970193227,0.5707409135894395,0.9998167265501986,0.12818254763625483,0.9998751256512294
cg01873823,IKBKE,0.0017366232,0.6547744378133273,0.8270202695583768,0.10423167750364783,0.9998167265501986,0.1854390051102647,0.9998751256512294
cg01873804,IKBKE,-0.0023187022,-0.19386169356554833,0.958760824709546,-0.38716701037604473,0.9998167265501986,-0.6987468397245706,0.9998751256512294
cg01873786,IKBKE,0.00027653086,0.06613264942398044,0.9875472960992693,0.0786591789023771,0.9998167265501986,-0.04852204655298534,0.9998751256512294
cg01873696,IKBKE,-0.0015369845,-0.7345181654303637,0.80033471011558,-0.6022751028302215,0.9998167265501986,-1.2992754253479337,0.9998751256512294
cg01873691,IKBKE,-0.0011222693,-0.5860845208978003,0.8497873271103439,0.274020235786613,0.9998167265501986,0.26061942150602585,0.9998751256512294
cg01873624,IKBKE,0.0039852303,1.5676846112123368,0.4845399362643374,0.9822237541472749,0.9998167265501986,0.9989554213522852,0.9998751256512294
cg01873610,IKBKE,-0.0006183618,-0.4074602486368005,0.9040522329978087,-0.8622036638891346,0.9998167265501986,-0.11985335030301503,0.9998751256512294
cg01873598,IKBKE,5.1715513e-05,0.035615294639616095,0.9932581664704643,0.011129660196885128,0.9998167265501986,0.8285977583577717,0.9998751256512294
cg01873583,IKBKE,-0.0032980777,-1.3630703560577266,0.5637380446194588,-1.0778158462057443,0.9998167265501986,-1.4746355085760425,0.9998751256512294
cg01873552,IKBKE,0.004671779,2.265373588368427,0.24931458598643336,2.6324721706780596,0.9998167265501986,1.382100793452695,0.9998751256512294
cg01873520,IKBKE,0.0012255425,1.008183509927657,0.7006638952792567,1.6888519198596368,0.9998167265501986,1.801472987103334,0.9998751256512294
cg01873488,IKBKE,0.0013677966,0.6520174072640168,0.827963110122413,0.5827272305217283,0.9998167265501986,0.4658785030190997,0.9998751256512294
cg01873469,IKBKE,-0.0017550926,-0.9690489985922656,0.7153564173322686,-0.964172497501847,0.9998167265501986,-1.4427255850127243,0.9998751256512294
cg21792150,NFKBIZ,-0.00039092402,0.11244401862502892,0.9777013320247085,0.5620985474829402,0.9998167265501986,0.3967188256599271,0.9998751256512294
cg21792150,NFKBIZ,-0.0014059924,-0.689320804445689,0.8157007542350532,-0.6345885638201866,0.9998167265501986,-0.3122995844469111,0.9998751256512294
cg21792150,NFKBIZ,0.0019693435,0.7702231895695845,0.7879956320645922,0.41801883400450285,0.9998167265501986,-0.4454726921916246,0.9998751256512294
cg22480558,TNIP1,-0.009631059,-2.923702773727283,0.12057556612136877,-1.6728272987167871,0.9998167265501986,-2.2537412863152317,0.9998751256512294
cg15633035,IL6R,-0.007890182,-1.253343533347967,0.6068534782734224,1.145374852211444,0.9998167265501986,1.0721160148492421,0.9998751256512294
cg21133318,SOCS1,0.024227474,2.9770873812228547,0.1142619824428011,0.4978265044991865,0.9998167265501986,0.7740327025362008,0.9998751256512294
cg14578677,TLR6,-0.026200267,-3.18386846001173,0.09365487516316359,0.0533592767138081,0.9998167265501986,0.10988790414079182,0.9998751256512294
cg16479763,RELA,0.011568224,1.1597686190843317,0.6428241372786057,0.6001988972842227,0.9998167265501986,-0.06956661940379752,0.9998751256512294
cg06898635,NFKB1,0.0019962548,1.428633869064679,0.5382870190736032,1.3396738229621659,0.9998167265501986,1.1141453567966428,0.9998751256512294
cg07998457,IL6ST,0.0018160855,0.26926533776466555,0.9401701689216927,1.49264388455837,0.9998167265501986,0.960990072234896,0.9998751256512294
cg22362433,NOS2,0.00246278,1.001391517798667,0.7032844049620292,0.6204960993385539,0.9998167265501986,0.8237081097035003,0.9998751256512294
cg15498703,NFKB2,0.0067253346,2.181795696254066,0.27309838725249935,0.503961853343325,0.9998167265501986,0.10889855485545588,0.9998751256512294
cg17229682,TNFRSF1A,-0.004555658,-1.3942616408407016,0.5512469732251934,-1.1378199836658167,0.9998167265501986,-1.1742373320816946,0.9998751256512294
cg17229676,TNFRSF1A,0.006872921,2.0144660463741175,0.3244991268425557,0.4786222528474284,0.9998167265501986,0.1826588583282388,0.9998751256512294
cg01873582,IKBKE,0.0018132874,0.8309545793225517,0.7658930516615327,0.8651142102607658,0.9998167265501986,0.44496366361229844,0.9998751256512294
cg05288173,NFKBIZ,0.0026696923,1.607821400840231,0.4690202785948046,1.3548311140601978,0.9998167265501986,2.1689989734514543,0.9998751256512294
cg09055507,PYCARD,0.00046492965,0.21202174181563366,0.9543383687950587,1.1336964629181072,0.9998167265501986,0.6034370714327694,0.9998751256512294
cg01521436,IL1A,-0.006404081,-1.8526863416272796,0.37956939904379244,0.5617570197760879,0.9998167265501986,0.18175404040811363,0.9998751256512294
cg05509789,CXCL2,0.011718928,2.579915615188364,0.17640984967677314,0.16433214695466114,0.9998167265501986,0.11644313418372658,0.9998751256512294
cg03199006,CXCL9,0.0009793055,0.23590284694300567,0.9485833090065053,-0.5185795584922198,0.9998167265501986,-0.9467853851388753,0.9998751256512294
cg04100971,IL18,0.0016075813,0.9445524415529704,0.724552744122937,0.4800032970775474,0.9998167265501986,0.046915762415801095,0.9998751256512294
cg00287826,TLR4,0.009608996,1.9576925429365648,0.34313774495793564,1.6399135928894113,0.9998167265501986,1.689319187733471,0.9998751256512294
