"chr","start","end","value","area","cluster","indexStart","indexEnd","L","clusterL"
"chr20",64038010,64038438,-0.119230361933142,0.596151809665709,55662,58960,264862,205903,5
"chr9",128881742,128882760,0.114177872728725,0.570889363643625,85921,81202,280564,199363,14
"chr14",63543353,63544006,-0.128356013080505,0.513424052322018,25919,210941,283171,72231,16
"chr10",133087775,133088185,-0.0985645636554979,0.49282281827749,12482,42276,49368,7093,10
"chr11",10808683,10809108,0.121701997149249,0.486807988596996,13533,78808,117763,38956,23
"chr5",180591495,180591735,0.121551895544838,0.486207582179353,71293,13673,33324,19652,11
"chr3",5187014,5188208,-0.119768425597354,0.479073702389415,59082,239979,309486,69508,14
"chr19",44002689,44003005,0.119494049761001,0.477976199044005,45443,77366,195772,118407,12
"chr2",55419486,55420344,0.118569311584467,0.474277246337869,48670,93091,164481,71391,13
"chr1",212700284,212701210,0.118470161507558,0.473880646030234,7819,152747,279833,127087,10
"chr2",206086030,206086377,0.0927279533988625,0.463639766994312,51708,103582,159013,55432,9
"chr2",8583776,8583881,-0.114062837179003,0.456251348716013,47452,84969,151789,66821,8
"chr19",56314275,56314505,0.225667560591513,0.451335121183025,47035,114815,137151,22337,12
"chr9",125747450,125748390,0.149732204085308,0.449196612255924,85652,71973,122224,50252,9
"chr13",26253740,26254743,-0.0872356610324732,0.436178305162366,23112,88064,232997,144934,10
"chr8",108248753,108249147,-0.108308795991863,0.433235183967453,82443,184798,309819,125022,10
"chr9",108933427,108935365,0.143866528855565,0.431599586566696,85108,96467,100841,4375,18
"chr12",118135728,118136081,0.0709980669496453,0.425988401697872,22088,77725,187684,109960,13
"chr2",106886159,106887216,-0.105554539429236,0.422218157716944,49873,17146,20965,3820,16
"chr1",145964528,145964748,0.104621429585288,0.418485718341151,4911,249907,281747,31841,13
"chr11",44310073,44311422,0.0836122326141469,0.418061163070735,14176,10896,16215,5320,40
"chr19",12890813,12891176,0.104384178624309,0.417536714497237,43279,127502,246477,118976,15
"chr10",17227003,17227776,0.104188250564589,0.416753002258357,9381,260552,303706,43155,18
"chr3",129428554,129428734,0.103419609763104,0.413678439052416,62342,6228,29893,23666,8
"chr9",2157942,2158492,0.10331902556391,0.413276102255641,83505,111064,218602,107539,10
"chr1",26786728,26788254,0.102598225400862,0.41039290160345,1846,102765,139257,36493,23
"chr19",38565072,38565576,0.10220373227735,0.408814929109398,44792,682,208843,208162,4
"chr17",75515425,75517051,-0.101528147903932,0.406112591615726,39222,131108,292769,161662,13
"chr1",155262327,155262553,-0.134731830906315,0.404195492718946,5598,86778,122582,35805,12
"chr1",22024932,22025242,0.100530265917489,0.402121063669955,1495,123272,150021,26750,11
"chr8",13133113,13133687,-0.133936848380734,0.401810545142201,80599,174554,192358,17805,10
"chr19",13951885,13952219,0.100387800704169,0.401551202816678,43381,130324,258052,127729,7
"chr19",859499,859594,0.13379218877993,0.401376566339791,41594,54159,105306,51148,9
"chr16",56632411,56632422,-0.199360558022959,0.398721116045918,33151,5190,8819,3630,5
"chr2",118014263,118014724,0.0986742884747474,0.39469715389899,50100,153944,253326,99383,10
"chr15",91099681,91100421,0.131095399976847,0.393286199930542,30473,116086,139471,23386,16
"chr11",45811052,45811578,-0.0981236487757664,0.392494595103065,14231,177892,282675,104784,6
"chr5",90558597,90558815,-0.0978847413204551,0.39153896528182,68930,155550,243601,88052,9
"chr17",58488079,58488552,0.12984727779661,0.389541833389831,38494,51813,105620,53808,8
"chr3",125520356,125520569,0.128046911650503,0.384140734951508,62154,159556,243132,83577,10
"chr5",136080692,136080840,0.0763564796026687,0.381782398013343,69666,39138,115672,76535,10
"chr2",127526582,127527299,0.0954390434077673,0.381756173631069,50243,144577,307484,162908,13
"chr2",17539109,17540508,-0.126234593553819,0.378703780661456,47635,36097,63935,27839,17
"chr7",66844836,66845105,0.0945574732010895,0.378229892804358,77626,128153,188264,60112,6
"chr3",55487345,55488603,-0.0933839322468887,0.373535728987555,61038,138463,145395,6933,18
"chr7",25125372,25126279,0.0746903107236826,0.373451553618413,76753,136926,230981,94056,11
"chr19",29941899,29942117,-0.123990748259889,0.371972244779667,44238,99505,291894,192390,8
"chr13",31162100,31162917,0.0928062307274571,0.371224922909828,23288,201195,221328,20134,19
"chr19",40716476,40716928,-0.123393336230816,0.370180008692448,45093,138629,246556,107928,14
"chr1",75130234,75130651,0.123285763539146,0.369857290617438,3763,18329,119809,101481,4
"chr3",136929910,136930491,0.123013574394805,0.369040723184416,62575,301677,310913,9237,6
"chr1",230869038,230869789,0.0920764566360451,0.36830582654418,8387,241063,311315,70253,21
"chr13",20231321,20231540,0.12273915265178,0.368217457955339,22954,80231,98742,18512,25
"chr6",125153980,125154504,0.0916654764858215,0.366661905943286,74786,79821,136162,56342,13
"chr14",104978238,104978728,-0.0915765789354378,0.366306315741751,27632,58796,83600,24805,13
"chr1",151047787,151048392,-0.121538535095305,0.364615605285915,5087,87582,153191,65610,14
"chr17",19533587,19533844,0.120541420198839,0.361624260596516,36256,29274,89976,60703,8
"chr1",226062660,226062742,0.0901090634902736,0.360436253961095,8121,19538,300289,280752,5
"chr11",27506378,27507045,-0.0900578695315431,0.360231478126173,13896,46437,95610,49174,12
"chr10",49613551,49614112,0.119722160711331,0.359166482133993,10031,118955,283367,164413,7
"chr13",109785941,109786659,-0.0896459629747342,0.358583851898937,24442,20631,51894,31264,15
"chr6",45421576,45422925,0.119481041706937,0.358443125120812,73588,178785,256883,78099,15
"chr11",17544338,17544504,-0.0892932419030239,0.357172967612095,13705,18767,47347,28581,10
"chr12",56646038,56646415,0.119054586658271,0.357163759974812,20427,87131,105763,18633,16
"chr11",59142474,59143110,0.0889543999280776,0.35581759971231,14655,191415,257153,65739,21
"chr7",6622173,6622698,-0.118092911296951,0.354278733890853,76473,7989,171407,163419,5
"chr6",43171412,43172243,-0.0708504515126776,0.354252257563388,73415,3912,5340,1429,21
"chr12",82685772,82686688,0.0882595762200297,0.353038304880119,21088,180741,237045,56305,13
"chr15",75579393,75579702,0.0880701865942038,0.352280746376815,29779,26893,207543,180651,15
"chr15",72375542,72376706,0.11739265544074,0.352177966322219,29578,106829,196909,90081,20
"chr7",26200940,26201283,0.116297075569652,0.348891226708957,76770,89102,108896,19795,23
"chr20",18567118,18567591,0.0870925176573892,0.348370070629557,53677,208664,297617,88954,12
"chr12",20368153,20368880,0.174083778466918,0.348167556933836,18976,17167,44992,27826,16
"chr9",93451912,93453770,0.0868126359331043,0.347250543732417,84725,89682,140079,50398,18
"chr1",243255178,243256228,0.115624484076556,0.346873452229668,8648,154910,156439,1530,16
"chr19",53867542,53869364,0.0862454396482333,0.344981758592933,46706,195603,204476,8874,22
"chr20",610155,610507,-0.0859246469552191,0.343698587820876,53151,7508,13811,6304,6
"chr1",220878196,220881070,-0.0859237029862799,0.343694811945119,7969,164815,301620,136806,27
"chr20",36541443,36541483,-0.114537812708473,0.343613438125418,54330,11464,57454,45991,9
"chr1",226061707,226062151,-0.0857327314122442,0.342930925648977,8120,27204,146874,119671,9
"chr1",7770408,7771108,0.113448665016028,0.340345995048084,631,118949,156927,37979,10
"chr17",64263201,64263668,0.113437501139594,0.340312503418782,38778,72364,124068,51705,8
"chr4",102324343,102324962,0.113420837077929,0.340262511233786,66089,162922,280804,117883,5
"chr16",1096421,1096545,-0.113317982659407,0.339953947978222,30948,70840,78364,7525,7
"chr12",93570370,93572432,0.113313784063596,0.339941352190789,21212,243566,263002,19437,32
"chr12",121711859,121712585,0.169295591279438,0.338591182558876,22302,105628,174422,68795,7
"chr8",42338343,42338621,0.0846307060544061,0.338522824217624,81423,102627,193008,90382,12
"chr19",7920283,7920304,-0.112798714261102,0.338396142783305,42648,52669,58478,5810,10
"chr6",32968066,32972328,-0.0842521336763009,0.337008534705203,72763,120005,130104,10100,102
"chr17",51153331,51153510,0.112129717087915,0.336389151263744,38304,92181,198140,105960,13
"chr1",13513155,13513985,0.112030462144753,0.33609138643426,971,111879,142525,30647,15
"chr20",21704763,21705738,0.111745588362235,0.335236765086706,53748,195946,207645,11700,13
"chr1",151790630,151792027,0.0836150666767036,0.334460266706814,5186,228952,249616,20665,21
"chr2",63047899,63050192,0.111432741383214,0.334298224149641,48791,116747,118998,2252,51
"chr15",43791965,43792998,-0.0835348581520834,0.334139432608334,28589,123696,220655,96960,18
"chr5",150701125,150701140,-0.167064194039324,0.334128388078648,70422,141778,145737,3960,9
"chr3",49368520,49368530,-0.111149434692158,0.333448304076474,60570,311654,311656,3,9
"chr4",133148515,133149286,-0.110499548377171,0.331498645131514,66512,143221,151038,7818,16
"chr7",30682372,30682745,-0.0659235175535919,0.329617587767959,76937,27,41550,41524,15
"chr12",109098274,109098625,0.109785565414466,0.329356696243399,21638,183390,207135,23746,21
"chr18",6414959,6414979,-0.109751199071846,0.329253597215537,40352,6132,17733,11602,9
"chr7",28956875,28958462,0.164472685897947,0.328945371795893,76872,19096,19292,197,33
"chr11",66371840,66372244,0.164344165298356,0.328688330596713,15524,183630,189524,5895,12
"chr7",151227270,151227356,0.10928413731913,0.32785241195739,80028,166896,170144,3249,14
"chr1",206921970,206921987,-0.16358049481106,0.32716098962212,7615,143113,165148,22036,7
"chr7",102748708,102748945,0.108935254016765,0.326805762050295,78682,129637,263719,134083,3
"chr1",200620425,200621346,0.0815562722908298,0.326225089163319,7084,89762,141693,51932,14
"chr1",160070172,160070877,-0.081447556270913,0.325790225083652,6022,144882,151953,7072,12
"chr8",67063639,67063940,0.108491736312104,0.325475208936313,81799,171369,310558,139190,9
"chr11",99020762,99020821,-0.108390797519194,0.325172392557582,16644,122461,176443,53983,12
"chr12",66188802,66189000,0.108245326667178,0.324735980001535,20782,85851,205647,119797,11
"chr4",173538261,173538748,0.10810392968937,0.324311789068109,67069,6668,124840,118173,8
"chr1",72283332,72283898,0.161327723667025,0.32265544733405,3743,95252,128431,33180,4
"chr1",162412872,162413058,0.161247294095561,0.322494588191121,6246,136853,310675,173823,6
"chr1",21783454,21783796,0.107298466909079,0.321895400727238,1459,93750,153995,60246,13
"chr13",27621411,27621946,0.107233686039694,0.321701058119081,23151,93412,214474,121063,8
"chr6",10420054,10420768,0.160659977909463,0.321319955818927,71638,124057,127104,3048,16
"chr3",143971303,143972427,0.1069780939555,0.320934281866501,62778,90374,112403,22030,26
"chr6",32178016,32178127,0.106915024867065,0.320745074601194,72669,81971,99677,17707,44
"chr22",31107513,31108696,0.0801651530458367,0.320660612183347,57667,58590,220168,161579,9
"chr5",138032143,138033267,-0.106778496502617,0.320335489507852,69715,98881,142132,43252,10
"chr8",67952089,67952314,-0.1067725563625,0.320317669087499,81814,25504,87655,62152,10
"chr17",19003992,19004141,0.160005604209668,0.320011208419336,36221,202376,210726,8351,2
"chr11",103109143,103109637,0.106551184961539,0.319653554884618,16734,176698,185757,9060,13
"chr10",80078980,80079425,-0.106284765105964,0.318854295317892,10759,185649,236649,51001,16
"chr13",52011617,52012153,0.106110380806496,0.318331142419487,23823,193738,201461,7724,14
"chr11",63938474,63939019,0.0795711434842852,0.318284573937141,15078,66712,166934,100223,8
"chr10",125719199,125719572,0.106035502911687,0.318106508735062,12254,59928,103933,44006,15
"chr7",100148608,100148818,-0.158990775791292,0.317981551582584,78389,109736,113247,3512,12
"chr4",145098547,145099084,0.0793948397455885,0.317579358982354,66663,216629,280824,64196,27
"chr1",69567909,69568808,-0.0792240090196076,0.31689603607843,3701,28608,37103,8496,16
"chr1",160261795,160262646,-0.105612180348799,0.316836541046396,6058,95256,120910,25655,21
"chr2",109128888,109129060,0.158386942715813,0.316773885431627,49924,142105,157173,15069,13
"chr16",56519868,56520359,0.079041648834016,0.316166595336064,33141,125061,140706,15646,13
"chr5",127073461,127073618,0.0789726732862904,0.315890693145161,69408,14375,109818,95444,8
"chr9",133993551,133993634,0.105260771823996,0.315782315471988,86328,92737,219569,126833,4
"chr5",141475230,141476902,0.0788749082869913,0.315499633147965,70074,141224,249415,108192,14
"chr10",134325,134564,-0.157722933741655,0.315445867483309,8866,178406,179879,1474,25
"chr3",141051464,141051909,0.0788231480630283,0.315292592252113,62688,21962,35691,13730,17
"chr2",79512808,79513196,-0.105026731438539,0.315080194315617,49249,31107,77717,46611,8
"chr16",84186956,84187209,0.0787696756743065,0.315078702697226,34281,61055,97861,36807,10
"chr12",6970504,6970875,0.104739304419054,0.314217913257163,18431,77841,100823,22983,14
"chr6",10722795,10723025,-0.0785273225438129,0.314109290175252,71655,40931,168873,127943,10
"chr18",12407560,12407813,0.104652145808167,0.313956437424502,40488,83249,124681,41433,9
"chr17",78231918,78232152,-0.104648224424206,0.313944673272618,39539,9152,16637,7486,15
"chr21",44802034,44802236,0.104587142352996,0.313761427058988,56579,246105,278174,32070,15
"chr17",69327143,69327835,-0.104575939653394,0.313727818960182,38957,119651,221980,102330,9
"chr21",36980814,36980971,-0.104230912870152,0.312692738610457,56169,11442,200307,188866,5
"chr8",13566571,13567419,0.104199949895365,0.312599849686096,80604,177165,187265,10101,13
"chr5",177598877,177599965,0.0780367147818174,0.312146859127269,71126,157271,259455,102185,11
"chr5",100903346,100904215,-0.103989326018994,0.311967978056982,69091,143316,154575,11260,15
"chr3",72848641,72848918,0.0779796641018229,0.311918656407292,61372,141523,163412,21890,13
"chr3",99876182,99876301,0.155653911999686,0.311307823999371,61555,4449,4671,223,6
"chr12",50111045,50111797,-0.155653126398248,0.311306252796495,19711,269661,289162,19502,19
"chr19",45467704,45467879,-0.103757134034905,0.311271402104714,45609,195875,202185,6311,14
"chr2",10689599,10689867,-0.103754347285034,0.311263041855102,47524,102480,143906,41427,10
"chr7",151249260,151249270,0.155526658488744,0.311053316977489,80038,64368,65532,1165,13
"chr5",157743432,157743539,0.103373660189736,0.310120980569209,70613,154915,251743,96829,11
"chr5",177022622,177022841,0.103345471328118,0.310036413984355,71034,77920,100119,22200,14
"chr1",52698331,52698492,-0.103242042480869,0.309726127442606,3289,128305,149633,21329,10
"chr17",7688326,7688581,-0.102933118084765,0.308799354254296,35604,98569,201087,102519,8
"chr6",7106714,7107971,0.0771156848195522,0.308462739278209,71571,175491,278477,102987,14
"chr7",88759241,88759689,-0.102678159617535,0.308034478852606,78004,43197,102244,59048,13
"chr18",4455315,4455862,-0.102537332453698,0.307611997361094,40323,10159,126387,116229,7
"chr7",5233215,5233776,0.102466945257846,0.307400835773538,76339,180688,187623,6936,12
"chr16",49281391,49282286,-0.102381526897998,0.307144580693993,32934,894,10884,9991,10
"chr1",150282630,150283093,0.102293682502725,0.306881047508175,5014,110351,239278,128928,15
"chr4",103198448,103198646,0.102031234962423,0.30609370488727,66114,155368,161421,6054,12
"chr17",28718146,28720549,0.076497827234308,0.305991308937232,36452,132933,197728,64796,42
"chr12",122974416,122974854,0.101996723529194,0.305990170587582,22422,264968,271913,6946,21
"chr16",89560052,89560353,-0.152958006539935,0.30591601307987,34666,125589,201303,75715,9
"chr19",39514917,39515012,0.101890930917462,0.305672792752387,44934,200369,209538,9170,16
"chr1",200891235,200891250,0.101877879076923,0.30563363723077,7097,72168,95727,23560,10
"chr14",59484603,59484636,0.152804236867076,0.305608473734151,25800,123356,138992,15637,19
"chr20",45880981,45881083,0.101796317347721,0.305388952043163,54796,97908,198418,100511,8
"chr19",40613444,40614423,0.0763294668704036,0.305317867481614,45079,76209,280324,204116,6
"chr19",18611785,18612875,-0.0762874401416202,0.305149760566481,43961,52261,71404,19144,12
"chr3",126476065,126476091,-0.152409461141276,0.304818922282553,62189,39927,40046,120,15
"chr11",64036367,64036647,0.152286864491887,0.304573728983774,15086,176456,182997,6542,10
"chr1",161225755,161226014,0.101467935495064,0.304403806485192,6176,247013,265902,18890,14
"chr4",26583223,26584138,-0.101443721535496,0.304331164606487,64923,87540,111847,24308,15
"chr17",42780490,42780502,0.101348009374709,0.304044028124127,37522,4606,5720,1115,7
"chr8",123072216,123073429,-0.10123580573487,0.303707417204611,82615,177472,185504,8033,15
"chr2",171894209,171894578,0.0758758341576665,0.303503336630666,50945,91991,163341,71351,11
"chr5",79235864,79237496,0.151607164456763,0.303214328913525,68768,144663,147419,2757,12
"chr4",84966229,84967110,-0.101038435779292,0.303115307337875,65856,39608,85953,46346,9
"chr11",27506140,27506959,0.100976179221836,0.302928537665508,13896,184373,191803,7431,12
"chr1",161038960,161039036,-0.10093369242719,0.302801077281569,6123,9309,12697,3389,14
"chr21",14383217,14383285,0.151263341702314,0.302526683404628,55706,97302,121591,24290,14
"chr16",69564514,69566630,0.100458455206361,0.301375365619084,33734,70393,82005,11613,19
"chr5",94111684,94111865,0.100398367838783,0.301195103516349,68965,158411,161305,2895,10
"chr12",75390761,75391317,0.0752983075723321,0.301193230289328,20972,14139,85783,71645,14
"chr7",100633491,100633655,0.100348037717225,0.301044113151674,78478,4251,67656,63406,9
"chr11",65428756,65429225,0.10033036968932,0.300991109067961,15331,106174,140234,34061,7
"chr18",32773017,32773736,0.100290540164499,0.300871620493496,40739,203815,211174,7360,10
"chr17",75183205,75183275,0.100285496000743,0.300856488002228,39183,72966,199450,126485,4
"chr12",93378435,93378991,0.100167285745622,0.300501857236867,21197,47123,308306,261184,3
"chr11",32437859,32438829,0.100135005313339,0.300405015940018,13969,114603,167076,52474,11
"chr3",165196362,165197221,-0.0750960066194181,0.300384026477672,63162,120643,164316,43674,15
"chr11",74171082,74171691,-0.0750903176018846,0.300361270407538,16149,178345,190426,12082,26
"chr10",59362712,59363162,0.10005890827682,0.30017672483046,10109,41916,50006,8091,13
"chr15",72319863,72319880,0.100011963683602,0.300035891050807,29573,16032,18036,2005,17
"chr2",157629014,157629719,0.0749652396996479,0.299860958798592,50642,147514,220669,73156,10
"chr16",49281695,49281841,-0.149722235646434,0.299444471292867,32934,13778,15689,1912,10
"chr1",1254700,1255289,-0.0997186353271067,0.29915590598132,100,146697,277058,130362,11
"chr16",31073836,31075019,0.149552548238394,0.299105096476787,32739,236605,263034,26430,25
"chr3",33798362,33798505,0.149222743873283,0.298445487746565,59779,162665,164716,2052,16
"chr6",166999216,166999493,0.149209765399591,0.298419530799182,75781,91078,96903,5826,16
"chr12",123670904,123671047,-0.0994349247935926,0.298304774380778,22503,99245,113342,14098,10
"chr11",20598543,20599368,0.0993356847042822,0.298007054112847,13839,101668,116179,14512,10
"chr5",83076967,83077609,0.0743196620879657,0.297278648351863,68851,155732,161094,5363,20
"chr17",82022865,82022991,-0.0989982773395124,0.296994832018537,40050,55789,68578,12790,17
"chr7",127252462,127254196,0.0741581648763839,0.296632659505536,79106,183265,253789,70525,15
"chr2",240998762,240999019,-0.074131814383476,0.296527257533904,52960,15072,34489,19418,7
"chr11",65638669,65638840,0.0988230720745351,0.296469216223605,15391,170299,214335,44037,4
"chr12",71663982,71663992,0.148207492537052,0.296414985074103,20931,101691,111893,10203,28
"chr1",75796909,75797026,-0.147966670258704,0.295933340517408,3784,146781,151742,4962,9
"chr8",143368772,143369243,0.147879869227471,0.295759738454941,83145,99791,108515,8725,14
"chr1",239719540,239720164,0.0739215166613665,0.295686066645466,8588,136437,231313,94877,5
"chr6",158817903,158818498,-0.147771753028833,0.295543506057666,75593,268657,278438,9782,9
"chr5",40840411,40841106,-0.073840595743623,0.295362382974492,68124,242070,275601,33532,9
"chr19",45405004,45405195,-0.147338899735897,0.294677799471793,45601,293191,299272,6082,5
"chr8",134696433,134696754,0.07366018856159,0.29464075424636,82888,180326,273208,92883,7
"chr9",99906520,99906539,0.147230312587043,0.294460625174086,84965,273223,288469,15247,14
"chr5",140106317,140106317,0.0980597711007712,0.294179313302314,69853,301680,301682,3,5
"chr17",82037787,82037917,0.0979142093809346,0.293742628142804,40057,199173,206039,6867,11
"chr1",46202800,46203210,-0.0733767102818196,0.293506841127278,3070,145442,159630,14189,9
"chr16",86566108,86566370,-0.146744245973188,0.293488491946376,34407,122760,198414,75655,11
"chr3",53347778,53347838,0.0977880557588921,0.293364167276676,60994,31961,147333,115373,8
"chr4",142846299,142847477,0.0977432204166634,0.29322966124999,66637,241232,277292,36061,13
"chr6",87589936,87590488,0.0975780335121076,0.292734100536323,74159,29346,94949,65604,18
"chr1",161766271,161766410,0.0974426796667798,0.292328039000339,6221,141587,153040,11454,10
"chr20",2663560,2664408,0.0974402830917196,0.292320849275159,53272,198936,208793,9858,16
"chr2",74529170,74531005,0.097407829124778,0.292223487374334,49186,160717,217006,56290,25
"chr8",123416179,123416563,-0.096880332594264,0.290640997782792,82642,174682,255823,81142,11
"chr1",156500503,156502195,-0.145210330807199,0.290420661614397,5755,140624,305872,165249,12
"chr3",44761112,44761955,-0.0967013179713342,0.290103953914003,60135,101940,110545,8606,20
"chr3",4978046,4979000,-0.0966022418886601,0.28980672566598,59076,268348,286310,17963,20
"chr6",33313740,33315238,-0.0724280353532983,0.289712141413193,72832,42638,44741,2104,68
"chr7",77798607,77799502,0.0964905588362835,0.28947167650885,77876,47392,49715,2324,30
"chr19",58474954,58476510,0.096473446442794,0.289420339328382,47251,88861,138080,49220,13
"chr10",99731904,99732861,0.0723259053777434,0.289303621510974,11353,180183,188501,8319,17
"chr17",81399578,81399824,-0.0963889710860323,0.289166913258097,39919,62256,77572,15317,4
"chr9",136711748,136712131,0.096078356519971,0.288235069559913,86570,92191,167993,75803,7
"chr2",28870453,28870644,0.0960339136659783,0.288101740997935,48078,96488,147675,51188,16
"chr15",40763855,40764173,0.0960092513755528,0.288027754126658,28311,99468,268189,168722,6
"chr1",3650399,3651174,-0.143513693422524,0.287027386845048,420,111097,117903,6807,43
"chr19",57351186,57351270,-0.0956343137177589,0.286902941153277,47091,202628,211411,8784,13
"chr17",38852945,38853905,0.0955671532487992,0.286701459746398,36973,272493,295316,22824,19
"chr8",93700418,93700582,0.143339162764829,0.286678325529658,82144,347,16750,16404,11
"chr8",133060281,133061639,0.095478862113189,0.286436586339567,82846,182218,242089,59872,7
"chr16",31033047,31033410,0.0954739276858415,0.286421783057525,32731,120190,237290,117101,16
"chr2",241734550,241734564,-0.143119655348182,0.286239310696364,53060,19420,35420,16001,11
"chr22",46762342,46762624,0.0953477033486125,0.286043110045838,58790,74968,193135,118168,19
"chr14",74611908,74612609,0.142970207752692,0.285940415505383,26393,140770,299902,159133,10
"chr12",110123538,110124666,0.0952563715748542,0.285769114724563,21736,180614,223133,42520,11
"chr3",173395601,173396678,-0.0951891550434924,0.285567465130477,63293,123422,144362,20941,22
"chr7",27165184,27165495,-0.142692540355789,0.285385080711578,76819,84865,94891,10027,19
"chr7",150450448,150450654,0.0950917973619816,0.285275392085945,79925,128229,166992,38764,10
"chr19",4066817,4067606,-0.0948572929095233,0.28457187872857,42183,92641,139610,46970,12
"chr18",12702792,12703242,0.0948389305066078,0.284516791519824,40502,200674,235963,35290,18
"chr17",61399429,61400203,-0.0948038306929818,0.284411492078946,38599,79874,80031,158,23
"chr9",33001736,33001900,0.0946892616773133,0.28406778503194,83930,171130,218021,46892,11
"chr20",40688842,40689193,0.14198442580402,0.28396885160804,54496,2598,11168,8571,15
"chr11",9574614,9574736,-0.141714579278077,0.283429158556154,13472,175361,176393,1033,7
"chr9",38620560,38620624,-0.0944255026073606,0.283276507822082,84259,61498,65853,4356,6
"chr2",219244447,219245765,-0.0707356658109033,0.282942663243613,52148,159168,218304,59137,19
"chr5",74641316,74641937,0.0942547252861025,0.282764175858308,68637,92465,145838,53374,8
"chr19",18149520,18149540,0.141246243926432,0.282492487852864,43880,9407,16561,7155,4
"chr2",48440392,48440515,0.094163634245373,0.282490902736119,48571,94386,141494,47109,10
"chr5",122774686,122775412,0.0705865510016915,0.282346204006766,69342,153314,243704,90391,15
"chr8",22598878,22598908,-0.141102234720537,0.282204469441074,80833,44869,169859,124991,5
"chr15",55197120,55197176,0.141074174922886,0.282148349845771,28917,210565,293893,83329,11
"chr5",179732588,179732803,-0.140797378920544,0.281594757841088,71231,89911,137772,47862,13
"chr5",140547422,140547667,0.0937395360406998,0.281218608122099,69884,90482,119164,28683,12
"chr9",101738755,101738906,0.140596541862912,0.281193083725823,85018,246858,287183,40326,10
"chr8",73293165,73295352,0.070290655309779,0.281162621239116,81887,86008,99194,13187,27
"chr1",31181709,31181927,0.140542530340856,0.281085060681712,2095,70742,149545,78804,4
"chr5",94618161,94618598,-0.0702352619877312,0.280941047950925,68973,69029,123264,54236,23
"chr12",43759004,43759414,-0.093623310876458,0.280869932629374,19345,72538,108660,36123,12
"chr15",55588326,55588332,0.14029327008484,0.280586540169679,28936,247238,248772,1535,19
"chr3",195931,196411,0.0934784601625461,0.280435380487638,59015,220879,231516,10638,23
"chr11",78046241,78046513,0.140062209624206,0.280124419248412,16353,116139,129813,13675,7
"chr1",30719311,30719318,-0.139708800812777,0.279417601625555,2070,118716,147474,28759,16
"chr16",71358470,71358845,0.139708297569528,0.279416595139056,33838,204417,295022,90606,10
"chr2",192194504,192195877,0.0698518765121272,0.279407506048509,51398,480,85602,85123,12
"chr19",57363442,57363646,-0.0698102625504071,0.279241050201628,47095,128250,213413,85164,10
"chr15",100602154,100602555,-0.139586406754963,0.279172813509927,30666,91848,100484,8637,18
"chr5",147234735,147234980,0.0930255670698099,0.27907670120943,70223,35283,149122,113840,12
"chr2",147843668,147845056,0.0929855422527369,0.278956626758211,50512,88183,135000,46818,16
"chr12",76559763,76560038,-0.0929482816033181,0.278844844809954,20998,87724,208306,120583,10
"chr6",57221918,57222979,0.0695744460476868,0.278297784190747,73858,50906,133027,82122,20
"chr16",27203101,27203713,0.0926757998768025,0.278027399630408,32351,131937,218980,87044,12
"chr19",36489462,36489824,0.0926120988550167,0.27783629656505,44636,140747,197046,56300,24
"chr3",101827540,101827920,0.0694298380210663,0.277719352084265,61624,152468,265721,113254,12
"chr14",69191309,69191637,0.0693988899815336,0.277595559926134,26130,227549,254915,27367,15
"chr10",22315070,22315998,-0.0925200681841943,0.277560204552583,9471,127712,171141,43430,16
"chr6",30325382,30327450,0.092516511966796,0.277549535900388,72302,168037,171992,3956,42
"chr6",33201350,33202993,0.092497775723006,0.277493327169018,72806,189968,191025,1058,85
"chr17",48107184,48107382,0.0924346790448079,0.277304037134424,37999,92256,236452,144197,11
"chr3",33797992,33798211,0.0924166044861685,0.277249813458505,59779,253213,279265,26053,16
"chr14",90332195,90332222,-0.138466217091634,0.276932434183267,26763,121133,214494,93362,15
"chr12",89352574,89353962,0.138451381175341,0.276902762350681,21131,171655,172005,351,23
"chr11",119205252,119205857,0.0922012901757711,0.276603870527313,17364,215281,240266,24986,10
"chr7",154892617,154893598,0.0921786773528544,0.276536032058563,80143,14571,117269,102699,14
"chr15",41827486,41828000,-0.0691180803452939,0.276472321381175,28415,65785,205970,140186,9
"chr15",42272954,42273730,-0.092148554933655,0.276445664800965,28475,237956,258981,21026,24
"chr8",27310586,27311645,0.0921284411868491,0.276385323560547,81000,179006,222007,43002,15
"chr8",119873120,119873642,-0.0920809743212865,0.276242922963859,82580,100814,172637,71824,10
"chr2",196592676,196592696,-0.138104465867597,0.276208931735194,51427,164528,165510,983,5
"chr4",158768549,158769220,-0.0920441313275378,0.276132393982613,66917,159587,163080,3494,7
"chr12",42326073,42327208,0.0690292630440871,0.276117052176348,19322,28079,98255,70177,16
"chr17",41973642,41973763,0.0919821867422715,0.275946560226814,37395,5930,80420,74491,5
"chr13",77697739,77698750,-0.137910889245,0.275821778489999,24043,204225,212005,7781,23
"chr6",31862853,31862874,-0.137798638140413,0.275597276280826,72593,79237,89951,10715,34
"chr1",999010,1001534,-0.0918252407478311,0.275475722243493,36,150542,164749,14208,13
"chr3",42654360,42654942,0.0918250046069659,0.275475013820898,60047,31241,70764,39524,15
"chr7",44082625,44083062,0.137561909858822,0.275123819717644,77207,125923,182131,56209,9
"chr11",10294385,10294811,0.137463170781596,0.274926341563192,13494,45537,106052,60516,14
"chr6",124962099,124963066,-0.137396566637437,0.274793133274873,74778,23742,42378,18637,16
"chr5",181243388,181244389,0.0915820658695359,0.274746197608608,71362,135278,143894,8617,24
"chr6",30103147,30103283,0.0915724999622747,0.274717499886824,72264,195186,196837,1652,26
"chr17",78175110,78175127,-0.137350601481917,0.274701202963834,39530,6602,13460,6859,5
"chr12",75391075,75391452,0.0915659745488719,0.274697923646616,20972,129595,188452,58858,14
"chr6",30489262,30489356,0.137292543778547,0.274585087557094,72311,169766,177571,7806,10
"chr17",2401117,2401297,-0.0915266722629116,0.274580016788735,35027,71193,72216,1024,17
"chr10",7787936,7788885,0.0914324921280308,0.274297476384092,9152,90977,138667,47691,16
"chr5",79235838,79235858,-0.137023194992046,0.274046389984093,68768,110495,118597,8103,12
"chr10",1042666,1042752,-0.091303542228284,0.273910626684852,8918,122445,227309,104865,3
"chr14",103532633,103532728,-0.0912842763745841,0.273852829123752,27477,53668,73713,20046,4
"chr11",67403674,67404186,0.0912426706759764,0.273728012027929,15670,239525,304246,64722,8
"chr8",144465659,144466199,-0.0912247775431026,0.273674332629308,83395,26216,62649,36434,16
"chr1",115338244,115338638,0.0911862464447478,0.273558739334243,4686,5429,11316,5888,9
"chr19",6737378,6738751,0.0911593314189669,0.273477994256901,42484,83632,133514,49883,29
"chr12",108634609,108635697,0.136648456725328,0.273296913450656,21594,133822,197532,63711,9
"chr20",20017660,20017914,0.136631611827505,0.273263223655011,53702,207648,250461,42814,22
"chr1",161201593,161202465,0.0682924115427964,0.273169646171186,6168,144525,155524,11000,16
"chr5",91873,92270,-0.0909705256495104,0.272911576948531,67375,154289,165441,11153,7
"chr2",71466740,71466757,-0.136338158645728,0.272676317291456,49031,23814,25768,1955,13
"chr5",91380006,91381191,0.0908134128747018,0.272440238624105,68946,157035,165392,8358,10
"chr10",22252437,22252513,0.13622001165393,0.27244002330786,9467,43466,175804,132339,2
"chr20",44966202,44966209,0.1361517168049,0.272303433609801,54697,112595,194644,82050,13
"chr17",57885342,57885741,-0.0907552039820241,0.272265611946072,38429,9170,119606,110437,3
"chr1",168136079,168138153,-0.0906445280382218,0.271933584114665,6394,71930,113571,41642,20
"chr2",208265576,208265976,0.0906418203037552,0.271925460911266,51805,90132,133179,43048,10
"chr10",119597265,119597353,0.0905832762970562,0.271749828891169,12045,9085,99713,90629,13
"chr19",11528926,11529081,-0.0904391262232945,0.271317378669884,43120,203634,207231,3598,13
"chr7",96322120,96322311,0.13555835012936,0.27111670025872,78175,8123,11859,3737,12
"chr17",63550001,63550342,0.0903707633433186,0.271112290029956,38700,196872,201822,4951,13
"chr12",119988725,119989378,-0.0903344905146151,0.271003471543845,22138,28198,193782,165585,5
"chr1",116418459,116418564,0.0902870714491041,0.270861214347312,4718,166482,284068,117587,12
"chr17",82054531,82054673,0.135380719748699,0.270761439497399,40064,52900,197803,144904,4
"chr3",197003605,197003738,0.135177150385423,0.270354300770846,64073,120761,151582,30822,6
"chr7",77536819,77536908,0.135177137250894,0.270354274501788,77863,173342,175128,1787,21
"chr5",53109925,53110056,0.135110873071621,0.270221746143241,68244,100284,112313,12030,17
"chr15",55289778,55289835,0.135062714350701,0.270125428701402,28922,15586,29255,13670,11
"chr6",46492019,46492734,-0.0900253730481491,0.270076119144447,73612,195190,256433,61244,16
"chr8",52409761,52410989,-0.0674794582798495,0.269917833119398,81546,79952,108138,28187,11
"chr1",37474123,37475212,0.0899691962117452,0.269907588635236,2477,87499,116561,29063,15
"chr16",1612894,1613552,-0.0899028769855371,0.269708630956611,31047,106985,198006,91022,5
"chr1",162069434,162069724,-0.0897720967895229,0.269316290368569,6229,19830,88773,68944,9
"chr9",130682013,130682612,0.089717748174487,0.269153244523461,86062,185810,290295,104486,6
"chr1",159924412,159925310,-0.134574157415322,0.269148314830644,6002,230000,239209,9210,24
"chr17",48037567,48038088,0.134544667291672,0.269089334583344,37990,203006,204770,1765,10
"chr17",78360151,78360829,-0.0896397457741167,0.26891923732235,39549,137966,140115,2150,19
"chr10",102241623,102242189,0.134338355453355,0.268676710906709,11538,169858,170114,257,9
"chr3",48439858,48440733,0.0895550404131882,0.268665121239565,60402,162464,165987,3524,17
"chr17",82273387,82273768,-0.0894188009146385,0.268256402743916,40109,20684,52165,31482,13
"chr7",35037590,35038485,0.0893436049170256,0.268030814751077,77022,49965,170387,120423,14
"chr6",136822359,136822524,-0.0892739016643764,0.267821704993129,75054,178292,181100,2809,11
"chr1",31412976,31413645,0.0669463312078735,0.267785324831494,2107,14493,32564,18072,14
"chr9",87725302,87725861,-0.0891849050546939,0.267554715164082,84545,220277,251152,30876,12
"chr16",29745997,29746140,0.0891438957779077,0.267431687333723,32504,193064,199383,6320,12
"chr17",40054515,40055428,0.0668288547726382,0.267315419090553,37133,204641,219626,14986,14
"chr4",87391303,87391943,0.0890772664909386,0.267231799472816,65901,157855,250663,92809,11
"chr5",138337980,138338525,-0.0890600308560331,0.267180092568099,69747,66954,99924,32971,16
"chr9",109014720,109014998,0.13337905380594,0.26675810761188,85111,231725,239319,7595,4
"chr15",73994273,73994482,0.133311789477405,0.26662357895481,29644,91970,107221,15252,16
"chr11",73876512,73877487,0.0888370555832721,0.266511166749816,16119,169993,183206,13214,19
"chr6",107115302,107115951,0.133246858119865,0.266493716239731,74405,252814,288311,35498,6
"chr16",77788238,77788544,0.133209696310945,0.26641939262189,34079,210089,211386,1298,10
"chr13",108269802,108270156,0.133150451617317,0.266300903234635,24418,27895,100732,72838,9
"chr16",2777347,2777435,-0.0887534898157986,0.266260469447396,31330,57294,71902,14609,9
"chr10",97320041,97320837,0.133127197773756,0.266254395547512,11242,93594,161772,68179,10
"chr2",99181026,99181037,0.13300156768009,0.266003135360179,49650,142143,145055,2913,16
"chr19",8577687,8577712,0.132906800863231,0.265813601726461,42741,253671,267411,13741,7
"chr18",24426352,24426771,0.088587185297948,0.265761555893844,40651,73093,97634,24542,13
"chr3",50351038,50351134,0.0885607877030268,0.26568236310908,60716,82929,102191,19263,22
"chr7",123557807,123558147,0.0884906286893705,0.265471886068111,79057,256882,268340,11459,18
"chr7",73842715,73842753,0.0883866135158458,0.265159840547537,77715,179681,182034,2354,15
"chr2",213150196,213150244,0.13255029695273,0.26510059390546,51864,108472,110852,2381,4
"chr5",136365473,136366645,0.088362270240526,0.265086810721578,69681,164982,288779,123798,11
"chr11",86244630,86245337,0.0883217123531181,0.264965137059354,16469,171175,187980,16806,14
"chr4",781431,781912,0.0882395194642634,0.26471855839279,64191,114042,142761,28720,8
"chr3",47578958,47579949,0.0880886349497549,0.264265904849265,60343,110972,150125,39154,17
"chr2",230712364,230712730,0.0879895583137405,0.263968674941222,52425,160747,226111,65365,6
"chr12",55929295,55929336,0.131982490453589,0.263964980907178,20281,195947,228930,32984,5
"chr2",176128915,176129637,0.131901099425108,0.263802198850216,51078,4207,4932,726,23
"chr17",67367141,67367197,0.131868019571662,0.263736039143324,38872,119112,209076,89965,11
"chr10",89301358,89301537,0.131853969672345,0.26370793934469,10946,116711,128936,12226,7
"chr20",44246323,44247081,0.0878346593395704,0.263503978018711,54635,201676,217298,15623,15
"chr17",28599058,28599823,0.0878338637727136,0.263501591318141,36433,123760,204984,81225,17
"chr6",124962580,124963509,-0.0878185531939889,0.263455659581967,74778,46735,48539,1805,16
"chr22",21952825,21953110,0.0877740909355466,0.26332227280664,57134,12146,94568,82423,9
"chr2",240567957,240568047,0.131621597061292,0.263243194122584,52897,153739,164379,10641,5
"chr14",105419691,105419735,-0.131605817365606,0.263211634731213,27688,18872,20340,1469,13
"chr17",7854910,7855536,0.065794248814581,0.263176995258324,35642,11217,58592,47376,16
"chr20",46406778,46407228,-0.0877200494159864,0.263160148247959,54864,196475,215433,18959,11
"chr22",28916853,28917304,0.0877171361573305,0.263151408471992,57452,121222,213820,92599,6
"chr16",3400549,3401821,-0.0876883935728993,0.263065180718698,31458,129230,206150,76921,17
"chr15",65375141,65375191,-0.131510100060941,0.263020200121881,29272,201861,209212,7352,3
"chr18",28177601,28178195,-0.0875528722707181,0.262658616812154,40690,21888,69463,47576,11
"chr6",98833302,98833752,0.0874582474071818,0.262374742221545,74287,92272,170132,77861,8
"chr12",53997501,53997541,0.131165167027133,0.262330334054265,20117,4558,18312,13755,7
"chr1",220747874,220748330,-0.0874158110444571,0.262247433133371,7958,68620,106816,38197,11
"chr7",33040884,33041107,0.0874067791549098,0.262220337464729,76997,192015,303012,110998,8
"chr15",71813540,71813540,-0.131047448160228,0.262094896320455,29535,57381,80323,22943,2
"chr17",35578484,35578631,-0.130996171515287,0.261992343030573,36798,93423,94053,631,15
"chr19",57350731,57351597,-0.0873177616731862,0.261953285019559,47091,274910,294897,19988,13
"chr5",90409680,90409818,0.0872900643993895,0.261870193198169,68919,89961,110727,20767,15
"chr2",71453584,71453631,-0.0654349782741818,0.261739913096727,49030,1948,61383,59436,6
"chr22",35540131,35541272,-0.130858496167514,0.261716992335027,57838,207338,249572,42235,14
"chr19",52269052,52269471,-0.0872385789114841,0.261715736734452,46550,131740,202034,70295,10
"chr3",72100628,72100823,0.130786369072915,0.261572738145829,61364,113294,123223,9930,10
"chr21",39312825,39314127,-0.0653824558384995,0.261529823353998,56254,138032,193709,55678,15
"chr10",21533374,21534656,-0.0871482229029466,0.26144466870884,9454,116492,137571,21080,12
"chr5",43120825,43120840,0.0869457449185232,0.26083723475557,68180,31288,147227,115940,4
"chr6",1605678,1606113,0.0869261183239952,0.260778354971986,71406,187515,277785,90271,3
"chr6",10419652,10420565,0.130365215871116,0.260730431742232,71638,15482,16863,1382,16
"chr6",134175731,134176109,-0.0868849724993693,0.260654917498108,74981,167200,182858,15659,10
"chr4",70225495,70226149,0.0868831152603138,0.260649345780942,65525,91226,247135,155910,4
"chr11",28108012,28108420,-0.130321328238489,0.260642656476979,13909,89924,106441,16518,13
"chr6",127118061,127118959,0.130239741696417,0.260479483392835,74822,101822,145994,44173,11
"chr17",1723970,1726466,-0.08678030687973,0.26034092063919,34948,128836,201609,72774,13
"chr15",62066721,62066931,-0.0867740579835046,0.260322173950514,29090,193389,201442,8054,9
"chr5",75510664,75512004,0.0867177526280905,0.260153257884271,68660,155752,221301,65550,18
"chr1",51345151,51345164,-0.130012686014454,0.260025372028907,3236,144332,147024,2693,7
"chr13",36430483,36431364,-0.0649695769375952,0.259878307750381,23386,292232,297368,5137,23
"chr6",37170462,37171346,-0.129893892869936,0.259787785739871,73108,190643,301349,110707,19
"chr10",86970724,86971066,0.129874188532861,0.259748377065722,10883,171526,175619,4094,8
"chr13",106536179,106537053,0.0865627372904378,0.259688211871314,24395,237214,305645,68432,7
"chr17",58007524,58007975,0.129763274332016,0.259526548664031,38437,194745,197555,2811,15
"chr11",66616246,66616980,0.0865022136298259,0.259506640889478,15563,118874,184288,65415,12
"chr15",52112266,52112266,0.129705557671481,0.259411115342962,28864,76627,79939,3313,13
"chr10",104328997,104329445,0.0864702360906819,0.259410708272046,11732,117446,191246,73801,8
"chr8",23225056,23225313,0.129656721834963,0.259313443669925,80891,101874,103842,1969,18
"chr12",76879147,76879418,-0.0864147985531007,0.259244395659302,21005,110029,140296,30268,10
"chr19",37594730,37594851,-0.0647924794746326,0.25916991789853,44697,57124,73554,16431,18
"chr18",11908332,11908804,-0.129576002020688,0.259152004041376,40467,25606,53249,27644,12
"chr1",201283325,201283696,0.0863207223043496,0.258962166913049,7136,1570,88822,87253,10
"chr1",160031539,160031843,0.129455505681009,0.258911011362017,6019,156364,156762,399,16
"chr1",145918884,145919286,-0.0862832848772741,0.258849854631822,4900,156774,233721,76948,21
"chr10",123666109,123666532,0.0861953975075993,0.258586192522798,12186,15488,90841,75354,9
"chr17",3803331,3803547,0.0861896795257097,0.258569038577129,35126,259625,309263,49639,4
"chr19",33521853,33522211,-0.0861545367469467,0.25846361024084,44329,196267,199769,3503,13
"chr12",108632070,108632207,0.129188992587153,0.258377985174305,21592,83406,271324,187919,3
"chr2",149038365,149038625,-0.129173863826127,0.258347727652255,50533,32252,35058,2807,9
"chr7",64582634,64582815,-0.129156128640839,0.258312257281677,77552,6712,47228,40517,4
"chr1",153986395,153986772,0.0860234797729371,0.258070439318811,5418,87987,145347,57361,9
"chr12",9869836,9870083,0.128985462330634,0.257970924661268,18617,86074,96364,10291,10
"chr3",184262106,184262775,0.0859581472796867,0.25787444183906,63545,65492,121363,55872,7
"chr6",127344107,127344170,-0.128837685475502,0.257675370951004,74830,170687,189316,18630,16
"chr7",122302861,122305094,0.128773944310169,0.257547888620338,79032,174652,184364,9713,28
"chr7",27663037,27663088,0.128611678496736,0.257223356993473,76846,190543,200815,10273,10
"chr14",52069108,52069981,-0.128436303786753,0.256872607573507,25627,242998,276736,33739,17
"chr10",99430628,99430946,0.128422383213065,0.25684476642613,11340,137830,138888,1059,14
"chr8",100560011,100560579,0.0855476785287956,0.256643035586387,82314,180929,260804,79876,13
"chr14",99271710,99272603,0.0855258868938412,0.256577660681523,27131,232957,264922,31966,15
"chr1",40161378,40161391,-0.128179625896384,0.256359251792769,2660,93219,93984,766,10
"chr10",26437948,26438669,0.0854401494222916,0.256320448266875,9547,47823,107585,59763,16
"chr1",47333474,47333676,-0.0854093386470001,0.256228015941,3161,119663,144962,25300,9
"chr12",48105501,48106535,-0.0854044192227717,0.256213257668315,19457,95069,119818,24750,25
"chr15",100879091,100879313,-0.128059464654314,0.256118929308629,30678,5685,10940,5256,13
"chr14",94773044,94773249,-0.0853022323655723,0.255906697096717,27000,5704,11386,5683,10
"chr1",26900491,26900892,-0.0639718178615661,0.255887271446264,1863,160005,263304,103300,10
"chr9",129834563,129836031,0.0852330297674287,0.255699089302286,86005,171649,215594,43946,14
"chr19",32971329,32972012,0.0852104824105424,0.255631447231627,44294,205101,295662,90562,16
"chr13",32427991,32428327,-0.085199130197577,0.255597390592731,23327,27177,53772,26596,14
"chr9",34328886,34329392,0.0851285798156958,0.255385739447087,83999,265687,289431,23745,11
"chr6",130018420,130018853,0.127646990920619,0.255293981841238,74866,167167,171546,4380,12
"chr14",101761256,101762358,-0.0850739780947841,0.255221934284352,27333,192848,293836,100989,9
"chr14",77076265,77076420,0.0850718042435122,0.255215412730537,26543,103091,242872,139782,7
"chr12",123151223,123152001,-0.0850050689932249,0.255015206979675,22446,16194,174760,158567,8
"chr1",114758166,114758406,0.127432389681126,0.254864779362252,4674,272974,274396,1423,13
"chr6",85677600,85678351,0.0848818730910752,0.254645619273225,74129,168495,181543,13049,15
"chr20",34112474,34112916,0.0848771741197333,0.2546315223592,54141,202908,232158,29251,10
"chr15",62059975,62060337,0.127309186844352,0.254618373688703,29088,212744,246820,34077,14
"chr17",39711947,39712433,-0.0848375815178422,0.254512744553527,37072,303140,312000,8861,4
"chr22",24952283,24952491,0.0848307097028778,0.254492129108633,57320,300004,307363,7360,3
"chr3",137763096,137763425,0.127140769292311,0.254281538584622,62582,124115,142812,18698,6
"chr16",30650529,30650546,0.127106651039732,0.254213302079464,32663,297130,304862,7733,15
"chr19",45370338,45370774,0.084718159471572,0.254154478414716,45593,204353,208460,4108,13
"chr10",104338428,104338509,0.127070139056928,0.254140278113856,11736,140635,224416,83782,7
"chr21",44801684,44802040,-0.0846867411878124,0.254060223563437,56579,68441,93898,25458,15
"chr1",202967883,202968484,-0.084655683418046,0.253967050254138,7284,159311,228936,69626,11
"chr2",57906164,57906488,0.126916474867339,0.253832949734679,48694,103654,105084,1431,3
"chr1",230425808,230426229,0.0845948135544411,0.253784440663323,8364,9045,33761,24717,9
"chr8",38386110,38386427,0.0845751958431385,0.253725587529416,81289,174637,255472,80836,16
"chr7",157568938,157568947,0.126855262741591,0.253710525483181,80242,135940,288950,153011,3
"chr1",112508421,112509224,0.0845680240271092,0.253704072081328,4569,156362,159780,3419,13
"chr17",30970534,30970806,-0.126767605338234,0.253535210676469,36595,109668,111127,1460,17
"chr6",13923821,13924703,0.0844645922253886,0.253393776676166,71743,184418,303529,119112,15
"chr8",66774636,66775083,0.0844164379624133,0.25324931388724,81789,169046,180773,11728,12
"chr12",75209288,75209805,0.0632975575207487,0.253190230082995,20964,91635,128141,36507,9
"chr20",58388959,58389255,0.0843743999032777,0.253123199709833,55220,68695,87667,18973,15
"chr1",39691168,39691749,0.0842863404395995,0.252859021318798,2631,243139,302758,59620,20
"chr13",109784746,109786559,-0.126364680451103,0.252729360902206,24442,4541,7019,2479,15
"chr11",85811392,85811532,0.0842374451320771,0.252712335396231,16462,177189,183777,6589,11
"chr8",100951130,100953181,-0.0841600610157453,0.252480183047236,82324,174019,237049,63031,33
"chr18",34223103,34223872,0.126157463769867,0.252314927539734,40752,85533,90279,4747,11
"chr8",49909344,49909429,0.126132374699227,0.252264749398454,81519,244892,248470,3579,20
"chr6",10694866,10695604,-0.126081417475431,0.252162834950863,71654,191142,291138,99997,18
"chr1",156813999,156814244,-0.125999585858337,0.251999171716675,5806,37719,141093,103375,4
"chr17",8186009,8186788,0.125961485083384,0.251922970166768,35716,106556,121232,14677,9
"chr13",113208058,113208174,0.125955645356375,0.25191129071275,24628,269052,272778,3727,18
"chr5",140691519,140691525,-0.125943139330503,0.251886278661007,69909,140881,140974,94,23
"chr1",225882352,225883108,-0.0629504905250492,0.251801962100197,8104,11320,36769,25450,11
"chr6",33193072,33193371,-0.0839111724881331,0.251733517464399,72804,43607,45549,1943,46
"chr16",3577314,3577645,0.125865690804972,0.251731381609944,31480,230314,251120,20807,6
"chr12",95003710,95004031,0.0629253636110152,0.251701454444061,21236,111100,172521,61422,10
"chr19",39540344,39540560,0.125777803845173,0.251555607690346,44937,102425,130311,27887,16
"chr18",3453728,3453800,-0.125663328467859,0.251326656935718,40304,133934,205514,71581,3
"chr17",19648350,19649080,0.0837653970201023,0.251296191060307,36261,97356,211578,114223,12
"chr10",97687196,97687642,0.125599826561347,0.251199653122695,11291,86340,103312,16973,14
"chr13",49495796,49496363,0.125528458720029,0.251056917440058,23714,210546,248209,37664,14
"chr12",112906569,112907118,0.125494714811324,0.250989429622649,21890,86401,117442,31042,3
"chr10",31527881,31527952,0.125473681885777,0.250947363771554,9670,188714,280409,91696,2
"chr1",183653245,183653591,0.0836465760587033,0.25093972817611,6889,102687,244489,141803,6
"chr12",15789805,15790035,0.125447059528739,0.250894119057478,18904,135082,174727,39646,12
"chr6",168080143,168080189,-0.125390806664518,0.250781613329036,75848,11425,14211,2787,4
"chr7",29483544,29483785,0.125358924322168,0.250717848644336,76886,119710,124625,4916,6
"chr17",45894095,45894940,0.0834917574228244,0.250475272268473,37873,2557,12255,9699,20
"chr6",33248037,33249843,0.0834340919874158,0.250302275962247,72811,186471,188394,1924,39
"chr7",129501557,129502282,-0.0834147804460211,0.250244341338063,79257,68637,240130,171494,8
"chr6",110981297,110981965,0.0834041955755159,0.250212586726548,74523,175618,251973,76356,12
"chr16",62036101,62036315,0.125014091189709,0.250028182379417,33368,77013,83473,6461,20
"chr1",58546952,58547003,0.124929360466603,0.249858720933207,3485,120340,144347,24008,11
"chr5",151252687,151253101,0.0832706098953032,0.24981182968591,70464,69824,97647,27824,13
"chr12",81758639,81759955,0.124904887530576,0.249809775061152,21079,246689,248974,2286,21
"chr16",89657889,89658663,-0.0832213523228998,0.249664056968699,34691,9311,25164,15854,16
"chr18",75210655,75211302,0.0832212435663848,0.249663730699154,41378,296143,310263,14121,5
"chr20",5611224,5611785,-0.0831668979273932,0.24950069378218,53464,194120,215139,21020,10
"chr17",8247902,8249092,0.124728132155283,0.249456264310566,35728,75171,88973,13803,14
"chr4",144646096,144646186,0.124678778164014,0.249357556328027,66659,268362,270040,1679,17
"chr3",73624742,73625015,0.0831062590131127,0.249318777039338,61399,5519,33147,27629,17
"chr7",138775017,138775207,0.0830622573857699,0.24918677215731,79489,174991,246620,71630,4
"chr14",94080955,94081152,0.124572347774724,0.249144695549447,26955,211272,211561,290,21
"chr2",219543277,219544015,0.0829504276549744,0.248851282964923,52208,99291,148101,48811,14
"chr19",506852,507808,0.124303087056013,0.248606174112026,41529,296383,298923,2541,12
"chr5",161848117,161848430,0.12423827463033,0.248476549260661,70696,155577,157615,2039,22
"chr15",75903535,75903798,0.124212441408298,0.248424882816595,29804,75734,96254,20521,10
"chr2",172088754,172089197,-0.124134707807561,0.248269415615123,50953,160351,166699,6349,10
"chr16",51151325,51151550,-0.124039226521485,0.24807845304297,33013,23134,23626,493,22
"chr1",201982034,201982529,-0.124037461580806,0.248074923161612,7199,163667,257457,93791,16
"chr6",28924140,28924300,0.124025673074429,0.248051346148859,72141,179094,183284,4191,40
"chr9",89604780,89606367,0.0826379725037568,0.24791391751127,84606,182477,240754,58278,17
"chr3",49199427,49199485,0.123948676035585,0.247897352071171,60552,36656,37155,500,13
"chr8",118111030,118112223,0.123923269805699,0.247846539611398,82541,168102,186388,18287,12
"chr11",7020146,7020756,-0.0826064244670465,0.24781927340114,13321,171297,172411,1115,17
"chr8",143553260,143553326,0.123899895673934,0.247799791347869,83163,183006,184404,1399,11
"chr12",54560553,54560616,0.123841348761339,0.247682697522677,20187,14984,16857,1874,7
"chr5",142771266,142771354,-0.123791497043447,0.247582994086894,70159,141383,144368,2986,12
"chr3",11154216,11154491,-0.0825163241814352,0.247548972544305,59285,65074,80450,15377,9
"chr9",130265818,130265839,-0.0824890475933508,0.247467142780053,86037,61160,63518,2359,6
"chr21",46285380,46286874,0.0824827509685053,0.247448252905516,56719,204654,207753,3100,15
"chr1",27914746,27914914,0.123718761169924,0.247437522339848,1959,126731,137594,10864,16
"chr2",173964566,173966328,0.0618516056575282,0.247406422630113,51010,117409,256399,138991,14
"chr12",51424265,51424566,-0.123668057971131,0.247336115942263,19796,189016,196589,7574,15
"chr16",29807370,29807775,0.0824033666652225,0.247210099995667,32516,136063,239272,103210,8
"chr9",137070624,137071482,0.0823990785685811,0.247197235705743,86680,168175,306853,138679,7
"chr11",1389069,1389782,0.082387505625545,0.247162516876635,12840,94359,189031,94673,7
"chr15",48331225,48332058,0.12357744768414,0.247154895368281,28726,199323,204673,5351,21
"chr3",196639320,196639738,0.123575649246269,0.247151298492538,64041,139747,158219,18473,12
"chr13",37869915,37869997,0.0823374764456532,0.24701242933696,23411,9076,73628,64553,15
"chr12",30795860,30796139,0.123456171886893,0.246912343773786,19197,168737,173954,5218,10
"chr12",112937756,112938687,0.0822941170740925,0.246882351222277,21894,171679,226088,54410,10
"chr7",87627758,87629044,-0.123420169348004,0.246840338696008,77983,353,16879,16527,13
"chr12",104303446,104303609,-0.123405704821099,0.246811409642198,21463,118196,134157,15962,14
"chr4",125316442,125317774,-0.0822686554729327,0.246805966418798,66459,134960,142793,7834,7
"chr11",105609116,105610579,0.0822481151551296,0.246744345465389,16761,173529,189487,15959,24
"chr20",2800792,2801039,-0.123255478423989,0.246510956847979,53282,118737,202405,83669,13
"chr5",138177901,138178454,0.123233098379076,0.246466196758152,69731,132999,136548,3550,25
"chr7",155458205,155459021,0.0616012019063643,0.246404807625457,80168,7744,107310,99567,4
"chr4",42152328,42152960,0.123195354311468,0.246390708622935,65148,36203,65276,29074,16
"chr9",132978553,132978605,0.123183955368118,0.246367910736236,86219,96090,99257,3168,7
"chr17",39864414,39865243,0.0821048822114684,0.246314646634405,37103,198757,227429,28673,6
"chr15",64164053,64164166,0.123150646514897,0.246301293029794,29194,221005,226321,5317,10
"chr16",84144521,84145589,-0.0820716520881033,0.24621495626431,34272,116705,196178,79474,15
"chr6",100463364,100463674,0.123054318846792,0.246108637693585,74329,174139,188096,13958,8
"chr12",85036654,85036881,0.123027954943063,0.246055909886126,21093,252108,256886,4779,15
"chr19",55615409,55615781,-0.122976071416396,0.245952142832792,46968,59133,77201,18069,4
"chr10",15096988,15097045,0.122925677935379,0.245851355870757,9334,178879,184006,5128,20
"chr1",162023885,162023896,-0.12287440362481,0.24574880724962,6227,16649,30904,14256,16
"chr3",197737220,197737435,-0.0818945165366387,0.245683549609916,64102,144495,148967,4473,11
"chr3",112605454,112605535,-0.122777579861254,0.245555159722508,61766,163495,287995,124501,2
"chr6",31706149,31706162,0.122774433784621,0.245548867569243,72545,169250,180301,11052,5
"chr5",136080516,136080924,0.08178845323284,0.24536535969852,69666,151096,165439,14344,10
"chr5",61331083,61331806,0.0817156534201361,0.245146960260408,68432,146865,157488,10624,11
"chr4",39527506,39527745,0.0816713685309046,0.245014105592714,65060,6611,14229,7619,25
"chr12",7444107,7444319,-0.122459775871178,0.244919551742357,18476,167449,213798,46350,2
"chr8",100105721,100106149,0.0816044899196543,0.244813469758963,82291,16433,77552,61120,15
"chr2",173354481,173354774,0.122406493520243,0.244812987040485,51001,86026,166704,80679,8
"chr10",125158755,125158780,0.122376296457753,0.244752592915507,12244,111106,255611,144506,4
"chr12",95217792,95218320,0.122367232780696,0.244734465561393,21245,257719,282795,25077,17
"chr2",112275507,112275751,0.122355861204745,0.24471172240949,49977,29585,34522,4938,10
"chr19",2900710,2900900,0.0815215973574444,0.244564792072333,41987,59218,75838,16621,10
"chr14",100848947,100849438,-0.0815141102653969,0.244542330796191,27233,215983,227956,11974,3
"chr16",29996063,29996644,0.0815078669817025,0.244523600945107,32562,86133,138014,51882,23
"chr13",99501195,99501258,0.122216964959719,0.244433929919438,24262,237113,253252,16140,19
"chr3",147408916,147410336,0.0814662985279537,0.244398895583861,62803,1068,6947,5880,43
"chr3",172750665,172750722,0.122134159866444,0.244268319732889,63289,244737,278829,34093,10
"chr22",37953712,37953714,-0.122106126506617,0.244212253013234,58053,4830,5220,391,22
"chr5",181246365,181246395,-0.122032726573327,0.244065453146654,71363,150820,160989,10170,11
"chr15",88610436,88610965,0.0813402682705468,0.24402080481164,30249,295277,301625,6349,7
"chr12",64451411,64451828,-0.121989145773612,0.243978291547225,20715,270612,271460,849,12
"chr12",54015445,54016707,0.121975651135287,0.243951302270574,20124,209224,214563,5340,31
"chr5",41903460,41904134,-0.0812860792875695,0.243858237862708,68149,161024,254019,92996,12
"chr11",117315805,117316337,0.121865648804662,0.243731297609325,17138,137801,168336,30536,13
"chr1",145911277,145911591,0.0812116670878888,0.243635001263666,4897,147753,250875,103123,4
"chr10",102644768,102644863,0.121790417661012,0.243580835322025,11591,234125,256553,22429,13
"chr7",43729493,43729997,0.081186282770648,0.243558848311944,77178,96365,140667,44303,13
"chr17",45121056,45121243,0.121725182186042,0.243450364372083,37817,52874,57270,4397,3
"chr7",10940220,10940370,-0.0811217385856242,0.243365215756873,76521,179134,182303,3170,11
"chr1",206506917,206507295,0.121659313361062,0.243318626722124,7582,88119,94625,6507,13
"chr9",133738594,133739209,-0.121580712307983,0.243161424615967,86323,180676,222951,42276,14
"chr11",69819595,69819632,0.121579714161077,0.243159428322154,15876,6143,7710,1568,15
"chr18",33578270,33578565,0.0810333610816509,0.243100083244953,40744,14887,58351,43465,13
"chr10",102132552,102132951,0.0810161393450473,0.243048418035142,11525,124895,185668,60774,11
"chr6",33771629,33771830,0.0809897129072554,0.242969138721766,72881,269,175046,174778,4
"chr14",73490754,73491046,0.121470946854244,0.242941893708488,26295,201629,206003,4375,7
"chr9",21975085,21975498,-0.12144818027302,0.242896360546039,83841,84081,125218,41138,14
"chr4",109912728,109912788,-0.121420645594952,0.242841291189904,66221,144984,146019,1036,10
"chr16",70252052,70252876,0.0809407801812997,0.242822340543899,33767,84667,210311,125645,14
"chr12",89350711,89350747,0.121410772506156,0.242821545012312,21130,124367,130225,5859,9
"chr12",12696202,12696624,0.080917024722883,0.242751074168649,18786,80345,181609,101265,12
"chr5",1445434,1445446,-0.121351891490744,0.242703782981489,67522,934,7793,6860,5
"chr14",103123411,103123778,-0.121332712798885,0.242665425597771,27452,70070,105595,35526,7
"chr9",35690229,35691313,0.0808163694677316,0.242449108403195,84126,189599,262588,72990,13
"chr19",8610752,8610809,0.080680692300044,0.242042076900132,42753,84214,271189,186976,4
"chr10",32378851,32379877,0.120892080142083,0.241784160284165,9694,234217,239714,5498,10
"chr19",31587945,31588154,-0.0805907873551803,0.241772362065541,44259,249720,276323,26604,4
"chr8",132775196,132775433,0.0805420375916143,0.241626112774843,82829,62071,102258,40188,12
"chr1",100250036,100250270,0.0805289047508935,0.24158671425268,4222,235456,274957,39502,10
"chr7",49773435,49773489,-0.0805171933132107,0.241551579939632,77385,46192,93475,47284,7
"chr6",127459430,127460153,0.120708060564312,0.241416121128625,74832,179728,231316,51589,5
"chr8",55772966,55773875,0.0804524959051887,0.241357487715566,81611,249890,253264,3375,25
"chr7",42932368,42932740,0.120638261872723,0.241276523745447,77155,103275,137542,34268,16
"chr19",47821038,47821896,0.0803360277975857,0.241008083392757,45900,3351,105785,102435,5
"chr15",98647826,98648300,-0.120481836156316,0.240963672312632,30583,59573,72517,12945,12
"chr1",39409202,39409377,0.120447671911889,0.240895343823777,2590,160221,300791,140571,14
"chr2",74482982,74483100,0.120406732443894,0.240813464887789,49169,96276,109309,13034,22
"chr6",27132892,27132938,-0.120402899629027,0.240805799258054,72014,170660,170995,336,14
"chr4",6690686,6690693,0.120368953772951,0.240737907545902,64570,242041,244846,2806,6
"chr17",66786251,66786251,-0.0802447079002434,0.24073412370073,38846,79736,79738,3,5
"chr15",43105975,43106148,-0.120366894723721,0.240733789447442,28520,56883,94783,37901,10
"chr14",100726049,100727060,-0.120338358682319,0.240676717364638,27218,55905,58535,2631,20
"chr5",95554983,95555464,-0.120261123985348,0.240522247970696,68990,154863,154894,32,17
"chr7",100889893,100891084,0.0801127982678505,0.240338394803551,78544,106088,179720,73633,11
"chr7",98215079,98215635,0.0600742260762933,0.240296904305173,78213,14433,189451,175019,4
"chr5",141968637,141968949,-0.0800318606796221,0.240095582038866,70133,104453,118909,14457,14
"chr11",73309306,73310100,-0.119962465841626,0.239924931683252,16088,15214,23931,8718,12
"chr1",108200618,108200696,0.11995399106395,0.239907982127899,4291,98137,117992,19856,14
"chr19",54465317,54465322,0.11987694175383,0.239753883507661,46809,10534,27541,17008,10
"chr12",48184108,48184440,0.0799136810929752,0.239741043278926,19469,75318,190854,115537,5
"chr3",64687829,64688065,-0.0798997509090132,0.23969925272704,61264,59991,97669,37679,10
"chr3",186806325,186806988,-0.0798776071619315,0.239632821485795,63708,40022,95038,55017,20
"chr1",32107400,32107980,0.119810438442684,0.239620876885368,2159,260798,264628,3831,10
"chr1",52033321,52034019,0.119681039650057,0.239362079300115,3257,141174,146330,5157,14
"chr12",76763696,76763911,0.11965305328757,0.23930610657514,21002,181348,192290,10943,10
"chr22",30606955,30607160,0.11962399011294,0.23924798022588,57625,109016,109672,657,19
"chr19",3801876,3801924,0.119622535296839,0.239245070593677,42130,197361,201305,3945,7
"chr6",42960237,42960757,0.0797175922232161,0.239152776669648,73371,45793,86815,41023,28
"chr11",6320612,6321107,0.0796598544305807,0.238979563291742,13242,113916,129991,16076,15
"chr4",57110609,57110778,0.0795975985331931,0.238792795599579,65416,96246,138216,41971,19
"chr19",49680914,49681328,0.119375211780669,0.238750423561338,46194,83452,201961,118510,5
"chr19",17266888,17267168,-0.0795646880663683,0.238694064199105,43720,204737,210440,5704,13
"chr3",184134343,184135372,0.0596717377118421,0.238686950847368,63512,148190,155557,7368,17
"chr5",50970071,50970879,-0.0795528633165652,0.238658589949696,68219,260738,273650,12913,12
"chr17",4366946,4367110,0.0795510810887853,0.238653243266356,35185,208673,240663,31991,13
"chr15",49155043,49155929,0.0794621775718084,0.238386532715425,28754,86268,133154,46887,17
"chr8",86508615,86508973,0.119142476540292,0.238284953080584,82059,49775,81460,31686,15
"chr17",17681089,17681191,0.11907613532928,0.238152270658561,36108,93113,120550,27438,5
"chr4",2811815,2812395,0.0793743872103456,0.238123161631037,64383,84581,126980,42400,9
"chr2",43225699,43226994,0.118818379040612,0.237636758081223,48406,139033,140757,1725,33
"chr4",77156843,77157167,0.0792049919096906,0.237614975729072,65733,137495,149832,12338,9
"chr8",124372889,124373263,-0.118789986116509,0.237579972233018,82678,102818,122900,20083,8
"chr1",155273685,155273695,-0.118771522994767,0.237543045989534,5601,161961,162183,223,13
"chr1",91886527,91886847,-0.118728924493745,0.237457848987489,4047,146533,147501,969,13
"chr13",67230505,67230522,-0.118723182179473,0.237446364358945,23932,197717,204061,6345,13
"chr11",119173622,119174065,0.0791150073732929,0.237345022119879,17352,41183,131571,90389,5
"chr3",37242960,37243468,-0.0791120732724234,0.23733621981727,59839,33048,39751,6704,15
"chr8",43092654,43093339,-0.0790945062898883,0.237283518869665,81456,91256,167105,75850,11
"chr19",45641522,45642372,0.0790554096287843,0.237166228886353,45639,116056,195307,79252,11
"chr19",50431508,50432813,0.0790220132454256,0.237066039736277,46296,195516,213280,17765,11
"chr14",92106731,92107066,0.0790143911528881,0.237043173458664,26852,59375,93296,33922,13
"chr14",61696375,61696451,0.118404698157467,0.236809396314934,25872,238730,239964,1235,4
"chr2",27582467,27583459,0.0789265856475559,0.236779756942668,48032,145504,159012,13509,17
"chr6",107028055,107028422,0.0789071545227995,0.236721463568398,74399,20749,46921,26173,10
"chr11",89491011,89491179,0.118319283672032,0.236638567344063,16516,261189,269452,8264,19
"chr11",41459742,41460028,0.0788453110536703,0.236535933161011,14129,109917,115883,5967,10
"chr11",102467107,102467193,0.0788063341873419,0.236419002562026,16702,248733,271850,23118,5
"chr1",111990344,111990512,-0.118162964964981,0.236325929929962,4559,146778,153857,7080,10
"chr16",1078698,1078740,-0.118149147461354,0.236298294922709,30942,17949,51893,33945,11
"chr10",100997038,100997040,-0.118147800290324,0.236295600580648,11442,87571,111581,24011,18
"chr7",100538390,100538545,-0.118137529157472,0.236275058314945,78454,176672,182336,5665,12
"chr9",35079654,35080815,-0.0787486177682756,0.236245853304827,84077,92008,116070,24063,13
"chr9",83981209,83981366,0.118076959596568,0.236153919193136,84489,97298,106791,9494,20
"chr19",16143679,16143679,0.11807349886867,0.23614699773734,43624,295305,304854,9550,6
"chr3",142723869,142724405,-0.078691334578241,0.236074003734723,62755,98899,238494,139596,12
"chr10",99731841,99732771,0.118001619001764,0.236003238003529,11353,46862,96349,49488,17
"chr6",37169688,37170828,0.0786540095470575,0.235962028641173,73108,79667,85674,6008,19
"chr9",137026068,137026329,-0.0786044653678056,0.235813396103417,86662,91285,302554,211270,3
"chr16",69186823,69187269,0.117844915675325,0.235689831350649,33701,94051,94171,121,9
"chr8",142668818,142670080,0.117844144215442,0.235688288430884,83069,172957,178542,5586,11
"chr22",20320186,20320201,-0.117833718270814,0.235667436541627,56998,96872,255830,158959,5
"chr12",95942713,95943714,0.0785401077415211,0.235620323224563,21267,258862,289560,30699,15
"chr11",236699,237063,0.117771582205008,0.235543164410017,12592,184533,189047,4515,20
"chr17",47733244,47733649,-0.078510182349835,0.235530547049505,37945,54629,56334,1706,14
"chr17",28599609,28599850,-0.117764885813029,0.235529771626059,36433,99682,119167,19486,17
"chr6",43628015,43629332,0.0785024100208064,0.235507230062419,73502,254175,263846,9672,23
"chr2",201450709,201451596,0.0784271575341738,0.235281472602521,51601,157670,225517,67848,23
"chr10",49678953,49679586,-0.0784194828199427,0.235258448459828,10036,126910,184916,58007,12
"chr5",178204245,178204513,0.0782663986320857,0.234799195896257,71156,35689,94532,58844,11
"chr9",89604941,89606461,-0.0782336951171923,0.234701085351577,84606,78318,95761,17444,17
"chr1",109548331,109548552,0.0782288924793319,0.234686677437996,4390,143093,158513,15421,14
"chr2",201781077,201781199,0.117330546481361,0.234661092962722,51613,130323,145060,14738,13
"chr7",129055033,129055126,0.0782090518868991,0.234627155660697,79223,185094,190225,5132,18
"chr3",112562125,112562148,0.117311720388458,0.234623440776917,61761,235259,275204,39946,16
"chr6",33313732,33316121,0.117308634758387,0.234617269516774,72832,109514,116732,7219,68
"chr1",1327337,1327859,-0.0781903854100457,0.234571156230137,129,109467,155227,45761,4
"chr16",85899060,85899062,0.117248823479418,0.234497646958836,34382,4899,6761,1863,8
"chr15",34754564,34755210,0.0781576431259307,0.234472929377792,28128,104327,202968,98642,9
"chr19",9675103,9675243,0.0781482918047811,0.234444875414343,42811,58418,91643,33226,10
"chr15",23039667,23039732,-0.117190406412762,0.234380812825523,27759,53915,56724,2810,9
"chr17",82050665,82051969,0.117167531463857,0.234335062927714,40062,92170,137670,45501,14
"chr6",27312360,27312852,0.0781004076118172,0.234301222835452,72027,183186,279835,96650,12
"chr17",36948170,36948761,0.117137761344083,0.234275522688166,36873,204211,234385,30175,11
"chr1",206470392,206470498,-0.117087566449806,0.234175132899612,7568,138613,158982,20370,8
"chr16",53503381,53503691,0.0780515732576372,0.234154719772911,33048,100199,294638,194440,8
"chr7",92833904,92837072,0.0780352584234437,0.234105775270331,78094,122734,139883,17150,37
"chr9",35812329,35812391,0.117051598688626,0.234103197377252,84159,127750,129256,1507,9
"chr3",4492221,4493377,0.117029834279972,0.234059668559943,59062,242783,258863,16081,14
"chr8",26291309,26292049,-0.0780158420407672,0.234047526122301,80967,64451,87060,22610,16
"chr16",4623973,4624717,-0.0780029334755993,0.234008800426798,31603,54722,124723,70002,12
"chr9",92963791,92964165,0.0779707413537453,0.233912224061236,84691,131585,264605,133021,4
"chr6",32894467,32894475,-0.116683262661181,0.233366525322361,72754,171805,174941,3137,27
"chr19",3761761,3761815,0.116683012209494,0.233366024418988,42120,196510,198964,2455,16
"chr5",141303900,141304580,0.116670934173095,0.233341868346191,70014,39141,81207,42067,12
"chr19",16897839,16897929,-0.116659930829009,0.233319861658018,43686,6845,77449,70605,8
"chr8",75407216,75407871,-0.116636759822867,0.233273519645734,81937,61558,111257,49700,8
"chr22",21651380,21652562,0.0777545630574104,0.233263689172231,57101,202281,294781,92501,15
"chr19",10010478,10010496,0.116628998995396,0.233257997990792,42840,10286,15765,5480,10
"chr11",103056642,103056921,-0.0777511621633498,0.233253486490049,16730,272322,310796,38475,3
"chr22",17628753,17628979,-0.116599026495246,0.233198052990492,56821,234988,264731,29744,8
"chr1",243255411,243255948,0.0777293023713548,0.233187907114064,8648,6408,32394,25987,16
"chr6",41733937,41735735,0.116530333804326,0.233060667608652,73289,240496,263562,23067,28
"chr2",219279283,219279874,0.0776621708599796,0.232986512579939,52157,131608,248212,116605,9
"chr18",26226225,26226299,-0.116487107329198,0.232974214658397,40665,198374,203514,5141,11
"chr19",10380901,10381213,-0.0776497591661357,0.232949277498407,42918,98937,214999,116063,11
"chr2",46541805,46542092,0.116452698844564,0.232905397689127,48488,87563,124446,36884,11
"chr1",94237542,94237784,-0.116417030844067,0.232834061688134,4129,69191,87549,18359,9
"chr3",54121636,54122303,-0.116399183298294,0.232798366596587,61017,15551,35429,19879,5
"chr8",144463005,144463138,-0.116350649650445,0.23270129930089,83393,50180,69574,19395,6
"chr11",43880584,43880793,0.116301529277189,0.232603058554378,14151,6397,17508,11112,9
"chr12",26125051,26126246,-0.0774952110725545,0.232485633217664,19101,257069,267331,10263,15
"chr11",5624203,5624873,0.07748346331788,0.23245038995364,13191,116265,172902,56638,7
"chr3",151278396,151278509,0.116195690387187,0.232391380774374,62911,143778,160077,16300,5
"chr2",183038661,183039270,0.0774164652044345,0.232249395613304,51255,146746,224176,77431,15
"chr17",62680228,62680271,-0.116122097950456,0.232244195900913,38653,83221,196518,113298,2
"chr11",7251815,7251923,-0.0774141037541187,0.232242311262356,13329,14228,77601,63374,8
"chr10",8268318,8268334,0.116117945676199,0.232235891352399,9166,261386,276892,15507,2
"chr3",50345687,50345736,0.116107072810794,0.232214145621589,60711,12669,35746,23078,14
"chr16",69133004,69133061,-0.116100722666418,0.232201445332836,33698,101097,193128,92032,19
"chr11",106022494,106022555,-0.116089258756399,0.232178517512797,16767,176510,176580,71,17
"chr7",80919300,80919386,-0.116087429355625,0.23217485871125,77912,9236,20188,10953,10
"chr16",981443,981653,-0.0773531751178455,0.232059525353536,30935,53085,66455,13371,12
"chr7",87344649,87345425,0.077337449470744,0.232012348412232,77973,100067,233377,133311,18
"chr16",30398315,30399108,0.11593204988213,0.231864099764259,32623,210377,298157,87781,4
"chr9",96778332,96778358,0.115873880188463,0.231747760376927,84851,137287,185982,48696,9
"chr6",26087588,26087812,-0.115852730795231,0.231705461590462,71951,191970,287283,95314,6
"chr17",81665157,81665632,-0.11584096815821,0.231681936316421,39967,7391,201090,193700,4
"chr19",6361444,6361612,-0.115831975521617,0.231663951043233,42430,79253,87668,8416,9
"chr22",19171223,19171359,-0.115796230588889,0.231592461177778,56899,62325,198448,136124,2
"chr17",7439429,7439461,0.1157396001033,0.2314792002066,35538,245794,258845,13052,22
"chr3",24493874,24494004,0.0771291207921905,0.231387362376572,59638,156811,268677,111867,29
"chr3",126180307,126181052,-0.077122112249508,0.231366336748524,62178,36192,40058,3867,20
"chr8",127734149,127735727,0.0771094714861211,0.231328414458363,82757,187998,189286,1289,27
"chr6",109441211,109441400,0.077101744784526,0.231305234353578,74469,251011,257540,6530,10
"chr10",61902301,61902401,-0.115617838185122,0.231235676370244,10163,167359,168647,1289,3
"chr19",54115216,54115786,-0.0770635036030501,0.23119051080915,46752,77850,88277,10428,13
"chr1",157046051,157046729,-0.077052484793774,0.231157454381322,5856,29488,162235,132748,4
"chr3",42978722,42979354,-0.115491990302608,0.230983980605217,60080,147633,147796,164,13
"chr2",71227159,71227187,0.0769797151156061,0.230939145346818,49024,145864,159208,13345,11
"chr4",139300813,139301492,0.0769390207215552,0.230817062164666,66565,85720,117831,32112,16
"chr19",48969379,48969389,-0.115305610874166,0.230611221748332,46068,211376,297726,86351,3
"chr10",63520858,63521201,-0.115302578133888,0.230605156267777,10206,184268,256863,72596,9
"chr22",42369132,42369692,0.115279463552604,0.230558927105208,58479,209837,215041,5205,9
"chr1",207052767,207052863,-0.115257360049806,0.230514720099611,7632,166508,226358,59851,31
"chr6",37353373,37354046,0.115252192297163,0.230504384594327,73118,130189,139576,9388,11
"chr9",86100254,86100477,0.115222182812846,0.230444365625693,84513,241970,245376,3407,8
"chr4",44448853,44449041,0.115123385440038,0.230246770880076,65162,143176,161576,18401,9
"chr18",77249771,77250260,-0.115119961496347,0.230239922992693,41428,7231,7562,332,33
"chr1",27830500,27830644,0.11510384169956,0.230207683399121,1947,162030,165201,3172,14
"chr20",45306582,45306822,0.0767171617705223,0.230151485311567,54724,75666,75953,288,11
"chr1",66331695,66331790,0.115065135626635,0.230130271253269,3643,122972,127108,4137,9
"chr5",131635618,131636084,0.0766928493647625,0.230078548094287,69461,159477,289203,129727,18
"chr17",3723143,3723466,0.114930746602614,0.229861493205229,35117,88835,124541,35707,16
"chr14",64294146,64294490,0.114891573877583,0.229783147755166,25951,80971,90370,9400,12
"chr7",94655419,94656015,-0.0765389665709378,0.229616899712814,78141,10047,14080,4034,81
"chr1",226365138,226365138,0.114764832496487,0.229529664992974,8142,278703,304339,25637,2
"chr15",76335325,76336769,-0.0765023057246994,0.229506917174098,29823,4233,18134,13902,14
"chr20",45933453,45934779,-0.114748215705865,0.22949643141173,54806,127717,139547,11831,16
"chr11",65711318,65712054,-0.076476823440594,0.229430470321782,15405,120014,238230,118217,14
"chr6",163054220,163054686,0.0764754768281955,0.229426430484586,75704,179634,187416,7783,4
"chr17",76072586,76072719,-0.0764395842921472,0.229318752876442,39348,193245,210823,17579,12
"chr10",35126242,35126584,0.11459774015164,0.22919548030328,9730,213566,243809,30244,20
"chr12",106138523,106140439,0.114573786311602,0.229147572623204,21512,193970,280936,86967,15
"chr3",62369768,62370209,-0.114493816058419,0.228987632116838,61198,11089,141369,130281,4
"chr11",76860485,76860543,0.114380598337569,0.228761196675138,16285,192321,213753,21433,7
"chr19",51501899,51501922,0.114367153331388,0.228734306662776,46475,110986,199520,88535,9
"chr21",38804582,38805079,-0.114363121392238,0.228726242784476,56234,126727,217388,90662,9
"chr12",55828574,55830931,0.0762310742705973,0.228693222811792,20271,256297,293195,36899,21
"chr11",119107072,119107798,0.114223772120291,0.228447544240582,17334,91231,96369,5139,15
"chr1",236795274,236795682,0.0761295355246752,0.228388606574026,8566,4962,29191,24230,18
"chr10",102869365,102869466,0.0761231058531471,0.228369317559441,11614,59920,118288,58369,11
"chr11",33870690,33870700,-0.114171819243848,0.228343638487696,14028,177968,180045,2078,13
"chr6",25137636,25138723,0.0761023367895974,0.228307010368792,71904,181392,186883,5492,10
"chr10",8055368,8055837,0.114145824011201,0.228291648022402,9159,129330,305320,175991,5
"chr13",112106330,112106711,0.0760881606963975,0.228264482089193,24536,56153,195559,139407,13
"chr12",6341869,6342150,0.0760514936159126,0.228154480847738,18282,193097,246646,53550,5
"chr8",66428306,66429071,0.075986983061562,0.227960949184686,81760,90044,124817,34774,15
"chr19",36772802,36773160,0.113873881870618,0.227747763741236,44654,129181,139621,10441,7
"chr14",54441310,54441509,0.113870826795771,0.227741653591543,25672,101896,192882,90987,12
"chr5",57173866,57174219,0.0758815773981314,0.227644732194394,68362,137171,140729,3559,21
"chr1",61725245,61725247,0.113807591794616,0.227615183589233,3541,256644,261152,4509,9
"chr12",24949228,24949535,-0.0758307360320822,0.227492208096247,19062,124554,196317,71764,12
"chr6",7313949,7314613,0.0758304814640949,0.227491444392285,71586,224834,306328,81495,10
"chr5",57481506,57482302,0.0758103381635683,0.227431014490705,68366,149278,165535,16258,4
"chr7",81770142,81770271,0.113618734840846,0.227237469681692,77919,90294,138255,47962,11
"chr17",50468980,50469142,0.11360991378179,0.227219827563581,38218,2907,8914,6008,16
"chr3",121749859,121750005,0.0757147659479873,0.227144297843962,61990,145531,156812,11282,11
"chr4",152779065,152780178,0.0756364164534371,0.226909249360311,66794,97268,151498,54231,11
"chr1",201506823,201507243,-0.0756324174378144,0.226897252313443,7159,10172,39115,28944,23
"chr1",38012549,38012658,0.113438973582369,0.226877947164738,2545,160218,160867,650,9
"chr6",26659922,26659973,0.0756067852074359,0.226820355622308,72010,123416,175188,51773,10
"chr6",116253641,116254159,0.113391002263405,0.22678200452681,74632,186142,187836,1695,8
"chr7",150372488,150372801,0.113331974173046,0.226663948346092,79910,45223,164613,119391,5
"chr12",89352728,89353640,-0.113312375848071,0.226624751696142,21131,140055,140219,165,23
"chr5",44389667,44389746,-0.113274188132256,0.226548376264511,68207,11789,18459,6671,14
"chr2",199457833,199458280,0.113217179783845,0.22643435956769,51494,60536,61487,952,12
"chr3",25427657,25428369,0.0754632222116288,0.226389666634886,59647,116873,152467,35595,16
"chr7",116524713,116526475,0.113190137707405,0.22638027541481,78936,87202,89572,2371,35
"chr6",133951901,133952038,0.113173688160798,0.226347376321596,74970,247739,252266,4528,17
"chr19",2257037,2257205,-0.0754394009996958,0.226318202999087,41901,256868,281211,24344,9
"chr12",2004487,2004621,0.113158711164093,0.226317422328185,18121,119544,140093,20550,12
"chr2",190535135,190535308,-0.075429829778249,0.226289489334747,51359,258758,273995,15238,6
"chr7",127252545,127253233,0.113097574274103,0.226195148548206,79106,166783,170571,3789,15
"chr16",87830825,87830985,0.113013315773763,0.226026631547526,34463,9175,56054,46880,5
"chr19",17303314,17303537,0.113003632674962,0.226007265349924,43729,74256,97619,23364,7
"chr1",212608124,212608425,0.112971761582132,0.225943523164265,7812,158863,165287,6425,12
"chr6",55578959,55579293,0.112963936331262,0.225927872662523,73811,44606,48621,4016,14
"chr5",176362101,176362611,-0.112961342485591,0.225922684971182,70967,233038,247730,14693,15
"chr2",38377300,38377543,-0.112953386497183,0.225906772994365,48292,18991,24242,5252,7
"chr11",72243938,72244278,-0.0752874474194533,0.22586234225836,16020,42452,87395,44944,10
"chr6",31630647,31635699,-0.0752802886538985,0.225840865961695,72514,172619,175332,2714,54
"chr4",102760784,102761533,0.112894943358852,0.225789886717704,66101,81247,91159,9913,16
"chr19",41342221,41342229,0.0752245389017232,0.22567361670517,45151,198793,302957,104165,5
"chr4",52051225,52051401,-0.0752225760991112,0.225667728297334,65260,140472,163119,22648,13
"chr12",104138561,104139236,0.112769762796694,0.225539525593387,21460,189715,221009,31295,6
"chr17",1629882,1630276,0.112741737779213,0.225483475558427,34925,217185,291795,74611,13
"chr19",49085143,49085412,-0.0751342697976846,0.225402809393054,46093,19107,62678,43572,10
"chr22",36702414,36703050,-0.0751113381974448,0.225334014592334,57911,197638,226707,29070,17
"chr2",240879908,240879964,0.0750769389000483,0.225230816700145,52941,33152,165814,132663,3
"chr11",95789435,95790477,-0.0750745449958695,0.225223634987608,16627,174836,193856,19021,19
"chr14",23469209,23469720,-0.0750066725216017,0.225020017564805,25070,7384,59466,52083,13
"chr6",1388571,1388911,0.112469679391695,0.224939358783389,71402,86587,105645,19059,4
"chr4",140498317,140498808,0.0749694769566463,0.224908430869939,66595,70958,148617,77660,10
"chr4",70591459,70592189,-0.0749515522482928,0.224854656744878,65539,250183,280789,30607,7
"chr19",18437773,18438119,0.112398123521389,0.224796247042778,43935,119,4959,4841,19
"chr14",100143849,100144070,-0.112395069571697,0.224790139143394,27173,122470,136528,14059,5
"chr14",22433234,22433306,-0.0749171264239158,0.224751379271747,24937,121676,302952,181277,5
"chr19",2783411,2783721,-0.11233382620367,0.224667652407341,41967,93338,108543,15206,8
"chr13",93225350,93225982,0.0748848333651179,0.224654500095354,24130,221832,281721,59890,4
"chr14",75278317,75278815,-0.112315426730822,0.224630853461645,26451,258371,295151,36781,11
"chr1",155978951,155979221,0.11229420394722,0.224588407894441,5668,81249,104761,23513,14
"chr8",103414679,103415489,0.112288581509051,0.224577163018101,82398,191582,240405,48824,25
"chr16",2010055,2010326,-0.11225203841963,0.224504076839261,31144,223725,298880,75156,14
"chr20",3407615,3407840,0.112229033980375,0.22445806796075,53348,65910,77919,12010,9
"chr2",201451522,201452017,0.112215326898917,0.224430653797833,51601,7736,20257,12522,23
"chr17",4555654,4555778,0.112181265733683,0.224362531467365,35200,259717,296802,37086,11
"chr8",60678029,60678159,0.112156921945005,0.224313843890011,81676,115792,169131,53340,12
"chr20",13784695,13785502,0.0747473818612236,0.224242145583671,53598,86215,129044,42830,17
"chr4",11429069,11429735,0.0747248302108092,0.224174490632428,64715,33111,33369,259,13
"chr22",30921300,30922160,-0.112085587601239,0.224171175202478,57647,131197,198237,67041,11
"chr2",17753226,17754176,-0.112083372041947,0.224166744083894,47642,147480,159157,11678,14
"chr22",24806070,24806106,-0.112079452640865,0.22415890528173,57312,7824,59191,51368,9
"chr6",46735246,46735485,-0.11204301485389,0.224086029707781,73628,1140,5155,4016,13
"chr2",118842772,118843018,0.112010292067972,0.224020584135944,50105,161710,281998,120289,8
"chr2",73981475,73981653,-0.0746560116627972,0.223968034988392,49111,12489,212366,199878,6
"chr19",14529230,14530055,0.0746543848388097,0.223963154516429,43455,199772,296729,96958,22
"chr12",6632483,6632529,0.111978862923144,0.223957725846289,18340,190780,197143,6364,4
"chr4",105474153,105474164,-0.111927897654703,0.223855795309406,66126,102239,116501,14263,12
"chr8",64373284,64373340,0.111905415005925,0.223810830011849,81725,4332,135503,131172,3
"chr21",45974440,45974619,0.111903420889394,0.223806841778788,56676,195788,200641,4854,6
"chr3",100260577,100260735,-0.111854325215644,0.223708650431288,61565,142615,143663,1049,18
"chr6",150865366,150865375,-0.111852597219519,0.223705194439039,75372,175151,179984,4834,16
"chr1",153775182,153775642,0.111817600635648,0.223635201271295,5386,91839,103293,11455,11
"chr18",74597782,74598919,-0.111770811505666,0.223541623011333,41367,196678,207109,10432,13
"chr22",42614435,42615084,-0.111762533426051,0.223525066852102,58506,202087,205519,3433,14
"chr3",47380928,47381147,0.111757580703676,0.223515161407352,60328,156829,263263,106435,13
"chr8",122780600,122781927,-0.0745046046964995,0.223513814089499,82603,22542,46756,24215,16
"chr7",157498510,157499488,0.074489914596518,0.223469743789554,80240,180032,187611,7580,6
"chr19",45940399,45940792,0.074486099122843,0.223458297368529,45697,11182,56897,45716,5
"chr13",49247722,49248399,0.0744847817664653,0.223454345299396,23702,52717,91644,38928,16
"chr9",124415528,124415946,-0.0744752607476557,0.223425782242967,85585,242703,284190,41488,10
"chr16",67393382,67393908,0.0558481293685108,0.223392517474043,33523,78025,125796,47772,16
"chr11",2302074,2302775,0.111632034035143,0.223264068070287,12933,244572,250828,6257,38
"chr8",11201181,11201557,0.11163128395477,0.22326256790954,80512,118125,140780,22656,15
"chr1",54887028,54887476,-0.111625005791156,0.223250011582312,3426,140548,144329,3782,12
"chr16",179529,180197,0.0743967071938223,0.223190121581467,30760,57782,67142,9361,9
"chr13",20566083,20567191,0.0743825389577871,0.223147616873361,22961,12609,53813,41205,12
"chr10",91797984,91798214,0.111548864690177,0.223097729380355,11020,99647,126965,27319,16
"chr5",141304114,141304379,0.0743266016554897,0.222979804966469,70014,1921,16190,14270,12
"chr20",37404949,37404954,0.111468394140774,0.222936788281549,54400,78961,138123,59163,4
"chr21",44920990,44921474,0.0743085205966712,0.222925561790014,56591,121028,140350,19323,12
"chr9",120894943,120895149,0.11145044296815,0.222900885936299,85398,116427,174857,58431,6
"chr9",122159309,122159890,0.111430182113712,0.222860364227424,85468,178430,188556,10127,12
"chr9",113463484,113463513,0.111423182207409,0.222846364414818,85254,68888,170236,101349,7
"chr10",125718700,125719996,-0.111409242777697,0.222818485555393,12254,181590,224289,42700,15
"chr11",100687005,100687223,0.111382900224965,0.222765800449931,16650,130905,167109,36205,11
"chr6",31542098,31542514,0.0742510009592314,0.222753002877694,72489,106182,118257,12076,42
"chr2",227718100,227718104,-0.111325247054835,0.222650494109671,52367,103505,157136,53632,9
"chr6",53349150,53349210,-0.11125835825421,0.22251671650842,73779,50183,99811,49629,17
"chr1",19251246,19252118,0.0741697521679749,0.222509256503925,1297,149372,151492,2121,17
"chr20",4685848,4686716,0.0741546867874696,0.222464060362409,53423,57997,75232,17236,9
"chr19",18522253,18522713,-0.111223271414714,0.222446542829428,43941,104276,206598,102323,11
"chr2",175181775,175181833,0.111181372861207,0.222362745722415,51052,155412,160545,5134,9
"chr7",151058338,151058570,0.1111706465749,0.2223412931498,79995,121031,124631,3601,36
"chr18",11752194,11752539,0.111160022850488,0.222320045700976,40459,195102,277877,82776,6
"chr19",39847434,39847696,0.074094931207235,0.222284793621705,44960,202411,237996,35586,3
"chr19",45973705,45973738,-0.0740854359447927,0.222256307834378,45699,61871,67726,5856,9
"chr6",30541759,30541818,-0.111127692325437,0.222255384650874,72316,192067,195249,3183,14
"chr1",234479221,234479490,0.0740844955310571,0.222253486593171,8474,144381,150283,5903,11
"chr1",87331325,87331440,0.111121572014823,0.222243144029645,3971,103645,121330,17686,5
"chr19",41309944,41310036,0.111121143245137,0.222242286490273,45146,85788,127558,41771,10
"chr12",52789989,52790302,0.0740573056970042,0.222171917091012,19946,48340,173486,125147,5
"chr21",42199400,42199449,0.111074420853623,0.222148841707247,56400,128064,194831,66768,4
"chr13",111153292,111154602,-0.0740216733215979,0.222065019964794,24509,198748,205436,6689,12
"chr16",28900674,28900848,-0.110998878445943,0.221997756891886,32465,199495,201108,1614,4
"chr4",4248358,4248737,0.110998420782429,0.221996841564858,64479,141129,143581,2453,15
"chr11",113976196,113976413,0.0554919383154119,0.221967753261648,17018,44024,219662,175639,5
"chr1",24413368,24413867,0.110975641179644,0.221951282359287,1663,68314,143716,75403,9
"chr1",201506677,201507183,-0.110966014480589,0.221932028961178,7159,87679,110929,23251,23
"chr18",36186781,36187423,-0.110919896998884,0.221839793997768,40812,75971,82304,6334,15
"chr6",24494489,24494833,-0.0739334427277484,0.221800328183245,71878,137976,186478,48503,7
"chr6",33206391,33208896,0.0739109220994063,0.221732766298219,72807,171644,174895,3252,29
"chr11",62832290,62832550,0.110844927138368,0.221689854276737,14998,47873,87036,39164,12
"chr8",96493590,96493932,-0.110818120594291,0.221636241188583,82228,185562,241744,56183,11
"chr1",206462122,206462230,0.0738740651129871,0.221622195338961,7565,143367,302946,159580,3
"chr10",22927708,22927766,0.110808572953567,0.221617145907135,9491,114127,179276,65150,9
"chr8",52940101,52940552,-0.110764851161506,0.221529702323012,81557,107318,178988,71671,8
"chr9",128920853,128921578,0.0738359168094965,0.22150775042849,85928,16575,69162,52588,17
"chr10",78029461,78029658,-0.110724650179653,0.221449300359306,10711,86929,97037,10109,11
"chr15",101252265,101252633,-0.110624008938734,0.221248017877468,30702,110166,118505,8340,9
"chr22",20086036,20086049,-0.110573579121161,0.221147158242322,56974,55662,58443,2782,15
"chr6",29926273,29927169,-0.0737117868548769,0.221135360564631,72236,118247,186321,68075,12
"chr14",73644372,73644985,-0.0736914275060473,0.221074282518142,26314,215740,262209,46470,12
"chr1",205943477,205943714,0.0736908677754151,0.221072603326245,7549,71763,166234,94472,4
"chr20",45115194,45115469,0.110511484435219,0.221022968870437,54706,81920,83166,1247,9
"chr20",35742095,35743395,0.110504194258948,0.221008388517897,54281,216901,236380,19480,16
"chr2",63841197,63841948,-0.0736616537600988,0.220984961280296,48801,156468,160729,4262,25
"chr18",75208977,75209382,0.110486552754876,0.220973105509753,41377,87177,89617,2441,10
"chr8",143715216,143715218,0.110445681896997,0.220891363793993,83211,260217,270195,9979,2
"chr7",99526315,99526391,0.110424706663517,0.220849413327034,78315,107610,178123,70514,2
"chr19",58408553,58408635,-0.110421939625116,0.220843879250232,47235,193397,200406,7010,11
"chr6",143511439,143511829,0.11040108065263,0.22080216130526,75193,170460,180746,10287,13
"chr17",36535033,36535424,-0.0735886039612802,0.22076581188384,36855,140037,202250,62214,18
"chr20",38446851,38448018,0.110338930722567,0.220677861445135,54456,199267,200118,852,17
"chr6",132512660,132513209,0.0735540623423249,0.220662187026975,74927,182326,187169,4844,14
"chr13",111319335,111319386,0.110250538921681,0.220501077843362,24524,229623,294749,65127,4
"chr9",35731641,35732572,0.110225967308533,0.220451934617065,84138,93716,96208,2493,15
"chr3",122679686,122680708,-0.0734628186094327,0.220388455828298,62036,155802,166731,10930,15
"chr2",201232370,201233293,0.0733638042742342,0.220091412822703,51586,98275,117685,19411,7
"chr11",576230,576489,-0.0733568523013137,0.220070556903941,12665,23640,40284,16645,14
"chr8",143430589,143430603,0.109998357898809,0.219996715797617,83154,11375,13349,1975,5
"chr11",68751777,68751784,0.109983988780149,0.219967977560299,15806,93463,179275,85813,9
"chr11",77474447,77474625,0.109934200305045,0.219868400610091,16329,99978,171263,71286,8
"chr6",1611510,1612066,0.0732734925422599,0.21982047762678,71411,27513,188716,161204,5
"chr17",81961226,81961231,-0.109855125096247,0.219710250192493,40040,22894,28314,5421,10
"chr1",155320823,155320850,-0.109847350174482,0.219694700348964,5616,65397,82027,16631,11
"chr6",29553368,29553918,0.109846024863155,0.21969204972631,72182,9490,10073,584,26
"chr16",21278491,21278497,-0.109825057479698,0.219650114959396,32163,55732,55792,61,9
"chr7",150736505,150737392,0.109803283958351,0.219606567916702,79947,174266,235303,61038,8
"chr11",94545241,94545902,0.0731919876319162,0.219575962895749,16595,178695,182603,3909,9
"chr17",50373120,50373234,0.109768066739282,0.219536133478564,38206,7162,11640,4479,15
"chr12",81598709,81599158,-0.109720217134615,0.21944043426923,21078,248785,260710,11926,4
"chr2",219514322,219514369,-0.109661798844557,0.219323597689113,52199,4832,7110,2279,13
"chr4",1346241,1347190,0.109583316608187,0.219166633216373,64276,117189,118165,977,23
"chr12",98644068,98645517,0.0547446469811267,0.218978587924507,21327,169846,189101,19256,25
"chr11",13009129,13009172,-0.109471465299601,0.218942930599201,13593,12270,17958,5689,16
"chr17",75153401,75154659,0.0729675815760597,0.218902744728179,39182,234346,237299,2954,24
"chr11",116788159,116788171,0.109437353925237,0.218874707850474,17082,39454,40222,769,9
"chr6",28586497,28587560,0.0729580473893547,0.218874142168064,72130,176429,176799,371,33
"chr13",32031081,32031765,0.109432825941201,0.218865651882402,23298,104984,127153,22170,13
"chr7",108457162,108457239,-0.109416392399136,0.218832784798273,78854,178948,282831,103884,8
"chr14",72894487,72894614,-0.109381596617817,0.218763193235634,26250,283204,283922,719,29
"chr19",56538998,56539001,0.109345018913535,0.218690037827069,47045,4656,12821,8166,9
"chr11",83193024,83193517,0.109316992527887,0.218633985055774,16423,216032,239691,23660,23
"chr2",165794372,165794789,-0.0728627958321018,0.218588387496305,50789,6910,18355,11446,14
"chr19",55602503,55603003,0.072835418029097,0.218506254087291,46964,52393,197140,144748,4
"chr3",11271885,11272250,0.0728207714348585,0.218462314304576,59292,33061,160104,127044,8
"chr10",73495742,73496104,0.109210937340645,0.21842187468129,10560,173678,186406,12729,17
"chr16",21952109,21952528,0.109193698491617,0.218387396983234,32187,212881,222650,9770,16
"chr7",92834453,92835956,-0.0727868843162192,0.218360652948658,78094,173661,176795,3135,37
"chr11",66002345,66002683,-0.0727854748742902,0.218356424622871,15464,67559,92078,24520,28
"chr6",31834645,31834934,-0.10916999509658,0.21833999019316,72589,182330,183764,1435,31
"chr3",183825779,183825799,0.109158345677443,0.218316691354887,63483,107910,253796,145887,9
"chr5",178590826,178591014,-0.109108158436172,0.218216316872344,71166,82611,90481,7871,13
"chr7",133082282,133082372,0.0726851424163475,0.218055427249043,79367,115663,189065,73403,10
"chr17",4731509,4731523,0.109004605800879,0.218009211601758,35232,199644,205257,5614,12
"chr17",40665025,40665138,0.108994408816939,0.217988817633878,37208,95891,104420,8530,5
"chr12",109996399,109996803,0.0726530234181065,0.21795907025432,21722,182031,258025,75995,7
"chr14",31561263,31561480,0.108976840746462,0.217953681492924,25320,283733,298324,14592,12
"chr5",68288276,68288469,-0.108968598897529,0.217937197795058,68526,116318,117206,889,13
"chr2",201115265,201116251,0.108956455503406,0.217912911006812,51566,238121,245136,7016,16
"chr4",110623143,110623287,0.108927262992095,0.21785452598419,66236,8988,15942,6955,12
"chr2",175181457,175181767,-0.108919445496044,0.217838890992088,51052,38076,88897,50822,9
"chr7",129433948,129434234,0.108895766761934,0.217791533523869,79250,242267,264273,22007,8
"chr1",9292604,9292693,-0.108887850677967,0.217775701355934,707,30973,37973,7001,8
"chr16",23301919,23302187,0.108884365188894,0.217768730377788,32242,193180,207982,14803,10
"chr19",1039832,1040078,0.108853210965562,0.217706421931123,41640,194763,210068,15306,8
"chr10",44291977,44292816,-0.108843917669799,0.217687835339598,9859,257757,268193,10437,6
"chr1",13584060,13584301,-0.0725224548164182,0.217567364449254,973,39694,87479,47786,24
"chr4",83535869,83536228,0.0725144566641144,0.217543369992343,65837,236513,263481,26969,25
"chr15",25439318,25439657,-0.108768516870044,0.217537033740087,27910,199513,216797,17285,20
"chr3",152834773,152834777,0.108767422880432,0.217534845760863,62960,142042,155947,13906,13
"chr16",56781792,56782122,-0.10873840927827,0.21747681855654,33167,253674,254185,512,12
"chr11",208399,209206,0.0724803937433915,0.217441181230175,12586,169554,186782,17229,13
"chr1",247936157,247936881,-0.0724624470111922,0.217387341033577,8812,117636,278965,161330,13
"chr6",24666345,24667232,0.108680497363516,0.217360994727032,71887,97750,176224,78475,15
"chr1",3650254,3651155,-0.072452887749153,0.217358663247459,420,159951,164938,4988,43
"chr8",102239205,102239418,0.108672845643546,0.217345691287092,82347,92227,103432,11206,11
"chr19",39834106,39834344,0.10860807607523,0.21721615215046,44957,87466,101906,14441,13
"chr14",96797257,96797373,-0.108571171905799,0.217142343811597,27108,14483,21290,6808,12
"chr16",4425554,4425931,0.0723735872488198,0.21712076174646,31578,87194,121298,34105,10
"chr2",241315599,241316423,-0.108489093721235,0.21697818744247,53017,156237,162488,6252,28
"chr16",89616701,89616758,-0.108467056632664,0.216934113265328,34682,63887,70512,6626,3
"chr14",85529382,85530155,-0.0722977696196451,0.216893308858935,26675,120137,126821,6685,16
"chr19",54850230,54850306,0.108408281985351,0.216816563970702,46838,128274,128722,449,3
"chr7",150800241,150800650,0.10840248132727,0.216804962654541,79951,111757,138348,26592,20
"chr22",25028162,25028545,-0.0722515444169802,0.216754633250941,57322,17188,74774,57587,4
"chr19",44845417,44846428,-0.108364804888182,0.216729609776365,45513,90910,99679,8770,12
"chr5",93620970,93621392,0.0722293734116493,0.216688120234948,68961,35876,121971,86096,10
"chr12",7118440,7118625,0.0722225439430278,0.216667631829083,18456,122696,250475,127780,3
"chr19",41859556,41859628,-0.10827362367467,0.216547247349341,45207,76059,97754,21696,11
"chr1",158830145,158830234,0.108272870721281,0.216545741442561,5948,98288,128126,29839,3
"chr19",7489098,7489251,-0.108226958287222,0.216453916574443,42549,62180,72922,10743,9
"chr2",203238603,203238742,0.108167504575006,0.216335009150011,51666,101880,102299,420,16
"chr7",76397536,76397749,0.108148361581505,0.216296723163011,77837,85826,101793,15968,8
"chr17",81902038,81902484,0.108148007485812,0.216296014971623,40014,70639,94756,24118,11
"chr19",45406323,45406804,0.0720970776495778,0.216291232948733,45602,197017,227655,30639,17
"chr7",138664250,138664411,0.108140933469811,0.216281866939621,79480,18427,60109,41683,6
"chr17",29617435,29617567,-0.108135341629177,0.216270683258354,36547,102471,102748,278,11
"chr14",57268560,57269319,-0.0720828796230218,0.216248638869066,25735,125635,138395,12761,18
"chr14",100881698,100883757,0.108082650238162,0.216165300476324,27242,204653,205681,1029,18
"chr2",9555991,9555997,0.108059952051026,0.216119904102053,47490,147242,150954,3713,11
"chr7",27095528,27096104,0.0719949664611718,0.215984899383515,76797,120879,129192,8314,16
"chr1",32817250,32818394,0.107932263140065,0.215864526280129,2229,219572,226418,6847,22
"chr5",95620052,95620471,0.0719456164784812,0.215836849435444,68994,119350,143733,24384,12
"chr1",15585718,15586339,0.0719382182584194,0.215814654775258,1045,160151,228595,68445,8
"chr6",30731007,30731066,0.10790437495191,0.21580874990382,72374,100466,167996,67531,8
"chr19",45406048,45406485,-0.107871834452871,0.215743668905742,45602,13444,52397,38954,17
"chr2",224038559,224039966,0.0718842261592756,0.215652678477827,52293,133482,152460,18979,14
"chr10",114239262,114239646,0.107803103857451,0.215606207714902,11895,50307,92707,42401,12
"chr5",74639840,74639992,0.107792105399163,0.215584210798326,68636,245899,249626,3728,13
"chr2",174395179,174395700,0.107776289677934,0.215552579355867,51024,157164,164371,7208,23
"chr7",44979158,44979365,0.0717943156123463,0.215382946837039,77290,188417,236764,48348,8
"chr12",21657857,21658119,0.107654919935888,0.215309839871777,19017,114580,124727,10148,17
"chr3",146161188,146161490,-0.1076529829212,0.2153059658424,62784,29835,66853,37019,15
"chr19",7680491,7680638,0.107630932773404,0.215261865546808,42600,203607,205126,1520,6
"chr7",135977333,135977570,0.107627588034897,0.215255176069793,79445,12075,21378,9304,11
"chr20",60054884,60055373,0.0717490367917484,0.215247110375245,55316,201693,228739,27047,8
"chr16",2751667,2751951,-0.107617642847274,0.215235285694549,31318,58624,75651,17028,17
"chr12",64222574,64222605,0.0717379546501018,0.215213863950305,20706,185980,202538,16559,12
"chr5",34008037,34008486,0.107566399387741,0.215132798775482,67941,252342,275224,22883,12
"chr6",52279487,52279516,-0.107545953508275,0.21509190701655,73726,65068,111535,46468,2
"chr4",155208017,155208710,0.107510712477783,0.215021424955566,66864,161571,165961,4391,13
"chr14",35122366,35122573,-0.107501310271541,0.215002620543082,25371,138715,196676,57962,24
"chr16",770050,770155,-0.0716647399204792,0.214994219761438,30906,58237,207867,149631,3
"chr19",45405866,45406600,-0.10747954754199,0.21495909508398,45602,86630,94913,8284,17
"chr3",156675041,156676935,0.0716340183883199,0.21490205516496,63023,157049,160646,3598,33
"chr12",109783165,109783652,-0.107446008242093,0.214892016484187,21697,15719,183341,167623,2
"chr16",19066699,19067960,0.0716262403767277,0.214878721130183,32052,256819,291701,34883,16
"chr2",176122433,176122676,0.107414266400207,0.214828532800413,51076,77831,89958,12128,19
"chr5",178627038,178627297,-0.0716081812953078,0.214824543885923,71170,6079,31412,25334,9
"chr7",122304861,122305391,0.107344603058181,0.214689206116362,79032,246523,309775,63253,28
"chr22",17589327,17590510,0.107330822123978,0.214661644247955,56820,66086,228730,162645,6
"chr19",4217685,4217988,0.10730590766463,0.214611815329261,42201,57448,109725,52278,5
"chr4",39458480,39459044,-0.107282475545764,0.214564951091529,65053,123152,126087,2936,16
"chr15",92393076,92393235,0.107142987440678,0.214285974881355,30493,100899,210002,109104,7
"chr19",1230769,1231166,-0.0713671809341259,0.214101542802378,41698,9685,201313,191629,3
"chr14",29927238,29928480,0.0535251529891307,0.214100611956523,25286,5286,102054,96769,9
"chr3",147388112,147388702,0.0713540792469832,0.21406223774095,62798,13579,121517,107939,6
"chr8",144994550,144994772,0.107028010951746,0.214056021903492,83461,112061,172419,60359,3
"chr15",80152416,80153015,0.107022067921422,0.214044135842843,29983,93609,94848,1240,11
"chr4",174522969,174523797,-0.10702058806997,0.21404117613994,67081,146534,161013,14480,14
"chr1",156927270,156927649,0.0712623828977079,0.213787148693124,5842,2007,108332,106326,5
"chr16",1152923,1153072,-0.106891611645857,0.213783223291715,30950,64000,75529,11530,7
"chr15",50182024,50182557,-0.0712370796053081,0.213711238815924,28773,95431,139752,44322,12
"chr7",152463800,152464610,0.07120546976442,0.21361640929326,80123,8940,44914,35975,10
"chr6",33299104,33299192,0.071185588786841,0.213556766360523,72828,140408,168579,28172,42
"chr16",68022692,68024526,0.071183412683965,0.213550238051895,33635,68726,100721,31996,27
"chr8",85106903,85107138,-0.106738040325815,0.21347608065163,82033,185189,187864,2676,15
"chr13",102845365,102846305,0.106735181358613,0.213470362717226,24365,221189,297493,76305,10
"chr22",17628755,17629040,0.106730417473657,0.213460834947313,56821,200461,219883,19423,8
"chr8",67062411,67062843,0.106716947741338,0.213433895482675,81798,227973,251727,23755,16
"chr7",129144365,129144595,0.0711324513500969,0.213397354050291,79227,44845,173819,128975,9
"chr16",4734144,4734178,-0.106696626931453,0.213393253862905,31617,52081,60015,7935,13
"chr19",47113834,47114044,0.071111450466319,0.213334351398957,45813,119738,213289,93552,11
"chr16",31094994,31096049,0.10664778397412,0.213295567948239,32749,112229,114760,2532,15
"chr19",6481934,6482177,-0.106633806818988,0.213267613637976,42457,197290,214879,17590,12
"chr21",30487291,30487482,-0.106561654745869,0.213123309491739,55898,101729,121201,19473,6
"chr17",2054377,2056905,0.106528265282602,0.213056530565204,34992,83707,84591,885,54
"chr8",1823914,1823918,-0.106517189227014,0.213034378454027,80350,67140,186165,119026,3
"chr22",20079771,20079884,-0.0710071215438023,0.213021364631407,56973,85620,246432,160813,5
"chr10",102120479,102121311,0.106501092835132,0.213002185670264,11524,139672,168042,28371,22
"chr19",50376302,50376379,0.106474003598317,0.212948007196635,46283,210603,211579,977,8
"chr18",3449440,3451382,-0.106436237297259,0.212872474594518,40302,265743,269602,3860,36
"chr18",2571334,2571634,-0.106329631707851,0.212659263415702,40263,87995,117039,29045,17
"chr12",113334853,113335495,-0.0708799864721028,0.212639959416308,21953,76162,111466,35305,11
"chr19",1174343,1175293,-0.106279339062341,0.212558678124682,41684,222070,237558,15489,10
"chr10",70052412,70052563,0.106228995323631,0.212457990647262,10351,184171,187746,3576,13
"chr11",3808257,3808385,0.0707901340959711,0.212370402287913,13064,48476,114985,66510,14
"chr18",49814035,49814208,-0.0707332244547581,0.212199673364274,40995,56096,70808,14713,15
"chr6",55875384,55875906,0.0707269166238066,0.21218074987142,73813,178257,242671,64415,6
"chr22",39993801,39994260,0.106082109752839,0.212164219505678,58253,112519,125203,12685,10
"chr17",31318490,31318716,0.106025628522877,0.212051257045754,36626,84841,133955,49115,3
"chr9",19103103,19103111,-0.106013973879949,0.212027947759898,83768,184568,192148,7581,8
"chr19",32345508,32345510,-0.105942764475635,0.211885528951269,44264,99698,105969,6272,12
"chr20",1947159,1947265,0.105894681385176,0.211789362770353,53239,77470,112256,34787,6
"chr5",150486084,150486447,0.105890686717691,0.211781373435381,70394,71916,104128,32213,6
"chr14",96243676,96244102,0.0705901009749032,0.21177030292471,27080,223063,282987,59925,3
"chr16",4253663,4253800,0.10586161173794,0.211723223475879,31550,203571,265002,61432,7
"chr8",66431955,66432407,0.0705653919430937,0.211696175829281,81764,186740,254315,67576,9
"chr18",24138643,24138803,0.0705547612570351,0.211664283771105,40643,126527,221622,95096,21
"chr19",53159470,53159705,-0.105816319789246,0.211632639578492,46610,82215,105418,23204,10
"chr15",61229425,61229475,-0.105788879266423,0.211577758532846,29082,58803,62492,3690,13
"chr2",74654019,74654338,-0.105768417664929,0.211536835329857,49197,98847,104161,5315,11
"chr3",9879308,9880407,0.0704966433413723,0.211489930024117,59192,237358,278825,41468,10
"chr3",187745506,187745795,0.105738845532106,0.211477691064212,63764,154068,163444,9377,13
"chr17",30236071,30236090,-0.105730266575489,0.211460533150977,36564,12517,73640,61124,9
"chr14",105300641,105301444,-0.0704484001391668,0.2113452004175,27671,64935,67962,3028,21
"chr5",134758282,134758392,0.105663301916925,0.21132660383385,69606,161313,165458,4146,10
"chr19",8578853,8578914,-0.105648413627694,0.211296827255389,42742,206147,213395,7249,4
"chr5",181246752,181246845,0.105641557783798,0.211283115567596,71363,234001,273664,39664,11
"chr13",28658662,28658904,-0.105633288106848,0.211266576213696,23216,104006,205391,101386,13
"chr4",1655229,1655465,-0.10561737011413,0.211234740228261,64288,36570,39309,2740,5
"chr10",18140762,18140831,-0.105609920473494,0.211219840946988,9405,8340,16280,7941,8
"chr17",68247449,68247977,0.105590591858651,0.211181183717301,38898,197262,197805,544,12
"chr16",67192059,67192341,-0.105586340648219,0.211172681296437,33486,109973,192741,82769,8
"chr20",44522510,44522520,0.105515984591882,0.211031969183764,54665,102408,118862,16455,11
"chr19",49876373,49876427,-0.105504867004716,0.211009734009433,46232,234237,244092,9856,35
"chr17",44911416,44911779,0.0703210054811385,0.210963016443416,37786,8189,21325,13137,4
"chr2",190342516,190343445,0.0703200351513158,0.210960105453947,51347,156269,224476,68208,12
"chr3",142225502,142225677,0.0702997873554044,0.210899362066213,62739,91428,151471,60044,7
"chr17",45221225,45222133,0.0702989043208488,0.210896712962546,37834,96225,206877,110653,13
"chr11",124622515,124622633,0.105434711142143,0.210869422284285,17611,227006,264216,37211,7
"chr13",95644454,95644725,0.105407145549719,0.210814291099439,24169,55108,59042,3935,12
"chr13",108214763,108214903,0.0702092159741118,0.210627647922335,24412,60671,96537,35867,5
"chr1",150697105,150697242,0.0702073232682698,0.210621969804809,5051,224939,251275,26337,11
"chr12",31729150,31729487,0.105303611470412,0.210607222940823,19224,72063,127540,55478,13
"chr1",53220336,53220851,-0.105300172770238,0.210600345540476,3324,96448,102082,5635,9
"chr1",219928026,219928671,0.105257709169625,0.21051541833925,7927,137425,138438,1014,18
"chr3",43303108,43303316,0.105244962480809,0.210489924961619,60086,261751,280483,18733,2
"chr11",60055254,60055423,0.0701363115559715,0.210408934667915,14713,48911,270407,221497,3
"chr2",124024686,124025308,0.0701064198943228,0.210319259682968,50204,891,10513,9623,13
"chr3",5122084,5122328,0.105141900976044,0.210283801952088,59081,85909,94674,8766,8
"chr19",12333670,12333727,0.105122875329212,0.210245750658423,43184,96418,97738,1321,10
"chr2",32627898,32628162,0.10510249766467,0.210204995329341,48177,160704,160753,50,14
"chr6",32196792,32196946,0.10508400711569,0.210168014231379,72680,178710,179792,1083,55
"chr6",18122762,18122793,-0.105077893303987,0.210155786607973,71803,184346,192125,7780,12
"chr3",183428029,183428875,0.105070362002995,0.210140724005989,63454,102192,106728,4537,12
"chr7",108526507,108526621,0.105032856788709,0.210065713577418,78857,121384,122988,1605,10
"chr22",31945392,31945416,-0.0699999150288831,0.209999745086649,57749,83441,108820,25380,12
"chr19",695564,695568,0.104876362774822,0.209752725549644,41564,14225,123687,109463,5
"chr5",103258422,103258916,-0.0699001420835825,0.209700426250748,69115,105149,145368,40220,17
"chr8",96645031,96645204,0.104831286117007,0.209662572234014,82232,44409,47134,2726,11
"chr1",64743792,64745054,0.104811804379645,0.20962360875929,3606,11289,155807,144519,7
"chr9",137114543,137114943,-0.104798600124076,0.209597200248153,86697,6687,18892,12206,8
"chr2",109129356,109129527,-0.104790562304559,0.209581124609117,49924,568,9834,9267,13
"chr16",1088344,1088415,0.104787469281463,0.209574938562925,30945,73163,73936,774,4
"chr7",139036144,139036152,-0.104784769436841,0.209569538873682,79503,138619,140336,1718,10
"chr17",48605036,48606244,0.0698514251025954,0.209554275307786,38033,51292,54180,2889,12
"chr11",30585813,30586567,0.0698179509321085,0.209453852796325,13930,185260,185949,690,23
"chr14",100986660,100986662,-0.104708047706806,0.209416095413612,27293,281311,288432,7122,6
"chr8",102864845,102865137,-0.104678047647349,0.209356095294697,82377,183720,219250,35531,16
"chr2",176188768,176189110,0.104677120776896,0.209354241553791,51095,644,661,18,21
"chr17",7674953,7675180,-0.10465784651486,0.20931569302972,35601,312264,312268,5,179
"chr11",35419713,35420678,0.0697354102565994,0.209206230769798,14084,124066,190417,66352,20
"chr17",32349703,32350200,-0.104579671637254,0.209159343274508,36690,203347,210508,7162,12
"chr7",36151779,36153453,0.104529241639682,0.209058483279364,77040,177654,193297,15644,9
"chr17",72119721,72120914,-0.104524581486982,0.209049162973965,38994,125335,202669,77335,13
"chr1",31522314,31522756,0.104507997075234,0.209015994150468,2114,160826,220407,59582,4
"chr8",21913747,21913767,-0.10449764981014,0.20899529962028,80742,180520,180642,123,7
"chr5",64506279,64506585,-0.0696593076128455,0.208977922838536,68458,30628,106695,76068,14
"chr6",5004178,5004365,0.104469681972909,0.208939363945818,71543,179155,179339,185,15
"chr17",33291855,33292574,0.0696415643041855,0.208924692912556,36714,53246,206738,153493,4
"chr4",164956939,164957067,-0.104459019228364,0.208918038456728,66968,5880,9397,3518,8
"chr22",50199888,50200333,-0.104455682830401,0.208911365660802,58890,221608,242009,20402,10
"chr1",43357881,43358363,0.104452323257317,0.208904646514634,2841,221362,287954,66593,12
"chr1",155208457,155209326,-0.104412954002801,0.208825908005602,5586,158594,163985,5392,20
"chr12",132986003,132986866,0.104409979596292,0.208819959192583,22890,183475,188807,5333,16
"chr2",218781546,218781608,-0.0695966990772426,0.208790097231728,52076,246823,280152,33330,9
"chr3",49117774,49117990,0.104389249985901,0.208778499971801,60529,271332,271458,127,3
"chr3",130892910,130893210,0.0695903501539791,0.208771050461937,62417,220701,259477,38777,18
"chr11",75768782,75768821,-0.10437362959621,0.20874725919242,16242,3856,21224,17369,12
"chr6",170293823,170293880,-0.104368921844318,0.208737843688637,75931,229839,231634,1796,3
"chr1",3746775,3747520,-0.0695682887779467,0.20870486633384,430,77577,141716,64140,17
"chr18",24459893,24460041,0.104342380131129,0.208684760262258,40654,201690,241503,39814,4
"chr3",24495559,24496310,-0.104339113461586,0.208678226923172,59638,149328,156797,7470,29
"chr15",74747977,74748809,0.0695527281074902,0.208658184322471,29704,199907,297561,97655,5
"chr15",82647889,82647983,0.104283307336825,0.20856661467365,30078,58242,59355,1114,22
"chr3",49094091,49094341,0.104181530906767,0.208363061813535,60514,138839,139444,606,18
"chr10",21174483,21175367,-0.104179551091162,0.208359102182323,9437,191402,309818,118417,15
"chr14",60980309,60981563,0.069444726962901,0.208334180888703,25853,197401,229126,31726,17
"chr7",129367882,129368061,-0.104161255098414,0.208322510196828,79243,112056,120773,8718,10
"chr15",72231878,72231896,0.104159631826912,0.208319263653825,29561,193553,197835,4283,16
"chr10",67696549,67696909,0.104153028338079,0.208306056676158,10222,99882,186311,86430,4
"chr4",13544487,13544586,-0.069429205929908,0.208287617789724,64729,8746,10329,1584,14
"chr19",40413338,40413853,0.104119798003015,0.208239596006031,45035,86736,100194,13459,4
"chr1",190475870,190476510,0.104116028833153,0.208232057666306,6968,212681,273580,60900,6
"chr4",173528337,173528515,-0.104111508218056,0.208223016436111,67068,110928,114376,3449,31
"chr15",65423018,65423326,-0.104096776631562,0.208193553263124,29283,73405,78197,4793,7
"chr2",80302478,80302496,-0.104057774352108,0.208115548704215,49256,163876,277701,113826,12
"chr8",144354941,144355251,-0.0693662586205183,0.208098775861555,83357,173049,187853,14805,12
"chr12",110613709,110614331,0.104044311078344,0.208088622156688,21770,186830,195485,8656,13
"chr10",14837194,14838025,-0.104012111060823,0.208024222121645,9318,229251,251138,21888,16
"chr11",43880726,43880857,0.104007851858081,0.208015703716162,14151,50439,85716,35278,9
"chr1",42462867,42463281,0.103958437166259,0.207916874332518,2766,114579,147841,33263,7
"chr1",240612101,240612168,0.0692988215749198,0.20789646472476,8606,65826,154904,89079,3
"chr2",112054009,112054142,-0.103934880181924,0.207869760363849,49964,163321,166629,3309,4
"chr17",50708241,50708737,-0.103925915931268,0.207851831862535,38272,209455,243899,34445,12
"chr3",192409036,192409668,0.103894556264139,0.207789112528278,63858,858,10873,10016,8
"chr2",176121298,176122683,0.0692471537145405,0.207741461143621,51076,110396,114770,4375,19
"chr6",121334572,121335040,0.0692326431687369,0.207697929506211,74750,200721,233650,32930,12
"chr3",18443919,18444037,-0.103831468943798,0.207662937887596,59585,37348,149970,112623,6
"chr13",30307801,30308084,0.0692027148122221,0.207608144436666,23258,202382,220959,18578,14
"chr14",88555980,88556129,0.103749515993996,0.207499031987992,26713,239187,258663,19477,3
"chr3",44975845,44976348,-0.103718764721128,0.207437529442256,60152,141943,146481,4539,19
"chr9",130579169,130580499,-0.0691444857110956,0.207433457133287,86053,184356,214010,29655,16
"chr5",77072878,77073642,0.0691253084507729,0.207375925352319,68711,219743,265445,45703,4
"chr4",108166824,108169903,0.103635298199694,0.207270596399388,66175,106002,107697,1696,28
"chr17",81926949,81927771,0.103622156264483,0.207244312528965,40027,195067,197996,2930,16
"chr8",62248202,62248294,0.103552157083138,0.207104314166276,81704,46984,50333,3350,11
"chr3",128069614,128069666,-0.103546280873016,0.207092561746031,62259,142853,143443,591,3
"chr5",15499893,15499968,-0.103512461297555,0.20702492259511,67769,148457,217772,69316,10
"chr3",121750073,121750321,-0.103502989921931,0.207005979843863,61990,164318,215932,51615,11
"chr17",75261202,75262127,0.103495717652778,0.206991435305557,39194,87274,88965,1692,23
"chr11",8964547,8965142,-0.103490944602235,0.20698188920447,13436,226440,240140,13701,18
"chr3",51967762,51967979,-0.0689914355871661,0.206974306761498,60800,30374,40044,9671,16
"chr11",67302767,67303593,0.103455638493691,0.206911276987383,15653,181558,192408,10851,13
"chr14",30558433,30558949,0.103369131700406,0.206738263400812,25288,210844,227697,16854,10
"chr3",172448444,172448452,0.103331042082659,0.206662084165319,63279,10250,16148,5899,17
"chr2",85615921,85615990,0.10329977066092,0.206599541321839,49338,156012,158017,2006,15
"chr6",150865033,150867123,-0.10328954860407,0.206579097208139,75372,185392,190341,4950,16
"chr10",8052571,8053734,0.103284707163949,0.206569414327897,9158,47223,48271,1049,43
"chr6",26155563,26157445,-0.10327245530383,0.20654491060766,71959,91012,95634,4623,20
"chr1",207052311,207053111,0.103265317611073,0.206530635222146,7632,248914,251929,3016,31
"chr20",2751725,2751966,0.103225283867794,0.206450567735589,53279,67649,216892,149244,2
"chr3",101849344,101849351,-0.103196631571706,0.206393263143412,61625,40027,151644,111618,14
"chr16",4475917,4476764,-0.0687946592124841,0.206383977637452,31587,73426,77249,3824,14
"chr11",2300820,2301499,0.103080640558327,0.206161281116653,12933,167721,170209,2489,38
"chr8",10839855,10840097,-0.103041548887351,0.206083097774702,80504,13583,28300,14718,9
"chr19",54463800,54463823,-0.103031281496135,0.206062562992269,46809,53715,58956,5242,10
"chr17",7251954,7252806,0.0686452212117787,0.205935663635336,35479,192861,269865,77005,18
"chr10",69450857,69451307,0.0686229994968438,0.205868998490531,10336,180589,255118,74530,8
"chr14",105491165,105491256,-0.068615698825065,0.205847096475195,27704,2859,53325,50467,10
"chr8",71362311,71362313,0.102922658648153,0.205845317296306,81866,174984,178162,3179,15
"chr2",74503430,74504249,-0.102893862774705,0.205787725549409,49176,166146,288263,122118,24
"chr10",101229568,101230269,0.102881334740673,0.205762669481346,11476,191504,192530,1027,19
"chr19",53787180,53787763,0.0685578115917982,0.205673434775395,46699,207550,293868,86319,13
"chr16",87392003,87393137,-0.102836597935692,0.205673195871383,34433,53733,56367,2635,21
"chr7",100119437,100119557,0.0685563319167434,0.20566899575023,78383,182845,190320,7476,25
"chr17",42678148,42678463,-0.0685458106224336,0.205637431867301,37500,51060,86238,35179,4
"chr1",23868489,23868499,0.102795212584007,0.205590425168015,1623,154603,158616,4014,16
"chr11",58575845,58577276,0.102779147279501,0.205558294559003,14627,303689,311363,7675,7
"chr5",134005140,134005592,0.102745425727447,0.205490851454894,69567,242428,255144,12717,14
"chr7",100488547,100488649,0.102700457245894,0.205400914491787,78450,49153,109447,60295,4
"chr15",41919311,41919481,0.102694182467563,0.205388364935126,28439,120093,205396,85304,6
"chr3",141737463,141737884,-0.102687830002414,0.205375660004828,62718,163291,212726,49436,9
"chr2",236169277,236169866,0.0684533378003428,0.205360013401028,52702,17577,34256,16680,5
"chr19",10717811,10717917,0.102671486580066,0.205342973160133,42984,207358,261565,54208,20
"chr7",121872908,121873223,-0.0684435561933825,0.205330668580148,79023,9196,65846,56651,13
"chr13",24270104,24270800,-0.102662360446992,0.205324720893985,23059,81286,117109,35824,11
"chr2",178478738,178479144,0.0684407319394574,0.205322195818372,51159,143753,160294,16542,8
"chr12",56079775,56079889,0.102653457556109,0.205306915112218,20311,191118,257781,66664,7
"chr20",51023036,51023606,0.102621813186564,0.205243626373127,55060,59253,198168,138916,3
"chr10",116324189,116324409,0.0683988899321058,0.205196669796317,11944,183732,197243,13512,8
"chr14",91061025,91061128,-0.102581341673427,0.205162683346854,26803,90937,91082,146,15
"chr7",139716279,139716488,-0.102567844056686,0.205135688113372,79538,168257,170853,2597,6
"chr6",142088802,142089042,-0.102558030270912,0.205116060541825,75158,132275,169537,37263,13
"chr12",100473933,100473948,0.102551075094543,0.205102150189085,21367,139027,253319,114293,7
"chr2",118846393,118847677,0.102533053804598,0.205066107609196,50106,15692,18521,2830,18
"chr14",24340091,24340236,-0.102504014667297,0.205008029334594,25216,121586,192633,71048,12
"chr14",23469442,23469637,0.102499715259188,0.204999430518376,25070,214517,286909,72393,13
"chr13",36131309,36131338,-0.102472184004737,0.204944368009473,23376,20501,22762,2262,9
"chr9",133132522,133132578,0.102425428858541,0.204850857717083,86240,247967,287772,39806,3
"chr1",62194756,62194763,-0.102385844884829,0.204771689769658,3548,12053,13887,1835,10
"chr22",30667505,30668118,0.10237191062592,0.204743821251841,57632,241587,267388,25802,13
"chr16",31135564,31136516,-0.0682344431739559,0.204703329521868,32758,269850,294561,24712,11
"chr19",4182694,4182805,0.10232317676039,0.20464635352078,42195,83820,100969,17150,11
"chr16",69106891,69107534,-0.102317183027947,0.204634366055893,33692,56857,96789,39933,12
"chr12",9064794,9064933,0.102296879773934,0.204593759547868,18574,17101,51444,34344,9
"chr16",29664721,29664750,0.1022498579557,0.2044997159114,32495,4122,4792,671,4
"chr19",47335875,47336874,0.102244992082676,0.204489984165352,45835,95529,102003,6475,7
"chr6",17282102,17282547,0.10221219929554,0.20442439859108,71788,112447,120466,8020,26
"chr4",2067956,2068023,-0.102211020966082,0.204422041932164,64342,112374,150670,38297,2
"chr4",40196975,40197156,0.102166388212753,0.204332776425506,65079,93778,96193,2416,14
"chr13",32031117,32031705,-0.0680949187272361,0.204284756181708,23298,138752,242745,103994,13
"chr7",149976,150023,-0.102133071143616,0.204266142287232,75949,13055,18384,5330,11
"chr22",41301275,41301697,0.102119393796653,0.204238787593306,58360,87007,93179,6173,10
"chr14",56810509,56811992,0.102090486787621,0.204180973575243,25731,93149,109701,16553,18
"chr10",87817775,87818031,-0.102082204674487,0.204164409348974,10898,191452,223629,32178,13
"chr1",113887343,113888474,0.102079538797356,0.204159077594712,4626,143958,147758,3801,9
"chr20",18497134,18497440,-0.068050576465032,0.204151729395096,53671,109254,213370,104117,6
"chr1",151611449,151611602,0.102053653121332,0.204107306242665,5165,115557,127004,11448,15
"chr6",36027469,36027590,0.102036148434006,0.204072296868012,73021,172560,174572,2013,17
"chr2",159732586,159732589,-0.101988410557786,0.203976821115573,50686,231484,248685,17202,3
"chr11",59669173,59669296,-0.101983151349018,0.203966302698036,14684,140690,173615,32926,7
"chr1",202348599,202349067,-0.101963368502925,0.203926737005851,7244,159315,159766,452,12
"chr10",58268701,58268743,0.101942704213178,0.203885408426355,10089,181903,183022,1120,13
"chr6",32394774,32394816,0.101922052821271,0.203844105642541,72701,48800,110296,61497,6
"chr2",171999569,171999707,-0.101900691544574,0.203801383089148,50949,108197,118493,10297,9
"chr1",14945742,14945887,0.0679279359548373,0.203783807864512,993,117078,143955,26878,10
"chr2",100418151,100418567,-0.10188676523779,0.20377353047558,49691,218148,219112,965,7
"chr3",158571098,158571155,-0.101865493356444,0.203730986712888,63074,142618,146045,3428,15
"chr1",3067711,3067881,0.101834766133958,0.203669532267916,371,6505,12654,6150,21
"chr13",112065857,112067111,-0.0678769009342454,0.203630702802736,24531,195733,295611,99879,16
"chr7",92590172,92590542,0.101804633354682,0.203609266709364,78079,70868,122294,51427,12
"chr6",27893115,27893300,0.101787506898578,0.203575013797156,72065,88702,96300,7599,7
"chr16",31569269,31569668,-0.10171887836399,0.203437756727979,32824,2725,15269,12545,7
"chr12",48183073,48183579,0.101711380797285,0.203422761594571,19468,168766,182559,13794,6
"chr8",28386596,28386753,-0.101708508900201,0.203417017800403,81067,97127,113169,16043,12
"chr1",161117933,161118398,0.101688524458965,0.203377048917929,6136,103335,109022,5688,17
"chr2",135531129,135531247,0.10167177685684,0.203343553713681,50429,152802,153672,871,21
"chr12",49018357,49018593,-0.101657353279741,0.203314706559483,19561,196297,233774,37478,17
"chr11",64240097,64242068,-0.101650432576511,0.203300865153021,15109,174626,177257,2632,20
"chr16",57810067,57810536,0.0677286985019967,0.20318609550599,33285,230278,251218,20941,10
"chr17",8798781,8799578,0.101578080762521,0.203156161525043,35781,92111,114710,22600,12
"chr16",28879855,28880047,0.101577554365594,0.203155108731189,32460,56090,65229,9140,18
"chr19",20167204,20167242,-0.101534645862161,0.203069291724322,44126,15486,20760,5275,5
"chr1",47416642,47417264,0.0676342747374263,0.202902824212279,3166,4719,11450,6732,6
"chr19",51905071,51905095,0.101439425229891,0.202878850459782,46515,196918,199989,3072,7
"chr19",37466699,37468068,0.101414018134195,0.202828036268389,44686,210806,219798,8993,14
"chr14",24094201,24094369,0.0675972807644,0.2027918422932,25129,77656,102755,25100,13
"chr11",64358968,64358980,0.101370809870985,0.202741619741971,15145,43368,50033,6666,7
"chr6",30742648,30744554,0.0675697073365183,0.202709122009555,72376,4057,10271,6215,73
"chr7",27662977,27663166,0.101344546188738,0.202689092377476,76846,86536,94159,7624,10
"chr11",61792349,61792651,0.101344472844882,0.202688945689764,14872,93276,94406,1131,24
"chr5",115170612,115170897,0.0675562756345782,0.202668826903735,69245,135108,161064,25957,6
"chr19",35757107,35758311,0.101330672200606,0.202661344401212,44540,259324,279831,20508,16
"chr1",46132261,46133330,0.101297496192734,0.202594992385467,3056,88108,90015,1908,18
"chr12",42326086,42326286,0.10126443748539,0.20252887497078,19322,140111,168454,28344,16
"chr18",79679074,79679095,0.101248608724327,0.202497217448653,41462,101512,292457,190946,4
"chr19",8209181,8209399,-0.0674920063784085,0.202476019135226,42686,580,21956,21377,12
"chr12",4908745,4909858,0.0674888069740112,0.202466420922034,18245,189061,278651,89591,15
"chr16",30064723,30065870,-0.101219982424837,0.202439964849673,32582,198608,201457,2850,24
"chr7",8433649,8434548,0.0674772811930164,0.202431843579049,76512,10597,12107,1511,13
"chr15",74129398,74130209,-0.101203323421435,0.20240664684287,29653,210196,210432,237,33
"chr8",124728184,124728968,0.0674602802669511,0.202380840800853,82697,180141,273961,93821,12
"chr8",47959899,47960716,0.101189636831103,0.202379273662205,81494,114907,130089,15183,15
"chr19",30371940,30372442,0.0674562422048099,0.20236872661443,44247,88956,127529,38574,5
"chr16",11797535,11797788,0.101170042767512,0.202340085535024,31853,83492,202800,119309,7
"chr11",111976592,111977354,-0.101164839835004,0.202329679670007,16936,49043,124570,75528,10
"chr19",39514355,39515985,-0.0674156659992937,0.202246997997881,44934,115604,125978,10375,16
"chr3",52495335,52495377,-0.101089984861432,0.202179969722865,60897,30735,31548,814,9
"chr5",141923555,141923666,-0.101087841205331,0.202175682410661,70124,142240,144791,2552,11
"chr19",1238124,1238235,-0.101086565523295,0.20217313104659,41700,56661,65592,8932,9
"chr22",20858624,20858799,-0.101079170183589,0.202158340367178,57035,198911,201089,2179,11
"chr3",169769909,169769915,-0.101067367922282,0.202134735844564,63203,253313,259150,5838,10
"chr12",100173571,100173900,0.101060276717324,0.202120553434648,21351,109291,254675,145385,3
"chr6",82247584,82248124,0.06737301530292,0.20211904590876,74071,117878,167865,49988,13
"chr6",46167657,46167903,-0.0673574166891212,0.202072250067363,73605,105423,247849,142427,5
"chr6",30907981,30908104,-0.10098787797924,0.201975755958481,72398,179259,179630,372,14
"chr15",88531086,88531281,0.10096167377922,0.20192334755844,30243,198153,204497,6345,3
"chr6",20401377,20401565,-0.0672864245207193,0.201859273562158,71828,45645,102201,56557,13
"chr20",18507668,18507823,0.100923312660917,0.201846625321834,53673,279146,293513,14368,19
"chr17",7281682,7281913,0.100915555297535,0.20183111059507,35485,95447,100696,5250,16
"chr11",107565823,107566003,0.100838566279074,0.201677132558148,16785,170088,171569,1482,11
"chr19",2840766,2841334,-0.100805435220064,0.201610870440129,41980,74024,89362,15339,10
"chr22",30356535,30356595,0.100790942836266,0.201581885672532,57577,83835,85455,1621,15
"chr1",247548243,247548293,-0.100788036914579,0.201576073829157,8786,150112,230609,80498,2
"chr7",92245732,92246048,-0.100787932158827,0.201575864317654,78058,99977,138398,38422,15
"chr11",125111973,125112242,-0.100784900780685,0.20156980156137,17666,80678,122983,42306,13
"chr1",230065835,230066748,-0.0671828605359443,0.201548581607833,8347,131881,147543,15663,5
"chr3",151384915,151385048,0.100749379817664,0.201498759635328,62925,106656,107469,814,4
"chr5",80654792,80655137,0.100743503965511,0.201487007931022,68814,86688,90822,4135,11
"chr15",44426654,44426832,0.100742733969969,0.201485467939937,28613,101492,122740,21249,12
"chr6",13295329,13296526,0.0671424846191912,0.201427453857573,71718,127721,214656,86936,11
"chr3",50567478,50567955,0.0671211061077322,0.201363318323197,60729,143413,246355,102943,8
"chr18",657219,657449,0.10066375708287,0.201327514165741,40237,270834,297907,27074,18
"chr6",33317693,33321114,-0.100663316221252,0.201326632442505,72833,4443,5581,1139,63
"chr3",187139711,187139749,0.100659083865975,0.201318167731949,63723,157091,217385,60295,8
"chr17",48830070,48830909,0.0670966404316849,0.201289921295055,38059,248947,267801,18855,8
"chr4",99563416,99563735,0.100642176183998,0.201284352367995,66054,100242,101311,1070,16
"chr10",33773090,33773306,-0.100638529045637,0.201277058091274,9716,117852,135318,17467,8
"chr16",75251635,75251749,-0.100622961781668,0.201245923563336,34022,2234,3938,1705,11
"chr2",199851286,199851452,0.100590597130991,0.201181194261982,51503,156256,165572,9317,5
"chr20",35147348,35147366,-0.100587685762254,0.201175371524508,54207,114471,198284,83814,14
"chr3",168095663,168096335,-0.100576998448591,0.201153996897182,63185,29441,97804,68364,13
"chr5",62404049,62404337,0.0670503347216957,0.201151004165087,68446,157495,309451,151957,8
"chr19",47472151,47472186,-0.100529091596159,0.201058183192317,45857,246195,270565,24371,8
"chr15",40806638,40807585,0.100522994154691,0.201045988309381,28319,271780,274333,2554,18
"chr5",128538085,128538180,-0.100519454455139,0.201038908910277,69429,10037,10337,301,17
"chr8",22995803,22995838,0.100509703752519,0.201019407505039,80864,48033,62843,14811,6
"chr1",53195557,53196374,0.100505615091437,0.201011230182875,3321,225891,243812,17922,12
"chr2",24820813,24820834,0.100502692302471,0.201005384604943,47781,266528,280165,13638,5
"chr16",57628432,57628435,-0.100490916870766,0.200981833741531,33249,209333,241575,32243,16
"chr15",63596321,63596400,-0.100486586985232,0.200973173970463,29155,268379,275234,6856,11
"chr4",89836969,89837378,0.100476173760835,0.200952347521671,65974,121336,142980,21645,22
"chr2",166487855,166488045,0.0669759693206115,0.200927907961835,50806,144696,250171,105476,3
"chr2",96760537,96761296,0.0669726124274358,0.200917837282307,49555,82723,98609,15887,17
"chr11",75668568,75668575,-0.100429880728713,0.200859761457426,16235,179798,184412,4615,17
"chr21",42496334,42496398,-0.0669234759788602,0.200770427936581,56428,16401,55455,39055,15
"chr18",52339632,52339991,-0.100379770739118,0.200759541478236,41045,201141,206374,5234,19
"chr12",25051398,25051738,-0.100375799040677,0.200751598081354,19071,94078,199525,105448,4
"chr16",4335297,4335354,-0.10037434900408,0.20074869800816,31561,194787,196179,1393,6
"chr11",17077911,17078141,0.100360663381385,0.20072132676277,13679,98719,174341,75623,7
"chr9",136367662,136367681,-0.100357801703861,0.200715603407722,86500,187000,235407,48408,3
"chr13",49496300,49496414,0.0669032264201196,0.200709679260359,23714,14364,57384,43021,14
"chr16",396668,397463,-0.0668865244720576,0.200659573416173,30803,10902,64583,53682,18
"chr17",76103401,76104196,0.0668777443700511,0.200633233110153,39358,240367,292579,52213,16
"chr2",96305685,96305697,0.100309873734372,0.200619747468745,49518,146129,158035,11907,12
"chr13",112968394,112968429,0.100306717777601,0.200613435555202,24580,196185,218842,22658,12
"chr19",13506057,13506552,-0.100296193079462,0.200592386158924,43338,87250,87818,569,14
"chr10",102393994,102394443,0.100292933434782,0.200585866869564,11548,184437,240521,56085,26
"chr10",92692479,92692723,-0.0668609664584626,0.200582899375388,11051,8663,188313,179651,3
"chr4",107825167,107825251,-0.10028702347565,0.2005740469513,66159,112513,147235,34723,16
"chr6",83430964,83431515,-0.100267922259861,0.200535844519722,74091,16827,19765,2939,13
"chr3",119463435,119463823,0.100253395366527,0.200506790733055,61913,100038,107971,7934,13
"chr3",9249528,9249650,0.100231059298681,0.200462118597361,59125,90421,92393,1973,18
"chr2",47129457,47129575,0.10019486729396,0.200389734587921,48510,31792,286546,254755,2
"chr18",6510905,6510912,0.100191926910634,0.200383853821268,40354,244781,256650,11870,5
"chr3",49358307,49358492,0.100188751465629,0.200377502931258,60567,164680,245947,81268,11
"chr12",123365354,123365580,0.100169452254188,0.200338904508376,22464,194302,204749,10448,9
"chr16",89815920,89815985,-0.100165325815113,0.200330651630225,34741,129186,299461,170276,2
"chr17",21043731,21044337,0.100160788202242,0.200321576404483,36317,103802,198176,94375,9
"chr16",67192012,67192021,0.100135273603983,0.200270547207967,33486,209941,218888,8948,8
"chr8",144413653,144413797,0.100093715678025,0.200187431356051,83375,12370,12828,459,4
"chr8",67061978,67062061,0.100063565150762,0.200127130301525,81798,112370,133764,21395,16
"chr15",99249817,99250673,0.100059488958866,0.200118977917732,30620,215180,225937,10758,26
"chr5",65562725,65563172,-0.100039122904425,0.20007824580885,68470,138913,149237,10325,18
"chr13",46553169,46553605,0.100017035881182,0.200034071762365,23634,99671,138022,38352,7
"chr4",156971237,156971606,-0.0998634397368297,0.199726879473659,66888,92456,108427,15972,15
"chr3",187734947,187735933,0.0665261572184529,0.199578471655359,63760,258047,303516,45470,14
"chr19",53882142,53882150,-0.0997230537356359,0.199446107471272,46712,10993,55263,44271,13
"chr12",95217215,95218181,0.0664733405338779,0.199420021601634,21245,138465,201427,62963,17
"chr1",247451641,247452141,0.0664668213931,0.1994004641793,8774,122928,156400,33473,9
"chr4",155376790,155377052,0.0996848964492673,0.199369792898535,66870,86056,92040,5985,12
"chr12",561546,561861,-0.0664385012928477,0.199315503878543,18040,191188,299557,108370,5
"chr1",159076983,159077183,-0.0996471616327036,0.199294323265407,5960,81955,92645,10691,7
"chr12",3753307,3753331,-0.0996397520026432,0.199279504005286,18194,180515,189418,8904,13
"chr11",11841183,11842082,0.0996394448468876,0.199278889693775,13548,138028,179168,41141,13
"chr11",69810017,69810017,-0.0996089666856775,0.199217933371355,15874,289339,304540,15202,6
"chr19",36418704,36419214,0.0995859934426597,0.199171986885319,44632,209215,297178,87964,7
"chr1",99004263,99005004,-0.0995859788590595,0.199171957718119,4190,111586,112323,738,17
"chr9",113220769,113221704,0.0663772844651463,0.199131853395439,85230,179152,224007,44856,14
"chr6",30719596,30720165,0.0995261958586909,0.199052391717382,72370,168699,174101,5403,23
"chr2",113067657,113067936,-0.0995227786686216,0.199045557337243,50032,144827,159170,14344,5
"chr1",119809125,119809189,-0.099521564472561,0.199043128945122,4821,228900,250460,21561,5
"chr8",80030143,80030535,0.0663366618046863,0.199009985414059,81977,170835,182702,11868,10
"chr3",159272700,159273849,0.0663182765155712,0.198954829546713,63092,85891,125520,39630,8
"chr13",31846342,31846389,0.0663174087347195,0.198952226204159,23294,73931,197593,123663,5
"chr3",149658002,149658885,0.0994682204880025,0.198936440976005,62853,39224,86803,47580,25
"chr19",35648160,35648331,-0.0994652475197194,0.198930495039439,44508,95094,200038,104945,8
"chr16",50806408,50806736,-0.0994528262780896,0.198905652556179,33008,195344,214247,18904,8
"chr12",84913075,84913352,0.099445285448638,0.198890570897276,21091,41577,43487,1911,17
"chr10",107165109,107165464,0.0994153819457433,0.198830763891487,11757,118551,122438,3888,15
"chr7",97014196,97014227,0.099414116242775,0.19882823248555,78185,44703,159100,114398,5
"chr1",177164883,177165013,-0.0994124083721499,0.1988248167443,6656,100076,104974,4899,17
"chr9",15510576,15511505,0.0994046742426216,0.198809348485243,83732,174686,181958,7273,13
"chr4",173333661,173335252,0.099373355121152,0.198746710242304,67059,161401,161543,143,25
"chr2",119158153,119158934,0.0993434426218476,0.198686885243695,50112,11069,17303,6235,16
"chr11",62592283,62592357,0.0992923419662912,0.198584683932582,14933,244038,274471,30434,15
"chr5",170388767,170389956,-0.0661909861241121,0.198572958372336,70809,131494,162521,31028,10
"chr19",41226563,41226684,0.0992213127708949,0.19844262554179,45135,58136,112318,54183,12
"chr2",37230453,37231925,0.099218080655841,0.198436161311682,48256,93738,94845,1108,19
"chr4",69639858,69640247,0.0991945955824962,0.198389191164992,65501,258710,269876,11167,4
"chr6",44257365,44257706,-0.0660845044305918,0.198253513291775,73556,46387,61526,15140,19
"chr6",123803730,123803737,-0.099125109543572,0.198250219087144,74777,41011,46963,5953,6
"chr13",29850777,29850962,-0.0660771013843718,0.198231304153115,23243,214646,298933,84288,12
"chr19",46745683,46745936,0.0991112233637552,0.19822244672751,45776,56723,56985,263,20
"chr2",100818965,100819089,0.0990890002374708,0.198178000474942,49698,1426,32920,31495,4
"chr19",2740125,2740391,-0.0660377056522475,0.198113116956742,41963,52551,76583,24033,10
"chr16",2276665,2276751,-0.0990563857401773,0.198112771480355,31247,57542,202107,144566,2
"chr3",196813,196928,-0.0990333220834537,0.198066644166907,59015,9628,9964,337,23
"chr8",23224444,23225121,0.098963690218485,0.19792738043697,80891,181079,183984,2906,18
"chr3",127822400,127822612,-0.0989346411911588,0.197869282382318,62248,162475,240016,77542,12
"chr10",124093661,124094923,0.0989323294028897,0.197864658805779,12204,222986,233551,10566,14
"chr17",75574888,75574975,0.0988565044171956,0.197713008834391,39231,75848,291159,215312,2
"chr6",122788692,122789156,-0.0659000772165837,0.197700231649751,74765,127422,137104,9683,12
"chr15",82647624,82648211,0.065893819081131,0.197681457243393,30078,208684,252655,43972,22
"chr2",149329950,149330711,-0.098839272762143,0.197678545524286,50540,63027,65022,1996,13
"chr13",27172007,27172200,-0.0988105108579554,0.197621021715911,23131,13288,22405,9118,5
"chr20",2664289,2664405,0.0988030178191998,0.1976060356384,53272,58226,81141,22916,16
"chr6",33788305,33789463,0.0658542760519468,0.197562828155841,72885,131746,135820,4075,17
"chr14",54396658,54396832,0.0987690337022334,0.197538067404467,25669,101040,195544,94505,9
"chr6",73369962,73369996,0.098753014544038,0.197506029088076,73968,167102,176253,9152,11
"chr22",39320157,39320170,0.0987481151096888,0.197496230219378,58195,272220,273280,1061,18
"chr9",113536178,113536454,0.065819681077265,0.197459043231795,85258,237994,283908,45915,5
"chr15",31223558,31223649,-0.098673874540899,0.197347749081798,28039,10964,56958,45995,6
"chr1",160343378,160343468,0.0986553421942227,0.197310684388445,6068,156637,156900,264,19
"chr19",13932833,13933004,-0.0986400442070681,0.197280088414136,43378,192909,208952,16044,4
"chr10",100286417,100286611,-0.0657593514848438,0.197278054454531,11391,41953,43676,1724,21
"chr19",50476489,50476498,-0.0986233320514277,0.197246664102855,46305,26919,28195,1277,13
"chr1",23177932,23177951,0.0986159472459138,0.197231894491828,1564,12456,30575,18120,6
"chr8",1764105,1764841,-0.0657336964224422,0.197201089267327,80341,189541,242054,52514,11
"chr1",77888401,77888697,-0.0657325719718187,0.197197715915456,3825,35561,112113,76553,20
"chr6",170295129,170295146,0.0985849925866082,0.197169985173216,75932,239462,247396,7935,8
"chr6",136551185,136551264,0.098570474561148,0.197140949122296,75044,126131,173878,47748,14
"chr7",28958309,28958453,0.0657019109135243,0.197105732740573,76872,304436,304488,53,33
"chr6",43048170,43048406,-0.0656911386023896,0.197073415807169,73396,235224,263249,28026,4
"chr5",43020059,43020614,-0.0656697657014983,0.197009297104495,68174,38951,116676,77726,12
"chr11",2401929,2402014,-0.0656522508503422,0.196956752551027,12940,171319,180288,8970,40
"chr17",42388525,42388847,0.0656519745805309,0.196955923741593,37461,206311,221891,15581,13
"chr17",60391892,60392690,0.065647555944144,0.196942667832432,38582,97880,128678,30799,10
"chr17",63742030,63742160,-0.0984544685835339,0.196908937167068,38719,103192,203297,100106,11
"chr11",61743803,61744338,-0.0984481482275714,0.196896296455143,14861,41481,44546,3066,6
"chr20",41028799,41028866,0.0656307871246336,0.196892361373901,54501,75630,100553,24924,11
"chr8",30155899,30156185,-0.0984088229632325,0.196817645926465,81133,98930,125422,26493,11
"chr2",197303409,197303714,-0.0983949132348666,0.196789826469733,51458,266194,269203,3010,3
"chr8",18209907,18209925,0.0983776291648054,0.196755258329611,80676,106291,186481,80191,5
"chr19",13116607,13117282,-0.0655845492225434,0.19675364766763,43317,96757,207949,111193,12
"chr16",71758402,71758808,0.0983226124338197,0.196645224867639,33883,205471,208279,2809,4
"chr11",47426292,47426672,0.0655342496112431,0.196602748833729,14374,169509,171033,1525,12
"chr17",8867637,8867738,-0.0982935500134297,0.196587100026859,35787,197550,199131,1582,7
"chr12",49347057,49347381,0.0982873193543904,0.196574638708781,19616,96329,98868,2540,15
"chr21",44886785,44886879,0.098276542665382,0.196553085330764,56585,126144,195136,68993,5
"chr20",31739080,31739117,-0.0982654483138921,0.196530896627784,53939,100532,102073,1542,13
"chr5",172007263,172007422,0.0982364151267964,0.196472830253593,70842,150081,152186,2106,12
"chr19",18438321,18438324,0.0982300434709781,0.196460086941956,43935,56129,59012,2884,19
"chr12",123233241,123233751,0.098226956894828,0.196453913789656,22454,200197,201761,1565,25
"chr21",34513057,34513469,-0.0981723564182971,0.196344712836594,56085,101817,228542,126726,6
"chr1",244835187,244835230,-0.0981504280643217,0.196300856128643,8690,32465,60515,28051,17
"chr8",144529154,144529437,0.0981127061058137,0.196225412211627,83424,168923,172562,3640,15
"chr2",158456087,158457504,0.0980848770591239,0.196169754118248,50654,98192,98953,762,13
"chr5",83471223,83471278,-0.098068219523743,0.196136439047486,68853,230922,237335,6414,16
"chr12",49791630,49791820,0.0980581833715408,0.196116366743082,19658,52610,59559,6950,3
"chr4",83034922,83035049,0.0980535409573431,0.196107081914686,65822,145538,157713,12176,17
"chr19",10928738,10928794,0.098043832871561,0.196087665743122,43004,139179,140693,1515,17
"chr7",87151838,87152257,-0.0653447546119484,0.196034263835845,77966,230858,286157,55300,15
"chr1",91022014,91022249,0.0979380182225328,0.195876036445066,4036,94224,109028,14805,19
"chr15",99249432,99250206,0.0652912963281965,0.195873888984589,30620,301194,307470,6277,26
"chr13",113044680,113044702,-0.0979262351326409,0.195852470265282,24587,26195,106882,80688,13
"chr19",1401373,1401776,-0.0978919292148542,0.195783858429708,41747,106928,197266,90339,10
"chr17",441361,443280,0.0978774228793225,0.195754845758645,34816,204611,205301,691,13
"chr21",38121395,38121456,-0.0978625907187388,0.195725181437478,56203,75614,80001,4388,9
"chr17",47323270,47324367,0.0978548969072315,0.195709793814463,37927,108338,112431,4094,13
"chr14",39266961,39266967,-0.0978485120323251,0.19569702406465,25453,251389,265718,14330,15
"chr8",66667373,66667381,0.0978376488365607,0.195675297673121,81784,177420,192081,14662,16
"chr8",138083736,138083967,-0.0978283683432459,0.195656736686492,82906,177303,240998,63696,4
"chr5",138467508,138467680,0.0978000816578969,0.195600163315794,69765,143677,280412,136736,4
"chr4",165207026,165207242,-0.097786409962979,0.195572819925958,66976,104229,124077,19849,6
"chr8",11702790,11703112,0.0977598450244382,0.195519690048876,80544,48427,48835,409,27
"chr5",98927396,98927884,0.0977501431156173,0.195500286231235,69081,246759,256526,9768,6
"chr11",66858670,66859092,0.0977151266879722,0.195430253375944,15606,78371,191966,113596,2
"chr4",3313575,3314213,0.0976903931990288,0.195380786398058,64431,272921,311420,38500,8
"chr8",143428714,143430046,-0.0651206516246263,0.195361954873879,83153,3971,12924,8954,12
"chr10",10795855,10796125,-0.0976465638104252,0.19529312762085,9178,182261,241786,59526,4
"chr1",248847147,248847249,0.097633902337794,0.195267804675588,8855,256580,257562,983,6
"chr1",9654752,9654785,0.0976270276312433,0.195254055262487,724,121916,133262,11347,7
"chr10",89644697,89644706,0.097568013514301,0.195136027028602,10969,115053,116428,1376,21
"chr15",39933045,39933803,0.0975154417267106,0.195030883453421,28204,234480,260135,25656,11
"chr3",122794676,122795086,0.0650097342125549,0.195029202637665,62043,104697,139505,34809,16
"chr4",174829129,174829850,0.0649886985267028,0.194966095580108,67082,152624,165925,13302,13
"chr10",102502801,102502835,-0.0974137562766691,0.194827512553338,11578,81320,167492,86173,7
"chr19",57167497,57168222,0.0649383273582682,0.194814982074805,47078,197348,201731,4384,10
"chr11",118304669,118304960,-0.0649223955444643,0.194767186633393,17212,100182,114909,14728,8
"chr5",103562762,103562844,0.0973702200361758,0.194740440072352,69120,66150,90991,24842,10
"chr1",24502478,24503564,-0.0649014062636775,0.194704218791033,1670,28035,38286,10252,19
"chr8",38973673,38973813,-0.0973480873949963,0.194696174789993,81327,191828,232266,40439,13
"chr17",34979288,34979372,0.0973246737305538,0.194649347461108,36742,129000,133244,4245,13
"chr11",117233110,117233164,0.0973191678085518,0.194638335617104,17127,185848,190434,4587,15
"chr7",43729415,43729689,-0.0973045481958374,0.194609096391675,77178,179087,179399,313,13
"chr10",73246233,73247423,0.0972897407971327,0.194579481594265,10541,190500,233364,42865,12
"chr4",73069369,73070027,0.0648450889771005,0.194535266931301,65585,37996,98836,60841,12
"chr19",37779559,37779640,-0.09724661340242,0.19449322680484,44704,92087,96275,4189,10
"chr16",15949244,15949466,0.0972435121448443,0.194487024289689,32014,57210,63022,5813,9
"chr14",88323172,88323971,-0.097191763625755,0.19438352725151,26702,121284,197138,75855,8
"chr5",58460117,58460710,0.0971905336396711,0.194381067279342,68382,36372,37929,1558,14
"chr16",66696489,66697280,0.0647935377581585,0.194380613274476,33410,73443,75901,2459,8
"chr3",36992593,36992651,0.0971893347895135,0.194378669579027,59816,164733,166074,1342,42
"chr2",175167811,175168420,0.0971694721095219,0.194338944219044,51049,88489,97832,9344,17
"chr2",55924044,55924253,0.0971648643115624,0.194329728623125,48682,147985,234319,86335,6
"chr3",132722015,132722240,0.0971623207820055,0.194324641564011,62469,62926,90311,27386,15
"chr9",107489425,107489919,-0.0971577919203138,0.194315583840628,85099,83176,99154,15979,12
"chr14",52069304,52070295,0.0971457676366123,0.194291535273225,25627,132360,139933,7574,17
"chr3",129315303,129316297,-0.0647584863769078,0.194275459130723,62333,35336,59904,24569,21
"chr1",225428144,225428888,-0.0971333493017414,0.194266698603483,8084,240479,245587,5109,17
"chr16",83953177,83953190,-0.0971308069289154,0.194261613857831,34249,74184,77569,3386,7
"chr11",32434794,32435711,-0.0971292157596794,0.194258431519359,13967,43047,50200,7154,21
"chr15",89751337,89751531,-0.0971251166947995,0.194250233389599,30348,83430,90157,6728,9
"chr20",49367843,49368191,0.0971181942783939,0.194236388556788,54967,212338,243683,31346,3
"chr7",148940944,148941010,0.0970856607949638,0.194171321589928,79795,117204,126624,9421,6
"chr16",66959808,66960245,0.0970664749710967,0.194132949942193,33445,196004,199831,3828,3
"chr6",15496748,15497104,0.0646980768393386,0.194094230518016,71758,138112,181367,43256,5
"chr1",18630738,18631138,-0.0970403684634271,0.194080736926854,1241,7068,7300,233,10
"chr6",111873494,111873988,-0.0970333817571769,0.194066763514354,74569,122802,173691,50890,12
"chr7",155070311,155070318,0.0970163010444756,0.194032602088951,80153,122053,126329,4277,17
"chr7",124929659,124930127,0.0969724546608417,0.193944909321683,79092,81708,174512,92805,10
"chr7",128409922,128410250,0.0646384239728904,0.193915271918671,79161,140357,185416,45060,14
"chr13",26760586,26760945,-0.0969492871222725,0.193898574244545,23127,11600,17983,6384,10
"chr20",54174439,54175002,-0.0969417204820439,0.193883440964088,55123,206556,232245,25690,13
"chr6",37499986,37500246,0.0969296678563736,0.193859335712747,73131,169853,172577,2725,11
"chr17",42563204,42563226,-0.0646138718705023,0.193841615611507,37481,15073,21420,6348,20
"chr3",138174937,138174953,0.0969054966911683,0.193810993382337,62604,149478,150149,672,9
"chr19",35637201,35637591,-0.096891430174882,0.193782860349764,44502,72889,120345,47457,3
"chr9",19033258,19033664,0.0968877392079396,0.193775478415879,83761,249435,261213,11779,10
"chr15",45431675,45432382,0.0968610884167092,0.193722176833418,28686,119362,195608,76247,7
"chr1",52404314,52404365,0.0968399148615175,0.193679829723035,3275,141722,142405,684,15
"chr7",105012885,105015379,0.0645553925130478,0.193666177539143,78741,79465,91893,12429,23
"chr4",73223396,73223452,0.0968257588075575,0.193651517615115,65591,231873,262772,30900,3
"chr11",57667083,57667610,0.0968190016315187,0.193638003263037,14591,190654,249338,58685,13
"chr17",35374302,35374757,0.0967880136835493,0.193576027367099,36783,101183,108116,6934,5
"chr2",170928435,170929037,-0.096776147494705,0.19355229498941,50913,89455,132321,42867,17
"chr4",61200657,61201471,-0.0967032344382633,0.193406468876527,65429,124470,139875,15406,12
"chr20",5750213,5750298,0.0644688131879157,0.193406439563747,53465,81866,205596,123731,5
"chr12",2959729,2959975,-0.0967010152118024,0.193402030423605,18169,40171,138189,98019,3
"chr16",28491909,28491985,-0.0966949184059651,0.19338983681193,32424,244073,248869,4797,13
"chr2",149587238,149588055,-0.0966885304821136,0.193377060964227,50543,136360,160261,23902,17
"chr12",57522561,57522628,-0.0966805354180684,0.193361070836137,20569,47280,67478,20199,6
"chr9",133030767,133030813,0.0966266391411696,0.193253278282339,86222,78677,85722,7046,9
"chr11",8681640,8683150,0.0966120856493536,0.193224171298707,13409,271922,274139,2218,18
"chr2",181657147,181657194,-0.0966105663070771,0.193221132614154,51222,35727,106019,70293,12
"chr5",69234521,69234580,0.0965743067064026,0.193148613412805,68547,222112,242956,20845,16
"chr17",42194430,42194598,-0.0965603490219055,0.193120698043811,37443,247945,298564,50620,8
"chr16",21157858,21158490,0.0965601649831141,0.193120329966228,32153,197311,200390,3080,11
"chr17",18855132,18855240,0.0965268419252975,0.193053683850595,36210,230640,255703,25064,3
"chr3",120742502,120742947,0.0965218753960102,0.19304375079202,61967,156871,163270,6400,17
"chr6",170289679,170290590,0.0965119514253587,0.193023902850717,75929,259913,264028,4116,16
"chr19",43414254,43414851,0.0964597094399347,0.192919418879869,45357,209041,221504,12464,9
"chr19",19733125,19733415,-0.0964586706395717,0.192917341279143,44109,129687,210790,81104,11
"chr12",64222448,64222479,0.096421291564972,0.192842583129944,20706,45216,66320,21105,12
"chr13",112331149,112331971,0.0964144059085765,0.192828811817153,24544,75010,75265,256,12
"chr9",136352918,136352922,0.0963911616065446,0.192782323213089,86489,50479,69214,18736,5
"chr15",36579517,36579531,0.0963900765369569,0.192780153073914,28152,253405,275630,22226,12
"chr2",66439220,66440671,0.0642570374747574,0.192771112424272,48870,271033,285748,14716,19
"chr7",87876146,87876796,-0.0963429284541849,0.19268585690837,77987,124183,137943,13761,17
"chr10",99532905,99533332,0.0963284451922231,0.192656890384446,11343,179703,187632,7930,11
"chr17",42609177,42609800,0.0642130814771595,0.192639244431479,37490,224300,294074,69775,21
"chr3",100709161,100709233,-0.0642118402059181,0.192635520617754,61578,92654,112828,20175,17
"chr6",163413126,163414085,-0.0962543024019429,0.192508604803886,75721,98319,136979,38661,9
"chr15",66504297,66505460,0.0962481750084388,0.192496350016878,29348,219118,296889,77772,12
"chr1",239386983,239387003,0.0962227290769409,0.192445458153882,8586,5309,11787,6479,8
"chr11",63671480,63671862,-0.0962089437218926,0.192417887443785,15054,127006,140616,13611,20
"chr11",105610679,105611075,0.0961852962301914,0.192370592460383,16761,101823,103737,1915,24
"chr4",118836065,118836466,0.0961762063241857,0.192352412648371,66341,91255,96484,5230,13
"chr1",18902804,18902816,0.0961509708195282,0.192301941639056,1258,242200,254981,12782,17
"chr10",73770950,73770960,-0.0961441726346322,0.192288345269264,10586,227479,280889,53411,2
"chr3",38137193,38137807,-0.0640736667520144,0.192221000256043,59889,130691,148625,17935,8
"chr5",86617835,86617889,0.0961078677329219,0.192215735465844,68868,157270,161203,3934,9
"chr22",37745827,37746155,-0.096083607497515,0.19216721499503,58024,56807,57627,821,12
"chr6",30066674,30067327,-0.0960720790736406,0.192144158147281,72257,177144,177627,484,18
"chr17",16439369,16439455,-0.096067704527062,0.192135409054124,36033,200508,203248,2741,22
"chr20",21302550,21303301,0.0640216092301322,0.192064827690397,53736,102288,138381,36094,13
"chr11",65213756,65213845,0.0640078617606556,0.192023585281967,15298,81290,107816,26527,9
"chr7",104207920,104208354,0.0959884929721033,0.191976985944207,78724,138848,171347,32500,8
"chr19",15244393,15244752,0.095949451950186,0.191898903900372,43523,79926,302794,222869,2
"chr2",65367663,65368052,0.0639463630026479,0.191839089007944,48859,231660,305187,73528,11
"chr7",149629,149795,0.095911317584101,0.191822635168202,75949,182275,192514,10240,11
"chr19",34999720,35000079,-0.0959095781288844,0.191819156257769,44393,195734,229973,34240,5
"chr3",101848304,101848912,-0.0959088200766094,0.191817640153219,61625,213614,282967,69354,14
"chr6",31738211,31738567,0.0958959001047376,0.191791800209475,72562,131795,166924,35130,4
"chr17",59619628,59619918,-0.0639220597852738,0.191766179355822,38550,19242,53094,33853,16
"chr19",2235467,2236467,0.0958482962777807,0.191696592555561,41895,83420,93063,9644,21
"chr21",41508150,41508521,-0.0638953927549849,0.191686178264955,56340,25579,67175,41597,8
"chr6",31968377,31969617,-0.0958324754331974,0.191664950866395,72629,46654,46802,149,104
"chr12",63150988,63152483,0.0957992535307789,0.191598507061558,20691,68711,102154,33444,18
"chr4",108171156,108172087,-0.0957924806894602,0.19158496137892,66176,151908,155040,3133,14
"chr2",70086031,70087959,-0.0638546481000045,0.191563944300014,48963,100263,119309,19047,19
"chr17",49209861,49211187,0.0638490853733923,0.191547256120177,38086,250283,259220,8938,17
"chr5",136365362,136365734,0.0638449137110958,0.191534741133287,69681,87091,122161,35071,11
"chr10",132786319,132787096,0.0957011948206828,0.191402389641366,12448,49350,50060,711,37
"chr3",24494761,24495321,-0.095688960377847,0.191377920755694,59638,11560,14573,3014,29
"chr12",21378253,21378709,-0.0956783946472471,0.191356789294494,18998,128222,293527,165306,2
"chr9",94030673,94030691,-0.0956771528828546,0.191354305765709,84737,3339,3500,162,9
"chr14",81220052,81221377,-0.0956503614736069,0.191300722947214,26647,133704,194137,60434,25
"chr2",218399435,218400084,-0.0637520095667892,0.191256028700368,52034,89745,140254,50510,27
"chr3",71130962,71131131,-0.0956036913408808,0.191207382681762,61342,255303,257844,2542,17
"chr1",209675134,209675519,0.0955918952600863,0.191183790520173,7708,624,6851,6228,13
"chr13",96053601,96053654,-0.095577237507613,0.191154475015226,24175,140504,197880,57377,10
"chr8",141254670,141254701,0.0955680848694854,0.191136169738971,83009,46808,67339,20532,14
"chr13",20988099,20988590,0.0955646242574599,0.19112924851492,22981,210681,292389,81709,5
"chr19",55648119,55648451,-0.095528099774079,0.191056199548158,46978,59307,76653,17347,12
"chr1",155244512,155245068,0.0954939585278272,0.190987917055654,5591,5349,95638,90290,10
"chr10",125005578,125005653,0.0954882815946838,0.190976563189368,12238,167677,173222,5546,7
"chr20",44247139,44247293,-0.0954757432511719,0.190951486502344,54635,23271,56866,33596,15
"chr1",19081376,19081403,0.0636482959656678,0.190944887897004,1268,63334,237797,174464,3
"chr11",61816116,61817255,0.0954594824876747,0.190918964975349,14878,181344,182976,1633,31
"chr5",141475937,141475980,-0.0954557181049062,0.190911436209812,70074,18841,19979,1139,14
"chr19",822086,822635,0.0954370727152714,0.190874145430543,41583,13190,19005,5816,6
"chr8",6708039,6708325,-0.0954249196136846,0.190849839227369,80404,176056,176724,669,13
"chr12",107093707,107094416,-0.0954139180348317,0.190827836069663,21541,232895,244314,11420,16
"chr17",62065231,62066176,0.0635906362800108,0.190771908840032,38641,51066,197376,146311,7
"chr19",34677125,34677333,0.0953613889253728,0.190722777850746,44371,298461,308959,10499,14
"chr1",113905531,113905867,0.0953613524582064,0.190722704916413,4629,101621,107495,5875,16
"chr19",6736781,6736968,0.0953455793927157,0.190691158785431,42484,248949,251469,2521,29
"chr19",36916030,36916250,-0.0953259397671642,0.190651879534328,44664,137630,140631,3002,16
"chr19",6393393,6393766,-0.095317187077236,0.190634374154472,42438,249377,269108,19732,16
"chr4",8237493,8237527,0.0953148059053652,0.19062961181073,64652,36812,144460,107649,3
"chr12",121399601,121399958,0.095292072928764,0.190584145857528,22278,214600,271144,56545,11
"chr12",32107066,32107157,-0.0635255477395185,0.190576643218556,19235,14461,23872,9412,12
"chr20",38723969,38724515,0.0952852207833971,0.190570441566794,54472,94217,204537,110321,8
"chr12",22334913,22335862,0.0952775548384764,0.190555109676953,19031,204495,216451,11957,14
"chr10",69574211,69574692,0.0952642798557435,0.190528559711487,10342,228597,251021,22425,19
"chr6",28399867,28399972,0.0952530315857242,0.190506063171448,72112,104588,110383,5796,12
"chr8",9902917,9903359,-0.0952504738540865,0.190500947708173,80472,127794,174411,46618,8
"chr1",153963471,153964155,0.0952307995977026,0.190461599195405,5413,157339,165108,7770,21
"chr14",64749194,64749287,0.0952134773229751,0.19042695464595,25992,52722,74987,22266,6
"chr17",65055792,65056508,0.0634706649857079,0.190411994957124,38816,254429,280275,25847,17
"chr17",40443114,40443445,0.0634509425642701,0.19035282769281,37191,69306,76332,7027,10
"chr5",81301377,81301464,-0.09517589189569,0.19035178379138,68830,88033,150256,62224,13
"chr13",61415684,61415726,0.0951570048291391,0.190314009658278,23903,72686,73774,1089,15
"chr2",85354405,85355235,0.0951499595544414,0.190299919108883,49303,164546,166622,2077,18
"chr9",35790839,35792460,0.0634298377333138,0.190289513199941,84150,243633,289479,45847,15
"chr5",78294670,78295596,0.0950993994539958,0.190198798907992,68745,87920,89969,2050,14
"chr12",62466249,62467273,0.0633865967101594,0.190159790130478,20679,76160,174748,98589,14
"chr10",128047396,128047406,0.0950731707004881,0.190146341400976,12332,176820,178447,1628,8
"chr14",64914367,64914372,-0.0950539111621367,0.190107822324273,26004,207730,209425,1696,12
"chr4",4290110,4290840,0.0950374131380435,0.190074826276087,64480,136984,138313,1330,18
"chr12",4809169,4809972,0.0950360527277877,0.190072105455575,18241,45924,47633,1710,17
"chr5",170861762,170861784,-0.09502144894531,0.19004289789062,70821,12528,18614,6087,13
"chr13",95432987,95433769,-0.0633395565087728,0.190018669526319,24159,115386,212491,97106,16
"chr19",11559426,11559460,0.0950079789564372,0.190015957912874,43127,204973,209070,4098,8
"chr7",55964354,55964671,0.0949781120632254,0.189956224126451,77503,88986,102210,13225,9
"chr4",86849423,86849591,-0.0949775602694908,0.189955120538982,65883,152237,280781,128545,6
"chr17",75109536,75109788,-0.0949772167101558,0.189954433420312,39174,122649,196096,73448,13
"chr17",28719972,28720473,0.0949645616031753,0.189929123206351,36452,98303,112167,13865,42
"chr2",63049992,63050060,-0.0949522785790031,0.189904557158006,48791,166115,166658,544,51
"chr12",53379538,53379998,0.0949394127300695,0.189878825460139,20053,188087,191538,3452,12
"chr11",126210676,126212105,0.0949289940192325,0.189857988038465,17732,183044,222388,39345,19
"chr11",90250867,90251072,0.0949141323716307,0.189828264743261,16525,217754,224924,7171,5
"chr7",149431540,149431845,0.0949123546600862,0.189824709320172,79840,170653,188634,17982,2
"chr2",229271073,229271163,0.0949072111690091,0.189814422338018,52385,460,16579,16120,10
"chr21",33641738,33642579,-0.0949057516650851,0.18981150333017,56055,19852,25788,5937,18
"chr1",108661279,108661301,0.0948891872956815,0.189778374591363,4296,13437,15007,1571,18
"chr5",132864798,132864974,0.0948891676528942,0.189778335305788,69541,144004,144200,197,31
"chr20",62816138,62816967,-0.094887080588378,0.189774161176756,55453,198116,199082,967,37
"chr11",43311751,43311777,-0.0948744253754539,0.189748850750908,14138,94788,171763,76976,9
"chr6",168319796,168319809,0.0948458483647996,0.189691696729599,75859,49550,67282,17733,7
"chr11",57336070,57336397,-0.0632261916435084,0.189678574930525,14546,128301,168075,39775,11
"chr14",44897127,44897209,0.0948210436976599,0.18964208739532,25462,207386,210128,2743,11
"chr3",14947621,14947964,-0.0948100477504297,0.189620095500859,59467,3274,18160,14887,15
"chr17",40783421,40783544,0.0947984229331672,0.189596845866334,37219,208516,210051,1536,4
"chr22",21567539,21567592,-0.0947922089012041,0.189584417802408,57087,208181,210863,2683,8
"chr7",122303300,122306159,-0.0947834206342072,0.189566841268414,79032,118195,118742,548,28
"chr11",101128212,101128278,-0.0947518004160678,0.189503600832136,16662,41483,47415,5933,3
"chr6",122471358,122471831,0.0947441300257929,0.189488260051586,74757,50145,92423,42279,15
"chr7",107564597,107564712,0.0947400991973826,0.189480198394765,78809,115481,124612,9132,23
"chr12",56116784,56116859,0.0947351258268367,0.189470251653673,20327,208910,213217,4308,18
"chr1",225882697,225882956,-0.0947285166495065,0.189457033299013,8104,82906,95533,12628,11
"chr8",132675734,132675815,0.094716416523558,0.189432833047116,82826,256684,272579,15896,12
"chr11",15073522,15073524,0.0947026633249788,0.189405326649958,13635,98938,190461,91524,6
"chr13",110493236,110493245,0.0946937826347562,0.189387565269512,24467,206174,207635,1462,4
"chr10",131982058,131983019,-0.094675324162599,0.189350648325198,12383,9328,14184,4857,12
"chr22",50244262,50244759,-0.0946707748308508,0.189341549661702,58901,93363,124491,31129,14
"chr12",56752303,56752548,-0.0946559491786788,0.189311898357358,20433,86919,98960,12042,12
"chr17",69414482,69414547,-0.094624962779687,0.189249925559374,38959,123504,194367,70864,11
"chr1",1059118,1059800,-0.0630809885612335,0.189242965683701,52,66667,158266,91600,7
"chr3",138009989,138010153,0.0946138434563945,0.189227686912789,62586,107200,117583,10384,14
"chr20",44884423,44885351,-0.0945952140890404,0.189190428178081,54685,98897,298686,199790,7
"chr1",219928386,219928678,-0.0945925187237132,0.189185037447426,7927,26367,67920,41554,18
"chr12",6967690,6967761,0.0630463745362064,0.189139123608619,18429,76031,243208,167178,3
"chr9",23825849,23826463,0.0945366192198501,0.1890732384397,83861,115021,126441,11421,11
"chr19",43596661,43596814,0.0945241150532732,0.189048230106546,45389,203429,203589,161,19
"chr14",96796534,96797306,-0.0630160512447217,0.189048153734165,27108,74474,130941,56468,12
"chr17",75088234,75088278,0.0945167445367338,0.189033489073468,39170,84808,97355,12548,22
"chr1",32205315,32205851,0.0945056637260025,0.189011327452005,2168,147391,160824,13434,18
"chr15",90352049,90352241,-0.0945024074816957,0.189004814963391,30401,75870,83661,7792,12
"chr3",133783720,133783858,0.0944989039994019,0.188997807998804,62499,14081,16002,1922,14
"chr6",22147273,22147330,-0.0944381052392946,0.188876210478589,71849,257300,258415,1116,4
"chr6",17706329,17706637,0.0944345982678742,0.188869196535748,71794,90510,94266,3757,20
"chr7",18289939,18290432,0.0944343188323931,0.188868637664786,76615,200857,284088,83232,6
"chr8",41650333,41651473,-0.0944096499769595,0.188819299953919,81375,45582,62688,17107,10
"chr14",32938559,32939321,0.0944077402343749,0.18881548046875,25339,89931,93825,3895,11
"chr17",42682006,42682966,-0.0629177425143436,0.188753227543031,37503,104662,209376,104715,13
"chr17",18086518,18086891,0.0943599054498907,0.188719810899781,36146,207502,220492,12991,3
"chr12",9647850,9647959,0.0943437799507081,0.188687559901416,18603,193757,193779,23,12
"chr18",49487407,49487769,-0.0943227370737462,0.188645474147492,40986,251141,266708,15568,13
"chr15",64989516,64990152,0.0943159059082963,0.188631811816593,29231,86677,86828,152,12
"chr1",155135309,155135640,-0.0942808277388952,0.18856165547779,5564,243157,254712,11556,17
"chr3",35743539,35743922,-0.0942664362740012,0.188532872548002,59794,282860,288336,5477,9
"chr2",60384035,60384462,-0.062820781724263,0.188462345172789,48711,110926,238924,127999,3
"chr11",6603639,6603647,-0.0942172226668786,0.188434445333757,13281,24184,26701,2518,18
"chr12",6863331,6864102,-0.0942158515081586,0.188431703016317,18396,75667,263697,188031,3
"chr16",566827,566838,-0.094200379226714,0.188400758453428,30830,63048,72433,9386,4
"chr13",79481513,79481691,-0.0941998577484429,0.188399715496886,24076,199688,199798,111,13
"chr4",87975482,87975757,0.0941776423141472,0.188355284628294,65927,137653,148113,10461,10
"chr7",103074796,103075555,-0.0941312486480255,0.188262497296051,78692,49592,64720,15129,15
"chr19",6135499,6135508,0.0941215456832016,0.188243091366403,42421,95933,139479,43547,7
"chr15",42208144,42208304,-0.0940776594996976,0.188155318999395,28469,76495,98289,21795,12
"chr10",122270132,122270356,-0.0940744379032271,0.188148875806454,12123,168360,172978,4619,4
"chr2",152334517,152335650,-0.0627159974896353,0.188147992468906,50591,159199,162107,2909,11
"chr14",24195660,24196239,-0.0940524541212297,0.188104908242459,25168,78176,103009,24834,12
"chr9",112379481,112379483,0.0940481028169366,0.188096205633873,85210,221956,223866,1911,10
"chr10",62816472,62816496,0.0940443982609077,0.188088796521815,10187,169263,169605,343,16
"chr10",2014392,2014406,-0.0940409319099333,0.188081863819867,8953,111033,168760,57728,4
"chr17",68514904,68515042,0.0940401754334442,0.188080350866888,38920,204106,219595,15490,5
"chr11",17719439,17719555,0.0940066280599007,0.188013256119801,13722,59801,65240,5440,7
"chr10",100987347,100987418,0.0939970809221045,0.187994161844209,11438,138676,172150,33475,25
"chr6",42925256,42925429,-0.0939820369587113,0.187964073917423,73366,15792,43166,27375,5
"chr1",179954656,179954722,0.0939654584843223,0.187930916968645,6738,253795,262237,8443,11
"chr19",53268033,53268079,-0.0939401591407859,0.187880318281572,46620,198905,298214,99310,2
"chr1",6261318,6261624,-0.0939269157256117,0.187853831451223,541,33759,38098,4340,6
"chr6",36679296,36679887,0.0939097913323768,0.187819582664754,73067,90615,91407,793,4
"chr12",27332751,27332763,0.0939025435133017,0.187805087026603,19138,241564,245545,3982,10
"chr19",41262261,41262468,0.0938655564670218,0.187731112934044,45138,229055,254444,25390,11
"chr13",51452674,51454282,-0.0938511690081689,0.187702338016338,23789,226828,237595,10768,20
"chr15",64094238,64094462,0.093842743437374,0.187685486874748,29183,210609,212845,2237,14
"chr21",39612626,39612683,0.0938404494632244,0.187680898926449,56270,127245,136813,9569,12
"chr7",144410416,144410962,-0.0938157267582109,0.187631453516422,79759,272805,278442,5638,6
"chr2",178397488,178397488,0.0938148718220536,0.187629743644107,51145,286611,301147,14537,2
"chr1",171840664,171841328,0.0625374919355909,0.187612475806773,6524,154138,165619,11482,10
"chr1",62436229,62436537,-0.093799186702787,0.187598373405574,3558,154692,265631,110940,14
"chr15",45279400,45279579,0.0937944647916605,0.187588929583321,28677,246405,249168,2764,6
"chr11",287949,288305,-0.0937684948939118,0.187536989787824,12599,1072,4514,3443,3
"chr3",129795359,129795737,0.0937480209610363,0.187496041922073,62380,224221,251457,27237,3
"chr12",121580544,121581101,-0.0937025019173077,0.187405003834615,22292,168316,177783,9468,23
"chr16",67968846,67969217,-0.0936868427925433,0.187373685585087,33620,249910,266628,16719,23
"chr20",56391332,56391345,0.0936675396337835,0.187335079267567,55144,114637,212858,98222,3
"chr4",95839984,95840226,0.0936621685948871,0.187324337189774,66018,89241,143111,53871,11
"chr8",73879087,73879560,-0.0936587168795549,0.18731743375911,81902,231569,243301,11733,9
"chr1",186375519,186375830,0.0936566147468628,0.187313229493726,6946,140000,140488,489,17
"chr4",1406150,1406401,0.0936555605938122,0.187311121187624,64283,78315,127500,49186,7
"chr10",48685291,48685418,0.0936503676882858,0.187300735376572,9986,175993,178255,2263,17
"chr14",102317350,102317355,0.0936480057437407,0.187296011487481,27385,272244,275185,2942,9
"chr4",133148081,133149214,0.0936209471852893,0.187241894370579,66512,8716,32721,24006,16
"chr8",143716161,143716307,-0.0935560074766428,0.187112014953286,83212,40395,41158,764,9
"chr5",39074355,39074908,0.0935429576882706,0.187085915376541,68089,283831,302676,18846,14
"chr5",15500140,15500161,-0.0935311193045827,0.187062238609165,67769,23764,27400,3637,10
"chr15",72320256,72320940,-0.0935303239937555,0.187060647987511,29573,264963,266314,1352,17
"chr6",7909855,7910008,0.0935046968759905,0.187009393751981,71610,175257,177797,2541,13
"chr6",41780030,41780805,0.0934757866342947,0.186951573268589,73293,18269,20905,2637,11
"chr20",3045322,3046382,0.0934724148422524,0.186944829684505,53302,88914,96516,7603,10
"chr21",36698371,36699800,0.0934674444172773,0.186934888834555,56159,2364,4864,2501,22
"chr17",7673766,7673781,-0.0934477436947082,0.186895487389416,35600,312067,312071,5,141
"chr15",62066808,62067076,0.0934427462667618,0.186885492533524,29090,212813,236531,23719,9
"chr19",58440067,58440305,-0.0934405113115331,0.186881022623066,47240,86388,103036,16649,12
"chr12",1690607,1690720,0.0934210998948927,0.186842199789785,18103,220423,221121,699,10
"chr17",59220261,59220396,0.0934015740075973,0.186803148015195,38540,204430,209149,4720,14
"chr17",42658541,42659502,-0.0934008935268625,0.186801787053725,37491,199093,210070,10978,7
"chr17",35880337,35881008,0.0933389848406262,0.186677969681252,36825,242280,294818,52539,7
"chr4",184538162,184538241,0.0933027780860016,0.186605556172003,67206,142167,147654,5488,5
"chr14",67473681,67473697,0.0932869662293268,0.186573932458654,26058,282884,284817,1934,5
"chr1",160030818,160031631,0.0932830911001089,0.186566182200218,6019,291321,305864,14544,16
"chr17",82065946,82066045,-0.0932764749202421,0.186552949840484,40070,18609,76243,57635,7
"chr3",9249496,9249626,0.0932393445192474,0.186478689038495,59125,139685,142829,3145,18
"chr11",2140226,2141248,0.0932265861217269,0.186453172243454,12917,173889,174098,210,56
"chr4",182169104,182169225,0.0932238677301939,0.186447735460388,67134,252971,254595,1625,2
"chr5",95646457,95646626,0.0932077852234728,0.186415570446946,68996,86324,141429,55106,14
"chr7",43926049,43926661,0.0932021092128093,0.186404218425619,77187,89989,95735,5747,15
"chr10",104640119,104640696,0.0931728234443022,0.186345646888604,11745,335,8361,8027,10
"chr20",64077721,64077898,0.0931598363220513,0.186319672644103,55672,80837,264658,183822,4
"chr1",222617709,222617828,0.0931345790975158,0.186269158195032,7993,26578,33231,6654,5
"chr3",50337819,50338575,-0.0931317085455025,0.186263417091005,60707,145074,149170,4097,30
"chr2",152099269,152099621,-0.0931181939003146,0.186236387800629,50587,156243,166297,10055,13
"chr1",37555444,37555833,0.0931160726905337,0.186232145381067,2493,144340,152748,8409,14
"chr1",14598674,14598702,0.0931137710077239,0.186227542015448,990,17746,18199,454,13
"chr3",197960082,197960139,0.0931100173648772,0.186220034729754,64125,63904,67013,3110,17
"chr1",24642985,24643127,-0.0930975684943374,0.186195136988675,1684,11539,30653,19115,11
"chr16",27203366,27204051,-0.0620347824134853,0.186104347240456,32351,75603,100250,24648,12
"chr6",39048587,39048796,-0.0930453505419961,0.186090701083992,73182,49689,63094,13406,9
"chr11",122422841,122422914,0.093037436400603,0.186074872801206,17511,234167,289175,55009,2
"chr7",50793775,50794137,-0.0930089373231837,0.186017874646367,77424,131476,132984,1509,26
"chr9",33473908,33474333,-0.0929850367959989,0.185970073591998,83965,246982,259996,13015,10
"chr11",71928487,71928641,-0.0929636751144878,0.185927350228976,15979,122121,161885,39765,15
"chr5",138139376,138139488,0.0929501719305705,0.185900343861141,69724,125053,134996,9944,6
"chr9",137302338,137302420,-0.09294835889874,0.18589671779748,86752,63093,178228,115136,6
"chr8",17026716,17026755,-0.0929255883081913,0.185851176616383,80622,86642,127819,41178,11
"chr19",12945015,12945254,0.0929064920683176,0.185812984136635,43293,97894,116921,19028,11
"chr17",5419255,5419820,0.0619356029328814,0.185806808798644,35336,77571,101648,24078,28
"chr19",12890982,12891156,0.0928776510160094,0.185755302032019,43279,298774,300345,1572,15
"chr12",120581540,120582357,0.0928594804093044,0.185718960818609,22212,135155,177037,41883,11
"chr14",64879915,64879968,-0.092858508805657,0.185717017611314,26002,197625,199730,2106,10
"chr11",66857382,66857419,0.0928199528969546,0.185639905793909,15605,47216,62497,15282,6
"chr1",27830550,27831161,-0.0928092359212921,0.185618471842584,1947,100635,100894,260,14
"chr14",24188978,24189635,0.092804523568558,0.185609047137116,25166,197767,202700,4934,18
"chr6",26271488,26272127,-0.0927997505411434,0.185599501082287,71975,110057,114477,4421,19
"chr11",65614400,65615768,0.0927857349038469,0.185571469807694,15380,108553,117400,8848,20
"chr11",121292083,121292214,-0.0927824251466769,0.185564850293354,17477,222163,234016,11854,12
"chr14",38207660,38207819,0.0927823486926694,0.185564697385339,25432,125808,128576,2769,12
"chr22",43862722,43862810,0.0927109149005414,0.185421829801083,58586,102353,103630,1278,11
"chr6",44286337,44286352,0.0926808256907228,0.185361651381446,73567,175245,183376,8132,6
"chr19",35742546,35742992,-0.092614519129937,0.185229038259874,44533,126640,192889,66250,8
"chr17",80543779,80543902,0.0925894751452925,0.185178950290585,39818,244209,249604,5396,14
"chr17",56833163,56834496,0.0925803362027701,0.18516067240554,38377,195010,198054,3045,10
"chr13",51803594,51804608,-0.0925496569167177,0.185099313833435,23805,91916,208604,116689,13
"chr16",73048503,73048535,-0.0925401386968634,0.185080277393727,33950,62769,68159,5391,10
"chr3",107522789,107522891,0.0925357524194754,0.185071504838951,61653,96846,142158,45313,10
"chr10",73591609,73592130,0.092525926931904,0.185051853863808,10569,247647,258290,10644,6
"chr7",1231968,1232619,-0.0925244632629186,0.185048926525837,76062,49773,111715,61943,9
"chr19",35532152,35532712,0.06168286206311,0.18504858618933,44479,203484,268026,64543,3
"chr19",36215067,36215151,0.0925174190896723,0.185034838179345,44622,19685,21507,1823,25
"chr2",51027685,51029008,0.0925148172421202,0.18502963448424,48602,114708,135244,20537,10
"chr10",93072812,93073285,0.0925064532300115,0.185012906460023,11067,13351,15662,2312,16
"chr19",47515072,47515411,0.0924849099636913,0.184969819927383,45865,78691,89012,10322,14
"chr5",205094,205832,0.0924809988987764,0.184961997797553,67390,145928,161667,15740,7
"chr2",127811274,127811939,0.0924643911039748,0.18492878220795,50282,217257,233734,16478,9
"chr19",47608014,47608050,-0.0924588364240116,0.184917672848023,45872,90552,210946,120395,11
"chr7",26291638,26292423,-0.092448729592769,0.184897459185538,76773,188642,249764,61123,10
"chr8",109539567,109540565,-0.0924362388873767,0.184872477774753,82467,177057,178771,1715,23
"chr3",51671047,51671664,-0.0616047871722052,0.184814361516616,60766,40065,107716,67652,8
"chr8",11868534,11868642,-0.0923840251980804,0.184768050396161,80566,178481,232129,53649,12
"chr9",21970965,21970986,0.061567086990257,0.184701260970771,83840,80393,80395,3,10
"chr11",66546740,66546746,0.092347369854132,0.184694739708264,15549,99462,116691,17230,17
"chr19",57746804,57746957,-0.0923460929658302,0.18469218593166,47148,204256,206319,2064,10
"chr5",174724566,174724631,-0.0923410877523452,0.18468217550469,70929,7712,8183,472,15
"chr1",159900112,159900296,0.0923324173303223,0.184664834660645,6001,16639,17016,378,10
"chr11",69704320,69704360,0.0923284224456274,0.184656844891255,15868,106832,169857,63026,15
"chr7",14842010,14842405,-0.0923174132063146,0.184634826412629,76567,256766,263482,6717,5
"chr11",94740502,94740505,-0.0923051889449101,0.18461037788982,16601,26880,41694,14815,11
"chr22",35551562,35551771,0.0922914485005569,0.184582897001114,57839,281919,299133,17215,7
"chr20",23035271,23035299,0.0922891081611624,0.184578216322325,53771,12211,52466,40256,11
"chr20",47210261,47210557,-0.0922730791464537,0.184546158292907,54890,58791,284232,225442,2
"chr20",64048879,64048894,0.092263039083935,0.18452607816787,55664,13413,14561,1149,10
"chr7",100634049,100634293,-0.0922614687539406,0.184522937507881,78478,179922,220312,40391,9
"chr2",3575030,3575065,0.0922560503204299,0.18451210064086,47377,146522,154165,7644,8
"chr2",18584752,18584874,-0.0922401640484137,0.184480328096827,47662,13960,30880,16921,5
"chr16",14309281,14309287,0.0922373147273778,0.184474629454756,31929,112544,133315,20772,6
"chr1",211326296,211326692,-0.0922153320159232,0.184430664031846,7764,92550,94632,2083,9
"chr10",70132959,70132963,-0.0922092225379846,0.184418445075969,10360,102149,120077,17929,10
"chr5",40755973,40756744,-0.0921825108506273,0.184365021701255,68117,105474,146204,40731,7
"chr1",44674415,44674448,0.0921778760330709,0.184355752066142,2949,35819,59952,24134,16
"chr5",67003958,67004047,0.0921612605933253,0.184322521186651,68506,8565,110774,102210,15
"chr11",128685044,128686879,0.0614385940033465,0.184315782010039,17779,109086,124735,15650,20
"chr11",112226058,112226276,0.0921479186759835,0.184295837351967,16957,121464,191146,69683,9
"chr17",28406034,28406050,0.0921428612742718,0.184285722548544,36412,76156,83157,7002,11
"chr16",52546764,52547075,-0.0921417562421906,0.184283512484381,33022,14812,19975,5164,14
"chr13",20701600,20702706,-0.0921350606977685,0.184270121395537,22963,224365,228559,4195,13
"chr6",151807730,151809197,-0.0614194687895704,0.184258406368711,75401,38012,44329,6318,36
"chr12",53181153,53181351,0.0921068982420055,0.184213796484011,20006,61582,74409,12828,17
"chr12",53984477,53985031,-0.0920941093735126,0.184188218747025,20113,43872,61892,18021,24
"chr1",150282427,150282831,0.092070625058109,0.184141250116218,5014,87009,97544,10536,15
"chr12",54016467,54016539,-0.0920623376479031,0.184124675295806,20124,195052,205412,10361,31
"chr8",93740578,93741017,-0.0920523974442775,0.184104794888555,82151,182389,182722,334,22
"chr16",71883250,71884503,0.0920497717090952,0.18409954341819,33894,112314,137547,25234,12
"chr10",22437681,22437801,-0.0920349325843728,0.184069865168746,9484,184689,185749,1061,6
"chr10",122163189,122163584,-0.0613508023604486,0.184052407081346,12118,5239,40543,35305,12
"chr1",40372869,40373892,-0.0919816555865319,0.183963311173064,2673,155581,157342,1762,14
"chr8",4994908,4994966,-0.091971172866099,0.183942345732198,80393,3608,44419,40812,12
"chr2",160062523,160062636,-0.0919625644544062,0.183925128908812,50700,21311,28129,6819,14
"chr4",4541574,4543004,0.0613070961849053,0.183921288554716,64492,135838,165939,30102,16
"chr9",107489205,107489320,-0.0919413130409627,0.183882626081925,85099,305341,305629,289,12
"chr17",75261535,75261710,0.061290364412468,0.183871093237404,39194,26939,63323,36385,23
"chr6",71420729,71420836,0.0919298940490766,0.183859788098153,73929,77804,89995,12192,11
"chr7",27139649,27139813,0.0919270322815452,0.18385406456309,76810,12928,17170,4243,8
"chr3",133124235,133125033,-0.0919261254684004,0.183852250936801,62474,272060,275201,3142,9
"chr4",176065182,176066023,-0.0612812013476797,0.183843604043039,67097,1351,29706,28356,12
"chr16",53433700,53434800,-0.0612757758974166,0.18382732769225,33044,80962,125943,44982,17
"chr5",43602564,43602817,0.0918823181418567,0.183764636283713,68200,87602,99678,12077,20
"chr19",39032107,39032796,0.0612396211034406,0.183718863310322,44858,102620,293581,190962,9
"chr2",71130010,71130355,-0.0918238064160919,0.183647612832184,49023,81329,134274,52946,24
"chr1",149887906,149888041,-0.0918033987298516,0.183606797459703,4976,147908,149883,1976,12
"chr19",41999240,41999260,0.0918030925950311,0.183606185190062,45233,12520,108093,95574,5
"chr8",116765126,116766480,-0.0917934909329542,0.183586981865908,82512,176318,180448,4131,15
"chr9",137187520,137188716,-0.0917886527151581,0.183577305430316,86715,69548,86547,17000,13
"chr22",41381813,41381892,0.0917373897097964,0.183474779419593,58370,76195,99304,23110,9
"chr15",52568556,52569199,0.0917204117581781,0.183440823516356,28891,123758,139558,15801,21
"chr3",84958666,84959527,-0.0917036102460601,0.18340722049212,61444,141159,142667,1509,12
"chr9",137034901,137035396,0.091662402330251,0.183324804660502,86669,224571,306856,82286,3
"chr16",76452,77773,-0.0916486885414418,0.183297377082884,30744,59059,83370,24312,15
"chr16",20806249,20807191,-0.0916336674621701,0.18326733492434,32134,205375,206784,1410,27
"chr5",150777307,150778496,-0.0916318507995387,0.183263701599077,70428,164175,248671,84497,5
"chr6",33248841,33249644,-0.0610851690370128,0.183255507111038,72811,48965,122970,74006,39
"chr13",39038180,39038538,0.0916268969022919,0.183253793804584,23432,52144,73450,21307,20
"chr8",115668900,115669593,0.0916238583324458,0.183247716664892,82505,212355,225481,13127,17
"chr2",47176857,47177196,-0.0916089248243994,0.183217849648799,48519,163314,223298,59985,13
"chr6",31664760,31665715,0.0915861033708442,0.183172206741688,72532,192382,200730,8349,69
"chr19",55643501,55643588,-0.0915310337624081,0.183062067524816,46976,52491,54219,1729,9
"chr22",26479571,26479586,0.0915272516783376,0.183054503356675,57367,214469,223259,8791,11
"chr16",3046633,3046661,0.0915147407147781,0.183029481429556,31397,4893,55132,50240,7
"chr10",74826385,74826561,-0.0915137143263394,0.183027428652679,10634,188967,265311,76345,10
"chr15",40160983,40160988,0.0915097064038537,0.183019412807707,28226,194273,196949,2677,10
"chr11",119102312,119102395,0.0915082831933914,0.183016566386783,17332,168707,170098,1392,16
"chr11",125904187,125904511,-0.0915082015283422,0.183016403056684,17715,11696,11907,212,6
"chr2",88169488,88170273,0.0915055667584816,0.183011133516963,49425,105708,156193,50486,9
"chr4",151227912,151228252,0.0914781705452228,0.182956341090446,66757,163898,260627,96730,5
"chr3",38453446,38453620,0.0914665600831153,0.182933120166231,59905,143525,156872,13348,8
"chr17",15262836,15263415,0.0609651370810825,0.182895411243248,35950,214683,294719,80037,14
"chr6",166342233,166342503,0.0914165318441764,0.182833063688353,75751,101562,170318,68757,10
"chr15",42094528,42094531,-0.0914057282790839,0.182811456558168,28456,288621,300016,11396,6
"chr8",66870150,66870871,-0.0914032610019907,0.182806522003981,81790,169242,175749,6508,9
"chr11",64299294,64300321,-0.0609212180815981,0.182763654244794,15131,49251,125830,76580,13
"chr2",74458332,74458458,-0.0913473425132944,0.182694685026589,49164,138305,146657,8353,15
"chr15",76336384,76336763,0.0913279255568392,0.182655851113678,29823,90892,110927,20036,14
"chr22",39521187,39521263,-0.0913145852256758,0.182629170451352,58225,194216,306181,111966,3
"chr10",70598603,70599157,0.0608515772041266,0.18255473161238,10398,66800,126056,59257,6
"chr21",39387648,39387760,0.0912763719899053,0.182552743979811,56258,706,13545,12840,6
"chr7",120950531,120950807,0.0912697102948636,0.182539420589727,79010,191814,200849,9036,10
"chr15",74938226,74938734,-0.0608405719530636,0.182521715859191,29736,211683,260563,48881,10
"chr10",37857669,37857753,-0.0912487964296361,0.182497592859272,9757,64933,69251,4319,24
"chr8",33513119,33513384,0.0912458131414885,0.182491626282977,81184,172258,178212,5955,19
"chr1",156619216,156619445,0.0608173805221157,0.182452141566347,5776,303682,304709,1028,10
"chr1",7663570,7664709,-0.0912202425157007,0.182440485031401,617,120107,148917,28811,7
"chr14",23237534,23237632,0.0912021079079317,0.182404215815863,25031,254301,310794,56494,10
"chr7",99558269,99558739,0.0911976426327516,0.182395285265503,78322,26473,43436,16964,19
"chr1",172532407,172532856,0.0911821699991997,0.182364339998399,6540,31417,33272,1856,18
"chr11",68842828,68843164,0.0911805515946875,0.182361103189375,15817,175492,186031,10540,4
"chr2",189783905,189784579,0.0911667739366952,0.18233354787339,51330,158180,160794,2615,21
"chr8",30743870,30743982,0.0911551186546458,0.182310237309292,81147,242971,254526,11556,11
"chr16",13935615,13935663,-0.0911540952572402,0.18230819051448,31906,232173,233690,1518,6
"chr1",6205011,6206693,0.091145598624679,0.182291197249358,519,17229,31127,13899,14
"chr18",44680486,44680749,0.0911413976677803,0.182282795335561,40854,263552,292607,29056,17
"chr20",62302525,62302592,0.0911335151571584,0.182267030314317,55384,99605,116938,17334,12
"chr11",13496247,13496374,0.0911300901944567,0.182260180388913,13602,269781,275112,5332,4
"chr1",28886714,28886855,0.0911196174116006,0.182239234823201,2033,81069,105121,24053,10
"chr9",104094452,104094484,0.0910899241520193,0.182179848304039,85027,82192,96499,14308,12
"chr2",26847590,26848387,-0.0910866045281372,0.182173209056274,47905,31966,32967,1002,13
"chr12",57737983,57738310,-0.0910734198596314,0.182146839719263,20618,68191,80153,11963,14
"chr1",160261622,160263267,0.0910555630961965,0.182111126192393,6058,268092,277118,9027,21
"chr3",194135200,194136412,-0.0910409765927584,0.182081953185517,63897,166064,166721,658,25
"chr12",79934742,79935831,0.091035243366822,0.182070486733644,21036,99534,179673,80140,13
"chr1",89065773,89066231,-0.0910269044424649,0.18205380888493,3992,89577,243525,153949,3
"chr10",46556397,46556406,0.0910261978373555,0.182052395674711,9936,170022,261032,91011,9
"chr2",112275456,112275841,0.090997547279003,0.181995094558006,49977,108170,144902,36733,10
"chr19",47429362,47429453,0.0909847174206531,0.181969434841306,45850,4106,12207,8102,2
"chr7",149474288,149474695,0.0606508266141499,0.18195247984245,79847,45542,171458,125917,5
"chr19",12806604,12806726,0.0909635544378978,0.181927108875796,43253,51390,64645,13256,12
"chr1",197902464,197902717,0.0909525338458992,0.181905067691798,7043,152702,152960,259,13
"chr16",3018528,3018848,-0.0909406051278955,0.181881210255791,31382,255846,310312,54467,10
"chr3",161372231,161372919,0.0909168601620985,0.181833720324197,63149,166068,238669,72602,16
"chr3",46693505,46693848,-0.0606018854865863,0.181805656459759,60266,80137,80281,145,14
"chr7",27198386,27198388,0.0909005669598804,0.181801133919761,76832,126911,129084,2174,4
"chr6",32148876,32149156,-0.0908652976943191,0.181730595388638,72661,47147,48432,1286,25
"chr11",124876679,124877276,0.0605683517658174,0.181705055297452,17641,113388,249390,136003,6
"chr8",69448253,69448773,-0.0908497041684231,0.181699408336846,81821,234368,254993,20626,5
"chr11",113706349,113706398,0.0605550665190129,0.181665199557039,16998,108698,174105,65408,5
"chr19",2290844,2291374,0.0908205013604882,0.181641002720976,41913,122759,206083,83325,7
"chr20",20712483,20712761,0.0908132946997989,0.181626589399598,53726,51202,55157,3956,9
"chr10",95907321,95907842,-0.0605331605849644,0.181599481754893,11174,172349,192127,19779,11
"chr21",35049170,35049471,0.0907969687206912,0.181593937441382,56110,210452,265138,54687,8
"chr20",34704267,34704331,0.0605228407313444,0.181568522194033,54168,101777,198264,96488,9
"chr21",17792055,17792258,-0.0907710794676767,0.181542158935353,55749,238806,273670,34865,2
"chr2",25651397,25651698,0.0907462218347793,0.181492443669559,47830,271254,274915,3662,3
"chr15",43824631,43824934,0.0907352037383548,0.18147040747671,28595,86534,100475,13942,11
"chr11",110713222,110713971,0.0907335418703747,0.181467083740749,16882,190183,228603,38421,22
"chr20",18137700,18138344,-0.0907089623241134,0.181417924648227,53652,195321,199206,3886,15
"chr15",49155454,49155851,0.0906429797815936,0.181285959563187,28754,5962,51382,45421,17
"chr13",19782781,19782945,-0.0906363541888285,0.181272708377657,22935,117111,136776,19666,11
"chr19",55624550,55624770,-0.0906238807440229,0.181247761488046,46971,88007,96172,8166,11
"chr22",41923345,41924001,0.0906104698530286,0.181220939706057,58426,235684,263857,28174,3
"chr12",47079405,47079501,0.0906089196778616,0.181217839355723,19403,258419,273026,14608,24
"chr2",101697182,101698003,-0.0906002825668306,0.181200565133661,49737,146367,147162,796,14
"chr4",46388815,46390400,0.0603955971266232,0.18118679137987,65180,154364,164228,9865,24
"chr1",40515128,40515148,-0.0905782184686525,0.181156436937305,2683,243423,276059,32637,4
"chr19",56121377,56121500,-0.0603845548165881,0.181153664449764,47017,16486,62413,45928,12
"chr6",111484046,111484405,0.0905652421263261,0.181130484252652,74542,218466,226873,8408,16
"chr13",114234693,114235038,0.0905376646991979,0.181075329398396,24742,70873,73168,2296,12
"chr12",105107193,105107277,-0.0905140936110039,0.181028187222008,21486,189215,203215,14001,18
"chr4",89057237,89057249,-0.0904992856594537,0.180998571318907,65964,3149,62194,59046,7
"chr20",56628784,56629295,-0.0904956451199495,0.180991290239899,55167,139210,201951,62742,11
"chr5",171309176,171309568,0.0904775777741628,0.180955155548326,70823,9784,16793,7010,17
"chr5",134177179,134177820,0.0904499035197119,0.180899807039424,69574,18626,32200,13575,13
"chr11",101129216,101129222,0.0904433688615673,0.180886737723135,16663,179707,250066,70360,18
"chr6",137493834,137494588,0.0904207871707417,0.180841574341483,75071,13522,14640,1119,13
"chr8",25457456,25457486,0.0904189029647638,0.180837805929528,80959,96392,115304,18913,5
"chr10",34814941,34816473,0.0904035745478042,0.180807149095608,9723,96564,172601,76038,11
"chr3",98732270,98732272,0.0903947277078244,0.180789455415649,61531,139520,226846,87327,12
"chr2",102619080,102619637,-0.0903778764922038,0.180755752984408,49786,12216,32876,20661,9
"chr4",150581921,150583096,0.0903758416557401,0.18075168331148,66745,257631,277847,20217,18
"chr6",26272868,26273328,0.0903699130230852,0.18073982604617,71975,180692,181419,728,19
"chr1",53439939,53440261,0.0602319355657842,0.180695806697353,3338,146703,152620,5918,8
"chr19",44904603,44904864,-0.0903375034233094,0.180675006846619,45518,220580,295314,74735,4
"chr20",23049805,23049809,0.0903297293663405,0.180659458732681,53777,12842,15207,2366,12
"chr1",202010439,202010636,0.0903113865607224,0.180622773121445,7207,141082,155257,14176,12
"chr8",47960066,47960973,-0.0903057336606176,0.180611467321235,81494,8135,23876,15742,15
"chr12",46372765,46373900,0.0601781119317856,0.180534335795357,19396,79294,181409,102116,15
"chr11",64245983,64246365,0.0902347502679178,0.180469500535836,15110,184386,242972,58587,7
"chr1",20633397,20633517,-0.0902149313993315,0.180429862798663,1399,8525,11021,2497,11
"chr12",5430666,5431054,0.0902074961009856,0.180414992201971,18253,109519,124886,15368,6
"chr5",69492631,69492652,-0.0902016285828163,0.180403257165633,68559,70047,70964,918,13
"chr4",86892650,86892782,0.0901893492996734,0.180378698599347,65887,102534,126623,24090,10
"chr19",10451482,10451493,0.0901564130286208,0.180312826057242,42927,60783,243384,182602,3
"chr10",68988457,68988730,-0.090155100016077,0.180310200032154,10297,178072,178135,64,12
"chr11",47642698,47642778,0.0901408442498485,0.180281688499697,14409,21948,50138,28191,8
"chr10",97850103,97850225,-0.0901207423954229,0.180241484790846,11302,41040,42801,1762,10
"chr3",137997976,137998538,0.0901119424699541,0.180223884939908,62585,269512,272309,2798,12
"chr17",80883438,80883831,-0.0900997983945167,0.180199596789033,39835,108295,122430,14136,5
"chr11",62591738,62591943,-0.0600637759496001,0.1801913278488,14933,113831,191698,77868,15
"chr10",71218011,71218016,0.0900942497562178,0.180188499512436,10427,178251,247823,69573,3
"chr20",49046141,49046196,0.0900724191193499,0.1801448382387,54951,203036,203626,591,16
"chr14",59727029,59727531,-0.090054684127916,0.180109368255832,25806,73337,287233,213897,4
"chr7",105013071,105013216,0.0900527599789433,0.180105519957887,78741,246506,274194,27689,23
"chr16",87780227,87780572,-0.0600343726321353,0.180103117896406,34461,193991,259046,65056,3
"chr8",125090995,125092145,0.0900505245605985,0.180101049121197,82718,189897,220919,31023,13
"chr19",35248558,35248853,-0.0900470658434278,0.180094131686856,44435,266252,300462,34211,11
"chr13",48036884,48037902,-0.0900322867479358,0.180064573495872,23651,251729,292679,40951,13
"chr15",77927065,77927081,0.0900311064176194,0.180062212835239,29873,56798,71857,15060,2
"chr12",46826262,46826309,-0.0900307986174303,0.180061597234861,19400,189605,261367,71763,11
"chr1",230979031,230979114,0.0900265091019889,0.180053018203978,8392,18299,20470,2172,15
"chr11",77820850,77821154,-0.089991941602532,0.179983883205064,16343,5954,8576,2623,12
"chr1",53238753,53239576,0.0899711424687274,0.179942284937455,3325,228537,235046,6510,15
"chr22",26618042,26619421,-0.0899649288980848,0.17992985779617,57391,121417,139680,18264,7
"chr2",214411033,214411059,-0.0899293521023935,0.179858704204787,51872,111833,124978,13146,11
"chr7",134986273,134986507,0.0898995661405031,0.179799132281006,79402,78845,103180,24336,10
"chr9",35603845,35605207,0.0898978925248751,0.17979578504975,84101,72161,81422,9262,10
"chr2",46480487,46480634,-0.0898927915992416,0.179785583198483,48486,32968,150843,117876,3
"chr9",101398707,101398763,-0.0898908542201043,0.179781708440209,84996,130933,168103,37171,16
"chr14",24070594,24071243,0.0898668042147829,0.179733608429566,25121,275312,297570,22259,15
"chr17",58282166,58282217,0.0898628369318688,0.179725673863738,38472,93579,273469,179891,2
"chr16",19521716,19522088,-0.0898529929856778,0.179705985971356,32080,73116,90193,17078,9
"chr17",2041486,2042660,0.089828067190752,0.179656134381504,34988,256567,299179,42613,16
"chr2",13006949,13007145,0.0598802328419269,0.179640698525781,47606,153197,278727,125531,6
"chr1",153645927,153646094,0.0898203211860065,0.179640642372013,5356,229005,229188,184,2
"chr10",50990994,50990996,-0.0898012269761231,0.179602453952246,10061,61969,112062,50094,14
"chr22",20437956,20438189,-0.0897895694740739,0.179579138948148,57006,52895,77882,24988,9
"chr3",139677803,139678076,-0.0897880068309586,0.179576013661917,62672,61452,66024,4573,12
"chr5",95731112,95732388,0.0897872057856222,0.179574411571244,68999,85307,86923,1617,18
"chr16",67416645,67416788,-0.0897716154128831,0.179543230825766,33528,62710,96683,33974,11
"chr9",127715566,127715830,-0.0897703512611343,0.179540702522269,85733,178811,183671,4861,19
"chr17",1270406,1270854,0.0897521346875303,0.179504269375061,34884,16991,52856,35866,9
"chr16",67908899,67909322,-0.0897449075685268,0.179489815137054,33600,113094,294075,180982,3
"chr12",123973895,123974027,0.0897397590800917,0.179479518160183,22537,89332,167821,78490,2
"chr17",4899237,4899243,-0.0897358704375932,0.179471740875186,35266,67261,70646,3386,22
"chr17",1830151,1830688,0.0897235796524188,0.179447159304838,34971,122604,194609,72006,10
"chr6",152637213,152637489,-0.0897120324708194,0.179424064941639,75427,169228,170679,1452,18
"chr2",162318745,162319090,0.0598077777063407,0.179423333119022,50744,237769,273655,35887,13
"chr12",55997014,55997094,0.0897114313540302,0.17942286270806,20301,113007,119131,6125,15
"chr4",56434912,56435187,0.0896795536263766,0.179359107252753,65395,136942,139318,2377,5
"chr20",56392274,56392478,0.0896749635339603,0.179349927067921,55145,201626,202046,421,16
"chr19",36572866,36573269,-0.0896732078909776,0.179346415781955,44641,128831,138640,9810,20
"chr10",132787147,132787176,-0.0896666677009182,0.179333335401836,12448,45104,45195,92,37
"chr4",55948635,55948765,0.0896584701474183,0.179316940294837,65380,162400,268815,106416,6
"chr2",20051815,20052493,0.0896129957258757,0.179225991451751,47682,86711,115407,28697,9
"chr3",185362430,185363117,-0.0597379757371828,0.179213927211548,63617,144109,151428,7320,7
"chr10",87094106,87094129,-0.0895498756810819,0.179099751362164,10887,263623,271662,8040,7
"chr3",197949905,197950784,-0.0895263483445695,0.179052696689139,64123,166060,233350,67291,13
"chr1",93681370,93681663,0.0894916580393305,0.178983316078661,4109,11138,16780,5643,14
"chr6",137867146,137867408,-0.0596423659238186,0.178927097771456,75076,48216,59830,11615,24
"chr19",41844725,41844947,0.0596414564785857,0.178924369435757,45204,58378,66009,7632,22
"chr5",1344793,1345535,0.0894616503860204,0.178923300772041,67512,91235,102166,10932,7
"chr2",24076306,24077288,0.0894613354783958,0.178922670956792,47755,85384,89926,4543,11
"chr2",43224284,43224636,-0.0894589336841437,0.178917867368287,48405,138405,158648,20244,7
"chr22",29388705,29388824,0.0596351689912862,0.178905506973859,57497,86028,197387,111360,10
"chr2",230864959,230865070,-0.0894522183523766,0.178904436704753,52427,71293,87585,16293,14
"chr5",109688932,109689265,0.0894406960305644,0.178881392061129,69141,132330,141318,8989,10
"chr22",32474058,32475216,0.0894329041386071,0.178865808277214,57782,136973,139709,2737,16
"chr12",68332152,68332830,-0.0894324494400473,0.178864898880095,20827,89773,98611,8839,12
"chr7",73736152,73736627,-0.0894270899353562,0.178854179870712,77705,192243,228144,35902,3
"chr7",100173885,100173960,-0.0894223645284103,0.178844729056821,78400,108867,182008,73142,2
"chr1",26306774,26306948,0.0894144049552992,0.178828809910598,1791,141579,145558,3980,15
"chr6",99613235,99614096,0.0894020268353155,0.178804053670631,74320,46150,47456,1307,12
"chr14",77026559,77028108,0.0595924016836802,0.178777205051041,26534,76432,200368,123937,7
"chr2",37230884,37231695,0.0893822659777529,0.178764531955506,48256,300828,309391,8564,19
"chr5",122844191,122844745,0.0893781567518631,0.178756313503726,69348,117608,128294,10687,13
"chr4",176269270,176269318,-0.0893718986985667,0.178743797397133,67102,161753,230279,68527,9
"chr17",28854541,28855300,-0.0893662219553035,0.178732443910607,36471,196579,218697,22119,12
"chr1",156295484,156295665,-0.0893629884350366,0.178725976870073,5731,98741,121225,22485,10
"chr8",89901668,89902054,-0.089347158783305,0.17869431756661,82078,169503,179274,9772,15
"chr5",34914823,34916990,-0.0893292963062584,0.178658592612517,67955,250829,277525,26697,20
"chr9",6015084,6015938,0.0893076852311327,0.178615370462265,83612,277099,277560,462,7
"chr19",14419369,14419372,0.08929145162943,0.17858290325886,43438,300531,300574,44,14
"chr1",33181301,33182076,-0.089290630230411,0.178581260460822,2265,30147,64400,34254,17
"chr2",208124681,208124745,0.0892842769613741,0.178568553922748,51792,93881,116121,22241,10
"chr14",23551582,23551898,0.0594713567535079,0.178414070260524,25084,264648,293206,28559,13
"chr22",50261220,50261439,0.0892030395676009,0.178406079135202,58907,96591,211279,114689,5
"chr2",74513453,74514814,0.089202815416279,0.178405630832558,49179,138249,150553,12305,21
"chr1",110339198,110339338,0.0891781763378009,0.178356352675602,4466,91097,100818,9722,17
"chr20",1491425,1491773,0.0891729095107225,0.178345819021445,53218,298110,298449,340,8
"chr19",51367328,51367460,0.0891626675704425,0.178325335140885,46451,206967,216359,9393,4
"chr20",10673634,10674180,-0.0891620479220044,0.178324095844009,53565,206298,208250,1953,14
"chr2",111119488,111121183,-0.0594344478018992,0.178303343405697,49953,151848,160267,8420,12
"chr2",46697803,46698242,-0.059433558594715,0.178300675784145,48497,158169,227294,69126,13
"chr1",150975111,150975473,-0.0891382808410559,0.178276561682112,5074,149408,156137,6730,13
"chr1",1116277,1116917,0.0891121109741477,0.178224221948295,64,92866,145830,52965,11
"chr3",55481513,55481579,-0.0890996050775303,0.178199210155061,61034,9914,10703,790,4
"chr3",62372559,62372566,0.0890986296042746,0.178197259208549,61200,77907,78473,567,4
"chr3",44761592,44761801,-0.0890984327215444,0.178196865443089,60135,6254,7766,1513,20
"chr19",46660482,46662138,0.0890930429070427,0.178186085814085,45761,196587,213543,16957,17
"chr22",43212082,43212634,0.0890864035505416,0.178172807101083,58557,231164,242597,11434,6
"chr2",241149603,241150132,0.0890768904333793,0.178153780866759,52986,146828,158724,11897,22
"chr2",36966338,36967213,0.0890363124183454,0.178072624836691,48236,95661,148256,52596,6
"chr18",63318412,63318793,0.0890315935597703,0.178063187119541,41243,88147,92996,4850,36
"chr6",106629599,106630799,0.0890189545104829,0.178037909020966,74385,98146,111671,13526,15
"chr1",227563455,227563490,0.0890118705310552,0.17802374106211,8191,242247,268240,25994,11
"chr7",26152116,26152579,0.0889915404974093,0.177983080994819,76764,69164,89591,20428,9
"chr1",32901800,32901815,0.0889904427469702,0.17798088549394,2243,14513,94114,79602,5
"chr17",32486427,32486971,0.0889839666745903,0.177967933349181,36699,61291,64817,3527,16
"chr11",75582754,75583239,-0.0889573823576267,0.177914764715253,16231,133042,193884,60843,6
"chr8",73093040,73093445,0.088954854218419,0.177909708436838,81882,12066,26922,14857,10
"chr2",46616724,46617390,-0.0889525054638877,0.177905010927775,48495,144455,156040,11586,19
"chr5",43190921,43191923,0.0889441392770636,0.177888278554127,68183,238260,246495,8236,15
"chr17",80220352,80220406,0.0889008977281236,0.177801795456247,39774,10956,19261,8306,21
"chr12",6199859,6200351,0.0888890740848963,0.177778148169793,18271,182136,214585,32450,10
"chr12",123584309,123585376,0.0888863184580064,0.177772636916013,22487,257610,259538,1929,21
"chr3",158109778,158109896,-0.0888806986608369,0.177761397321674,63068,157224,215956,58733,8
"chr11",86800154,86800336,0.088878077222679,0.177756154445358,16484,112754,185508,72755,7
"chr1",243255472,243255830,0.0888761838188836,0.177752367637767,8648,143707,144991,1285,16
"chr6",72621939,72621952,0.08884419432085,0.1776883886417,73948,139029,241539,102511,10
"chr10",102132619,102132762,-0.0888433685241635,0.177686737048327,11525,102018,107231,5214,11
"chr14",20455041,20455582,0.0592259766252986,0.177677929875896,24809,196450,206461,10012,18
"chr6",30006938,30007067,-0.0888178522465142,0.177635704493028,72246,16410,17582,1173,8
"chr2",70086815,70088357,0.0888159069734841,0.177631813946968,48963,144809,154055,9247,19
"chr12",44914275,44915189,0.0888027443776498,0.1776054887553,19357,173268,241464,68197,5
"chr1",110071311,110071828,-0.0887940220696081,0.177588044139216,4446,86049,87970,1922,8
"chr1",183635639,183636355,0.088788785033134,0.177577570066268,6886,89266,96750,7485,18
"chr2",37325193,37325400,0.059184946642483,0.177554839927449,48263,128014,247109,119096,7
"chr14",105021778,105022029,0.0887596143179072,0.177519228635814,27638,99394,124105,24712,5
"chr12",92702846,92703004,-0.0887349780458592,0.177469956091718,21182,84885,175612,90728,5
"chr8",133297494,133298475,-0.0887280377892679,0.177456075578536,82865,15505,50592,35088,14
"chr21",39314620,39314748,-0.0887152222723149,0.17743044454463,56254,266437,309862,43426,15
"chr19",18636788,18636809,-0.0886787249210179,0.177357449842036,43964,198283,248455,50173,7
"chr14",88824339,88824614,-0.0886771190701434,0.177354238140287,26727,73685,83506,9822,17
"chr16",66844782,66844784,0.0886722194067338,0.177344438813468,33421,194946,201054,6109,16
"chr16",4461748,4461772,-0.0886618967129636,0.177323793425927,31583,204130,305717,101588,3
"chr3",52704934,52705530,0.0886365827390476,0.177273165478095,60933,246216,248652,2437,25
"chr2",217756763,217756857,-0.0886130008507683,0.177226001701537,51963,163356,166148,2793,9
"chr12",14773383,14774360,-0.0886096570546357,0.177219314109271,18860,206131,206713,583,16
"chr1",30721520,30721688,-0.0885908908517248,0.17718178170345,2071,164810,280237,115428,3
"chr19",8364282,8364555,0.0885898663994836,0.177179732798967,42702,72415,76365,3951,13
"chr7",116672050,116672540,0.0885829160097281,0.177165832019456,78940,235974,304626,68653,11
"chr1",201647928,201648719,0.0885732154087166,0.177146430817433,7164,17538,33483,15946,11
"chr19",12696804,12696831,0.0885699422122585,0.177139884424517,43221,205921,211763,5843,13
"chr1",21937432,21937458,0.0885681986143682,0.177136397228736,1490,3718,15048,11331,8
"chr19",3651860,3651986,0.0885650915772516,0.177130183154503,42104,210098,289862,79765,2
"chr13",102394875,102394937,0.0885629457861694,0.177125891572339,24338,202244,298179,95936,7
"chr1",203085594,203086231,-0.0590287156991515,0.177086147097455,7301,70025,111806,41782,16
"chr7",128862730,128862769,0.0885277682878327,0.177055536575665,79202,40868,47542,6675,15
"chr8",100158416,100158443,0.0885183869291721,0.177036773858344,82296,180418,190381,9964,14
"chr22",21919598,21919847,-0.0885108800385508,0.177021760077102,57127,80554,277224,196671,3
"chr5",175444338,175444396,-0.0885056447417813,0.177011289483563,70937,141769,149516,7748,14
"chr5",38147699,38148453,-0.0885039846434854,0.177007969286971,68036,240251,245940,5690,6
"chr4",128811119,128811306,-0.088466858546479,0.176933717092958,66493,70464,71315,852,30
"chr13",106653435,106653816,0.0884509978891097,0.176901995778219,24401,105800,248232,142433,4
"chr3",42488175,42489677,0.058966626841657,0.176899880524971,60026,274246,310681,36436,10
"chr12",10130203,10130966,0.0884212480407782,0.176842496081556,18643,236014,253938,17925,6
"chr16",2980655,2980952,-0.0884056528848706,0.176811305769741,31371,208143,257705,49563,8
"chr12",7710095,7710434,0.0883747332723568,0.176749466544714,18487,178538,214285,35748,4
"chr5",174751132,174751253,-0.0883632917906159,0.176726583581232,70932,3216,8994,5779,6
"chr20",50794273,50794291,0.0883628345028829,0.176725669005766,55045,131536,203472,71937,12
"chr3",37860922,37861079,-0.0883600840800119,0.176720168160024,59860,100321,160435,60115,4
"chr10",97640036,97640486,0.0589020030268707,0.176706009080612,11288,177990,280878,102889,13
"chr3",53130409,53130603,-0.0883438576927695,0.176687715385539,60975,25870,32244,6375,11
"chr11",77637805,77637828,0.0883084693252163,0.176616938650433,16333,42912,42927,16,7
"chr19",39480590,39480709,0.0883040714799495,0.176608142959899,44925,202333,240482,38150,7
"chr10",84424974,84425220,-0.0883014418611575,0.176602883722315,10836,251444,267491,16048,4
"chr10",72626282,72626494,0.08830080137029,0.17660160274058,10514,175730,183894,8165,10
"chr10",94545360,94545713,-0.0882919590192219,0.176583918038444,11125,176001,176560,560,10
"chr10",50624117,50624173,-0.0882833283455854,0.176566656691171,10051,169525,175311,5787,11
"chr5",132864316,132866552,0.0882779397086847,0.176555879417369,69541,98700,102010,3311,31
"chr2",25982770,25982779,0.0882752204348723,0.176550440869745,47842,140793,148108,7316,14
"chr2",219160642,219160913,-0.0882665225907604,0.176533045181521,52120,117951,144259,26309,7
"chr13",94707412,94708288,0.088252123730704,0.176504247461408,24147,117551,197305,79755,5
"chr12",112450359,112450395,-0.0882477679022139,0.176495535804428,21876,311596,311811,216,5
"chr4",155376850,155377180,0.0882459869014651,0.17649197380293,66870,16703,20535,3833,12
"chr7",116210322,116210328,-0.0882407689696619,0.176481537939324,78925,48813,100192,51380,10
"chr2",71466655,71466886,-0.0882350192580125,0.176470038516025,49031,141483,150895,9413,13
"chr15",49422177,49422652,-0.0882337704865362,0.176467540973072,28759,251215,270187,18973,8
"chr5",132866477,132867335,-0.0882309001067467,0.176461800213493,69541,258150,265031,6882,31
"chr2",229715264,229715858,0.0882040164280637,0.176408032856127,52389,105748,164459,58712,7
"chr1",45688040,45688249,0.0881522273014358,0.176304454602872,3041,163787,166563,2777,17
"chr2",177552787,177553168,0.0881509236529274,0.176301847305855,51122,26516,126215,99700,12
"chr5",34915007,34915944,0.0881297004862442,0.176259400972488,67955,151119,151293,175,20
"chr9",96854120,96855105,0.0587518361861667,0.1762555085585,84856,190790,290117,99328,12
"chr1",225924217,225924558,0.0881142301310322,0.176228460262064,8111,153913,248774,94862,11
"chr4",139556459,139556551,0.0881089210639913,0.176217842127983,66575,91296,144946,53651,11
"chr9",89310761,89311065,0.088077450143886,0.176154900287772,84588,198734,228966,30233,8
"chr18",61333269,61333364,0.0880754215503384,0.176150843100677,41202,134474,258026,123553,6
"chr3",49803037,49803103,-0.0880008244116187,0.176001648823237,60626,149251,273111,123861,6
"chr8",119638829,119639412,-0.0879985829020972,0.175997165804194,82567,89440,96664,7225,10
"chr16",67159288,67159998,0.0879595344504619,0.175919068900924,33469,140799,199807,59009,14
"chr1",109041904,109042051,-0.0879324056279887,0.175864811255977,4317,10114,25712,15599,12
"chr6",44126039,44126725,-0.058621147353536,0.175863442060608,73528,213898,235662,21765,14
"chr22",31081105,31081259,0.0879152352980489,0.175830470596098,57658,24516,26587,2072,15
"chr5",32313175,32313362,0.0878991140715907,0.175798228143181,67900,82823,124283,41461,12
"chr19",56671834,56671873,0.0878772974671867,0.175754594934373,47058,18182,18295,114,9
"chr16",70299074,70299089,-0.0878696281783363,0.175739256356673,33773,114812,241365,126554,7
"chr17",8120320,8121302,0.0878431916022513,0.175686383204503,35698,111764,195567,83804,10
"chr3",62374487,62374565,0.087830458974106,0.175660917948212,61201,149127,154242,5116,13
"chr2",219059070,219059188,-0.0878184493531719,0.175636898706344,52114,124142,160738,36597,3
"chr4",139557333,139557386,0.0878156631343044,0.175631326268609,66575,163011,220217,57207,11
"chr4",98657747,98658097,-0.0878055990921406,0.175611198184281,66027,96084,112587,16504,11
"chr6",170283020,170283990,-0.0878043337511079,0.175608667502216,75925,177062,179912,2851,7
"chr2",174682862,174682899,0.0877770050767814,0.175554010153563,51037,68106,140421,72316,7
"chr11",2400904,2401402,-0.0585107396615762,0.175532218984728,12940,47169,49767,2599,40
"chr2",74498081,74498242,-0.0877540040045977,0.175508008009195,49173,5124,37160,32037,3
"chr19",7920060,7920186,0.0877402263758443,0.175480452751689,42648,86842,204359,117518,10
"chr16",67192084,67192130,0.0877342310913782,0.175468462182756,33486,27542,87755,60214,8
"chr5",128537413,128537704,0.0877110810178903,0.175422162035781,69429,1679,9998,8320,17
"chr19",37172508,37172787,-0.0877064675939119,0.175412935187824,44666,204646,204750,105,14
"chr16",28973822,28974660,-0.0584653152451133,0.17539594573534,32480,52553,72642,20090,16
"chr6",30907975,30908066,0.0876929502550167,0.175385900510033,72398,45455,46863,1409,14
"chr17",19978026,19978418,0.0876869186899498,0.1753738373799,36290,268747,275485,6739,15
"chr11",119334166,119334663,0.0876789883791009,0.175357976758202,17385,92709,97508,4800,11
"chr6",32109307,32109320,-0.0876756042995432,0.175351208599086,72651,138534,138699,166,6
"chr6",36986378,36987016,0.0876544376662193,0.175308875332439,73101,244567,263094,18528,18
"chr2",223959783,223959783,0.0876436712604538,0.175287342520908,52286,117907,302756,184850,2
"chr6",30345195,30345344,0.0876139967772725,0.175227993554545,72308,47378,92739,45362,19
"chr2",128028417,128028672,0.0876006893393668,0.175201378678734,50294,141919,151767,9849,15
"chr2",25740840,25741192,0.0875857515537672,0.175171503107534,47834,164435,309400,144966,2
"chr5",43039490,43041537,0.0583702006632686,0.175110601989806,68175,120235,130451,10217,23
"chr20",544147,544211,0.0875434860873269,0.175086972174654,53150,136962,210904,73943,11
"chr1",39756140,39756503,-0.087539725451335,0.17507945090267,2635,228119,281277,53159,2
"chr22",31970017,31970642,0.0875343706202256,0.175068741240451,57751,231666,277414,45749,7
"chr5",1446093,1446102,0.0875019542586961,0.175003908517392,67523,29606,38907,9302,4
"chr7",32943302,32943400,0.0583344619283576,0.175003385785073,76994,168105,182985,14881,6
"chr17",42761058,42761507,-0.0874898500143207,0.174979700028641,37517,57119,57473,355,13
"chr17",76586083,76586227,0.0874850506259606,0.174970101251921,39421,56402,69583,13182,6
"chr2",186589863,186589931,-0.0583165536633205,0.174949660989962,51277,37253,64881,27629,9
"chr7",13989660,13992167,0.0874657829075867,0.174931565815173,76566,84326,96784,12459,34
"chr8",81631050,81631184,0.0874636130697199,0.17492722613944,82012,181504,245614,64111,5
"chr3",123584926,123585163,0.0874250862216351,0.17485017244327,62080,31076,37332,6257,13
"chr6",153002744,153002858,0.0874188973298043,0.174837794659609,75436,139917,167988,28072,13
"chr17",45060991,45061597,0.0874099318968896,0.174819863793779,37804,89726,94034,4309,12
"chr11",101944281,101944398,-0.087393803203569,0.174787606407138,16672,251760,286465,34706,2
"chr19",17333590,17333612,-0.0873821129298675,0.174764225859735,43740,2479,16463,13985,5
"chr15",55408491,55408582,0.0873773379054406,0.174754675810881,28929,292085,298444,6360,19
"chr22",39431934,39432382,-0.0873579280344572,0.174715856068914,58209,213984,215552,1569,5
"chr19",12723846,12724392,-0.087355315934579,0.174710631869158,43227,254246,297073,42828,9
"chr7",98400968,98401012,0.0873447900059264,0.174689580011853,78226,24562,24600,39,9
"chr1",15437241,15437597,0.0582297382524145,0.174689214757243,1021,144015,164816,20802,4
"chr12",57240825,57240894,-0.0873372591771056,0.174674518354211,20522,120463,123241,2779,11
"chr16",87384038,87384491,-0.0873173798502906,0.174634759700581,34430,103336,262482,159147,9
"chr16",3187873,3188423,0.0873157798140197,0.174631559628039,31425,108018,132547,24530,4
"chr5",139680709,139681334,0.0873123251094123,0.174624650218825,69837,7754,62774,55021,8
"chr6",30601205,30601434,0.0873005512284361,0.174601102456872,72328,169377,170450,1074,10
"chr19",55537890,55538101,-0.0872858228258478,0.174571645651696,46955,250862,268770,17909,4
"chr12",25195106,25195714,0.0872525409631824,0.174505081926365,19077,192452,198996,6545,16
"chr12",95858899,95859682,0.0581668258612185,0.174500477583655,21266,179685,210349,30665,20
"chr6",135851677,135851947,-0.0872311276997318,0.174462255399464,75026,97798,105890,8093,10
"chr7",97005168,97006312,-0.0872265953823539,0.174453190764708,78183,170881,177875,6995,9
"chr1",29121459,29121601,0.0872237301004616,0.174447460200923,2040,127592,284879,157288,2
"chr14",91509587,91510911,-0.0581484183527644,0.174445255058293,26833,2307,20158,17852,22
"chr10",129466803,129467141,-0.0872194045573523,0.174438809114705,12346,43373,44173,801,45
"chr4",94995379,94995938,0.0872173598896157,0.174434719779231,66006,255300,262274,6975,6
"chr20",45934203,45934632,0.0872036886477463,0.174407377295493,54806,83564,93267,9704,16
"chr6",25962339,25963214,0.0871833363308413,0.174366672661683,71935,88217,102078,13862,6
"chr1",155378354,155378381,-0.087178021957334,0.174356043914668,5624,85257,140209,54953,2
"chr19",1174208,1174332,-0.0871770272970651,0.17435405459413,41684,24714,69300,44587,10
"chr1",228274285,228274372,0.0871760036902241,0.174352007380448,8253,145210,286902,141693,4
"chr3",14124981,14125007,0.0871697616375228,0.174339523275046,59417,155710,158124,2415,14
"chr3",42224175,42224587,0.0871686242626726,0.174337248525345,60020,40020,146526,106507,3
"chr1",84893278,84893436,-0.087163919670651,0.174327839341302,3910,68361,108261,39901,6
"chr1",1614235,1614419,0.087151063755745,0.17430212751149,193,123581,145953,22373,5
"chr1",155050159,155050515,0.0871441467272511,0.174288293454502,5550,107235,114987,7753,13
"chr6",108294409,108294775,-0.087122370293131,0.174244740586262,74440,8523,44468,35946,12
"chr8",131040344,131040641,-0.0871168443512234,0.174233688702447,82806,13819,16607,2789,10
"chr2",27356135,27357216,0.0871159613844826,0.174231922768965,47987,247176,269248,22073,16
"chr17",39626948,39627169,0.0871158723820975,0.174231744764195,37049,70246,70358,113,14
"chr5",139341645,139342252,0.0580669098242977,0.174200729472893,69794,93782,137047,43266,15
"chr9",27573534,27573968,-0.0870760929447932,0.174152185889586,83897,68517,124737,56221,11
"chr15",44195530,44195590,0.0870678670214424,0.174135734042885,28610,123621,197994,74374,13
"chr19",58278776,58279605,-0.0870499823483218,0.174099964696644,47200,103453,108236,4784,15
"chr6",99520627,99520944,0.0870483889081519,0.174096777816304,74315,251297,259584,8288,8
"chr4",75673715,75673735,0.0870278357626858,0.174055671525372,65670,157486,161336,3851,18
"chr1",175023294,175023725,-0.0870045030376304,0.174009006075261,6615,117265,124205,6941,8
"chr16",30011900,30012753,0.0869989726406454,0.173997945281291,32569,54887,64844,9958,19
"chr20",35411958,35412073,0.0869900330087383,0.173980066017477,54229,75856,97343,21488,12
"chr7",154304979,154304984,0.0869719361903647,0.173943872380729,80138,9018,68329,59312,11
"chr3",44975520,44977417,-0.0869544654556254,0.173908930911251,60152,89637,92523,2887,19
"chr16",67846443,67847612,-0.0869532819346682,0.173906563869336,33587,65094,65177,84,15
"chr3",33097023,33097490,0.0579429520815532,0.17382885624466,59754,123413,140828,17416,14
"chr2",95159567,95159863,-0.0869109337045617,0.173821867409123,49463,38989,39016,28,11
"chr14",85530151,85530529,-0.0869057450257479,0.173811490051496,26675,75935,78274,2340,16
"chr6",72621595,72621924,0.0868976790506911,0.173795358101382,73948,63934,85513,21580,10
"chr7",29806363,29806643,0.0868876301123945,0.173775260224789,76896,40720,64818,24099,8
"chr15",70094878,70094964,-0.0579230590615109,0.173769177184533,29491,88493,121021,32529,4
"chr1",116418561,116419050,0.0868684990390804,0.173736998078161,4718,103740,116932,13193,12
"chr11",63671834,63672496,0.0868598787592021,0.173719757518404,15054,230119,237967,7849,20
"chr5",57173192,57174693,0.0868589804595139,0.173717960919028,68362,157247,165025,7779,21
"chr15",99249572,99251833,0.0868559990554162,0.173711998110832,30620,130796,133852,3057,26
"chr8",40897861,40897927,0.0868278200150602,0.17365564003012,81355,81651,106425,24775,10
"chr3",50350761,50351228,-0.0868070353919439,0.173614070783888,60716,156863,158225,1363,22
"chr1",225924482,225924663,0.0868030399878369,0.173606079975674,8111,66001,110624,44624,11
"chr1",34758450,34758463,0.0867995941840416,0.173599188368083,2317,158981,159889,909,4
"chr11",122882337,122882620,0.0867994569664543,0.173598913932909,17524,259715,280854,21140,20
"chr10",43407822,43409416,0.0867988615555682,0.173597723111136,9829,173586,183460,9875,22
"chr1",63324373,63324563,-0.0867970457671951,0.17359409153439,3575,18800,80219,61420,8
"chr20",35092996,35093068,-0.0867725154864818,0.173545030972964,54205,194849,298319,103471,12
"chr17",74987319,74987527,-0.0867686706253099,0.17353734125062,39159,94363,115739,21377,10
"chr22",19714211,19714553,-0.0867623678412144,0.173524735682429,56925,21550,53725,32176,11
"chr3",196431201,196431344,-0.0867560816071271,0.173512163214254,64030,263730,268689,4960,5
"chr7",100604890,100605727,-0.0867522366639504,0.173504473327901,78470,45750,67480,21731,6
"chr14",63542754,63544126,-0.0867438209111204,0.173487641822241,25919,113954,139879,25926,16
"chr21",33324283,33324731,0.0867267423400543,0.173453484680109,56024,243321,298445,55125,9
"chr5",154938107,154938326,-0.0867156245949863,0.173431249189973,70553,32388,33710,1323,9
"chr17",44354259,44354380,0.0867107558087514,0.173421511617503,37728,11610,114271,102662,6
"chr11",100687227,100687369,-0.0866902898221396,0.173380579644279,16650,12994,15422,2429,11
"chr3",138835135,138835176,0.0866792626690772,0.173358525338154,62635,64487,142332,77846,6
"chr8",28889936,28890666,0.0866698215832164,0.173339643166433,81089,71307,90182,18876,24
"chr15",64151693,64151771,-0.0866642243779659,0.173328448755932,29192,76552,76871,320,10
"chr3",57201227,57201303,-0.0866597501916969,0.173319500383394,61080,163247,250745,87499,3
"chr3",126655292,126655461,-0.0866592827562435,0.173318565512487,62202,82612,82765,154,11
"chr14",50668648,50669012,-0.0866465924956431,0.173293184991286,25568,197658,287267,89610,8
"chr12",12724795,12725909,-0.0866369576043972,0.173273915208794,18791,196595,268344,71750,13
"chr17",81126487,81126882,-0.0866306627188397,0.173261325437679,39877,295395,298051,2657,16
"chr6",44257713,44257748,0.0866280132503621,0.173256026500724,73556,179223,186309,7087,19
"chr4",56655979,56656466,0.0866144875424459,0.173228975084892,65403,126145,133059,6915,11
"chr2",138780254,138780256,0.0866141145396826,0.173228229079365,50471,17544,30383,12840,10
"chr6",159789850,159791038,-0.0866127345809417,0.173225469161883,75633,175600,175892,293,25
"chr2",74548508,74549442,-0.0865990209791288,0.173198041958258,49189,221948,233580,11633,20
"chr1",81801551,81802246,0.0865950074355987,0.173190014871197,3862,163608,277023,113416,13
"chr12",5046177,5046177,-0.0865835778672444,0.173167155734489,18250,107359,304723,197365,2
"chr1",4655407,4655419,-0.0865486902680951,0.17309738053619,468,156997,162155,5159,10
"chr17",8120389,8121818,-0.0865250175906592,0.173050035181318,35698,58799,80651,21853,10
"chr6",48068683,48068867,0.0576767906333269,0.173030371899981,73664,59852,115039,55188,10
"chr1",164558852,164559445,0.086505152111647,0.173010304223294,6285,98018,118602,20585,13
"chr17",55265142,55265241,0.0865036462668323,0.173007292533665,38347,75852,80757,4906,13
"chr6",127519471,127519495,0.0864836232868721,0.172967246573744,74838,136598,157700,21103,17
"chr17",59138918,59139123,0.086471385841628,0.172942771683256,38530,197092,311292,114201,3
"chr19",39032518,39032525,0.08645700863344,0.17291401726688,44858,913,5036,4124,9
"chr9",134025953,134026090,0.0864512089503849,0.17290241790077,86331,116081,137206,21126,8
"chr4",2818741,2818752,0.0863982717524036,0.172796543504807,64386,86124,89595,3472,3
"chr6",78867290,78867352,0.0863972049370365,0.172794409874073,74038,181837,182550,714,10
"chr8",93917427,93917802,0.0863914323512394,0.172782864702479,82156,174336,190825,16490,17
"chr17",79784770,79784964,0.0863876823873475,0.172775364774695,39691,199572,209110,9539,9
"chr8",37899424,37899510,-0.0863849371845521,0.172769874369104,81245,127279,168738,41460,12
"chr8",136529724,136529945,-0.0863773200997845,0.172754640199569,82905,220958,237028,16071,2
"chr18",58863188,58863900,0.086366866497189,0.172733732994378,41173,107462,140855,33394,14
"chr14",96502277,96502282,0.0863498331787271,0.172699666357454,27099,263299,292932,29634,17
"chr2",216372076,216372320,0.0863067430455502,0.1726134860911,51924,103455,108368,4914,15
"chr9",20622996,20623393,0.0862942836717481,0.172588567343496,83789,179490,213985,34496,17
"chr12",27523663,27524049,0.0862898300899704,0.172579660179941,19146,115666,132387,16722,12
"chr5",140633075,140635180,-0.0862397170564914,0.172479434112983,69894,164189,249978,85790,10
"chr11",114400357,114400389,0.0862295594646045,0.172459118929209,17042,86920,88065,1146,17
"chr3",114056386,114056931,0.086224041822697,0.172448083645394,61825,38044,88948,50905,13
"chr8",144580889,144581162,0.0862030423092788,0.172406084618558,83429,45940,182216,136277,2
"chr12",52258593,52258678,-0.0861800472429254,0.172360094485851,19870,5181,47200,42020,7
"chr10",123768617,123768699,0.0861706792194798,0.17234135843896,12192,191817,198712,6896,3
"chr9",69672236,69673153,0.086170039432542,0.172340078865084,84330,102979,104082,1104,15
"chr12",29784800,29784815,0.0861663176492522,0.172332635298504,19188,110372,129175,18804,3
"chr12",123584356,123584621,0.0861640115540948,0.17232802310819,22487,186480,191358,4879,21
"chr12",122226083,122227441,0.0861453090209561,0.172290618041912,22364,82369,91992,9624,26
"chr21",14383131,14383665,0.0861404907585806,0.172280981517161,55706,210219,210871,653,14
"chr1",149927926,149929654,0.0861244078129451,0.17224881562589,4985,154009,213202,59194,14
"chr6",31815096,31815587,0.0860895741793714,0.172179148358743,72585,90057,102399,12343,28
"chr14",73786609,73787616,-0.0573929253124599,0.17217877593738,26330,108425,138116,29692,10
"chr5",140926469,140926860,0.0860850885978503,0.172170177195701,69961,123404,123521,118,18
"chr6",125153662,125154217,-0.0860833209855728,0.172166641971146,74786,168958,181480,12523,13
"chr4",52752044,52752399,0.0860822535556596,0.172164507111319,65270,236412,238112,1701,12
"chr20",1392949,1393351,0.0860812523264559,0.172162504652912,53211,102786,139061,36276,12
"chr4",13654358,13654607,-0.0860767382242715,0.172153476448543,64739,121064,133595,12532,9
"chr13",44989672,44990217,0.0860703542407747,0.172140708481549,23571,292511,298346,5836,11
"chr6",163181849,163181858,-0.0860543514456265,0.172108702891253,75706,47479,169382,121904,3
"chr19",10252012,10252652,0.0860455863550532,0.172091172710106,42881,74810,85437,10628,10
"chr7",143263197,143263468,0.0860287080424981,0.172057416084996,79695,183057,187363,4307,6
"chr1",161089537,161089864,0.0860049286274185,0.172009857254837,6133,88252,96167,7916,11
"chr17",7548566,7548733,-0.0859965627533895,0.171993125506779,35560,89970,113231,23262,11
"chr17",74466484,74466496,0.085980968376755,0.17196193675351,39082,125109,126998,1890,9
"chr15",64382514,64382519,-0.0859720395549866,0.171944079109973,29199,129631,198245,68615,13
"chr2",219547750,219547884,-0.0859472510088866,0.171894502017773,52210,5998,151586,145589,3
"chr15",56733618,56733620,-0.0859331650110629,0.171866330022126,28964,10067,139861,129795,14
"chr6",30556800,30557670,0.0572856349349698,0.171856904804909,72319,173118,176359,3242,67
"chr15",40929345,40930078,-0.0859266911658324,0.171853382331665,28339,9990,14181,4192,16
"chr17",43125042,43125677,0.0859102552196404,0.171820510439281,37585,88747,90580,1834,29
"chr22",20016233,20016240,-0.0859097044709254,0.171819408941851,56963,125627,259222,133596,2
"chr6",33299615,33299795,0.0859033893315807,0.171806778663161,72828,186131,188407,2277,42
"chr12",12266818,12267141,-0.0572634433966947,0.171790330190084,18763,23951,55904,31954,11
"chr2",9422948,9424119,0.0858700559804853,0.171740111960971,47479,89747,99812,10066,18
"chr14",52266769,52268308,0.0858598000128833,0.171719600025767,25628,112922,133098,20177,15
"chr7",143286668,143288344,-0.0858526286603395,0.171705257320679,79700,64652,65064,413,17
"chr6",30913887,30913989,-0.0858307236209744,0.171661447241949,72402,14880,18285,3406,42
"chr5",173056128,173056277,0.0858294787753064,0.171658957550613,70895,1297,13651,12355,14
"chr1",151254516,151254650,0.085815257200413,0.171630514400826,5113,143082,165771,22690,9
"chr3",181711916,181712120,0.0857961159325229,0.171592231865046,63419,153871,154171,301,13
"chr21",44990540,44990962,-0.0857804020773131,0.171560804154626,56597,59476,75687,16212,8
"chr11",31509953,31510212,0.0857719689835955,0.171543937967191,13937,192033,231007,38975,16
"chr11",75561800,75562023,-0.0857644374423804,0.171528874884761,16227,187148,188893,1746,7
"chr19",55517445,55517516,-0.0857514849718707,0.171502969943741,46950,104092,205354,101263,3
"chr1",112466242,112466517,-0.0856931790665437,0.171386358133087,4567,121806,150556,28751,10
"chr9",35828869,35828877,0.0856621382274295,0.171324276454859,84163,251006,263563,12558,14
"chr15",64046748,64046784,0.0856567970688391,0.171313594137678,29180,89699,136103,46405,4
"chr12",47216223,47216635,0.0856455032458345,0.171291006491669,19406,267848,281485,13638,10
"chr10",122489427,122489494,0.0856301893481801,0.17126037869636,12142,175798,177976,2179,3
"chr9",124809965,124810222,-0.0856289827044315,0.171257965408863,85608,42190,46719,4530,4
"chr3",186806781,186807655,-0.085627684360429,0.171255368720858,63708,249085,272410,23326,20
"chr19",52369872,52369920,-0.0856266762359976,0.171253352471995,46560,9825,54613,44789,11
"chr4",40055925,40057390,0.0856148176970092,0.171229635394018,65072,31658,31991,334,18
"chr11",46594028,46594143,-0.0855996584041125,0.171199316808225,14284,127566,180077,52512,14
"chr5",132410397,132410564,0.0855996566300582,0.171199313260116,69500,162750,217748,54999,12
"chr7",130441074,130441242,0.0855982578353688,0.171196515670738,79307,20466,43362,22897,15
"chr6",27132336,27133052,0.0855829301927383,0.171165860385477,72014,122672,129738,7067,14
"chr18",8367100,8367377,-0.0855727692170525,0.171145538434105,40385,54976,76984,22009,8
"chr4",56530430,56530724,-0.0855526157911561,0.171105231582312,65401,68486,113528,45043,12
"chr12",10212860,10213097,0.0855478923079073,0.171095784615815,18653,15544,47363,31820,13
"chr16",73060280,73060444,-0.0855247144018386,0.171049428803677,33952,82500,129154,46655,3
"chr14",101023312,101025657,0.0855200908911603,0.171040181782321,27299,196934,197582,649,32
"chr3",197736898,197737007,0.0855122056488046,0.171024411297609,64102,61118,64741,3624,11
"chr19",2235104,2235128,0.0855105154594905,0.171021030918981,41895,210090,293557,83468,21
"chr16",89922707,89922880,0.0854754418858495,0.170950883771699,34764,193972,205947,11976,8
"chr1",109618380,109619866,0.0854705446680555,0.170941089336111,4397,159976,162144,2169,27
"chr10",43267222,43267232,0.08545228415562,0.17090456831124,9822,8497,42351,33855,5
"chr8",9555446,9555623,-0.05696298049938,0.17088894149814,80464,188747,269133,80387,15
"chr15",45522329,45523338,0.0854425628407108,0.170885125681422,28690,96446,134640,38195,15
"chr3",119293874,119294650,-0.056945741929208,0.170837225787624,61904,109237,154611,45375,13
"chr6",32838229,32838848,-0.0854161229740288,0.170832245948058,72740,48863,48926,64,33
"chr7",91265712,91265768,-0.0854115536656094,0.170823107331219,78039,258,40338,40081,4
"chr21",34527150,34527157,0.0853957166310956,0.170791433262191,56089,133816,237982,104167,10
"chr16",29979020,29979474,-0.0853945103508497,0.170789020701699,32551,134885,232202,97318,3
"chr7",7970035,7970081,0.0853592878794833,0.170718575758967,76503,249457,254459,5003,7
"chr2",64524948,64525472,0.0853576239894202,0.17071524797884,48823,142624,286170,143547,4
"chr19",17075357,17076346,-0.0853533804224975,0.170706760844995,43695,83349,203195,119847,15
"chr2",15561618,15561767,0.0853417383493454,0.170683476698691,47616,214911,214933,23,12
"chr10",101131811,101132374,0.0853350263937234,0.170670052787447,11469,111519,129998,18480,18
"chr20",50041627,50041660,-0.085333854661545,0.17066770932309,54997,249412,279152,29741,5
"chr10",14837989,14838009,0.0853259445776433,0.170651889155287,9318,138385,140878,2494,16
"chr11",31815576,31815881,0.0853186479330798,0.17063729586616,13948,174755,176840,2086,13
"chr16",25146276,25146289,0.0853177340991679,0.170635468198336,32331,236941,242126,5186,6
"chr3",9648750,9648803,0.0852942070113631,0.170588414022726,59147,162470,163728,1259,15
"chr22",31753470,31753747,-0.0852875696681262,0.170575139336252,57733,270437,292197,21761,10
"chr22",39241244,39242356,0.0852831376127466,0.170566275225493,58189,59531,80803,21273,7
"chr7",75070651,75070707,-0.085280518073551,0.170561036147102,77767,289951,304833,14883,3
"chr9",127802672,127802753,0.0852654301211315,0.170530860242263,85756,276457,288467,12011,16
"chr10",11017745,11018085,-0.0852569459589788,0.170513891917958,9183,139619,182894,43276,11
"chr19",18203998,18204096,-0.0852521444778511,0.170504288955702,43895,13553,22116,8564,14
"chr19",41859394,41859889,0.0852430192728114,0.170486038545623,45207,199836,208308,8473,11
"chr1",231162222,231162864,-0.0852364251549737,0.170472850309947,8398,159278,160573,1296,18
"chr11",60184084,60184879,0.0852254637864323,0.170450927572865,14723,92164,116476,24313,7
"chr1",95072819,95073230,-0.0852148508661332,0.170429701732266,4156,153177,153538,362,11
"chr17",68290157,68290230,0.0851998813320714,0.170399762664143,38902,206361,207933,1573,15
"chr10",97426227,97426229,0.0851951595732631,0.170390319146526,11255,21908,45632,23725,10
"chr17",45132092,45132736,0.0851768631570689,0.170353726314138,37818,118582,138655,20074,8
"chr19",48603592,48603626,-0.0851718055151409,0.170343611030282,45987,10439,75923,65485,4
"chr22",29334271,29334670,0.0851677573229074,0.170335514645815,57491,198704,208175,9472,3
"chr6",30071425,30071665,0.085159788602461,0.170319577204922,72261,4097,5262,1166,31
"chr3",186362226,186362234,-0.0851465028424107,0.170293005684821,63669,92546,160636,68091,8
"chr15",26115730,26115783,0.0851097553721114,0.170219510744223,27930,126185,235909,109725,4
"chr21",30501798,30502184,-0.085104279256505,0.17020855851301,55903,136934,205154,68221,4
"chr13",112588204,112588341,-0.0850728282987479,0.170145656597496,24554,138869,139899,1031,15
"chr11",64284266,64285075,0.0850702939470188,0.170140587894038,15126,90055,90717,663,32
"chr22",23142087,23142313,-0.0850666133212669,0.170133226642534,57168,194771,195340,570,11
"chr16",71809003,71810199,0.0850573012647657,0.170114602529531,33886,257472,262771,5300,15
"chr20",38805293,38805515,0.0850448536352858,0.170089707270572,54476,211444,221954,10511,11
"chr19",38211354,38211354,-0.0850302520661584,0.170060504132317,44718,59634,79948,20315,2
"chr2",206765573,206765667,0.0849997430127107,0.169999486025421,51739,236798,241891,5094,17
"chr1",45751615,45751915,-0.0849958108933374,0.169991621786675,3044,235053,243872,8820,12
"chr14",102499083,102499218,0.0849914199348127,0.169982839869625,27402,125179,197543,72365,2
"chr12",71662959,71664416,0.084989027520737,0.169978055041474,20931,229917,241847,11931,28
"chr19",40690619,40690672,-0.084985425547759,0.169970851095518,45088,16064,22726,6663,15
"chr17",39152865,39152924,0.0849846096839642,0.169969219367928,37000,110980,205051,94072,4
"chr11",65134718,65135093,0.0849827731917195,0.169965546383439,15287,88450,103775,15326,8
"chr9",136809014,136809117,-0.084980626218839,0.169961252437678,86597,177922,222713,44792,4
"chr10",132786773,132787197,0.0849611776120135,0.169922355224027,12448,45262,45480,219,37
"chr11",62678926,62679130,0.0849489563861679,0.169897912772336,14963,39493,47910,8418,10
"chr19",9362922,9362998,-0.0849486373807259,0.169897274761452,42794,8296,11977,3682,8
"chr20",25148821,25148884,0.0849386179328679,0.169877235865736,53850,73164,75407,2244,12
"chr1",119711949,119711996,0.0849367209378583,0.169873441875717,4817,131478,142146,10669,11
"chr3",133573194,133574597,0.0849209515463828,0.169841903092766,62487,213688,215131,1444,23
"chr9",127802230,127802677,-0.0849142666634868,0.169828533326974,85756,93814,175017,81204,16
"chr20",35412062,35412367,-0.0849122812963433,0.169824562592687,54229,13368,53202,39835,12
"chr13",30464273,30464353,-0.0849080692493573,0.169816138498715,23268,255792,269352,13561,6
"chr1",236739352,236739407,0.0849033370634428,0.169806674126886,8561,111347,121901,10555,3
"chr11",66958434,66958762,-0.0848852249429514,0.169770449885903,15616,50773,138188,87416,9
"chr11",9459950,9460851,0.0848685469975598,0.16973709399512,13466,192200,215166,22967,16
"chr1",110210037,110211382,-0.0848677798951511,0.169735559790302,4460,31722,63092,31371,21
"chr17",5191944,5192154,-0.0848666194323192,0.169733238864638,35321,198277,298086,99810,10
"chr3",196318412,196318471,-0.0848661507920016,0.169732301584003,64023,111667,141234,29568,7
"chr3",9933472,9933763,0.0848646512510349,0.16972930250207,59205,99433,126615,27183,12
"chr8",113436769,113437258,-0.0848472045248657,0.169694409049731,82498,232383,287743,55361,16
"chr7",151876963,151877557,0.0848386896423552,0.16967737928471,80076,184139,185834,1696,23
"chr7",139359699,139359705,0.0848343513701056,0.169668702740211,79515,47124,50762,3639,15
"chr6",29306843,29306950,0.0848163407913078,0.169632681582616,72161,41775,109876,68102,12
"chr20",34112451,34112462,0.0848103663038485,0.169620732607697,54141,53702,55336,1635,10
"chr7",71132072,71132079,-0.0848064493723661,0.169612898744732,77653,11550,27596,16047,10
"chr12",132143351,132143578,0.0848040176662617,0.169608035332523,22781,86886,121847,34962,4
"chr8",126556609,126556774,0.0847948592616384,0.169589718523277,82734,14190,17565,3376,13
"chr1",115641762,115641797,-0.0847664602778622,0.169532920555724,4688,68754,70627,1874,12
"chr16",68737156,68737279,-0.0847625025465143,0.169525005093029,33678,8768,56394,47627,11
"chr9",23821430,23821775,0.0847539904269736,0.169507980853947,83859,14734,18655,3922,17
"chr6",28443502,28443510,-0.0847530501370475,0.169506100274095,72115,47114,81865,34752,6
"chr1",247842413,247842421,-0.0847481742216955,0.169496348443391,8803,266527,309577,43051,8
"chr3",48635046,48635883,0.0847265872735738,0.169453174547148,60450,220639,224026,3388,14
"chr17",35735274,35735302,-0.084719840769416,0.169439681538832,36806,4268,17953,13686,3
"chr19",3933048,3933116,-0.0847188965346386,0.169437793069277,42156,129302,203982,74681,11
"chr16",2009618,2010256,-0.0847183090037076,0.169436618007415,31144,76642,125545,48904,14
"chr16",54284860,54285492,0.0847153007527937,0.169430601505587,33065,17896,196694,178799,4
"chr17",68035682,68036212,-0.0847091572098531,0.169418314419706,38890,204404,205609,1206,13
"chr15",80591587,80591656,0.0847033212582851,0.16940664251657,29998,5081,127724,122644,2
"chr4",186104266,186105071,0.0846860545477867,0.169372109095573,67299,157721,163192,5472,10
"chr8",42542107,42542123,-0.0846539704433925,0.169307940886785,81433,139794,140397,604,27
"chr17",78106357,78106369,0.0846533471241096,0.169306694248219,39508,14764,16461,1698,4
"chr6",111567449,111567480,0.0846471766105875,0.169294353221175,74546,112114,115117,3004,7
"chr17",28662111,28662276,0.0846347124812517,0.169269424962503,36443,25646,28130,2485,18
"chr3",155854231,155854387,0.0846272653578941,0.169254530715788,63003,94252,138599,44348,15
"chr15",40038940,40039353,0.0846175197680862,0.169235039536172,28216,202338,212804,10467,15
"chr2",95165279,95165286,0.0846173951281657,0.169234790256331,49465,145194,151152,5959,13
"chr18",32471213,32471220,-0.0846089423572637,0.169217884714527,40734,76019,76317,299,28
"chr1",151059875,151060531,-0.0846043247806087,0.169208649561217,5089,141384,154731,13348,15
"chr6",106510428,106510513,-0.0846035042539754,0.169207008507951,74375,189227,189322,96,4
"chr1",160366879,160366886,0.0845807957287012,0.169161591457402,6076,213799,245595,31797,10
"chr17",65137113,65137350,0.084576191588421,0.169152383176842,38819,124584,138583,14000,7
"chr3",122054831,122055098,-0.0845591073342602,0.16911821466852,62004,272102,273612,1511,5
"chr14",24232459,24233084,-0.0845420570208897,0.169084114041779,25174,209386,209774,389,22
"chr22",50170898,50170904,0.0845294960522096,0.169058992104419,58883,93772,296849,203078,7
"chr11",62771275,62771349,0.0845233360773317,0.169046672154663,14983,187705,188769,1065,13
"chr1",222713225,222713259,0.0845037408572463,0.169007481714493,8003,248985,257192,8208,22
"chr19",35868425,35868654,-0.0844800265405698,0.16896005308114,44566,24097,51925,27829,8
"chr1",110607022,110607563,0.0844501261778925,0.168900252355785,4487,146093,150968,4876,10
"chr2",38665094,38665704,0.0844434121117357,0.168886824223471,48304,166327,263798,97472,11
"chr9",69760173,69760186,-0.0844199001335589,0.168839800267118,84333,129291,132322,3032,6
"chr22",20249235,20250004,-0.056271223375626,0.168813670126878,56994,208319,279036,70718,7
"chr2",23927007,23927311,0.0843974705828932,0.168794941165786,47743,20319,61254,40936,9
"chr3",72100449,72100598,0.0843807752888781,0.168761550577756,61364,260260,276470,16211,10
"chr12",109054184,109054189,0.0843789586259682,0.168757917251936,21631,133134,235961,102828,2
"chr1",214645010,214645494,0.0843741567291084,0.168748313458217,7872,132357,312499,180143,2
"chr1",35078869,35079209,-0.0843737137680074,0.168747427536015,2348,133458,141466,8009,9
"chr6",32109190,32109243,0.0843653314832129,0.168730662966426,72651,196860,204274,7415,6
"chr16",47461040,47461259,-0.0843621607702772,0.168724321540554,32883,59815,61616,1802,17
"chr19",36850176,36850968,0.0843483550792916,0.168696710158583,44661,77152,100566,23415,30
"chr4",85474943,85475021,0.084326657764607,0.168653315529214,65858,94709,95246,538,13
"chr20",2862919,2863128,-0.084316659984,0.168633319968,53293,109025,208892,99868,6
"chr1",43147769,43147894,-0.0842960986055123,0.168592197211025,2809,31214,36042,4829,7
"chr17",1400502,1400516,0.0842854723790647,0.168570944758129,34889,65221,70455,5235,7
"chr9",34377070,34377428,-0.0842847891894519,0.168569578378904,84007,187558,228424,40867,9
"chr21",37072869,37072871,0.0842846734298697,0.168569346859739,56175,54729,59775,5047,16
"chr12",113221049,113221348,0.0842757379588201,0.16855147591764,21936,89122,101518,12397,14
"chr12",107580057,107580777,0.0561797006686037,0.168539102005811,21544,174982,189906,14925,13
"chr7",77798332,77799532,-0.0842658829456161,0.168531765891232,77876,177203,180336,3134,30
"chr16",67430926,67430988,-0.0842556277140621,0.168511255428124,33529,15723,23647,7925,11
"chr5",93618268,93618271,0.0842552461602893,0.168510492320579,68959,165453,290600,125148,2
"chr1",77682839,77683651,-0.0842527454594542,0.168505490918908,3815,143888,145203,1316,16
"chr19",7615203,7615219,-0.0842254822400795,0.168450964480159,42574,194301,299310,105010,3
"chr19",36014403,36014997,0.084216724715039,0.168433449430078,44595,193435,198085,4651,17
"chr6",109009708,109009711,-0.0842158777556807,0.168431755511361,74455,114718,132625,17908,15
"chr10",13001313,13001878,0.0842030823347931,0.168406164669586,9253,214,13605,13392,10
"chr8",22221469,22221594,0.0561244176165049,0.168373252849515,80792,47645,173085,125441,7
"chr1",114511212,114511522,-0.0561229211274228,0.168368763382268,4651,5634,26223,20590,10
"chr9",95317166,95319155,0.084183144464421,0.168366288928842,84785,167807,179315,11509,16
"chr1",15060243,15060302,0.0841831176351107,0.168366235270221,995,10596,141158,130563,2
"chr17",42785344,42785347,-0.0841732265016768,0.168346453003354,37525,5899,72676,66778,2
"chr15",92899487,92899738,0.0841721194143102,0.16834423882862,30511,236448,267464,31017,6
"chr10",72088705,72089409,0.0841684173225099,0.16833683464502,10491,106969,127790,20822,16
"chr9",72364587,72364650,-0.0841612988085174,0.168322597617035,84375,68176,71629,3454,5
"chr2",191846487,191847299,-0.0841591510187431,0.168318302037486,51396,223398,279348,55951,13
"chr7",2647210,2647584,0.0841374242108984,0.168274848421797,76204,40269,187412,147144,4
"chr19",40443421,40444616,0.0841270812997385,0.168254162599477,45042,27683,54202,26520,21
"chr22",50582736,50582975,-0.0841265142456999,0.1682530284914,58988,79259,98933,19675,14
"chr16",67893144,67893165,-0.0841102520057324,0.168220504011465,33599,51357,61234,9878,10
"chr1",77219758,77219870,-0.0840929599070911,0.168185919814182,3804,224088,270281,46194,12
"chr10",121974918,121975207,0.0840881901021042,0.168176380204208,12107,69516,70820,1305,13
"chr3",53130560,53130651,0.0840821977297097,0.168164395459419,60975,82703,89710,7008,11
"chr18",69400657,69401032,-0.0840722281869639,0.168144456373928,41305,116,7862,7747,7
"chr22",45284819,45284998,-0.0840588898838514,0.168117779767703,58658,10939,75802,64864,8
"chr22",50251041,50251533,-0.0840312902363992,0.168062580472798,58904,117003,210905,93903,15
"chr10",73252540,73252739,0.0840295153333552,0.16805903066671,10544,185907,187586,1680,18
"chr12",49188816,49189713,0.0840187589509944,0.168037517901989,19598,87167,96043,8877,17
"chr4",77862522,77862645,0.084014406614904,0.168028813229808,65743,96425,114746,18322,12
"chr20",3204630,3204723,-0.0840088019517218,0.168017603903444,53329,118558,195055,76498,10
"chr3",3126719,3127071,-0.0840063240739563,0.168012648147913,59041,89462,146059,56598,11
"chr11",73928354,73928383,0.0840024166666098,0.16800483333322,16126,69369,273806,204438,2
"chr5",177351858,177352228,0.0839844242891027,0.167968848578205,71059,88352,147763,59412,16
"chr10",49188637,49189573,-0.083981694487784,0.167963388975568,10012,189558,233785,44228,10
"chr9",128393540,128393735,0.0839754791281487,0.167950958256297,85853,173734,260517,86784,3
"chr5",6714424,6714553,-0.0839685666516342,0.167937133303268,67622,39443,95810,56368,8
"chr5",149141791,149141887,0.0839654735299314,0.167930947059863,70291,122959,130351,7393,16
"chr17",3597080,3597089,0.0839514781227717,0.167902956245543,35098,12933,17099,4167,4
"chr1",172532800,172533282,0.0839427318067289,0.167885463613458,6540,149264,155659,6396,18
"chr8",96492731,96493560,-0.0839263359978322,0.167852671995664,82228,118224,172189,53966,11
"chr7",122886780,122886782,-0.0839240294226085,0.167848058845217,79044,47924,50741,2818,17
"chr10",73781517,73781929,-0.083918966222725,0.16783793244545,10589,187571,219826,32256,12
"chr17",64975474,64975640,-0.0839087269988172,0.167817453997634,38813,58345,73036,14692,9
"chr15",81296860,81296907,0.0839069187708159,0.167813837541632,30044,61130,205886,144757,7
"chr15",74365989,74366640,0.0839024324049736,0.167804864809947,29676,205420,210962,5543,18
"chr17",13018076,13018192,0.0838861535684721,0.167772307136944,35928,89600,105289,15690,10
"chr3",53892020,53892657,0.0838780653506643,0.167756130701329,61016,164684,229112,64429,13
"chr4",38109189,38109752,-0.0838665344757594,0.167733068951519,64996,140285,213161,72877,18
"chr6",86937212,86937429,-0.0838577658509038,0.167715531701808,74130,113604,126838,13235,14
"chr20",59577226,59577318,0.0838346881491764,0.167669376298353,55289,12026,63214,51189,4
"chr11",2270030,2270770,0.0838197663692785,0.167639532738557,12932,23944,24940,997,43
"chr22",23751246,23751639,0.0838189124774596,0.167637824954919,57206,77195,91756,14562,9
"chr22",24011312,24011402,0.0837944944822617,0.167588988964523,57246,8668,17113,8446,10
"chr13",110508497,110508929,0.0837910246616498,0.1675820493233,24469,232348,233245,898,5
"chr19",56507647,56507653,0.0837864216943863,0.167572843388773,47044,11909,17032,5124,8
"chr5",83077048,83077403,0.0837743085121961,0.167548617024392,68851,39846,97893,58048,20
"chr1",145996851,145997266,-0.0837514208939419,0.167502841787884,4915,145986,146775,790,18
"chr16",31713161,31713253,-0.0837509542890432,0.167501908578086,32830,106145,112438,6294,14
"chr12",20369243,20370187,0.0837250269137977,0.167450053827595,18976,208449,211650,3202,16
"chr3",139539589,139539980,0.0837183964407901,0.16743679288158,62669,98545,102806,4262,14
"chr16",19167909,19168134,-0.0837122994845451,0.16742459896909,32061,97820,198257,100438,9
"chr2",18560777,18561184,0.0836965909422335,0.167393181884467,47660,145724,150929,5206,11
"chr20",62386395,62386984,0.0836780906155082,0.167356181231016,55407,101026,231782,130757,10
"chr1",226992095,226992125,0.0836658504378315,0.167331700875663,8184,59954,70362,10409,3
"chr7",105876510,105876532,0.0836565287486031,0.167313057497206,78774,65511,105074,39564,8
"chr12",120686740,120688034,-0.0836386177489452,0.16727723549789,22218,275162,296398,21237,15
"chr14",94772651,94773233,0.0836289582807563,0.167257916561513,27000,78919,111259,32341,10
"chr4",2010150,2010300,-0.0836170445107585,0.167234089021517,64335,276423,309459,33037,13
"chr18",45967286,45967840,-0.0836148319848521,0.167229663969704,40884,197623,205803,8181,11
"chr1",228082214,228082489,0.0835857772034583,0.167171554406917,8218,29382,31846,2465,14
"chr10",6144579,6144684,-0.0835693886110484,0.167138777222097,9090,167683,173076,5394,10
"chr5",80034273,80034436,0.0835406242947212,0.167081248589442,68783,159529,161128,1600,2
"chr18",55780363,55780365,0.0835342085759505,0.167068417151901,41096,23637,79223,55587,6
"chr1",179877851,179878024,0.083525815714587,0.167051631429174,6736,148315,150837,2523,14
"chr19",57614304,57614310,-0.0835240936760304,0.167048187352061,47129,81871,115181,33311,12
"chr3",132660104,132660431,-0.0835213909087298,0.16704278181746,62462,138324,143603,5280,24
"chr1",198860149,198860630,-0.0835121380772066,0.167024276154413,7063,220453,256144,35692,3
"chr17",5419617,5419620,0.0834929090960231,0.166985818192046,35336,20592,23061,2470,28
"chr8",105319321,105319498,0.0834648064724573,0.166929612944915,82425,225706,284531,58826,10
"chr19",33205379,33205728,-0.0834444717609187,0.166888943521837,44311,51046,54968,3923,2
"chr3",46027440,46027874,0.0834370340549992,0.166874068109998,60217,93039,95265,2227,3
"chr5",177425450,177426284,0.083407749650423,0.166815499300846,71076,148291,216114,67824,13
"chr10",70600616,70600692,0.0833954385822328,0.166790877164466,10399,170494,184752,14259,4
"chr17",58336529,58336616,0.0833808261320153,0.166761652264031,38478,124947,299963,175017,2
"chr12",64758992,64759781,0.0555801624836194,0.166740487450858,20732,140361,187699,47339,12
"chr17",48729083,48729401,0.0833464864555804,0.166692972911161,38051,204152,206728,2577,15
"chr13",60163864,60164347,0.083343954104701,0.166687908209402,23894,231266,252998,21733,12
"chr6",166168709,166169097,0.0833338229142297,0.166667645828459,75744,100335,104241,3907,16
"chr16",67393436,67393703,-0.0833100846307845,0.166620169261569,33523,9844,23579,13736,16
"chr12",101279982,101280017,0.0832989464410936,0.166597892882187,21385,170988,191159,20172,11
"chr22",32474530,32474570,0.0832914047450599,0.16658280949012,57782,205166,211090,5925,16
"chr17",13544348,13544533,0.0832892970952028,0.166578594190406,35933,132411,224481,92071,3
"chr1",228735074,228735554,0.0832855443604246,0.166571088720849,8307,26979,72046,45068,15
"chr3",131381520,131381574,0.0832779903387413,0.166555980677483,62432,90650,92808,2159,7
"chr20",1946900,1946914,0.0832726687464134,0.166545337492827,53239,119031,123042,4012,6
"chr3",171026751,171027082,0.0832705156183483,0.166541031236697,63255,154527,160124,5598,4
"chr6",167290103,167291320,-0.0832693873433531,0.166538774686706,75796,127711,182422,54712,8
"chr9",127263383,127263434,0.0832601356021658,0.166520271204332,85690,95011,229796,134786,7
"chr15",66567166,66567173,-0.0832592790454576,0.166518558090915,29354,251821,264727,12907,4
"chr6",146543384,146543393,-0.0832547443615778,0.166509488723156,75258,89899,95781,5883,16
"chr12",56040774,56041885,0.0832489844173012,0.166497968834602,20309,274001,293699,19699,12
"chr17",35089815,35090067,0.0832474487791245,0.166494897558249,36753,124758,204524,79767,5
"chr11",62792384,62792505,0.0832441505759036,0.166488301151807,14991,190087,212853,22767,12
"chr7",130441398,130441611,0.0832146942442968,0.166429388488594,79307,186728,226104,39377,15
"chr11",106022449,106022966,0.0832126446727486,0.166425289345497,16767,221699,227826,6128,17
"chr7",108885446,108885748,0.0831918083015362,0.166383616603072,78864,233850,247703,13854,4
"chr12",42238327,42238534,0.0831737750707087,0.166347550141417,19320,68045,78719,10675,13
"chr4",65670437,65670745,-0.0831607106848301,0.16632142136966,65441,13529,15474,1946,20
"chr6",110180407,110180696,-0.0831560361631598,0.16631207232632,74503,89563,102826,13264,14
"chr16",67438596,67439028,0.0831352566743362,0.166270513348672,33532,83123,109012,25890,5
"chr16",1586139,1586264,-0.0831155483546502,0.1662310967093,31042,216007,286885,70879,2
"chr10",100482733,100482778,0.0831145965470603,0.166229193094121,11402,47908,108953,61046,4
"chr5",65624362,65624659,-0.0830906152714366,0.166181230542873,68475,37528,65482,27955,25
"chr14",35404477,35404971,0.0830748127564891,0.166149625512978,25376,87350,89378,2029,8
"chr2",98444341,98444618,0.0830739873827364,0.166147974765473,49616,243073,246392,3320,16
"chr1",78046029,78046172,0.0830686623019825,0.166137324603965,3838,31837,78996,47160,13
"chr21",45287866,45288263,0.055377864981609,0.166133594944827,56622,55603,90025,34423,13
"chr14",37197722,37197758,-0.0830641495039064,0.166128299007813,25415,13206,61226,48021,15
"chr9",136477183,136477406,-0.0830417417583376,0.166083483516675,86530,228601,236511,7911,7
"chr9",128322367,128322388,-0.0830338486782068,0.166067697356414,85838,273185,288721,15537,21
"chr11",69704669,69705206,0.0830296789419347,0.166059357883869,15868,81790,88942,7153,15
"chr16",65123147,65123525,-0.0830194175223241,0.166038835044648,33372,94558,105179,10622,10
"chr12",57241556,57242171,0.082981957747246,0.165963915494492,20522,170281,175172,4892,11
"chr11",62839712,62839748,0.0829401950029398,0.16588039000588,15001,214071,238024,23954,4
"chr11",1586245,1586346,0.0829394742372594,0.165878948474519,12868,255982,265874,9893,2
"chr1",31704169,31704184,0.0829296878636367,0.165859375727273,2132,66569,68463,1895,15
"chr11",18698757,18698760,-0.0829290806151563,0.165858161230313,13782,20339,21919,1581,11
"chr12",56266708,56266727,0.0829212814482944,0.165842562896589,20363,113046,120166,7121,13
"chr12",31985078,31985368,0.0829158694428348,0.16583173888567,19233,283861,286098,2238,3
"chr15",89362046,89362073,0.0829156031902546,0.165831206380509,30309,124695,208167,83473,9
"chr1",201955259,201955444,-0.0828875189735678,0.165775037947136,7194,95734,142505,46772,9
"chr9",113564930,113564938,0.0828638710443535,0.165727742088707,85264,68779,72274,3496,6
"chr4",86934225,86935879,0.0828577114710242,0.165715422942048,65890,147913,150224,2312,16
"chr2",206274707,206274747,-0.0828192208708674,0.165638441741735,51727,33228,39952,6725,11
"chr19",45885674,45886246,-0.0828183252730592,0.165636650546118,45687,73668,88092,14425,9
"chr10",27155211,27155383,0.0828134664823736,0.165626932964747,9569,237870,266236,28367,17
"chr22",37608451,37609343,-0.0827939417288753,0.165587883457751,57998,197657,198545,889,21
"chr21",33542251,33542435,0.0827670441961554,0.165534088392311,56042,274647,274953,307,29
"chr5",132556823,132557452,0.0827611298947576,0.165522259789515,69507,150541,155552,5012,14
"chr1",32241532,32241539,0.0827531195866712,0.165506239173342,2180,38657,82831,44175,7
"chr16",171802,171812,0.0827501417771034,0.165500283554207,30756,218906,255555,36650,3
"chr16",89093090,89093110,0.0827411454506917,0.165482290901383,34598,236161,251827,15667,12
"chr2",11592779,11592954,-0.0826818582607107,0.165363716521421,47569,33014,113943,80930,3
"chr4",44726827,44726942,0.0826658643895834,0.165331728779167,65170,164210,222164,57955,10
"chr19",55592498,55592921,-0.0826357981368336,0.165271596273667,46960,77156,201021,123866,3
"chr2",10302710,10302827,0.0826343289317875,0.165268657863575,47512,37960,38837,878,16
"chr5",135399672,135399788,0.0826289881528197,0.165257976305639,69636,248242,267100,18859,20
"chr1",237890672,237891269,-0.082599743064415,0.16519948612883,8581,120899,142885,21987,7
"chr12",111766800,111766957,-0.082598449232744,0.165196898465488,21825,13315,70411,57097,11
"chr1",183471783,183471842,0.0825890594426351,0.16517811888527,6875,240077,244946,4870,16
"chr2",70086640,70087287,0.0825799785842084,0.165159957168417,48963,162088,234430,72343,19
"chr2",27428231,27428423,-0.0825725668717648,0.16514513374353,48002,150094,231758,81665,14
"chr11",67409443,67409475,0.0825653597003619,0.165130719400724,15671,41924,47135,5212,6
"chr2",111884053,111884161,0.0825620423033859,0.165124084606772,49959,19795,30193,10399,11
"chr15",66781103,66781604,0.0825602435345031,0.165120487069006,29360,197464,203613,6150,4
"chr1",180229393,180230239,-0.0825401719411673,0.165080343882335,6749,154548,157003,2456,9
"chr7",44582342,44582359,-0.0825154809007069,0.165030961801414,77255,23556,25991,2436,14
"chr10",56361299,56361305,0.082512770868249,0.165025541736498,10087,91814,168466,76653,11
"chr20",2652072,2653043,0.082504469308516,0.165008938617032,53269,199533,240031,40499,15
"chr10",43126628,43126758,0.0824866981272185,0.164973396254437,9813,285604,305302,19699,3
"chr3",179072203,179072991,-0.0824861230873008,0.164972246174602,63335,246323,262354,16032,17
"chr6",90587633,90587797,-0.08248004589863,0.16496009179726,74242,192093,192550,458,14
"chr11",76670643,76670747,0.0824518861691303,0.164903772338261,16275,20768,21977,1210,19
"chr2",117814440,117814805,0.0824432714630982,0.164886542926196,50090,266779,290202,23424,10
"chr5",126178494,126179218,0.0824330633060126,0.164866126612025,69379,227919,236309,8391,3
"chr21",46155502,46155616,-0.082427003957605,0.16485400791521,56699,126813,248290,121478,7
"chr14",24576471,24576884,0.0824214797266595,0.164842959453319,25248,231766,248309,16544,5
"chr1",151791072,151791455,0.0824201195884187,0.164840239176837,5186,141341,147334,5994,21
"chr5",11384773,11384955,-0.0824107281161064,0.164821456232213,67708,18344,71059,52716,3
"chr1",212791046,212791676,0.0823990272400988,0.164798054480198,7823,160868,232988,72121,20
"chr1",100265978,100266077,-0.0823832612501322,0.164766522500264,4224,101078,109527,8450,13
"chr3",122885659,122885932,0.082347261409407,0.164694522818814,62045,162446,163512,1067,6
"chr12",122183065,122183102,0.0823452299623719,0.164690459924744,22352,52820,113892,61073,5
"chr9",127450356,127451857,0.0823261959933712,0.164652391986742,85707,87343,94642,7300,22
"chr21",33588839,33588935,0.0823181876326633,0.164636375265327,56051,197794,199534,1741,8
"chr7",101362771,101362777,-0.0822971044095113,0.164594208819023,78623,15890,17218,1329,11
"chr1",15526620,15526693,-0.0822892089660564,0.164578417932113,1033,160818,165568,4751,22
"chr7",54330064,54330066,-0.0822820127910071,0.164564025582014,77434,227644,260254,32611,3
"chr1",27548057,27548554,0.0822767759969111,0.164553551993822,1921,147120,153229,6110,5
"chr12",111766695,111766706,-0.0822636792345217,0.164527358469043,21825,247127,258841,11715,11
"chr12",93377527,93377708,-0.0822631919871964,0.164526383974393,21196,117990,118306,317,6
"chr3",47513761,47513973,0.0822582183416228,0.164516436683246,60339,146653,160466,13814,13
"chr14",51988834,51989411,0.0822580515229867,0.164516103045973,25620,252257,296568,44312,10
"chr18",46658096,46658146,0.0822561707154392,0.164512341430878,40911,220692,262898,42207,11
"chr12",56360102,56360142,0.0822540936446698,0.16450818728934,20387,7218,20656,13439,13
"chr8",17922488,17922597,0.082241990248274,0.164483980496548,80659,174376,181649,7274,11
"chr13",113863009,113863092,-0.0822286750838607,0.164457350167721,24709,303047,303868,822,10
"chr20",1224713,1226059,-0.0822082971497872,0.164416594299574,53189,204827,209175,4349,12
"chr2",236580889,236581277,-0.0822062644228632,0.164412528845726,52713,32689,39256,6568,4
"chr17",79033255,79033436,0.0821956889664761,0.164391377932952,39651,259167,296583,37417,4
"chr19",49640162,49640215,-0.0821921052235559,0.164384210447112,46182,197744,213264,15521,12
"chr6",33277739,33278372,-0.082190984367921,0.164381968735842,72822,15149,16806,1658,57
"chr1",164558568,164558675,0.0821856876692852,0.16437137533857,6285,234975,256758,21784,13
"chr10",71395956,71396670,-0.082183580191773,0.164367160383546,10436,187564,242476,54913,7
"chr10",133307791,133308412,0.0821805570882547,0.164361114176509,12532,91945,93019,1075,23
"chr19",38335586,38335677,-0.0821759659459599,0.16435193189192,44736,199340,263050,63711,10
"chr12",70243951,70244121,0.0821742714501558,0.164348542900312,20898,177532,181284,3753,23
"chr12",79689848,79692274,0.0821735356568704,0.164347071313741,21027,172149,201331,29183,15
"chr19",17267199,17267439,0.0547817373041038,0.164345211912311,43720,26920,116457,89538,13
"chr20",21511314,21511372,-0.0821706356329553,0.164341271265911,53742,229409,262915,33507,3
"chr12",30755310,30755376,-0.0821691176755452,0.16433823535109,19196,112258,168317,56060,15
"chr11",57427022,57428067,-0.0821682885938294,0.164336577187659,14556,48947,98987,50041,13
"chr8",143571774,143571792,0.0821538973205098,0.16430779464102,83172,50372,169831,119460,3
"chr12",24949128,24949130,0.0821336695755186,0.164267339151037,19062,252399,262228,9830,12
"chr12",123270413,123270700,0.0821320439914263,0.164264087982853,22458,121863,174742,52880,16
"chr1",11272519,11272812,-0.082130235804921,0.164260471609842,851,142054,145249,3196,13
"chr12",95942343,95943226,-0.0821149254834016,0.164229850966803,21267,85731,99777,14047,15
"chr14",23321158,23322005,-0.0820819129736518,0.164163825947304,25045,230364,252412,22049,13
"chr1",5877098,5877223,-0.0820697191210128,0.164139438242026,480,38632,151604,112973,3
"chr19",1853619,1854550,0.0820613740777522,0.164122748155504,41833,56423,59444,3022,6
"chr3",10115636,10115642,-0.0820587784705972,0.164117556941194,59231,19255,19908,654,9
"chr14",60648037,60648412,-0.0820508523867376,0.164101704773475,25843,282705,299027,16323,8
"chr20",2403594,2403818,-0.0820316398680263,0.164063279736053,53256,54687,73071,18385,4
"chr10",117542764,117542807,-0.0820260159926295,0.164052031985259,11988,135302,167373,32072,13
"chr13",27424301,27424881,-0.0820228157696406,0.164045631539281,23143,287408,300409,13002,9
"chr14",28765917,28765990,0.0820179492575312,0.164035898515062,25275,8275,15405,7131,25
"chr22",38569406,38569836,0.0820134901953673,0.164026980390735,58121,126820,242518,115699,8
"chr21",36134376,36134882,0.0820060911335935,0.164012182267187,56132,232777,251526,18750,10
"chr1",156420448,156421518,-0.08198342279945,0.1639668455989,5746,31408,38643,7236,13
"chr17",6070216,6070225,-0.08197151377238,0.16394302754476,35361,62804,72397,9594,4
"chr14",105490933,105491011,0.081969481238293,0.163938962476586,27704,250938,303344,52407,10
"chr4",76898535,76898639,-0.0819691257674359,0.163938251534872,65722,117020,309671,192652,3
"chr20",35698272,35700166,0.0819604114037613,0.163920822807523,54277,217304,219042,1739,15
"chr14",21023484,21025934,0.0819535410574292,0.163907082114858,24861,108500,114235,5736,34
"chr20",32855492,32855663,0.08194312060582,0.16388624121164,54056,113173,120569,7397,4
"chr22",30968844,30969826,0.0818939370563406,0.163787874112681,57652,99415,105916,6502,15
"chr17",55265379,55265714,0.0818839681838812,0.163767936367762,38347,102973,113793,10821,13
"chr1",53061920,53062021,-0.0818689008214116,0.163737801642823,3311,10074,31663,21590,8
"chr2",170770502,170770648,-0.0818675733055744,0.163735146611149,50904,107767,109877,2111,19
"chr11",60971523,60971533,0.0818450245477751,0.16369004909555,14785,170272,176445,6174,9
"chr3",128994039,128994150,0.081839994826841,0.163679989653682,62306,6226,33879,27654,12
"chr6",45328364,45328424,-0.0818391718463011,0.163678343692602,73585,93239,240520,147282,2
"chr6",13328430,13328791,0.0818345287478665,0.163669057495733,71721,7401,10433,3033,11
"chr22",29306165,29307190,-0.0818165481747769,0.163633096349554,57482,202473,226524,24052,18
"chr6",50845099,50845282,0.0818101740550711,0.163620348110142,73706,185514,282138,96625,6
"chr7",106867891,106867928,-0.0817995141568911,0.163599028313782,78793,200845,283247,82403,5
"chr11",27701070,27701667,-0.0817880878206234,0.163576175641247,13902,168518,169361,844,36
"chr3",160224708,160225230,0.0817624847791593,0.163524969558319,63112,141718,141889,172,10
"chr6",170553388,170553418,0.0817552267527929,0.163510453505586,75942,171312,173577,2266,6
"chr14",100725936,100725940,0.0817470468339931,0.163494093667986,27218,98521,124016,25496,20
"chr8",72075527,72076045,-0.0817357969450162,0.163471593890032,81870,11009,14530,3522,9
"chr6",16759948,16762753,-0.0817320145188544,0.163464029037709,71783,185998,187123,1126,20
"chr16",1943178,1943622,-0.0817240027524564,0.163448005504913,31113,12956,17489,4534,7
"chr16",588109,588327,0.0817164932419144,0.163432986483829,30837,208145,213555,5411,20
"chr5",96432138,96434534,-0.0817098586890076,0.163419717378015,69019,108774,108811,38,21
"chr1",113929174,113929344,-0.0817077720894708,0.163415544178942,4633,119559,121299,1741,22
"chr19",38224424,38224744,-0.0817051091680684,0.163410218336137,44721,102292,215914,113623,9
"chr13",112375058,112375165,0.0816932623199237,0.163386524639847,24545,223363,227648,4286,3
"chr17",3916566,3916624,0.0816639538964897,0.163327907792979,35150,251775,261677,9903,11
"chr8",120811693,120812090,-0.081662692164037,0.163325384328074,82596,140378,239847,99470,12
"chr2",207769428,207769462,-0.0816504145587115,0.163300829117423,51782,166123,243198,77076,5
"chr17",50560088,50560361,0.0816474010325852,0.16329480206517,38244,203488,208104,4617,30
"chr19",35747404,35747460,0.0816456981097422,0.163291396219484,44536,227774,236873,9100,3
"chr4",105708449,105708951,-0.0816285988100121,0.163257197620024,66133,98459,154797,56339,24
"chr1",46668527,46668657,-0.0816278505537351,0.16325570110747,3122,139388,159948,20561,12
"chr4",165113195,165113212,-0.0816131569764729,0.163226313952946,66974,212580,257547,44968,8
"chr20",18142214,18142219,0.0816084012782435,0.163216802556487,53653,195815,200537,4723,4
"chr4",119212979,119213062,-0.0815993235851325,0.163198647170265,66357,254594,271297,16704,17
"chr16",667621,668660,0.0815702155544871,0.163140431108974,30864,205442,211809,6368,16
"chr18",12420137,12420178,0.081562818179561,0.163125636359122,40489,84815,210872,126058,4
"chr19",58513978,58514206,-0.0815576034549484,0.163115206909897,47257,13275,201069,187795,5
"chr15",99105229,99105842,0.0815524657890342,0.163104931578068,30613,55128,68679,13552,10
"chr19",37720012,37720038,0.0815315552087191,0.163063110417438,44703,126338,203908,77571,18
"chr1",241520051,241520578,-0.0815308726597253,0.163061745319451,8616,257977,310897,52921,12
"chr7",150405180,150405633,-0.081524878896896,0.163049757793792,79918,40298,43688,3391,10
"chr1",40531544,40531634,0.0815245110362823,0.163049022072565,2684,148220,155255,7036,14
"chr20",62221269,62221358,0.0814887651772516,0.162977530354503,55377,136864,197487,60624,12
"chr5",149550435,149551220,-0.0814869197855601,0.16297383957112,70316,247273,256575,9303,22
"chr1",30718735,30719490,0.0814643693922663,0.162928738784533,2070,147621,161946,14326,16
"chr14",93430827,93430849,0.0814632803118786,0.162926560623757,26914,10366,17495,7130,5
"chr2",165238148,165238443,0.0814568522890824,0.162913704578165,50776,273357,274682,1326,7
"chr1",81799110,81799475,0.0814566863003169,0.162913372600634,3861,226044,234231,8188,10
"chr9",113340254,113340436,0.081454249167211,0.162908498334422,85236,62146,62963,818,12
"chr11",55553696,55553968,0.0814455505128844,0.162891101025769,14453,266743,271314,4572,4
"chr14",23567915,23569298,-0.0814323867897262,0.162864773579452,25094,126988,128567,1580,21
"chr6",34392968,34393628,0.0814286108545632,0.162857221709126,72921,41331,42116,786,10
"chr19",1270277,1270331,0.0814278859321523,0.162855771864305,41714,211300,299458,88159,5
"chr2",74514726,74516310,-0.08138028561677,0.16276057123354,49179,5431,7010,1580,21
"chr1",18890695,18891718,0.0542479029699328,0.162743708909798,1254,146444,156695,10252,6
"chr14",105315586,105315672,0.0813606730238272,0.162721346047654,27674,262463,264117,1655,11
"chr9",130713414,130713506,-0.0813585440190342,0.162717088038068,86069,169260,173074,3815,13
"chr14",99604558,99604571,0.0813503410837901,0.16270068216758,27143,76351,203846,127496,10
"chr2",176116555,176116600,0.0813392250998048,0.16267845019961,51073,576,8563,7988,17
"chr2",95165167,95165267,-0.0813335118876892,0.162667023775378,49465,82633,99984,17352,13
"chr15",88256589,88256600,-0.0813324140024898,0.16266482800498,30233,194400,281158,86759,11
"chr5",40678916,40679353,0.0813285732224388,0.162657146444878,68111,253173,278462,25290,16
"chr11",46845763,46846659,0.0813055929316102,0.16261118586322,14314,182093,186608,4516,12
"chr19",53431490,53431689,0.0813026024314603,0.162605204862921,46632,268046,300699,32654,4
"chr9",72149421,72149512,0.0812980815271055,0.162596163054211,84369,3602,8912,5311,9
"chr12",106955046,106956699,-0.0812895571918747,0.162579114383749,21535,180527,180661,135,20
"chr1",120176448,120176608,0.0812879609836118,0.162575921967224,4851,164819,166535,1717,11
"chr17",30906338,30906497,0.0812822675584604,0.162564535116921,36588,58719,65484,6766,12
"chr1",175192649,175192908,0.0812818942095877,0.162563788419175,6627,90161,93783,3623,18
"chr3",184185514,184186864,0.0812775722786479,0.162555144557296,63530,155547,157085,1539,12
"chr16",67561800,67561966,0.0812676098753068,0.162535219750614,33546,86720,210880,124161,8
"chr14",52313129,52315082,0.0812628355661761,0.162525671132352,25630,256617,292267,35651,14
"chr12",133037190,133037338,0.0812562045058623,0.162512409011725,22894,102268,190890,88623,10
"chr14",21069368,21069759,-0.081250125470117,0.162500250940234,24875,133149,197607,64459,20
"chr10",7412580,7412797,-0.0812370381194867,0.162474076238973,9134,180772,228826,48055,3
"chr1",6603704,6603748,-0.0812361870561381,0.162472374112276,591,118407,123648,5242,17
"chr8",100559237,100559875,0.0812299890023982,0.162459978004796,82314,167657,171136,3480,13
"chr5",179589564,179589621,0.0812282264226081,0.162456452845216,71207,265723,271557,5835,2
"chr9",132079945,132080401,0.0812170497851926,0.162434099570385,86167,285410,286050,641,7
"chr6",26499794,26499855,0.0812071080910244,0.162414216182049,71995,102340,260322,157983,3
"chr11",35662653,35663097,-0.0541352920303337,0.162405876091001,14092,28265,46671,18407,10
"chr3",66500311,66500498,0.0811955042445876,0.162391008489175,61294,88966,109119,20154,4
"chr4",82753462,82753541,0.0811737385446697,0.162347477089339,65804,135930,141002,5073,8
"chr17",75012042,75012492,0.0811697662140912,0.162339532428182,39162,98694,133907,35214,12
"chr5",172983626,172983695,0.0811492535228753,0.162298507045751,70893,247195,256478,9284,12
"chr7",2249081,2249462,0.0811457844105263,0.162291568821053,76150,50701,90663,39963,5
"chr2",136116404,136118593,-0.0811393069110245,0.162278613822049,50456,68812,82337,13526,24
"chr7",100101176,100102022,-0.0811299413388608,0.162259882677722,78378,104164,168743,64580,27
"chr11",83071604,83072285,0.0811214331995183,0.162242866399037,16417,235028,282229,47202,20
"chr3",158097192,158097356,-0.0811199748301732,0.162239949660346,63061,146590,156804,10215,2
"chr2",197786241,197786324,0.0811063928920274,0.162212785784055,51482,13926,13944,19,26
"chr19",47349063,47349198,0.0811062497661919,0.162212499532384,45839,55646,55917,272,10
"chr17",76137673,76137978,0.081094328636811,0.162188657273622,39360,14132,296818,282687,2
"chr10",70146606,70146835,0.0810799599302289,0.162159919860458,10364,22365,49164,26800,12
"chr8",118622055,118622395,0.0810738653649869,0.162147730729974,82548,106697,185779,79083,13
"chr17",70168327,70168680,-0.0810660803091335,0.162132160618267,38977,202622,211802,9181,9
"chr7",876119,876194,-0.0810637331039522,0.162127466207904,76014,43260,92092,48833,3
"chr4",109301982,109302442,-0.081058095117937,0.162116190235874,66187,34520,38071,3552,21
"chr1",179590774,179591711,-0.054037230985389,0.162111692956167,6725,236846,262811,25966,16
"chr7",2241906,2241982,0.0810480768476088,0.162096153695218,76146,28206,40149,11944,14
"chr20",45909972,45910036,0.0810389886693631,0.162077977338726,54803,194359,199417,5059,5
"chr19",16132724,16133305,0.08101874865415,0.1620374973083,43621,221277,240279,19003,5
"chr12",57216672,57216903,-0.0810144362333544,0.162028872466709,20513,7304,46796,39493,7
"chr12",125983528,125983696,0.0810120614688798,0.16202412293776,22613,241726,242305,580,8
"chr15",75648437,75648732,0.0810044778853872,0.162008955770774,29785,68265,68565,301,17
"chr19",40443284,40444265,-0.0810020313249578,0.162004062649916,45042,102108,126872,24765,21
"chr3",14947162,14947624,-0.0809962275033417,0.161992455006683,59467,91433,137595,46163,15
"chr17",45317502,45317593,-0.0809903403771904,0.161980680754381,37845,212050,218589,6540,9
"chr17",42681815,42682098,0.0809890323427969,0.161978064685594,37503,245518,266583,21066,13
"chr16",89817629,89818031,0.080974573775626,0.161949147551252,34743,119000,263525,144526,6
"chr11",68409994,68410056,0.080972084879569,0.161944169759138,15784,126196,171695,45500,2
"chr7",94394510,94394676,0.0809626676852803,0.161925335370561,78129,91801,94514,2714,12
"chr7",159007057,159007086,0.0809479761657901,0.16189595233158,80285,43836,50021,6186,3
"chr7",7640086,7640455,-0.0809251856544146,0.161850371308829,76498,129462,140487,11026,11
"chr2",218959329,218960578,0.0809078473074577,0.161815694614915,52092,5469,13850,8382,23
"chr6",32967486,32967627,0.0809061989454542,0.161812397890908,72763,171440,171598,159,102
"chr19",40442389,40445153,-0.0808911855141518,0.161782371028304,45042,201049,205940,4892,21
"chr3",35681095,35681358,-0.0808769524515203,0.161753904903041,59789,244909,270164,25256,4
"chr13",28719188,28719485,0.0808682940418068,0.161736588083614,23220,89314,137711,48398,16
"chr19",53906776,53906849,-0.080867872764445,0.16173574552889,46718,114227,210055,95829,4
"chr1",9040257,9040447,-0.0808481279120793,0.161696255824159,684,38610,82985,44376,3
"chr8",93740295,93741021,0.0808474392982041,0.161694878596408,82151,178808,178904,97,22
"chr12",56360452,56360864,-0.0808416878573811,0.161683375714762,20387,262896,265394,2499,13
"chr16",4795284,4795347,0.0808202675257105,0.161640535051421,31634,52063,57891,5829,4
"chr16",2268299,2268987,0.0808175949904833,0.161635189980967,31242,72428,90284,17857,17
"chr19",44954633,44955141,0.0808144415187253,0.161628883037451,45531,291741,295599,3859,21
"chr7",39949138,39949872,0.0808117234685259,0.161623446937052,77121,244595,308871,64277,16
"chr5",173329069,173329555,-0.0808081632468126,0.161616326493625,70907,32984,134012,101029,12
"chr2",74440473,74441849,0.0808076005797895,0.161615201159579,49162,77737,84889,7153,16
"chr13",52128709,52129799,-0.0808058333705409,0.161611666741082,23831,297709,302914,5206,19
"chr7",93921700,93921702,0.0808035282821608,0.161607056564322,78124,169827,180432,10606,10
"chr6",52419975,52420634,0.0808024279400925,0.161604855880185,73737,40105,43405,3301,14
"chr19",12610635,12610785,-0.0807786923519388,0.161557384703878,43201,294508,298656,4149,15
"chr19",17192836,17192998,-0.0807644576824993,0.161528915364999,43701,197133,202498,5366,3
"chr10",3832930,3833283,-0.0807564964632271,0.161512992926454,8997,256545,257259,715,3
"chr6",118894036,118894181,-0.0807414682552548,0.16148293651051,74729,303005,308117,5113,6
"chr2",233012600,233013440,0.0538231017607817,0.161469305282345,52569,144324,230191,85868,12
"chr20",20369723,20370453,0.0538172446386185,0.161451733915855,53719,53774,209652,155879,4
"chr4",75513930,75514191,0.0807257920559378,0.161451584111876,65659,154303,163980,9678,16
"chr19",42199611,42199611,0.0807033582147111,0.161406716429422,45260,297727,302767,5041,5
"chr4",99947591,99947702,0.0806998544777814,0.161399708955563,66068,161613,228711,67099,6
"chr12",51083744,51083864,0.0806975097659418,0.161395019531884,19766,220359,295072,74714,11
"chr19",49581147,49581158,-0.0806969718588172,0.161393943717634,46168,67899,69709,1811,14
"chr17",80545282,80545392,-0.080670491958358,0.161340983916716,39818,93882,117038,23157,14
"chr6",31862952,31863662,0.0806669793436787,0.161333958687357,72593,90643,111430,20788,34
"chr16",21663884,21664005,0.0806605280849551,0.16132105616991,32177,207237,284523,77287,4
"chr1",66801118,66801446,0.080659922521968,0.161319845043936,3658,93573,145152,51580,3
"chr1",182604318,182604796,0.0806509510829188,0.161301902165838,6826,135044,136987,1944,12
"chr1",78491160,78491162,-0.0806146120490552,0.16122922409811,3842,13721,38805,25085,12
"chr7",111562333,111562626,0.0806037008382379,0.161207401676476,78868,172107,178755,6649,16
"chr6",99515294,99515378,0.0805976311062887,0.161195262212577,74313,78693,171854,93162,15
"chr14",92323675,92323753,-0.0805875221342531,0.161175044268506,26857,11797,66550,54754,4
"chr6",111086999,111087558,0.0805861147300194,0.161172229460039,74528,102964,135928,32965,13
"chr12",103965546,103965808,-0.0805814992777923,0.161162998555585,21455,247181,276878,29698,10
"chr16",89972454,89973347,-0.0805769387134829,0.161153877426966,34775,218847,222205,3359,23
"chr6",31541472,31542114,-0.0805715155169895,0.161143031033979,72489,124533,167706,43174,42
"chr17",2796211,2796259,0.080563888948357,0.161127777896714,35059,292247,295140,2894,12
"chr11",65858661,65859051,-0.0805413498337477,0.161082699667495,15428,180774,188955,8182,27
"chr5",10278893,10279242,0.0804903919651951,0.16098078393039,67673,160988,264153,103166,2
"chr12",8066326,8066424,0.0804777863609838,0.160955572721968,18511,101509,120097,18589,4
"chr7",73770341,73770706,-0.0804756698261469,0.160951339652294,77709,11499,14120,2622,10
"chr5",135033426,135034623,0.0804665049179143,0.160933009835829,69626,161112,164171,3060,19
"chr6",156778093,156778241,-0.0804665035716916,0.160933007143383,75511,88693,140704,52012,2
"chr13",96090833,96090916,-0.0804535691556856,0.160907138311371,24178,100331,103915,3585,11
"chr1",180153789,180154661,-0.0804427921762142,0.160885584352428,6744,158548,256120,97573,11
"chr19",49676754,49677127,0.0804365234401938,0.160873046880388,46192,114776,126964,12189,12
"chr17",40418033,40418163,0.0804287731288966,0.160857546257793,37190,192661,194530,1870,14
"chr14",77376858,77377432,0.0804238591183513,0.160847718236703,26578,16300,53356,37057,14
"chr11",19350465,19350735,0.0804099172666085,0.160819834533217,13815,114393,121041,6649,5
"chr16",29815605,29815974,-0.0804026027702065,0.160805205540413,32521,196395,203599,7205,18
"chr11",46381537,46381866,-0.0803569400774854,0.160713880154971,14273,43458,44716,1259,20
"chr17",45410467,45410560,-0.0803502992498394,0.160700598499679,37851,235476,261474,25999,4
"chr19",44954676,44954795,0.0803152946434842,0.160630589286968,45531,206660,210361,3702,21
"chr10",58512994,58513178,-0.0803079307631243,0.160615861526249,10096,404,20119,19716,4
"chr1",43454385,43454546,-0.0802998474887339,0.160599694977468,2867,109969,111515,1547,19
"chr1",86704069,86704279,-0.0535326970701111,0.160598091210333,3955,93516,131820,38305,19
"chr11",9574624,9574627,0.0802978514673195,0.160595702934639,13472,184732,263096,78365,7
"chr5",180291531,180292756,0.0802963596111365,0.160592719222273,71276,105456,141286,35831,14
"chr17",33293360,33294231,-0.0802927958662304,0.160585591732461,36715,103413,103484,72,5
"chr17",8175994,8176644,0.0802919055034517,0.160583811006903,35714,135114,218775,83662,8
"chr1",155860503,155860686,0.0802873892580785,0.160574778516157,5648,130961,146842,15882,3
"chr13",102798982,102799087,-0.0802728080030554,0.160545616006111,24358,199296,245652,46357,14
"chr11",57646984,57647084,0.0802681737357348,0.16053634747147,14584,15283,44697,29415,6
"chr4",3508956,3508996,0.0802495653024093,0.160499130604819,64462,30084,34741,4658,4
"chr1",209827538,209827934,-0.0802480913045906,0.160496182609181,7737,35450,36779,1330,16
"chr7",7968309,7968726,0.080239508308206,0.160479016616412,76502,172484,176299,3816,10
"chr7",2762740,2762920,0.080235246163558,0.160470492327116,76228,6542,8903,2362,10
"chr10",98415096,98415322,0.080229229277973,0.160458458555946,11325,92903,94131,1229,8
"chr12",13096054,13096195,0.0802291839099952,0.16045836781999,18826,168243,239933,71691,5
"chr17",75114340,75114459,0.0802288876377805,0.160457775275561,39175,202050,302590,100541,3
"chr15",89912560,89913016,-0.0801891336394648,0.16037826727893,30364,28175,54263,26089,15
"chr16",56865055,56865169,-0.0801891074394221,0.160378214878844,33176,201581,206013,4433,6
"chr19",43580506,43580595,-0.0801842263515421,0.160368452703084,45385,60363,63765,3403,9
"chr6",4135057,4135248,0.0801835206659283,0.160367041331857,71522,256367,266128,9762,15
"chr6",136467950,136467952,0.080182591946909,0.160365183893818,75040,253645,262736,9092,4
"chr4",140373368,140373875,-0.0801554277550937,0.160310855510187,66593,38553,141617,103065,12
"chr3",129121960,129122591,-0.0801395341891577,0.160279068378315,62317,77859,127079,49221,20
"chr10",11742409,11742474,-0.080124990091076,0.160249980182152,9204,6420,9651,3232,10
"chr3",136023094,136023163,0.0800986942336215,0.160197388467243,62551,104075,137230,33156,2
"chr3",37175165,37175307,0.080096531943946,0.160193063887892,59836,279264,310726,31463,7
"chr3",183555769,183556106,-0.0800949262138275,0.160189852427655,63465,148072,151674,3603,8
"chr1",1358885,1358982,0.0800769490329247,0.160153898065849,141,72227,108563,36337,12
"chr4",5050737,5051858,-0.0800678969991436,0.160135793998287,64499,161631,162318,688,15
"chr1",2530381,2530384,0.0800632566172426,0.160126513234485,338,10622,12930,2309,10
"chr2",126655793,126655929,0.0800556127903632,0.160111225580726,50210,142531,163406,20876,12
"chr10",117542539,117542542,0.0800336352277149,0.16006727045543,11988,14644,41262,26619,13
"chr6",32830705,32830733,-0.0800306007764232,0.160061201552846,72737,188031,303382,115352,11
"chr16",46689235,46690625,-0.0800217724085752,0.16004354481715,32854,222924,248040,25117,19
"chr6",73461136,73462013,0.0800065182398526,0.160013036479705,73973,274290,290367,16078,15
"chr7",27185451,27185909,0.0800026501059971,0.160005300211994,76827,8305,8460,156,40
"chr17",81911242,81911542,-0.0799918284907209,0.159983656981442,40018,70216,72386,2171,22
"chr1",27391717,27391765,-0.0799901964774094,0.159980392954819,1916,147345,156723,9379,7
"chr8",71842970,71843139,0.0799872589769891,0.159974517953978,81868,258542,262598,4057,35
"chr14",23969744,23969942,-0.0799776823964436,0.159955364792887,25108,71018,71512,495,2
"chr13",74133941,74133987,0.079960504301601,0.159921008603202,23968,210244,213533,3290,10
"chr11",105610065,105610782,-0.079955326559307,0.159910653118614,16761,50251,88619,38369,24
"chr12",4275713,4275722,-0.0799524717645207,0.159904943529041,18201,5474,6714,1241,12
"chr16",57627415,57628332,-0.0799481789257845,0.159896357851569,33249,257431,262694,5264,16
"chr10",133358209,133358527,-0.0799475017560731,0.159895003512146,12544,167629,189384,21756,8
"chr14",56806159,56806558,0.0799413575616538,0.159882715123308,25730,226450,295552,69103,10
"chr16",11276238,11276436,-0.0799365973876691,0.159873194775338,31805,199909,288694,88786,7
"chr3",30894755,30894826,0.0799346724465756,0.159869344893151,59711,135599,142910,7312,11
"chr17",47733044,47733058,0.0799013817148231,0.159802763429646,37945,92895,114891,21997,14
"chr3",152268900,152270189,0.0798910891670429,0.159782178334086,62951,162441,166430,3990,27
"chr1",236604508,236605066,-0.0798839516635004,0.159767903327001,8558,158559,163664,5106,13
"chr15",31102780,31102820,0.0798619931012562,0.159723986202512,28036,225443,231906,6464,3
"chr10",114993600,114993613,0.0798554706743088,0.159710941348618,11930,243191,274421,31231,3
"chr11",134223603,134224468,-0.0798544558120722,0.159708911624144,17948,181767,182544,778,21
"chr10",114938139,114938165,0.0798511616094244,0.159702323218849,11929,185369,188888,3520,12
"chr15",83066539,83067444,-0.0798507162453979,0.159701432490796,30108,207919,292449,84531,13
"chr16",1071907,1072047,-0.0798446542502716,0.159689308500543,30940,53113,205355,152243,4
"chr17",7674865,7676056,-0.0798348149316827,0.159669629863365,35601,304973,311562,6590,179
"chr7",112423024,112423070,-0.0798217824468396,0.159643564893679,78878,188119,263433,75315,3
"chr17",76471580,76471746,-0.0798201672136129,0.159640334427226,39400,196396,207749,11354,3
"chr2",29921757,29921972,0.0798176479969364,0.159635295993873,48108,157168,160760,3593,14
"chr12",109814791,109814898,0.0798129434061834,0.159625886812367,21704,232507,235690,3184,12
"chr11",45093019,45093839,0.0798055235260496,0.159611047052099,14192,173550,178221,4672,6
"chr3",179604458,179604688,-0.0797942582165248,0.15958851643305,63376,155935,160416,4482,15
"chr2",127811489,127811773,-0.0797562443824916,0.159512488764983,50282,125482,149686,24205,9
"chr5",136132661,136132666,0.0797497390694649,0.15949947813893,69667,161303,242129,80827,12
"chr1",45012139,45012162,0.0797490769382871,0.159498153876574,2997,115540,137709,22170,10
"chr2",70768219,70768390,-0.079748286497978,0.159496572995956,48996,6718,8837,2120,18
"chr2",68138767,68138833,0.0797441725545876,0.159488345109175,48891,84993,214430,129438,2
"chr16",57244847,57244963,0.0797427017962275,0.159485403592455,33215,74773,87209,12437,10
"chr1",162497835,162498121,0.0797384535568248,0.15947690711365,6248,30607,31094,488,17
"chr8",78665881,78665988,0.0797381460844166,0.159476292168833,81963,16111,45230,29120,11
"chr19",2945041,2945070,0.0797291702156411,0.159458340431282,41993,296163,297967,1805,8
"chr17",39687011,39687918,0.0797256841152473,0.159451368230495,37066,202201,206644,4444,24
"chr6",37818372,37818469,0.0797194743155706,0.159438948631141,73148,109721,239532,129812,2
"chr7",97872172,97872596,-0.079716722685939,0.159433445371878,78195,183190,185641,2452,11
"chr6",29792977,29792980,0.0797098629765773,0.159419725953155,72228,181908,187744,5837,16
"chr8",41897353,41897410,-0.0797055461751731,0.159411092350346,81392,107868,127560,19693,4
"chr2",37672418,37672810,0.0796973440270795,0.159394688054159,48272,100877,105726,4850,15
"chr17",76711171,76711189,-0.0796957038664942,0.159391407732988,39437,94941,198255,103315,5
"chr6",109381700,109382701,-0.0796337568311032,0.159267513662206,74467,200722,237186,36465,20
"chr13",50909612,50909721,0.0796244005805071,0.159248801161014,23759,108171,113467,5297,9
"chr1",6784973,6785024,0.0796217038354046,0.159243407670809,608,60080,65743,5664,16
"chr3",171901827,171902093,0.0795636349479167,0.159127269895833,63271,221790,233676,11887,3
"chr19",49877974,49878478,-0.0795575647538528,0.159115129507706,46232,3477,12320,8844,35
"chr2",164842130,164842313,0.0795349263028424,0.159069852605685,50766,163333,233882,70550,18
"chr3",9792501,9793437,-0.0795287017589728,0.159057403517946,59177,131421,140360,8940,31
"chr2",213284132,213284138,0.0795248823854654,0.159049764770931,51870,144421,154050,9630,14
"chr12",120445823,120445970,-0.0795206290047347,0.159041258009469,22193,126891,134552,7662,14
"chr11",15114665,15114799,-0.0795190193309101,0.15903803866182,13640,126767,130432,3666,12
"chr19",10195079,10195187,0.0795167314713578,0.159033462942716,42873,16131,57231,41101,9
"chr16",56477496,56477565,-0.0794995148360358,0.158999029672072,33136,245166,309389,64224,2
"chr16",10818642,10818861,0.0794941132126841,0.158988226425368,31770,16569,17487,919,5
"chr3",49020610,49022238,0.0794799174256096,0.158959834851219,60504,97407,100351,2945,35
"chr19",53012613,53012645,0.0794723263587935,0.158944652717587,46594,110771,270247,159477,3
"chr7",94394245,94394557,0.0794396783067506,0.158879356613501,78129,9985,10273,289,12
"chr11",85647716,85647978,0.0794315593159605,0.158863118631921,16444,185550,187800,2251,10
"chr1",156054492,156054883,-0.0794298925433394,0.158859785086679,5673,87770,100118,12349,18
"chr13",91349321,91349705,0.0793982085623959,0.158796417124792,24122,129247,194252,65006,11
"chr3",165196649,165196683,-0.0793708835967978,0.158741767193596,63162,90715,95996,5282,15
"chr12",49794921,49795108,-0.0793656382681003,0.158731276536201,19660,45704,54579,8876,4
"chr8",22995228,22995315,0.0793364368625708,0.158672873725142,80864,189151,221630,32480,6
"chr1",201829093,201829689,-0.0793351645624126,0.158670329124825,7176,67240,95484,28245,17
"chr1",244969704,244969914,0.0793307109377712,0.158661421875542,8699,118757,139185,20429,16
"chr11",123653925,123654954,0.0793302187339078,0.158660437467816,17568,46316,50383,4068,12
"chr19",7629710,7629802,0.0792671943934872,0.158534388786974,42583,139217,192758,53542,14
"chr2",40451478,40451936,-0.0792451513152351,0.15849030263047,48358,160761,160779,19,8
"chr19",1556285,1556533,-0.0792429177694686,0.158485835538937,41789,56219,63517,7299,5
"chr20",58309480,58309947,0.0792303230244025,0.158460646048805,55214,139327,202928,63602,8
"chr10",92291872,92292073,-0.0792280929375739,0.158456185875148,11037,172922,175480,2559,19
"chr8",143734024,143734047,0.0792263411633366,0.158452682326673,83220,176458,182248,5791,15
"chr5",180803146,180804084,0.0528145221443965,0.15844356643319,71316,157549,161171,3623,19
"chr6",30687420,30688753,-0.0792215354026504,0.158443070805301,72357,167615,168721,1107,41
"chr20",35699294,35699774,-0.0792132786901581,0.158426557380316,54277,248501,296269,47769,15
"chr6",32153101,32153745,0.0792079171936062,0.158415834387212,72663,49024,49256,233,77
"chr5",151081054,151081604,-0.0792078891873483,0.158415778374697,70447,97834,120274,22441,15
"chr19",11673699,11673832,-0.0792051132112996,0.158410226422599,43139,196315,198415,2101,9
"chr11",33161562,33161667,0.079189525464101,0.158379050928202,13991,170937,184956,14020,12
"chr8",60911911,60912180,0.0791813966037186,0.158362793207437,81687,174472,279387,104916,3
"chr14",104152104,104152451,-0.0791738042954956,0.158347608590991,27540,73031,209957,136927,2
"chr11",75668579,75668667,0.0791693605848969,0.158338721169794,16235,8568,17656,9089,17
"chr1",1358638,1359697,0.0791523323097638,0.158304664619528,141,39113,39714,602,12
"chr4",148443391,148443548,0.0791464747872224,0.158292949574445,66725,147217,163013,15797,4
"chr16",46689241,46689292,0.079139665445443,0.158279330890886,32854,295499,298632,3134,19
"chr19",10430531,10431524,-0.0791305886369593,0.158261177273919,42925,205339,208363,3025,17
"chr1",84690656,84691816,0.0791292593412683,0.158258518682537,3907,266173,277872,11700,15
"chr17",28712014,28712505,0.0791194738280248,0.15823894765605,36448,83346,85937,2592,16
"chr2",240558558,240558744,0.0791174408453965,0.158234881690793,52891,158040,226162,68123,12
"chr1",193105569,193105647,-0.0791055224163432,0.158211044832686,6989,149619,158261,8643,13
"chr12",54392288,54392527,0.0791020171328549,0.15820403426571,20172,233056,233206,151,3
"chr2",208248388,208248623,0.0790806555357796,0.158161311071559,51803,287584,312034,24451,5
"chr14",51094844,51095928,0.079070994687498,0.158141989374996,25593,96900,100432,3533,22
"chr5",14487894,14488146,-0.0790645612754843,0.158129122550969,67740,34123,39873,5751,2
"chr8",38104979,38105459,0.0790409999492022,0.158081999898404,81254,42717,42878,162,22
"chr21",32392591,32392939,0.0790333894308009,0.158066778861602,55974,120306,194661,74356,12
"chr1",247332516,247332751,0.0790157562564718,0.158031512512944,8764,33069,95832,62764,7
"chr20",33993010,33993736,-0.0790130635541182,0.158026127108236,54133,138677,223195,84519,13
"chr1",1422714,1422729,0.0790056686218526,0.158011337243705,161,141518,144860,3343,3
"chr13",33676848,33677514,0.0790005739685713,0.158001147937143,23352,210740,242888,32149,5
"chr1",173714751,173714881,-0.0789846176863523,0.157969235372705,6567,158572,159725,1154,9
"chr4",158172763,158173812,-0.0789699276104605,0.157939855220921,66899,147524,238143,90620,12
"chr6",89638404,89638590,0.0789582086744862,0.157916417348972,74214,84899,91443,6545,17
"chr8",102864241,102864855,0.0789535818079944,0.157907163615989,82377,171425,181988,10564,16
"chr13",52024039,52024272,0.0789301952014037,0.157860390402807,23824,100887,209723,108837,5
"chr1",63322513,63323262,0.0789148321193769,0.157829664238754,3574,94451,95595,1145,15
"chr1",230843395,230843665,0.0789147079705444,0.157829415941089,8384,149401,309011,159611,2
"chr7",27130933,27131273,-0.0789060753627847,0.157812150725569,76809,13117,14799,1683,22
"chr1",151721484,151721498,-0.0789029227454202,0.15780584549084,5175,33833,66497,32665,14
"chr16",15949368,15949461,0.0788906270315669,0.157781254063134,32014,139109,210061,70953,9
"chr1",40838433,40838483,0.078882129322166,0.157764258644332,2704,15937,132401,116465,3
"chr20",13220284,13221790,0.0788808080281967,0.157761616056393,53591,2813,5788,2976,30
"chr2",223051904,223051921,-0.0788806782217786,0.157761356443557,52272,62788,81291,18504,12
"chr19",19034017,19034096,0.0788668369863917,0.157733673972783,44014,266555,299362,32808,15
"chr4",57109786,57110407,-0.0788382903600827,0.157676580720165,65416,29426,63102,33677,19
"chr6",31833924,31835145,-0.0788360389032612,0.157672077806522,72589,96301,100081,3781,31
"chr1",120176325,120177104,0.078829373476482,0.157658746952964,4851,36008,39037,3030,11
"chr16",54286512,54286760,0.0788167992921811,0.157633598584362,33066,264062,297138,33077,8
"chr1",196608257,196608611,0.0788106390343046,0.157621278068609,7013,7886,89111,81226,6
"chr1",153945810,153946183,0.0788090730278626,0.157618146055725,5406,156691,156989,299,14
"chr22",41285650,41286339,-0.07880082942004,0.15760165884008,58358,15576,55117,39542,17
"chr12",110583373,110583378,-0.0787995498133287,0.157599099626657,21768,183906,205419,21514,8
"chr1",150579876,150580195,0.0787930734644915,0.157586146928983,5045,152505,156070,3566,19
"chr6",33248989,33249838,0.0787827530391134,0.157565506078227,72811,178914,179408,495,39
"chr1",32108039,32108052,-0.0787769884597844,0.157553976919569,2159,90458,115628,25171,10
"chr11",65872904,65873703,-0.0787721339172214,0.157544267834443,15438,46841,50362,3522,12
"chr6",43516635,43517687,0.0787664970441194,0.157532994088239,73480,88723,133882,45160,16
"chr11",13276668,13276749,0.078762237368814,0.157524474737628,13595,114773,115254,482,10
"chr5",146878888,146878983,-0.0787545100908375,0.157509020181675,70216,162549,286887,124339,19
"chr10",25016766,25017436,-0.0787394390504988,0.157478878100998,9526,178170,192186,14017,14
"chr9",130693619,130693696,0.0787339610341839,0.157467922068368,86064,261804,282280,20477,6
"chr20",45972283,45972887,-0.0787264292964067,0.157452858592813,54814,80867,81794,928,15
"chr1",62688616,62688997,0.078708506912069,0.157417013824138,3567,140695,143119,2425,7
"chr1",47232061,47232293,-0.0787044243749294,0.157408848749859,3155,4654,16939,12286,21
"chr7",120858226,120858284,-0.0787040103910293,0.157408020782059,79007,95084,176702,81619,9
"chr8",109643867,109644063,0.0786949717406884,0.157389943481377,82476,109627,133003,23377,7
"chr20",49278800,49278844,-0.0786803824505947,0.157360764901189,54965,295916,297759,1844,14
"chr12",118016177,118016587,-0.0786680991074848,0.15733619821497,22076,186436,193801,7366,13
"chr2",62672411,62672638,-0.0786516209394722,0.157303241878944,48780,149978,236207,86230,2
"chr16",69565330,69566300,0.0786487943038832,0.157297588607766,33734,260312,276539,16228,19
"chr8",17676394,17676461,0.0786408078494408,0.157281615698882,80646,221192,258855,37664,2
"chr19",14979874,14979907,-0.0786309284736885,0.157261856947377,43484,60148,60338,191,12
"chr21",44711607,44711611,0.0786124177626217,0.157224835525243,56575,60748,71765,11018,10
"chr11",67583028,67584137,0.078598006197809,0.157196012395618,15723,93728,100654,6927,10
"chr11",18527048,18527506,0.078591312276063,0.157182624552126,13771,172074,187901,15828,12
"chr1",39883612,39883615,-0.0785730867342265,0.157146173468453,2643,118188,144195,26008,9
"chr21",39445688,39445924,-0.0785650281650894,0.157130056330179,56265,262478,266104,3627,14
"chr17",20938057,20938620,0.0785645461580296,0.157129092316059,36309,83559,134587,51029,7
"chr19",38316206,38316234,0.0785586217664903,0.157117243532981,44732,84012,93011,9000,15
"chr2",75645830,75646696,-0.0785438514517142,0.157087702903428,49220,164390,224731,60342,10
"chr6",42929005,42929021,-0.0785428812011409,0.157085762402282,73368,191261,200707,9447,16
"chr1",154961697,154962258,0.0785242020006755,0.157048404001351,5521,81717,95881,14165,9
"chr18",74147626,74148452,-0.0785213018992339,0.157042603798468,41347,84215,88464,4250,16
"chr7",44490841,44491183,-0.078520202059068,0.157040404118136,77239,189336,222661,33326,12
"chr3",134356692,134356705,0.078515001311216,0.157030002622432,62526,261994,265517,3524,4
"chr5",138331746,138331949,0.078513026417854,0.157026052835708,69744,96033,97629,1597,17
"chr10",22345213,22345270,-0.07850062546382,0.15700125092764,9479,7814,14809,6996,13
"chr4",88523943,88524324,-0.0784880943570583,0.156976188714117,65950,85083,98394,13312,13
"chr19",3606837,3606855,-0.0784832072333752,0.15696641446675,42092,12469,21531,9063,13
"chr7",114413839,114413933,-0.0784797329777585,0.156959465955517,78905,178877,180854,1978,5
"chr5",94111705,94111895,0.0784749744540976,0.156949948908195,68965,36446,37111,666,10
"chr7",16804982,16805228,0.0784699544299488,0.156939908859898,76597,91394,97010,5617,7
"chr17",44005825,44005827,0.0784690042978605,0.156938008595721,37658,88403,97462,9060,20
"chr10",72217032,72217040,-0.0784651103275602,0.15693022065512,10495,7692,8440,749,18
"chr6",144187434,144187548,-0.0784648235884345,0.156929647176869,75227,108746,172437,63692,6
"chr7",151439962,151440106,-0.0784548303958945,0.156909660791789,80057,9410,15786,6377,11
"chr2",186485788,186485983,0.0784491194483302,0.15689823889666,51274,156484,156939,456,13
"chr1",100132822,100133469,0.0784478331823768,0.156895666364754,4215,94713,141565,46853,12
"chr15",100861520,100861832,0.0522979147347634,0.15689374420429,30674,239743,298970,59228,4
"chr16",31073963,31074383,0.078434457283898,0.156868914567796,32739,204220,207422,3203,25
"chr3",187021241,187021811,0.0784300109885255,0.156860021977051,63720,135292,154911,19620,4
"chr15",79431702,79432446,-0.0784287944075832,0.156857588815166,29969,204878,295601,90724,9
"chr6",13614670,13615338,0.0784268812750271,0.156853762550054,71739,87082,100465,13384,13
"chr8",73747727,73748094,0.0784177599009238,0.156835519801848,81898,221822,258098,36277,14
"chr19",12933824,12934263,0.0784123910464956,0.156824782092991,43290,130519,132675,2157,13
"chr10",88582981,88583435,-0.078410824106253,0.156821648212506,10912,110938,119646,8709,15
"chr20",40688075,40689797,0.0783594095530206,0.156718819106041,54496,211445,288414,76970,15
"chr8",9002944,9002955,0.0783575379436567,0.156715075887313,80448,9245,15472,6228,12
"chr7",99499860,99500012,-0.0783378275654576,0.156675655130915,78310,91898,167043,75146,9
"chr6",99993060,99993705,0.0783329749855934,0.156665949971187,74322,200700,219648,18949,16
"chr2",74148006,74148803,-0.078314626326291,0.156629252652582,49126,1807,17492,15686,10
"chr5",177312171,177312546,-0.0783079050354737,0.156615810070947,71054,161253,162555,1303,13
"chr19",46495967,46496017,0.0783061494048047,0.156612298809609,45748,311,1035,725,16
"chr5",132866589,132866915,0.0783009209608453,0.156601841921691,69541,38909,65190,26282,31
"chr2",238060620,238060954,0.078291529845326,0.156583059690652,52762,145312,156026,10715,10
"chr11",67508203,67509429,0.0782690390321997,0.156538078064399,15719,244920,245446,527,19
"chr22",38982230,38982377,0.0782652446243997,0.156530489248799,58164,114443,127580,13138,3
"chr17",42679016,42679331,-0.0782651894800273,0.156530378960055,37501,279718,295060,15343,3
"chr7",2700335,2700526,0.078261049826661,0.156522099653322,76213,43031,108303,65273,5
"chr12",56265746,56265924,-0.0782276600937813,0.156455320187563,20362,267224,309769,42546,4
"chr15",67542392,67543097,0.0782219513607514,0.156443902721503,29384,64228,99333,35106,11
"chr7",31107704,31107727,-0.0782168668912522,0.156433733782504,76958,175159,200796,25638,3
"chr20",47786021,47786122,-0.078216730124745,0.15643346024949,54930,19285,19540,256,17
"chr19",19516448,19516562,0.0781984741041796,0.156396948208359,44074,210356,284187,73832,21
"chr7",156640975,156641953,-0.078178720574578,0.156357441149156,80208,175350,176014,665,16
"chr10",38010314,38010579,0.0781664535726149,0.15633290714523,9762,138281,140371,2091,10
"chr1",27490167,27490270,-0.0781619731800627,0.156323946360125,1920,89898,131072,41175,13
"chr1",20717714,20717828,-0.0781614697756871,0.156322939551374,1410,32690,32843,154,15
"chr5",83076994,83078125,-0.0781452199679492,0.156290439935898,68851,257447,259029,1583,20
"chr12",108195818,108196091,-0.078136185364411,0.156272370728822,21563,223457,264400,40944,2
"chr10",89644110,89645230,0.078136037235217,0.156272074470434,10969,227657,238281,10625,21
"chr2",70553707,70553772,-0.0781270419691687,0.156254083938337,48989,33357,33611,255,19
"chr1",24415620,24416182,0.0781210334354872,0.156242066870974,1664,143936,149575,5640,16
"chr1",111289487,111289645,0.0781190341410433,0.156238068282087,4514,107833,147598,39766,4
"chr16",69356463,69356528,0.0780872586710301,0.15617451734206,33724,72377,234686,162310,4
"chr3",61561534,61561537,0.0780714386703206,0.156142877340641,61190,138411,138771,361,12
"chr1",156601578,156601611,0.0780541575486741,0.156108315097348,5772,147461,152208,4748,9
"chr2",170816476,170816600,-0.0780490179600993,0.156098035920199,50908,34380,61669,27290,9
"chr19",43619774,43620257,0.0780371885949031,0.156074377189806,45398,110897,130605,19709,16
"chr12",110743222,110744288,0.0780370602239548,0.15607412044791,21780,204124,209145,5022,11
"chr16",88866660,88866662,-0.0780248205394171,0.156049641078834,34576,9399,74348,64950,8
"chr8",109539479,109539579,0.0780174715761096,0.156034943152219,82467,92555,111682,19128,23
"chr18",22169207,22169579,-0.0780101895939497,0.156020379187899,40582,13085,29314,16230,9
"chr17",44220611,44221771,-0.0780037254272168,0.156007450854434,37701,205288,209992,4705,9
"chr20",10218562,10218888,0.0779793387689003,0.155958677537801,53546,91571,94521,2951,13
"chr1",1246576,1247044,0.0779750294653044,0.155950058930609,98,29715,32307,2593,5
"chr19",10289088,10289779,-0.0779746897927579,0.155949379585516,42889,119833,294082,174250,9
"chr1",1274293,1275231,0.0779544637190137,0.155908927438027,103,96880,107883,11004,8
"chr6",127518677,127519385,0.077943142812998,0.155886285625996,74838,168859,179578,10720,17
"chr2",118842172,118842426,0.0779429963718715,0.155885992743743,50105,16364,105574,89211,8
"chr10",75402993,75403005,0.0779277957251992,0.155855591450398,10667,66338,68022,1685,15
"chr2",85867763,85868185,0.0779069795842468,0.155813959168494,49362,164083,166184,2102,5
"chr2",200510314,200510477,0.0779065180671273,0.155813036134255,51521,160336,221265,60930,11
"chr11",842140,842945,-0.0778990796847087,0.155798159369417,12738,78652,289360,210709,13
"chr12",57752491,57752648,0.0778790800996676,0.155758160199335,20626,197910,198239,330,20
"chr5",148383737,148383740,0.0778532643326625,0.155706528665325,70265,154580,269263,114684,13
"chr22",40552233,40552356,0.0778472003659457,0.155694400731891,58294,231838,311009,79172,2
"chr1",9610610,9610671,0.0778375398211519,0.155675079642304,719,119638,124873,5236,3
"chr1",236551749,236551769,-0.0778336697614205,0.155667339522841,8556,253194,272909,19716,2
"chr1",36149425,36149845,0.0778237150114145,0.155647430022829,2425,93900,98615,4716,13
"chr4",5568518,5568579,-0.0778216944003979,0.155643388800796,64504,143089,144198,1110,4
"chr2",96324742,96325024,-0.0778203868430248,0.15564077368605,49519,158678,224736,66059,16
"chr2",240625056,240625196,0.0778066792086954,0.155613358417391,52917,270265,270704,440,8
"chr9",132670244,132671252,0.0777998367869028,0.155599673573806,86193,101237,164585,63349,17
"chr2",70086163,70088352,0.0777994602476284,0.155598920495257,48963,129017,132717,3701,19
"chr1",1308440,1309206,-0.0777808280483254,0.155561656096651,119,66217,70561,4345,24
"chr6",31143311,31143381,-0.077775866549001,0.155551733098002,72441,13527,44723,31197,3
"chr3",49020818,49021153,0.0777653512916808,0.155530702583362,60504,143903,149548,5646,35
"chr15",56701032,56701175,0.077761203765731,0.155522407531462,28963,253095,263182,10088,2
"chr2",61888216,61888555,-0.0777586465640535,0.155517293128107,48768,163350,237293,73944,10
"chr1",216723519,216723521,0.0777563502175167,0.155512700435033,7897,163821,164933,1113,10
"chr1",247548808,247549075,0.0777395283958535,0.155479056791707,8787,152059,156652,4594,9
"chr1",85202108,85202268,-0.077730807434926,0.155461614869852,3922,104426,132681,28256,12
"chr2",222300148,222300206,-0.0777302945556159,0.155460589111232,52247,9176,18586,9411,8
"chr22",50085332,50085372,-0.0777189235654392,0.155437847130878,58875,138957,198330,59374,16
"chr3",171900540,171900746,-0.0777175108186761,0.155435021637352,63270,1961,116994,115034,5
"chr3",18420873,18420952,0.0777101656032808,0.155420331206562,59580,277247,300368,23122,2
"chr19",18001231,18001233,0.0777019420371007,0.155403884074201,43856,24025,27525,3501,9
"chr1",74234852,74235278,0.0776944425951204,0.155388885190241,3748,258587,259392,806,5
"chr6",31835941,31836382,0.0776941486193214,0.155388297238643,72590,170096,174927,4832,8
"chr3",48634974,48636018,-0.0776842124586666,0.155368424917333,60450,39984,138041,98058,14
"chr6",139027983,139028544,-0.0776587431203383,0.155317486240677,75142,135241,167536,32296,11
"chr4",40190324,40190926,-0.077651966888958,0.155303933777916,65077,235492,244460,8969,8
"chr15",42166635,42166882,-0.0776496559330286,0.155299311866057,28465,275884,278413,2530,2
"chr7",143409817,143410189,-0.077636597983759,0.155273195967518,79728,237415,241379,3965,12
"chr1",236686666,236686694,0.0776171010717724,0.155234202143545,8560,10793,15714,4922,6
"chr9",1050015,1050550,0.077614226723752,0.155228453447504,83493,222883,245425,22543,23
"chr6",31728521,31729075,0.0776055199303191,0.155211039860638,72559,195264,200733,5470,50
"chr2",154697618,154698176,0.0776000115466852,0.15520002309337,50612,8428,29625,21198,16
"chr14",23071526,23071683,0.0775982362197694,0.155196472439539,25016,194159,194434,276,9
"chr6",150599349,150599397,0.077585248033772,0.155170496067544,75361,115150,118543,3394,5
"chr16",229346,230047,0.0775840022179386,0.155168004435877,30765,63240,92194,28955,10
"chr18",712737,713085,0.0775816482352849,0.15516329647057,40243,111690,199109,87420,9
"chr13",27969370,27969385,-0.0775795985834673,0.155159197166935,23166,17920,18612,693,11
"chr3",49869864,49870035,-0.0775673174204941,0.155134634840988,60639,1338,14291,12954,9
"chr19",47264618,47264814,-0.0775546083421967,0.155109216684393,45826,52104,53440,1337,2
"chr9",128881986,128882260,-0.0775423193539783,0.155084638707957,85921,63832,64715,884,14
"chr15",45129551,45129662,-0.0775332719489291,0.155066543897858,28654,75376,90034,14659,18
"chr20",57560559,57561111,0.077511193165034,0.155022386330068,55189,197054,201023,3970,9
"chr11",85854432,85854887,0.0775105676572545,0.155021135314509,16463,166957,172225,5269,15
"chr16",70473191,70473201,0.0775105150850864,0.155021030170173,33788,53855,77478,23624,3
"chr2",60881196,60881867,-0.0775086571613869,0.155017314322774,48729,158027,164404,6378,13
"chr9",74497137,74497287,-0.0775034187442298,0.15500683748846,84391,46555,59700,13146,8
"chr6",43770907,43771232,0.0774979563015968,0.154995912603194,73510,269303,273287,3985,21
"chr19",7910489,7910527,0.0774881244859388,0.154976248971878,42641,224682,225281,600,4
"chr1",32291892,32291945,0.0774538017853813,0.154907603570763,2192,39539,93564,54026,9
"chr10",73167655,73167995,-0.0774464994143584,0.154892998828717,10537,176289,183303,7015,16
"chr1",1051514,1051810,-0.0774457171344616,0.154891434268923,48,153078,251971,98894,4
"chr7",107168679,107168879,0.0774419771306663,0.154883954261333,78801,131723,174768,43046,11
"chr4",140427862,140427878,-0.0774404637816043,0.154880927563209,66594,145633,154184,8552,15
"chr19",32674593,32674656,-0.0774293935256273,0.154858787051255,44279,52685,73056,20372,5
"chr2",45652171,45652373,-0.0774057110897038,0.154811422179408,48468,225223,273464,48242,10
"chr4",8366759,8366874,-0.0774054142385277,0.154810828477055,64661,161411,162938,1528,4
"chr19",12610793,12610983,0.0773951865160872,0.154790373032174,43201,246351,291807,45457,15
"chr11",9139216,9139591,0.0773951360543883,0.154790272108777,13451,215588,224387,8800,3
"chr1",203127442,203127771,0.0773858678371062,0.154771735674212,7302,39571,109429,69859,9
"chr16",88707271,88707788,-0.0773702412900415,0.154740482580083,34536,223428,290388,66961,4
"chr16",85902222,85902536,0.0773693850450108,0.154738770090022,34383,235873,239154,3282,9
"chr1",93447920,93447933,0.0773678584960009,0.154735716992002,4099,39565,67461,27897,9
"chr8",144502902,144503766,0.0773622487661325,0.154724497532265,83410,167282,169742,2461,19
"chr16",87601604,87602051,0.0773607452607984,0.154721490521597,34445,194720,208783,14064,8
"chr12",110340811,110340860,0.0773601747329971,0.154720349465994,21743,57299,202453,145155,2
"chr10",123135529,123135945,-0.0773431822893686,0.154686364578737,12175,50502,112575,62074,12
"chr3",184248846,184250146,-0.0773335517750922,0.154667103550184,63542,153751,154167,417,23
"chr21",36460928,36461134,-0.077333448945803,0.154666897891606,56151,132983,210727,77745,3
"chr1",212858033,212858647,0.0773284456763441,0.154656891352688,7828,147415,155204,7790,13
"chr19",54938071,54938078,-0.0773254014201373,0.154650802840275,46845,102587,207664,105078,3
"chr10",74150828,74151079,0.0773244692769805,0.154648938553961,10626,192682,230755,38074,19
"chr11",66843249,66843276,0.0772938199982188,0.154587639996438,15596,43236,47618,4383,13
"chr10",103396219,103396933,0.0772739437494334,0.154547887498867,11644,246851,265088,18238,22
"chr2",224401939,224402084,0.0772635969922212,0.154527193984442,52295,100131,113576,13446,14
"chr3",26622394,26622817,0.0772587650855425,0.154517530171085,59664,116127,118211,2085,14
"chr1",1331813,1333089,-0.0772476950139611,0.154495390027922,131,36408,82604,46197,17
"chr15",82985772,82985855,0.0772446040964722,0.154489208192944,30100,211141,292722,81582,11
"chr2",186694068,186694256,-0.0772442736638827,0.154488547327765,51283,426,6793,6368,9
"chr4",86935276,86936261,0.0772353149425872,0.154470629885174,65890,157483,161577,4095,16
"chr2",144332589,144332706,-0.0772292953636836,0.154458590727367,50496,23337,30184,6848,10
"chr15",49155378,49155731,-0.0772292757190221,0.154458551438044,28754,199205,202513,3309,17
"chr16",14630139,14630366,0.0772259683241121,0.154451936648224,31940,60227,118402,58176,7
"chr9",136118648,136119075,-0.0772172500655297,0.154434500131059,86457,40893,61594,20702,5
"chr16",22374334,22375210,-0.077210385507447,0.154420771014894,32222,85925,99844,13920,12
"chr12",6689791,6689970,0.0772083742246875,0.154416748449375,18354,192876,205097,12222,18
"chr19",40749539,40750818,-0.0772071179384323,0.154414235876865,45099,102665,107281,4617,22
"chr3",50358821,50359743,0.0772048712160684,0.154409742432137,60719,143781,152612,8832,14
"chr2",191682500,191682520,0.0772044585074819,0.154408917014964,51391,84875,282017,197143,3
"chr10",101353906,101354013,0.0772008482545163,0.154401696509033,11479,256632,278284,21653,8
"chr7",28957521,28958309,0.0771923421709527,0.154384684341905,76872,110772,115452,4681,33
"chr4",169612467,169612732,-0.0514383370730509,0.154315011219153,67027,65172,118443,53272,18
"chr3",49276937,49277200,-0.0771559083189089,0.154311816637818,60558,39755,94880,55126,15
"chr6",7313081,7313495,-0.0771499312220267,0.154299862444053,71586,88437,171752,83316,10
"chr7",39733435,39733692,0.0771430272358259,0.154286054471652,77118,110770,137747,26978,11
"chr19",32691620,32691718,-0.0771410103903697,0.154282020780739,44283,116905,201937,85033,9
"chr4",6574881,6575032,0.0771354307200171,0.154270861440034,64553,105440,163010,57571,6
"chr15",96330802,96330823,0.0771192902844689,0.154238580568938,30558,76725,90438,13714,10
"chr17",47649308,47650232,0.0771187783135843,0.154237556627169,37933,88827,97019,8193,18
"chr21",33542131,33542855,0.0771130304887296,0.154226060977459,56042,19616,53028,33413,29
"chr1",10430287,10430580,0.0771122533828335,0.154224506765667,784,139405,144680,5276,24
"chr16",20899734,20900703,-0.0771122398525439,0.154224479705088,32139,273426,273811,386,23
"chr11",64352841,64353184,-0.0770930939013796,0.154186187802759,15142,890,41663,40774,4
"chr2",219562584,219562620,-0.0770758189304444,0.154151637860889,52217,4635,146979,142345,4
"chr20",41618556,41618606,-0.0770730251461997,0.154146050292399,54554,194268,208290,14023,13
"chr7",27185857,27186529,0.0770689263353462,0.154137852670692,76827,193301,200850,7550,40
"chr1",114780706,114780812,0.0770679039940233,0.154135807988047,4676,95985,152442,56458,7
"chr12",53984479,53985003,-0.0770635714509667,0.154127142901933,20113,10677,13348,2672,24
"chr9",127396989,127397065,-0.0770581681287544,0.154116336257509,85697,102560,221074,118515,8
"chr20",47353422,47353564,-0.0770457727593514,0.154091545518703,54903,259118,273912,14795,3
"chr6",89412650,89412739,0.0770423516213856,0.154084703242771,74202,177642,182695,5054,11
"chr15",90244335,90244346,0.0770413348358761,0.154082669671752,30394,84952,225291,140340,4
"chr8",102655862,102655876,0.0770395467749446,0.154079093549889,82366,40566,45633,5068,15
"chr7",35695181,35695677,0.0770283366392458,0.154056673278492,77030,119890,139243,19354,18
"chr19",37467095,37467551,-0.0770139258529135,0.154027851705827,44686,85617,86617,1001,14
"chr5",166978480,166978671,-0.0770050562937584,0.154010112587517,70717,108518,151596,43079,6
"chr19",36054731,36055389,0.0770023245192909,0.154004649038582,44601,203708,206651,2944,18
"chr2",81466998,81467075,0.0769836846524899,0.15396736930498,49262,225278,238316,13039,8
"chr10",75029456,75029553,0.0769664735579847,0.153932947115969,10641,168155,170234,2080,3
"chr7",70789824,70791017,0.0769568059957214,0.153913611991443,77649,125401,176358,50958,7
"chr17",5035391,5035750,-0.0769550936962804,0.153910187392561,35306,13888,65421,51534,7
"chr1",20553885,20554170,-0.0769497146787769,0.153899429357554,1394,141958,144842,2885,4
"chr19",18086889,18087801,-0.0769404967789864,0.153880993557973,43866,207409,208634,1226,8
"chr1",90851165,90851444,0.0769385074460821,0.153877014892164,4033,158796,164055,5260,10
"chr2",237056277,237056707,-0.0769367487071521,0.153873497414304,52715,154809,157152,2344,5
"chr2",229271032,229271434,0.0769348012315365,0.153869602463073,52385,155283,157661,2379,10
"chr12",75330067,75330945,-0.0769274745453201,0.15385494909064,20969,175493,180752,5260,15
"chr19",10713003,10713192,-0.0769239844717944,0.153847968943589,42982,15750,82502,66753,4
"chr19",35039350,35041193,0.0769182904923806,0.153836580984761,44402,74861,75504,644,16
"chr16",85026356,85027216,0.0768761826524112,0.153752365304822,34339,116707,223734,107028,9
"chr3",184337113,184337335,-0.0768750801459822,0.153750160291964,63561,143085,162458,19374,6
"chr3",149086690,149086933,-0.0768699482938172,0.153739896587634,62830,143974,146422,2449,31
"chr3",37243068,37243189,0.0768615943714757,0.153723188742951,59839,82976,85742,2767,15
"chr19",57584227,57584291,-0.0768612217837478,0.153722443567496,47123,16592,18697,2106,11
"chr7",2518797,2519257,0.0768577644819267,0.153715528963853,76182,16480,178724,162245,7
"chr5",135653970,135655117,-0.0768544877075072,0.153708975415014,69646,143997,154986,10990,7
"chr2",172555171,172555591,0.0768522142993388,0.153704428598678,50972,146144,214270,68127,14
"chr1",206117831,206118089,-0.0768458749431294,0.153691749886259,7559,97091,121436,24346,8
"chr8",66613201,66614035,-0.0768451090742414,0.153690218148483,81782,86243,107741,21499,10
"chr2",130343890,130343959,-0.0768440870816946,0.153688174163389,50325,102746,278628,175883,3
"chr20",56411832,56412199,-0.0768163116776082,0.153632623355216,55149,211409,259394,47986,10
"chr1",150066924,150067537,0.0767883442299101,0.15357668845982,4994,61820,84201,22382,15
"chr9",35672509,35672757,0.0767437715559083,0.153487543111817,84119,227840,256586,28747,2
"chr1",89821719,89821964,0.0767424541874396,0.153484908374879,4023,88392,98657,10266,17
"chr2",202634588,202635079,0.0767373974594249,0.15347479491885,51645,103102,126741,23640,12
"chr11",64166101,64166526,-0.0767371501396999,0.1534743002794,15092,93197,139041,45845,11
"chr17",7336399,7336502,0.0767313451922462,0.153462690384492,35511,195088,197431,2344,8
"chr2",176079186,176079714,-0.0767298004243167,0.153459600848633,51060,10618,109827,99210,6
"chr14",23414983,23414987,0.0767244145580915,0.153448829116183,25062,230939,240958,10020,3
"chr5",69491869,69492286,0.0767224696789208,0.153444939357842,68559,164996,165386,391,13
"chr16",1781698,1782655,0.0767203288100775,0.153440657620155,31085,140310,192950,52641,25
"chr13",46052140,46052869,0.0767160803616587,0.153432160723317,23611,195686,198393,2708,16
"chr12",108514866,108514968,0.076685863545227,0.153371727090454,21574,169398,174145,4748,9
"chr1",66534102,66534130,0.0766745704695632,0.153349140939126,3649,32736,64128,31393,19
"chr16",71626119,71626125,0.0766709840114887,0.153341968022977,33863,280,17634,17355,11
"chr2",56183165,56183698,0.0766621658834903,0.153324331766981,48691,106525,130052,23528,18
"chr9",37034648,37034665,-0.0766551406709697,0.153310281341939,84204,16499,63176,46678,13
"chr12",112012752,112013373,-0.0766436375233165,0.153287275046633,21838,138310,292723,154414,11
"chr1",4772292,4772320,-0.0766380036103392,0.153276007220678,470,38741,146803,108063,3
"chr1",111448262,111449551,0.0766347798552084,0.153269559710417,4528,95395,117025,21631,21
"chr6",70957948,70958075,0.0766011099380735,0.153202219876147,73918,228520,229290,771,3
"chr1",23484323,23484378,-0.0765927033060024,0.153185406612005,1590,27249,79146,51898,10
"chr20",45405758,45406101,0.076590301807271,0.153180603614542,54739,239395,253185,13791,16
"chr1",35631658,35631690,0.0765856589476256,0.153171317895251,2383,109120,259182,150063,2
"chr1",202861367,202861588,0.0765850428186992,0.153170085637398,7270,35339,36904,1566,8
"chr7",97020859,97021011,0.0765813332844341,0.153162666568868,78187,49468,93852,44385,5
"chr17",50691170,50691394,0.076574582486307,0.153149164972614,38268,195735,288568,92834,2
"chr4",54277390,54277899,0.0765675990248826,0.153135198049765,65312,138338,304420,166083,5
"chr1",19251504,19252267,0.0765492398994207,0.153098479798841,1297,124595,137734,13140,17
"chr11",66616490,66617006,0.0765489709798721,0.153097941959744,15563,188362,255918,67557,12
"chr11",108221980,108222493,0.0765480973582121,0.153096194716424,16804,92991,96783,3793,44
"chr1",53838585,53838719,-0.0765471189209518,0.153094237841904,3354,143239,151024,7786,14
"chr6",31897309,31899048,0.0765366407776348,0.15307328155527,72607,90589,105401,14813,37
"chr17",69414327,69414854,0.0765356168926764,0.153071233785353,38959,278393,295505,17113,11
"chr15",79090465,79091071,-0.0765326515910584,0.153065303182117,29952,96603,109224,12622,23
"chr5",172006806,172007492,-0.0765107832619421,0.153021566523884,70842,220650,257187,36538,12
"chr17",28726129,28726197,-0.0765080821124537,0.153016164224907,36456,138735,218788,80054,13
"chr7",100119412,100119591,-0.0764990814368543,0.152998162873709,78383,265498,272355,6858,25
"chr1",154870291,154870574,0.0764866445695793,0.152973289139159,5510,17236,37535,20300,10
"chr16",29746013,29746054,0.0764861484689905,0.152972296937981,32504,83783,87580,3798,12
"chr19",11454576,11454868,-0.07648406761908,0.15296813523816,43109,17721,73925,56205,4
"chr5",139561109,139561635,0.0764770471806964,0.152954094361393,69826,29491,64580,35090,9
"chr19",52189580,52189680,0.076467123266593,0.152934246533186,46542,245476,250056,4581,15
"chr5",34043376,34044622,-0.076441486881545,0.15288297376309,67944,109246,122948,13703,12
"chr13",113490845,113490863,0.0764379035550721,0.152875807110144,24669,20174,22138,1965,6
"chr7",193229,193580,-0.0764313875101413,0.152862775020283,75956,46773,110211,63439,5
"chr4",48906824,48906832,0.076421880983528,0.152843761967056,65243,154628,157887,3260,10
"chr16",84294732,84295113,0.0764200211069974,0.152840042213995,34293,92076,194021,101946,11
"chr20",49188424,49188599,0.0764161202225805,0.152832240445161,54956,201567,203745,2179,8
"chr6",73394871,73395147,-0.0764045957110914,0.152809191422183,73969,15464,18265,2802,17
"chr5",140547198,140547573,0.0763988573029282,0.152797714605856,69884,161679,247359,85681,12
"chr5",33984422,33984676,-0.0763864233581371,0.152772846716274,67938,159519,219809,60291,11
"chr3",50611515,50611721,0.0763571372545529,0.152714274509106,60740,69210,92208,22999,18
"chr19",45692581,45692707,0.0763204686544565,0.152640937308913,45649,99225,101775,2551,19
"chr6",31739825,31740501,0.076318435279312,0.152636870558624,72563,101995,110655,8661,34
"chr9",35812222,35812682,0.0763104833036284,0.152620966607257,84159,186090,220710,34621,9
"chr11",125111684,125112016,0.0762910464403584,0.152582092880717,17666,136989,137972,984,13
"chr12",57127372,57128084,0.0762887604018453,0.152577520803691,20483,85680,92947,7268,18
"chr13",23418877,23418960,0.0762484684185261,0.152496936837052,23031,208525,210495,1971,4
"chr17",81512789,81512961,-0.076245012319637,0.152490024639274,39937,53477,54066,590,13
"chr1",13585378,13585469,0.0762430555100224,0.152486111020045,973,122638,129786,7149,24
"chr11",62727584,62727972,-0.0762425189033129,0.152485037806626,14975,263591,275360,11770,20
"chr8",104223037,104223318,-0.0762380937873518,0.152476187574704,82406,238078,278491,40414,8
"chr5",40798295,40798581,-0.0762376299966926,0.152475259993385,68119,32976,64787,31812,14
"chr6",157324239,157324316,-0.0762279492757845,0.152455898551569,75534,133725,167822,34098,11
"chr12",49389289,49389409,-0.0762104987840173,0.152420997568035,19619,43332,56446,13115,4
"chr19",42081043,42081305,0.0762063559674857,0.152412711934971,45247,134639,195355,60717,9
"chr21",42315302,42315650,-0.0762041042311645,0.152408208462329,56411,201490,255656,54167,8
"chr4",163332786,163332955,0.0762032624111687,0.152406524822337,66947,119902,120282,381,14
"chr19",57746234,57746734,-0.0761819310762425,0.152363862152485,47148,242417,268807,26391,10
"chr6",31972406,31972836,0.0761732503711065,0.152346500742213,72629,175923,176120,198,104
"chr2",105850954,105851625,0.0761596624905129,0.152319324981026,49849,246702,247601,900,10
"chr20",63567803,63567837,0.0761485660559471,0.152297132111894,55566,107937,109573,1637,6
"chr6",32153086,32153778,0.0761460427876575,0.152292085575315,72663,45218,45928,711,77
"chr19",47515622,47516354,-0.0761448028174673,0.152289605634935,45865,228752,256529,27778,14
"chr4",51842543,51843190,0.0761359193388451,0.15227183867769,65249,87031,97906,10876,16
"chr16",90030048,90030137,0.0761319468810453,0.152263893762091,34787,203441,239033,35593,4
"chr19",36916047,36916382,-0.0761238827309736,0.152247765461947,44664,207303,216344,9042,16
"chr14",52313668,52314466,0.0761185993787419,0.152237198757484,25630,212276,217682,5407,14
"chr8",41310667,41310817,0.0761151087791872,0.152230217558374,81357,173554,174056,503,22
"chr7",90596162,90596464,-0.0761112528983812,0.152222505796762,78032,10966,14956,3991,17
"chr12",102478825,102478930,0.0760978617107958,0.152195723421592,21415,195474,208586,13113,5
"chr10",103367858,103367875,0.0760893697634437,0.152178739526887,11638,101294,185088,83795,7
"chr1",46340353,46341591,0.0760885655780844,0.152177131156169,3082,109847,112594,2748,20
"chr6",44223398,44223685,-0.0760816854725941,0.152163370945188,73548,125827,140569,14743,16
"chr20",63706883,63709312,-0.0760800490822353,0.152160098164471,55592,86608,89817,3210,26
"chr1",247548838,247548937,-0.0760786556075564,0.152157311215113,8787,164053,165330,1278,9
"chr14",58297665,58298086,0.0760782279904826,0.152156455980965,25762,203170,205150,1981,17
"chr1",115338229,115338418,0.0760630514602673,0.152126102920535,4686,121949,122107,159,9
"chr9",37904327,37904469,-0.0760385888725606,0.152077177745121,84247,124220,234583,110364,6
"chr12",48105555,48105692,0.0760234562679864,0.152046912535973,19457,139298,169307,30010,25
"chr18",67516115,67516508,-0.0760129891773414,0.152025978354683,41297,52872,76652,23781,3
"chr17",50546530,50547032,-0.0760128753671131,0.152025750734226,38236,211515,246289,34775,11
"chr17",7462901,7462910,0.0760068574065298,0.15201371481306,35547,53650,104019,50370,5
"chr1",155173826,155174464,-0.0760051402556286,0.152010280511257,5568,150217,153493,3277,27
"chr11",123654529,123655006,-0.0760031348995473,0.152006269799095,17568,139915,187084,47170,12
"chr14",64294552,64294691,-0.0759886774155233,0.151977354831047,25951,273184,298783,25600,12
"chr7",1459585,1460540,0.0759845543379521,0.151969108675904,76069,170534,177668,7135,12
"chr7",28685849,28685849,0.0759820901624269,0.151964180324854,76865,84590,84955,366,9
"chr3",143848538,143849352,0.0759522506865786,0.151904501373157,62777,256995,266493,9499,7
"chr6",158649962,158649976,-0.0759502836085473,0.151900567217095,75586,182263,190496,8234,10
"chr3",48918385,48918747,0.0759428593042613,0.151885718608523,60484,153072,155661,2590,20
"chr18",23689116,23689282,0.0759312722659757,0.151862544531951,40623,202863,237401,34539,8
"chr3",48504444,48504602,-0.0759185706688526,0.151837141337705,60411,233855,241295,7441,12
"chr16",72664501,72664997,0.0759133219319338,0.151826643863868,33931,83547,127299,43753,12
"chr3",194633693,194633704,-0.0759082415446719,0.151816483089344,63934,88321,128869,40549,13
"chr5",154857813,154857870,0.0759078967430794,0.151815793486159,70549,148043,153278,5236,17
"chr4",80265641,80267251,-0.0759069121956108,0.151813824391222,65777,143683,144656,974,17
"chr14",61694865,61695130,0.0759019948024137,0.151803989604827,25871,98885,130139,31255,13
"chr10",72692006,72692904,0.0758920437088984,0.151784087417797,10516,114741,121626,6886,15
"chr20",64047902,64048282,-0.075891379617601,0.151782759235202,55663,11529,113777,102249,3
"chr2",176083377,176084031,0.0758847056931209,0.151769411386242,51062,12127,79531,67405,7
"chr12",42483738,42483743,-0.0758786221746385,0.151757244349277,19332,28704,70895,42192,15
"chr12",53220007,53220325,0.0758750856481036,0.151750171296207,20023,80592,119001,38410,14
"chr15",28111421,28111664,-0.0758636555563602,0.15172731111272,27957,201223,293335,92113,3
"chr4",110616414,110616751,0.0758616812722572,0.151723362544514,66233,161427,161592,166,2
"chr6",42048648,42048746,0.0758367136345058,0.151673427269012,73313,64364,138239,73876,10
"chr11",60515480,60515499,0.0758311863909938,0.151662372781988,14741,41515,134700,93186,12
"chr7",84195301,84195655,0.0758219630584092,0.151643926116818,77944,269257,278443,9187,10
"chr19",4182524,4182609,-0.0758123022353607,0.151624604470721,42195,28447,51450,23004,11
"chr15",55743002,55743173,-0.0758037878667807,0.151607575733561,28940,8222,56492,48271,7
"chr14",105470262,105470630,0.0757934651788911,0.151586930357782,27696,60342,75833,15492,6
"chr1",161121892,161122421,-0.0757681882289756,0.151536376457951,6138,166415,289922,123508,3
"chr3",46407429,46407472,-0.0757605660316996,0.151521132063399,60234,5670,31347,25678,18
"chr11",119168721,119168731,0.075755697785428,0.151511395570856,17349,88452,101633,13182,12
"chr4",186723905,186724531,-0.0757536389637999,0.1515072779276,67345,27121,29905,2785,12
"chr7",139340235,139340277,0.0757487798580252,0.15149755971605,79514,253350,255671,2322,24
"chr7",24283642,24283940,0.0757446906211983,0.151489381242397,76737,81472,108979,27508,9
"chr6",30556560,30556667,-0.0757356194297883,0.151471238859577,72319,235194,275643,40450,67
"chr10",24207667,24208038,0.0757268310151934,0.151453662030387,9506,234731,236580,1850,5
"chr9",69428721,69429096,-0.0757224860960433,0.151444972192087,84323,222773,224394,1622,5
"chr12",80937707,80938320,-0.0757074782699974,0.151414956539995,21059,209050,218023,8974,21
"chr1",156892222,156892321,-0.0756978348187095,0.151395669637419,5829,159377,283338,123962,5
"chr2",189783427,189783843,-0.075696722671244,0.151393445342488,51330,255903,260459,4557,21
"chr20",1186014,1186416,-0.075685786808543,0.151371573617086,53184,229983,304920,74938,4
"chr11",111284101,111284209,0.0756679638047636,0.151335927609527,16885,42670,45539,2870,3
"chr6",148509076,148509302,-0.0756675435817639,0.151335087163528,75282,285072,287336,2265,4
"chr19",19211831,19211969,-0.075655472249679,0.151310944499358,44040,76955,114493,37539,8
"chr9",129027969,129028615,0.0756417421057186,0.151283484211437,85939,102699,172432,69734,9
"chr11",236565,236776,-0.0756295638582911,0.151259127716582,12592,272055,291268,19214,20
"chr12",63150650,63150972,0.0756290522233669,0.151258104446734,20691,14867,18352,3486,18
"chr16",81779114,81779133,0.0756197966059592,0.151239593211918,34172,104266,107301,3036,8
"chr6",30325122,30326393,0.0756180131673709,0.151236026334742,72302,133268,161190,27923,42
"chr3",136195703,136195933,0.0756088607720139,0.151217721544028,62559,21800,29337,7538,26
"chr6",57221545,57222486,0.075606404222221,0.151212808444442,73858,252937,256887,3951,20
"chr6",53666252,53666404,0.0755887898677956,0.151177579735591,73788,233956,259912,25957,10
"chr15",83446681,83447145,0.0755849951416274,0.151169990283255,30118,192640,198032,5393,12
"chr14",77498780,77498970,-0.0755784392963303,0.151156878592661,26591,56002,57283,1282,8
"chr7",13990630,13991341,0.0755721884505838,0.151144376901168,76566,182839,187458,4620,34
"chr4",107824411,107824580,0.0755721020503595,0.151144204100719,66159,268833,283472,14640,16
"chr17",81082317,81083692,-0.0755657416301069,0.151131483260214,39866,289967,293292,3326,8
"chr2",105242273,105242404,-0.0755617016818352,0.15112340336367,49831,1907,4282,2376,17
"chr2",27663329,27664274,-0.0755504230406123,0.151100846081225,48046,222752,236928,14177,23
"chr4",158805520,158805960,0.0755466976430953,0.151093395286191,66918,226296,251847,25552,4
"chr12",92145845,92146037,-0.0755324235244082,0.151064847048816,21173,209172,247845,38674,19
"chr17",40867272,40867542,-0.0755253466415634,0.151050693283127,37235,62775,193919,131145,3
"chr16",88703753,88703953,-0.0755239645650281,0.151047929130056,34534,266864,270762,3899,12
"chr19",5621961,5623080,-0.0755070905875093,0.151014181175019,42361,203996,226384,22389,18
"chr11",108008675,108009211,-0.0755022007166704,0.151004401433341,16796,65535,89587,24053,13
"chr19",10121025,10121035,0.0754996011206461,0.150999202241292,42865,302658,303527,870,5
"chr6",44246947,44248026,0.075492780876588,0.150985561753176,73551,183726,188767,5042,23
"chr3",184711846,184711972,0.0754620593772627,0.150924118754525,63596,97060,132208,35149,13
"chr10",99532720,99532750,0.0754470919527157,0.150894183905431,11343,81752,82188,437,11
"chr6",10415057,10415434,0.075440156590046,0.150880313180092,71637,42178,42180,3,20
"chr6",33323195,33323529,0.0754384526016788,0.150876905203358,72834,43426,44779,1354,36
"chr14",49598338,49599252,0.0754378471988007,0.150875694397601,25503,74143,80976,6834,15
"chr11",14972367,14973275,-0.0754211722196318,0.150842344439264,13632,17018,46325,29308,35
"chr2",176188564,176189578,0.0754142031659431,0.150828406331886,51095,13879,38969,25091,21
"chr11",134253448,134254091,0.0754069290694626,0.150813858138925,17954,174119,203106,28988,12
"chr12",49337017,49338208,0.0754064966750058,0.150812993350012,19614,114107,125221,11115,12
"chr5",150000566,150001910,-0.0754008158005871,0.150801631601174,70341,162602,162764,163,22
"chr19",41353254,41353650,0.0753951291952275,0.150790258390455,45152,90169,105349,15181,10
"chr1",247111152,247111475,0.0753822906927241,0.150764581385448,8753,29735,103872,74138,4
"chr14",64387648,64387854,0.0753655323983105,0.150731064796621,25956,54232,55374,1143,13
"chr1",3752378,3752608,-0.0753554465240011,0.150710893048002,432,88562,94542,5981,4
"chr12",89352641,89352994,-0.0753462196243452,0.15069243924869,21131,101164,129644,28481,23
"chr7",100493741,100494163,-0.0753427457030693,0.150685491406139,78453,50322,172530,122209,4
"chr6",109978282,109979370,0.0753323792211419,0.150664758442284,74499,4731,10520,5790,9
"chr12",25032311,25032369,0.0753309655357449,0.15066193107149,19069,220294,237671,17378,2
"chr22",19524561,19525653,0.075330480232679,0.150660960465358,56922,210768,295571,84804,15
"chr22",17220294,17220730,0.0752984356156905,0.150596871231381,56802,254703,257743,3041,4
"chr1",2050377,2050386,0.0752784631214031,0.150556926242806,257,16208,16976,769,8
"chr7",151057951,151058156,-0.0752774967632857,0.150554993526571,79995,13037,20552,7516,36
"chr7",98878186,98878278,-0.0752736559284251,0.15054731185685,78238,92009,167393,75385,7
"chr5",71455389,71455582,0.0752711266538372,0.150542253307674,68572,82763,142205,59443,8
"chr19",11435071,11435088,0.0752639442250822,0.150527888450164,43102,266055,270096,4042,28
"chr11",65333677,65333685,-0.0752457668778388,0.150491533755678,15308,50141,63621,13481,4
"chr4",153152219,153152969,0.0752445541240089,0.150489108248018,66807,142782,143169,388,14
"chr1",27935179,27935195,0.0752434404120493,0.150486880824099,1963,158537,159962,1426,6
"chr11",55636939,55637138,-0.0752309590898189,0.150461918179638,14461,262572,269570,6999,2
"chr16",66508221,66508298,-0.0752188575211688,0.150437715042338,33389,249640,265562,15923,3
"chr18",7229728,7229765,0.0752082177879885,0.150416435575977,40377,198914,272206,73293,2
"chr11",1037640,1037836,-0.0752044390323469,0.150408878064694,12780,9927,46872,36946,5
"chr1",16073835,16074170,-0.075199334621287,0.150398669242574,1117,78321,141975,63655,4
"chr13",27791501,27791586,0.0751985151525281,0.150397030305056,23155,122193,199930,77738,4
"chr4",173530278,173531461,-0.0751936895572585,0.150387379114517,67068,155672,157869,2198,31
"chr4",3463277,3463337,-0.0751909312051768,0.150381862410354,64452,87789,95493,7705,10
"chr16",1339570,1339573,-0.0751713837778486,0.150342767555697,30974,285992,291297,5306,2
"chr17",5116316,5116343,0.075171370998875,0.15034274199775,35313,16553,17240,688,10
"chr11",992514,992652,0.0751661113771731,0.150332222754346,12758,17043,43938,26896,4
"chr2",55049050,55051133,-0.075165105709591,0.150330211419182,48657,145469,148428,2960,21
"chr14",24242726,24242858,0.0751599010339033,0.150319802067807,25180,58445,59284,840,19
"chr17",41481073,41481711,-0.0751516138003264,0.150303227600653,37328,94024,97514,3491,7
"chr7",100707046,100707070,-0.0751487783871899,0.15029755677438,78498,41243,48130,6888,4
"chr15",90265236,90265501,0.0751479519087367,0.150295903817473,30398,215021,258461,43441,10
"chr12",95858746,95858981,-0.0751272859619011,0.150254571923802,21266,137628,176960,39333,20
"chr11",64370275,64370704,0.0751266052933973,0.150253210586795,15150,187555,190758,3204,2
"chr6",158999971,159000496,-0.0751238348178026,0.150247669635605,75601,186195,190827,4633,11
"chr17",42562713,42562961,-0.0751107942387195,0.150221588477439,37481,125373,197098,71726,20
"chr1",1919297,1919726,-0.0751066247278047,0.150213249455609,231,125296,128046,2751,23
"chr2",64144708,64145408,0.0750926362474959,0.150185272494992,48811,237443,307855,70413,11
"chr2",183038114,183039018,-0.0750797198225623,0.150159439645125,51255,94919,108343,13425,15
"chr14",34714699,34714740,0.0750794724926494,0.150158944985299,25356,22563,26569,4007,21
"chr14",91947807,91948081,0.0750787378072997,0.150157475614599,26844,74920,89949,15030,15
"chr16",58559948,58561019,0.0750757775762057,0.150151555152411,33356,205985,207540,1556,4
"chr5",176388687,176389149,-0.0750718005766816,0.150143601153363,70976,89272,107466,18195,19
"chr3",23947291,23947451,0.0750645066913409,0.150129013382682,59627,223073,261950,38878,3
"chr5",100902951,100903318,0.0750398499138151,0.15007969982763,69091,17159,89083,71925,15
"chr11",65575859,65576362,0.0750327014582765,0.150065402916553,15370,106462,120493,14032,11
"chr16",19717956,19718452,-0.0750203250880755,0.150040650176151,32095,107145,204107,96963,15
"chr19",45691509,45692477,0.0750086043066658,0.150017208613332,45649,219476,293914,74439,19
"chr17",20008960,20009117,0.0749801504993002,0.1499603009986,36291,211523,270522,59000,7
"chr1",78044693,78044884,-0.0749754778836287,0.149950955767257,3837,214907,287943,73037,2
"chr16",66844290,66845113,-0.0749509155336146,0.149901831067229,33421,100509,108253,7745,16
"chr14",73490746,73490825,0.0749305135868877,0.149861027173775,26295,121246,130055,8810,7
"chr16",84873009,84873108,-0.0749280427591218,0.149856085518244,34330,75014,294673,219660,2
"chr11",208423,208656,0.0749277432775175,0.149855486555035,12586,45525,45871,347,13
"chr20",64255522,64255533,-0.0749196823336712,0.149839364667342,55689,120250,203929,83680,8
"chr12",10808477,10808679,0.0748925521176895,0.149785104235379,18698,94198,240470,146273,3
"chr3",25789895,25790059,-0.0748905857243703,0.149781171448741,59660,7685,15184,7500,16
"chr2",97661941,97661941,0.0748858759546944,0.149771751909389,49588,84645,84978,334,5
"chr19",48918820,48918920,-0.0748748362536947,0.149749672507389,46055,116984,252132,135149,5
"chr1",27604132,27604146,-0.0748634552030431,0.149726910406086,1927,27283,28817,1535,9
"chr16",72093740,72094164,-0.0748612257570851,0.14972245151417,33915,207962,210286,2325,28
"chr4",186588946,186589104,0.0748593778629169,0.149718755725834,67322,163714,302740,139027,5
"chr5",11082818,11082830,0.0748576450306463,0.149715290061293,67706,155231,155875,645,2
"chr18",158346,158348,0.0748571833609463,0.149714366721893,40222,66097,77968,11872,8
"chr2",112137982,112138257,0.0748540519631062,0.149708103926212,49967,64278,94956,30679,6
"chr22",24341310,24342272,-0.0748538299519907,0.149707659903981,57268,127522,214831,87310,8
"chr21",41711736,41711921,-0.074853354004427,0.149706708008854,56344,301727,305981,4255,3
"chr19",11324419,11324419,-0.074843586798483,0.149687173596966,43075,76242,80425,4184,3
"chr1",28914451,28914472,0.0748342321858135,0.149668464371627,2034,60588,78979,18392,9
"chr11",35419560,35420195,0.0748270246203375,0.149654049240675,14084,46956,61396,14441,20
"chr12",57619177,57619458,0.0748082991406383,0.149616598281277,20598,201176,201547,372,19
"chr6",99515695,99515740,0.074807712391714,0.149615424783428,74313,255622,258237,2616,15
"chr1",111346537,111346649,-0.0748045411665738,0.149609082333148,4518,36720,39536,2817,15
"chr13",32538923,32539206,-0.074802176782581,0.149604353565162,23335,124769,125756,988,14
"chr17",63941664,63941784,0.0747996659693831,0.149599331938766,38748,57424,194486,137063,2
"chr8",119593836,119594255,0.0747827814159351,0.14956556283187,82564,266475,273131,6657,2
"chr5",141338772,141339164,0.0747826642133952,0.14956532842679,70020,150150,151613,1464,18
"chr19",58476237,58476255,0.07478060849193,0.14956121698386,47251,82039,83170,1132,13
"chr14",50821369,50821988,0.0747784504935577,0.149556900987115,25579,252010,269390,17381,7
"chr12",109021247,109021522,-0.0747782080388005,0.149556416077601,21629,268745,272092,3348,11
"chr20",57265577,57266837,0.0747721339769607,0.149544267953921,55172,205118,212049,6932,18
"chr4",110637082,110637446,-0.0747663383057569,0.149532676611514,66239,18426,30712,12287,8
"chr11",67239934,67240150,-0.0747537087760444,0.149507417552089,15635,276559,300614,24056,17
"chr1",202144944,202144957,0.0747516195143551,0.14950323902871,7222,31318,34819,3502,12
"chr5",138542823,138543216,-0.0747459868232189,0.149491973646438,69769,5747,20766,15020,13
"chr16",381255,381628,-0.0747431348938779,0.149486269787756,30799,55794,77064,21271,3
"chr19",39924526,39924688,0.0747340514427043,0.149468102885409,44969,209534,297069,87536,2
"chr8",85466029,85466086,0.0747258337361923,0.149451667472385,82045,223482,239337,15856,3
"chr16",641669,641705,0.0746780624724391,0.149356124944878,30849,68133,70269,2137,12
"chr8",92965784,92966146,0.0746734948554406,0.149346989710881,82139,40586,112842,72257,13
"chr15",43826897,43827078,0.0746498653863528,0.149299730772706,28597,63705,117959,54255,7
"chr13",99200596,99200611,0.0746431777399585,0.149286355479917,24244,254730,265519,10790,22
"chr18",3251479,3251636,0.0746293517409206,0.149258703481841,40291,226753,250452,23700,3
"chr16",31135856,31135878,-0.0746087995660617,0.149217599132123,32758,111008,200419,89412,11
"chr11",67507774,67508824,0.0745967508330775,0.149193501666155,15719,172578,176714,4137,19
"chr8",144373229,144373738,-0.0745894284105052,0.14917885682101,83363,179267,179833,567,8
"chr14",59465532,59465603,-0.0745878584734903,0.149175716946981,25797,214556,293910,79355,13
"chr2",3189441,3189468,0.0745779542656878,0.149155908531376,47350,8629,39274,30646,3
"chr11",67250320,67250749,0.0745729685192362,0.149145937038472,15638,175818,177889,2072,5
"chr14",73886217,73886520,-0.0745716508421828,0.149143301684366,26337,267057,280694,13638,10
"chr1",42816890,42818213,0.0745677633263062,0.149135526652612,2793,94038,100420,6383,23
"chr6",79234079,79234697,0.0745638855991831,0.149127771198366,74044,104446,131169,26724,17
"chr12",106987152,106987327,0.0745635409909666,0.149127081981933,21538,17122,19461,2340,8
"chr21",45258609,45258655,-0.0745609725006198,0.14912194500124,56614,128927,285295,156369,2
"chr1",182839008,182839804,0.0745605517238547,0.149121103447709,6844,163805,165297,1493,16
"chr22",46263063,46263420,0.0745574926615783,0.149114985323157,58741,7294,76591,69298,7
"chr2",69437479,69438826,0.0745501067819811,0.149100213563962,48935,215291,263742,48452,14
"chr15",68821588,68821649,0.0745297301688454,0.149059460337691,29442,210211,212774,2564,14
"chr19",23762401,23762839,0.0745285144468374,0.149057028893675,44189,195001,297765,102765,3
"chr6",31834252,31834620,-0.0745156159206111,0.149031231841222,72589,26421,40983,14563,31
"chr17",782137,782209,0.0745145382646467,0.149029076529293,34836,57879,101930,44052,19
"chr18",22932897,22933117,0.074514265485861,0.149028530971722,40592,199658,200202,545,9
"chr7",76409468,76411070,0.0745081731329511,0.149016346265902,77840,90698,97439,6742,5
"chr3",98593179,98594554,-0.0745050194876884,0.149010038975377,61529,35698,133105,97408,15
"chr15",39579985,39581057,-0.0744909781969,0.1489819563938,28188,138412,192604,54193,21
"chr1",161727262,161727491,-0.0744898324455233,0.148979664891047,6217,142089,148695,6607,5
"chr6",26223842,26224440,0.0744541347154994,0.148908269430999,71969,188462,192116,3655,20
"chr7",122303936,122304228,0.0744443953106755,0.148888790621351,79032,14218,14347,130,28
"chr14",36661007,36661839,0.0744260270442669,0.148852054088534,25407,118576,235752,117177,6
"chr8",33484669,33484675,-0.0744165030476794,0.148833006095359,81180,177794,273543,95750,8
"chr13",19957202,19958532,0.0744152896008984,0.148830579201797,22939,7430,12267,4838,10
"chr1",158831083,158831294,0.0743837235685814,0.148767447137163,5949,243613,251269,7657,5
"chr16",88976873,88977248,-0.0743804724391004,0.148760944878201,34595,123668,210548,86881,9
"chr19",50286584,50286694,-0.0743793183770554,0.148758636754111,46265,51500,211569,160070,3
"chr12",3493767,3493771,-0.0743757790682824,0.148751558136565,18190,121301,123859,2559,7
"chr10",118595705,118595748,0.0743725049222203,0.148745009844441,12008,16757,44805,28049,11
"chr22",37608385,37608414,0.074358723360731,0.148717446721462,57998,205555,206055,501,21
"chr12",106582913,106582917,-0.0743577278363273,0.148715455672655,21526,286356,286899,544,17
"chr4",1251233,1251874,-0.0743485743582829,0.148697148716566,64265,109271,146210,36940,5
"chr3",42659186,42659550,-0.0743479446543064,0.148695889308613,60048,37583,37743,161,10
"chr9",37034280,37034658,0.0743420140232432,0.148684028046486,84204,110742,111640,899,13
"chr2",188292514,188292624,0.0743368861863756,0.148673772372751,51292,113551,115345,1795,23
"chr6",31826742,31827231,0.0743364830582739,0.148672966116548,72587,168921,173901,4981,19
"chr3",120094717,120094842,-0.0743360433759698,0.14867208675194,61945,141989,142585,597,15
"chr6",31662495,31662682,-0.0743345083188295,0.148669016637659,72531,49896,105419,55524,7
"chr6",107070301,107070385,0.0743323242613226,0.148664648522645,74403,167991,174854,6864,3
"chr10",72215693,72216506,-0.0743314752852868,0.148662950570574,10495,96774,102508,5735,18
"chr1",12061984,12062117,0.0743166282498002,0.1486332564996,926,255115,310886,55772,3
"chr6",33248871,33249365,0.0742956611713393,0.148591322342679,72811,42798,42984,187,39
"chr17",49361084,49361101,0.0742751852482828,0.148550370496566,38098,234120,236862,2743,7
"chr10",37124682,37125578,-0.0742687375898414,0.148537475179683,9753,43949,46268,2320,7
"chr17",82451579,82452106,0.0742670963887286,0.148534192777457,40150,209472,217562,8091,3
"chr19",4342592,4343372,-0.0742667656232608,0.148533531246522,42226,292341,296228,3888,8
"chr12",57772137,57772526,0.0742568000988401,0.14851360019768,20635,22707,23037,331,20
"chr11",47552995,47553726,0.0742541305384648,0.14850826107693,14389,100159,131295,31137,12
"chr2",32356966,32356978,-0.0742444773424598,0.14848895468492,48166,39722,69656,29935,12
"chr1",32816975,32818481,0.0742440254035009,0.148488050807002,2229,258244,290425,32182,22
"chr4",105631387,105631387,0.0742311487679537,0.148462297535907,66129,151337,303501,152165,3
"chr1",99766468,99766521,-0.0742027700890778,0.148405540178156,4201,33685,125275,91591,7
"chr10",92290386,92291159,0.0741889005113519,0.148377801022704,11037,69695,91735,22041,19
"chr9",14322985,14323194,-0.0741699503921758,0.148339900784352,83701,184255,196752,12498,5
"chr10",119029647,119029649,-0.074162746984292,0.148325493968584,12012,43013,50746,7734,7
"chr13",107865804,107868133,0.0741436182288143,0.148287236457629,24411,132335,132960,626,20
"chr11",65188596,65188721,-0.0741364954086899,0.14827299081738,15294,43433,169954,126522,4
"chr14",53954860,53955693,0.0741326942580761,0.148265388516152,25665,76277,103825,27549,14
"chr9",34523232,34523331,-0.0741256747273019,0.148251349454604,84019,45824,46803,980,6
"chr15",90932648,90932688,0.0741186882422037,0.148237376484407,30452,75682,77685,2004,7
"chr12",13000078,13000496,0.0741119496505801,0.14822389930116,18817,85947,113845,27899,16
"chr1",32703124,32703226,-0.0741064283037177,0.148212856607435,2219,65601,69547,3947,8
"chr9",116153628,116154214,-0.07409256195198,0.14818512390396,85343,90918,109828,18911,6
"chr17",74248227,74248551,0.0740924625460702,0.14818492509214,39052,109536,194334,84799,12
"chr19",52570482,52570759,-0.0740916865887069,0.148183373177414,46569,210022,270603,60582,5
"chr5",181243058,181243110,-0.0740776321081871,0.148155264216374,71362,145408,146407,1000,24
"chr12",49227137,49227187,0.0740774701326405,0.148154940265281,19599,128923,268130,139208,2
"chr5",141638108,141638230,-0.0740715818600628,0.148143163720126,70099,155746,164194,8449,16
"chr1",166975156,166975920,-0.0740613748038594,0.148122749607719,6341,86760,93086,6327,9
"chr15",67520530,67520802,0.0740526189552522,0.148105237910504,29383,260200,292785,32586,19
"chr5",81751365,81751369,0.0740404534105421,0.148080906821084,68837,101342,113707,12366,9
"chr8",95269657,95269732,-0.0740281654411704,0.148056330882341,82209,168330,182167,13838,12
"chr1",111982470,111982762,0.0740105043054605,0.148021008610921,4557,35041,88198,53158,4
"chr7",99144366,99144476,-0.0740071423460462,0.148014284692092,78270,186548,190537,3990,13
"chr11",79441777,79441925,0.0740003433975967,0.148000686795193,16401,119979,171044,51066,2
"chr17",57850182,57850550,0.073987308458218,0.147974616916436,38422,198141,203507,5367,10
"chr7",112940161,112940473,-0.0739649778767007,0.147929955753401,78894,178652,179477,826,9
"chr19",58033792,58033814,-0.0739585452216866,0.147917090443373,47180,7901,8685,785,9
"chr4",88592468,88592513,0.0739503551369914,0.147900710273983,65952,20613,22019,1407,13
"chr15",65026931,65027015,0.0739343800281682,0.147868760056336,29233,206733,266029,59297,3
"chr10",81876316,81877026,0.0739284650578751,0.14785693011575,10799,128182,173379,45198,7
"chr9",92293872,92294188,0.073926442633561,0.147852885267122,84648,215935,224086,8152,11
"chr12",109477579,109478191,0.0739160856487955,0.147832171297591,21675,110453,139331,28879,14
"chr1",147908084,147908318,0.073914182045462,0.147828364090924,4955,30254,34318,4065,3
"chr2",231591414,231591582,-0.0739116216569121,0.147823243313824,52483,241293,253255,11963,4
"chr22",46533807,46534947,0.0739088429901005,0.147817685980201,58773,215509,216479,971,30
"chr6",11232720,11232892,0.0739059421219532,0.147811884243906,71683,266535,302924,36390,11
"chr1",91021542,91022308,-0.0738963312232877,0.147792662446575,4036,254846,275487,20642,19
"chr19",45639115,45639474,-0.0738891944176113,0.147778388835223,45638,239281,267214,27934,16
"chr9",133554629,133554638,0.0738750683518203,0.147750136703641,86306,185450,302500,117051,5
"chr12",68807697,68807883,0.0738668875278546,0.147733775055709,20846,78316,95578,17263,20
"chr5",15499367,15499896,0.0738627193240994,0.147725438648199,67769,225618,310653,85036,10
"chr17",61591210,61591243,-0.0738621311246908,0.147724262249382,38615,75692,87752,12061,11
"chr17",7627553,7627879,0.0738548171785096,0.147709634357019,35588,137676,197546,59871,11
"chr2",230220009,230220017,-0.0738503582505342,0.147700716501068,52406,254168,256029,1862,5
"chr6",32967248,32969611,0.0738441300447055,0.147688260089411,72763,182813,183907,1095,102
"chr5",38257926,38258249,-0.0738219744954836,0.147643948990967,68037,165017,270954,105938,15
"chr14",93927275,93927445,0.0738198792463706,0.147639758492741,26931,67898,199062,131165,7
"chr17",15651801,15651929,0.0738177514174901,0.14763550283498,35963,280491,295630,15140,2
"chr6",30112412,30112616,0.073814030164664,0.147628060329328,72269,125110,178763,53654,7
"chr6",33271483,33271558,0.0738071041192603,0.147614208238521,72820,111852,115694,3843,39
"chr19",3185549,3185765,0.0738059864910882,0.147611972982176,42030,127857,195899,68043,10
"chr14",104793913,104794315,-0.0737773936739516,0.147554787347903,27595,124185,206109,81925,15
"chr2",106065481,106065547,-0.0737743743232853,0.147548748646571,49852,38896,60498,21603,10
"chr6",28141799,28141915,0.0737716746101457,0.147543349220291,72080,118129,118449,321,16
"chr3",196082204,196082327,0.0737691062579091,0.147538212515818,64004,37172,60293,23122,10
"chr5",111223733,111223883,0.0737605177114486,0.147521035422897,69160,90346,141321,50976,11
"chr12",53321644,53321710,0.0737574142195681,0.147514828439136,20047,42668,49086,6419,11
"chr15",24675326,24676605,-0.0737416470251695,0.147483294050339,27776,52430,58090,5661,15
"chr21",30480474,30480712,-0.0737407646383419,0.147481529276684,55896,92740,105356,12617,2
"chr12",112977654,112978250,0.0737339658724489,0.147467931744898,21901,227391,242348,14958,9
"chr21",34745629,34745692,-0.0737105394707086,0.147421078941417,56100,115855,236923,121069,6
"chr17",43900753,43900830,0.0737015679376361,0.147403135875272,37642,252027,293204,41178,9
"chr7",43877397,43878076,-0.073699923745016,0.147399847490032,77184,41477,78550,37074,6
"chr7",2843895,2844387,0.0736994445889452,0.14739888917789,76232,4638,21895,17258,10
"chr4",37686409,37687757,-0.0736663617757398,0.14733272355148,64983,39419,114522,75104,13
"chr12",93568705,93568711,0.0736639178917135,0.147327835783427,21210,53029,207052,154024,2
"chr5",177006971,177008143,0.0736521698247516,0.147304339649503,71033,121266,217928,96663,12
"chr13",30466333,30466987,0.0736455754745474,0.147291150949095,23269,195444,206120,10677,15
"chr13",26557025,26557619,-0.0736218606260201,0.14724372125204,23121,110526,221193,110668,10
"chr1",156430368,156430640,-0.0736179808268485,0.147235961653697,5747,124806,132423,7618,5
"chr22",17359490,17359663,0.0736160328143704,0.147232065628741,56809,236523,246740,10218,3
"chr9",132161747,132161936,0.073600276928402,0.147200553856804,86168,139873,140262,390,11
"chr17",1485190,1486274,0.0735997316479217,0.147199463295843,34903,73324,103887,30564,7
"chr14",51095308,51095663,0.073596934344834,0.147193868689668,25593,201606,208875,7270,22
"chr11",46936337,46936627,-0.0735719608085879,0.147143921617176,14321,180090,184325,4236,11
"chr19",12669665,12669748,0.0735679675693204,0.147135935138641,43214,297870,311480,13611,21
"chr10",24724035,24724542,0.0735633757595388,0.147126751519078,9523,101780,190778,88999,6
"chr10",68827060,68827397,-0.0735597439217039,0.147119487843408,10288,46153,46948,796,8
"chr3",46876401,46876866,0.0735427306710938,0.147085461342188,60283,145970,254031,108062,4
"chr2",46575,46752,0.0735390847147724,0.147078169429545,47275,65547,68530,2984,15
"chr7",117872988,117873047,-0.0735390711630592,0.147078142326118,78995,8299,42176,33878,12
"chr16",23596434,23596494,-0.0735311440285855,0.147062288057171,32268,207776,210595,2820,7
"chr1",93589203,93589278,-0.0735037929457277,0.147007585891455,4105,11186,148481,137296,2
"chr17",82228390,82228399,-0.0734874698888493,0.146974939777699,40094,16117,17714,1598,8
"chr22",30289914,30289977,-0.0734804648212492,0.146960929642498,57567,197823,236021,38199,9
"chr15",63588324,63588684,-0.0734440466722693,0.146888093344539,29153,276703,281163,4461,3
"chr2",31233664,31234098,-0.0734439858521632,0.146887971704326,48140,166140,249440,83301,15
"chr5",115840729,115842613,-0.0734379388181975,0.146875877636395,69265,220150,220202,53,18
"chr14",101044806,101045088,0.0734182123879495,0.146836424775899,27307,293702,296589,2888,4
"chr20",37528003,37528614,0.0734117899305334,0.146823579861067,54406,202444,204854,2411,47
"chr10",102419721,102419727,-0.0734046762632165,0.146809352526433,11559,25060,26100,1041,24
"chr8",22275413,22275479,-0.0734003197020508,0.146800639404102,80803,49584,85545,35962,13
"chr5",134873348,134873594,0.0733980604472862,0.146796120894572,69617,246023,247749,1727,11
"chr16",89657550,89657777,-0.073395753745057,0.146791507490114,34691,71183,72112,930,16
"chr7",84531635,84532104,-0.0733937426383591,0.146787485276718,77945,186984,217848,30865,2
"chr16",3305384,3305547,0.0733928596240743,0.146785719248149,31450,117680,120364,2685,20
"chr1",15943490,15943632,-0.0733832261678516,0.146766452335703,1096,39061,148441,109381,3
"chr6",110958382,110958484,0.0733746979621983,0.146749395924397,74521,128072,170182,42111,15
"chr15",77696315,77697429,-0.0733631570401257,0.146726314080251,29866,217749,271251,53503,6
"chr2",108052759,108053038,-0.0733625534272804,0.146725106854561,49880,129501,227748,98248,3
"chr4",48016565,48017538,0.0733623024876709,0.146724604975342,65206,37882,85349,47468,9
"chr1",179100832,179101005,0.0733589519387857,0.146717903877571,6706,137186,234040,96855,3
"chr10",114487959,114488008,0.0733581028723707,0.146716205744741,11909,227598,257936,30339,2
"chr10",80290102,80291006,-0.0733575551266634,0.146715110253327,10775,130817,176065,45249,9
"chr14",55271406,55271565,0.0733464061577161,0.146692812315432,25704,22892,26108,3217,18
"chr1",203026345,203026347,-0.0733405487492734,0.146681097498547,7289,113776,116776,3001,4
"chr20",32744035,32744555,-0.0733384088634794,0.146676817726959,54033,117404,122012,4609,7
"chr19",983963,984168,-0.0733265108885857,0.146653021777171,41623,91140,123526,32387,6
"chr3",142963449,142963840,-0.0733207918870658,0.146641583774132,62764,22986,26445,3460,20
"chr5",37839727,37839816,0.0733099649557288,0.146619929911458,68031,10348,16240,5893,19
"chr9",35958650,35959506,-0.0733045338982421,0.146609067796484,84177,278638,290107,11470,5
"chr13",38349439,38349821,0.0733037383869024,0.146607476773805,23415,83851,87012,3162,14
"chr11",129374546,129374610,0.0733004594067039,0.146600918813408,17816,768,7729,6962,3
"chr1",202810829,202811300,0.0732926048202159,0.146585209640432,7266,149639,160009,10371,6
"chr9",111660917,111661290,-0.0732873120069438,0.146574624013888,85192,173587,235076,61490,6
"chr11",121023981,121023984,0.0732805122298564,0.146561024459713,17463,178249,212431,34183,7
"chr1",202160737,202161600,-0.073280439461707,0.146560878923414,7227,24723,33216,8494,11
"chr2",677472,677898,0.0732718526859368,0.146543705371874,47298,162227,164554,2328,20
"chr3",126179940,126180927,0.073267642459628,0.146535284919256,62178,66992,67768,777,20
"chr7",73433719,73434373,-0.0732648427130206,0.146529685426041,77676,14055,44975,30921,5
"chr4",5887703,5888904,0.0732596141208386,0.146519228241677,64515,153606,156330,2725,18
"chr1",65058618,65059202,0.0732580969099419,0.146516193819884,3618,243499,252813,9315,7
"chr2",178450927,178450933,0.0732458783470139,0.146491756694028,51154,65006,65452,447,28
"chr6",104957018,104957193,-0.0732378870802826,0.146475774160565,74344,178110,183167,5058,8
"chr6",30556208,30556226,-0.073235816110961,0.146471632221922,72319,25071,25245,175,67
"chr16",20073622,20073778,-0.0732300375061077,0.146460075012215,32104,54281,65447,11167,9
"chr21",33641889,33642433,-0.0732251185648527,0.146450237129705,56055,61325,73457,12133,18
"chr6",137867274,137868167,0.0732069142220164,0.146413828444033,75076,183794,188185,4392,24
"chr6",33295516,33296183,-0.073204010639841,0.146408021279682,72827,49974,50101,128,25
"chr17",28719961,28720254,0.0732009991914974,0.146401998382995,36452,207857,210424,2568,42
"chr6",31730446,31730874,-0.0731983666415554,0.146396733283111,72559,16324,18287,1964,50
"chr22",18024754,18024945,-0.0731970107040582,0.146394021408116,56856,73243,127862,54620,7
"chr19",46609894,46609896,0.0731935457669341,0.146387091533868,45751,286300,289874,3575,3
"chr21",37073491,37074284,-0.0731704609330775,0.146340921866155,56175,193106,215452,22347,16
"chr14",31025408,31026693,0.0731611877356816,0.146322375471363,25299,58410,68251,9842,26
"chr12",57771473,57772162,0.0731604606047096,0.146320921209419,20635,140316,213772,73457,20
"chr12",119704410,119704446,0.07315142730437,0.14630285460874,22129,223125,277451,54327,2
"chr2",232875959,232876382,0.0731455178656398,0.14629103573128,52557,63815,156460,92646,5
"chr22",50525489,50526634,0.0731452892483221,0.146290578496644,58969,59232,69312,10081,14
"chr2",68775059,68775086,0.0731440317920221,0.146288063584044,48914,4180,9396,5217,18
"chr5",80961046,80961048,-0.0731436325852828,0.146287265170566,68820,14142,17936,3795,15
"chr19",45902760,45903133,0.073135550286297,0.146271100572594,45691,75328,76662,1335,11
"chr19",3786485,3786585,0.0731343612161145,0.146268722432229,42128,12675,58281,45607,8
"chr15",80842138,80842156,0.0731332051903369,0.146266410380674,30006,204558,291663,87106,3
"chr5",34656076,34656399,0.0731328572100897,0.146265714420179,67945,62638,70296,7659,11
"chr11",61791969,61792490,0.0731195385420171,0.146239077084034,14872,169465,171429,1965,24
"chr11",118530521,118531627,-0.0731136733573999,0.1462273467148,17257,99049,112339,13291,17
"chr11",134261784,134261890,-0.0731082486952558,0.146216497390512,17957,277948,278732,785,2
"chr15",26867140,26867283,-0.0730945576219906,0.146189115243981,27938,21251,28778,7528,15
"chr20",62667599,62667774,-0.0730938905602743,0.146187781120549,55436,133936,204487,70552,5
"chr10",27999070,27999074,-0.0730785375500664,0.146157075100133,9589,45424,47274,1851,10
"chr9",128683461,128683549,-0.0730689458828412,0.146137891765682,85882,277485,281935,4451,7
"chr17",76072708,76073626,0.0730688250706436,0.146137650141287,39348,210841,292512,81672,12
"chr3",100260581,100260975,0.0730623591859876,0.146124718371975,61565,88026,92506,4481,18
"chr5",115180298,115180725,-0.0730595359681907,0.146119071936381,69247,69597,90456,20860,17
"chr16",51151221,51151483,-0.0730538487456434,0.146107697491287,33013,97587,107044,9458,22
"chr7",39406542,39406634,0.0730380443158962,0.146076088631792,77105,226686,228306,1621,3
"chr15",69452490,69452873,0.0730346899938971,0.146069379987794,29477,13506,55471,41966,11
"chr22",30969469,30969914,0.0730313245359895,0.146062649071979,57652,24870,83973,59104,15
"chr12",1500371,1500383,0.0730243962232916,0.146048792446583,18084,176278,194063,17786,9
"chr11",18527162,18527259,-0.0730202524661328,0.146040504932266,13771,47428,89118,41691,12
"chr20",46709181,46709433,0.0730172139676849,0.14603442793537,54882,256564,293470,36907,9
"chr19",1376675,1377114,0.0730051832072103,0.146010366414421,41736,112529,299159,186631,3
"chr13",98177267,98177310,0.0729995948254281,0.145999189650856,24206,116252,204820,88569,5
"chr17",44186803,44187078,-0.0729983274990789,0.145996654998158,37688,203625,207735,4111,18
"chr15",56243476,56244401,0.0729972213346692,0.145994442669338,28951,52439,76878,24440,14
"chr9",14308067,14308248,0.0729817663453603,0.145963532690721,83697,175108,214740,39633,4
"chr19",19668758,19668814,-0.0729798472657083,0.145959694531417,44106,73888,74406,519,10
"chr22",29767002,29767719,0.0729629295266067,0.145925859053213,57534,298655,311409,12755,14
"chr16",3235272,3235403,0.0729613677102279,0.145922735420456,31436,75508,88936,13429,11
"chr2",119366871,119366927,0.0729578476143696,0.145915695228739,50121,1513,16123,14611,23
"chr14",104752214,104753027,0.0729535762790171,0.145907152558034,27583,59563,62702,3140,11
"chr8",61287251,61287778,-0.0729496805625944,0.145899361125189,81691,265249,265280,32,8
"chr9",128829831,128830534,0.072943587995525,0.14588717599105,85913,243570,277243,33674,9
"chr11",120240173,120240178,-0.0729341046787655,0.145868209357531,17428,41880,46214,4335,9
"chr1",65148588,65148831,0.0729301314963351,0.14586026299267,3622,38732,165278,126547,2
"chr11",71435050,71435718,-0.0729296143026317,0.145859228605263,15951,174298,176619,2322,9
"chr9",69204646,69205083,-0.0729271083650908,0.145854216730182,84312,273370,280241,6872,7
"chr1",17438898,17439980,0.0729057401310707,0.145811480262141,1214,137555,144093,6539,21
"chr1",183023319,183023492,-0.0729043692632374,0.145808738526475,6850,20527,26581,6055,10
"chr12",40106145,40106817,0.0728953807163941,0.145790761432788,19285,124172,168532,44361,9
"chr2",240561242,240561893,-0.0728831396739073,0.145766279347815,52893,219959,266154,46196,13
"chr18",9614208,9614565,-0.0728806797526852,0.14576135950537,40418,70957,86600,15644,6
"chr1",94237787,94237855,0.0728668339484875,0.145733667896975,4129,158293,159643,1351,9
"chr5",154445962,154446457,-0.0728647012762062,0.145729402552412,70528,3474,25450,21977,14
"chr6",166410986,166411489,0.0728642763989189,0.145728552797838,75756,142981,167731,24751,4
"chr7",99976316,99976723,-0.0728612978835552,0.14572259576711,78349,265275,281579,16305,6
"chr8",143597537,143597591,-0.0728576454483324,0.145715290896665,83184,59908,62052,2145,25
"chr3",170908693,170908732,-0.0728407668651709,0.145681533730342,63249,77646,86743,9098,8
"chr11",415441,415457,0.0728402332398466,0.145680466479693,12627,180748,186716,5969,5
"chr10",49188433,49188647,0.0728263268968119,0.145652653793624,10012,170004,173211,3208,10
"chr6",30213525,30213994,-0.0728083874382391,0.145616774876478,72297,196840,200726,3887,38
"chr12",610479,610514,-0.0727989202643133,0.145597840528627,18044,113295,277075,163781,3
"chr10",103153683,103153969,-0.0727789826228431,0.145557965245686,11626,237328,263378,26051,3
"chr19",43983969,43984029,-0.0727631194460725,0.145526238892145,45441,15563,56148,40586,12
"chr20",25247615,25247944,0.0727578624598851,0.14551572491977,53862,293090,298599,5510,9
"chr10",95694218,95694771,0.0727572274736178,0.145514454947236,11165,40308,44886,4579,13
"chr13",110152362,110152380,-0.0727447314489735,0.145489462897947,24450,126451,211161,84711,3
"chr2",159616528,159616985,-0.0727374063307008,0.145474812661402,50681,258309,278824,20516,19
"chr4",145939337,145939782,0.0727315046897511,0.145463009379502,66689,216221,248107,31887,9
"chr16",89738669,89740822,0.0727166701646086,0.145433340329217,34715,284630,305004,20375,15
"chr1",226309652,226309836,-0.0727109097090207,0.145421819418041,8136,14000,31974,17975,18
"chr12",108828539,108828571,0.0727101084010364,0.145420216802073,21615,134801,184109,49309,11
"chr22",23141984,23142121,0.0727096113119862,0.145419222623972,57168,92607,95678,3072,11
"chr16",57091762,57092316,0.0727077489674646,0.145415497934929,33202,71708,112441,40734,5
"chr5",141370168,141370230,0.0727055219961358,0.145411043992272,70034,117960,119243,1284,11
"chr1",47415732,47416065,-0.0727037754672006,0.145407550934401,3165,147721,156677,8957,4
"chr8",142680085,142680279,0.0726986393119228,0.145397278623846,83071,174576,188081,13506,8
"chr20",45887987,45888462,-0.0726903610854793,0.145380722170959,54798,298023,311264,13242,8
"chr13",21670574,21670950,0.0726893475464392,0.145378695092878,23007,110409,197158,86750,21
"chr17",75721117,75721482,-0.0726887058556388,0.145377411711278,39262,21133,22054,922,6
"chr22",21983792,21983973,0.0726839730461057,0.145367946092211,57142,216136,269384,53249,4
"chr12",123272398,123272523,-0.0726665442266493,0.145333088453299,22459,168093,168926,834,14
"chr1",145859122,145859252,-0.07265481743926,0.14530963487852,4883,60348,61400,1053,11
"chr2",74454660,74454678,0.0726439524677178,0.145287904935436,49163,145686,149840,4155,14
"chr12",123660563,123660603,-0.0726410312285589,0.145282062457118,22501,168242,289141,120900,2
"chr19",35544929,35545824,0.0726341842464717,0.145268368492943,44482,76402,78913,2512,10
"chr4",168318850,168318870,0.072624688424319,0.145249376848638,66998,154106,270150,116045,6
"chr21",32412245,32412755,0.0726185368395907,0.145237073679181,55977,66164,70422,4259,13
"chr8",41578179,41578183,-0.0726155804866428,0.145231160973286,81365,19859,26413,6555,12
"chr5",148826083,148826661,-0.0726036470798633,0.145207294159727,70278,35749,86327,50579,11
"chr11",2400342,2403013,-0.0726015606107541,0.145203121221508,12940,70772,71919,1148,40
"chr4",53376771,53377136,-0.0726010379730212,0.145202075946042,65278,161380,246709,85330,11
"chr1",45521845,45523996,0.0725978135090283,0.145195627018057,3025,165204,219530,54327,18
"chr7",122887383,122887418,0.0725921791354476,0.145184358270895,79044,167139,173937,6799,17
"chr1",162561149,162561370,-0.0725717212066548,0.14514344241331,6250,165159,219702,54544,14
"chr1",214551556,214552480,0.0725692242624238,0.145138448524848,7867,21013,29911,8899,11
"chr14",69153945,69154130,0.0725682209059584,0.145136441811917,26128,83662,113124,29463,3
"chr12",7092914,7093535,-0.0725674330728635,0.145134866145727,18448,109639,122963,13325,13
"chr17",41734780,41735069,0.0725553176319862,0.145110635263972,37362,120544,202415,81872,11
"chr3",27723741,27723918,-0.0725461121946264,0.145092224389253,59682,126576,136388,9813,23
"chr2",218671854,218672844,-0.07254461036128,0.14508922072256,52068,147021,155604,8584,18
"chr7",135729462,135729772,0.0725429880988395,0.145085976197679,79443,125433,227146,101714,3
"chr12",22544413,22544686,0.0725335714418755,0.145067142883751,19037,167604,167724,121,14
"chr1",152795691,152795726,0.0725081873877909,0.145016374775582,5271,232790,248732,15943,6
"chr15",27541203,27541309,0.0725049874752153,0.145009974950431,27949,227049,242299,15251,7
"chr6",3231801,3231895,0.0724949892889339,0.144989978577868,71488,181482,238356,56875,11
"chr7",135727658,135728357,-0.0724944501309156,0.144988900261831,79442,1060,45942,44883,10
"chr19",10109666,10110272,-0.0724919070541678,0.144983814108336,42859,74314,112144,37831,12
"chr1",95117091,95117266,-0.0724864301895051,0.14497286037901,4159,91556,137865,46310,14
"chr13",85800543,85800640,-0.0724848571410213,0.144969714282043,24097,249691,262117,12427,2
"chr1",40508619,40508780,0.0724843261744371,0.144968652348874,2682,264426,275313,10888,15
"chr3",160226198,160226437,0.0724825916601559,0.144965183320312,63113,151250,263588,112339,5
"chr2",218060945,218060963,0.0724809828992902,0.14496196579858,51986,277732,279625,1894,2
"chr11",119364240,119364246,-0.0724728745817767,0.144945749163553,17397,21533,26518,4986,10
"chr3",194685829,194685843,0.072472870284402,0.144945740568804,63941,19760,20038,279,12
"chr19",8308417,8308604,-0.0724666721732234,0.144933344346447,42691,197943,210523,12581,9
"chr11",14644206,14644890,-0.0724582915079955,0.144916583015991,13627,70225,91878,21654,16
"chr12",51083910,51083956,0.0724441530863659,0.144888306172732,19766,86148,172624,86477,11
"chr5",102865786,102865841,-0.0724429770283459,0.144885954056692,69100,97246,103241,5996,15
"chr14",64539323,64540730,0.0724399337656114,0.144879867531223,25975,214532,235712,21181,28
"chr1",113904183,113905512,-0.0724259665514035,0.144851933102807,4629,133533,145583,12051,16
"chr12",46372511,46372941,-0.0724106468648242,0.144821293729648,19396,27475,50506,23032,15
"chr1",109631576,109631714,-0.0724050431627388,0.144810086325478,4404,143351,226580,83230,2
"chr17",68258743,68258907,0.0724050111434408,0.144810022286882,38900,118901,131403,12503,2
"chr15",63049015,63049834,0.0723604954860525,0.144720990972105,29126,201291,207365,6075,21
"chr20",13220558,13220702,0.0723601240304836,0.144720248060967,53591,200660,204919,4260,30
"chr2",88170211,88170217,0.0723578045988443,0.144715609197689,49425,6886,8026,1141,9
"chr22",39245127,39245149,0.0723572001525522,0.144714400305104,58190,98194,199377,101184,16
"chr17",7219806,7220234,-0.0723394020792909,0.144678804158582,35465,58278,58567,290,17
"chr3",8571351,8571674,-0.0723375869901326,0.144675173980265,59099,152096,230168,78073,4
"chr6",85677430,85679122,0.0723307846550903,0.144661569310181,74129,190821,191502,682,15
"chr6",33211165,33211174,0.0723286278990551,0.14465725579811,72809,180976,181787,812,3
"chr5",37370980,37371526,0.0723123954329428,0.144624790865886,68025,102968,116538,13571,17
"chr1",145824080,145824226,-0.0722945815376262,0.144589163075252,4873,64527,67850,3324,14
"chr3",153160729,153161062,-0.0722896582239422,0.144579316447884,62966,103489,119247,15759,11
"chr6",152982996,152983170,-0.0722649482644499,0.1445298965289,75435,49217,91309,42093,16
"chr17",65057084,65057878,0.0722473529157281,0.144494705831456,38816,199464,199868,405,17
"chr19",38618816,38618979,0.0722465619742486,0.144493123948497,44801,23045,51822,28778,16
"chr19",17511531,17511553,0.0722397085346946,0.144479417069389,43769,101884,129404,27521,11
"chr3",9249312,9249781,-0.0722251558749801,0.14445031174996,59125,235693,241968,6276,18
"chr7",31052198,31052627,-0.0722105361575371,0.144421072315074,76954,43439,70152,26714,6
"chr11",114439210,114439212,0.0721951313915424,0.144390262783085,17044,95653,101005,5353,8
"chr10",130136038,130136220,-0.0721949027305546,0.144389805461109,12366,177196,253062,75867,11
"chr15",50547305,50547387,0.0721602132645657,0.144320426529131,28793,206851,220771,13921,7
"chr2",229232161,229232877,0.0721321598063202,0.14426431961264,52384,257423,272139,14717,5
"chr18",79963226,79964453,-0.07213204242283,0.14426408484566,41476,53624,55407,1784,14
"chr11",66510535,66510566,0.0721261816132801,0.14425236322656,15539,171704,172617,914,11
"chr8",10765377,10765528,0.0721238166011596,0.144247633202319,80501,107830,180399,72570,4
"chr1",24502869,24502972,0.0721167810347752,0.14423356206955,1670,24923,25086,164,19
"chr15",72686416,72686484,0.0721146676166131,0.144229335233226,29590,95243,118920,23678,21
"chr2",176178061,176178527,-0.0721119795710416,0.144223959142083,51094,5672,11482,5811,11
"chr16",67199099,67199750,-0.0721031088079618,0.144206217615924,33488,66967,72265,5299,12
"chr13",24308932,24309432,0.0721000066742964,0.144200013348593,23064,245086,259670,14585,5
"chr6",44222992,44223299,0.072082332092882,0.144164664185764,73548,171872,175819,3948,16
"chr7",18086836,18086838,-0.0720723465513379,0.144144693102676,76613,12310,20326,8017,3
"chr11",8594128,8594190,-0.0720622966102516,0.144124593220503,13400,10887,16025,5139,19
"chr7",27151070,27152295,-0.0720560779379206,0.144112155875841,76814,41912,42072,161,20
"chr14",67695719,67695868,-0.0720551603491334,0.144110320698267,26082,207023,236793,29771,10
"chr14",24509475,24509724,-0.072051434344901,0.144102868689802,25245,105126,116192,11067,3
"chr19",57632972,57633091,0.0720506674961376,0.144101334992275,47134,193472,213266,19795,11
"chr3",114351445,114351810,-0.0720257147601225,0.144051429520245,61854,34880,71038,36159,13
"chr19",53693595,53693813,0.0720234769736026,0.144046953947205,46665,120179,205031,84853,2
"chr13",78596148,78596168,0.0720060623115749,0.14401212462315,24062,8987,12864,3878,17
"chr4",165326972,165327466,0.0719952132141281,0.143990426428256,66983,146609,162996,16388,12
"chr2",96335073,96335186,-0.0719748829359782,0.143949765871956,49522,4580,93214,88635,8
"chr5",115841851,115841996,0.0719663877453709,0.143932775490742,69265,70919,72000,1082,18
"chr8",143080335,143080457,-0.0719468330988716,0.143893666197743,83107,45580,71255,25676,7
"chr12",9760949,9761789,0.0719462296102487,0.143892459220497,18613,221109,230930,9822,6
"chr7",93574863,93575706,-0.0719407426258641,0.143881485251728,78118,186631,187306,676,23
"chr7",64903043,64903197,0.0719398840946019,0.143879768189204,77568,100776,185580,84805,6
"chr17",7675127,7675223,-0.0719337440559253,0.143867488111851,35601,311969,311974,6,179
"chr13",52129212,52129237,0.0719334470982074,0.143866894196415,23831,72923,76630,3708,19
"chr1",154405048,154405099,0.0719231535649079,0.143846307129816,5468,240005,245464,5460,12
"chr13",97221553,97222240,-0.0719205702820008,0.143841140564002,24187,234313,240782,6470,12
"chr16",88743987,88744150,0.0718996347215078,0.143799269443016,34556,302519,307851,5333,3
"chr12",93570627,93570919,-0.0718920773534484,0.143784154706897,21212,78720,84887,6168,32
"chr9",134326437,134326493,0.0718862752178696,0.143772550435739,86353,226571,258135,31565,11
"chr2",165953940,165954075,0.0718777707187306,0.143755541437461,50796,64835,140962,76128,8
"chr18",50729680,50729867,0.0718501189487427,0.143700237897485,41023,52419,209655,157237,3
"chr5",32709290,32710508,-0.0718481263424031,0.143696252684806,67913,149796,150442,647,28
"chr16",69105280,69105541,0.0718467033115053,0.143693406623011,33691,298906,310786,11881,13
"chr17",42900526,42900641,0.0718446740502424,0.143689348100485,37547,208242,235968,27727,5
"chr15",44536701,44536710,0.0718401016426082,0.143680203285216,28614,20864,21862,999,13
"chr6",32973013,32973024,-0.0718400074652998,0.1436800149306,72763,42475,42513,39,102
"chr6",33316570,33316607,-0.0718379823911085,0.143675964782217,72832,188299,188370,72,68
"chr1",37860393,37860656,0.0718308254384099,0.14366165087682,2526,166229,214808,48580,8
"chr17",3033807,3033909,-0.0718282852223072,0.143656570444614,35064,215056,216701,1646,4
"chr6",169725145,169725395,0.0718099319766633,0.143619863953327,75906,102639,177760,75122,8
"chr19",33621205,33622085,-0.071807672653124,0.143615345306248,44330,12595,13526,932,13
"chr2",63044792,63045097,0.0717975358881045,0.143595071776209,48789,149922,162071,12150,5
"chr14",100149264,100149593,-0.0717711202068407,0.143542240413681,27176,53330,279902,226573,3
"chr5",171418825,171419509,0.0717699681133274,0.143539936226655,70833,37997,82900,44904,8
"chr9",136726254,136727425,-0.0717670776987267,0.143534155397453,86572,222155,256456,34302,13
"chr6",33406259,33406370,-0.0717639869811862,0.143527973962372,72838,187359,190588,3230,13
"chr6",32119041,32119101,0.0717440807547434,0.143488161509487,72656,176505,181542,5038,7
"chr1",116754334,116754398,-0.0717341661442414,0.143468332288483,4735,246619,255891,9273,8
"chr22",41997542,41997569,0.0717257812423634,0.143451562484727,58444,256538,272358,15821,11
"chr22",44172890,44172895,0.0717243143081685,0.143448628616337,58606,127773,130806,3034,9
"chr16",18984069,18984210,0.0717187096135592,0.143437419227118,32049,7527,19789,12263,10
"chr19",38264647,38264948,0.0717163293978102,0.14343265879562,44725,2807,6147,3341,10
"chr1",84164603,84164626,-0.0717112193120852,0.14342243862417,3880,249054,254575,5522,13
"chr1",202927379,202927473,0.0717108214154782,0.143421642830956,7273,9313,14214,4902,7
"chr10",12195554,12196022,0.0717080366642688,0.143416073328538,9239,102510,115092,12583,18
"chr3",12841556,12841867,0.0717075722229663,0.143415144445933,59368,153938,156796,2859,11
"chr17",19380838,19381119,-0.0717013635009845,0.143402727001969,36244,14051,204715,190665,3
"chr7",1159205,1159290,0.0716813227074593,0.143362645414919,76061,115740,122506,6767,23
"chr1",37808256,37809081,0.0716773166871687,0.143354633374337,2521,16923,19925,3003,18
"chr9",86259752,86259885,0.0716680712887655,0.143336142577531,84518,167649,181211,13563,6
"chr6",32195277,32195785,0.0716658280651896,0.143331656130379,72680,88399,94248,5850,55
"chr6",75284546,75285109,-0.0716649217979489,0.143329843595898,74010,92589,95173,2585,14
"chr7",134646073,134646627,0.0716532590083244,0.143306518016649,79393,122061,124856,2796,12
"chr7",107661919,107661970,0.0716528844945903,0.143305768989181,78821,49833,103082,53250,7
"chr3",49020966,49023414,0.071623611052483,0.143247222104966,60504,82694,82717,24,35
"chr4",118278491,118278568,0.0716222076273621,0.143244415254724,66326,17509,18195,687,13
"chr17",17180609,17180648,0.0716174514028215,0.143234902805643,36062,278071,290885,12815,2
"chr16",18801607,18801655,0.0716096105470518,0.143219221094104,32044,59584,60563,980,14
"chr10",114821424,114822049,0.0716085538331698,0.14321710766634,11925,170105,186932,16828,9
"chr18",21112260,21112377,0.0716080428381849,0.14321608567637,40558,220135,233434,13300,19
"chr1",201399786,201399818,0.07160790457739,0.14321580915478,7145,5408,20404,14997,10
"chr1",6423866,6424812,-0.0716067110832403,0.143213422166481,556,704,9078,8375,8
"chr7",99144042,99144360,-0.0716040942330355,0.143208188466071,78270,29262,41689,12428,13
"chr9",109379061,109379399,0.0715965739875929,0.143193147975186,85129,268490,282586,14097,4
"chr2",174334918,174335013,-0.0715962770607629,0.143192554121526,51020,864,11519,10656,15
"chr13",48037479,48037551,0.0715954522970756,0.143190904594151,23651,73079,102659,29581,13
"chr4",1718256,1718457,-0.0715899233173716,0.143179846634743,64294,1181,35795,34615,3
"chr1",87328392,87328906,0.0715747786193976,0.143149557238795,3969,90594,94535,3942,14
"chr1",85062189,85062194,-0.0715743961663807,0.143148792332761,3919,261624,274097,12474,12
"chr17",75521954,75522149,-0.0715689208525515,0.143137841705103,39223,59139,76193,17055,4
"chr22",31292314,31292653,0.0715683283112753,0.143136656622551,57687,112948,197068,84121,7
"chr7",80922415,80923222,-0.0715582138403981,0.143116427680796,77913,182498,219443,36946,5
"chr11",65572220,65572303,-0.0715499746175102,0.14309994923502,15367,88373,174009,85637,10
"chr15",101065654,101066641,-0.0715451393092961,0.143090278618592,30695,54307,55972,1666,6
"chr5",57175043,57175771,0.0715209823457102,0.14304196469142,68362,272328,310475,38148,21
"chr16",56190870,56191139,-0.0715138256544633,0.143027651308927,33116,58058,62391,4334,19
"chr20",63406365,63406405,0.0714963741017997,0.142992748203599,55528,197300,208060,10761,7
"chr2",25204239,25204245,-0.0714906925986655,0.142981385197331,47809,33397,63650,30254,4
"chr14",22981313,22982680,-0.0714894674917357,0.142978934983471,24995,8173,51747,43575,14
"chr19",42302051,42302856,-0.0714863654085812,0.142972730817162,45290,73010,78337,5328,25
"chr12",55829618,55830344,0.0714811044171181,0.142962208834236,20271,28429,91063,62635,21
"chr12",12716932,12717461,-0.0714808545659431,0.142961709131886,18787,66087,67396,1310,20
"chr16",3012055,3012794,0.0714789743418229,0.142957948683646,31379,77116,91033,13918,13
"chr5",17216150,17216984,-0.0714647941300699,0.14292958826014,67805,116499,118789,2291,14
"chr2",132645426,132645436,-0.0714532845676154,0.142906569135231,50389,1891,154445,152555,4
"chr5",181203287,181203434,-0.0714451928396674,0.142890385679335,71352,142644,221055,78412,2
"chr1",23751175,23751483,-0.0714442875217427,0.142888575043485,1603,13044,283219,270176,2
"chr9",135700501,135701165,-0.0714431588318887,0.142886317663777,86428,127824,170286,42463,11
"chr3",179071438,179071811,-0.0714417361271018,0.142883472254204,63335,102561,116810,14250,17
"chr2",201118476,201118510,-0.0714164832973416,0.142832966594683,51568,142246,154224,11979,10
"chr8",36784300,36784406,-0.0714067540222037,0.142813508044407,81203,180669,187439,6771,9
"chr6",3446165,3446373,-0.0714041415588729,0.142808283117746,71503,188218,265227,77010,4
"chr10",86653199,86653215,0.0714017586990155,0.142803517398031,10857,181804,185815,4012,3
"chr17",40287704,40287840,0.0713947199374213,0.142789439874843,37167,117217,199329,82113,15
"chr12",9950221,9950951,0.0713842847647669,0.142768569529534,18625,202089,215968,13880,5
"chr8",10729280,10729457,0.0713714228611159,0.142742845722232,80499,47462,81902,34441,6
"chr3",186570541,186570982,-0.0713588637568698,0.14271772751374,63684,96140,99025,2886,15
"chr7",99466233,99466388,0.0713425328581641,0.142685065716328,78298,204341,242826,38486,9
"chr3",197029760,197030004,-0.071341891123776,0.142683782247552,64077,86792,101331,14540,6
"chr3",11019249,11019389,0.0713417724056089,0.142683544811218,59281,255003,265143,10141,2
"chr7",45111779,45111841,0.0713308196551425,0.142661639310285,77308,88709,112041,23333,9
"chr4",183659234,183659309,0.0713253341722456,0.142650668344491,67175,138874,161399,22526,13
"chr8",29348038,29349466,-0.0713133855507347,0.142626771101469,81110,189309,191231,1923,13
"chr11",119664055,119664522,0.0713079424302356,0.142615884860471,17405,80679,168144,87466,5
"chr19",54012087,54012557,-0.0713069607695609,0.142613921539122,46735,216303,298963,82661,4
"chr10",87861662,87862016,0.0713057888926202,0.14261157778524,10901,95855,97164,1310,54
"chr12",48525661,48525688,0.0713044752740603,0.142608950548121,19488,116775,188284,71510,4
"chr16",15643371,15643716,0.0712841645959837,0.142568329191967,31983,195744,196212,469,14
"chr4",80203446,80203613,0.0712833444911872,0.142566688982374,65776,109351,123863,14513,4
"chr9",128067532,128067612,0.0712776171962018,0.142555234392404,85802,280731,310587,29857,17
"chr13",32428110,32428251,0.0712746096367397,0.142549219273479,23327,202841,203062,222,14
"chr15",83284992,83285128,0.0712555296624807,0.142511059324961,30117,76301,87539,11239,19
"chr11",59845464,59845647,0.0712527334553524,0.142505466910705,14701,44425,113284,68860,2
"chr17",6640741,6641583,0.0712481013017258,0.142496202603452,35396,88179,102743,14565,19
"chr13",114027864,114027869,0.0712479942723537,0.142495988544707,24729,288009,294181,6173,3
"chr1",145961387,145961874,-0.071233956668848,0.142467913337696,4908,122254,162276,40023,4
"chr22",46364065,46364608,-0.0712334643312223,0.142466928662445,58759,7967,52753,44787,4
"chr10",110643340,110644197,0.0712320684509011,0.142464136901802,11790,135075,186529,51455,10
"chr2",223945501,223946026,0.071228063312465,0.14245612662493,52284,252959,264757,11799,8
"chr8",143829312,143829574,-0.0712243666400484,0.142448733280097,83242,11834,44163,32330,11
"chr3",42149096,42149191,0.0712214079472728,0.142442815894546,60012,239397,245090,5694,11
"chr19",10119891,10120051,-0.0712184319399643,0.142436863879929,42864,78543,97349,18807,5
"chr22",32121572,32121662,0.0712176811426678,0.142435362285336,57758,223447,224201,755,3
"chr12",19440101,19440525,0.0712115060229058,0.142423012045812,18970,20114,70920,50807,11
"chr6",109691285,109691671,-0.0712109777939569,0.142421955587914,74491,170447,174123,3677,19
"chr4",112817704,112818420,0.0712001767656909,0.142400353531382,66269,239604,290992,51389,13
"chr7",90118980,90119333,-0.0711989125658624,0.142397825131725,78008,80248,80258,11,27
"chr17",50425978,50425980,0.071197069237434,0.142394138474868,38212,238414,266296,27883,13
"chr12",110846150,110846874,0.071189616908501,0.142379233817002,21781,208370,221749,13380,14
"chr5",77638813,77638894,0.0711798268331272,0.142359653666254,68734,9681,77696,68016,10
"chr11",86807929,86808540,0.0711655959425448,0.14233119188509,16485,280250,286673,6424,4
"chr22",23144861,23145253,-0.0711640349862241,0.142328069972448,57170,199337,202532,3196,14
"chr2",74507633,74507927,0.0711571922741489,0.142314384548298,49178,86846,88935,2090,15
"chr19",54473558,54473561,0.0711564165476457,0.142312833095291,46810,101501,209454,107954,3
"chr20",58890480,58890640,0.0711521427807459,0.142304285561492,55250,21921,22248,328,61
"chr7",122144302,122144542,0.071137972684441,0.142275945368882,79028,168638,169004,367,9
"chr11",93197573,93198084,0.0711356327292628,0.142271265458526,16543,49201,93765,44565,17
"chr11",65917637,65919749,0.0711344109651094,0.142268821930219,15451,176749,178725,1977,20
"chr2",105241323,105241857,-0.0711323749837479,0.142264749967496,49831,164366,224714,60349,17
"chr6",147203442,147204341,0.0711294882162415,0.142258976432483,75269,78127,90189,12063,14
"chr15",67825569,67825579,0.0711251133670425,0.142250226734085,29389,256121,297630,41510,8
"chr13",107868479,107868597,0.0711240020971746,0.142248004194349,24411,12158,13285,1128,20
"chr22",31630916,31631506,0.0711191078723093,0.142238215744619,57722,226265,296150,69886,9
"chr13",45418445,45419277,0.0711143204324795,0.142228640864959,23587,138679,198323,59645,20
"chr5",61162951,61163500,-0.0711102642775204,0.142220528555041,68429,117484,143621,26138,15
"chr7",138002041,138002514,0.0711086801402525,0.142217360280505,79467,190608,215579,24972,16
"chr19",38850173,38850455,0.0711022120619149,0.14220442412383,44830,198378,199051,674,8
"chr20",17698618,17698816,0.0710976498280432,0.142195299656086,53641,209370,213488,4119,5
"chr19",47745371,47745478,0.0710908852398369,0.142181770479674,45887,239293,297055,57763,7
"chr6",136920947,136921009,-0.0710834431717363,0.142166886343473,75055,177243,181500,4258,3
"chr5",1524134,1524835,-0.0710767784130968,0.142153556826194,67535,29100,35451,6352,8
"chr6",31889257,31889263,0.0710645920892287,0.142129184178457,72605,14030,41769,27740,23
"chr4",17577051,17577115,-0.0710509138377369,0.142101827675474,64808,33902,37167,3266,10
"chr15",41116275,41116501,0.0710415557115232,0.142083111423046,28355,233773,236838,3066,12
"chr5",174335601,174336052,-0.0710253244529552,0.14205064890591,70928,216687,229261,12575,3
"chr17",47896258,47896261,-0.0710169332905738,0.142033866581148,37971,27160,28634,1475,14
"chr5",152972908,152972967,0.0710138160243334,0.142027632048667,70508,136911,165024,28114,3
"chr12",47080013,47080034,-0.0710093545663525,0.142018709132705,19403,57726,58088,363,24
"chr19",1885608,1885718,-0.0709985326674699,0.14199706533494,41837,249844,260693,10850,5
"chr17",76453105,76453522,0.0709954470546477,0.141990894109295,39394,208935,210309,1375,14
"chr11",72752628,72753158,0.0709891190621276,0.141978238124255,16057,43683,171785,128103,8
"chr2",204545265,204545664,-0.0709862376937133,0.141972475387427,51691,154754,161724,6971,9
"chr4",1986553,1986624,-0.0709843328613003,0.141968665722601,64331,157768,159260,1493,7
"chr14",47675111,47675166,0.0709820940114098,0.14196418802282,25496,12610,17678,5069,10
"chr21",31873147,31873903,-0.0709654101764822,0.141930820352964,55953,121356,199753,78398,10
"chr6",152381328,152381525,-0.0709639824704597,0.141927964940919,75423,190505,191351,847,7
"chr8",58410974,58411154,-0.0709615246377192,0.141923049275438,81656,228441,248646,20206,5
"chr19",7676923,7676952,0.0709233742992503,0.141846748598501,42597,208706,297016,88311,8
"chr1",40097170,40097599,0.070923282582782,0.141846565165564,2658,92435,148648,56214,9
"chr7",100823674,100823695,0.0709191158252443,0.141838231650489,78522,182243,189510,7268,5
"chr20",16729973,16729976,0.0708943845073823,0.141788769014765,53622,12605,56064,43460,12
"chr3",49802928,49803277,0.0708913702842721,0.141782740568544,60626,22478,34703,12226,6
"chr14",23555660,23555662,0.0708879834118615,0.141775966823723,25085,213153,221378,8226,16
"chr17",32494809,32494829,0.0708631587228767,0.141726317445753,36702,51874,124177,72304,3
"chr13",113355405,113355436,-0.0708498598464451,0.14169971969289,24648,3019,86480,83462,4
"chr7",56051853,56052434,-0.0708475869310504,0.141695173862101,77507,187861,276061,88201,10
"chr7",142111205,142111515,0.0708452272578742,0.141690454515748,79646,130180,310107,179928,2
"chr1",30824180,30824251,0.0708449605433575,0.141689921086715,2078,165301,224203,58903,9
"chr7",22665672,22665714,0.0708441617596878,0.141688323519376,76687,16980,46612,29633,6
"chr5",140827803,140827913,0.0708370226226876,0.141674045245375,69934,165530,233263,67734,12
"chr6",26033558,26033626,0.0708317305648552,0.14166346112971,71946,181919,185061,3143,10
"chr6",27873574,27873645,0.0708230283872219,0.141646056774444,72062,171106,173130,2025,14
"chr15",48645659,48646379,-0.070821221416119,0.141642442832238,28737,112369,212806,100438,9
"chr9",113150694,113150772,-0.070819798993345,0.14163959798669,85228,91981,174907,82927,9
"chr1",228425399,228425401,0.0708196745444199,0.14163934908884,8292,109090,146603,37514,7
"chr16",69462463,69462681,0.0708183470386129,0.141636694077226,33731,230072,243018,12947,3
"chr13",52194031,52194524,-0.0708107333674676,0.141621466734935,23836,206292,299463,93172,4
"chr19",38907482,38907506,-0.0707847709203996,0.141569541840799,44841,195585,281786,86202,3
"chr6",32853576,32854266,0.0707818681258008,0.141563736251602,72747,48177,48396,220,51
"chr19",40777601,40778101,0.070773889705631,0.141547779411262,45104,197686,201105,3420,11
"chr4",158671466,158672079,0.0707735729839477,0.141547145967895,66912,39612,82854,43243,19
"chr7",143885406,143885537,0.0707731036514596,0.141546207302919,79740,126198,171000,44803,11
"chr3",32694372,32695680,-0.0707648318421726,0.141529663684345,59739,213875,245943,32069,6
"chr9",87498366,87498371,-0.0707629444513347,0.141525888902669,84536,3565,10538,6974,5
"chr5",140794419,140794797,0.0707417029838586,0.141483405967717,69920,247030,259770,12741,10
"chr4",5622780,5622844,0.0707362137570151,0.14147242751403,64505,151031,151977,947,3
"chr12",132329424,132329853,0.0707341590483758,0.141468318096752,22801,13550,44585,31036,10
"chr1",25430797,25431019,-0.070732783308132,0.141465566616264,1712,156435,157012,578,13
"chr11",66267796,66268014,-0.0707316367917839,0.141463273583568,15494,172051,173474,1424,44
"chr1",155140226,155140738,0.0707289975468719,0.141457995093744,5566,93371,102948,9578,12
"chr11",66334675,66334768,0.0707276513427325,0.141455302685465,15510,44534,47143,2610,6
"chr8",143558231,143558233,0.0707217409395376,0.141443481879075,83164,302670,304886,2217,16
"chr15",95431716,95431981,-0.0707158645826728,0.141431729165346,30551,245816,246589,774,3
"chr1",2194867,2194950,0.0706956168018088,0.141391233603618,281,138895,140405,1511,9
"chr20",12952709,12952949,0.0706887427302963,0.141377485460593,53585,242407,252525,10119,2
"chr6",135195798,135195908,-0.0706792618192846,0.141358523638569,75010,137604,175031,37428,4
"chr6",10555449,10555648,0.0706791596956526,0.141358319391305,71649,213221,240493,27273,12
"chr3",52706216,52706737,-0.0706760802045178,0.141352160409036,60933,254814,261539,6726,25
"chr17",39194920,39194945,0.0706754008739354,0.141350801747871,37006,207910,238727,30818,2
"chr21",44082876,44083082,0.0706745368869757,0.141349073773951,56503,132571,214764,82194,5
"chr14",105301054,105301302,-0.0706743155832658,0.141348631166532,27671,25909,27512,1604,21
"chr6",30913963,30914317,-0.0706737851365983,0.141347570273197,72402,48044,49587,1544,42
"chr4",2041687,2041798,0.0706667330556951,0.14133346611139,64336,114339,152276,37938,12
"chr6",27838242,27839064,0.0706625880234803,0.141325176046961,72056,50346,104772,54427,12
"chr11",68903397,68903408,0.0706610055858919,0.141322011171784,15818,185015,189564,4550,16
"chr16",31700612,31700718,-0.0706427983053097,0.141285596610619,32827,96580,239074,142495,4
"chr16",1364686,1364717,-0.0706341623507614,0.141268324701523,30984,52464,58165,5702,8
"chr5",141369791,141370544,0.07062728435381,0.14125456870762,70034,276898,300455,23558,11
"chr14",77708143,77708408,0.0706210942359907,0.141242188471981,26600,214482,215771,1290,16
"chr1",32205511,32206231,0.07061032084318,0.14122064168636,2168,37741,68377,30637,18
"chr2",33599364,33599617,0.0706071272747358,0.141214254549472,48210,29738,31809,2072,15
"chr12",49911525,49911627,0.0705883846677463,0.141176769335493,19677,258911,288841,29931,4
"chr10",102419902,102419946,0.0705742196735679,0.141148439347136,11559,238823,239550,728,24
"chr21",29073976,29074112,0.0705625107754104,0.141125021550821,55840,215353,237941,22589,13
"chr5",44511325,44511525,0.0705614883716688,0.141122976743338,68209,234674,242066,7393,2
"chr19",36666731,36666977,-0.0705578085137029,0.141115617027406,44648,195280,211152,15873,11
"chr11",73403970,73404372,0.070555780940466,0.141111561880932,16101,132958,231895,98938,3
"chr17",28727229,28727497,0.0705405182810566,0.141081036562113,36456,58724,73044,14321,13
"chr12",112409453,112409703,-0.0705375631624151,0.14107512632483,21871,88115,89063,949,12
"chr19",7555279,7555711,0.070535279498915,0.14107055899783,42565,12719,297895,285177,2
"chr12",51238539,51238591,0.070534219418829,0.141068438837658,19780,181752,187451,5700,17
"chr12",110583491,110584012,0.0705294662041322,0.141058932408264,21768,210465,222786,12322,8
"chr3",58306169,58306359,-0.0705291574975623,0.141058314995125,61137,35786,139715,103930,8
"chr1",228487116,228487208,0.0705271990365083,0.141054398073017,8297,148560,150369,1810,13
"chr15",81296764,81296838,0.0705222145312249,0.14104442906245,30044,222326,236342,14017,7
"chr2",10449116,10449206,-0.0705181484020437,0.141036296804087,47519,158750,226406,67657,14
"chr12",56996191,56996916,-0.0705155528151558,0.141031105630312,20448,179677,238896,59220,4
"chr19",49867924,49867940,-0.0705105337865432,0.141021067573086,46228,196397,293156,96760,6
"chr4",169619762,169620101,0.0705049481363042,0.141009896272608,67028,142168,143518,1351,17
"chr12",49325753,49325911,0.0705038730828714,0.141007746165743,19610,187690,271284,83595,2
"chr10",1056671,1057400,-0.0705018495586352,0.14100369911727,8924,179598,180367,770,20
"chr17",78187037,78187286,0.0705014800773914,0.141002960154783,39532,71673,72273,601,21
"chr20",38033551,38033908,0.0704961150208045,0.140992230041609,54422,91022,96671,5650,11
"chr2",55693929,55693990,0.0704878211214898,0.14097564224298,48678,158164,164544,6381,12
"chr3",77040610,77040614,-0.0704806432055109,0.140961286411022,61416,113534,232600,119067,3
"chr2",224401587,224402159,0.0704713953171921,0.140942790634384,52295,146880,151618,4739,14
"chr19",38852705,38852866,0.0704689333225087,0.140937866645017,44831,295770,296425,656,5
"chr17",44070702,44071097,-0.0704608671691539,0.140921734338308,37670,201063,205590,4528,15
"chr17",48543051,48544660,-0.0704577505668045,0.140915501133609,38010,16330,21297,4968,25
"chr14",35826194,35826507,0.070450650496764,0.140901300993528,25387,209237,226797,17561,7
"chr1",6180980,6181119,-0.0704490435190979,0.140898087038196,515,33370,93960,60591,3
"chr9",113410486,113410839,-0.0704489299224413,0.140897859844883,85246,244511,261203,16693,18
"chr6",30686782,30688722,-0.0704200538700732,0.140840107740146,72357,47754,47903,150,41
"chr5",119355161,119355711,-0.0703934764610851,0.14078695292217,69307,255665,263629,7965,17
"chr17",16353254,16353353,-0.0703875073618542,0.140775014723708,36023,21631,26395,4765,11
"chr14",100159855,100160661,-0.0703794691019552,0.14075893820391,27177,95967,119680,23714,11
"chr12",109093609,109093634,0.0703777870218667,0.140755574043733,21636,44961,58386,13426,8
"chr11",824762,825246,-0.0703770970656573,0.140754194131315,12729,236163,245426,9264,6
"chr7",1057495,1057746,0.0703721039172442,0.140744207834488,76050,46847,88681,41835,4
"chr12",26125273,26125308,0.0703692834415354,0.140738566883071,19101,248913,255776,6864,15
"chr20",62122407,62122457,-0.0703669577327388,0.140733915465478,55358,76012,77813,1802,11
"chr19",57230620,57230764,0.0703600107423926,0.140720021484785,47081,56277,83975,27699,13
"chr2",85354574,85354588,0.0703537174448969,0.140707434889794,49303,143447,143867,421,18
"chr12",109451626,109451644,0.0703461136896214,0.140692227379243,21672,85212,177719,92508,3
"chr13",96053340,96053458,0.0703440370124898,0.14068807402498,24175,608,10567,9960,10
"chr4",159267575,159267584,0.0703426366234464,0.140685273246893,66929,31482,104249,72768,6
"chr17",47981744,47981744,0.0703366827173743,0.140673365434749,37988,84643,304109,219467,4
"chr3",132039992,132040258,0.0703351628696153,0.140670325739231,62445,268387,268522,136,6
"chr21",33024564,33024636,0.0703228873512025,0.140645774702405,56004,115658,135703,20046,4
"chr3",63897988,63898081,-0.0703160541023885,0.140632108204777,61225,251848,260514,8667,4
"chr4",2262109,2262305,0.0703159477170696,0.140631895434139,64355,87260,140816,53557,12
"chr15",67520994,67522542,0.0703051274725427,0.140610254945085,29383,195610,199855,4246,19
"chr22",24010470,24011246,-0.0702917811203734,0.140583562240747,57246,202252,213238,10987,10
"chr19",49486674,49487341,-0.0702831246282827,0.140566249256565,46152,212649,214428,1780,11
"chr11",46705045,46705486,-0.0702792355045311,0.140558471009062,14299,174233,185185,10953,4
"chr2",176637291,176637352,0.0702506562420446,0.140501312484089,51101,241377,275739,34363,12
"chr17",4787333,4787337,0.0702427847669324,0.140485569533865,35242,86867,117537,30671,6
"chr22",40819820,40819935,-0.0702424484928531,0.140484896985706,58300,294403,299921,5519,13
"chr12",43758314,43758912,-0.0702151044267971,0.140430208853594,19345,116314,181038,64725,12
"chr8",85106952,85107076,-0.0702113401266396,0.140422680253279,82033,176074,177125,1052,15
"chr9",131009084,131009475,0.0701991808659665,0.140398361731933,86085,66949,82003,15055,8
"chr6",33711802,33712118,0.070182263858995,0.14036452771799,72874,41404,43765,2362,7
"chr1",11805585,11807251,0.070180836563723,0.140361673127446,891,95854,96715,862,25
"chr1",244048088,244048772,-0.0701805495044315,0.140361099008863,8667,109048,158901,49854,11
"chr16",56657662,56657937,-0.0701739060175935,0.140347812035187,33158,58043,58097,55,7
"chr3",181711866,181712420,-0.070157665360054,0.140315330720108,63419,31063,31600,538,13
"chr16",48609902,48610300,0.0701551049750845,0.140310209950169,32931,201720,204719,3000,13
"chr15",89575393,89575463,-0.0701455184509668,0.140291036901934,30326,201784,209100,7317,15
"chr12",29381317,29381692,0.070143979925107,0.140287959850214,19178,130986,196150,65165,10
"chr22",36703707,36703759,-0.070143254915778,0.140286509831556,57911,7933,62139,54207,17
"chr4",66275534,66275579,-0.0701175000944617,0.140235000188923,65443,242024,274374,32351,3
"chr9",100098050,100098148,0.0701155900554746,0.140231180110949,84967,220275,229340,9066,4
"chr1",161214030,161215131,0.0701124962412831,0.140224992482566,6171,142707,143098,392,9
"chr14",95094127,95094139,-0.0701090529324047,0.140218105864809,27004,311634,311675,42,6
"chr10",121594140,121594375,0.0701049129238021,0.140209825847604,12095,180923,186621,5699,14
"chr14",69398597,69399197,-0.0700995707940093,0.140199141588019,26144,108821,121013,12193,26
"chr20",43457199,43457239,-0.070092586325424,0.140185172650848,54590,105964,196142,90179,11
"chr16",72665165,72665319,0.0700925737356829,0.140185147471366,33931,138585,230730,92146,12
"chr11",117203047,117203152,-0.0700826098610057,0.140165219722011,17119,244021,283616,39596,2
"chr6",4775042,4775404,0.0700794770375864,0.140158954075173,71535,69619,136405,66787,7
"chr17",39688168,39688718,0.0700749353375124,0.140149870675025,37066,298299,298427,129,24
"chr6",123063855,123064217,-0.0700701118214448,0.14014022364289,74769,168082,276237,108156,2
"chr11",31804285,31804724,-0.0700588985159257,0.140117797031851,13942,120056,126595,6540,7
"chr11",10450614,10450918,-0.070052194169206,0.140104388338412,13498,25028,46027,21000,9
"chr12",121399925,121400206,0.07004358553761,0.14008717107522,22278,89431,101800,12370,11
"chr9",93952765,93952974,0.0700402969973242,0.140080593994648,84733,42728,131760,89033,2
"chr17",37609596,37609878,-0.0700254160088571,0.140050832017714,36900,198272,201851,3580,17
"chr12",111842051,111842961,-0.0700067113816198,0.14001342276324,21830,265981,272887,6907,25
"chr19",35328872,35329082,-0.0700026884252346,0.140005376850469,44451,112677,193253,80577,5
"chr17",50508279,50508284,0.0699993111317169,0.139998622263434,38224,200903,201038,136,13
"chr1",45686535,45688093,0.0699985687035452,0.13999713740709,3041,108795,146884,38090,17
"chr15",29968770,29969176,0.0699941086692016,0.139988217338403,28006,58469,116407,57939,3
"chr5",160312824,160312844,-0.0699937346639001,0.1399874693278,70659,1233,6935,5703,7
"chr7",48088619,48088697,-0.0699711218743712,0.139942243748742,77373,184736,249038,64303,20
"chr14",39102640,39103285,0.0699440203009766,0.139888040601953,25439,208554,223420,14867,13
"chr21",33554740,33555010,0.0699371045715258,0.139874209143052,56047,126405,283461,157057,3
"chr6",36241899,36242025,0.0699262636308472,0.139852527261694,73033,214244,232999,18756,4
"chr15",34338013,34338155,-0.0699237045173307,0.139847409034661,28114,60842,74780,13939,20
"chr7",30911471,30912094,-0.0699129110789233,0.139825822157847,76949,4083,16441,12359,14
"chr20",11923453,11923874,0.0699122425608434,0.139824485121687,53579,279823,280056,234,2
"chr3",44241710,44242345,0.0699069534206504,0.139813906841301,60100,146652,160432,13781,14
"chr4",151409063,151409240,0.0699038186755341,0.139807637351068,66762,162410,163139,730,8
"chr15",74175091,74175550,0.0699027937994965,0.139805587598993,29657,196164,197001,838,16
"chr8",92017500,92017871,0.0698779879731088,0.139755975946218,82128,188283,274399,86117,4
"chr14",105498819,105499042,-0.0698699044387431,0.139739808877486,27707,194083,208869,14787,5
"chr21",39379177,39380377,-0.0698652280037619,0.139730456007524,56256,210991,246155,35165,15
"chr2",64654157,64654942,0.0698605317012904,0.139721063402581,48834,164548,288631,124084,6
"chr1",35268623,35268803,-0.0698544632759841,0.139708926551968,2355,138617,159633,21017,8
"chr3",37174971,37175596,0.0698541106568769,0.139708221313754,59836,96257,129917,33661,7
"chr11",66267313,66268461,0.0698515826057013,0.139703165211403,15494,121671,168830,47160,44
"chr1",187442797,187443615,0.0698513725410852,0.13970274508217,6964,150842,239279,88438,5
"chr17",56885167,56885194,0.0698498838896864,0.139699767779373,38383,193040,284505,91466,3
"chr1",26772500,26772939,-0.0698482447682639,0.139696489536528,1839,218552,233032,14481,3
"chr12",55680545,55680567,0.0698329942987688,0.139665988597538,20238,84876,121718,36843,3
"chr20",23048650,23049817,0.0698293846269844,0.139658769253969,53777,70643,80200,9558,12
"chr9",137441530,137441775,-0.0698238894950888,0.139647778990178,86768,6676,67287,60612,9
"chr15",49620816,49621110,-0.0698134563198019,0.139626912639604,28762,52777,55807,3031,15
"chr16",88651220,88651347,0.0698045875187643,0.139609175037529,34522,53177,86403,33227,12
"chr8",11769475,11770303,0.0697833433113492,0.139566686622698,80552,86278,96238,9961,11
"chr9",132161902,132161956,0.0697768730578476,0.139553746115695,86168,28767,66486,37720,11
"chr4",110623135,110623625,-0.0697702498766566,0.139540499753313,66236,146939,225894,78956,12
"chr19",7519355,7520200,-0.0697431524423563,0.139486304884713,42556,216316,293991,77676,5
"chr5",119268710,119268845,-0.0697338587134797,0.139467717426959,69303,12559,33808,21250,13
"chr17",7556930,7557168,0.0697310865977853,0.139462173195571,35562,100390,237498,137109,3
"chr1",227816199,227816237,-0.0697113812393029,0.139422762478606,8203,39099,89525,50427,2
"chr10",248413,248488,0.0697089206569766,0.139417841313953,8869,126371,170846,44476,2
"chr3",14811458,14811476,-0.0697083192095495,0.139416638419099,59455,121714,121938,225,5
"chr4",83034904,83034988,-0.069703624293718,0.139407248587436,65822,157723,163062,5340,17
"chr4",103019793,103020143,0.0697034053004171,0.139406810600834,66107,152494,161423,8930,13
"chr3",51392597,51392609,-0.0697014502320324,0.139402900464065,60752,247588,252425,4838,8
"chr14",24115117,24115131,0.0696943126576683,0.139388625315337,25138,91154,112850,21697,20
"chr9",136546922,136546950,0.0696850570457221,0.139370114091444,86553,180880,213454,32575,2
"chr2",201780965,201781726,-0.0696575927517301,0.13931518550346,51613,222367,236504,14138,13
"chr3",10108119,10108295,-0.0696552352045912,0.139310470409182,59229,1213,15000,13788,11
"chr1",113871690,113871718,0.0696477185590389,0.139295437118078,4624,90051,96645,6595,6
"chr9",38622363,38622751,-0.0696464103408806,0.139292820681761,84261,168952,177027,8076,4
"chr5",37249990,37250140,0.0696392184902579,0.139278436980516,68024,162809,228385,65577,6
"chr5",54520733,54520733,0.0696364751780651,0.13927295035613,68268,152639,302562,149924,2
"chr15",82750119,82750653,-0.0696342093702357,0.139268418740471,30090,83993,137728,53736,8
"chr3",81985118,81986088,-0.0696310021715018,0.139262004343004,61440,260607,269006,8400,6
"chr6",34888203,34888381,0.0696308502756255,0.139261700551251,72945,176269,178042,1774,17
"chr6",37432888,37432892,-0.0696281240845975,0.139256248169195,73121,188773,191420,2648,8
"chr19",893230,893253,-0.0696202806933751,0.13924056138675,41604,208427,216333,7907,6
"chr13",110150391,110150402,-0.0696186587039349,0.13923731740787,24449,201226,201334,109,7
"chr9",101487376,101487465,-0.0696052084321099,0.13921041686422,85009,228065,230391,2327,9
"chr8",4995102,4995753,-0.0695884209479999,0.139176841896,80393,85702,90190,4489,12
"chr11",106022018,106022128,0.0695833751104482,0.139166750220896,16767,47501,48063,563,17
"chr14",103685721,103685901,0.0695753035941661,0.139150607188332,27491,124070,196515,72446,6
"chr19",50203130,50203320,0.0695718349729657,0.139143669945931,46260,9596,13398,3803,9
"chr2",949737,950011,-0.0695629884279505,0.139125976855901,47302,135434,142471,7038,5
"chr8",143950891,143950955,0.0695458047793422,0.139091609558684,83277,42506,45829,3324,14
"chr13",48302814,48303455,-0.0695423341361817,0.139084668272363,23658,196712,202716,6005,26
"chr9",34646553,34646686,-0.0695405925268094,0.139081185053619,84033,61486,99780,38295,7
"chr10",22319745,22320337,0.0695276248373346,0.139055249674669,9474,79713,116908,37196,5
"chr6",31739734,31739812,0.0695241190465766,0.139048238093153,72563,167278,169730,2453,34
"chr7",99325468,99325627,0.0695200823884989,0.139040164776998,78279,113153,174754,61602,8
"chr13",72781934,72782268,0.0695184227109736,0.139036845421947,23955,107881,117774,9894,19
"chr8",18809027,18809051,0.0695108891509904,0.139021778301981,80684,174697,180031,5335,4
"chr2",47782591,47783415,-0.0695047158342226,0.139009431668445,48552,80020,90939,10920,10
"chr3",129305533,129305833,-0.0694904250559062,0.138980850111812,62332,162638,279808,117171,5
"chr14",103628442,103629237,0.0694880730306586,0.138976146061317,27487,70421,77453,7033,9
"chr19",5892100,5892302,0.0694824601311977,0.138964920262395,42400,97504,106009,8506,5
"chr8",142197832,142198298,-0.0694783760157957,0.138956752031591,83038,267430,282037,14608,5
"chr11",66268178,66268463,-0.0694631393916679,0.138926278783336,15494,179640,180931,1292,44
"chr1",157701387,157701596,0.0694559368710126,0.138911873742025,5879,158634,244957,86324,8
"chr11",65859388,65860347,0.0694511244871874,0.138902248974375,15428,249950,254389,4440,27
"chr8",15540220,15540390,-0.0694430255807868,0.138886051161574,80612,46978,50806,3829,10
"chr22",36775981,36776522,0.0694220567423878,0.138844113484776,57913,89649,95377,5729,13
"chr5",14664378,14664544,-0.0694148636951618,0.138829727390324,67753,3522,7763,4242,6
"chr1",162023752,162024340,-0.0694077948145291,0.138815589629058,6227,95823,141270,45448,16
"chr4",177309697,177309777,0.0694063903872466,0.138812780774493,67112,97465,123637,26173,14
"chr7",143131904,143131973,0.0694044955457743,0.138808991091549,79686,175380,186091,10712,5
"chr19",39391202,39391451,-0.0694029542567255,0.138805908513451,44900,70532,76902,6371,17
"chr10",58999133,58999426,0.0693977477249049,0.13879549544981,10102,240242,247766,7525,3
"chr20",2841295,2841325,-0.0693954394189414,0.138790878837883,53288,113316,121032,7717,26
"chr15",31480854,31480854,0.0693924765264118,0.138784953052824,28048,212761,304207,91447,2
"chr14",68979586,68979902,-0.0693887929021668,0.138777585804334,26123,59824,59860,37,17
"chr13",95676671,95677101,0.0693753406972266,0.138750681394453,24170,54808,56045,1238,14
"chr19",37594710,37594909,0.0693729327426871,0.138745865485374,44697,264368,292925,28558,18
"chr1",103525797,103525868,0.0693608896293043,0.138721779258609,4258,141810,153930,12121,18
"chr15",42208265,42208516,0.0693580552564363,0.138716110512873,28469,59079,74285,15207,12
"chr17",70104424,70105012,0.0693532211118473,0.138706442223695,38974,290796,294511,3716,8
"chr12",98504055,98504139,0.069353070478657,0.138706140957314,21314,200689,204105,3417,8
"chr4",153789247,153789383,-0.0693404051780647,0.138680810356129,66831,6021,30056,24036,38
"chr6",26204415,26205016,0.0693398238710611,0.138679647742122,71966,172531,173439,909,11
"chr5",58490529,58490622,0.0693397958782407,0.138679591756481,68383,97838,112672,14835,5
"chr14",57269134,57269489,-0.0693262449302389,0.138652489860478,25735,294395,296443,2049,18
"chr17",64230646,64231537,-0.0693226076792587,0.138645215358517,38777,219458,231137,11680,6
"chr1",28887163,28887178,0.0693196461450341,0.138639292290068,2033,20259,23456,3198,10
"chr2",233833195,233833277,0.0692948387880023,0.138589677576005,52646,288146,290509,2364,2
"chr7",100819782,100820170,0.0692918141088494,0.138583628217699,78520,177055,288598,111544,2
"chr12",57744412,57744997,0.0692917058180464,0.138583411636093,20621,137446,177218,39773,12
"chr12",110742885,110743634,-0.0692879265721497,0.138575853144299,21780,28679,41270,12592,11
"chr4",170090113,170090476,-0.0692831992635796,0.138566398527159,67045,97845,106197,8353,15
"chr4",8592597,8592787,0.0692759738194841,0.138551947638968,64681,6387,35736,29350,8
"chr6",85449385,85449479,-0.0692640685784644,0.138528137156929,74114,106303,121038,14736,14
"chr7",37919880,37920578,-0.0692611851291448,0.13852237025829,77085,180841,238010,57170,13
"chr14",105248042,105248506,-0.0692500723644476,0.138500144728895,27665,57376,59216,1841,23
"chr11",130893829,130894597,0.0692482190253115,0.138496438050623,17890,184743,221406,36664,6
"chr1",161046032,161046151,0.0692456482981083,0.138491296596217,6125,111160,115098,3939,17
"chr5",172959296,172959830,0.069236027710486,0.138472055420972,70892,146258,160985,14728,23
"chr16",3966719,3966844,0.0692303494243197,0.138460698848639,31538,139782,139925,144,5
"chr1",156859029,156860891,0.0692278994581963,0.138455798916393,5817,61025,63642,2618,15
"chr1",51878846,51879017,0.0692278277344908,0.138455655468982,3252,260837,265359,4523,25
"chr4",177442553,177443188,-0.0692264209115432,0.138452841823086,67117,94029,156349,62321,6
"chr19",23116949,23117087,-0.0692006876196106,0.138401375239221,44180,60604,73696,13093,4
"chr12",121297593,121297828,0.0691970328375723,0.138394065675145,22271,130787,193805,63019,8
"chr2",210476848,210477072,0.0691939990079886,0.138387998015977,51844,98896,108352,9457,14
"chr8",22693207,22693761,0.0691877135655258,0.138375427131052,80853,92548,96996,4449,22
"chr1",246723989,246724023,0.0691812441885573,0.138362488377115,8736,95702,267080,171379,7
"chr12",120639936,120640124,0.0691747856797451,0.13834957135949,22213,278921,279772,852,12
"chr19",39445203,39445348,0.0691663250519984,0.138332650103997,44918,263093,271121,8029,14
"chr17",7420286,7420336,-0.0691646822289804,0.138329364457961,35532,200467,217181,16715,11
"chr8",38996335,38997152,0.0691634099294629,0.138326819858926,81331,91622,98398,6777,19
"chr12",119877329,119877358,-0.0691562035491993,0.138312407098399,22136,91163,189946,98784,11
"chr3",197790651,197791146,-0.0691412490678102,0.13828249813562,64109,111215,115316,4102,11
"chr19",51368637,51369111,0.0691412407332246,0.138282481466449,46453,4667,96731,92065,5
"chr3",188154565,188154667,0.0691376709636224,0.138275341927245,63771,141997,160637,18641,2
"chr11",2868579,2868789,0.0690876013839615,0.138175202767923,12995,186015,188516,2502,33
"chr19",1980911,1981144,-0.0690830876532265,0.138166175306453,41852,80130,293394,213265,6
"chr21",37267545,37268786,-0.069081858392786,0.138163716785572,56184,139365,193953,54589,17
"chr7",93891034,93891128,0.0690812392108281,0.138162478421656,78119,267840,300193,32354,21
"chr17",80036544,80036677,-0.069077382468907,0.138154764937814,39727,57230,57516,287,13
"chr21",42219336,42219754,0.0690747178336954,0.138149435667391,56404,240363,278281,37919,15
"chr11",17351561,17351577,0.0690669136863132,0.138133827372626,13688,117282,119658,2377,10
"chr6",30162360,30162372,0.0690628770358043,0.138125754071609,72285,173984,174852,869,28
"chr10",104274929,104275159,-0.0690515179319737,0.138103035863947,11721,122211,173177,50967,10
"chr11",61968008,61968059,0.0690482227580725,0.138096445516145,14898,167213,177945,10733,12
"chr11",1838608,1838884,-0.0690372531066456,0.138074506213291,12888,100088,117675,17588,14
"chr17",30970824,30970923,-0.0690353091163697,0.138070618232739,36595,117727,119059,1333,17
"chr13",38687032,38687288,0.0690299773264123,0.138059954652825,23418,52382,58760,6379,13
"chr16",20964590,20964927,-0.0690269630604453,0.138053926120891,32145,52355,195880,143526,3
"chr20",44311402,44311573,0.0690252621195959,0.138050524239192,54641,107205,118226,11022,10
"chr14",96501488,96502966,0.0690227311904866,0.138045462380973,27099,195731,209582,13852,17
"chr21",29193315,29193317,-0.0690194011295031,0.138038802259006,55850,108036,201324,93289,6
"chr3",49719471,49719806,0.0690014834157934,0.138002966831587,60610,147161,149111,1951,12
"chr12",122974498,122974985,0.0689991081720977,0.137998216344195,22422,102835,128734,25900,21
"chr17",81702745,81703466,0.0689912855264075,0.137982571052815,39981,59082,78264,19183,13
"chr19",47419652,47420074,0.0689792352951185,0.137958470590237,45847,77466,86660,9195,8
"chr1",93346028,93346562,0.0689761014180264,0.137952202836053,4096,147659,157361,9703,14
"chr2",86807540,86808635,0.0689732908899429,0.137946581779886,49410,111732,141882,30151,13
"chr1",66533465,66534070,-0.0689687466439241,0.137937493287848,3649,137348,142295,4948,19
"chr1",54764679,54764729,-0.0689655291655137,0.137931058331027,3412,87820,114362,26543,11
"chr12",52601574,52601918,0.0689416270134166,0.137883254026833,19923,193419,216960,23542,10
"chr5",125035563,125035918,0.0689369576448292,0.137873915289658,69376,231684,264856,33173,2
"chr14",94581295,94581318,-0.0689289946160685,0.137857989232137,26991,115802,116131,330,8
"chr12",57016449,57017004,0.0689179942282743,0.137835988456549,20455,94661,182790,88130,3
"chr1",43969835,43969891,0.0689111282007204,0.137822256401441,2905,154971,155640,670,13
"chr5",142868958,142869808,-0.068911120401131,0.137822240802262,70161,262480,270068,7589,7
"chr2",240625207,240625235,0.0689034566099388,0.137806913219878,52917,224602,259599,34998,8
"chr12",53422484,53422491,-0.068901842617729,0.137803685235458,20057,87392,241953,154562,2
"chr11",442189,442753,-0.0688983113782268,0.137796622756454,12633,192131,246224,54094,8
"chr8",17496889,17497203,-0.0688967586714977,0.137793517342995,80636,17704,71474,53771,7
"chr19",3047764,3047967,0.0688880820336643,0.137776164067329,42006,219502,234876,15375,9
"chr13",111893339,111893557,0.0688880227999242,0.137776045599848,24530,2612,109589,106978,6
"chr10",77821651,77822081,0.0688775677113982,0.137755135422796,10698,251399,269170,17772,4
"chr6",28904200,28904258,-0.0688742769173861,0.137748553834772,72137,168259,168519,261,13
"chr16",28492084,28492274,-0.0688693579200036,0.137738715840007,32424,120686,194376,73691,13
"chr1",205568624,205568749,0.068862641817999,0.137725283635998,7507,30074,30899,826,11
"chr19",44890128,44891219,-0.0688515496227791,0.137703099245558,45516,200538,230392,29855,12
"chr7",134459071,134459303,-0.0688487490181193,0.137697498036239,79386,77597,91739,14143,13
"chr4",81030945,81031499,-0.0688464246722165,0.137692849344433,65783,157886,161464,3579,12
"chr16",72094001,72094847,0.0688438525889435,0.137687705177887,33915,193190,201828,8639,28
"chr18",10660643,10660648,-0.0688339879390358,0.137667975878072,40442,231896,233701,1806,3
"chr13",109281590,109281824,0.0688278488818089,0.137655697763618,24433,272378,276364,3987,6
"chr17",28344435,28344469,-0.0688012940838765,0.137602588167753,36388,204915,218757,13843,3
"chr10",129768844,129770754,-0.0687940863126467,0.137588172625293,12351,45370,48742,3373,15
"chr8",103140360,103141601,-0.068789589999742,0.137579179999484,82383,102565,166907,64343,14
"chr17",7650057,7650681,0.0687873600592165,0.137574720118433,35594,217186,229044,11859,16
"chr3",32817168,32817953,-0.0687872886464015,0.137574577292803,59742,112694,123016,10323,13
"chr8",100649539,100650562,0.0687849367372182,0.137569873474436,82320,183491,183884,394,12
"chr7",5072004,5072010,0.0687808502795532,0.137561700559106,76327,171635,174417,2783,9
"chr12",123436436,123436759,0.0687795535793476,0.137559107158695,22473,72476,93243,20768,14
"chr6",135054791,135055557,0.0687789928953687,0.137557985790737,75001,118126,129873,11748,13
"chr18",3012019,3012550,0.0687789024711497,0.137557804942299,40278,196933,293330,96398,6
"chr5",65925709,65926448,-0.0687762706045645,0.137552541209129,68487,24341,24993,653,15
"chr1",86468682,86468924,-0.0687575240532089,0.137515048106418,3948,140556,159331,18776,5
"chr4",165378634,165379138,-0.0687534981515249,0.13750699630305,66984,90928,143108,52181,13
"chr9",122227713,122227731,-0.0687510584263875,0.137502116852775,85478,253921,266928,13008,24
"chr11",72434489,72434702,0.0687439985948013,0.137487997189603,16028,23247,45575,22329,13
"chr8",120445167,120446316,0.0687419191423047,0.137483838284609,82590,185802,197214,11413,17
"chr8",143715759,143716374,0.0687415697018785,0.137483139403757,83212,70649,116718,46070,9
"chr19",16828473,16829210,0.0687142194545144,0.137428438909029,43673,233617,250805,17189,10
"chr2",189783737,189783967,0.0687100080981849,0.13742001619637,51330,78941,92805,13865,21
"chr11",86672515,86672654,0.0687067050150822,0.137413410030164,16479,11222,11586,365,18
"chr3",184373455,184373515,0.0687014990272227,0.137402998054445,63575,104769,240785,136017,2
"chr5",65721669,65722773,0.0686894726436026,0.137378945287205,68480,91119,94867,3749,18
"chr6",10419613,10419802,0.0686595360044142,0.137319072008828,71638,173756,182526,8771,16
"chr5",69093851,69094025,-0.0686575957102706,0.137315191420541,68535,151836,161662,9827,12
"chr15",44711576,44711634,0.0686312589073156,0.137262517814631,28634,13145,14964,1820,14
"chr11",44936682,44936682,0.0686297705041257,0.137259541008251,14187,289743,305171,15429,5
"chr6",106511776,106512190,0.0686252247164607,0.137250449432921,74376,86872,94499,7628,8
"chr11",36399751,36400042,0.0686137436386061,0.137227487277212,14110,192245,216408,24164,4
"chr12",30926357,30926407,-0.0686083138276843,0.137216627655369,19199,62479,63672,1194,15
"chr6",20534517,20534565,0.0686024651968712,0.137204930393742,71840,20274,41064,20791,15
"chr14",81219789,81220622,0.0685995850844941,0.137199170168988,26647,205682,206786,1105,25
"chr7",101245088,101245467,0.0685994809343021,0.137198961868604,78615,11862,49714,37853,11
"chr12",117190664,117190715,0.068585759598443,0.137171519196886,22049,99733,178630,78898,8
"chr18",48950757,48950803,-0.0685737223576951,0.13714744471539,40977,73890,75224,1335,20
"chr14",75002433,75002439,0.0685648038584319,0.137129607716864,26426,126963,132790,5828,13
"chr17",73231560,73231613,0.0685644046306742,0.137128809261348,39018,87261,98107,10847,3
"chr3",184193104,184193570,-0.0685496589211274,0.137099317842255,63533,238908,289713,50806,3
"chr8",109645648,109646227,0.0685410634061349,0.13708212681227,82477,186896,247980,61085,11
"chr14",64823256,64823302,-0.0685396113098059,0.137079222619612,26001,251425,275380,23956,11
"chr6",149400289,149400321,-0.068536855698014,0.137073711396028,75301,38385,46311,7927,8
"chr19",43982977,43984268,0.0685307692118837,0.137061538423767,45441,194414,194435,22,12
"chr16",50693522,50693553,-0.0685249172619886,0.137049834523977,32986,64076,70882,6807,6
"chr16",66844907,66844968,0.0685243495593457,0.137048699118691,33421,10901,52894,41994,16
"chr20",2295789,2295880,0.0685202195199952,0.13704043903999,53249,194166,199229,5064,7
"chr19",39970871,39971013,0.0685195404307539,0.137039080861508,44973,55540,70329,14790,10
"chr17",49575944,49575947,-0.0685137360616454,0.137027472123291,38112,24804,26238,1435,11
"chr2",98663544,98663873,0.068485891558354,0.136971783116708,49629,248779,254927,6149,6
"chr2",189440840,189441162,0.0684808509119224,0.136961701823845,51314,34666,37080,2415,12
"chr18",56651330,56651381,0.0684774997760199,0.13695499955204,41105,137496,138986,1491,13
"chr11",14973687,14973720,0.0684745658366978,0.136949131673396,13632,178907,179015,109,35
"chr14",24299505,24299531,-0.0684669300074127,0.136933860014825,25195,56350,78587,22238,22
"chr2",47782727,47783223,0.0684628308873623,0.136925661774725,48552,6027,12951,6925,10
"chr2",188291736,188291822,-0.0684545361666558,0.136909072333312,51292,120844,122956,2113,23
"chr3",25789604,25790458,-0.0684539274321813,0.136907854864363,59660,245274,245969,696,16
"chr17",2511838,2512105,0.0684425451130501,0.1368850902261,35034,83315,119553,36239,11
"chr8",53251736,53251831,0.0684416067995341,0.136883213599068,81561,43773,47605,3833,13
"chr12",106358012,106358054,0.0684199382345274,0.136839876469055,21522,45886,47919,2034,15
"chr12",57165945,57166118,-0.0684160061698378,0.136832012339676,20490,52853,294852,242000,2
"chr2",68973877,68974353,-0.0684138744707531,0.136827748941506,48923,103035,126091,23057,4
"chr22",35617652,35617817,0.0683990917075649,0.13679818341513,57842,243069,250764,7696,13
"chr3",51962929,51963673,-0.0683934277597853,0.136786855519571,60799,243121,262189,19069,8
"chr3",3798676,3799773,-0.0683903764078596,0.136780752815719,59048,110488,111990,1503,12
"chr19",36528263,36528662,0.0683876860251956,0.136775372050391,44639,28428,59249,30822,11
"chr7",100082701,100082768,0.0683827408126394,0.136765481625279,78370,177105,224142,47038,7
"chr3",49411438,49412175,-0.0683800737644234,0.136760147528847,60572,152314,153454,1141,20
"chr17",42388632,42388842,0.0683750122597198,0.13675002451944,37461,292294,293177,884,13
"chr19",39532188,39532928,-0.0683729860249091,0.136745972049818,44936,200050,213290,13241,15
"chr5",77492232,77492351,-0.0683629306964598,0.13672586139292,68731,227625,274529,46905,10
"chr12",95073746,95073796,-0.0683367910942343,0.136673582188469,21241,86424,113384,26961,10
"chr14",41607858,41608117,0.0683354576814723,0.136670915362945,25460,115641,199217,83577,10
"chr3",42600198,42601097,0.0683312839207739,0.136662567841548,60042,98823,150122,51300,19
"chr6",89118711,89118736,0.0683296838418567,0.136659367683713,74187,228204,263745,35542,6
"chr5",55307601,55308046,0.0683169258051813,0.136633851610363,68293,93930,101505,7576,20
"chr9",97853058,97853067,-0.068315866820442,0.136631733640884,84892,14806,63557,48752,7
"chr17",18260455,18260910,0.0682895473123988,0.136579094624798,36178,53553,61613,8061,14
"chr15",45129414,45130355,0.0682890635861874,0.136578127172375,28654,105102,195824,90723,18
"chr13",113453475,113454156,-0.0682848119756546,0.136569623951309,24664,6880,10971,4092,14
"chr8",64378291,64379125,0.068284533675291,0.136569067350582,81728,105078,117085,12008,11
"chr2",96537847,96537903,0.0682765251760492,0.136553050352098,49533,109662,148945,39284,4
"chr7",51028975,51029086,-0.0682760513578019,0.136552102715604,77426,119307,171753,52447,6
"chr2",15941900,15942063,0.0682703138719625,0.136540627743925,47625,138222,139981,1760,13
"chr3",36992663,36993349,-0.0682621977502988,0.136524395500598,59816,89350,90036,687,42
"chr5",151158006,151158264,0.0682610848796548,0.13652216975931,70457,95627,122764,27138,12
"chr3",47380848,47380968,0.0682593193130005,0.136518638626001,60328,31619,34306,2688,13
"chr15",82986085,82986119,0.0682558761904828,0.136511752380966,30100,52625,54083,1459,11
"chr2",178112254,178112354,-0.0682347534955884,0.136469506991177,51137,82533,119794,37262,5
"chr15",55743256,55743261,-0.0682314637203654,0.136462927440731,28940,107385,121264,13880,7
"chr10",93072874,93073875,-0.0682311562437109,0.136462312487422,11067,188966,192194,3229,16
"chr9",113409527,113410026,0.0682220342842547,0.136444068568509,85246,281922,284289,2368,18
"chr12",54015741,54016518,-0.0682181508632767,0.136436301726553,20124,179575,180455,881,31
"chr6",117602473,117602632,0.0682164278132436,0.136432855626487,74711,101586,112081,10496,13
"chr11",368638,368847,0.068211955805003,0.136423911610006,12612,179722,183496,3775,22
"chr3",111071542,111071736,-0.0682111995940618,0.136422399188124,61709,88737,236755,148019,14
"chr15",89894159,89895455,0.0682103837498476,0.136420767499695,30359,266462,296294,29833,13
"chr19",40702627,40702630,-0.06820820623228,0.13641641246456,45090,277753,283363,5611,2
"chr3",57166303,57166464,-0.0682018059142614,0.136403611828523,61076,39982,155499,115518,3
"chr10",100535706,100536086,0.0681998006047821,0.136399601209564,11410,180714,180997,284,13
"chr3",179148024,179148907,0.0681845893685584,0.136369178737117,63336,118542,146280,27739,16
"chr11",66049050,66049175,-0.0681800189320045,0.136360037864009,15477,17887,50557,32671,8
"chr1",112674182,112674559,-0.0681760515555509,0.136352103111102,4579,156610,157322,713,20
"chr11",86374652,86374890,0.0681677806360356,0.136335561272071,16474,14660,45910,31251,11
"chr14",60649403,60649788,-0.068163681181325,0.13632736236265,25844,56977,81876,24900,11
"chr12",62192787,62192874,0.0681612487833468,0.136322497566694,20670,113317,114426,1110,18
"chr6",33165708,33165754,-0.068136763885619,0.136273527771238,72786,33949,46374,12426,8
"chr5",177337418,177337454,-0.068127313573091,0.136254627146182,71057,38390,282936,244547,2
"chr3",122976608,122976775,0.0681209598329698,0.13624191966594,62058,219496,274567,55072,3
"chr1",100895679,100896162,0.0681206627242773,0.136241325448555,4243,85856,94869,9014,18
"chr13",36214706,36214724,-0.0681169934893772,0.136233986978754,23377,52453,53305,853,8
"chr5",114055597,114055871,0.0681111176748853,0.136222235349771,69234,149368,160949,11582,9
"chr11",122881497,122881532,0.0681089383113992,0.136217876622798,17524,61392,63188,1797,20
"chr5",58582388,58582699,0.0681037904675951,0.13620758093519,68391,159508,165805,6298,14
"chr5",129460386,129461614,-0.0680989810269048,0.13619796205381,69438,32582,33421,840,20
"chr3",149969986,149971749,-0.0680910583941592,0.136182116788318,62868,125526,148476,22951,19
"chr8",133572003,133572449,0.0680662291561246,0.136132458312249,82874,24910,48723,23814,11
"chr17",732282,732358,0.0680474783229397,0.136094956645879,34829,21645,62482,40838,5
"chr16",679998,680244,-0.0680453345820748,0.13609066916415,30871,60527,60808,282,10
"chr12",103957202,103957522,0.0680395534023985,0.136079106804797,21453,59688,167147,107460,9
"chr10",45463311,45463323,0.068039188241971,0.136078376483942,9906,176228,180859,4632,4
"chr8",23103059,23103086,-0.0680246712943897,0.136049342588779,80883,4342,42104,37763,8
"chr12",98895254,98895415,0.0680230009314526,0.136046001862905,21335,66452,69407,2956,15
"chr7",149774795,149774960,-0.068022329949296,0.136044659898592,79861,47339,135609,88271,5
"chr13",25095904,25095909,-0.0680169517704707,0.136033903540941,23086,88031,115195,27165,6
"chr20",3794971,3794992,0.0680145850537211,0.136029170107442,53385,203433,218235,14803,3
"chr19",51065073,51065266,0.0680108347564558,0.136021669512912,46410,197145,208314,11170,11
"chr1",19596996,19597507,-0.0680082553441542,0.136016510688308,1314,139597,143099,3503,14
"chr8",56073998,56075353,0.0680077743678925,0.136015548735785,81621,310102,310508,407,13
"chr19",14529559,14529574,-0.0680033193985617,0.136006638797123,43455,4989,6234,1246,22
"chr7",134459310,134459354,0.0679939848403285,0.135987969680657,79386,140795,174358,33564,13
"chr18",80158130,80158130,-0.0679834632313544,0.135966926462709,41495,311354,311515,162,3
"chr3",49006742,49006792,0.0679722359366881,0.135944471873376,60498,229045,246417,17373,17
"chr4",145482717,145482881,0.0679556813947994,0.135911362789599,66672,162347,164248,1902,18
"chr3",169146323,169147309,0.0679540554649386,0.135908110929877,63197,1316,18438,17123,21
"chr6",41786224,41786268,0.0679376629706837,0.135875325941367,73296,105747,126799,21053,3
"chr2",215844828,215844839,0.0679375999758789,0.135875199951758,51909,137445,161741,24297,3
"chr3",184134557,184135359,-0.0679295565590251,0.13585911311805,63512,137634,142850,5217,17
"chr16",3672762,3672778,-0.0679186269588152,0.13583725391763,31501,123606,134338,10733,2
"chr1",156054786,156055317,-0.067915352269094,0.135830704538188,5673,151931,215019,63089,18
"chr8",116756647,116756927,0.067912145683298,0.135824291366596,82511,237911,242274,4364,11
"chr4",54728038,54728041,0.0679055958260603,0.135811191652121,65331,311934,312341,408,14
"chr2",156332729,156333156,0.0678956384320441,0.135791276864088,50622,148769,151788,3020,12
"chr5",82278475,82278589,-0.0678928528979366,0.135785705795873,68843,154531,159533,5003,17
"chr5",140174930,140174984,0.0678866758082399,0.13577335161648,69867,141495,146265,4771,13
"chr22",29603980,29603995,0.0678858835362846,0.135771767072569,57512,8205,10929,2725,18
"chr14",65102594,65102625,-0.0678812924534935,0.135762584906987,26022,78034,83750,5717,15
"chr10",27744409,27744648,-0.0678642551862725,0.135728510372545,9580,70960,105391,34432,13
"chr6",26027347,26028505,0.0678598632441188,0.135719726488238,71944,169086,175266,6181,13
"chr17",40287869,40287897,-0.0678554440424487,0.135710888084897,37167,21442,27148,5707,15
"chr13",45463869,45464188,0.067852654173724,0.135705308347448,23588,246373,256482,10110,11
"chr2",86790981,86791462,-0.0678526021135397,0.135705204227079,49409,129425,139176,9752,16
"chr2",99141488,99141688,0.0678522049620473,0.135704409924095,49643,244608,270483,25876,17
"chr8",51809586,51809625,-0.0678499670071808,0.135699934014362,81526,177845,179994,2150,11
"chr5",177357549,177357687,-0.0678470200987145,0.135694040197429,71060,157545,160927,3383,12
"chr17",44947655,44948195,-0.0678431346623289,0.135686269324658,37794,279827,294088,14262,14
"chr14",101053832,101055140,0.0678430784920284,0.135686156984057,27313,199691,199813,123,20
"chr11",134252967,134253399,0.0678429469492353,0.135685893898471,17954,46611,47419,809,12
"chr3",64023420,64023860,-0.0678298487329313,0.135659697465863,61239,35579,93000,57422,11
"chr17",35578701,35579269,0.0678255511507813,0.135651102301563,36798,231219,295960,64742,15
"chr17",45242004,45242015,0.0678171340334826,0.135634268066965,37835,19474,20556,1083,4
"chr19",49872977,49873240,0.0678150117438593,0.135630023487719,46231,72877,201448,128572,3
"chr12",120529212,120529262,0.0678096145208673,0.135619229041735,22202,180949,183368,2420,15
"chr10",19815404,19815877,0.0678094977384722,0.135618995476944,9426,14825,17765,2941,14
"chr17",7321694,7321975,0.0678059371438676,0.135611874287735,35504,7601,59002,51402,2
"chr2",101474837,101474859,0.0677994481470781,0.135598896294156,49736,139322,139723,402,13
"chr12",57201570,57201809,-0.0677811872549652,0.13556237450993,20506,13259,26759,13501,5
"chr12",7131128,7131276,0.0677763562501227,0.135552712500245,18460,218440,270412,51973,3
"chr15",74022838,74023198,-0.0677724209050908,0.135544841810182,29646,123400,202451,79052,5
"chr1",217631340,217631535,0.0677715585732129,0.135543117146426,7909,158918,166443,7526,12
"chr1",6613643,6613674,-0.0677581513480679,0.135516302696136,592,260067,281726,21660,12
"chr5",73120441,73120642,0.0677375799268135,0.135475159853627,68607,28449,31898,3450,15
"chr9",122264232,122265121,0.06773383407418,0.13546766814836,85481,179320,228281,48962,20
"chr19",44647280,44647371,0.0677283644313227,0.135456728862645,45481,133831,196087,62257,4
"chr15",70892567,70892839,-0.0677253577015621,0.135450715403124,29509,234021,249155,15135,17
"chr5",321566,321917,-0.067720635423032,0.135441270846064,67402,39861,39866,6,10
"chr17",3808883,3809227,0.0677203878005772,0.135440775601154,35130,236907,246794,9888,4
"chr10",60944441,60944650,0.0677169790216518,0.135433958043304,10147,176338,182088,5751,13
"chr17",82698847,82699713,0.0677108987630551,0.13542179752611,40170,126045,201528,75484,6
"chr10",21518095,21518237,-0.0677043807449454,0.135408761489891,9451,186255,234439,48185,6
"chr2",43676331,43676668,-0.0676926877855322,0.135385375571064,48418,150943,249825,98883,9
"chr1",247112794,247113664,-0.0676750017615944,0.135350003523189,8754,114159,122894,8736,13
"chr4",1208906,1209073,0.0676744964539173,0.135348992907835,64255,6941,7333,393,19
"chr12",46826038,46826414,0.0676719380622774,0.135343876124555,19400,273355,300627,27273,11
"chr6",31112528,31112752,-0.0676691373300124,0.135338274660025,72433,90814,102234,11421,9
"chr11",8689097,8689363,-0.0676560190723976,0.135312038144795,13413,182975,183809,835,7
"chr18",44680145,44680165,-0.067650620061591,0.135301240123182,40854,19271,20524,1254,17
"chr14",100159602,100159752,-0.0676492738023013,0.135298547604603,27177,57538,61617,4080,11
"chr12",2052271,2052400,0.0676484981026166,0.135296996205233,18124,280371,295953,15583,17
"chr12",90917443,90918012,0.0676483183465289,0.135296636693058,21147,256821,266684,9864,3
"chr19",11088546,11089268,0.0676439220656778,0.135287844131356,43034,128625,129560,936,12
"chr12",68675299,68675653,0.0676412001522125,0.135282400304425,20834,308687,311433,2747,3
"chr14",64387813,64388305,0.0676407891211862,0.135281578242372,25956,138606,204233,65628,13
"chr6",52245214,52245649,-0.0676369048190806,0.135273809638161,73723,133362,187707,54346,7
"chr17",82232097,82232157,-0.0676346468065173,0.135269293613035,40097,58929,192698,133770,7
"chr18",13464995,13465095,0.0676335468592209,0.135267093718442,40524,281646,309187,27542,3
"chr16",31117030,31117479,0.0676228268645334,0.135245653729067,32754,294613,297044,2432,11
"chr16",30569907,30570063,0.0676190700776015,0.135238140155203,32652,57527,57890,364,3
"chr6",116571020,116571211,0.0676100109125663,0.135220021825133,74660,178585,191549,12965,13
"chr1",180230170,180230425,-0.0676091110207708,0.135218222041542,6749,68390,87203,18814,9
"chr9",98119517,98119649,-0.0676085407156852,0.13521708143137,84914,241490,270228,28739,10
"chr12",57528402,57528426,0.0676068173960636,0.135213634792127,20573,277225,306487,29263,2
"chr11",128525190,128525555,0.0676059530034663,0.135211906006933,17777,128397,228816,100420,3
"chr14",101055175,101056094,-0.0676002514047799,0.13520050280956,27313,207993,214489,6497,20
"chr6",108165246,108165896,-0.0675970147076055,0.135194029415211,74433,42671,42714,44,29
"chr12",51238560,51238813,0.0675937074060325,0.135187414812065,19780,18229,55188,36960,17
"chr11",20363539,20364015,-0.0675776861093198,0.13515537221864,13834,87431,95679,8249,19
"chr11",71453060,71453143,-0.06755998871036,0.13511997742072,15957,40372,43781,3410,15
"chr1",163071912,163071983,0.0675465391758349,0.13509307835167,6274,156680,271202,114523,2
"chr12",6766281,6766287,-0.0675449704264325,0.135089940852865,18365,26837,61070,34234,8
"chr20",58888947,58890120,0.0675401547592445,0.135080309518489,55250,55974,57004,1031,61
"chr7",124764377,124765706,-0.0675325722871051,0.13506514457421,79086,27440,41708,14269,18
"chr21",42849727,42849859,0.0675228539068353,0.135045707813671,56446,207803,312514,104712,2
"chr5",132369420,132369627,0.0675084873035845,0.135016974607169,69495,139704,149878,10175,14
"chr10",103193443,103194361,-0.0675049871188839,0.135009974237768,11630,192073,240831,48759,11
"chr22",37658498,37658577,0.0675011496989876,0.135002299397975,58009,206157,211236,5080,11
"chr14",21511412,21511916,0.0675000582207076,0.135000116441415,24925,124421,125571,1151,12
"chr6",31158496,31158507,-0.0674993179807903,0.134998635961581,72444,20682,21863,1182,46
"chr19",5904108,5904774,0.0674893509328609,0.134978701865722,42402,73821,77117,3297,17
"chr12",57110367,57110447,0.0674890460922467,0.134978092184493,20480,60251,64452,4202,7
"chr8",29351231,29351513,0.0674795484575725,0.134959096915145,81111,186783,192429,5647,12
"chr12",106138725,106140089,0.0674668993736998,0.1349337987474,21512,68417,75938,7522,15
"chr2",80304717,80304773,-0.067459232686376,0.134918465372752,49257,97269,97967,699,17
"chr1",9182897,9183183,0.0674486459429817,0.134897291885963,697,30710,112126,81417,5
"chr13",20193044,20193737,0.0674467665140874,0.134893533028175,22950,75018,75996,979,17
"chr11",6603364,6604515,0.0674385437667668,0.134877087533534,13281,193855,218308,24454,18
"chr17",39197853,39197879,0.0674373506125798,0.13487470122516,37007,52764,53180,417,5
"chr2",71068042,71068230,0.0674285343336216,0.134857068667243,49021,31780,36281,4502,15
"chr4",181265133,181265178,0.0674275164231786,0.134855032846357,67126,243380,275081,31702,5
"chr1",1013439,1014254,-0.0674245015124563,0.134849003024913,37,109947,117882,7936,15
"chr12",45726826,45729380,0.0674222332180567,0.134844466436113,19368,140700,167521,26822,22
"chr19",48993321,48993869,0.0674184161785052,0.13483683235701,46071,28763,54934,26172,16
"chr22",29204781,29205783,0.0674094661094623,0.134818932218925,57471,138368,239782,101415,11
"chr6",29486895,29487588,0.067403549959102,0.134807099918204,72176,187071,302664,115594,12
"chr2",69741470,69741794,0.0673903173710854,0.134780634742171,48945,141679,147471,5793,12
"chr6",32761665,32761721,-0.0673771056310161,0.134754211262032,72724,10736,40128,29393,6
"chr3",113019805,113019935,-0.0673749154384949,0.13474983087699,61782,162457,231495,69039,13
"chr15",58065693,58066186,0.0673745272409716,0.134749054481943,28999,26665,58156,31492,17
"chr14",20333458,20334055,-0.0673730978074757,0.134746195614951,24787,107897,242756,134860,8
"chr17",8745244,8745910,0.0673728018451888,0.134745603690378,35776,57893,74094,16202,12
"chr10",31318770,31319278,0.0673713854493236,0.134742770898647,9667,100638,115543,14906,21
"chr10",15097148,15097203,0.0673713415529421,0.134742683105884,9334,50868,60375,9508,20
"chr16",67968462,67969337,-0.0673675531861954,0.134735106372391,33620,99606,102488,2883,23
"chr13",25171869,25171874,-0.0673589967319262,0.134717993463852,23090,115393,123218,7826,20
"chr19",44165055,44165201,-0.0673508520181403,0.134701704036281,45456,210054,273567,63514,12
"chr6",42959545,42960732,-0.067350633372211,0.134701266744422,73371,186934,189174,2241,28
"chr19",15469499,15469572,-0.0673498761150734,0.134699752230147,43567,207463,294906,87444,7
"chr12",53973224,53973466,0.0673491530361659,0.134698306072332,20110,50565,85201,34637,9
"chr1",2103648,2104023,0.0673478907377279,0.134695781475456,262,32893,34855,1963,5
"chr10",60778385,60778443,0.0673455948251005,0.134691189650201,10140,172035,180232,8198,15
"chr11",69819472,69819616,-0.0673415786279643,0.134683157255929,15876,173948,178706,4759,15
"chr14",77616548,77616649,0.0673390171441605,0.134678034288321,26597,5893,21999,16107,11
"chr17",58488586,58488647,0.0673334479769594,0.134666895953919,38494,235488,276142,40655,8
"chr17",18183407,18184266,-0.0673218106336301,0.13464362126726,36160,195572,201071,5500,19
"chr11",43680553,43680785,0.0673161424054027,0.134632284810805,14150,24466,45193,20728,9
"chr12",114671699,114672129,-0.0673093051021662,0.134618610204332,21995,13584,104931,91348,4
"chr22",43343585,43343997,0.0673089600747982,0.134617920149596,58565,15139,15436,298,7
"chr12",68745923,68746008,0.0673081950110551,0.13461639002211,20840,177666,203993,26328,13
"chr19",13839143,13839799,-0.0673021674597659,0.134604334919532,43362,80731,307744,227014,4
"chr22",41197646,41197983,-0.0672925835817418,0.134585167163484,58339,66775,208198,141424,3
"chr11",69653569,69653610,0.0672804723093493,0.134560944618699,15864,44861,49846,4986,9
"chr8",120445141,120445357,-0.0672789486052156,0.134557897210431,82590,49093,61295,12203,17
"chr10",133288916,133288936,0.0672779555997017,0.134555911199403,12528,13244,43349,30106,3
"chr14",45109715,45110805,-0.0672748635919115,0.134549727183823,25474,237947,247116,9170,6
"chr10",50990976,50991219,-0.067274785603613,0.134549571207226,10061,189858,248080,58223,14
"chr7",102426619,102426625,-0.0672714397224928,0.134542879444986,78662,287429,287894,466,4
"chr9",109321678,109321725,0.0672618856645476,0.134523771329095,85128,214159,219068,4910,3
"chr10",132857746,132857772,-0.0672545589467664,0.134509117893533,12453,11283,167412,156130,3
"chr5",88667028,88667671,-0.0672534052598809,0.134506810519762,68895,117034,131801,14768,9
"chr8",32440066,32440660,0.0672489682869575,0.134497936573915,81163,243141,257578,14438,4
"chr15",39921125,39921208,0.0672486036342159,0.134497207268432,28203,76309,95494,19186,13
"chr3",98522583,98523129,0.0672407612850372,0.134481522570074,61523,35701,36860,1160,9
"chr8",93700383,93700401,0.0672393553292551,0.13447871065851,82144,20417,26412,5996,11
"chr19",925199,925914,0.0672385184933178,0.134477036986636,41613,137834,139424,1591,10
"chr12",124568195,124568464,-0.0672384292969415,0.134476858593883,22571,226984,305410,78427,8
"chr6",31653021,31653522,-0.0672376061487456,0.134475212297491,72525,122017,130286,8270,58
"chr11",59144372,59144767,0.0672288671447727,0.134457734289545,14656,114717,131667,16951,10
"chr12",3492903,3493120,0.0672273455978458,0.134454691195692,18190,124207,126678,2472,7
"chr16",2090691,2092061,-0.0672233542433726,0.134446708486745,31187,233460,257491,24032,12
"chr14",102229126,102229334,0.0672203397937751,0.13444067958755,27374,128720,135073,6354,7
"chr9",129178307,129178810,-0.0672198763403438,0.134439752680688,85965,188935,245565,56631,8
"chr21",38271959,38272322,0.0672098053168479,0.134419610633696,56211,211296,214256,2961,10
"chr17",45982886,45982987,-0.0672097680699071,0.134419536139814,37877,9094,51563,42470,4
"chr19",57363428,57363431,0.0672072631258409,0.134414526251682,47095,299756,300030,275,10
"chr1",101026096,101026262,0.0671993804253118,0.134398760850624,4245,163995,281650,117656,15
"chr1",153357834,153357874,0.06719507015976,0.13439014031952,5323,267612,276942,9331,13
"chr21",41767140,41767207,-0.0671888662376506,0.134377732475301,56351,56186,60335,4150,11
"chr4",6782441,6782659,-0.067177192162708,0.134354384325416,64577,60708,69979,9272,7
"chr7",30505299,30505327,-0.0671644149042387,0.134328829808477,76928,44658,46321,1664,13
"chr2",85327656,85328742,0.0671463023988382,0.134292604797676,49298,82307,87981,5675,23
"chr17",15262495,15262605,0.0671427260357232,0.134285452071446,35950,77216,77318,103,14
"chr1",21177099,21177131,-0.0671280930155733,0.134256186031147,1427,23332,23593,262,12
"chr6",106629240,106629485,0.0671216135296347,0.134243227059269,74385,5965,16910,10946,15
"chr6",109094697,109094870,0.0671196134444344,0.134239226888869,74456,70727,71227,501,23
"chr7",129770595,129771248,-0.0671138907365657,0.134227781473131,79262,181012,185301,4290,6
"chr1",114625626,114625965,0.0671101182988281,0.134220236597656,4657,238635,244049,5415,5
"chr3",149128963,149129394,-0.0671054756303049,0.13421095126061,62831,94608,108597,13990,10
"chr19",10106000,10106636,0.067091922029494,0.134183844058988,42856,81090,96273,15184,12
"chr7",98306444,98306452,0.0670851241473814,0.134170248294763,78224,9029,127647,118619,2
"chr22",38468116,38468239,-0.067077545218212,0.134155090436424,58111,54751,95765,41015,8
"chr11",57667470,57667757,0.0670705720325595,0.134141144065119,14591,40629,65002,24374,13
"chr17",74592273,74592286,-0.067067463689676,0.134134927379352,39096,84483,199789,115307,2
"chr19",58544159,58544251,0.0670619528778416,0.134123905755683,47261,125343,137861,12519,13
"chr1",32251206,32251226,-0.0670562967360019,0.134112593472004,2185,251209,260650,9442,9
"chr3",45995916,45996116,-0.0670552165982143,0.134110433196429,60214,37589,98148,60560,9
"chr9",5437889,5437898,0.0670514273358302,0.13410285467166,83583,65176,90122,24947,8
"chr5",132227799,132227811,0.0670465000525243,0.134093000105049,69486,23769,24531,763,13
"chr20",3799535,3799939,-0.0670290884993533,0.134058176998707,53388,73969,108658,34690,9
"chr1",182391767,182392123,0.0670289571384471,0.134057914276894,6810,85900,88970,3071,21
"chr4",86015203,86015513,0.0670276093850996,0.134055218770199,65868,130940,243547,112608,4
"chr16",30091910,30092070,0.0670221387626124,0.134044277525225,32593,55338,60784,5447,10
"chr4",8269068,8269642,-0.0670158417093288,0.134031683418658,64654,86820,143215,56396,11
"chr15",52018838,52020002,0.0670022782983767,0.134004556596753,28862,211840,293169,81330,17
"chr10",133378424,133378534,-0.0669985286758837,0.133997057351767,12549,47729,48407,679,23
"chr19",52139758,52140154,0.0669918603179118,0.133983720635824,46537,197073,198189,1117,12
"chr14",100954700,100954728,-0.0669871359411678,0.133974271882336,27272,201155,238410,37256,4
"chr1",25616336,25616484,-0.0669810059819296,0.133962011963859,1723,36371,82814,46444,4
"chr19",12791317,12791639,-0.0669676966089408,0.133935393217882,43249,58360,62114,3755,12
"chr10",63465784,63465792,-0.0669528063353178,0.133905612670636,10205,26063,26458,396,16
"chr22",30822337,30822503,-0.0669519439519151,0.13390388790383,57638,65449,67852,2404,6
"chr18",27992675,27992710,-0.0669496527442686,0.133899305488537,40686,217152,299910,82759,3
"chr19",1467953,1467980,-0.0669493376026542,0.133898675205308,41763,13391,17607,4217,7
"chr9",110208183,110208211,0.0669419920131612,0.133883984026322,85153,190368,230422,40055,4
"chr5",129460475,129461763,0.0669298181122706,0.133859636224541,69438,89983,123121,33139,20
"chr10",104315310,104315978,0.0669268263459326,0.133853652691865,11730,40165,50798,10634,4
"chr1",246767634,246767858,0.0669182874180349,0.13383657483607,8738,131780,159318,27539,4
"chr17",38853083,38853932,-0.0669093651735588,0.133818730347118,36973,139499,199324,59826,19
"chr11",34438789,34438804,-0.0669076795875321,0.133815359175064,14050,114014,115744,1731,11
"chr3",62318795,62319104,0.0668986265479343,0.133797253095869,61196,135170,144883,9714,23
"chr20",63865842,63866004,-0.0668874171846975,0.133774834369395,55614,286226,292128,5903,2
"chr3",33659609,33659674,0.066886488423958,0.133772976847916,59776,134354,136492,2139,12
"chr13",99200304,99200902,-0.066841940589323,0.133683881178646,24244,116542,194218,77677,22
"chr10",46556101,46557168,-0.0668391692917372,0.133678338583474,9936,111156,167825,56670,9
"chr1",201808495,201808503,0.0668293748077015,0.133658749615403,7173,156711,157301,591,5
"chr3",111998946,111998959,0.0668106144571741,0.133621228914348,61736,140778,142301,1524,13
"chr1",44674614,44674793,-0.066797322755043,0.133594645510086,2949,153470,238589,85120,16
"chr2",241356193,241356363,0.0667961512197024,0.133592302439405,53022,31693,35796,4104,8
"chr10",110007826,110007894,-0.0667949203595137,0.133589840719027,11767,47939,49807,1869,14
"chr6",111873240,111873410,0.0667903050906194,0.133580610181239,74569,50896,88776,37881,12
"chr1",117059507,117060064,-0.0667679223171988,0.133535844634398,4751,95077,147189,52113,11
"chr16",67944313,67944542,-0.066760399980798,0.133520799961596,33610,205068,206282,1215,10
"chr16",20741957,20742155,0.0667542448155067,0.133508489631013,32129,206179,207343,1165,8
"chr15",80694807,80694856,-0.0667535054193807,0.133507010838761,30002,106766,111180,4415,6
"chr11",59754989,59755084,0.0667388469975305,0.133477693995061,14689,260732,261373,642,16
"chr12",43760050,43760283,0.0667348031087738,0.133469606217548,19346,102334,231435,129102,3
"chr2",242088296,242088584,-0.0667335069927946,0.133467013985589,53098,35684,264805,229122,3
"chr10",118342472,118342741,-0.0667222756647709,0.133444551329542,12003,86911,132446,45536,14
"chr12",79690743,79691340,-0.0667184987715219,0.133436997543044,21027,26196,46728,20533,15
"chr20",47785611,47786190,-0.0667155132960574,0.133431026592115,54930,77906,87184,9279,17
"chr7",149499,149614,-0.0667139496354767,0.133427899270953,75949,59807,61252,1446,11
"chr16",81444754,81445160,-0.0667070457370035,0.133414091474007,34154,20048,28614,8567,7
"chr12",88545786,88545814,0.0666936255756995,0.133387251151399,21124,177917,278623,100707,2
"chr5",154445858,154446965,-0.0666914983403257,0.133382996680651,70528,143354,149310,5957,14
"chr1",62436196,62436666,0.0666745093617938,0.133349018723588,3558,267300,288175,20876,14
"chr15",82710026,82710058,-0.0666535858624098,0.13330717172482,30085,137983,138955,973,9
"chr19",5804631,5804784,-0.0666466184313518,0.133293236862704,42385,194682,199189,4508,5
"chr18",3447538,3447543,0.066641605450756,0.133283210901512,40300,250690,256355,5666,12
"chr14",33215210,33215231,0.066637355743118,0.133274711486236,25340,62236,273748,211513,2
"chr1",232804583,232805309,-0.0666357256492469,0.133271451298494,8439,164076,166483,2408,9
"chr16",8867461,8869230,0.0666165875388389,0.133233175077678,31712,218881,239068,20188,26
"chr2",218260400,218260849,0.0666014042262269,0.133202808452454,52004,261423,268441,7019,6
"chr5",134113851,134114547,-0.0665928554725455,0.133185710945091,69569,157508,160962,3455,20
"chr9",33474985,33475073,0.0665923130481403,0.133184626096281,83966,183007,264286,81280,2
"chr7",1845147,1845253,-0.0665905407404817,0.133181081480963,76130,223971,240774,16804,6
"chr9",35690054,35691085,-0.0665901974871879,0.133180394974376,84126,3876,9060,5185,13
"chr5",160119211,160119973,0.0665876342712061,0.133175268542412,70648,29939,32759,2821,10
"chr3",129121817,129121837,-0.0665698846424107,0.133139769284821,62317,21496,25671,4176,20
"chr11",27699730,27701002,0.0665377219625853,0.133075443925171,13902,46613,46985,373,36
"chr5",141245301,141245436,-0.0665351995105912,0.133070399021182,70011,13302,15487,2186,14
"chr5",134370448,134371332,0.0665186347933365,0.133037269586673,69584,252402,278879,26478,15
"chr16",76276180,76276581,0.0664905445121453,0.132981089024291,34054,242772,256351,13580,7
"chr11",66546388,66546888,0.0664848025620273,0.132969605124055,15549,130144,170391,40248,17
"chr18",77249386,77249404,-0.0664738750801681,0.132947750160336,41428,216326,217141,816,33
"chr7",88221062,88221074,0.066467941973493,0.132935883946986,77997,285155,309793,24639,12
"chr12",53752868,53753103,-0.0664554878295747,0.132910975659149,20096,216886,270006,53121,6
"chr5",53559736,53560572,-0.066455441523999,0.132910883047998,68252,130291,158825,28535,12
"chr11",69676174,69676353,0.066421608987301,0.132843217974602,15866,126483,171330,44848,10
"chr7",712987,712995,0.0663895506946759,0.132779101389352,75987,186690,187164,475,18
"chr9",87725503,87725516,-0.0663743162118393,0.132748632423679,84545,63577,72065,8489,12
"chr2",17540333,17540536,0.0663717156156122,0.132743431231224,47635,32979,34004,1026,17
"chr1",1274316,1275165,-0.0663580984587243,0.132716196917449,103,159083,215080,55998,8
"chr17",7582740,7584101,-0.0663309050716011,0.132661810143202,35577,262052,273591,11540,26
"chr14",69191173,69191423,-0.0663248187948295,0.132649637589659,26130,264876,292788,27913,15
"chr4",98994904,98996229,-0.0663223625910618,0.132644725182124,66031,31721,35208,3488,11
"chr19",14072511,14072859,-0.0663173226498148,0.13263464529963,43403,210868,244647,33780,13
"chr14",53954695,53955334,-0.0663157652253931,0.132631530450786,25665,18302,54802,36501,14
"chr13",112331248,112332353,0.0663099957491608,0.132619991498322,24544,208715,262471,53757,12
"chr11",67423804,67423941,-0.0663073704620641,0.132614740924128,15676,170975,174580,3606,3
"chr1",161168110,161168486,0.0663043351587576,0.132608670317515,6151,221612,244003,22392,3
"chr22",50219169,50219299,-0.0663017341470556,0.132603468294111,58898,51673,201836,150164,2
"chr8",9151837,9151891,-0.0662920392340739,0.132584078468148,80456,129804,134824,5021,17
"chr10",28303011,28303163,-0.0662894572529482,0.132578914505896,9598,77842,112915,35074,4
"chr20",32819532,32819731,0.0662729202103449,0.13254584042069,54054,113274,198106,84833,10
"chr6",124961724,124961904,-0.0662678412556559,0.132535682511312,74778,118712,173448,54737,16
"chr6",28587436,28587762,0.0662678345543339,0.132535669108668,72130,185488,185707,220,33
"chr15",31215502,31215604,-0.0662526472126488,0.132505294425298,28038,294327,294591,265,7
"chr20",34703421,34703559,-0.0662456211235068,0.132491242247014,54167,203961,233239,29279,3
"chr10",70382907,70383068,-0.0662416771029661,0.132483354205932,10381,173081,187133,14053,17
"chr8",25344986,25345394,-0.0662390441673751,0.13247808833475,80950,178077,282269,104193,2
"chr8",102654568,102654685,-0.0662351546909617,0.132470309381923,82365,46476,49763,3288,13
"chr6",135218627,135218969,0.0662238220593642,0.132447644118728,75015,122529,301283,178755,2
"chr2",24123130,24123997,0.066223630290501,0.132447260581002,47758,93483,96456,2974,15
"chr17",36017958,36018512,0.0662231964197872,0.132446392839574,36841,203845,233379,29535,6
"chr1",206970525,206971467,0.0662183301704193,0.132436660340839,7623,154773,159704,4932,8
"chr6",42050424,42050465,0.0662146878115864,0.132429375623173,73315,43670,47182,3513,3
"chr7",19117716,19118378,0.0662141062541628,0.132428212508326,76624,174547,181281,6735,26
"chr3",136194491,136194845,0.0662073254791304,0.132414650958261,62559,163483,166107,2625,26
"chr7",103345104,103345140,0.0662070058810588,0.132414011762118,78705,59816,123619,63804,15
"chr19",51905006,51905083,0.0662066034382622,0.132413206876524,46515,51621,57654,6034,7
"chr16",71880521,71880917,0.0661983516804287,0.132396703360857,33893,231966,297212,65247,2
"chr18",12254121,12254149,0.0661947515673374,0.132389503134675,40478,105762,108016,2255,19
"chr7",23105593,23106314,0.0661930875583981,0.132386175116796,76701,94676,101506,6831,22
"chr11",10801064,10802367,0.0661835353973391,0.132367070794678,13529,249130,267599,18470,8
"chr19",2462520,2462963,0.0661791391433993,0.132358278286799,41943,16407,51096,34690,5
"chr1",163068883,163069316,0.0661761180867874,0.132352236173575,6272,265772,274500,8729,20
"chr6",31702228,31703260,0.0661746293300732,0.132349258660146,72543,81913,90031,8119,43
"chr19",33796220,33796635,-0.0661709334774819,0.132341866954964,44333,88984,103402,14419,5
"chr7",946083,946148,0.0661659463423249,0.13233189268465,76026,40273,41781,1509,7
"chr19",2900883,2900940,0.0661621530473896,0.132324306094779,41987,207797,298748,90952,10
"chr1",53090742,53090810,0.066154773412609,0.132309546825218,3316,34507,154004,119498,2
"chr11",115173330,115173472,-0.0661480919744772,0.132296183948954,17056,167612,177281,9670,4
"chr16",58198302,58198312,-0.0661387353343126,0.132277470668625,33321,56345,95625,39281,4
"chr21",46132429,46132714,0.0661376407711226,0.132275281542245,56693,76145,202147,126003,5
"chr6",33081098,33081102,0.0661348992460563,0.132269798492113,72775,188059,189702,1644,16
"chr2",231785673,231785910,0.0661334772534749,0.13226695450695,52493,214816,261338,46523,12
"chr22",23839083,23839478,0.0661296629500352,0.13225932590007,57228,130293,207151,76859,9
"chr16",2990020,2990131,-0.0661227848569978,0.132245569713996,31375,206530,233077,26548,3
"chr3",12003250,12003351,-0.0661175843340432,0.132235168668086,59316,115378,267623,152246,2
"chr17",2712255,2712724,0.0661019307231976,0.132203861446395,35051,118364,243721,125358,10
"chr10",96991288,96991610,0.0660996370075017,0.132199274015003,11220,254662,257517,2856,4
"chr6",42217916,42218441,-0.0660740023972212,0.132148004794442,73334,178726,181164,2439,9
"chr8",126557405,126557432,-0.0660716410428897,0.132143282085779,82734,186901,187833,933,13
"chr11",43897246,43897255,0.0660564781740666,0.132112956348133,14154,44624,122631,78008,6
"chr17",63701006,63701190,-0.0660441181604668,0.132088236320934,38716,192928,197296,4369,6
"chr8",109362334,109362637,0.0660388986637381,0.132077797327476,82461,133643,172422,38780,10
"chr14",22882633,22883279,0.0660358849146926,0.132071769829385,24975,124854,137219,12366,7
"chr8",70403374,70403522,0.0660295652665024,0.132059130533005,81847,4318,28487,24170,4
"chr2",74421627,74422322,0.0660097840053181,0.132019568010636,49155,78631,84997,6367,13
"chr19",45639415,45639453,-0.0660001488857141,0.132000297771428,45638,966,8095,7130,16
"chr9",136849054,136849058,-0.0659970237769194,0.131994047553839,86609,69958,71200,1243,14
"chr14",23513269,23513320,0.0659941013027901,0.13198820260558,25076,194513,206745,12233,3
"chr12",74537915,74539014,0.0659876177662244,0.131975235532449,20958,207202,267532,60331,16
"chr14",23352941,23353027,-0.0659479700842824,0.131895940168565,25049,60547,62408,1862,16
"chr4",3766370,3766731,-0.0659437655455984,0.131887531091197,64475,36109,79614,43506,6
"chr1",74732984,74733497,0.0659413451034805,0.131882690206961,3759,266412,268159,1748,19
"chr8",38105219,38105454,-0.0659377754196309,0.131875550839262,81254,65117,86943,21827,22
"chr2",178108437,178108489,-0.065928860706461,0.131857721412922,51134,150501,155073,4573,13
"chr2",185745460,185745552,-0.065923623168188,0.131847246336376,51269,309974,310818,845,2
"chr9",77178411,77178904,0.0659218318118684,0.131843663623737,84438,189815,267835,78021,13
"chr17",59106803,59107214,0.0659154465232854,0.131830893046571,38528,194671,224592,29922,14
"chr14",56117767,56118156,0.0659013439834043,0.131802687966809,25722,112166,209943,97778,8
"chr14",22871571,22872271,0.0658948774933902,0.13178975498678,24969,204195,212569,8375,14
"chr7",90245301,90245532,-0.0658875753870809,0.131775150774162,78018,130306,169029,38724,14
"chr7",13989432,13989967,0.0658805729875337,0.131761145975067,76566,117205,130255,13051,34
"chr16",726658,726762,0.0658788070985773,0.131757614197155,30893,245200,265841,20642,20
"chr4",6008348,6008437,0.065877311292287,0.131754622584574,64522,18431,38556,20126,2
"chr15",84658314,84659562,-0.065877064166631,0.131754128333262,30145,281176,295812,14637,10
"chr14",67240989,67241125,-0.0658676312905457,0.131735262581091,26041,73655,96430,22776,11
"chr19",14496082,14496090,-0.0658673207883931,0.131734641576786,43451,23163,28147,4985,9
"chr17",81833495,81833777,-0.0658545635194484,0.131709127038897,39995,198126,275009,76884,10
"chr14",92687972,92688139,0.0658467638082396,0.131693527616479,26872,2476,73330,70855,3
"chr3",183548170,183548553,0.0658332202747357,0.131666440549471,63464,226567,259102,32536,2
"chr3",129305758,129305869,0.0658277714986794,0.131655542997359,62332,35463,148292,112830,5
"chr2",230415983,230416163,0.0658182462718,0.1316364925436,52418,16634,99537,82904,7
"chr7",120858208,120858576,0.0658051950230175,0.131610390046035,79007,225446,243860,18415,9
"chr19",12484937,12485059,-0.0658016787527058,0.131603357505412,43195,223773,294399,70627,14
"chr11",65890233,65890424,0.065801500156384,0.131603000312768,15445,48223,95381,47159,10
"chr3",186640373,186640683,-0.0657999917663456,0.131599983532691,63693,117182,268088,150907,3
"chr18",31446350,31446565,-0.0657998061051993,0.131599612210399,40710,219896,222524,2629,4
"chr3",48918210,48918263,0.0657956113989172,0.131591222797834,60484,158090,161484,3395,20
"chr19",56839954,56841174,-0.0657933944711193,0.131586788942239,47066,56767,73162,16396,25
"chr3",184018314,184018349,0.0657919901852073,0.131583980370415,63496,123036,154708,31673,10
"chr1",205504419,205504750,0.0657863260236061,0.131572652047212,7501,158861,162275,3415,12
"chr5",177473805,177473841,-0.0657762058301314,0.131552411660263,71095,5146,29751,24606,11
"chr3",56775220,56775609,0.0657703753965042,0.131540750793008,61058,214667,278624,63958,3
"chr6",13614562,13615301,0.0657690160628478,0.131538032125696,71739,191737,244663,52927,13
"chr1",85259019,85259705,-0.0657638136000177,0.131527627200035,3924,69478,86586,17109,10
"chr6",57046341,57046377,0.0657631379252761,0.131526275850552,73847,253230,309558,56329,9
"chr20",50186296,50186366,-0.0657622686571279,0.131524537314256,55010,133809,289077,155269,3
"chr11",68214210,68214277,0.0657533594322639,0.131506718864528,15775,191673,222937,31265,10
"chr6",4776389,4776435,0.0657473695644673,0.131494739128935,71536,140829,140932,104,2
"chr1",34859101,34859588,-0.0657379427092387,0.131475885418477,2329,149989,159343,9355,21
"chr9",23821568,23821913,0.0657235299582729,0.131447059916546,83859,43229,65523,22295,17
"chr3",128879536,128879716,0.065711564816088,0.131423129632176,62295,60867,95769,34903,11
"chr22",17221949,17222010,0.0657115262537545,0.131423052507509,56803,274264,278347,4084,6
"chr1",229508290,229508653,0.0657102171489913,0.131420434297983,8331,90002,101149,11148,17
"chr22",46535241,46537772,0.0657018444020692,0.131403688804138,58773,103824,106569,2746,30
"chr2",219206204,219206328,0.0656910670434459,0.131382134086892,52132,156445,158046,1602,10
"chr2",62195948,62196014,-0.0656813408806978,0.131362681761396,48774,30415,31295,881,13
"chr2",66437895,66437931,0.0656785242493034,0.131357048498607,48869,84992,258315,173324,4
"chr13",21670817,21671591,0.0656726136530061,0.131345227306012,23007,295615,296991,1377,21
"chr20",290795,291304,-0.0656555864923574,0.131311172984715,53115,269858,280168,10311,11
"chr13",21140570,21140582,0.0656394699599828,0.131278939919966,22986,7482,26850,19369,13
"chr7",92134693,92135025,0.0656378089282605,0.131275617856521,78053,97336,110070,12735,20
"chr10",132186863,132186873,-0.065626905609265,0.13125381121853,12403,25182,25903,722,13
"chr1",33080381,33080932,-0.0656199651364343,0.131239930272869,2254,158890,164129,5240,21
"chr21",42316626,42316904,-0.0656127675707709,0.131225535141542,56412,211184,295047,83864,3
"chr17",16438817,16439272,0.0656045299240055,0.131209059848011,36033,72580,74263,1684,22
"chr17",1733720,1734045,-0.0656003846065168,0.131200769213034,34951,196221,278706,82486,5
"chr12",110689541,110690224,0.0655861043274296,0.131172208654859,21777,193640,195953,2314,14
"chr2",189440862,189441350,0.0655796305694932,0.131159261138986,51314,151902,156456,4555,12
"chr17",63773743,63773872,0.0655477130732348,0.13109542614647,38722,206500,260177,53678,14
"chr19",1489760,1491290,0.0655470081358536,0.131094016271707,41775,292975,294420,1446,14
"chr12",121209380,121209414,-0.0655454890888775,0.131090978177755,22257,87765,88671,907,14
"chr8",41578848,41579345,-0.0655376263397124,0.131075252679425,81365,247690,254733,7044,12
"chr5",139894,140174,-0.065517308853253,0.131034617706506,67376,103796,112416,8621,9
"chr22",32159299,32159323,0.0655150702489448,0.13103014049789,57760,209171,295437,86267,4
"chr2",202275495,202276512,-0.0655070585312993,0.131014117062599,51636,113731,166113,52383,4
"chr1",214551462,214552256,0.0654978114496849,0.13099562289937,7867,101192,142593,41402,11
"chr16",55670847,55671317,0.0654687637454393,0.130937527490879,33101,193573,201649,8077,10
"chr16",75622591,75623497,0.0654657067707266,0.130931413541453,34047,208555,213712,5158,15
"chr4",1346418,1347193,-0.065455837191649,0.130911674383298,64276,1394,7643,6250,23
"chr11",15114910,15114959,0.0654502397343709,0.130900479468742,13640,17463,41457,23995,12
"chr7",76358895,76359289,0.0654374287550418,0.130874857510084,77830,95125,176622,81498,11
"chr17",2054331,2055838,-0.0654306579319786,0.130861315863957,34992,202665,204703,2039,54
"chr6",73362538,73362597,0.0654140082270622,0.130828016454124,73967,168746,168990,245,13
"chr20",25390775,25391064,0.065404721869947,0.130809443739894,53867,58886,62273,3388,10
"chr4",74364674,74364898,0.0653997089925675,0.130799417985135,65644,88598,162389,73792,9
"chr13",70106670,70108842,-0.0653894860986976,0.130778972197395,23937,248145,281718,33574,24
"chr16",2155424,2155434,0.0653888572703049,0.13077771454061,31201,236414,268858,32445,12
"chr1",32205534,32205889,-0.0653837416643081,0.130767483328616,2168,31390,33969,2580,18
"chr10",73505318,73505553,0.0653790008993618,0.130758001798724,10563,187339,267769,80431,2
"chr21",42366715,42367638,-0.0653782545485695,0.130756509097139,56416,196505,215456,18952,11
"chr6",112346506,112347252,0.0653671817723734,0.130734363544747,74590,122693,134460,11768,11
"chr1",27872358,27872422,-0.065364190237409,0.130728380474818,1953,39517,65949,26433,10
"chr18",62187140,62187362,0.0653610232939773,0.130722046587955,41215,201355,203211,1857,10
"chr11",106076662,106077878,0.0653598599921097,0.130719719984219,16771,179844,183414,3571,28
"chr4",70704168,70705195,-0.065352375688627,0.130704751377254,65549,66399,141074,74676,7
"chr2",174487522,174488049,0.0653421236734655,0.130684247346931,51028,162223,220716,58494,11
"chr10",93482435,93482526,0.0653327477105897,0.130665495421179,11077,138146,191500,53355,10
"chr19",38433679,38433690,0.0653270625445268,0.130654125089054,44765,54935,57353,2419,8
"chr18",41954455,41954987,0.0653268913376089,0.130653782675218,40838,263953,272203,8251,11
"chr4",52712192,52712386,0.065320996599968,0.130641993199936,65268,5765,32120,26356,14
"chr12",1594914,1594990,0.0653192907826766,0.130638581565353,18093,102337,173774,71438,6
"chr1",88891634,88892228,-0.0653132463623435,0.130626492724687,3981,30178,39073,8896,14
"chr17",1516340,1517255,0.0652991531330493,0.130598306266099,34910,84332,101241,16910,12
"chr11",118435334,118435638,0.0652927178882762,0.130585435776552,17224,70881,85435,14555,4
"chr11",31810426,31811383,-0.0652902697496397,0.130580539499279,13946,41668,43862,2195,33
"chr5",79612307,79612855,-0.0652671272628359,0.130534254525672,68771,91901,92487,587,12
"chr3",101561766,101561909,-0.0652660829007528,0.130532165801506,61600,144349,157045,12697,13
"chr20",46118016,46118042,0.0652607917612092,0.130521583522418,54841,58725,59503,779,10
"chr5",138213240,138213455,0.0652462252664647,0.130492450532929,69737,90689,94716,4028,11
"chr11",64344972,64345074,0.0652451079115621,0.130490215823124,15141,45587,180231,134645,3
"chr13",52845461,52845594,0.0652445630216342,0.130489126043268,23862,194150,202789,8640,7
"chr15",58750263,58750283,0.0652299024191608,0.130459804838322,29016,215057,265223,50167,12
"chr16",87830179,87830206,-0.0652290658278591,0.130458131655718,34462,52612,56818,4207,3
"chr11",62269749,62269909,0.0652242223638396,0.130448444727679,14911,184214,254026,69813,5
"chr1",165698633,165698669,0.0652153073506316,0.130430614701263,6307,37374,40073,2700,16
"chr12",122774199,122774386,0.0652009503600086,0.130401900720017,22397,183766,240490,56725,17
"chr18",32091655,32092495,-0.0651716675116102,0.13034333502322,40728,192567,199527,6961,11
"chr10",21525609,21525860,0.0651669690057803,0.130333938011561,9453,47014,105262,58249,11
"chr12",6470958,6471331,0.0651640818404597,0.130328163680919,18303,85420,104340,18921,12
"chr20",41137145,41137321,0.0651630149792538,0.130326029958508,54517,62785,63489,705,16
"chr1",28233018,28233037,0.0651619398673392,0.130323879734678,1981,16147,19458,3312,8
"chr8",144853124,144853610,-0.0651579758093383,0.130315951618677,83452,64178,66305,2128,16
"chr5",34687323,34687428,0.0651573926193619,0.130314785238724,67948,251137,266650,15514,8
"chr20",58890068,58890393,0.0651530743518029,0.130306148703606,55250,74368,77866,3499,61
"chr6",40377637,40377855,-0.0651521941698746,0.130304388339749,73229,107652,171191,63540,7
"chr6",2764797,2765979,-0.0651449433657146,0.130289886731429,71430,47621,68583,20963,14
"chr17",7435324,7435382,-0.0651402713946756,0.130280542789351,35537,292779,296423,3645,14
"chr1",212035174,212035757,-0.0651341299332329,0.130268259866466,7789,79103,87955,8853,22
"chr17",48047409,48048136,0.0651338171895928,0.130267634379186,37991,211913,298173,86261,15
"chr11",64367745,64368552,0.0651317866285314,0.130263573257063,15148,48492,168504,120013,11
"chr7",140640355,140641535,0.0651315359343336,0.130263071868667,79580,119778,167369,47592,7
"chr15",74127966,74129989,-0.0651273391864764,0.130254678372953,29653,109318,111930,2613,33
"chr6",127518899,127519600,0.065115857462501,0.130231714925002,74838,227025,242891,15867,17
"chr13",111304276,111304348,0.0651120647682367,0.130224129536473,24521,52771,294229,241459,2
"chr1",183591778,183591788,0.0651001343511978,0.130200268702396,6883,92776,158871,66096,2
"chr13",109127336,109127401,0.0650968083871802,0.13019361677436,24428,113265,207035,93771,3
"chr5",1524450,1524825,-0.0650933063081173,0.130186612616235,67535,151245,239162,87918,8
"chr17",8376376,8376790,0.065084221940222,0.130168443880444,35756,193130,209481,16352,9
"chr10",112282260,112282292,0.0650702274225305,0.130140454845061,11819,135770,273018,137249,3
"chr10",7409860,7411367,-0.0650643445210517,0.130128689042103,9133,135817,169202,33386,23
"chr6",28137455,28137639,-0.0650641420481293,0.130128284096259,72079,181613,186893,5281,6
"chr12",2812958,2813531,0.0650589139205097,0.130117827841019,18144,234979,259025,24047,17
"chr1",1254757,1255178,0.0650434900913507,0.130086980182701,100,10856,31608,20753,11
"chr10",74826093,74826496,0.0650323166305723,0.130064633261145,10634,174063,176835,2773,10
"chr2",36355001,36355255,-0.0650309665448522,0.130061933089704,48219,160321,161686,1366,5
"chr17",7078801,7078826,-0.0650252918234382,0.130050583646876,35446,230021,292522,62502,2
"chr2",5982675,5982682,-0.0649929546248273,0.129985909249655,47410,36934,82946,46013,11
"chr7",50733335,50733523,0.0649828782299098,0.12996575645982,77422,179519,179571,53,13
"chr5",147509973,147509975,0.0649795476999886,0.129959095399977,70231,23606,26297,2692,12
"chr2",169827111,169827313,0.0649725562482979,0.129945112496596,50891,160808,276948,116141,9
"chr17",50189232,50189878,-0.0649721902681432,0.129944380536286,38183,206433,206694,262,8
"chr17",7280905,7281684,0.0649600628834044,0.129920125766809,35485,194963,205997,11035,16
"chr4",154550651,154550675,-0.0649408986112367,0.129881797222473,66842,163903,165919,2017,10
"chr19",46345606,46345846,0.0649387198025992,0.129877439605198,45731,203867,231560,27694,4
"chr6",139374259,139374730,0.0649298870602418,0.129859774120484,75154,48483,49843,1361,23
"chr17",48891801,48892219,0.0649220064384058,0.129844012876812,38065,108047,135651,27605,11
"chr17",3420136,3420424,0.0649178819948606,0.129835763989721,35077,71655,259138,187484,3
"chr16",27718825,27719008,0.0649154650784783,0.129830930156957,32393,108673,115840,7168,7
"chr5",53479872,53480591,-0.0649153894171597,0.129830778834319,68247,35584,60651,25068,12
"chr5",129094476,129094566,-0.0649152155576747,0.129830431115349,69432,32587,36676,4090,8
"chr7",101154254,101154322,0.0649146155867911,0.129829231173582,78583,179162,193298,14137,6
"chr6",32148439,32149186,-0.0649123654550519,0.129824730910104,72661,7993,10317,2325,25
"chr3",186109213,186110159,0.0649063543946106,0.129812708789221,63665,166710,286136,119427,15
"chr1",114154024,114154042,-0.0649038430187412,0.129807686037482,4647,60144,68109,7966,17
"chr3",121834514,121835319,0.0649036707466361,0.129807341493272,61991,146776,152197,5422,13
"chr5",61698449,61698736,-0.064892785819361,0.129785571638722,68437,263076,270161,7086,4
"chr10",113679157,113679547,-0.0648866102734363,0.129773220546873,11872,46039,48372,2334,14
"chr22",42090884,42090955,0.0648857841191655,0.129771568238331,58459,23861,76988,53128,14
"chr17",45895440,45895612,-0.0648787294246368,0.129757458849274,37873,73403,73673,271,20
"chr16",30698457,30698972,-0.0648752876349594,0.129750575269919,32677,139626,200090,60465,14
"chr7",27185924,27186246,0.064873029155301,0.129746058310602,76827,116166,118484,2319,40
"chr2",182715467,182715535,0.0648710310044307,0.129742062008861,51244,238183,260048,21866,12
"chr10",99659484,99659870,-0.0648664197185472,0.129732839437094,11348,92723,96677,3955,13
"chr17",44708010,44708677,0.0648590275661392,0.129718055132278,37755,207976,243394,35419,13
"chr17",42609134,42609586,0.0648558254586724,0.129711650917345,37490,204845,207938,3094,21
"chr12",52905104,52905219,0.0648405906178161,0.129681181235632,19962,202796,241174,38379,6
"chr19",45645334,45645581,-0.0648402485413345,0.129680497082669,45641,64060,64382,323,9
"chr21",39312805,39314259,0.0648225132052086,0.129645026410417,56254,91395,97724,6330,15
"chr1",2212563,2212805,0.0648095165000656,0.129619033000131,288,35179,35215,37,8
"chr9",131276132,131276706,0.0647745379087726,0.129549075817545,86111,69494,87776,18283,7
"chr10",117548258,117548420,0.064773468467086,0.129546936934172,11990,46874,176070,129197,3
"chr17",43006594,43006745,0.0647502165728165,0.129500433145633,37560,293039,293276,238,5
"chr1",15409527,15409645,-0.0647493942085114,0.129498788417023,1018,155000,263446,108447,11
"chr1",156054282,156054896,0.0647470996924916,0.129494199384983,5673,226407,277381,50975,18
"chr15",75675003,75675390,0.0647294151508368,0.129458830301674,29791,104780,225868,121089,2
"chr14",100109480,100109544,0.0647170465018477,0.129434093003695,27170,134946,256933,121988,3
"chr10",73910677,73911704,-0.0647119148847204,0.129423829769441,10611,173321,189706,16386,14
"chr17",9904850,9905507,0.0647110768320977,0.129422153664195,35833,54088,57794,3707,9
"chr2",222300028,222300112,0.064711035492388,0.129422070984776,52247,90634,144925,54292,8
"chr11",2377173,2377546,0.064709023916043,0.129418047832086,12937,139451,167429,27979,33
"chr1",155063713,155064101,0.0647006233134506,0.129401246626901,5556,149915,150789,875,19
"chr1",179081556,179081877,-0.0646988306018461,0.129397661203692,6702,153466,158870,5405,17
"chr1",18630834,18630879,-0.0646872043085525,0.129374408617105,1241,32386,38249,5864,10
"chr11",66593094,66593332,-0.0646692710431565,0.129338542086313,15561,44435,71929,27495,13
"chr6",30071221,30071250,0.0646656410546546,0.129331282109309,72261,15788,16807,1020,31
"chr3",33218874,33219508,0.0646344723442983,0.129268944688597,59760,152790,155804,3015,9
"chr12",31959032,31959169,0.0646292455904649,0.12925849118093,19229,180412,225233,44822,7
"chr9",130681300,130681454,-0.0646277991289286,0.129255598257857,86061,18488,191128,172641,2
"chr3",138936151,138936496,-0.0646250847690579,0.129250169538116,62637,17178,31477,14300,12
"chr5",38338718,38338751,0.0646127615758953,0.129225523151791,68039,282979,286752,3774,2
"chr10",87817979,87818262,-0.0646090084474722,0.129218016894944,10898,42747,43551,805,13
"chr3",15427520,15427678,0.0646080160199784,0.129216032039957,59505,39985,88613,48629,13
"chr17",45161245,45161803,0.0645923665387165,0.129184733077433,37828,293183,294583,1401,15
"chr7",130734914,130735171,0.0645900447416771,0.129180089483354,79325,123009,126589,3581,15
"chr16",3036291,3036537,-0.0645895779119197,0.129179155823839,31393,57295,57687,393,13
"chr6",26027182,26027303,0.0645798948430389,0.129159789686078,71944,100880,102553,1674,13
"chr1",53078701,53078912,-0.0645786821022858,0.129157364204572,3314,116116,149047,32932,5
"chr6",125956564,125956584,-0.0645773199616135,0.129154639923227,74812,187905,189607,1703,12
"chr3",195894917,195895727,-0.0645725840454287,0.129145168090857,63994,152262,154078,1817,11
"chr1",92029440,92029811,0.0645717811897706,0.129143562379541,4052,188,17805,17618,12
"chr17",45135774,45135903,0.0645665163076208,0.129133032615242,37821,295819,296814,996,12
"chr17",79073987,79074071,-0.0645557189323752,0.12911143786475,39656,228566,231076,2511,8
"chr21",36967304,36967585,0.0645533709395572,0.129106741879114,56168,129545,226851,97307,8
"chr1",167935046,167936147,0.0645510117956316,0.129102023591263,6383,129989,130818,830,23
"chr11",94021117,94021241,0.0645500348321101,0.12910006966422,16569,237687,237892,206,10
"chr14",47343312,47343989,0.064534961448602,0.129069922897204,25495,66172,210453,144282,7
"chr14",52951546,52952094,-0.0645246616444073,0.129049323288815,25656,204067,282916,78850,11
"chr9",127706751,127706948,-0.0645123981973105,0.129024796394621,85729,222842,273096,50255,5
"chr19",35995057,35995701,0.0645099003302293,0.129019800660459,44592,75607,106861,31255,7
"chr7",139778408,139778696,-0.0645078426750486,0.129015685350097,79540,140161,168256,28096,10
"chr19",7068662,7069496,0.064501515297645,0.12900303059529,42511,114275,197002,82728,13
"chr20",2379750,2380902,-0.064498874307959,0.128997748615918,53255,296864,302383,5520,11
"chr7",42931744,42932994,-0.064490961105805,0.12898192221161,77155,173372,184239,10868,16
"chr11",120210551,120211182,-0.0644808245686733,0.128961649137347,17422,95027,97069,2043,17
"chr17",17303592,17303703,-0.0644764951568928,0.128952990313786,36090,3508,52040,48533,8
"chr17",18857961,18858054,-0.0644687513866775,0.128937502773355,36212,249165,259305,10141,13
"chr16",30394970,30395019,-0.0644543777084462,0.128908755416892,32622,3161,3885,725,18
"chr19",42397127,42397173,0.0644445384604096,0.128889076920819,45319,27562,29232,1671,6
"chr9",35657481,35657500,-0.0644365032382387,0.128873006476477,84115,41892,102573,60682,2
"chr10",100996874,100998009,-0.0644348737715705,0.128869747543141,11442,128649,186324,57676,18
"chr3",133573251,133573447,-0.0644278247673517,0.128855649534703,62487,151125,163213,12089,23
"chr5",150701354,150701358,0.0644277859256968,0.128855571851394,70422,157617,161664,4048,9
"chr15",40564830,40564976,0.0644254756382127,0.128850951276425,28289,266380,291787,25408,8
"chr1",111738451,111740697,0.0644205648694604,0.128841129738921,4548,163675,228230,64556,17
"chr8",1764484,1764846,-0.0644188154938194,0.128837630987639,80341,72159,108017,35859,11
"chr13",32536621,32536974,0.0644179860084508,0.128835972016902,23334,226003,244329,18327,3
"chr2",27377021,27377456,0.0644130032031484,0.128826006406297,47992,149460,156011,6552,2
"chr18",36297244,36297311,0.0644118334559971,0.128823666911994,40813,200220,209567,9348,4
"chr16",69838297,69838711,-0.0644109731329297,0.128821946265859,33751,236805,254886,18082,5
"chr10",87862774,87862816,0.0644082723534018,0.128816544706804,10901,49104,49221,118,54
"chr9",128883655,128883700,0.064398914232144,0.128797828464288,85922,80621,306710,226090,2
"chr7",1746848,1747674,0.0643972519501335,0.128794503900267,76127,633,104718,104086,5
"chr19",1467922,1468360,0.0643926963873666,0.128785392774733,41763,52105,79152,27048,7
"chr17",44899747,44900118,-0.0643868501819619,0.128773700363924,37779,275634,292518,16885,18
"chr6",33633451,33634086,0.064379748457295,0.12875949691459,72863,171884,288578,116695,7
"chr6",29828255,29828291,0.0643770997879466,0.128754199575893,72231,173447,181099,7653,10
"chr9",122905345,122905656,-0.0643571216996666,0.128714243399333,85526,129623,263468,133846,8
"chr5",131945419,131945737,0.0643570499182776,0.128714099836555,69465,12631,107425,94795,9
"chr3",195896069,195896350,0.0643428797335006,0.128685759467001,63994,122260,129904,7645,11
"chr6",50713284,50713784,0.0643365412347404,0.128673082469481,73699,103550,124932,21383,5
"chr11",118252528,118253582,-0.0643329715018611,0.128665943003722,17208,174185,181019,6835,15
"chr16",4884049,4884474,-0.06432545877074,0.12865091754148,31647,2506,2747,242,3
"chr15",55319226,55319292,0.0643222816411961,0.128644563282392,28923,126485,136099,9615,15
"chr6",44219395,44219489,0.0643219902215874,0.128643980443175,73547,109768,111706,1939,12
"chr6",33316072,33316632,-0.0643176944115356,0.128635388823071,72832,192171,200776,8606,68
"chr17",41009173,41009423,-0.064316290916718,0.128632581833436,37254,294821,299142,4322,4
"chr1",204979024,204979366,-0.0643139085583083,0.128627817116617,7440,132572,150131,17560,4
"chr5",179803781,179804109,0.0643025190288475,0.128605038057695,71240,4171,84638,80468,11
"chr11",57325074,57326144,0.0642922103919442,0.128584420783888,14542,121666,139231,17566,11
"chr12",39625730,39626198,0.0642918550097557,0.128583710019511,19283,170334,183679,13346,11
"chr5",115817241,115817555,-0.0642894076310759,0.128578815262152,69264,155429,225781,70353,14
"chr22",30592063,30592103,-0.0642876832710167,0.128575366542033,57624,297147,298967,1821,8
"chr11",31810043,31813243,0.064273580542827,0.128547161085654,13946,45388,47531,2144,33
"chr17",38800126,38800536,0.0642662922945479,0.128532584589096,36966,132481,207047,74567,10
"chr3",100994001,100994338,0.0642626676802716,0.128525335360543,61591,226448,244782,18335,7
"chr12",76032436,76033055,-0.0642528811497939,0.128505762299588,20984,181768,221236,39469,14
"chr6",39791077,39791222,-0.0642276062585999,0.1284552125172,73212,129746,235319,105574,2
"chr13",36818643,36819017,0.0642057258716811,0.128411451743362,23393,132990,207261,74272,15
"chr18",31447695,31447922,-0.064199924163697,0.128399848327394,40711,89890,206413,116524,6
"chr9",2157798,2158323,0.0641993833318051,0.12839876666361,83505,232634,253748,21115,10
"chr22",31399317,31399538,-0.0641970670564526,0.128394134112905,57698,57300,91189,33890,9
"chr3",197002731,197002761,-0.0641896378734678,0.128379275746936,64072,15702,30901,15200,3
"chr10",15860522,15860606,0.0641868070192853,0.128373614038571,9357,67410,93029,25620,14
"chr11",95089680,95090103,-0.0641839764540528,0.128367952908106,16618,48734,49323,590,7
"chr1",36306816,36307236,-0.0641764004368542,0.128352800873708,2437,156069,160165,4097,15
"chr5",71587267,71587514,-0.06416032053167,0.12832064106334,68573,144672,148948,4277,12
"chr2",61471272,61471278,-0.0641568948625088,0.128313789725018,48759,19385,20383,999,6
"chr15",65068032,65068160,0.0641539396985119,0.128307879397024,29241,68076,92624,24549,10
"chr3",156555296,156555508,0.0641510389455434,0.128302077891087,63022,163734,165063,1330,14
"chr17",47323763,47323938,-0.0641423567915951,0.12828471358319,37927,60329,64001,3673,13
"chr3",127963317,127963367,-0.0641321494960385,0.128264298992077,62253,250800,258412,7613,2
"chr15",45279398,45279438,-0.0641261225582742,0.128252245116548,28677,197454,198576,1123,6
"chr1",66929482,66929861,0.0641221123392363,0.128244224678473,3663,244509,246052,1544,9
"chr16",1962340,1964909,-0.0641008272764221,0.128201654552844,31122,193100,194537,1438,24
"chr1",999282,1000481,-0.0640954419797337,0.128190883959467,36,39700,77987,38288,13
"chr17",2795727,2796508,0.0640938356403747,0.128187671280749,35059,200539,205214,4676,12
"chr20",47236391,47236479,0.0640831203923045,0.128166240784609,54893,278312,296971,18660,2
"chr19",36418516,36419242,0.0640710368728934,0.128142073745787,44632,91262,95544,4283,7
"chr12",56087606,56087875,0.0640633691249418,0.128126738249884,20315,305501,312321,6821,5
"chr16",86567904,86567914,-0.0640581166589127,0.128116233317825,34408,57730,72051,14322,3
"chr17",76476881,76476924,-0.064057169052488,0.128114338104976,39403,53163,74107,20945,3
"chr16",69107539,69107575,-0.0640361836085285,0.128072367217057,33692,5703,5753,51,12
"chr2",176091668,176093446,0.0640306048144901,0.12806120962898,51064,156956,164852,7897,13
"chr1",177171461,177171544,0.0640187860192063,0.128037572038413,6658,64190,90692,26503,14
"chr14",24262192,24262336,-0.0640181330662162,0.128036266132432,25184,95988,293562,197575,4
"chr14",91272582,91272617,0.0640173179858798,0.12803463597176,26818,206156,287052,80897,4
"chr18",657288,658445,0.0640029713174017,0.128005942634803,40237,115397,193528,78132,18
"chr14",21477524,21477539,0.0639847759257979,0.127969551851596,24921,234337,244622,10286,20
"chr16",67884127,67884581,-0.0639774708478623,0.127954941695725,33597,2897,59066,56170,10
"chr6",30717662,30717967,-0.0639756376077716,0.127951275215543,72369,105977,113301,7325,23
"chr4",163343857,163344290,-0.0639728841883827,0.127945768376765,66948,34077,64814,30738,10
"chr22",18149666,18150044,-0.0639661597451026,0.127932319490205,56873,20162,57622,37461,8
"chr4",112411913,112411916,-0.0639584794131342,0.127916958826268,66259,130581,162402,31822,4
"chr9",33264776,33264788,-0.0639520500625441,0.127904100125088,83945,168085,174630,6546,19
"chr22",42720931,42721215,-0.0639514854359602,0.12790297087192,58515,62566,78914,16349,11
"chr7",27095595,27096060,-0.0639460032421939,0.127892006484388,76797,168302,186444,18143,16
"chr11",16738353,16738610,0.0639393004385324,0.127878600877065,13665,97536,137843,40308,16
"chr8",141254215,141254343,0.063930797792051,0.127861595584102,83009,274190,281600,7411,14
"chr8",135456749,135457530,0.0639282507924288,0.127856501584858,82902,91295,122417,31123,8
"chr8",98426396,98426714,0.0639229794104545,0.127845958820909,82264,49504,92006,42503,5
"chr6",54111327,54111538,-0.0638781715486799,0.12775634309736,73799,257481,285453,27973,5
"chr7",100088730,100088803,0.0638585669160962,0.127717133832192,78372,180107,191721,11615,7
"chr19",15125788,15125886,-0.0638582156647361,0.127716431329472,43500,11988,26984,14997,10
"chr22",30080827,30081281,-0.0638527703893847,0.127705540778769,57550,208022,263366,55345,16
"chr18",48950776,48950880,-0.0638418440331259,0.127683688066252,40977,51344,51452,109,20
"chr2",169573693,169573963,0.0638240430203171,0.127648086040634,50875,159169,159581,413,12
"chr2",240560627,240561925,0.0638209805013641,0.127641961002728,52893,158188,159150,963,13
"chr6",40887351,40887354,0.0638208306622331,0.127641661324466,73234,222158,284918,62761,2
"chr8",143694203,143694377,0.0638194422675753,0.127638884535151,83203,168249,182124,13876,6
"chr12",108635752,108635759,-0.0638121492497632,0.127624298499526,21594,213056,216989,3934,9
"chr6",42784431,42784620,-0.0638115898932246,0.127623179786449,73357,308824,311442,2619,3
"chr17",4796183,4796238,0.0638110420691004,0.127622084138201,35247,58508,101300,42793,13
"chr13",44576401,44576854,0.06379751129915,0.1275950225983,23565,87244,111700,24457,13
"chr2",219387509,219389241,-0.0637947366746829,0.127589473349366,52175,102247,116712,14466,16
"chr1",223364832,223364992,-0.0637856567666254,0.127571313533251,8022,32140,104080,71941,6
"chr15",26866902,26867050,0.0637763694415697,0.127552738883139,27938,8219,13566,5348,15
"chr5",132257568,132257720,-0.0637596936813408,0.127519387362682,69489,19120,32910,13791,9
"chr11",7088212,7088575,0.06374241003922,0.12748482007844,13325,271051,310903,39853,10
"chr19",50667953,50668590,0.0637358431519296,0.127471686303859,46339,81652,84771,3120,14
"chr5",112707162,112707491,-0.063735609375574,0.127471218751148,69194,118171,122482,4312,14
"chr8",143733479,143733737,0.0637194715913096,0.127438943182619,83220,28117,45450,17334,15
"chr16",66920079,66920370,0.0637174753902143,0.127434950780429,33433,247612,258695,11084,11
"chr15",100529280,100529419,-0.0637154956326845,0.127430991265369,30653,238005,275771,37767,5
"chr19",48606307,48606589,0.0637007086366932,0.127401417273386,45989,202041,208695,6655,12
"chr9",16870679,16871108,-0.0636978056723807,0.127395611344761,83746,130369,170378,40010,6
"chr21",33028425,33028893,0.0636937409577401,0.12738748191548,56007,295709,298957,3249,9
"chr6",138107494,138107599,0.0636878230774671,0.127375646154934,75089,22503,24477,1975,10
"chr16",1773874,1774176,0.0636836084485302,0.12736721689706,31077,99017,220138,121122,11
"chr20",10434323,10435250,0.0636805720736212,0.127361144147242,53557,83606,90760,7155,17
"chr11",64878084,64878491,-0.0636673730543007,0.127334746108601,15224,137720,161907,24188,11
"chr19",34999628,34999657,-0.0636666026510223,0.127333205302045,44393,17462,123675,106214,5
"chr18",34222448,34222581,-0.0636640681543351,0.12732813630867,40751,276979,279978,3000,10
"chr20",63203636,63203657,0.0636559854627363,0.127311970925473,55495,261875,264046,2172,3
"chr6",43170442,43171125,0.0636458715643045,0.127291743128609,73415,175315,254357,79043,21
"chr3",112561730,112562039,-0.063644056353708,0.127288112707416,61761,23085,23454,370,16
"chr1",44118678,44118774,-0.0636361402195024,0.127272280439005,2925,35578,88565,52988,10
"chr7",78346654,78347105,-0.0636346462042044,0.127269292408409,77890,41631,175243,133613,7
"chr10",87862163,87862639,0.0636282217735629,0.127256443547126,10901,44743,46941,2199,54
"chr6",33314195,33314379,-0.0636069220487749,0.12721384409755,72832,84732,87599,2868,68
"chr1",162069450,162069524,0.0636016070442252,0.12720321408845,6229,116889,117385,497,9
"chr11",6197785,6198110,0.063601518925378,0.127203037850756,13228,240904,255388,14485,4
"chr8",91041640,91041950,-0.0635982892888202,0.12719657857764,82109,255437,279243,23807,11
"chr3",126101770,126101883,0.0635972016517637,0.127194403303527,62171,213654,216848,3195,11
"chr18",63318726,63320823,0.063596498183543,0.127192996367086,41243,294118,295895,1778,36
"chr20",50958654,50958781,0.0635945288249738,0.127189057649948,55056,200269,201981,1713,15
"chr5",140726084,140726187,0.0635853664208546,0.127170732841709,69915,39859,82910,43052,8
"chr11",30584618,30586728,-0.0635806528268325,0.127161305653665,13930,122737,131303,8567,23
"chr19",36850139,36850675,-0.0635794745072438,0.127158949014488,44661,258424,264421,5998,30
"chr14",75430714,75431138,0.0635477754162894,0.127095550832579,26459,81373,87215,5843,5
"chr19",32972009,32972134,-0.0635459427048297,0.127091885409659,44294,102119,108617,6499,16
"chr1",179365887,179365963,-0.0635454447706109,0.127090889541222,6720,147858,239520,91663,10
"chr16",75148670,75148672,-0.0635331256579402,0.12706625131588,34008,74023,91708,17686,13
"chr15",90995114,90995345,-0.0635215294897113,0.127043058979423,30469,110081,120109,10029,11
"chr12",14802798,14802873,-0.0635188078838106,0.127037615767621,18863,223555,289549,65995,16
"chr14",24051713,24052117,0.0635114676030961,0.127022935206192,25115,137944,203243,65300,2
"chr13",110879611,110879702,-0.0635110190771865,0.127022038154373,24497,130064,132731,2668,4
"chr10",124801649,124801880,0.0635103305876675,0.127020661175335,12227,42437,46421,3985,11
"chr5",161849513,161850554,-0.0635096693585181,0.127019338717036,70697,246344,248300,1957,8
"chr1",156728702,156729069,-0.0634937210196872,0.126987442039374,5792,5126,15033,9908,23
"chr12",47080010,47080016,0.0634838126980764,0.126967625396153,19403,40360,41095,736,24
"chr20",3159820,3160215,-0.0634813302608865,0.126962660521773,53319,5956,14641,8686,11
"chr19",747136,747160,-0.0634732323314821,0.126946464662964,41570,75742,104243,28502,6
"chr3",65955876,65956003,0.0634663290340569,0.126932658068114,61276,247569,266957,19389,3
"chr1",204411196,204411444,0.0634590000832089,0.126918000166418,7407,164025,289060,125036,19
"chr16",75464727,75464906,-0.0634404848012045,0.126880969602409,34028,67416,68961,1546,8
"chr12",43806536,43806721,-0.0634351765712738,0.126870353142548,19349,182165,187357,5193,12
"chr12",6663340,6663471,0.0634265783457472,0.126853156691494,18348,72977,86651,13675,9
"chr17",44200547,44200829,0.0634180883499451,0.12683617669989,37694,204886,218760,13875,5
"chr4",38688881,38688936,-0.0634096854956103,0.126819370991221,65018,12820,16161,3342,13
"chr1",181033840,181033992,-0.0634016818468626,0.126803363693725,6784,104471,140072,35602,6
"chr3",48717395,48717438,0.0633978508997062,0.126795701799412,60474,37210,40055,2846,12
"chr8",42207726,42208223,0.0633843585284389,0.126768717056878,81414,168181,172847,4667,9
"chr2",121285127,121285388,-0.0633819748358614,0.126763949671723,50189,153803,164439,10637,10
"chr9",129825380,129825479,0.063376252637481,0.126752505274962,86003,227344,227858,515,2
"chr6",145814968,145815104,0.06337351986534,0.12674703973068,75249,190783,242249,51467,12
"chr7",157010856,157010884,-0.0633723594521656,0.126744718904331,80226,3921,9818,5898,7
"chr6",14282340,14282484,0.0633674880448514,0.126734976089703,71751,183661,191029,7369,6
"chr15",89806280,89806748,0.0633659859115343,0.126731971823069,30355,92681,102444,9764,4
"chr9",89001220,89002084,0.06336072943889,0.12672145887778,84575,167433,302512,135080,7
"chr6",29612563,29612583,0.0633451552861472,0.126690310572294,72198,169627,174648,5022,4
"chr6",31357220,31357286,0.0633381460209158,0.126676292041832,72462,173802,176375,2574,15
"chr2",85611851,85612238,0.0633361798696838,0.126672359739368,49337,122201,145837,23637,18
"chr8",143815388,143815406,-0.0633334201042406,0.126666840208481,83236,6232,10926,4695,4
"chr1",9823911,9823974,0.0633182520464445,0.126636504092889,749,6809,20393,13585,5
"chr9",126860080,126860231,-0.0633122430275428,0.126624486055086,85675,290727,304147,13421,7
"chr2",108719171,108719330,0.0633115089998939,0.126623017999788,49911,13541,86060,72520,7
"chr16",70346944,70347151,-0.0633054034176248,0.12661080683525,33775,233100,262132,29033,10
"chr4",70471941,70471947,-0.0633023318663584,0.126604663732717,65537,99175,119584,20410,4
"chr6",30324978,30324978,0.0632932480425886,0.126586496085177,72302,200771,302372,101602,42
"chr18",9913009,9914093,0.0632707670532814,0.126541534106563,40430,198291,201118,2828,15
"chr12",120468855,120470051,0.0632697816035315,0.126539563207063,22196,51136,53780,2645,15
"chr6",46793182,46793334,0.0632575623732028,0.126515124746406,73632,182292,243888,61597,7
"chr1",239907802,239909201,-0.0632508100218342,0.126501620043668,8592,127134,146135,19002,8
"chr18",21241952,21242162,-0.0632502062428203,0.126500412485641,40560,2323,55012,52690,3
"chr10",81874326,81874520,0.0632380106011496,0.126476021202299,10797,15289,135286,119998,4
"chr5",170105911,170105939,0.0632348611413873,0.126469722282775,70791,165001,250911,85911,11
"chr18",501137,501234,-0.0632288178790586,0.126457635758117,40228,110312,216320,106009,6
"chr19",8486055,8486156,0.0632187780518254,0.126437556103651,42719,204872,281908,77037,4
"chr16",57462505,57462527,0.0632173513153219,0.126434702630644,33231,267544,276671,9128,13
"chr16",31150630,31150961,0.0632055366063693,0.126411073212739,32765,210934,248996,38063,2
"chr14",21384491,21384795,-0.0632026864625845,0.126405372925169,24904,87439,196654,109216,13
"chr16",69351811,69352288,0.0632005601379619,0.126401120275924,33722,129182,130549,1368,7
"chr17",81385206,81385347,-0.0631978362407439,0.126395672481488,39915,245564,253881,8318,11
"chr9",127755876,127755921,-0.06319287502614,0.12638575005228,85745,228554,261388,32835,8
"chr8",10054159,10054478,-0.0631886237452207,0.126377247490441,80474,45652,50884,5233,15
"chr12",22624475,22624856,0.0631856365437891,0.126371273087578,19040,188862,199303,10442,16
"chr17",80219388,80220210,-0.0631776285077401,0.12635525701548,39774,209708,240017,30310,21
"chr11",55342409,55342757,-0.063171921105171,0.126343842210342,14449,182386,183910,1525,5
"chr17",34363393,34363550,-0.0631717052808383,0.126343410561677,36729,88787,88945,159,7
"chr14",57269249,57269647,0.0631711613365281,0.126342322673056,25735,194045,198932,4888,18
"chr2",70820517,70821475,0.0631604643762242,0.126320928752448,48999,91365,124006,32642,8
"chr14",100537494,100537539,0.0631569753207284,0.126313950641457,27206,111947,210820,98874,3
"chr1",201399610,201399616,-0.0631516632756951,0.12630332655139,7145,64530,79098,14569,10
"chr15",68230449,68230737,-0.0631375716890183,0.126275143378037,29413,125022,196427,71406,10
"chr20",62775434,62775446,0.0631348918360963,0.126269783672193,55440,240222,271852,31631,2
"chr19",35994380,35994454,0.0631347230945661,0.126269446189132,44591,55446,55910,465,6
"chr1",145823837,145824104,-0.0631306850638353,0.126261370127671,4873,12457,24690,12234,14
"chr16",67326966,67327251,-0.0631290461037571,0.126258092207514,33517,109036,121569,12534,15
"chr3",113838562,113838811,0.0631256683700565,0.126251336740113,61815,37216,70356,33141,11
"chr13",27619676,27619753,0.0631194447570769,0.126238889514154,23149,242179,262761,20583,5
"chr16",87056441,87057612,0.0631161651079733,0.126232330215947,34418,245982,284057,38076,11
"chr1",154324795,154325360,0.0631151010432887,0.126230202086577,5455,142001,149418,7418,10
"chr3",62374098,62374742,-0.0631131063497835,0.126226212699567,61201,141210,146383,5174,13
"chr16",2513273,2513434,0.0631068067618355,0.126213613523671,31287,100888,108784,7897,14
"chr8",144465905,144466240,-0.0630977376431043,0.126195475286209,83395,63290,68670,5381,16
"chr14",105419194,105419708,-0.0630903070371539,0.126180614074308,27688,24355,59144,34790,13
"chr8",22164332,22164522,0.0630789447243124,0.126157889448625,80785,96443,111544,15102,5
"chr6",41921266,41921799,0.0630737062187158,0.126147412437432,73305,176062,185263,9202,19
"chr2",88691571,88691604,0.0630729286901175,0.126145857380235,49441,146089,157663,11575,13
"chr16",67170166,67170323,0.0630681252718768,0.126136250543754,33476,221343,231157,9815,12
"chr17",74923609,74924183,0.063067221644048,0.126134443288096,39147,98143,105699,7557,18
"chr1",100133155,100133197,-0.0630663620329214,0.126132724065843,4215,150845,165104,14260,12
"chr16",19522193,19522692,-0.0630645533439023,0.126129106687805,32080,256519,268291,11773,9
"chr15",65377757,65377760,-0.0630608593437663,0.126121718687533,29273,62004,66445,4442,3
"chr19",13096688,13097179,-0.0630512480195325,0.126102496039065,43309,21523,58857,37335,8
"chr15",28099342,28099584,-0.0630510074542746,0.126102014908549,27955,7306,11646,4341,9
"chr6",149749856,149749859,-0.0630451221316573,0.126090244263315,75329,272331,280002,7672,4
"chr17",77088567,77088636,-0.0630351558376706,0.126070311675341,39459,299011,299112,102,17
"chr1",207801919,207802175,-0.063034612733896,0.126069225467792,7656,144547,145585,1039,9
"chr10",70381767,70382760,0.0630315096730536,0.126063019346107,10381,198710,259892,61183,17
"chr11",113773841,113774106,-0.0630309258803734,0.126061851760747,17001,167733,172166,4434,13
"chr22",46053618,46053941,-0.0630213648039518,0.126042729607904,58705,10728,18106,7379,11
"chr6",166999148,166999453,-0.063015442189944,0.126030884379888,75781,61757,63072,1316,16
"chr8",132127878,132127953,0.0630146301127385,0.126029260225477,82819,114656,181432,66777,2
"chr6",75748324,75748350,-0.0629978042667867,0.125995608533573,74023,233709,252133,18425,3
"chr14",101559893,101559921,-0.0629677734631518,0.125935546926304,27328,16777,18079,1303,22
"chr6",32153156,32154707,0.0629637417857482,0.125927483571496,72663,7590,9017,1428,77
"chr4",144645289,144646440,-0.0629226454599861,0.125845290919972,66659,17921,32730,14810,17
"chr8",56211775,56212722,0.0629175116327566,0.125835023265513,81624,268801,274075,5275,15
"chr5",44388385,44388805,-0.062917169071293,0.125834338142586,68207,129995,140471,10477,14
"chr2",178522766,178522814,0.0628936284513007,0.125787256902601,51165,244629,248369,3741,6
"chr10",49679003,49679012,0.0628876437663078,0.125775287532616,10036,46515,48595,2081,12
"chr2",102762015,102762232,-0.062887326004694,0.125774652009388,49798,120057,158012,37956,5
"chr16",11404755,11404860,0.0628710139788387,0.125742027957677,31820,60143,274733,214591,2
"chr18",12991014,12991063,-0.0628622409270971,0.125724481854194,40511,201919,207873,5955,10
"chr4",40196509,40196861,-0.062853025660969,0.125706051321938,65079,144557,147055,2499,14
"chr12",122079222,122079243,0.0628507824768896,0.125701564953779,22339,42805,285370,242566,2
"chr2",73828167,73828886,-0.0628469792417101,0.12569395848342,49104,270742,276226,5485,14
"chr16",67561940,67562229,-0.0628343667647794,0.125668733529559,33546,55670,67703,12034,8
"chr10",72215030,72215741,-0.0628282491170856,0.125656498234171,10495,215604,218220,2617,18
"chr3",48983895,48983937,0.0628194614915542,0.125638922983108,60489,238147,256434,18288,2
"chr21",39313703,39313713,-0.0628156657776029,0.125631331555206,56254,60129,60181,53,15
"chr1",55063434,55063485,0.0627979074877959,0.125595814975592,3442,15351,149792,134442,2
"chr20",1994092,1994336,-0.0627954179061853,0.125590835812371,53243,117764,195922,78159,12
"chr11",122882721,122882796,-0.0627894705679419,0.125578941135884,17524,12871,12980,110,20
"chr19",45472732,45472937,0.0627773985722648,0.12555479714453,45611,54178,76201,22024,5
"chr7",124765083,124766351,-0.0627708758210176,0.125541751642035,79086,176097,237183,61087,18
"chr2",12716718,12716844,-0.0627689745925146,0.125537949185029,47602,25476,27353,1878,20
"chr9",38622483,38622562,0.0627671277299636,0.125534255459927,84261,43863,121972,78110,4
"chr19",53719704,53719935,0.0627543759220536,0.125508751844107,46679,200378,200380,3,7
"chr19",536244,536296,0.0627518099598514,0.125503619919703,41534,58687,202030,143344,2
"chr6",3272596,3273205,0.0627497231306858,0.125499446261372,71497,129110,167803,38694,6
"chr2",127645711,127645784,-0.0627390893221303,0.125478178644261,50263,65175,95764,30590,12
"chr2",100322337,100322441,-0.0627361257839849,0.12547225156797,49688,18878,20699,1822,10
"chr20",58228712,58228722,-0.0627240822023116,0.125448164404623,55210,56920,71772,14853,8
"chr5",664248,664444,-0.0627211212648015,0.125442242529603,67438,119335,146321,26987,6
"chr10",68407005,68407457,-0.0627177205204669,0.125435441040934,10260,44398,49586,5189,10
"chr1",1375466,1375648,0.0627151082122517,0.125430216424503,146,110890,118173,7284,17
"chr4",1870508,1870889,-0.0627106881719762,0.125421376343952,64310,29778,30672,895,6
"chr2",26345987,26347006,0.062701831515896,0.125403663031792,47861,144949,147299,2351,23
"chr1",151024670,151024734,0.0626978782470721,0.125395756494144,5084,105020,274724,169705,3
"chr8",74350322,74350347,-0.062680870136083,0.125361740272166,81917,48234,49797,1564,9
"chr6",56843965,56844343,0.0626753390159833,0.125350678031967,73842,182092,200749,18658,10
"chr10",78033672,78033769,-0.0626734316581351,0.12534686331627,10713,90587,115711,25125,9
"chr19",9324277,9324375,-0.0626732463789461,0.125346492757892,42791,5237,54769,49533,17
"chr10",89207403,89207432,0.0626718065000932,0.125343613000186,10941,175832,177190,1359,17
"chr18",46946737,46946744,0.0626699064873748,0.12533981297475,40925,105995,106859,865,10
"chr1",116372687,116372889,0.0626566834138986,0.125313366827797,4707,151988,155091,3104,10
"chr7",23395307,23395478,0.0626448392729609,0.125289678545922,76719,224797,251162,26366,2
"chr16",48232368,48232394,-0.062644066310083,0.125288132620166,32908,204868,274736,69869,2
"chr1",200891371,200891406,-0.0626342163984878,0.125268432796976,7097,23498,69764,46267,10
"chr4",93828739,93829846,-0.0626235496875081,0.125247099375016,65993,4981,12887,7907,16
"chr12",11649283,11649675,0.0626205529582304,0.125241105916461,18745,90012,129099,39088,10
"chr5",38444670,38445510,0.0626203147575786,0.125240629515157,68044,60372,149041,88670,9
"chr17",7854651,7856091,0.0626134618337738,0.125226923667548,35642,77287,80652,3366,16
"chr3",122184260,122184264,0.0626056051049901,0.12521121020998,62008,65628,69186,3559,13
"chr14",90256362,90256634,0.0625938414960729,0.125187682992146,26752,291976,295240,3265,10
"chr22",36702788,36703504,0.0625756031454528,0.125151206290906,57911,123163,123313,151,17
"chr1",5992117,5992612,0.0625734930901929,0.125146986180386,491,165214,249774,84561,13
"chr7",3300827,3301228,0.0625690772631924,0.125138154526385,76259,19300,49187,29888,3
"chr4",184809520,184809916,0.0625689971997377,0.125137994399475,67229,67059,118293,51235,4
"chr8",15238488,15239265,0.0625680274253642,0.125136054850728,80611,82501,131317,48817,10
"chr3",38009983,38009985,0.062564234662837,0.125128469325674,59874,134372,138525,4154,2
"chr15",40553878,40554081,-0.0625607352153095,0.125121470430619,28287,101236,200259,99024,3
"chr10",87818315,87818908,-0.0625585024412181,0.125117004882436,10898,118267,136696,18430,13
"chr19",35510499,35510546,0.0625556180951571,0.125111236190314,44473,192707,199460,6754,14
"chr3",122261836,122261995,-0.0625548003428009,0.125109600685602,62010,82853,123092,40240,3
"chr3",188568013,188568250,-0.0625403927765882,0.125080785553176,63778,226568,227399,832,9
"chr7",92608582,92608934,0.0625359528768034,0.125071905753607,78083,42664,127664,85001,7
"chr2",111120717,111120904,-0.062526783589512,0.125053567179024,49953,20577,29995,9419,12
"chr12",6951100,6951406,0.0625170649919404,0.125034129983881,18424,193567,208012,14446,6
"chr14",73238749,73238900,0.062516595902574,0.125033191805148,26274,132444,132738,295,2
"chr17",9576348,9576648,0.0625096478836899,0.12501929576738,35811,298701,309591,10891,22
"chr12",118104222,118104449,0.062507019988146,0.125014039976292,22087,190597,237006,46410,9
"chr7",95298401,95298937,0.0625066873855504,0.125013374771101,78151,167018,185616,18599,3
"chr1",15151275,15152525,0.0625007323371401,0.12500146467428,1001,230155,279529,49375,18
"chr22",23391067,23391351,-0.0624897404842171,0.124979480968434,57186,278144,290147,12004,2
"chr21",44258523,44258660,0.0624847845797867,0.124969569159573,56509,75745,295514,219770,2
"chr3",181952077,181952430,0.06247963382118,0.12495926764236,63424,134625,162721,28097,3
"chr4",948178,948554,0.0624746211857827,0.124949242371565,64207,16847,157845,140999,4
"chr6",35775222,35775330,0.06246829879349,0.12493659758698,73001,184933,254087,69155,2
"chr9",4490279,4490751,0.0624676312571094,0.124935262514219,83538,183508,259644,76137,7
"chr19",1407377,1407728,-0.0624184498727246,0.124836899745449,41750,19814,54363,34550,4
"chr17",2041844,2042215,0.0624117691214192,0.124823538242838,34988,5129,12533,7405,16
"chr4",83535518,83535540,-0.0624114437674956,0.124822887534991,65837,126969,137158,10190,25
"chr5",141968893,141968974,0.0624063724119054,0.124812744823811,70133,159442,161058,1617,14
"chr1",42463127,42463721,-0.0624015522975729,0.124803104595146,2766,149876,150808,933,7
"chr5",93582362,93582366,-0.0624000025603944,0.124800005120789,68954,106925,115315,8391,12
"chr11",47643503,47643669,0.0623957775780108,0.124791555156022,14410,178973,219005,40033,2
"chr12",132888060,132888099,0.0623953115886874,0.124790623177375,22884,13052,17499,4448,31
"chr6",32151839,32152300,0.062389331588622,0.124778663177244,72663,122144,134934,12791,77
"chr7",779984,780110,-0.0623698813046403,0.124739762609281,75995,111691,172326,60636,2
"chr2",131093599,131093608,-0.062358491958054,0.124716983916108,50355,82718,86664,3947,9
"chr14",87993338,87993734,0.0623522549445131,0.124704509889026,26688,265429,266235,807,12
"chr22",37675181,37675448,-0.0623484767423124,0.124696953484625,58011,6301,54179,47879,12
"chr16",29987648,29987684,-0.0623480423094461,0.124696084618892,32555,129750,201473,71724,4
"chr3",50338114,50338193,0.0623365410548315,0.124673082109663,60707,110306,126239,15934,30
"chr17",81228172,81228427,0.0623241016985514,0.124648203397103,39892,130063,133765,3703,9
"chr12",55990024,55990083,-0.0623064653603954,0.124612930720791,20297,222719,240989,18271,2
"chr2",188291698,188292783,-0.0622931513670566,0.124586302734113,51292,22705,23819,1115,23
"chr1",235366700,235367365,-0.0622475000703918,0.124495000140784,8511,149052,155160,6109,9
"chr15",76012376,76012463,0.0622432254570068,0.124486450914014,29809,257411,263245,5835,7
"chr17",8435504,8435523,0.0622372273674265,0.124474454734853,35763,104070,204187,100118,11
"chr5",64768706,64768932,0.0622372174773323,0.124474434954665,68464,98301,115600,17300,15
"chr11",43679749,43679883,0.0622303988568461,0.124460797713692,14149,228156,232178,4023,5
"chr2",221572265,221572891,0.0622202383816506,0.124440476763301,52238,102951,145285,42335,12
"chr1",209625903,209626008,-0.0622163529282424,0.124432705856485,7702,31282,164743,133462,2
"chr7",143902429,143903380,0.0622156865081574,0.124431373016315,79741,267945,311355,43411,14
"chr19",13864168,13864814,-0.0621970331794925,0.124394066358985,43367,198578,207361,8784,5
"chr8",93738755,93741190,0.0621884984913702,0.12437699698274,82151,172144,174724,2581,22
"chr8",22275050,22275152,0.0621770096970021,0.124354019394004,80803,99474,177859,78386,13
"chr14",61697501,61697866,0.0621668218380479,0.124333643676096,25873,240209,251739,11531,4
"chr18",2655453,2656306,0.062159570103159,0.124319140206318,40266,201946,292156,90211,13
"chr7",90345941,90346335,-0.0621410304480946,0.124282060896189,78024,172443,179143,6701,10
"chr3",170222019,170222241,0.0621394998822778,0.124278999764556,63228,272011,273883,1873,12
"chr11",1275418,1275593,0.0621291845836772,0.124258369167354,12834,181389,278630,97242,9
"chr16",29812123,29812131,-0.062118181435757,0.124236362871514,32518,62835,63389,555,12
"chr10",7787508,7787681,-0.0621165489621447,0.124233097924289,9152,177354,177486,133,16
"chr12",107774011,107774302,0.0621074673170811,0.124214934634162,21557,249783,310549,60767,17
"chr17",82582771,82582820,0.0621012093814118,0.124202418762824,40154,203176,241936,38761,4
"chr3",134313106,134313537,-0.0620977991071859,0.124195598214372,62523,3326,9693,6368,8
"chr10",132336615,132337196,-0.0620920459606299,0.12418409192126,12419,238220,255599,17380,12
"chr4",187201333,187201802,-0.0620862029536442,0.124172405907288,67346,258011,266639,8629,5
"chr20",41137308,41138154,0.0620847235106281,0.124169447021256,54517,13586,19833,6248,16
"chr16",69330434,69330635,-0.0620748109519118,0.124149621903824,33714,29409,57242,27834,9
"chr7",94004488,94004718,0.0620747385744523,0.124149477148905,78126,179149,185104,5956,13
"chr17",7922837,7923095,0.0620371267429556,0.124074253485911,35665,112970,134001,21032,5
"chr2",189762753,189764402,-0.0620323489788361,0.124064697957672,51328,262082,263615,1534,21
"chr1",179576020,179576031,0.062025527381824,0.124051054763648,6723,12655,31685,19031,10
"chr1",10430179,10430928,-0.062023370829402,0.124046741658804,784,32025,32557,533,24
"chr17",61399666,61400833,0.0620151802950763,0.124030360590153,38599,199801,209529,9729,23
"chr4",73740400,73740475,0.0620140378419002,0.1240280756838,65613,85647,120327,34681,3
"chr12",6700346,6700773,-0.0620087161413013,0.124017432282603,18356,11088,41983,30896,11
"chr10",93601451,93601466,0.0619894601489031,0.123978920297806,11088,23649,77782,54134,15
"chr11",74085735,74085864,0.0619884264775238,0.123976852955048,16145,221752,268813,47062,2
"chr17",81103612,81103945,-0.0619842495671206,0.123968499134241,39870,55249,58337,3089,4
"chr15",89690658,89690839,-0.0619820337808649,0.12396406756173,30344,123531,194655,71125,20
"chr10",96829577,96830015,0.0619792353159067,0.123958470631813,11209,270141,271951,1811,3
"chr4",121072968,121073257,0.061974669267889,0.123949338535778,66382,161580,231277,69698,4
"chr2",5692750,5692885,-0.0619543396474607,0.123908679294921,47395,117051,119673,2623,4
"chr19",42325260,42326176,0.0619488164210414,0.123897632842083,45299,193463,194221,759,15
"chr17",4555572,4555674,0.0619447127928322,0.123889425585664,35200,92502,211956,119455,11
"chr19",45584752,45585078,0.0619433048255764,0.123886609651153,45629,93265,210437,117173,12
"chr8",99893787,99893834,0.0619247766206993,0.123849553241399,82286,50980,94695,43716,10
"chr12",107093206,107093234,0.0619144902120484,0.123828980424097,21541,61586,61662,77,16
"chr4",7772783,7773000,0.0619140771043637,0.123828154208727,64624,17590,29580,11991,5
"chr7",141738350,141738648,-0.061908469577079,0.123816939154158,79623,92798,98190,5393,17
"chr14",24335445,24336183,0.061907511868174,0.123815023736348,25213,223640,230092,6453,13
"chr1",3650205,3650545,-0.0618893302901498,0.1237786605803,420,152538,153988,1451,43
"chr17",42287114,42287678,-0.0618890077344103,0.123778015468821,37449,113495,115994,2500,12
"chr1",98046381,98046638,0.0618795297324695,0.123759059464939,4181,164923,234866,69944,13
"chr19",14980487,14980822,-0.0618794871412503,0.123758974282501,43484,213683,230415,16733,12
"chr8",38901187,38901216,0.06187030481966,0.12374060963932,81323,22215,27957,5743,7
"chr3",49530913,49531086,0.0618696942329745,0.123739388465949,60581,226589,226964,376,8
"chr6",33192447,33193330,0.0618657110848558,0.123731422169712,72804,10524,10731,208,46
"chr16",69339166,69340037,-0.0618458488772958,0.123691697754592,33718,196355,209122,12768,20
"chr16",71725569,71726201,-0.0618456200522232,0.123691240104446,33878,125980,254836,128857,5
"chr13",52849805,52849914,-0.0618452760425181,0.123690552085036,23866,105875,204948,99074,4
"chr22",23894097,23894416,0.0618374846443004,0.123674969288601,57237,73275,81064,7790,15
"chr3",105366229,105367369,0.0618317084783051,0.12366341695661,61637,144919,150335,5417,16
"chr5",151771762,151772593,-0.0618028380140449,0.12360567602809,70496,244984,260703,15720,28
"chr19",51372776,51372865,-0.0617949293694892,0.123589858738978,46456,207609,293626,86018,4
"chr7",92178909,92179091,0.0617928784137945,0.123585756827589,78055,47768,119231,71464,10
"chr4",54100823,54100851,-0.0617866051290623,0.123573210258125,65298,13374,15258,1885,16
"chr18",3874904,3875029,0.0617795171319062,0.123559034263812,40316,243427,255631,12205,9
"chr12",42238510,42238513,0.0617674817323263,0.123534963464653,19320,17153,61727,44575,13
"chr2",105851230,105851744,0.0617601111772637,0.123520222354527,49849,149644,153036,3393,10
"chr12",53999591,54000063,-0.0617571674439623,0.123514334887925,20118,243357,309473,66117,23
"chr6",26383069,26383167,0.0617557726909071,0.123511545381814,71979,3552,91259,87708,7
"chr1",174799620,174799837,0.0617557351992177,0.123511470398435,6603,18270,71719,53450,7
"chr1",111139196,111141338,0.0617213596659882,0.123442719331976,4499,153400,156887,3488,23
"chr16",583722,583868,-0.0617191280102139,0.123438256020428,30836,72381,195305,122925,3
"chr14",104175066,104175401,-0.0617181287483266,0.123436257496653,27543,52709,56187,3479,2
"chr7",30682551,30683027,-0.0617133908361013,0.123426781672203,76937,193303,250483,57181,15
"chr2",39779174,39779194,0.0617121164168509,0.123424232833702,48346,6968,26684,19717,8
"chr1",25246484,25247502,0.0617074521388599,0.12341490427772,1706,138141,150630,12490,15
"chr9",94029396,94029889,0.0617062240859722,0.123412448171944,84737,230979,286061,55083,9
"chr3",151316686,151316881,0.0617061212851139,0.123412242570228,62913,97437,143551,46115,3
"chr1",15876264,15876415,0.06166678110942,0.12333356221884,1084,134251,147119,12869,6
"chr7",1026320,1026388,0.0616635233969657,0.123327046793931,76045,172852,189623,16772,2
"chr6",107028047,107028086,-0.0616490765609427,0.123298153121885,74399,49062,92936,43875,10
"chr17",38853608,38854669,-0.0616452754393343,0.123290550878669,36973,91803,99334,7532,19
"chr2",31218568,31218709,0.0616271357234608,0.123254271446922,48139,257220,269716,12497,5
"chr17",60677181,60677894,-0.0616270016947329,0.123254003389466,38594,99184,101968,2785,15
"chr2",29920719,29921785,0.0616201430869368,0.123240286173874,48108,38844,148498,109655,14
"chr15",65518778,65519121,0.0616145496341713,0.123229099268343,29288,124923,262436,137514,2
"chr5",180830804,180831154,0.0616144863948118,0.123228972789624,71322,36149,115284,79136,9
"chr8",143368763,143368796,0.0616043144118215,0.123208628823643,83145,46794,48935,2142,14
"chr6",83193212,83194348,-0.0615877114417049,0.12317542288341,74088,196861,200698,3838,28
"chr15",26970310,26970815,-0.0615808370239172,0.123161674047834,27944,120468,120556,89,16
"chr5",149580862,149580941,0.0615681620944075,0.123136324188815,70319,224560,236258,11699,8
"chr11",115173734,115174128,0.0615539200711851,0.12310784014237,17056,240778,275117,34340,4
"chr19",37466858,37467542,-0.0615506964155291,0.123101392831058,44686,199703,202732,3030,14
"chr3",112639621,112639806,-0.0615489793061159,0.123097958612232,61768,34536,138161,103626,4
"chr14",21526892,21527593,-0.0615334213644317,0.123066842728863,24928,212852,213090,239,11
"chr17",50508497,50508613,0.0615275513762346,0.123055102752469,38224,21861,26444,4584,13
"chr11",95232423,95232598,0.0615220737997298,0.12304414759946,16626,128854,133387,4534,13
"chr6",18264506,18264977,0.0615180021709765,0.123036004341953,71810,93702,97218,3517,13
"chr18",62522458,62524171,0.0615141744268316,0.123028348853663,41222,81973,94084,12112,15
"chr14",64549540,64550034,0.0615072476202551,0.12301449524051,25980,197553,250534,52982,6
"chr2",38778016,38778122,0.061499718839952,0.122999437679904,48313,89859,149531,59673,7
"chr15",62843548,62844092,0.0614948295555523,0.122989659111105,29122,136172,224840,88669,6
"chr3",50340557,50340760,0.0614912180421498,0.1229824360843,60708,80419,81375,957,20
"chr1",39565066,39565136,0.0614887224899258,0.122977444979852,2613,273561,275144,1584,13
"chr2",3558724,3558741,0.0614884561849518,0.122976912369904,47373,65730,86471,20742,11
"chr17",80087644,80087718,-0.0614848839744557,0.122969767948911,39738,74416,254511,180096,2
"chr7",65373762,65373873,-0.0614842850489964,0.122968570097993,77581,176176,237007,60832,5
"chr1",116986997,116987096,-0.0614629581879043,0.122925916375809,4745,165165,286927,121763,5
"chr6",99613104,99613628,-0.0614572122501024,0.122914424500205,74320,120558,128938,8381,12
"chr10",43076965,43077173,-0.0614542191748102,0.12290843834962,9796,46341,47289,949,9
"chr9",84669401,84670786,0.0614405115327969,0.122881023065594,84498,132501,135306,2806,23
"chr19",27793790,27794065,-0.0614318237366927,0.122863647473385,44198,129843,137994,8152,8
"chr6",36766240,36766377,0.0614306241427293,0.122861248285459,73082,305439,308585,3147,5
"chr19",1064939,1065185,-0.0614233081874198,0.12284661637484,41655,12485,58182,45698,13
"chr6",26155168,26158087,-0.0614191343919798,0.12283826878396,71959,237316,254090,16775,20
"chr17",15943722,15944098,0.0614163100334168,0.122832620066834,35970,94832,270506,175675,3
"chr22",17638428,17638492,0.0614126564203104,0.122825312840621,56823,86621,138634,52014,14
"chr6",149963382,149963431,0.0614063436081677,0.122812687216335,75350,112306,170016,57711,9
"chr1",171090794,171090917,0.0614040027643472,0.122808005528694,6480,92527,156893,64367,2
"chr6",26250119,26250122,-0.0614027114541946,0.122805422908389,71973,89486,100842,11357,8
"chr4",6673884,6673933,-0.0614002733070749,0.12280054661415,64567,78357,91046,12690,10
"chr4",143184928,143184943,0.0613988896945793,0.122797779389159,66639,101317,106258,4942,10
"chr19",42283610,42283915,-0.0613973752077529,0.122794750415506,45282,70998,72499,1502,8
"chr9",113410666,113410809,0.061390379312009,0.122780758624018,85246,273602,276916,3315,18
"chr14",77457358,77457866,0.0613662976307566,0.122732595261513,26585,106698,108623,1926,16
"chr10",133378550,133378728,0.061360772180082,0.122721544360164,12549,175782,180788,5007,23
"chr6",36677831,36678449,0.0613564715754797,0.122712943150959,73066,136471,172047,35577,16
"chr20",33006208,33006254,-0.0613539483836026,0.122707896767205,54067,293659,297885,4227,7
"chr5",55712284,55712340,-0.0613536133290079,0.122707226658016,68310,21144,29318,8175,16
"chr3",71304843,71304905,-0.0613465748730473,0.122693149746095,61348,151015,242923,91909,3
"chr5",7869073,7869076,0.0613383635887537,0.122676727177507,67638,161294,267887,106594,21
"chr9",114098157,114098370,0.0613375034667391,0.122675006933478,85286,11483,187464,175982,2
"chr4",110623906,110623963,0.0613119479511642,0.122623895902328,66236,135760,143905,8146,12
"chr11",65570859,65570865,0.061304836762285,0.12260967352457,15366,45404,47477,2074,12
"chr19",38647662,38647682,-0.0612984385641962,0.122596877128392,44805,24034,27151,3118,10
"chr20",46090129,46090309,-0.0612729812088019,0.122545962417604,54838,211625,231236,19612,10
"chr4",121380569,121381110,-0.0612708545652233,0.122541709130447,66394,9261,10934,1674,15
"chr4",95051315,95051480,0.0612316544879282,0.122463308975856,66008,271213,271808,596,8
"chr2",95346580,95346847,-0.0612237883277466,0.122447576655493,49479,36536,38516,1981,8
"chr7",96322323,96322433,-0.0612234322398935,0.122446864479787,78175,184315,188293,3979,12
"chr2",227164060,227165140,-0.0612106921604427,0.122421384320885,52336,11918,21799,9882,17
"chr1",171314142,171314242,0.0612097168449397,0.122419433689879,6495,266520,269193,2674,5
"chr10",102658220,102658309,0.0612019340062357,0.122403868012471,11594,123538,285975,162438,3
"chr4",171813356,171813692,-0.0611970092688901,0.12239401853778,67052,29944,30386,443,12
"chr17",78991730,78992126,0.0611874512479125,0.122374902495825,39640,111548,198632,87085,4
"chr17",48817309,48817312,-0.0611829412654933,0.122365882530987,38057,55631,76153,20523,11
"chr1",1914562,1914607,-0.0611765324175979,0.122353064835196,229,33526,35335,1810,10
"chr1",45499671,45500125,0.0611707714554175,0.122341542910835,3017,151237,151459,223,14
"chr7",112996443,112996676,0.0611589784117834,0.122317956823567,78896,271240,310668,39429,2
"chr6",136793065,136793375,0.0611523589924408,0.122304717984882,75053,17620,102949,85330,6
"chr3",108222616,108222723,0.0611496059628177,0.122299211925635,61675,34811,144048,109238,10
"chr9",16276330,16276389,0.0611464373765316,0.122292874753063,83735,215382,234203,18822,2
"chr4",2243230,2243413,-0.0611438198761092,0.122287639752218,64351,161617,227380,65764,4
"chr13",52848943,52849127,-0.0611428859127049,0.12228577182541,23865,130992,194146,63155,11
"chr17",49230939,49231098,0.0611323120791628,0.122264624158326,38092,57202,58923,1722,10
"chr16",55323341,55323930,0.0611281785854176,0.122256357170835,33078,207950,218868,10919,14
"chr7",117323205,117323958,-0.0611189261031328,0.122237852206266,78981,40324,44377,4054,10
"chr9",128203195,128203482,0.0611165964497735,0.122233192899547,85823,89075,100944,11870,7
"chr5",34655638,34655791,-0.0611085800590269,0.122217160118054,67945,251596,262089,10494,11
"chr2",102735883,102736567,0.0610963850654572,0.122192770130914,49795,143313,145116,1804,10
"chr6",32969550,32972878,0.0610876333998028,0.122175266799606,72763,130414,138511,8098,102
"chr17",75917820,75918201,-0.0610848807355971,0.122169761471194,39320,2665,56326,53662,3
"chr11",842963,842977,-0.0610832314277745,0.122166462855549,12738,18883,27031,8149,13
"chr12",122991833,122991896,-0.0610762546946977,0.122152509389395,22433,42402,48968,6567,2
"chr15",63833892,63834442,-0.0610736635018562,0.122147327003712,29166,21428,73086,51659,7
"chr12",7060477,7060752,0.0610710686273256,0.122142137254651,18440,579,8956,8378,10
"chr17",12665307,12666017,0.0610698999691513,0.122139799938303,35911,196360,197773,1414,18
"chr1",27341930,27341942,-0.0610526922552217,0.122105384510443,1899,154129,164027,9899,9
"chr2",234496042,234497719,0.0610373594841166,0.122074718968233,52663,108233,132456,24224,16
"chr5",114361166,114361790,0.0610265574275034,0.122053114855007,69235,146495,148520,2026,19
"chr14",64503649,64503947,-0.0610229182553635,0.122045836510727,25970,62286,64861,2576,22
"chr6",33296028,33296108,-0.0610179459920694,0.122035891984139,72827,43964,45751,1788,25
"chr3",38038859,38039138,0.061011417928956,0.122022835857912,59880,244720,259974,15255,9
"chr13",60013056,60013560,-0.0610078768105011,0.122015753621002,23890,200054,207281,7228,7
"chr22",38864330,38864614,-0.0610034934619854,0.122006986923971,58154,194575,308272,113698,4
"chr12",75209450,75209630,0.0609992321554298,0.12199846431086,20964,15182,69180,53999,9
"chr1",161706409,161706476,-0.0609930016649461,0.121986003329892,6211,163831,271661,107831,5
"chr16",2829219,2829943,-0.060988476805757,0.121976953611514,31343,100871,134038,33168,10
"chr19",2327954,2328495,0.0609878947450513,0.121975789490103,41918,248345,250080,1736,21
"chr16",57447841,57448278,-0.060982478890358,0.121964957780716,33228,281782,292616,10835,14
"chr6",28863332,28864344,0.060963734069208,0.121927468138416,72135,300243,309484,9242,35
"chr17",48101633,48101993,0.0609547756537026,0.121909551307405,37997,211660,248464,36805,13
"chr1",3068487,3068569,-0.0609493534559818,0.121898706911964,371,67451,68365,915,21
"chr17",48550486,48550862,0.0609460306375106,0.121892061275021,38013,25212,56023,30812,4
"chr19",35846078,35846131,0.0609441495200226,0.121888299040045,44555,199343,285968,86626,4
"chr5",150639352,150640041,-0.0609385600371066,0.121877120074213,70409,97661,155474,57814,5
"chr2",102355230,102356277,0.0609324003946864,0.121864800789373,49770,254706,258277,3572,9
"chr17",6650881,6651800,0.0609191610622783,0.121838322124557,35398,231051,293957,62907,17
"chr2",19868600,19868677,0.0609134437895691,0.121826887579138,47671,227821,287560,59740,5
"chr6",43635770,43635860,0.0609025412327003,0.121805082465401,73503,46707,47789,1083,11
"chr14",102139604,102139931,0.0608935919662744,0.121787183932549,27368,192709,210751,18043,15
"chr1",156879241,156879276,0.060873858582645,0.12174771716529,5826,244962,253753,8792,2
"chr16",30572400,30572532,-0.0608624594623502,0.1217249189247,32653,300038,309674,9637,25
"chr5",151770870,151771423,0.0608611301407005,0.121722260281401,70496,79340,101355,22016,28
"chr15",90528815,90528829,-0.0608519359456393,0.121703871891279,30409,202958,232480,29523,2
"chr8",132866366,132866803,0.0608306654537239,0.121661330907448,82838,187227,234597,47371,5
"chr12",123151628,123152170,0.0608203083643264,0.121640616728653,22446,181428,210482,29055,8
"chr6",31005595,31005785,-0.0608123330651342,0.121624666130268,72425,229638,253374,23737,3
"chr5",55995560,55995607,0.0608003941183674,0.121600788236735,68329,150390,161202,10813,12
"chr12",53938425,53939395,-0.0607886910015325,0.121577382003065,20101,101228,103110,1883,17
"chr12",10674307,10674351,0.0607612541382165,0.121522508276433,18689,179642,180139,498,13
"chr6",26198847,26199542,-0.0607470984071957,0.121494196814391,71963,137773,167095,29323,7
"chr17",50835184,50836052,0.0607415423310789,0.121483084662158,38282,9044,9787,744,26
"chr13",113264092,113264225,0.0607396109543718,0.121479221908744,24636,197424,202182,4759,2
"chr19",1828320,1828389,0.0607311432931699,0.12146228658634,41830,208323,291858,83536,7
"chr14",75578248,75578646,0.0607250130086566,0.121450026017313,26468,194586,206520,11935,12
"chr14",24113847,24114890,-0.0607201030039366,0.121440206007873,25138,5648,6815,1168,20
"chr7",103297302,103297411,0.0607123214090383,0.121424642818077,78702,179294,187896,8603,7
"chr16",2273881,2273881,-0.0607086432652805,0.121417286530561,31245,282185,307432,25248,3
"chr1",153923409,153923412,-0.0606846326305273,0.121369265261055,5395,152823,159674,6852,11
"chr9",124862005,124862084,-0.060680343058179,0.121360686116358,85616,3245,46693,43449,15
"chr2",61889887,61889978,0.0606789714926076,0.121357942985215,48769,222674,227371,4698,4
"chr1",54053418,54054759,0.0606646971891744,0.121329394378349,3368,95497,95828,332,26
"chr19",3185679,3186074,-0.0606569432029764,0.121313886405953,42030,2368,24939,22572,10
"chr3",184314318,184314501,0.0606483697265837,0.121296739453167,63553,70159,91234,21076,19
"chr5",88691586,88691624,-0.0606392741712323,0.121278548342465,68901,113998,125043,11046,3
"chr8",65841515,65842885,0.0606234122729069,0.121246824545814,81748,130866,135554,4689,13
"chr6",31797418,31797857,-0.0606217009192948,0.12124340183859,72582,117231,170587,53357,6
"chr19",42423134,42423863,0.0606144404042554,0.121228880808511,45324,209740,213268,3529,10
"chr12",31659112,31659771,0.0606014827686148,0.12120296553723,19220,88546,89394,849,17
"chr1",34987870,34988141,-0.0605953247638722,0.121190649527744,2342,156082,287411,131330,2
"chr1",155127693,155127944,-0.0605900616255648,0.12118012325113,5562,26700,37446,10747,14
"chr16",69339595,69340061,-0.0605886842958018,0.121177368591604,33718,99484,115536,16053,20
"chr3",171900467,171900776,0.0605855435868196,0.121171087173639,63270,239700,266811,27112,5
"chr7",92836764,92836766,-0.0605707452505122,0.121141490501024,78094,25239,27236,1998,37
"chr3",179148603,179149363,0.0605572825923532,0.121114565184706,63336,31321,31948,628,16
"chr16",31094695,31095382,0.0605539994771768,0.121107998954354,32749,250130,255193,5064,15
"chr19",50983973,50984222,0.0605399359962122,0.121079871992424,46391,74361,77151,2791,15
"chr4",6640715,6640723,0.06053917827679,0.12107835655358,64563,140763,147315,6553,10
"chr6",31541139,31541988,0.0605390393701492,0.121078078740298,72489,49680,83191,33512,42
"chr19",8209214,8209219,0.0605296493600288,0.121059298720058,42686,23382,24815,1434,12
"chr10",125161211,125161885,0.0605056574819706,0.121011314963941,12246,45790,46366,577,10
"chr4",106316717,106317497,0.0604978356648023,0.120995671329605,66147,265614,266777,1164,21
"chr20",1393272,1393706,0.060493710448053,0.120987420896106,53211,200462,203766,3305,12
"chr15",88256322,88256476,-0.0604906517225587,0.120981303445117,30233,3543,13036,9494,11
"chr1",11761926,11762096,0.0604844309233281,0.120968861846656,881,78298,117300,39003,8
"chr1",51422569,51422902,0.0604724314631414,0.120944862926283,3240,164936,239978,75043,6
"chr7",2844406,2844524,0.0604617966105001,0.120923593221,76232,40174,41445,1272,10
"chr8",133297616,133297695,-0.060455399000688,0.120910798001376,82865,178269,190955,12687,14
"chr19",48271144,48271319,0.0604530094938342,0.120906018987668,45937,58343,64727,6385,8
"chr6",158650044,158650074,0.0604522148710969,0.120904429742194,75586,138861,139545,685,10
"chr1",3900421,3900432,-0.0604419199372431,0.120883839874486,456,259304,264103,4800,13
"chr1",33255204,33255768,-0.0604272387556003,0.120854477511201,2266,111023,214260,103238,4
"chr6",7541286,7541559,0.0604260563129348,0.12085211262587,71595,140907,177535,36629,14
"chr6",31399750,31400072,-0.0604243271332774,0.120848654266555,72463,182241,184433,2193,9
"chr12",42460278,42460327,-0.0604238042611908,0.120847608522382,19330,179470,214620,35151,5
"chr6",29429303,29429525,-0.0604151470926106,0.120830294185221,72167,126713,226367,99655,3
"chr2",234497324,234497647,0.0604123327287693,0.120824665457539,52663,5305,7411,2107,16
"chr17",13543821,13543833,0.0604086667428377,0.120817333485675,35932,253810,259275,5466,2
"chr2",216081706,216082122,0.060405183670566,0.120810367341132,51915,102061,142917,40857,18
"chr8",42502023,42502474,-0.060375583787987,0.120751167575974,81432,182787,227158,44372,10
"chr1",211578847,211579169,-0.0603755072222211,0.120751014444442,7776,3379,23326,19948,12
"chr3",11643936,11643952,-0.0603649580304009,0.120729916060802,59309,29325,148766,119442,8
"chr8",93754660,93754807,-0.0603569951225969,0.120713990245194,82153,44516,50547,6032,13
"chr2",218387810,218387891,0.060351822933169,0.120703645866338,52030,130347,148978,18632,3
"chr1",185734203,185734556,0.0603415412004735,0.120683082400947,6933,116006,147190,31185,12
"chr1",93909508,93909603,-0.0603322678677346,0.120664535735469,4114,33155,37472,4318,11
"chr1",155308718,155308895,-0.0603263600858211,0.120652720171642,5613,38482,79464,40983,15
"chr6",32127128,32129381,-0.0603246490039217,0.120649298007843,72659,188748,189183,436,51
"chr12",94305365,94305477,-0.0603230096085116,0.120646019217023,21225,174653,277316,102664,2
"chr6",33454640,33455133,-0.0603127032484803,0.120625406496961,72854,50162,79322,29161,56
"chr22",49923253,49923355,0.0603037992839532,0.120607598567906,58851,9569,196419,186851,2
"chr12",128814787,128814936,0.0603031949721271,0.120606389944254,22653,117686,128107,10422,6
"chr1",51519431,51519537,0.0602886799364841,0.120577359872968,3242,32150,96661,64512,4
"chr2",177619124,177619138,0.0602725395207304,0.120545079041461,51124,265145,268027,2883,13
"chr1",12715952,12716203,0.0602689092495201,0.12053781849904,959,156713,156738,26,3
"chr6",28923674,28924302,0.0602678488659842,0.120535697731968,72141,49306,50195,890,40
"chr5",75337033,75337097,0.0602581063099336,0.120516212619867,68654,146523,155346,8824,11
"chr15",74173547,74173996,0.0602578462372702,0.12051569247454,29657,93322,100381,7060,16
"chr6",150865622,150866945,-0.0602432326030369,0.120486465206074,75372,82919,97260,14342,16
"chr19",10602198,10602340,0.0602378205232707,0.120475641046541,42960,203889,213354,9466,4
"chr11",11841332,11841871,0.0602350640505859,0.120470128101172,13548,18792,61328,42537,13
"chr6",31776175,31777185,0.0602325208757103,0.120465041751421,72576,182738,182776,39,17
"chr2",235053777,235053961,-0.0602222215798977,0.120444443159795,52679,137329,158005,20677,3
"chr13",45541458,45541656,0.0602048959373608,0.120409791874722,23594,210520,223361,12842,2
"chr12",124347881,124348209,-0.060184833893514,0.120369667787028,22559,11016,43801,32786,2
"chr12",49843262,49843335,-0.0601773139917413,0.120354627983483,19670,188762,224200,35439,11
"chr19",10717888,10718172,0.0601672269744727,0.120334453948945,42984,78134,83673,5540,20
"chr2",62705347,62705618,0.060152423221228,0.120304846442456,48783,117246,165499,48254,10
"chr2",241970526,241970944,-0.0601477313561967,0.120295462712393,53092,233016,238876,5861,5
"chr5",1886880,1887422,-0.060140913125492,0.120281826250984,67549,70946,111192,40247,20
"chr5",114362195,114362967,0.0601356147333988,0.120271229466798,69235,114839,118222,3384,19
"chr4",56908036,56908240,0.0601317921699914,0.120263584339983,65408,139146,140543,1398,17
"chr2",174334848,174334942,0.0601280624227456,0.120256124845491,51020,14983,16420,1438,15
"chr14",20468739,20469413,0.060108254437787,0.120216508875574,24814,265345,294741,29397,11
"chr5",55765491,55766893,-0.0600962611519981,0.120192522303996,68313,241930,272416,30487,6
"chr6",135850372,135851617,-0.0600877537712886,0.120175507542577,75026,130812,172394,41583,10
"chr9",35041548,35042017,-0.0600836656257846,0.120167331251569,84068,241517,276163,34647,3
"chr13",51452690,51453715,-0.0600830100436084,0.120166020087217,23789,257328,269574,12247,20
"chr2",47782958,47782966,-0.0600759595460256,0.120151919092051,48552,16853,31402,14550,10
"chr7",129188679,129188744,-0.0600717920476576,0.120143584095315,79233,49235,49664,430,11
"chr12",109573998,109574263,0.0600542266581201,0.12010845331624,21684,224767,226545,1779,27
"chr6",26045304,26045417,-0.0600415496740371,0.120083099348074,71948,131235,132985,1751,6
"chr7",148697629,148697796,0.0600336200362939,0.120067240072588,79775,117840,125682,7843,7
"chr12",66170058,66170126,0.0600085378004502,0.1200170756009,20779,42634,56603,13970,7
"chr1",212949683,212950623,0.0600002607399925,0.120000521479985,7832,154108,160193,6086,8
"chr5",138543557,138543634,0.0600000885456966,0.120000177091393,69769,98943,152582,53640,13
"chr1",119896899,119897607,0.0599987122641646,0.119997424528329,4826,148761,153508,4748,13
"chr5",3595793,3595849,0.0599919706356632,0.119983941271326,67576,123726,131976,8251,4
"chr10",74176117,74176520,0.0599856340023257,0.119971268004651,10627,77602,109794,32193,16
"chr13",113044617,113044637,0.059981884713646,0.119963769427292,24587,140528,194257,53730,13
"chr17",35242953,35242966,-0.0599720556242839,0.119944111248568,36778,292393,294213,1821,12
"chr1",170662706,170662892,-0.0599607182881557,0.119921436576311,6473,126723,235571,108849,4
"chr1",37859989,37860302,-0.0599538137050508,0.119907627410102,2526,31245,34387,3143,8
"chr19",18437194,18437419,-0.0599524788805755,0.119904957761151,43935,203897,245493,41597,19
"chr13",72781304,72782278,0.0599341668428704,0.119868333685741,23955,244432,293256,48825,19
"chr4",20699045,20699260,0.0599320599764237,0.119864119952847,64837,122726,213595,90870,3
"chr22",38755994,38756443,0.0599298753060619,0.119859750612124,58143,29266,52985,23720,15
"chr11",6925854,6926388,0.0599220080244289,0.119844016048858,13317,177238,181264,4027,15
"chr11",78786913,78786990,0.0599046713901123,0.119809342780225,16393,41742,44043,2302,2
"chr2",227870574,227870980,0.0599042829535364,0.119808565907073,52373,249417,260386,10970,15
"chr1",24642512,24642937,-0.0598779419502011,0.119755883900402,1684,149975,156089,6115,11
"chr7",44624387,44624455,0.0598747621466507,0.119749524293301,77257,271857,272038,182,2
"chr3",43690610,43691546,0.0598677823867374,0.119735564773475,60094,105488,124229,18742,16
"chr7",130141312,130141756,0.0598586277892055,0.119717255578411,79279,123379,189163,65785,4
"chr3",36860944,36861110,0.0598359758679472,0.119671951735894,59808,152002,152279,278,3
"chr5",95823423,95823910,-0.0598321884709132,0.119664376941826,69005,155873,242470,86598,5
"chr19",35124540,35124675,0.0598253153056136,0.119650630611227,44417,79011,110436,31426,5
"chr3",142149240,142149680,-0.0598210712575147,0.119642142515029,62736,61974,65212,3239,9
"chr19",55284017,55284447,0.0598168278626792,0.119633655725358,46895,70809,78291,7483,5
"chr14",24115200,24115220,0.0598153287388344,0.119630657477669,25138,19347,21594,2248,20
"chr12",55727306,55730356,-0.0598113545239069,0.119622709047814,20259,245705,248766,3062,31
"chr20",62804650,62804672,-0.0597938073680836,0.119587614736167,55447,24181,27601,3421,8
"chr3",48717161,48717179,0.0597899776685751,0.11957995533715,60474,9847,21187,11341,12
"chr17",37283353,37283353,0.0597862001063377,0.119572400212675,36881,196008,304728,108721,2
"chr9",126614229,126614242,0.0597843994267325,0.119568798853465,85667,46840,70529,23690,5
"chr2",176638106,176638126,0.0597824380406042,0.119564876081208,51101,103994,137461,33468,12
"chr7",26398061,26399278,0.0597701815331198,0.11954036306624,76784,180885,181044,160,9
"chr5",151771528,151771743,0.0597693928920103,0.119538785784021,70496,160952,165364,4413,28
"chr7",815377,815691,-0.0597336813624218,0.119467362724844,75999,237369,238201,833,11
"chr20",25585700,25585746,0.0597138178017303,0.119427635603461,53876,87638,109257,21620,7
"chr4",107931371,107932333,0.0596987084997537,0.119397416999507,66165,154032,165861,11830,15
"chr5",65925082,65926694,0.0596918679336559,0.119383735867312,68487,87128,96403,9276,15
"chr6",158535938,158535966,-0.0596881560110712,0.119376312022142,75576,184185,230251,46067,9
"chr11",46366695,46366883,-0.0596756823179368,0.119351364635874,14268,41564,46386,4823,3
"chr2",120252297,120252471,0.059671144286544,0.119342288573088,50157,150829,230383,79555,9
"chr8",10053363,10054126,-0.0596692376975249,0.11933847539505,80474,170310,180620,10311,15
"chr16",58197646,58197655,-0.0596614510328199,0.11932290206564,33320,4625,51899,47275,2
"chr8",144409910,144409965,0.0596573920094578,0.119314784018916,83373,85808,126334,40527,11
"chr1",207320868,207321127,0.0596522385467899,0.11930447709358,7643,148604,165596,16993,13
"chr12",65827887,65828009,-0.0596460069415929,0.119292013883186,20765,191947,219411,27465,3
"chr2",172736422,172736685,-0.059639891975789,0.119279783951578,50982,38114,107785,69672,8
"chr15",50181872,50182035,-0.0596291841081706,0.119258368216341,28773,209000,212767,3768,12
"chr8",38820361,38820542,0.0596286315030179,0.119257263006036,81318,243608,245088,1481,5
"chr12",53380028,53380070,0.0596249668612576,0.119249933722515,20053,209566,246391,36826,12
"chr12",95956827,95956870,0.0596225245420378,0.119245049084076,21268,6727,16099,9373,4
"chr4",174283589,174283636,0.0596026340647932,0.119205268129586,67074,164214,165956,1743,24
"chr12",49345694,49346110,-0.0595866189843531,0.119173237968706,19615,51666,182546,130881,4
"chr19",4246785,4247126,0.0595865135333513,0.119173027066703,42207,216337,299206,82870,9
"chr6",137045110,137045115,-0.0595863062743789,0.119172612548758,75064,247827,254883,7057,18
"chr2",191014426,191014815,0.0595841241420803,0.119168248284161,51376,237289,273482,36194,10
"chr11",62786598,62786762,0.0595790825353919,0.119158165070784,14987,181566,271364,89799,5
"chr12",57487974,57488102,-0.0595711414644123,0.119142282928825,20559,44806,76915,32110,9
"chr4",55385606,55385673,-0.0595670454207625,0.119134090841525,65361,143243,228588,85346,4
"chr9",83957336,83957351,0.0595606225182585,0.119121245036517,84486,219727,223490,3764,12
"chr11",111871191,111871421,0.0595560959339386,0.119112191867877,16921,62892,108463,45572,16
"chr3",24494832,24495810,-0.059551308193602,0.119102616387204,59638,17619,20380,2762,29
"chr19",58555285,58555333,-0.0595505554133167,0.119101110826633,47265,295251,298959,3709,11
"chr19",10717470,10717953,-0.0595324963470431,0.119064992694086,42984,292274,292433,160,20
"chr4",95839492,95839878,-0.0595249556370785,0.119049911274157,66018,215668,275387,59720,11
"chr3",55487403,55487833,0.0595190506009046,0.119038101201809,61038,156794,163488,6695,18
"chr16",11586428,11587091,-0.0595141029652361,0.119028205930472,31838,79361,95944,16584,18
"chr1",63322507,63322584,0.0595061059061144,0.119012211812229,3574,153575,276896,123322,15
"chr19",52369598,52369663,-0.0595037650981801,0.11900753019636,46560,117418,125185,7768,11
"chr1",1421522,1421981,-0.0594977677540204,0.118995535508041,160,149873,156987,7115,10
"chr3",165206603,165206900,-0.0594936094432247,0.118987218886449,63163,220245,248888,28644,6
"chr2",27441791,27442051,0.059463623642501,0.118927247285002,48006,215388,240455,25068,15
"chr11",119121419,119121473,-0.0594635206536237,0.118927041307247,17339,42864,43931,1068,11
"chr6",119149881,119149907,-0.0594575931188461,0.118915186237692,74745,174024,174178,155,4
"chr17",39941454,39941527,0.0594539889514567,0.118907977902913,37116,260727,292479,31753,2
"chr9",116187534,116187854,-0.0594451229832534,0.118890245966507,85344,228621,282742,54122,7
"chr3",85828251,85828584,-0.0594269297931899,0.11885385958638,61450,249982,265367,15386,4
"chr1",154219729,154219894,0.0594176519270921,0.118835303854184,5443,134282,144945,10664,19
"chr14",55191572,55192997,-0.0594163547435833,0.118832709487167,25703,91137,214547,123411,7
"chr22",39946380,39946533,0.0594032946450218,0.118806589290044,58248,255305,265573,10269,5
"chr12",48789125,48789350,-0.0594025857895489,0.118805171579098,19520,198057,207604,9548,11
"chr4",36243988,36244645,0.0593976277130408,0.118795255426082,64958,71032,81672,10641,12
"chr3",154324572,154324677,-0.0593903007266642,0.118780601453328,62977,151330,160648,9319,14
"chr16",66552512,66552625,0.0593885543585042,0.118777108717008,33396,53067,79107,26041,15
"chr4",113979275,113979915,-0.0593777583370802,0.11875551667416,66303,37682,39329,1648,14
"chr1",226061673,226062115,0.0593769776165417,0.118753955233083,8120,157299,220820,63522,9
"chr1",87332179,87332200,0.0593744696829596,0.118748939365919,3972,106133,150958,44826,2
"chr15",40239142,40239242,0.0593634454813196,0.118726890962639,28232,73505,75728,2224,18
"chr19",3029655,3029740,0.0593601143548379,0.118720228709676,42004,250966,264778,13813,10
"chr3",127672867,127673001,0.0593590261803457,0.118718052360691,62238,22996,32675,9680,11
"chr1",116571130,116571202,-0.0593484098839814,0.118696819767963,4724,30550,36914,6365,6
"chr21",44353411,44353686,-0.0593422201601154,0.118684440320231,56526,72909,99763,26855,7
"chr5",62306217,62306227,0.059327166106451,0.118654332212902,68443,63860,67518,3659,11
"chr22",50531249,50531438,-0.0593111860322008,0.118622372064402,58971,65702,75677,9976,4
"chr19",44757021,44757096,0.0592799570248598,0.11855991404972,45499,106446,121126,14681,7
"chr22",28800719,28800758,0.0592694256737898,0.11853885134758,57448,4347,58850,54504,8
"chr8",86097603,86098407,0.0592641738722097,0.118528347744419,82050,198811,252392,53582,5
"chr11",18455752,18455987,0.0592606444987283,0.118521288997457,13768,45585,50311,4727,7
"chr1",180277005,180277452,0.0592516037591219,0.118503207518244,6756,236712,269889,33178,3
"chr3",51973731,51974955,0.0592460115988458,0.118492023197692,60802,19965,25423,5459,17
"chr1",156728001,156728863,0.0592452035986298,0.11849040719726,5792,68153,93923,25771,23
"chr8",90985582,90985757,0.0592405415933855,0.118481083186771,82107,192103,192545,443,10
"chr1",89176312,89176940,0.0592339668324574,0.118467933664915,3997,109903,261387,151485,4
"chr4",77819156,77820112,0.0592210788180649,0.11844215763613,65741,69067,78061,8995,10
"chr10",27154401,27155558,-0.0592164791539092,0.118432958307818,9569,13766,18379,4614,17
"chr15",49423145,49423263,0.059210784553618,0.118421569107236,28759,99513,242561,143049,8
"chr14",103921760,103921762,-0.0591937796900833,0.118387559380167,27522,94404,120578,26175,10
"chr11",9384466,9384516,0.0591936749265638,0.118387349853128,13463,186676,186778,103,8
"chr21",36466372,36466555,0.0591917093956393,0.118383418791279,56152,247029,261600,14572,4
"chr3",69999681,69999720,-0.0591884357573106,0.118376871514621,61336,29829,108955,79127,6
"chr20",18587852,18587897,-0.0591783849908183,0.118356769981637,53678,56006,77628,21623,12
"chr7",116222606,116222972,-0.059177250847646,0.118354501695292,78927,106863,200844,93982,8
"chr1",172144366,172144907,0.0591679794896867,0.118335958979373,6530,84908,141741,56834,10
"chr6",57171665,57172428,-0.0591595071848672,0.118319014369734,73854,46520,65265,18746,13
"chr12",55219534,55219886,-0.0591501585300541,0.118300317060108,20215,267297,310247,42951,2
"chr7",90244483,90244507,0.0591459669763253,0.118291933952651,78018,8236,11777,3542,14
"chr9",34729285,34729358,-0.0591195660394929,0.118239132078986,84054,124285,186206,61922,3
"chr17",8475458,8475732,-0.0591183402769868,0.118236680553974,35767,294341,296247,1907,5
"chr17",42536223,42536320,-0.0591181693991807,0.118236338798361,37474,21282,27104,5823,15
"chr16",52257501,52258245,0.0591138723169319,0.118227744633864,33021,224397,232380,7984,5
"chr10",50624093,50624185,0.0590992833706454,0.118198566741291,10051,179261,214765,35505,11
"chr12",56725000,56726006,0.0590962630071875,0.118192526014375,20432,264636,265195,560,16
"chr8",26577802,26577838,-0.0590954085785182,0.118190817157036,80978,45405,45911,507,11
"chr1",228059079,228059236,0.0590799486828753,0.118159897365751,8212,4060,6489,2430,3
"chr4",38523999,38524295,0.0590606688482539,0.118121337696508,65008,258197,276719,18523,3
"chr19",1605421,1605681,0.059055843113354,0.118111686226708,41798,137573,194893,57321,10
"chr2",55282117,55282122,-0.0590495222413399,0.11809904448268,48663,7737,12357,4621,8
"chr6",31641892,31642162,-0.0590432308341545,0.118086461668309,72518,225864,280028,54165,2
"chr6",113860306,113860510,0.0590361291864254,0.118072258372851,74597,19108,191765,172658,3
"chr9",37576445,37576961,-0.059035946289366,0.118071892578732,84226,186501,187218,718,5
"chr12",6492701,6493668,0.0590279020910994,0.118055804182199,18306,217444,251316,33873,16
"chr17",80415105,80415131,-0.0590249119780635,0.118049823956127,39808,67556,79235,11680,18
"chr11",45771372,45771379,0.0590187649798628,0.118037529959726,14226,181068,189110,8043,7
"chr2",65056009,65056303,-0.0590063148057733,0.118012629611547,48846,31667,31899,233,8
"chr2",55693959,55694740,0.0590056407116468,0.118011281423294,48678,87445,110868,23424,12
"chr10",101840483,101840509,-0.0589987045304853,0.117997409060971,11510,288217,300386,12170,12
"chr12",3753059,3753262,0.058997244144726,0.117994488289452,18194,9509,20083,10575,13
"chr1",153958777,153959090,-0.0589889093167,0.1179778186334,5409,146599,154755,8157,10
"chr1",149885636,149885941,0.0589876239729988,0.117975247945998,4974,100578,141177,40600,8
"chr12",110846914,110846964,0.0589874325902489,0.117974865180498,21781,2498,40118,37621,14
"chr6",87256046,87256544,-0.0589849573763357,0.117969914752671,74137,284704,288463,3760,2
"chr13",49444001,49444786,-0.058984030045686,0.117968060091372,23709,228100,299567,71468,15
"chr3",119579375,119579964,0.0589779682162761,0.117955936432552,61923,150998,163448,12451,13
"chr12",57112099,57112578,0.0589702327870256,0.117940465574051,20482,101358,173119,71762,5
"chr20",4015747,4016542,-0.0589626454107777,0.117925290821555,53411,215490,220017,4528,8
"chr18",9913508,9913799,-0.0589602161480339,0.117920432296068,40430,58852,74095,15244,15
"chr2",27663668,27663888,0.0589543914403131,0.117908782880626,48046,16318,25227,8910,23
"chr5",122845328,122845410,-0.058949742327318,0.117899484654636,69348,23925,33318,9394,13
"chr15",90244335,90244335,-0.0589324391204332,0.117864878240866,30394,4028,84586,80559,4
"chr2",191244167,191244750,0.0589315495788594,0.117863099157719,51384,166185,212359,46175,11
"chr21",42215657,42215684,0.0589140312887578,0.117828062577516,56402,117050,268220,151171,3
"chr19",2250902,2250957,0.0589124692612617,0.117824938522523,41899,7418,11238,3821,4
"chr3",42589997,42590799,0.0588956200966715,0.117791240193343,60040,36236,117611,81376,11
"chr4",39366284,39367100,-0.0588892411298645,0.117778482259729,65046,163913,165958,2046,11
"chr9",6015698,6015781,-0.0588813218320714,0.117762643664143,83612,66243,71624,5382,7
"chr11",67303289,67303496,0.0588807766103327,0.117761553220665,15653,14106,15144,1039,13
"chr1",201896868,201897225,-0.0588632950909363,0.117726590181873,7188,249019,255655,6637,3
"chr6",28863767,28863848,-0.0588507897197805,0.117701579439561,72135,122926,127671,4746,35
"chr11",115760382,115760398,0.0588453154935179,0.117690630987036,17069,175978,180530,4553,15
"chr19",55614374,55614668,0.0588412172294858,0.117682434458972,46967,52723,195388,142666,2
"chr5",160119554,160119587,-0.058832051767451,0.117664103534902,70648,244431,269890,25460,10
"chr6",73695724,73696466,0.0588302490404138,0.117660498080828,73986,99483,104558,5076,19
"chr5",10441127,10441204,0.0588203773535951,0.11764075470719,67685,250479,261960,11482,17
"chr10",118046949,118047005,0.0588066866130088,0.117613373226018,11996,25100,26414,1315,6
"chr16",57735430,57735685,-0.0588004175976129,0.117600835195226,33267,199821,202803,2983,12
"chr5",84385362,84385383,-0.0587822773743772,0.117564554748754,68865,129238,136638,7401,13
"chr13",41061373,41062059,0.0587724513579058,0.117544902715812,23475,93143,116692,23550,17
"chr16",68695820,68695834,-0.0587711415515939,0.117542283103188,33676,79012,259941,180930,2
"chr1",32221826,32222592,0.0587664288792361,0.117532857758472,2176,219900,240281,20382,17
"chr22",50170693,50170716,-0.0587641890141743,0.117528378028349,58883,57926,75673,17748,7
"chr3",48635196,48635542,-0.0587638507182839,0.117527701436568,60450,28115,33057,4943,14
"chr1",111204656,111205130,0.0587391515236339,0.117478303047268,4505,220361,271326,50966,13
"chr7",30478696,30479051,0.058734306241227,0.117468612482454,76926,60557,102956,42400,7
"chr15",81374052,81374373,0.0587265800716241,0.117453160143248,30057,274776,296871,22096,6
"chr7",20785087,20785151,-0.058718925928024,0.117437851856048,76653,15366,42192,26827,8
"chr10",101776012,101776018,-0.0587085708728391,0.117417141745678,11496,45228,60876,15649,8
"chr10",14845426,14845455,-0.0586941070052348,0.11738821401047,9320,255901,275233,19333,5
"chr12",51048189,51048273,0.0586928621261259,0.117385724252252,19760,95192,110741,15550,13
"chr11",69640343,69641194,-0.0586882851941845,0.117376570388369,15858,117689,117923,235,29
"chr3",169812904,169813132,-0.0586854830678307,0.117370966135661,63207,243595,246750,3156,18
"chr16",88663345,88663510,-0.0586741692500838,0.117348338500168,34526,18973,19582,610,18
"chr15",82571862,82572041,0.0586693280604569,0.117338656120914,30076,52088,82044,29957,7
"chr4",147617370,147617376,0.058669296684898,0.117338593369796,66710,30895,33127,2233,12
"chr19",13152955,13153183,0.0586663730715379,0.117332746143076,43325,23010,194808,171799,4
"chr19",35139202,35139508,0.0586427263291033,0.117285452658207,44424,70318,102330,32013,16
"chr14",23321133,23321385,0.058632422910607,0.117264845821214,25045,109608,122904,13297,13
"chr17",50834714,50835086,0.0586190203279793,0.117238040655959,38282,284217,293153,8937,26
"chr17",39460520,39460703,0.0586085586153437,0.117217117230687,37032,83196,255744,172549,2
"chr2",231781425,231781721,0.058606880213803,0.117213760427606,52492,130244,149779,19536,15
"chr13",40982003,40983416,0.0586058370114669,0.117211674022934,23472,110909,222408,111500,8
"chr1",87168367,87168709,-0.0585935968977285,0.117187193795457,3967,229002,307676,78675,2
"chr5",95619659,95620085,0.0585855655985562,0.117171131197112,68994,164147,220383,56237,12
"chr11",6404799,6405593,-0.0585612739679095,0.117122547935819,13248,82293,98512,16220,15
"chr17",38578585,38578658,0.0585499334968471,0.117099866993694,36939,79545,110035,30491,3
"chr13",41194832,41194842,0.0585414104352711,0.117082820870542,23482,82092,87379,5288,10
"chr19",12737278,12737489,-0.058540900207896,0.117081800415792,43232,201518,210892,9375,11
"chr2",1412606,1413713,0.0585271796682784,0.117054359336557,47306,263631,277490,13860,11
"chr7",30504793,30504853,0.0585186725895654,0.117037345179131,76928,23230,26049,2820,13
"chr1",8944656,8945854,0.0585164025780229,0.117032805156046,677,219623,264818,45196,10
"chr1",48776841,48777085,-0.0585163499699725,0.117032699939945,3194,31469,35187,3719,9
"chr20",57266840,57267291,0.0585151964818245,0.117030392963649,55172,122711,123676,966,18
"chr10",30116215,30116399,-0.0585096356934159,0.117019271386832,9647,123353,178657,55305,2
"chr7",37259259,37259341,0.0584896431569765,0.116979286313953,77072,112551,290948,178398,2
"chr18",12377948,12378337,0.058484865949786,0.116969731899572,40486,240471,244987,4517,13
"chr1",33183055,33183218,0.0584753377003907,0.116950675400781,2265,157020,165640,8621,17
"chr11",60906695,60906799,0.0584722897812928,0.116944579562586,14771,180417,185581,5165,10
"chr17",29761303,29761560,0.0584721625460312,0.116944325092062,36553,62714,63748,1035,8
"chr16",68001441,68001575,0.0584713816492654,0.116942763298531,33631,245163,251767,6605,3
"chr16",30571865,30572223,0.0584669798394829,0.116933959678966,32653,207788,243008,35221,25
"chr1",48471981,48472081,-0.0584643802420384,0.116928760484077,3191,23455,34024,10570,11
"chr1",38872808,38872813,0.0584586398626208,0.116917279725242,2559,147343,158259,10917,4
"chr17",58328587,58328933,0.0584535856244791,0.116907171248958,38475,95386,111983,16598,10
"chr10",99914109,99914172,0.0584422779317027,0.116884555863405,11366,265731,267934,2204,2
"chr8",143246330,143246733,-0.0584384316078956,0.116876863215791,83116,71881,95095,23215,21
"chr11",86244415,86244959,-0.0584360596636122,0.116872119327224,16469,46812,65584,18773,14
"chr10",61452468,61453104,0.0584315796417257,0.116863159283451,10156,18670,41989,23320,16
"chr1",11934224,11934638,-0.0584298925677309,0.116859785135462,907,82523,142142,59620,12
"chr1",159925801,159925934,-0.0584231931019403,0.116846386203881,6002,154585,166211,11627,24
"chr10",91922737,91923051,0.0584157242343789,0.116831448468758,11024,191236,223484,32249,9
"chr11",61581429,61581450,0.0584130370960188,0.116826074192038,14848,42128,100016,57889,4
"chr8",12755781,12755796,0.0584128410452558,0.116825682090512,80583,43234,45291,2058,15
"chr1",162561069,162561434,0.0584117446093075,0.116823489218615,6250,146115,148796,2682,14
"chr18",54959896,54960396,-0.0584098255685272,0.116819651137054,41069,136615,207916,71302,15
"chr11",64103440,64104098,0.0584096168903989,0.116819233780798,15087,93595,170814,77220,8
"chr19",55339672,55339684,0.0583950163646479,0.116790032729296,46904,76764,93562,16799,13
"chr10",97446017,97446123,0.0583940707275713,0.116788141455143,11257,179445,182280,2836,17
"chr14",55411817,55412328,-0.058381922412371,0.116763844824742,25709,120400,133551,13152,9
"chr11",125886867,125887551,-0.0583744441595791,0.116748888319158,17711,188353,192362,4010,10
"chr22",20957113,20957120,-0.0583626325993381,0.116725265198676,57046,25317,26974,1658,8
"chr3",47379697,47380789,0.058356862159924,0.116713724319848,60328,102668,124339,21672,13
"chr12",51325182,51326141,-0.0583439492949879,0.116687898589976,19786,250268,262253,11986,16
"chr3",149656976,149658842,0.0583438516881335,0.116687703376267,62853,4070,15667,11598,25
"chr19",58033633,58033754,0.0583432563761846,0.116686512752369,47180,111046,112645,1600,9
"chr1",25338389,25338983,-0.0583231809760782,0.116646361952156,1709,138399,154815,16417,6
"chr3",126394401,126394484,0.0583178669880489,0.116635733976098,62185,164301,228485,64185,16
"chr12",131785142,131785192,0.0583143309100994,0.116628661820199,22726,186547,186611,65,4
"chr5",135452217,135452438,-0.0582982845930245,0.116596569186049,69640,115330,142135,26806,7
"chr11",34105167,34105734,0.058291737808012,0.116583475616024,14039,97146,98526,1381,11
"chr11",5685151,5685610,-0.0582913054286343,0.116582610857269,13198,64305,135164,70860,6
"chr15",101295419,101295609,0.0582670764203551,0.11653415284071,30704,203002,252590,49589,7
"chr11",59755354,59755444,-0.0582487898975809,0.116497579795162,14689,5527,26634,21108,16
"chr22",46296314,46296984,-0.0582423175351487,0.116484635070297,58748,2955,4725,1771,17
"chr6",7389565,7389850,-0.0582413458144732,0.116482691628946,71588,137632,137744,113,15
"chr12",110920642,110920812,0.0582379003698922,0.116475800739784,21786,59496,92620,33125,10
"chr2",60553611,60554543,0.0582354186615407,0.116470837323081,48720,160530,166632,6103,16
"chr21",46286115,46286456,0.0582353730687637,0.116470746137527,56719,65793,74851,9059,15
"chr16",30370745,30371196,0.0582283297669817,0.116456659533963,32616,208896,209532,637,9
"chr4",170090108,170090273,0.0582023193533793,0.116404638706759,67045,10782,17331,6550,15
"chr1",246722972,246723425,0.0581874288285577,0.116374857657115,8735,247416,283967,36552,5
"chr6",33418009,33418479,0.0581762438498783,0.116352487699757,72843,187020,187467,448,57
"chr12",2223982,2223995,-0.0581727966171049,0.11634559323421,18126,213135,246185,33051,4
"chr10",24543931,24543950,-0.0581691924969612,0.116338384993922,9516,169637,169917,281,4
"chr18",12658248,12658621,-0.0581684343078781,0.116336868615756,40496,61271,65884,4614,12
"chr2",167941959,167942249,0.0581572837652356,0.116314567530471,50826,230645,232581,1937,3
"chr20",62121813,62121982,0.0581567164472044,0.116313432894409,55358,192942,241016,48075,11
"chr5",84384446,84384813,0.0581565159287455,0.116313031857491,68865,67392,68215,824,13
"chr19",11549374,11549388,-0.0581538966654428,0.116307793330886,43124,195104,285685,90582,4
"chr16",20327530,20327713,-0.0581493539639826,0.116298707927965,32108,253423,254227,805,6
"chr11",8269191,8269392,-0.0581462896198018,0.116292579239604,13397,46053,49925,3873,9
"chr21",44657665,44657798,0.0581452440619413,0.116290488123883,56570,202108,206392,4285,7
"chr2",27071837,27071845,-0.0581414258506017,0.116282851701203,47926,25281,27030,1750,11
"chr8",55772336,55772345,-0.0581320890947523,0.116264178189505,81611,280495,284951,4457,25
"chr15",74906634,74906985,0.058111194754589,0.116222389509178,29735,66898,70713,3816,18
"chr6",139292289,139292319,0.0581070149275115,0.116214029855023,75151,117757,187695,69939,3
"chr19",6534749,6534752,0.0581000365541277,0.116200073108255,42461,287317,297241,9925,4
"chr13",113074511,113075036,-0.0580941649137106,0.116188329827421,24590,205866,205878,13,5
"chr1",50960667,50960723,0.0580927682886033,0.116185536577207,3218,220979,237943,16965,16
"chr1",42681448,42682268,-0.0580905680665704,0.116181136133141,2773,146586,159302,12717,18
"chr3",161104873,161105530,-0.0580856339971546,0.116171267994309,63145,145592,148414,2823,24
"chr20",57407647,57407922,0.0580835308045984,0.116167061609197,55184,204583,293886,89304,4
"chr8",18084457,18085017,0.0580768074194892,0.116153614838978,80672,62279,81199,18921,25
"chr16",81779106,81779160,-0.0580738236589793,0.116147647317959,34172,70099,71837,1739,8
"chr16",27269492,27269734,0.0580736063251457,0.116147212650291,32361,210200,223739,13540,11
"chr16",89972061,89972738,0.0580711033640607,0.116142206728121,34775,89157,94322,5166,23
"chr9",129080991,129081050,-0.0580556912251128,0.116111382450226,85947,65924,71190,5267,11
"chr19",5904175,5904783,-0.0580528168298941,0.116105633659788,42402,211256,246139,34884,17
"chr1",201829038,201829327,0.0580496166839477,0.116099233367895,7176,36385,37145,761,17
"chr8",11769964,11769971,0.0580468719820417,0.116093743964083,80552,190679,191490,812,11
"chr15",75639516,75639612,-0.0580429493664222,0.116085898732844,29782,127591,295999,168409,3
"chr15",82043606,82044528,0.058037456058581,0.116074912117162,30060,199873,209677,9805,6
"chr5",178859734,178859874,-0.058032001265166,0.116064002530332,71177,32948,86982,54035,6
"chr5",62417472,62417648,-0.0580187388677156,0.116037477735431,68449,250615,309722,59108,4
"chr17",48723722,48724702,-0.058014337298357,0.116028674596714,38049,77309,83256,5948,29
"chr1",110407271,110407990,0.0580140001161454,0.116028000232291,4469,95778,109425,13648,17
"chr9",134135818,134135905,0.0580057708372747,0.116011541674549,86343,96832,167385,70554,7
"chr21",45265239,45265597,0.0580045251420215,0.116009050284043,56615,192599,195123,2525,4
"chr16",14371323,14371423,0.0580044170130361,0.116008834026072,31933,238067,240149,2083,2
"chr18",12307330,12307650,0.0579961281382836,0.115992256276567,40482,113618,205660,92043,8
"chr9",95508190,95508767,-0.0579831970547699,0.11596639410954,84807,69906,91752,21847,17
"chr11",13008965,13008970,-0.0579658023541208,0.115931604708242,13593,132952,134863,1912,16
"chr2",24971287,24972344,0.0579502831206544,0.115900566241309,47794,96354,110763,14410,14
"chr16",2205331,2205395,-0.0579476811626811,0.115895362325362,31220,53654,55704,2051,18
"chr20",3230597,3230796,-0.0579440911272449,0.11588818225449,53337,226915,294330,67416,2
"chr5",176388478,176388673,0.057940739435063,0.115881478870126,70976,119598,147668,28071,19
"chr5",142744212,142744672,0.0579377880185492,0.115875576037098,70157,267333,278853,11521,2
"chr10",14837982,14838067,-0.0579336720965158,0.115867344193032,9318,174124,175732,1609,16
"chr3",46464716,46465062,0.0579210184255317,0.115842036851063,60241,536,17549,17014,15
"chr3",48633904,48634009,-0.0579154269419118,0.115830853883824,60449,163533,245428,81896,3
"chr21",41420185,41420200,0.0579137758623974,0.115827551724795,56322,247429,292713,45285,13
"chr6",31736810,31736961,0.057912667398848,0.115825334797696,72561,145215,167771,22557,10
"chr19",58059059,58059123,0.0579070338332562,0.115814067666512,47184,117043,128538,11496,10
"chr11",117327015,117327708,-0.0579056815304624,0.115811363060925,17140,169991,172181,2191,13
"chr14",105248304,105248322,0.0578960241830673,0.115792048366135,27665,266693,269773,3081,23
"chr19",4246985,4247039,-0.0578946991493559,0.115789398298712,42207,201396,210885,9490,9
"chr15",50424125,50424628,-0.0578864659342218,0.115772931868444,28788,99005,292240,193236,7
"chr4",56467199,56467534,0.0578827986066859,0.115765597213372,65398,145886,156340,10455,15
"chr16",81007122,81007197,0.057854530576992,0.115709061153984,34120,233564,250146,16583,23
"chr11",66678463,66678473,0.0578473884402528,0.115694776880506,15573,215350,227095,11746,11
"chr12",132206025,132206147,0.0578236918515255,0.115647383703051,22791,167316,175375,8060,7
"chr7",135438337,135438420,0.0578198545598267,0.115639709119653,79430,252973,261435,8463,2
"chr8",66775121,66775239,-0.0578111217130146,0.115622243426029,81789,50380,79158,28779,12
"chr9",14779579,14780007,0.0577964551438671,0.115592910287734,83718,226391,242851,16461,6
"chr6",32153178,32154060,0.057791711282135,0.11558342256427,72663,186704,186820,117,77
"chr6",16761437,16762237,0.0577860337398509,0.115572067479702,71783,93538,102028,8491,20
"chr6",132714146,132714366,-0.0577792229490404,0.115558445898081,74941,238916,252818,13903,6
"chr16",81006140,81006415,-0.0577731269927527,0.115546253985505,34120,199577,200015,439,23
"chr22",20917104,20917380,0.0577666262330616,0.115533252466123,57039,61013,88324,27312,10
"chr4",94757552,94757747,0.0577511995031172,0.115502399006234,66005,78177,108555,30379,10
"chr2",119158207,119159231,0.057748119195429,0.115496238390858,50112,252936,300716,47781,16
"chr1",150362912,150364552,0.057748020191913,0.115496040383826,5019,232812,238626,5815,22
"chr20",38472192,38472794,0.057743911436956,0.115487822873912,54458,205013,214245,9233,14
"chr14",24146704,24147409,0.0577434084075156,0.115486816815031,25148,198959,205408,6450,18
"chr1",183922226,183922305,-0.0577394559759362,0.115478911951872,6894,149199,151043,1845,2
"chr3",23805208,23805989,-0.057727871367545,0.11545574273509,59618,93088,123924,30837,11
"chr12",119334576,119334728,0.0577137524594426,0.115427504918885,22119,3643,99951,96309,14
"chr6",145687280,145687283,0.057711104505999,0.115422209011998,75243,269880,274906,5027,4
"chr10",101819056,101819554,0.0577072600758064,0.115414520151613,11504,217510,218560,1051,13
"chr4",24980444,24980482,0.057675354688088,0.115350709376176,64887,229572,232589,3018,12
"chr6",33323534,33324170,0.0576742345548572,0.115348469109714,72834,187824,188904,1081,36
"chr12",123268304,123268406,0.0576657408589266,0.115331481717853,22457,258983,266149,7167,7
"chr7",77798505,77799509,0.0576641764148544,0.115328352829709,77876,10747,12768,2022,30
"chr1",67307445,67307728,0.0576543466184474,0.115308693236895,3673,61471,81355,19885,15
"chr18",35290217,35290236,-0.0576517379747868,0.115303475949574,40780,27406,27684,279,14
"chr22",39959063,39959407,0.0576457060301047,0.115291412060209,58249,136353,217117,80765,5
"chr10",79296601,79296608,0.0576436766432963,0.115287353286593,10726,21153,137913,116761,3
"chr8",103414460,103416448,0.0576349390655885,0.115269878131177,82398,176280,181907,5628,25
"chr19",57769559,57769626,-0.0576280103291833,0.115256020658367,47151,202752,203733,982,7
"chr14",68793936,68794676,0.0576198393370964,0.115239678674193,26112,207195,207310,116,17
"chr10",14548727,14549087,-0.0576136024293755,0.115227204858751,9307,230596,238774,8179,5
"chr1",44808360,44808841,0.0576135783770974,0.115227156754195,2976,7942,31058,23117,18
"chr3",50348958,50348971,-0.0576087681476032,0.115217536295206,60714,221527,262305,40779,2
"chr8",1826077,1826086,0.0575961121795435,0.115192224359087,80351,235703,273767,38065,2
"chr10",93892914,93893141,0.0575951488843584,0.115190297768717,11097,216553,252567,36015,11
"chr13",78602437,78602473,-0.0575789599251911,0.115157919850382,24064,54689,116256,61568,2
"chr19",49877275,49878436,0.0575673693481719,0.115134738696344,46232,110052,128155,18104,35
"chr2",178194009,178194288,0.0575651215514635,0.115130243102927,51141,34523,69655,35133,7
"chr16",741244,741252,0.0575474341856551,0.11509486837131,30899,5864,52866,47003,6
"chr18",36296640,36297058,-0.0575431480711539,0.115086296142308,40813,6748,59202,52455,4
"chr10",110497796,110497859,-0.0575412696215301,0.11508253924306,11784,43564,47444,3881,7
"chr11",64745351,64745684,0.0575278269094269,0.115055653818854,15186,50937,64506,13570,15
"chr2",219178026,219178806,-0.0575275207244202,0.11505504144884,52128,158761,255005,96245,17
"chr5",58582563,58583026,0.057514388993993,0.115028777987986,68391,29900,86341,56442,14
"chr16",12901154,12902481,0.0575107052654051,0.11502141053081,31895,202005,296196,94192,14
"chr8",38996445,38997596,0.0574911520247246,0.114982304049449,81331,190657,193007,2351,19
"chr8",94639603,94640349,-0.0574859813478921,0.114971962695784,82175,16873,40707,23835,14
"chr3",105869500,105869692,0.0574728530437426,0.114945706087485,61643,266979,273335,6357,16
"chr11",68261389,68261963,0.0574628869789652,0.11492577395793,15777,118984,191316,72333,3
"chr2",201129072,201129373,0.0574613111485543,0.114922622297109,51571,142078,232415,90338,4
"chr5",178113238,178113565,0.0574571257033185,0.114914251406637,71138,25974,33230,7257,10
"chr6",32853907,32854569,0.0574433834182354,0.114886766836471,72747,86676,95141,8466,51
"chr3",48473164,48473434,0.0574415958870623,0.114883191774125,60409,261918,302601,40684,10
"chr5",177436163,177436530,-0.0574207760524709,0.114841552104942,71079,36515,39133,2619,5
"chr14",72892293,72894165,-0.0574115705068316,0.114823141013663,26250,2732,55963,53232,29
"chr16",1475269,1475277,-0.0573802890638021,0.114760578127604,31015,3034,3178,145,10
"chr6",13295744,13295834,0.0573744648395801,0.11474892967916,71718,84021,113120,29100,11
"chr22",18028414,18028717,-0.0573736586584793,0.114747317316959,56858,196085,203159,7075,2
"chr2",130342221,130342545,0.0573680164068545,0.114736032813709,50324,101254,116852,15599,17
"chr7",27151230,27152861,0.057366812030429,0.114733624060858,76814,182560,185822,3263,20
"chr6",26421003,26421563,0.0573505010312769,0.114701002062554,71987,81579,91526,9948,3
"chr16",30985056,30985243,-0.0573446187416222,0.114689237483244,32723,105067,105106,40,14
"chr8",74984563,74984566,-0.0573399931382007,0.114679986276401,81929,22323,28271,5949,12
"chr11",68903357,68903841,-0.0573191593128715,0.114638318625743,15818,77677,88919,11243,16
"chr1",26409393,26410756,0.0573080095291151,0.11461601905823,1808,9776,11793,2018,15
"chr10",133230536,133230610,0.0572780244166093,0.114556048833219,12508,6989,10732,3744,6
"chr17",58514389,58514740,0.0572742737902927,0.114548547580585,38498,55115,110134,55020,4
"chr3",38165119,38165239,-0.0572626395132559,0.114525279026512,59892,78087,86364,8278,13
"chr2",120345474,120345784,-0.057257951082604,0.114515902165208,50160,6299,34166,27868,5
"chr4",74099203,74099545,0.0572508131183319,0.114501626236664,65633,118668,152818,34151,8
"chr7",6030743,6031464,0.0572490998326821,0.114498199665364,76410,270644,273124,2481,5
"chr4",186533694,186533737,0.0572446553689544,0.114489310737909,67320,161531,163090,1560,6
"chr11",67398236,67398745,0.0572162136366374,0.114432427273275,15666,186492,187713,1222,6
"chr12",45291936,45292480,0.0572126336097421,0.114425267219484,19364,186289,211295,25007,6
"chr7",26292929,26293027,0.0571937498546836,0.114387499709367,76774,238235,241639,3405,2
"chr12",110501427,110501534,0.0571901266858178,0.114380253371636,21763,257415,268907,11493,21
"chr11",66256111,66256133,0.0571876748257351,0.11437534965147,15487,179410,271431,92022,2
"chr20",63894694,63894935,-0.0571521181859237,0.114304236371847,55619,2525,67048,64524,5
"chr17",48578114,48578428,-0.0571506615088841,0.114301323017768,38022,75277,81058,5782,30
"chr2",40513494,40513815,-0.0571493118896335,0.114298623779267,48361,270605,311229,40625,3
"chr15",78629524,78629938,-0.0571364157169048,0.11427283143381,29925,136048,278267,142220,5
"chr15",67833954,67834216,-0.0571355070926977,0.114271014185395,29397,73310,76396,3087,3
"chr7",2526393,2526900,-0.057129687084176,0.114259374168352,76184,43328,43887,560,12
"chr3",154324362,154324973,0.0571209284273868,0.114241856854774,62977,140803,147028,6226,14
"chr17",81222943,81223598,-0.0571158557469909,0.114231711493982,39891,111372,139645,28274,14
"chr12",56467451,56467753,0.0571123603091766,0.114224720618353,20397,251979,252861,883,3
"chr12",64609252,64609340,0.057111235300286,0.114222470600572,20720,98076,179334,81259,3
"chr7",92135216,92135275,-0.0570936874826009,0.114187374965202,78053,132311,173100,40790,20
"chr20",20052381,20052881,-0.0570832705981608,0.114166541196322,53707,123877,140202,16326,22
"chr6",31665191,31666396,0.057059278265773,0.114118556531546,72532,170944,172208,1265,69
"chr12",56300384,56300402,-0.0570433006366048,0.11408660127321,20368,24941,42392,17452,12
"chr5",69414991,69415080,0.0570187642402776,0.114037528480555,68554,35835,38481,2647,5
"chr19",55179481,55180384,-0.0570176899002869,0.114035379800574,46881,210139,250970,40832,18
"chr2",144520546,144521241,-0.0569973052083673,0.113994610416735,50506,88143,95538,7396,19
"chr5",43397128,43397307,0.0569922093392206,0.113984418678441,68191,18219,65923,47705,7
"chr12",114679531,114679546,0.0569566726181124,0.113913345236225,21999,171766,303750,131985,3
"chr1",54547844,54548036,0.0568997903721861,0.113799580744372,3393,101888,106385,4498,7
"chr1",67053994,67054509,0.0568970947192561,0.113794189438512,3667,30594,92370,61777,9
"chr10",68901200,68901249,-0.0568835986977961,0.113767197395592,10291,113252,124763,11512,10
"chr14",24188895,24189050,0.0568813141636919,0.113762628327384,25166,83700,86966,3267,18
"chr17",8088776,8089158,0.0568763162445788,0.113752632489158,35692,97998,129203,31206,2
"chr19",39532869,39534309,0.0568688415297988,0.113737683059598,44936,294415,294907,493,15
"chr12",65170136,65170615,-0.056830827609178,0.113661655218356,20746,181255,298355,117101,3
"chr8",143589303,143590072,0.0568271261214961,0.113654252242992,83182,115966,186279,70314,5
"chr17",2303625,2304188,-0.0568226127218633,0.113645225443727,35006,8040,16033,7994,11
"chr10",73096906,73097226,-0.0568193582973467,0.113638716594693,10528,137988,176880,38893,10
"chr12",132144422,132144446,-0.0568189388345344,0.113637877669069,22782,27739,28140,402,11
"chr1",74733416,74733951,0.0568048204866154,0.113609640973231,3759,37591,72331,34741,19
"chr19",46745825,46746925,0.0567989813292913,0.113597962658583,45776,209032,244350,35319,20
"chr20",33674476,33674717,-0.0567930944250963,0.113586188850193,54118,24139,90004,65866,10
"chr3",196568493,196568640,-0.05679268084579,0.11358536169158,64038,20521,22263,1743,15
"chr1",156490661,156490682,0.0567924045046522,0.113584809009304,5753,140256,140399,144,4
"chr2",27441532,27442844,-0.0567833881964639,0.113566776392928,48006,153786,164444,10659,15
"chr16",2018941,2019245,-0.0567627802512551,0.11352556050251,31145,255674,297255,41582,8
"chr13",22897625,22898144,0.0567421270094877,0.113484254018975,23018,205036,296778,91743,6
"chr2",63049048,63049133,-0.0567397566302478,0.113479513260496,48791,103957,115406,11450,51
"chr10",100330594,100330649,-0.056725520797568,0.113451041595136,11393,188413,189343,931,10
"chr17",49415164,49415430,0.0567239610918027,0.113447922183605,38103,73760,91820,18061,14
"chr13",71867383,71867610,0.0567162222725402,0.11343244454508,23940,249831,259964,10134,12
"chr10",101783715,101784076,-0.0567147126189641,0.113429425237928,11499,170131,229210,59080,9
"chr5",179023505,179024175,0.0567125843256224,0.113425168651245,71191,154781,159468,4688,8
"chr6",56954817,56955114,-0.0567121431355928,0.113424286271186,73845,22934,24789,1856,14
"chr4",88231402,88231712,0.0567120389989607,0.113424077997921,65936,219316,280787,61472,7
"chr6",132751198,132751412,0.0567053291347113,0.113410658269423,74944,258654,269041,10388,2
"chr21",33402576,33402985,0.0566627338318568,0.113325467663714,56029,52085,99518,47434,9
"chr5",115297307,115297735,0.0566525713452385,0.113305142690477,69254,229758,233696,3939,19
"chr1",27959818,27960313,0.0566479740727194,0.113295948145439,1966,244110,259971,15862,10
"chr16",67149822,67150659,0.0566478337845075,0.113295667569015,33465,195309,204144,8836,13
"chr15",77820895,77821513,0.0566234575140432,0.113246915028086,29872,131734,205795,74062,7
"chr17",62065530,62066116,-0.0566221948109434,0.113244389621887,38641,218685,299547,80863,7
"chr18",62325152,62325268,-0.0566090104518032,0.113218020903606,41216,2973,57799,54827,7
"chr12",48717538,48717612,0.0565973351022724,0.113194670204545,19507,175548,190693,15146,12
"chr8",94511654,94511697,-0.0565942171807114,0.113188434361423,82171,261015,265253,4239,4
"chr6",1391523,1391743,0.0565818293545727,0.113163658709145,71403,168663,273512,104850,10
"chr1",15617016,15617219,0.056575265988216,0.113150531976432,1046,158287,158922,636,8
"chr12",123268639,123268725,0.0565751942046451,0.11315038840929,22457,8240,208908,200669,7
"chr7",56051944,56052597,0.0565731252138333,0.113146250427667,77507,92247,111739,19493,10
"chr20",63745355,63745523,-0.0565707676109908,0.113141535221982,55601,243770,258071,14302,4
"chr10",86366528,86366542,-0.0565617523436872,0.113123504687374,10850,49088,77851,28764,6
"chr2",181984508,181985956,0.0565451644893346,0.113090328978669,51238,35362,63774,28413,10
"chr6",158066532,158066576,0.0565450350920415,0.113090070184083,75556,47286,166814,119529,3
"chr16",89697559,89697847,-0.0565447786084626,0.113089557216925,34700,203662,298721,95060,6
"chr20",31604727,31605798,-0.0565350833215994,0.113070166643199,53929,200104,280426,80323,19
"chr11",128685138,128686446,0.056535000194594,0.113070000389188,17779,267106,280852,13747,20
"chr14",91947909,91947956,-0.0565294258398041,0.113058851679608,26844,53666,56067,2402,15
"chr12",6987792,6988246,0.0565149597667098,0.11302991953342,18437,238161,267194,29034,4
"chr17",50866345,50867132,-0.0564798378362165,0.112959675672433,38289,18830,28833,10004,17
"chr11",64740949,64741037,0.0564779252241296,0.112955850448259,15185,7813,176692,168880,3
"chr2",222859979,222861013,-0.0564195782657472,0.112839156531494,52265,84680,87196,2517,8
"chr11",67391647,67391950,-0.0564136828834947,0.112827365766989,15664,15740,26466,10727,14
"chr16",11256514,11257058,0.0564050058337117,0.112810011667423,31799,76188,87592,11405,17
"chr21",37006046,37006133,0.0563940088516041,0.112788017703208,56173,9260,12936,3677,10
"chr4",3447936,3448177,0.0563907076147977,0.112781415229595,64449,1998,2046,49,4
"chr18",46946373,46946467,0.0563739578264375,0.112747915652875,40925,208409,212318,3910,10
"chr3",196941937,196942757,0.0563621984420082,0.112724396884016,64063,3849,11737,7889,21
"chr2",176188557,176188617,-0.0563514900362453,0.112702980072491,51095,6432,6801,370,21
"chr15",42358026,42358464,0.0563319929099316,0.112663985819863,28477,204017,222074,18058,5
"chr10",117545427,117545806,0.0563264310185907,0.112652862037181,11989,8833,42386,33554,17
"chr14",104707306,104707449,-0.0563222417233598,0.11264448344672,27573,24017,127764,103748,5
"chr3",57227428,57227544,-0.0563172775555685,0.112634555111137,61081,128342,163555,35214,11
"chr3",196739836,196739841,0.0562823513658713,0.112564702731743,64050,64269,68724,4456,7
"chr1",244652898,244652919,0.0562729014111186,0.112545802822237,8686,39715,93087,53373,10
"chr6",106787375,106787748,0.0562694916820823,0.112538983364165,74395,188792,285675,96884,2
"chr9",136982861,136982941,-0.0562588583907451,0.11251771678149,86640,59755,67121,7367,7
"chr19",55538333,55538457,0.0562169246121448,0.11243384922429,46955,275466,276154,689,4
"chr10",125823459,125823719,-0.0562104710543589,0.112420942108718,12270,102321,102646,326,18
"chr16",30761536,30761751,0.0562032004308262,0.112406400861652,32696,258811,274974,16164,34
"chr10",111076713,111076966,0.0561960903416268,0.112392180683254,11810,189333,191648,2316,9
"chr19",1383243,1383439,-0.0561841563017136,0.112368312603427,41739,237272,271641,34370,9
"chr19",6393376,6393535,-0.0561816441436291,0.112363288287258,42438,61090,61177,88,16
"chr8",93741796,93742010,0.0561799715774454,0.112359943154891,82152,168844,212969,44126,2
"chr12",12874751,12875104,0.0561789857180561,0.112357971436112,18802,183819,193788,9970,2
"chr19",35154653,35154707,-0.0561647843450513,0.112329568690103,44428,74600,106045,31446,12
"chr9",113410977,113411054,0.0561631017570924,0.112326203514185,85246,171692,222243,50552,18
"chr18",50289037,50289047,0.0561103586423627,0.112220717284725,41015,117256,199596,82341,4
"chr16",1066106,1066397,0.0561063643134739,0.112212728626948,30938,14082,199530,185449,8
"chr3",42702590,42703170,0.0560928820895884,0.112185764179177,60055,245197,250222,5026,11
"chr1",221743320,221743519,0.0560725567291104,0.112145113458221,7976,30191,151685,121495,2
"chr13",51452838,51453230,0.0560660350458626,0.112132070091725,23789,57153,65138,7986,20
"chr3",132659072,132659995,-0.0560582800772957,0.112116560154591,62462,232692,237510,4819,24
"chr1",32817894,32818391,-0.0560565292117854,0.112113058423571,2229,94740,96624,1885,22
"chr9",69324266,69324433,0.0560549684030109,0.112109936806022,84316,169052,170872,1821,5
"chr12",109097957,109097960,0.0560375589275891,0.112075117855178,21638,68771,71598,2828,21
"chr11",14973301,14973341,0.0560334360827162,0.112066872165432,13632,185972,186522,551,35
"chr1",156728378,156729019,0.0560211757784084,0.112042351556817,5792,151280,155214,3935,23
"chr10",70052345,70052874,-0.0559794093284212,0.111958818656842,10351,100050,124802,24753,13
"chr19",13286605,13286830,0.0559726310376091,0.111945262075218,43336,196274,208719,12446,4
"chr1",151327433,151327665,0.05596280665372,0.11192561330744,5124,69483,70629,1147,16
"chr10",132331360,132331684,0.0559460810256283,0.111892162051257,12417,186575,186711,137,14
"chr10",102743392,102743670,-0.0559266641597084,0.111853328319417,11602,126004,173109,47106,13
"chr19",42218028,42218037,-0.0559207901820798,0.11184158036416,45262,273140,292490,19351,11
"chr6",137219020,137219529,0.0559165130626346,0.111833026125269,75069,40168,40802,635,9
"chr4",73573813,73574279,-0.0558847324945569,0.111769464989114,65609,153794,302425,148632,2
"chr11",65117490,65117873,0.0558718310499649,0.11174366209993,15277,181349,183822,2474,15
"chr6",151806785,151807883,0.0558352798749876,0.111670559749975,75401,266560,274566,8007,36
"chr2",24793027,24793188,-0.0558266938344053,0.111653387668811,47777,61282,68072,6791,22
"chr20",32109707,32109713,-0.0558258925259255,0.111651785051851,53977,139114,140114,1001,11
"chr6",31651736,31652770,0.0558185427195711,0.111637085439142,72525,187314,188719,1406,58
"chr7",107890918,107891041,0.0558087324699766,0.111617464939953,78829,50873,90108,39236,10
"chr8",144048492,144049275,0.0558084324963924,0.111616864992785,83293,174282,188115,13834,10
"chr12",112791812,112792260,0.0557653542365588,0.111530708473118,21882,173318,181009,7692,17
"chr3",197949125,197949161,0.0557586060332157,0.111517212066431,64122,231166,233984,2819,3
"chr7",77799431,77799451,-0.0557353483225844,0.111470696645169,77876,50014,50581,568,30
"chr6",36139875,36140335,-0.0557328685431809,0.111465737086362,73025,279715,300539,20825,5
"chr17",1733774,1733912,0.0557297497689701,0.11145949953794,34951,57135,58783,1649,5
"chr11",306324,306834,-0.0557160176056751,0.11143203521135,12606,175891,261456,85566,6
"chr3",109410048,109410135,-0.0556960548096496,0.111392109619299,61705,127858,150203,22346,4
"chr12",63779830,63779892,-0.0556934622860383,0.111386924572077,20693,25459,29247,3789,16
"chr5",1345193,1345562,-0.0556925080063194,0.111385016012639,67512,107873,140535,32663,7
"chr13",43879072,43879726,0.055689226953008,0.111378453906016,23537,194117,201106,6990,20
"chr17",2017802,2017815,-0.055683467859713,0.111366935719426,34982,223825,249592,25768,7
"chr10",4383395,4384224,-0.0556756018761167,0.111351203752233,9001,240854,266052,25199,8
"chr5",29143083,29143160,-0.0556710744662873,0.111342148932575,67868,260902,310580,49679,2
"chr9",97238488,97238691,0.0556635146967545,0.111327029393509,84867,240533,242329,1797,7
"chr11",65112519,65112663,0.0556564685009805,0.111312937001961,15275,175848,189383,13536,4
"chr1",167220386,167220550,0.0556562304945661,0.111312460989132,6353,91383,147352,55970,12
"chr19",6772640,6772919,0.0556293535255656,0.111258707051131,42497,259291,261608,2318,8
"chr4",71187081,71187323,0.055627587237618,0.111255174475236,65567,19137,21426,2290,9
"chr1",1407415,1407750,-0.0556199759832019,0.111239951966404,156,91081,149623,58543,12
"chr5",159915848,159916224,0.0556186080740817,0.111237216148163,70639,162586,278962,116377,10
"chr11",9314570,9314839,0.0555851344907995,0.111170268981599,13461,174645,176969,2325,15
"chr18",41955130,41955191,0.0555634416386552,0.11112688327731,40838,2921,55614,52694,11
"chr9",131502741,131503125,-0.0555584137555266,0.111116827511053,86141,81465,177631,96167,4
"chr17",40834494,40834748,0.0555571614383605,0.111114322876721,37230,137242,207966,70725,2
"chr2",70995056,70995162,-0.0555383082478938,0.111076616495788,49019,23599,26706,3108,13
"chr21",33479974,33479995,0.0555161218329044,0.111032243665809,56034,25117,27661,2545,8
"chr1",2392324,2392785,0.0554907461067846,0.110981492213569,308,154884,165308,10425,15
"chr18",6728896,6729325,-0.0554903403260327,0.110980680652065,40356,62914,130643,67730,3
"chr21",29371361,29371533,-0.0554482946030649,0.11089658920613,55860,239808,241594,1787,2
"chr4",86360281,86360358,0.0554276986875772,0.110855397375154,65873,82729,124273,41545,6
"chr20",57390189,57390441,0.0554236794380962,0.110847358876192,55181,55831,56434,604,13
"chr12",32755888,32755971,-0.0554085318047507,0.110817063609501,19258,104590,131306,26717,18
"chr20",20056009,20056040,0.055391213125717,0.110782426251434,53708,294914,296996,2083,8
"chr10",5890080,5890566,-0.0553867052449615,0.110773410489923,9069,45768,46411,644,14
"chr19",2051556,2051566,0.0553629670900526,0.110725934180105,41866,118350,213281,94932,9
"chr5",38445199,38445425,0.0553618558860943,0.110723711772189,68044,213554,259172,45619,9
"chr13",41132787,41132840,-0.0553586226047798,0.11071724520956,23479,22159,24028,1870,8
"chr6",43643541,43645171,0.0553546039301728,0.110709207860346,73505,50453,61230,10778,10
"chr2",70293733,70293919,-0.0553519778766632,0.110703955753326,48983,141903,151724,9822,20
"chr1",179881884,179882084,0.0553433566053097,0.110686713210619,6737,159306,165560,6255,17
"chr3",168901782,168901815,0.0553218485681654,0.110643697136331,63191,112880,121809,8930,3
"chr8",122781541,122781634,0.0553027022132262,0.110605404426452,82603,139893,167209,27317,16
"chr17",3635916,3636917,0.0552875132079652,0.11057502641593,35103,295769,300592,4824,17
"chr6",132814689,132815127,0.0552816568154195,0.110563313630839,74951,174136,176558,2423,13
"chr22",31080774,31081196,0.0552746811748153,0.110549362349631,57658,137519,139553,2035,15
"chr16",2767310,2767355,0.0552488885476137,0.110497777095227,31326,236761,247959,11199,10
"chr1",7853607,7853805,0.0552405303603169,0.110481060720634,641,82605,101248,18644,9
"chr3",187745418,187745912,-0.0552305221130314,0.110461044226063,63764,257287,305595,48309,13
"chr16",1493002,1493102,0.0552270191926781,0.110454038385356,31018,292565,299156,6592,11
"chr19",54189947,54190940,0.0552239699866805,0.110447939973361,46775,211924,293898,81975,21
"chr5",180649905,180650359,-0.0552210796946841,0.110442159389368,71304,94292,151804,57513,5
"chr10",94545497,94545841,0.0552191264292729,0.110438252858546,11125,79299,96293,16995,10
"chr7",152676378,152676468,-0.0552099695700089,0.110419939140018,80126,104539,183857,79319,7
"chr3",71584045,71584135,0.0551477460594589,0.110295492118918,61353,65369,70831,5463,13
"chr1",43649532,43649816,0.0551293458309872,0.110258691661974,2885,144643,158392,13750,8
"chr11",124115327,124115350,0.0551203115475138,0.110240623095028,17585,171310,180588,9279,10
"chr4",25312596,25312792,0.055116426038359,0.110232852076718,64898,1719,19823,18105,12
"chr17",7929845,7932965,0.0551012862478309,0.110202572495662,35667,275272,292151,16880,33
"chr3",53161132,53161476,-0.0550819214804286,0.110163842960857,60977,37518,66757,29240,8
"chr7",131107048,131108184,0.0550721281112843,0.110144256222569,79334,182192,182731,540,14
"chr1",13786677,13786708,-0.0550630770895312,0.110126154179062,985,303377,304847,1471,6
"chr7",23298634,23299131,0.0550578667916708,0.110115733583342,76715,190815,235372,44558,16
"chr3",49904663,49904810,0.0550450104792109,0.110090020958422,60645,108121,114600,6480,15
"chr11",558773,559539,-0.0550383354478385,0.110076670895677,12657,243307,251436,8130,8
"chr11",62854762,62856115,-0.0550190015043559,0.110038003008712,15003,104289,112552,8264,33
"chr12",38905709,38906434,-0.0550177368189298,0.11003547363786,19274,122032,137758,15727,14
"chr9",128907718,128908080,-0.0550107897050953,0.110021579410191,85923,50460,114542,64083,9
"chr15",73992450,73993283,0.0550093381679919,0.110018676335984,29643,199322,266404,67083,11
"chr1",9356120,9356244,0.0549734829143866,0.109946965828773,708,10034,33753,23720,4
"chr7",66920254,66920269,0.0549618231638101,0.10992364632762,77633,178308,191096,12789,2
"chr10",11004925,11005308,0.0549481268032641,0.109896253606528,9182,102913,124902,21990,8
"chr5",156964211,156964637,-0.0549319147014478,0.109863829402896,70566,272118,309612,37495,2
"chr2",201642639,201642876,0.0549261644709713,0.109852328941943,51605,10685,21203,10519,19
"chr11",59171173,59171366,0.0549094211572107,0.109818842314421,14661,224020,258127,34108,15
"chr19",40690127,40690810,0.0548946034115767,0.109789206823153,45088,52801,67322,14522,15
"chr2",70258016,70258171,0.0548788513285978,0.109757702657196,48981,87473,142985,55513,13
"chr3",52686051,52686117,0.0548724903053148,0.10974498061063,60924,139707,149191,9485,14
"chr6",28259127,28259315,-0.0548539537176126,0.109707907435225,72093,115253,116880,1628,14
"chr17",3513032,3513231,0.0548373228447585,0.109674645689517,35087,54151,125874,71724,4
"chr1",116666574,116666589,0.0547966911508892,0.109593382301778,4729,117112,120297,3186,4
"chr1",1047880,1048165,-0.0547959454930334,0.109591890986067,45,145719,159328,13610,6
"chr6",30326672,30327995,-0.0547849271258279,0.109569854251656,72302,183559,186698,3140,42
"chr15",72161086,72161499,0.0547838672094175,0.109567734418835,29552,208627,308589,99963,2
"chr1",179364852,179365523,0.0547821214560656,0.109564242912131,6720,123921,125478,1558,10
"chr9",16726146,16726862,0.0547799163002543,0.109559832600509,83743,185894,258714,72821,4
"chr6",30553382,30553404,0.0547621254494301,0.10952425089886,72318,179065,185861,6797,7
"chr8",42377206,42377768,0.0547330068055333,0.109466013611067,81424,127169,220593,93425,9
"chr1",109910522,109910855,-0.0547281077910816,0.109456215582163,4422,86948,97795,10848,12
"chr2",170928210,170928510,0.0547208527456269,0.109441705491254,50913,254280,262029,7750,17
"chr21",29091327,29091516,0.0547151961937907,0.109430392387581,55844,216465,236950,20486,4
"chr5",90529986,90530091,0.0546912600823449,0.10938252016469,68927,147198,153210,6013,8
"chr2",47319,47452,0.0546891167531182,0.109378233506236,47275,153636,157167,3532,15
"chr16",2531617,2531832,-0.0546884985363251,0.10937699707265,31293,9371,53170,43800,14
"chr1",26169745,26169794,-0.0546839613055474,0.109367922611095,1772,156116,166205,10090,13
"chr1",42456319,42456412,0.0546619301653526,0.109323860330705,2765,126469,143407,16939,18
"chr2",170770485,170771693,0.0546446722654782,0.109289344530956,50904,118735,151409,32675,19
"chr7",140924394,140925306,0.0546322179513543,0.109264435902709,79600,102626,172098,69473,11
"chr7",30026640,30027272,0.0546277092461641,0.109255418492328,76906,100110,111782,11673,14
"chr6",165987391,165988110,0.0546124807324542,0.109224961464908,75737,181251,182012,762,20
"chr9",92140471,92141569,0.0545442459916536,0.109088491983307,84643,170829,290094,119266,8
"chr19",45493586,45493643,0.0545359838976859,0.109071967795372,45616,82396,108483,26088,7
"chr3",179323586,179323706,-0.0545317775530771,0.109063555106154,63359,27875,35436,7562,6
"chr19",7888480,7888546,-0.0545167515862147,0.109033503172429,42636,67212,78888,11677,10
"chr19",35641659,35641997,0.054513360601215,0.10902672120243,44504,70869,110164,39296,11
"chr6",42891214,42891221,0.0545110060839224,0.109022012167845,73363,133276,174981,41706,14
"chr5",1008713,1008976,-0.05448601860394,0.10897203720788,67460,17711,32764,15054,8
"chr6",112255795,112255915,-0.0544672956582835,0.108934591316567,74589,131335,243149,111815,2
"chr10",95561349,95561431,0.0544668049400246,0.108933609880049,11158,5434,25956,20523,11
"chr16",67892704,67893059,0.0544631534273994,0.108926306854799,33599,105548,205724,100177,10
"chr14",20305942,20305994,0.0544510943569806,0.108902188713961,24779,23981,69263,45283,5
"chr7",141708515,141708707,0.0544319673924909,0.108863934784982,79619,188721,190839,2119,2
"chr1",161097979,161098991,-0.0544146497863941,0.108829299572788,6134,144718,147387,2670,15
"chr10",114938214,114938409,0.054414543515172,0.108829087030344,11929,92854,173804,80951,12
"chr22",50270852,50271426,0.0544034530463328,0.108806906092666,58914,259168,267125,7958,12
"chr3",52897648,52897810,0.0544008915776189,0.108801783155238,60967,300136,300856,721,9
"chr21",42562080,42562160,0.054398717908609,0.108797435817218,56433,219875,232964,13090,2
"chr8",52939862,52941044,-0.0543869230540515,0.108773846108103,81557,14491,39459,24969,8
"chr3",71288340,71288573,-0.054382658852674,0.108765317705348,61347,244605,259061,14457,3
"chr1",228098605,228098781,-0.0543519224302085,0.108703844860417,8223,38748,165558,126811,2
"chr2",72826302,72826592,-0.0543477674981358,0.108695534996272,49046,228185,301684,73500,11
"chr6",31794867,31795658,0.0543357264485009,0.108671452897002,72581,4367,8602,4236,23
"chr16",1959359,1959615,-0.0542971571944583,0.108594314388917,31120,14130,73878,59749,11
"chr19",14581947,14582051,0.0542949483569978,0.108589896713996,43458,198349,211291,12943,7
"chr1",21509210,21509452,-0.0542915559662444,0.108583111932489,1441,29729,32628,2900,8
"chr17",67377827,67377933,0.0542865234615107,0.108573046923021,38874,51360,56860,5501,17
"chr3",45689225,45689748,-0.0542816789939966,0.108563357987993,60181,5400,6349,950,25
"chr17",58532252,58532326,0.0542767873213245,0.108553574642649,38506,70046,93126,23081,7
"chr20",3798917,3799984,-0.0542321677760967,0.108464335552193,53388,267733,269016,1284,9
"chr2",17815727,17815850,-0.0542248770605196,0.108449754121039,47652,154043,157216,3174,4
"chr8",70607831,70608615,-0.0542152935161158,0.108430587032232,81854,42016,68884,26869,9
"chr1",118990032,118990113,0.0542103713058772,0.108420742611754,4792,145340,149592,4253,18
"chr1",180502359,180503010,0.0542090419295645,0.108418083859129,6758,141393,142032,640,13
"chr3",196886243,196886322,0.0542007345533784,0.108401469106757,64054,224467,277880,53414,2
"chr12",6912823,6912971,-0.0541884820993026,0.108376964198605,18406,161798,257248,95451,2
"chr9",127847758,127847904,-0.0541585090349936,0.108317018069987,85766,279947,291453,11507,8
"chr15",88802974,88803038,-0.0541399871923838,0.108279974384768,30264,8500,209965,201466,2
"chr2",60553292,60554505,-0.0541343800852685,0.108268760170537,48720,35488,35965,478,16
"chr7",149250272,149250707,0.054101829537529,0.108203659075058,79825,250472,271802,21331,2
"chr19",45250311,45250411,0.0540981599950341,0.108196319990068,45571,211684,224870,13187,6
"chr19",2269147,2269620,-0.0540884210201788,0.108176842040358,41903,77434,211925,134492,7
"chr10",68472315,68472826,0.0540710268362773,0.108142053672555,10262,135372,168015,32644,13
"chr1",42785098,42785402,0.0540710267424862,0.108142053484972,2791,9320,10583,1264,7
"chr6",46793298,46793353,0.054062611487571,0.108125222975142,73632,90747,92490,1744,7
"chr6",32128582,32129168,0.0540609450053121,0.108121890010624,72659,169520,170277,758,51
"chr10",103276738,103278039,0.0540604866592614,0.108120973318523,11634,114919,121814,6896,13
"chr8",143609729,143610020,-0.054051152383004,0.108102304766008,83189,42238,48267,6030,12
"chr1",42825163,42825538,-0.0540404409396273,0.108080881879255,2794,109836,136486,26651,10
"chr1",45339666,45340829,-0.0540311241115831,0.108062248223166,3011,81148,90519,9372,25
"chr12",127284243,127284380,-0.0540094628768133,0.108018925753627,22631,113567,123852,10286,4
"chr13",52451529,52451547,-0.0539952444857814,0.107990488971563,23845,217226,223423,6198,5
"chr5",15501260,15501272,0.0539622494470008,0.107924498894002,67770,238270,247628,9359,4
"chr16",30355344,30355369,0.053955892740284,0.107911785480568,32611,22618,54359,31742,20
"chr8",127735449,127735901,-0.0539454448924194,0.107890889784839,82757,178197,181258,3062,27
"chr4",76434855,76435263,0.0539247108153204,0.107849421630641,65710,102302,103178,877,13
"chr2",46942096,46942115,-0.0539226748568453,0.107845349713691,48505,246673,270362,23690,17
"chr12",49189212,49189345,0.0539043797334107,0.107808759466821,19598,188336,234839,46504,17
"chr9",129868046,129868117,0.0538521132805208,0.107704226561042,86007,14776,169415,154640,3
"chr6",31715343,31715575,0.0538396938997302,0.10767938779946,72549,93714,94643,930,6
"chr16",74449960,74450377,0.0538236763744712,0.107647352748942,33964,244053,259861,15809,8
"chr5",140647148,140648005,-0.0538149562293109,0.107629912458622,69899,149184,151819,2636,18
"chr19",54572802,54572864,0.0538129058830244,0.107625811766049,46818,59864,87971,28108,3
"chr20",3846700,3846707,-0.0538114584509298,0.10762291690186,53396,77196,77532,337,10
"chr3",186806576,186806961,0.0538089759085823,0.107617951817165,63708,158218,163471,5254,20
"chr6",168054935,168055256,-0.0537991707205668,0.107598341441134,75837,283422,287167,3746,2
"chr2",189580470,189581154,0.0537885829560531,0.107577165912106,51318,31716,35082,3367,12
"chr12",45727116,45729514,0.0537776261836935,0.107555252367387,19368,70525,113204,42680,22
"chr17",31094833,31095033,-0.0537769366057041,0.107553873211408,36598,55105,55595,491,14
"chr19",8006129,8006137,-0.0537767368126032,0.107553473625206,42666,261847,276319,14473,4
"chr13",30932241,30933441,0.0537672893926628,0.107534578785326,23284,225474,234508,9035,15
"chr11",71498432,71498472,0.0537602150582869,0.107520430116574,15964,200965,290926,89962,2
"chr20",36154600,36154860,-0.0537283073222454,0.107456614644491,54304,4705,28913,24209,7
"chr17",75087781,75088776,0.0537225025037069,0.107445005007414,39170,3289,52969,49681,22
"chr17",41098175,41098187,-0.0537046180966096,0.107409236193219,37275,117086,199793,82708,3
"chr22",31970141,31970289,0.0536812135172181,0.107362427034436,57751,84018,103225,19208,7
"chr16",66844348,66844357,0.0536773685301485,0.107354737060297,33421,62271,70130,7860,16
"chr11",368351,369810,0.0536645054637099,0.10732901092742,12612,172513,172654,142,22
"chr1",241957382,241957506,-0.0536494279476781,0.107298855895356,8636,217297,248776,31480,9
"chr14",64465218,64465570,0.0536273706568153,0.107254741313631,25962,64223,73012,8790,8
"chr1",16938962,16939093,0.053623209929007,0.107246419858014,1166,10813,290668,279856,2
"chr8",80874714,80874845,0.0536015395848399,0.10720307916968,81999,266226,288517,22292,10
"chr19",827715,827739,0.0535996227280821,0.107199245456164,41585,200401,203549,3149,8
"chr3",147405336,147405605,0.0535790034469848,0.10715800689397,62802,124490,127870,3381,10
"chr7",27156695,27156752,0.0535765841506833,0.107153168301367,76817,140637,171236,30600,19
"chr6",130018681,130019711,-0.053573594712606,0.107147189425212,74866,172926,182639,9714,12
"chr1",21669387,21669883,0.0535713234471518,0.107142646894304,1455,5934,30099,24166,7
"chr5",168486293,168486390,-0.0535668599192588,0.107133719838518,70746,159485,234591,75107,7
"chr2",85186358,85186374,-0.0535657799720505,0.107131559944101,49292,240465,248678,8214,3
"chr12",131828157,131828326,-0.0535621901051768,0.107124380210354,22730,46473,48147,1675,10
"chr13",87671011,87671103,-0.0535548409429765,0.107109681885953,24099,200070,200160,91,17
"chr8",76855701,76856117,-0.0535434927265544,0.107086985453109,81954,80168,185099,104932,6
"chr19",51123812,51123951,-0.0535309166688067,0.107061833337613,46422,4108,75326,71219,7
"chr7",77537333,77537370,-0.053517190514048,0.107034381028096,77863,27020,27672,653,21
"chr6",31161620,31161974,0.0535119894012143,0.107023978802429,72445,186617,187528,912,10
"chr14",24635277,24635447,0.0535091955149077,0.107018391029815,25253,201317,268552,67236,6
"chr14",35122145,35122469,-0.053507719530215,0.10701543906043,25371,249094,252398,3305,24
"chr19",11435930,11435941,-0.0534900373555137,0.106980074711027,43102,257598,263632,6035,28
"chr6",31670469,31670567,0.0534833808957781,0.106966761791556,72533,229970,263363,33394,16
"chr18",5629070,5629134,-0.0534449340715398,0.10688986814308,40336,64280,67616,3337,18
"chr19",45792999,45793027,-0.0534311333547217,0.106862266709443,45674,117179,204357,87179,7
"chr5",135579352,135579395,0.0534243159606879,0.106848631921376,69644,114697,148739,34043,13
"chr1",101238948,101239342,0.0534151960639655,0.106830392127931,4248,155345,164939,9595,7
"chr4",186724126,186724901,0.0534149360770322,0.106829872154064,67345,148215,150724,2510,12
"chr7",76201545,76201914,-0.053412496451064,0.106824992902128,77819,44088,50408,6321,4
"chr19",7394463,7394811,-0.0533979180167758,0.106795836033552,42540,200137,273759,73623,11
"chr2",165204125,165204146,-0.0533693830923247,0.106738766184649,50774,64590,70930,6341,4
"chr3",114293469,114293986,0.0533669766060466,0.106733953212093,61842,84972,88290,3319,9
"chr17",1278942,1279062,0.0533509539128119,0.106701907825624,34885,258697,294828,36132,6
"chr12",54301232,54301252,-0.0533442465247777,0.106688493049555,20155,13560,171349,157790,10
"chr17",75205173,75205318,0.0533354496094849,0.10667089921897,39186,276721,292119,15399,13
"chr17",50202896,50203009,0.0533289368181117,0.106657873636223,38191,195386,200179,4794,4
"chr1",201114017,201114351,0.0533242039366925,0.106648407873385,7119,94452,116444,21993,6
"chr12",54984807,54984854,0.0533142046514925,0.106628409302985,20208,268543,293149,24607,10
"chr10",114179213,114179356,-0.0533031765183555,0.106606353036711,11893,44493,170304,125812,11
"chr17",18857976,18858418,-0.053299237331377,0.106598474662754,36212,58280,101083,42804,13
"chr17",39687970,39688036,0.053254935561098,0.106509871122196,37066,5130,7201,2072,24
"chr4",44678103,44678723,0.0532523424323623,0.106504684864725,65167,156576,246543,89968,10
"chr10",28796155,28796175,0.0532513806550532,0.106502761310106,9613,259211,262196,2986,10
"chr2",67212417,67213357,-0.0532279698044728,0.106455939608946,48882,134778,242852,108075,5
"chr3",66500489,66500494,-0.0532180319877735,0.106436063975547,61294,13649,31660,18012,4
"chr1",98661357,98661673,-0.053212991872965,0.10642598374593,4187,39091,61887,22797,14
"chr9",113500981,113501288,0.053212819937155,0.10642563987431,85257,182190,220786,38597,5
"chr13",110706456,110706538,-0.053211811641659,0.106423623283318,24485,10092,12555,2464,11
"chr4",98260824,98261091,-0.0531761171840254,0.106352234368051,66024,154898,255591,100694,9
"chr12",120529653,120530133,0.0531359766448691,0.106271953289738,22202,288857,309681,20825,15
"chr20",1324275,1324518,0.05313471281552,0.10626942563104,53205,201052,226426,25375,3
"chr16",29816026,29816046,-0.0530854756203967,0.106170951240793,32521,54221,58672,4452,18
"chr16",691271,691350,0.0530467786355074,0.106093557271015,30878,237564,275320,37757,2
"chr13",113171739,113171883,0.0530373404216031,0.106074680843206,24620,209570,297650,88081,4
"chr11",57515977,57515990,-0.0530189384367285,0.106037876873457,14567,46176,92908,46733,11
"chr1",40160927,40161291,0.0530137875393613,0.106027575078723,2660,31764,35177,3414,10
"chr6",135497614,135498019,-0.0529368717290743,0.105873743458149,75025,43246,45237,1992,14
"chr19",15464801,15464874,-0.0528766565900699,0.10575331318014,43566,116853,135540,18688,7
"chr11",72013292,72013537,0.0528682298304315,0.105736459660863,15989,41976,48656,6681,7
"chr4",143513805,143513971,-0.0528658897849003,0.105731779569801,66644,21706,22945,1240,16
"chr3",148697656,148697729,0.0528578769270043,0.105715753854009,62812,147886,162424,14539,7
"chr13",51221544,51222129,-0.0528121958577607,0.105624391715521,23771,295352,299913,4562,9
"chr6",136360746,136361000,0.0528003085720959,0.105600617144192,75037,47940,182676,134737,2
"chr6",39792190,39792831,-0.0527859643534354,0.105571928706871,73213,176988,179607,2620,15
"chr17",34980493,34980499,-0.0527728494584002,0.1055456989168,36742,28168,51758,23591,13
"chr22",36204724,36204933,0.0527476804753738,0.105495360950748,57873,106528,299347,192820,2
"chr3",52494939,52495325,0.0527359067795713,0.105471813559143,60897,152478,160422,7945,9
"chr5",12575000,12575027,0.05273369551147,0.10546739102294,67714,228296,248916,20621,5
"chr2",127294132,127294277,-0.0527276524372012,0.105455304874402,50228,34781,35348,568,7
"chr11",65900612,65901289,0.052702472111626,0.105404944223252,15449,169408,173504,4097,11
"chr1",153633239,153633869,-0.0526853438922912,0.105370687784582,5353,150128,153638,3511,17
"chr11",67606929,67607376,0.0526625240002278,0.105325048000456,15724,252837,275507,22671,22
"chr18",48943177,48943460,0.0526563685046416,0.105312737009283,40976,241751,256578,14828,6
"chr15",73051226,73051892,-0.0526451767142874,0.105290353428575,29598,7531,75539,68009,9
"chr4",52658717,52660266,0.0526445269361467,0.105289053872293,65267,225359,240082,14724,8
"chr16",1420502,1421384,0.0526440277642178,0.105288055528436,30999,275293,292313,17021,11
"chr19",12610858,12610932,0.0526340737695658,0.105268147539132,43201,24744,59929,35186,15
"chr5",176528091,176528104,0.0526194240012372,0.105238848002474,70985,22372,26555,4184,11
"chr20",44932303,44932638,0.052594924961911,0.105189849923822,54690,248892,264450,15559,5
"chr13",23888699,23888912,0.0525719035336668,0.105143807067334,23045,265291,291643,26353,11
"chr16",2766724,2767619,0.0525515094133147,0.105103018826629,31326,207282,217395,10114,10
"chr19",48619069,48619659,0.0525434331660927,0.105086866332185,45992,85582,102448,16867,23
"chr21",46112031,46112146,0.0525268893472863,0.105053778694573,56689,205273,241296,36024,5
"chr21",44353112,44353150,0.0524900959997928,0.104980191999586,56526,233512,234908,1397,7
"chr9",135087553,135087561,-0.0524890300576525,0.104978060115305,86383,67366,67685,320,15
"chr4",2009997,2010123,0.0524816898559096,0.104963379711819,64335,157814,261236,103423,13
"chr9",87497171,87497606,-0.0524780190904515,0.104956038180903,84535,273310,274309,1000,11
"chr16",1493285,1493421,0.0524689716899818,0.104937943379964,31018,3577,51341,47765,11
"chr7",139231130,139231275,0.0524365403832106,0.104873080766421,79511,190211,192318,2108,9
"chr4",75991001,75991098,-0.0524314321670901,0.10486286433418,65684,145199,145793,595,11
"chr20",2800753,2800837,0.0524208401533843,0.104841680306769,53282,51062,53712,2651,13
"chr17",7393475,7395146,-0.0523669082897065,0.104733816579413,35525,119534,194204,74671,16
"chr5",141373975,141374747,-0.0522823723685386,0.104564744737077,70036,118115,122296,4182,14
"chr11",10858603,10859088,0.0522127140057636,0.104425428011527,13537,94277,105593,11317,17
"chr12",1529868,1530368,-0.0522011208508273,0.104402241701655,18087,45950,109727,63778,4
"chr17",78484989,78485117,0.0521875958697231,0.104375191739446,39574,80939,103627,22689,2
"chr17",56977449,56977936,-0.0521783318850251,0.10435666377005,38393,103821,110764,6944,11
"chr1",116909899,116909903,-0.0521421960141921,0.104284392028384,4739,65587,67204,1618,9
"chr4",56435731,56435806,0.0521352149780365,0.104270429956073,65396,147938,262652,114715,9
"chr8",57278827,57279506,-0.0520855206197874,0.104171041239575,81641,41664,45892,4229,9
"chr12",32534284,32534303,0.0520723956672446,0.104144791334489,19248,262511,264899,2389,2
"chr3",156673946,156674914,0.0520683593728062,0.104136718745612,63023,254345,257056,2712,33
"chr5",43515085,43515092,0.0520623352037373,0.104124670407475,68196,119266,124460,5195,15
"chr4",128809564,128809574,0.0520549118449829,0.104109823689966,66493,31483,33615,2133,30
"chr8",132775424,132775444,0.0520406365433795,0.104081273086759,82829,11606,27526,15921,12
"chr3",107928194,107928274,-0.0520253559954142,0.104050711990828,61665,152450,155538,3089,6
"chr10",119725432,119726251,0.0520144931915061,0.104028986383012,12051,100188,101472,1285,6
"chr7",95592780,95592792,-0.0520016384484503,0.104003276896901,78161,181873,309733,127861,2
"chr14",24299968,24300021,-0.0519753786652078,0.103950757330416,25195,139399,201982,62584,22
"chr22",41620427,41621118,0.0519710691418239,0.103942138283648,58392,77484,192622,115139,24
"chr8",108083690,108083747,0.0519695708216653,0.103939141643331,82442,131426,170485,39060,21
"chr19",10502866,10502877,-0.0518869172619138,0.103773834523828,42937,67674,71208,3535,9
"chr20",43557981,43558992,0.051856077128121,0.103712154256242,54603,199236,207653,8418,9
"chr17",63826414,63827840,0.0518481954428375,0.103696390885675,38726,260410,284111,23702,21
"chr6",7726116,7726412,-0.0518157008995355,0.103631401799071,71604,5621,14356,8736,8
"chr1",70244706,70244739,0.051814096731233,0.103628193462466,3720,19700,143797,124098,2
"chr13",113319474,113319581,-0.0517451429899333,0.103490285979867,24639,201078,206504,5427,2
"chr17",30378840,30380443,-0.0517317182057506,0.103463436411501,36572,204772,244950,40179,16
"chr20",63707083,63709318,-0.0517132832437541,0.103426566487508,55592,216759,221496,4738,26
"chr7",5427735,5427847,0.0516385694298103,0.103277138859621,76360,103664,308013,204350,2
"chr17",28381207,28381754,0.0516303127262672,0.103260625452534,36403,15634,110589,94956,3
"chr1",44355156,44355186,0.0515653274585685,0.103130654917137,2936,25957,27918,1962,16
"chr17",29074126,29074973,0.0515172046649692,0.103034409329938,36504,90656,111294,20639,9
"chr1",42658077,42658422,0.0515112264430796,0.103022452886159,2772,24481,33051,8571,11
"chr15",34101396,34101937,0.051498979495609,0.102997958991218,28100,216792,231406,14615,13
"chr11",65711838,65712365,0.0514747957980979,0.102949591596196,15405,71736,87155,15420,14
"chr11",122882391,122882661,-0.051470805094431,0.102941610188862,17524,177473,189826,12354,20
"chr3",197959984,197960309,-0.0514608410351351,0.10292168207027,64125,24112,31133,7022,17
"chr3",69012613,69012676,0.0514382272791232,0.102876454558246,61310,34866,148510,113645,2
"chr1",213986816,213987069,0.0514361676518698,0.10287233530374,7849,220285,233075,12791,14
"chr7",29146612,29147013,-0.0514137241592245,0.102827448318449,76876,167390,168083,694,16
"chr11",67303046,67303345,0.0513959209005645,0.102791841801129,15653,79014,101411,22398,13
"chr6",30590561,30590693,-0.0513886194401612,0.102777238880322,72326,115278,187792,72515,3
"chr16",14302419,14302440,-0.0513285433168959,0.102657086633792,31926,82016,262843,180828,6
"chr12",120640619,120640855,-0.0512857633813337,0.102571526762667,22213,6892,42856,35965,12
"chr22",20242023,20242465,0.0512726987369026,0.102545397473805,56993,195341,209114,13774,3
"chr5",10509870,10510124,0.0512590753581875,0.102518150716375,67688,235936,269567,33632,4
"chr9",32552743,32552867,0.0511898890439688,0.102379778087938,83919,250563,275222,24660,9
"chr7",149874284,149874893,0.051180273874722,0.102360547749444,79890,167847,174765,6919,16
"chr3",179652677,179652991,-0.0511177270180878,0.102235454036176,63379,21418,37915,16498,13
"chr7",111562339,111562386,0.0510976358408346,0.102195271681669,78868,41144,62618,21475,16
"chr11",74948825,74949634,-0.051081141364212,0.102162282728424,16188,191670,212324,20655,17
"chr2",38076300,38077583,-0.0510448124323544,0.102089624864709,48286,105042,119474,14433,24
"chr16",90022197,90022489,0.051032307488988,0.102064614977976,34786,203011,218874,15864,11
"chr11",67443546,67443609,0.0510296602929021,0.102059320585804,15689,45497,50338,4842,10
"chr4",55546171,55546581,-0.0509003039091317,0.101800607818263,65369,146391,148032,1642,15
"chr20",62549937,62550395,0.0508145384938309,0.101629076987662,55425,195434,207605,12172,25
"chr5",170232747,170232759,0.0507168120958699,0.10143362419174,70795,150206,155884,5679,15
"chr12",46266555,46268172,0.0506783042410649,0.10135660848213,19392,233316,242957,9642,32
"chr4",55852154,55852541,-0.0506768007587437,0.101353601517487,65376,162329,228374,66046,3
"chr11",69775324,69775345,-0.0505445378633244,0.101089075726649,15872,14328,43560,29233,8
"chr7",75789801,75789843,0.0505394985444189,0.101078997088838,77787,178239,255206,76968,4
"chr16",87391402,87393290,0.0504779886351756,0.100955977270351,34433,245351,290782,45432,21
"chr11",126403292,126403364,-0.0504675096207671,0.100935019241534,17750,262958,271486,8529,8
"chr16",67719499,67720046,-0.0504246321203915,0.100849264240783,33570,212631,292886,80256,12
