"chr","start","end","value","area","cluster","indexStart","indexEnd","L","clusterL"
"chr14",100143849,100144330,-0.105817827342143,0.529089136710715,27173,85025,299077,214053,5
"chr14",74611908,74612618,0.113145459233139,0.452581836932556,26393,67408,299902,232495,10
"chr11",66616246,66617006,0.0749842629087443,0.449905577452466,15563,118874,255918,137045,12
"chr19",12890813,12891176,0.112351211067985,0.449404844271941,43279,127502,246477,118976,15
"chr1",212700284,212701210,0.11047187437807,0.441887497512281,7819,152747,279833,127087,10
"chr19",58475894,58476510,0.0878821917772226,0.439410958886113,47251,82039,101679,19641,13
"chr7",33040884,33041107,0.0878125715138852,0.439062857569426,76997,175592,303012,127421,8
"chr9",2157942,2158492,0.0854626959136771,0.427313479568385,83505,69320,218602,149283,10
"chr2",55419486,55420344,0.106400963505306,0.425603854021223,48670,93091,164481,71391,13
"chr14",63543353,63544006,-0.0843844435669967,0.421922217834983,25919,210941,297999,87059,16
"chr11",44310073,44311422,0.0829023496110085,0.414511748055043,14176,10896,16215,5320,40
"chr9",125747450,125748390,0.101767834705262,0.40707133882105,85652,71973,182795,110823,9
"chr5",79235864,79237496,0.101115839473994,0.404463357895976,68768,144663,155515,10853,12
"chr7",66844836,66845105,0.0804114311034307,0.402057155517153,77626,49404,188264,138861,6
"chr10",99430568,99431400,0.100165450534894,0.400661802139578,11340,87078,138888,51811,14
"chr17",58488079,58488552,0.0993837656305671,0.397535062522268,38494,9950,105620,95671,8
"chr19",859499,859594,0.132441399308767,0.3973241979263,41594,54159,105306,51148,9
"chr16",2009618,2010326,-0.079177110512568,0.39588555256284,31144,76642,298880,222239,14
"chr2",70086163,70088357,0.0791177869989218,0.395588934994609,48963,129017,154055,25039,19
"chr15",91099681,91100421,0.131049340859653,0.39314802257896,30473,116086,139471,23386,16
"chr14",94080955,94081600,0.0972990035479247,0.389196014191699,26955,115310,211561,96252,21
"chr16",56632411,56632422,-0.193112876032071,0.386225752064142,33151,5190,8819,3630,5
"chr2",8583863,8583881,-0.128598566451768,0.385795699355305,47452,84969,108115,23147,8
"chr19",44002689,44003005,0.0963033985885889,0.385213594354356,45443,77366,195772,118407,12
"chr8",38386078,38386427,0.0960500312363702,0.384200124945481,81289,169667,255472,85806,16
"chr8",108248753,108249147,-0.0957969042226044,0.383187616890418,82443,184798,309819,125022,10
"chr16",51151090,51151550,-0.0954656954024753,0.381862781609901,33013,23134,60976,37843,22
"chr20",610155,610507,-0.0947540756547666,0.379016302619066,53151,7508,13811,6304,6
"chr10",133785,134564,-0.125929346318841,0.377788038956522,8866,177170,179879,2710,25
"chr10",17227003,17227776,0.0943915268556824,0.37756610742273,9381,260552,303706,43155,18
"chr9",108933427,108935365,0.125057814665428,0.375173443996284,85108,96467,100841,4375,18
"chr18",12407560,12407813,0.0937304181242195,0.374921672496878,40488,81344,124681,43338,9
"chr1",145964528,145964748,0.0935735510146205,0.374294204058482,4911,249907,281747,31841,13
"chr10",133087775,133087801,-0.0925564999352641,0.370225999741057,12482,42276,49021,6746,10
"chr19",56477029,56478371,-0.0729073309148543,0.364536654574271,47043,74671,266084,191414,14
"chr9",38620560,38621031,-0.0728799178966427,0.364399589483213,84259,61498,227131,165634,6
"chr6",45421576,45422925,0.120328508822803,0.36098552646841,73588,178785,256883,78099,15
"chr12",109098274,109098625,0.119358595064607,0.358075785193822,21638,183390,207135,23746,21
"chr1",26786728,26788254,0.118599686782795,0.355799060348384,1846,102765,137534,34770,23
"chr12",56646038,56646415,0.118378878942804,0.355136636828412,20427,87131,105763,18633,16
"chr17",38852945,38853905,0.117996811919667,0.353990435759001,36973,272493,295316,22824,19
"chr1",89994145,89995532,0.117518647582202,0.352555942746607,4025,99850,143543,43694,13
"chr7",100633491,100633655,0.117516117446472,0.352548352339417,78478,4251,67656,63406,9
"chr6",30691266,30691736,-0.0880131859057484,0.352052743622994,72359,104824,131503,26680,20
"chr19",40716476,40716928,-0.0877984807927141,0.351193923170856,45093,138629,248818,110190,14
"chr4",102324343,102324962,0.117030717984215,0.351092153952646,66089,162922,280804,117883,5
"chr1",58546904,58547063,0.0877680745075932,0.351072298030373,3485,120340,250786,130447,11
"chr13",109784746,109786659,-0.0701737238904864,0.350868619452432,24442,4541,25054,20514,15
"chr3",5187014,5188208,-0.0874350387654181,0.349740155061672,59082,239979,309486,69508,14
"chr1",220878196,220881070,-0.0872756426306336,0.349102570522534,7969,164815,301620,136806,27
"chr2",17539109,17540508,-0.115939972063565,0.347819916190696,47635,36097,63935,27839,17
"chr20",40687471,40689193,0.115447473893813,0.346342421681438,54496,2598,16487,13890,15
"chr6",30006938,30007067,-0.0864020094517581,0.345608037807033,72246,16410,50533,34124,8
"chr6",28924116,28924300,0.0862907396829189,0.345162958731675,72141,179094,188866,9773,40
"chr10",125719199,125719572,0.11443276617568,0.34329829852704,12254,59928,103933,44006,15
"chr15",72375542,72376706,0.114345827080843,0.343037481242528,29578,106829,196909,90081,20
"chr17",28718146,28720549,0.0855678967023455,0.342271586809382,36452,132933,197728,64796,42
"chr10",72626274,72626494,0.0855040941184267,0.342016376473707,10514,167140,183894,16755,10
"chr2",63047899,63050192,0.113848094273505,0.341544282820516,48791,116747,118998,2252,51
"chr22",31107513,31108696,0.085221600221604,0.340886400886416,57667,58590,220168,161579,9
"chr17",50468960,50469142,0.113372400547501,0.340117201642504,38218,284,8914,8631,16
"chr1",21783454,21783796,0.113171019931191,0.339513059793573,1459,93750,153995,60246,13
"chr5",136080516,136080905,0.0678465495356509,0.339232747678254,69666,39841,157265,117425,10
"chr11",11841183,11842082,0.0844684325458345,0.337873730183338,13548,81543,179168,97626,13
"chr13",52011617,52012153,0.112566441943544,0.337699325830633,23823,193738,201461,7724,14
"chr7",107168511,107168879,0.0844135175027674,0.33765407001107,78801,131723,188302,56580,11
"chr17",19533587,19533844,0.112527217350193,0.337581652050578,36256,29274,89976,60703,8
"chr4",148444556,148444724,0.112315507217629,0.336946521652888,66726,247354,300279,52926,7
"chr12",123584247,123585750,0.0841417431498331,0.336566972599332,22487,186480,213790,27311,21
"chr3",136929910,136930491,0.0841109988371053,0.336443995348421,62575,274762,310913,36152,6
"chr6",28141799,28142160,0.0837751783881434,0.335100713552573,72080,97702,118449,20748,16
"chr10",32378791,32379877,0.0836340573411567,0.334536229364627,9694,175686,239714,64029,10
"chr6",30730929,30731066,0.0835610662779028,0.334244265111611,72374,4242,167996,163755,8
"chr16",31073836,31075019,0.110329008336492,0.330987025009475,32739,236605,264253,27649,25
"chr9",133993551,133993634,0.110279988603347,0.330839965810041,86328,92737,219569,126833,4
"chr11",69640720,69641102,0.109502809058374,0.328508427175123,15858,175550,177919,2370,29
"chr19",29941899,29942117,-0.109416585128926,0.328249755386779,44238,99505,291894,192390,8
"chr2",118014263,118014724,0.0813146336448397,0.325258534579359,50100,153944,253326,99383,10
"chr19",56314275,56314505,0.16259153655618,0.32518307311236,47035,114815,137151,22337,12
"chr12",81077415,81078398,-0.081128108976972,0.324512435907888,21060,95886,134130,38245,15
"chr21",14383217,14383285,0.162220441527146,0.324440883054292,55706,97302,121591,24290,14
"chr13",31162100,31162917,0.0809400468614679,0.323760187445872,23288,201195,221328,20134,19
"chr11",86244630,86245337,0.0807194446967793,0.322877778787117,16469,171175,189992,18818,14
"chr7",150450448,150450654,0.107525380899843,0.322576142699528,79925,128229,166992,38764,10
"chr7",25125372,25125789,0.0801820720971217,0.320728288388487,76753,136926,188007,51082,11
"chr6",125153980,125154182,0.106393769647494,0.319181308942483,74786,87104,136162,49059,13
"chr17",75183184,75183275,0.0797902706093982,0.319161082437593,39183,72966,204434,131469,4
"chr3",48918210,48918691,0.0795517241525227,0.318206896610091,60484,155661,161484,5824,20
"chr6",32968066,32972328,-0.0635593315817412,0.317796657908706,72763,118661,130104,11444,102
"chr5",94111684,94111865,0.105797310011138,0.317391930033414,68965,158411,161305,2895,10
"chr1",75130234,75130651,0.10577149407622,0.31731448222866,3763,18329,119809,101481,4
"chr12",20368153,20368880,0.158654995693547,0.317309991387094,18976,17167,44992,27826,16
"chr5",150701125,150701140,-0.158110880335804,0.316221760671608,70422,141778,145737,3960,9
"chr10",49613551,49614112,0.105337425631096,0.316012276893288,10031,118955,283367,164413,7
"chr1",151047787,151048392,-0.105313264615846,0.315939793847538,5087,87582,153191,65610,14
"chr3",125520468,125520569,0.157845485739804,0.315690971479607,62154,164502,243132,78631,10
"chr16",1096421,1096545,-0.105099663880831,0.315298991642492,30948,70840,78364,7525,7
"chr11",1389069,1389782,0.104810120544661,0.314430361633984,12840,94359,189031,94673,7
"chr7",35037590,35038485,0.104554241973665,0.313662725920994,77022,49965,170387,120423,14
"chr12",108632070,108632207,0.104542201695662,0.313626605086987,21592,82175,271324,189150,3
"chr17",48107184,48107382,0.0783923508687365,0.313569403474946,37999,92256,272126,179871,11
"chr12",110123538,110124666,0.104513995290165,0.313541985870494,21736,180614,223133,42520,11
"chr18",32773017,32773736,0.104359023085655,0.313077069256966,40739,203815,211174,7360,10
"chr3",33798362,33798505,0.156501081205019,0.313002162410039,59779,162665,164716,2052,16
"chr20",36541443,36541483,-0.104249759904878,0.312749279714635,54330,11464,57454,45991,9
"chr2",241734520,241734564,-0.104088955627017,0.312266866881052,53060,19420,69590,50171,11
"chr4",44448853,44449515,0.0777102529458028,0.310841011783211,65162,143023,275607,132585,9
"chr4",103198448,103198646,0.10334877881893,0.310046336456791,66114,155368,161421,6054,12
"chr21",44802034,44802236,0.103315386489637,0.30994615946891,56579,246105,278174,32070,15
"chr3",48440115,48440937,0.0772636313749669,0.309054525499868,60402,164512,258396,93885,17
"chr17",42563204,42563226,-0.102980033056148,0.308940099168445,37481,15073,21420,6348,20
"chr7",27185217,27186246,0.0617418297899753,0.308709148949876,76827,112023,118484,6462,40
"chr4",133148515,133149286,-0.102863009784275,0.308589029352826,66512,143221,151038,7818,16
"chr12",108633907,108635697,0.102645830383249,0.307937491149747,21594,100114,197532,97419,9
"chr2",201450709,201451596,0.102481648184726,0.307444944554177,51601,157670,225517,67848,23
"chr12",6970504,6970875,0.102473582597292,0.307420747791877,18431,77841,100823,22983,14
"chr15",55197120,55197176,0.153368950451871,0.306737900903741,28917,210565,293893,83329,11
"chr4",26583223,26584138,-0.102128948340141,0.306386845020423,64923,87540,111847,24308,15
"chr5",140547422,140547667,0.102117365608645,0.306352096825936,69884,90482,119164,28683,12
"chr7",6622173,6622698,-0.101997134530182,0.305991403590546,76473,7989,171407,163419,5
"chr9",15510576,15511505,0.0762788857225348,0.305115542890139,83732,174686,185291,10606,13
"chr20",38446557,38448018,0.076249170119976,0.304996680479904,54456,197789,200118,2330,17
"chr16",49281695,49281841,-0.152428338291561,0.304856676583122,32934,13778,15689,1912,10
"chr5",174724495,174724631,-0.101616435707107,0.304849307121321,70929,7712,12268,4557,15
"chr15",40763855,40764173,0.1013924512808,0.3041773538424,28311,99468,268189,168722,6
"chr8",123416179,123416563,-0.101191082492437,0.30357324747731,82642,174682,255823,81142,11
"chr16",980444,980586,-0.151739129512194,0.303478259024387,30934,5242,9386,4145,11
"chr14",59484603,59484636,0.151544897249594,0.303089794499187,25800,123356,138992,15637,19
"chr12",110613709,110614331,0.100909130964329,0.302727392892988,21770,178451,195485,17035,13
"chr17",39979698,39980612,-0.10087755199771,0.302632655993131,37120,290794,298479,7686,17
"chr1",243255178,243256228,0.100766494244432,0.302299482733296,8648,154910,156439,1530,16
"chr13",20231321,20231540,0.100555104272377,0.301665312817131,22954,80231,98742,18512,25
"chr17",69327143,69327835,-0.100354022340329,0.301062067020986,38957,119651,221980,102330,9
"chr6",13923821,13924703,0.0750966393950602,0.300386557580241,71743,184418,303946,119529,15
"chr16",29807370,29807775,0.100068792506604,0.300206377519813,32516,136063,239272,103210,8
"chr8",11201181,11201906,0.100065848534322,0.300197545602965,80512,118125,228320,110196,15
"chr12",123364766,123365580,0.075025271865569,0.300101087462276,22464,180292,204749,24458,9
"chr17",50150347,50151756,0.100033028723781,0.300099086171343,38172,139097,194004,54908,14
"chr2",74148006,74148803,-0.074852575566173,0.299410302264692,49126,1807,35899,34093,10
"chr15",72319863,72319880,0.0997792837350933,0.29933785120528,29573,16032,18036,2005,17
"chr6",105136834,105137271,0.09941652389735,0.29824957169205,74349,22330,61877,39548,21
"chr4",84966229,84967110,-0.0993111371724818,0.297933411517445,65856,39608,85953,46346,9
"chr11",208399,209206,0.0992397212293818,0.297719163688145,12586,169554,186782,17229,13
"chr1",7770408,7771108,0.0990463985824271,0.297139195747281,631,118949,156927,37979,10
"chr2",171894209,171894578,0.0741542543579729,0.296617017431892,50945,91991,163341,71351,11
"chr16",56520156,56520359,0.0988607687917346,0.296582306375204,33141,125061,128478,3418,13
"chr9",87725302,87725861,-0.0987579216243061,0.296273764872918,84545,220277,251152,30876,12
"chr13",49247558,49248767,0.0985033494176608,0.295510048252982,23702,212119,267957,55839,16
"chr13",46052140,46053292,0.0737191937782063,0.294876775112825,23611,133846,198393,64548,16
"chr16",29745997,29746140,0.0982611187341831,0.294783356202549,32504,193064,199383,6320,12
"chr9",93451912,93453770,0.0735586440744745,0.294234576297898,84725,89682,140079,50398,18
"chr16",84186956,84187209,0.0735151031689814,0.294060412675926,34281,61055,97861,36807,10
"chr7",27165184,27165495,-0.146688152377011,0.293376304754022,76819,84865,94891,10027,19
"chr17",82050665,82051969,0.146499410419088,0.292998820838176,40062,92170,137670,45501,14
"chr11",119205252,119206521,0.0732401827199028,0.292960730879611,17364,215281,301024,85744,10
"chr17",82273387,82273768,-0.0976463675257303,0.292939102577191,40109,20684,52165,31482,13
"chr1",200620425,200621346,0.072996245251138,0.291984981004552,7084,89762,141693,51932,14
"chr1",226062660,226062742,0.0728829683666789,0.291531873466716,8121,19538,300289,280752,5
"chr1",31412976,31413645,0.0728657292913955,0.291462917165582,2107,14493,32564,18072,14
"chr1",116418459,116418564,0.0971522519639941,0.291456755891982,4718,166482,284068,117587,12
"chr12",64222574,64222605,0.0971285981907425,0.291385794572227,20706,185980,202538,16559,12
"chr18",4455315,4455862,-0.0970750574128076,0.291225172238423,40323,10159,126387,116229,7
"chr1",1254700,1255289,-0.0968614414810292,0.290584324443088,100,146697,277058,130362,11
"chr11",9574614,9574736,-0.145207611738835,0.290415223477671,13472,175361,176393,1033,7
"chr17",78231918,78232152,-0.0967906779621128,0.290372033886338,39539,9152,16637,7486,15
"chr13",27621411,27621946,0.0725076623575227,0.290030649430091,23151,89356,214474,125119,8
"chr11",65638669,65638840,0.0964867932916775,0.289460379875032,15391,170299,214335,44037,4
"chr12",13000078,13000973,0.0723323172186626,0.28932926887465,18817,74999,113845,38847,16
"chr5",180591495,180591503,0.14428244303567,0.28856488607134,71293,13673,29886,16214,11
"chr6",75243850,75244137,0.0721250561127831,0.288500224451132,74004,114467,172410,57944,11
"chr3",44761112,44761955,-0.0960187726267001,0.2880563178801,60135,101940,110545,8606,20
"chr6",30325382,30327450,0.0959941194323521,0.287982358297056,72302,168037,171992,3956,42
"chr5",138177901,138178972,0.0959364949394325,0.287809484818297,69731,124672,136548,11877,25
"chr20",21704763,21705442,0.143873042085196,0.287746084170392,53748,195946,205725,9780,13
"chr5",138032143,138033267,-0.0958455506893277,0.287536652067983,69715,98881,142132,43252,10
"chr11",113976196,113976413,0.0718675740614516,0.287470296245806,17018,44024,219662,175639,5
"chr12",66170058,66170126,0.0718157811536347,0.287263124614539,20779,438,56603,56166,7
"chr9",35646758,35647076,0.0954182412220996,0.286254723666299,84110,17389,181277,163889,4
"chr1",226061707,226062151,-0.0714953155188783,0.285981262075513,8120,27204,146874,119671,9
"chr2",238320092,238320245,0.0714364824321237,0.285745929728495,52803,158006,240900,82895,12
"chr12",93571636,93572432,0.142711179089693,0.285422358179387,21212,244621,263002,18382,32
"chr17",57885342,57885741,-0.0950256948831978,0.285077084649593,38429,9170,119606,110437,3
"chr9",136711748,136712131,0.0949844309254125,0.284953292776237,86570,92191,167993,75803,7
"chr17",2711892,2712724,0.0710562080832975,0.28422483233319,35051,88481,243721,155241,10
"chr7",77798607,77799502,0.0947097853786712,0.284129356136014,77876,47392,49715,2324,30
"chr19",36489462,36489824,0.0946744160799487,0.284023248239846,44636,140747,197046,56300,24
"chr5",141303900,141304580,0.141811265669435,0.28362253133887,70014,39141,81207,42067,12
"chr12",57229328,57230410,-0.0706987150865199,0.28279486034608,20516,186556,267585,81030,16
"chr6",107115302,107115951,0.141271194457287,0.282542388914574,74405,252814,288311,35498,6
"chr17",19003992,19004141,0.140991911580448,0.281983823160896,36221,202376,210726,8351,2
"chr17",64263201,64263668,0.0939387519733751,0.281816255920125,38778,72364,124068,51705,8
"chr1",37474123,37475212,0.0937410329130987,0.281223098739296,2477,87499,116561,29063,15
"chr2",208265576,208265976,0.0937152798850355,0.281145839655106,51805,90132,133179,43048,10
"chr1",181482770,181483703,-0.0937028570506867,0.28110857115206,6792,128644,139473,10830,12
"chr5",181243388,181244389,0.0936410258349168,0.28092307750475,71362,135278,143894,8617,24
"chr4",42152282,42152960,0.0935441330866895,0.280632399260068,65148,36203,65485,29283,16
"chr17",51153331,51153510,0.0933714378637762,0.280114313591329,38304,92181,198140,105960,13
"chr11",64036367,64036647,0.139994416404897,0.279988832809795,15086,176456,182997,6542,10
"chr15",55289778,55289835,0.139888526518195,0.27977705303639,28922,15586,29255,13670,11
"chr8",49909721,49910981,-0.0699301276648911,0.279720510659564,81519,10294,42863,32570,20
"chr17",58192406,58192888,-0.0697875705449943,0.279150282179977,38448,84854,212392,127539,8
"chr7",102748880,102748945,0.139530367655805,0.279060735311609,78682,129637,184871,55235,3
"chr1",237890672,237891269,-0.0696760243216735,0.278704097286694,8581,120899,245313,124415,7
"chr5",91380006,91381191,0.0926496620292116,0.277948986087635,68946,157035,165392,8358,10
"chr12",26832805,26833569,0.0925890364541327,0.277767109362398,19117,44768,86805,42038,19
"chr16",89093090,89093631,0.0692887595374589,0.277155038149836,34598,102662,251827,149166,12
"chr17",13018074,13018352,0.0692243059054104,0.276897223621642,35928,89600,206679,117080,10
"chr12",56116784,56116859,0.138300424466216,0.276600848932433,20327,208910,213217,4308,18
"chr11",66371840,66372244,0.138199958706676,0.276399917413352,15524,183630,189524,5895,12
"chr2",176122433,176122877,0.0920492170156254,0.276147651046876,51076,13824,89958,76135,19
"chr11",27506378,27507045,-0.0918195543126525,0.275458662937958,13896,46437,89107,42671,12
"chr1",239719540,239720164,0.0687987886246191,0.275195154498476,8588,136437,231313,94877,5
"chr10",125158755,125158780,0.137597097758448,0.275194195516896,12244,111106,255611,144506,4
"chr10",97320041,97320837,0.0917052898350442,0.275115869505133,11242,63565,161772,98208,10
"chr6",32761665,32761819,-0.0687415616757524,0.27496624670301,72724,6352,40128,33777,6
"chr19",56567396,56567411,-0.137228831278759,0.274457662557517,47047,18700,57578,38879,8
"chr1",1354415,1354832,0.0914039641956519,0.274211892586956,140,60453,96469,36017,9
"chr14",24114557,24115352,0.0685504253350761,0.274201701340305,25138,91154,137636,46483,20
"chr10",21533343,21534656,-0.0683876562422051,0.27355062496882,9454,113171,137571,24401,12
"chr17",8186009,8186788,0.0911326116766342,0.273397835029903,35716,81799,121232,39434,9
"chr10",102869365,102869466,0.0909702975870405,0.272910892761121,11614,59920,118288,58369,11
"chr3",52495048,52495377,-0.0909213552405097,0.272764065721529,60897,30735,37530,6796,9
"chr17",28726951,28727497,0.0681719123926804,0.272687649570722,36456,58724,129842,71119,13
"chr16",30650529,30650546,0.136240502846562,0.272481005693124,32663,297130,304862,7733,15
"chr14",50821010,50821988,0.0678073209947663,0.271229283979065,25579,229506,269390,39885,7
"chr7",73842715,73842753,0.0902416258859041,0.270724877657712,77715,179681,182034,2354,15
"chr8",93700418,93700582,0.135221264348843,0.270442528697686,82144,347,16750,16404,11
"chr3",187139609,187139749,0.0900771884721984,0.270231565416595,63723,155798,217385,61588,8
"chr1",32817250,32818394,0.134709481917265,0.269418963834531,2229,219572,226418,6847,22
"chr19",8577687,8577712,0.13456364037384,0.269127280747679,42741,253671,267411,13741,7
"chr3",141051766,141051909,0.0897065063809433,0.26911951914283,62688,31259,35691,4433,17
"chr11",73309306,73310100,-0.0897024284097984,0.269107285229395,16088,15214,61379,46166,12
"chr8",119873120,119873642,-0.0895051837684645,0.268515551305393,82580,100814,172637,71824,10
"chr8",13133113,13133687,-0.0893796933147785,0.268139079944335,80599,174554,192358,17805,10
"chr17",61399429,61400203,-0.0893221860453219,0.267966558135966,38599,79874,80031,158,23
"chr6",136822359,136822524,-0.0893172944928964,0.267951883478689,75054,178292,181100,2809,11
"chr10",13001884,13001967,0.089290424086087,0.267871272258261,9253,168915,273150,104236,10
"chr1",44800031,44800173,0.0892043425553572,0.267613027666072,2971,150032,281737,131706,14
"chr12",95003710,95004031,0.066833487134609,0.267333948538436,21236,111100,172521,61422,10
"chr3",184185514,184186864,0.0890727648371459,0.267218294511438,63530,148735,157085,8351,12
"chr2",173964566,173966328,0.0667959600817731,0.267183840327092,51010,117409,256399,138991,14
"chr22",46762342,46762624,0.0890409918234889,0.267122975470467,58790,74968,193135,118168,19
"chr10",89301358,89301537,0.133513452697533,0.267026905395066,10946,116711,128936,12226,7
"chr18",12702792,12703242,0.0889778967314047,0.266933690194214,40502,200674,235963,35290,18
"chr19",40613447,40614423,0.0889611145212721,0.266883343563816,45079,76209,123745,47537,6
"chr11",99020762,99020821,-0.0888535746299588,0.266560723889876,16644,122461,176443,53983,12
"chr10",22927708,22927766,0.13326253310017,0.26652506620034,9491,114127,179276,65150,9
"chr21",42199400,42199449,0.133166562214612,0.266333124429223,56400,128064,194831,66768,4
"chr3",140941590,140941730,0.0886483874193502,0.265945162258051,62684,147096,157069,9974,9
"chr4",156971237,156972389,-0.0886323321833944,0.265896996550183,66888,92456,141310,48855,15
"chr1",162069434,162069724,-0.0885426797932695,0.265628039379809,6229,19830,88773,68944,9
"chr8",67063639,67063940,0.0885268819754328,0.265580645926299,81799,171369,310558,139190,9
"chr12",48105501,48106535,-0.0885166696613159,0.265550008983948,19457,95069,119818,24750,25
"chr20",64038079,64038084,-0.132697815385278,0.265395630770557,55662,260020,264862,4843,5
"chr17",4555654,4555778,0.13241467968046,0.26482935936092,35200,259717,296802,37086,11
"chr1",31181709,31181927,0.132381923527597,0.264763847055193,2095,70742,149545,78804,4
"chr18",34223103,34223872,0.132303088185531,0.264606176371062,40752,85533,90279,4747,11
"chr17",15261023,15261548,0.0881241679379053,0.264372503813716,35949,227446,256392,28947,10
"chr9",134325627,134326493,0.0880355311105195,0.264106593331559,86353,189299,258135,68837,11
"chr12",64621706,64621767,-0.132042794827905,0.264085589655809,20722,43666,118529,74864,3
"chr19",2783411,2783721,-0.131806082822155,0.26361216564431,41967,93338,108543,15206,8
"chr2",73981475,73981653,-0.0877801732497892,0.263340519749368,49111,12489,212366,199878,6
"chr5",122774858,122775412,0.0877615076141991,0.263284522842597,69342,153314,234680,81367,15
"chr6",33289318,33289724,0.131565712220306,0.263131424440613,72824,90684,102591,11908,70
"chr10",91797984,91798214,0.131397221421594,0.262794442843187,11020,99647,126965,27319,16
"chr11",71928487,71928942,-0.087525115734115,0.262575347202345,15979,122050,161885,39836,15
"chr3",196247387,196247458,-0.087500815357667,0.262502446073001,64017,39192,147216,108025,4
"chr11",20598543,20599368,0.0874881344025801,0.26246440320774,13839,101668,116179,14512,10
"chr15",62066721,62066931,-0.0655745981755479,0.262298392702192,29090,122543,201442,78900,9
"chr7",100148608,100148818,-0.1309832425355,0.261966485071,78389,109736,113247,3512,12
"chr22",30606955,30607160,0.130958089924044,0.261916179848088,57625,109016,109672,657,19
"chr7",36151779,36153506,0.0872977894455779,0.261893368336734,77040,173034,193297,20264,9
"chr16",31033298,31033779,0.0872063076709462,0.261618923012839,32731,96414,120190,23777,16
"chr17",35578484,35578631,-0.130749238347985,0.26149847669597,36798,93423,94053,631,15
"chr15",55588326,55588332,0.13069783933668,0.261395678673359,28936,247238,248772,1535,19
"chr7",26201000,26201182,0.0870702843591903,0.261210853077571,76770,247138,258877,11740,23
"chr9",104093797,104094484,0.0653003866686719,0.261201546674688,85027,82192,168221,86030,12
"chr15",71813540,71813540,-0.130595351880809,0.261190703761617,29535,57381,80323,22943,2
"chr8",70403374,70403793,0.0652566421852408,0.261026568740963,81847,4318,139744,135427,4
"chr6",30103147,30103283,0.086989285585484,0.260967856756452,72264,195186,196837,1652,26
"chr6",142946312,142946456,0.0868911486988127,0.260673446096438,75173,23288,186182,162895,3
"chr16",71358470,71358845,0.130264859488285,0.260529718976571,33838,204417,295022,90606,10
"chr11",47552995,47553726,0.0650243119222157,0.260097247688863,14389,71356,131295,59940,12
"chr17",81665157,81665632,-0.129900984976289,0.259801969952577,39967,7391,201090,193700,4
"chr6",33771629,33771830,0.0865467554172617,0.259640266251785,72881,269,175046,174778,4
"chr18",24426352,24426771,0.0864425003973425,0.259327501192027,40651,73093,97634,24542,13
"chr17",39864414,39865243,0.0862974304217037,0.258892291265111,37103,198757,227429,28673,6
"chr9",72364587,72364665,-0.0862394123640249,0.258718237092075,84375,68176,188292,120117,5
"chr20",62952558,62952756,-0.0646720694206267,0.258688277682507,55477,4172,74796,70625,11
"chr6",158817903,158818498,-0.129221163914746,0.258442327829492,75593,268657,278438,9782,9
"chr12",63151003,63151743,0.0861321993269394,0.258396597980818,20691,121545,127793,6249,18
"chr10",62816358,62816496,0.0861171051349147,0.258351315404744,10187,120680,169605,48926,16
"chr7",154892617,154893598,0.0861167568122624,0.258350270436787,80143,14571,117269,102699,14
"chr1",161038960,161039036,-0.0860767531691466,0.25823025950744,6123,9309,12697,3389,14
"chr6",1390387,1390387,-0.0860292989239122,0.258087896771737,71403,303923,303925,3,10
"chr1",10430006,10430580,0.0860150975614311,0.258045292684293,784,116066,144680,28615,24
"chr17",2054377,2056905,0.085914976373301,0.257744929119903,34992,83208,84591,1384,54
"chr12",122974416,122974854,0.0858122882586516,0.257436864775955,22422,264968,271913,6946,21
"chr1",161225755,161226014,0.128573846379036,0.257147692758072,6176,260863,265902,5040,14
"chr16",86566108,86566370,-0.128570808100802,0.257141616201605,34407,122760,198414,75655,11
"chr1",162023885,162023896,-0.128548235300033,0.257096470600065,6227,16649,30904,14256,16
"chr2",174395179,174395700,0.085620627637021,0.256861882911063,51024,157150,164371,7222,23
"chr3",143971303,143972427,0.0855479042217264,0.256643712665179,62778,90374,112403,22030,26
"chr9",137070624,137071482,0.0854359223818399,0.25630776714552,86680,168175,306853,138679,7
"chr19",39515009,39515012,0.128134491704461,0.256268983408923,44934,200369,201900,1532,16
"chr15",80058856,80058884,0.0852742517777648,0.255822755333295,29978,210252,229755,19504,16
"chr4",70591459,70592189,-0.0851603972669525,0.255481191800858,65539,250183,280789,30607,7
"chr10",14954032,14954223,0.127711520368938,0.255423040737876,9325,21185,22039,855,20
"chr14",61696375,61696451,0.127707064532285,0.255414129064569,25872,238730,239964,1235,4
"chr1",153986395,153986772,0.0851101055394282,0.255330316618285,5418,87987,145347,57361,9
"chr8",31032193,31034067,-0.127556895385791,0.255113790771582,81156,113227,172579,59353,34
"chr7",151249260,151249270,0.127502238981667,0.255004477963335,80038,64368,65532,1165,13
"chr14",103532633,103532728,-0.0848832620618862,0.254649786185659,27477,53668,73713,20046,4
"chr13",26253740,26254743,-0.0636376245447929,0.254550498179172,23112,88064,207280,119217,10
"chr5",65925082,65926694,0.0636105501332826,0.25444220053313,68487,25556,96403,70848,15
"chr1",161766271,161766410,0.0847759176469201,0.25432775294076,6221,141587,153040,11454,10
"chr15",34584082,34584195,0.0847254589219964,0.254176376765989,28123,195986,296387,100402,7
"chr10",80078980,80079425,-0.0847189271091283,0.254156781327385,10759,185649,236649,51001,16
"chr19",45405004,45405195,-0.126978194342521,0.253956388685041,45601,293191,299272,6082,5
"chr17",21287669,21287743,0.126797693433171,0.253595386866342,36332,214005,224253,10249,5
"chr3",129428554,129428734,0.0845227901632995,0.253568370489898,62342,6286,29893,23608,8
"chr11",236699,237063,0.126695404522479,0.253390809044958,12592,184533,189047,4515,20
"chr12",71663982,71663992,0.126603148546063,0.253206297092125,20931,101691,111893,10203,28
"chr11",67403674,67404186,0.0842068479225519,0.252620543767656,15670,239525,304246,64722,8
"chr3",193592237,193593229,0.0838690085721787,0.251607025716536,63879,143076,150272,7197,11
"chr14",53954399,53955693,0.0628457579726799,0.251383031890719,25665,76277,193107,116831,14
"chr7",92834453,92835956,-0.0837723693815941,0.251317108144782,78094,173661,176795,3135,37
"chr7",55964354,55964671,0.0836978689537871,0.251093606861361,77503,88986,140121,51136,9
"chr2",55923790,55924253,0.0836716215283832,0.25101486458515,48682,104152,234319,130168,6
"chr10",26437948,26438669,0.0836155728268965,0.25084671848069,9547,47823,107585,59763,16
"chr17",78175110,78175127,-0.125394282545121,0.250788565090241,39530,6602,13460,6859,5
"chr4",2756654,2757253,0.0833581385121989,0.250074415536597,64381,128819,255097,126279,12
"chr7",155812086,155812966,0.0624954730028624,0.24998189201145,80197,98053,181066,83014,11
"chr8",132775196,132775433,0.0831642320782563,0.249492696234769,82829,62071,102258,40188,12
"chr7",122302861,122305094,0.12472420517444,0.24944841034888,79032,174652,184364,9713,28
"chr5",83076967,83077609,0.0831087216277585,0.249326164883276,68851,155732,160992,5261,20
"chr12",27969511,27971078,-0.0830432036359354,0.249129610907806,19160,84971,105731,20761,17
"chr2",135530812,135531407,0.0830200414741166,0.24906012442235,50429,129059,141038,11980,21
"chr1",155978951,155979221,0.124389304513798,0.248778609027596,5668,81249,104761,23513,14
"chr7",64582634,64582815,-0.124353397641468,0.248706795282935,77552,6712,47228,40517,4
"chr3",151384915,151385048,0.124350665386579,0.248701330773158,62925,106656,107469,814,4
"chr12",109996399,109996536,0.0828405854819986,0.248521756445996,21722,101798,194141,92344,7
"chr3",126476065,126476091,-0.124216227878899,0.248432455757799,62189,39927,40046,120,15
"chr13",113208058,113208174,0.124160204349173,0.248320408698345,24628,269052,272778,3727,18
"chr2",74529170,74531005,0.0826783522410208,0.248035056723062,49186,160717,217006,56290,25
"chr4",4858712,4860288,0.082677738666971,0.248033216000913,64495,90256,101231,10976,32
"chr1",169368007,169368284,0.123958176836865,0.24791635367373,6427,143106,143664,559,14
"chr6",145963876,145964478,0.0826370048994878,0.247911014698463,75254,168095,177443,9349,11
"chr5",40755973,40756744,-0.123954991542899,0.247909983085798,68117,105474,146204,40731,7
"chr4",173399621,173399621,0.0825905585625324,0.247771675687597,67062,304113,304115,3,4
"chr17",39711947,39712433,-0.0825845327189973,0.247753598156992,37072,303140,312000,8861,4
"chr6",85677600,85678351,0.0825418350384184,0.247625505115255,74129,168495,181543,13049,15
"chr17",82037787,82037917,0.082447547072203,0.247342641216609,40057,199173,206039,6867,11
"chr7",127252462,127254196,0.0824415800162675,0.247324740048803,79106,183265,243807,60543,15
"chr12",1690607,1690937,0.0823233093036792,0.246969927911038,18103,186136,221121,34986,10
"chr2",109128888,109129060,0.123457913340744,0.246915826681488,49924,142105,157173,15069,13
"chr1",72283332,72283898,0.123381317191401,0.246762634382801,3743,95252,128431,33180,4
"chr4",70225495,70226149,0.0821989888117317,0.246596966435195,65525,91226,247135,155910,4
"chr16",53503381,53503691,0.0821500458471396,0.246450137541419,33048,100199,294638,194440,8
"chr5",180803115,180804058,0.0821400182744876,0.246420054823463,71316,141012,143864,2853,19
"chr5",134758282,134758392,0.123118242511568,0.246236485023136,69606,161313,165458,4146,10
"chr17",7251954,7252806,0.0820376817783364,0.246113045335009,35479,192861,269865,77005,18
"chr6",10420054,10420768,0.122947506633555,0.24589501326711,71638,124057,127104,3048,16
"chr10",43407822,43407877,0.122837848960828,0.245675697921657,9829,170433,173586,3154,22
"chr1",52404314,52404608,0.08186547504208,0.24559642512624,3275,92618,142405,49788,15
"chr7",92590024,92590542,0.0817984414049267,0.24539532421478,78079,70868,170622,99755,12
"chr6",87589936,87590488,0.0817857133189464,0.245357139956839,74159,29346,94949,65604,18
"chr1",14598674,14598702,0.122580133396269,0.245160266792538,990,17746,18199,454,13
"chr5",132777277,132777703,0.12243798496716,0.24487596993432,69531,276564,289195,12632,24
"chr2",85615921,85616067,0.0816022197650664,0.244806659295199,49338,153405,158017,4613,15
"chr15",62059975,62060337,0.122219484172905,0.244438968345809,29088,212744,246820,34077,14
"chr19",12194860,12195054,0.0812502376717222,0.243750713015167,43179,15309,16747,1439,7
"chr1",206921970,206921987,-0.121772344572107,0.243544689144215,7615,143113,165148,22036,7
"chr12",76763696,76763911,0.121739133574124,0.243478267148247,21002,181348,192290,10943,10
"chr2",238060303,238060954,0.0811201095526017,0.243360328657805,52762,100527,156026,55500,10
"chr22",37282409,37282507,0.0810226541379664,0.243067962413899,57972,19253,209029,189777,8
"chr6",41733937,41735735,0.0809127655142212,0.242738296542664,73289,240496,264676,24181,28
"chr7",157568938,157568947,0.121353190933143,0.242706381866287,80242,135940,288950,153011,3
"chr5",79235838,79235858,-0.121342809507551,0.242685619015101,68768,110495,118597,8103,12
"chr1",13513155,13513985,0.121318535543217,0.242637071086434,971,111879,133698,21820,15
"chr19",6737378,6738751,0.0808588666967081,0.242576600090124,42484,83632,133514,49883,29
"chr10",100997038,100997040,-0.121259521594772,0.242519043189544,11442,87571,111581,24011,18
"chr16",353022,353919,0.060622804459604,0.242491217838416,30791,5172,133569,128398,5
"chr1",3650399,3651174,-0.121178679323537,0.242357358647073,420,111097,117903,6807,43
"chr5",109688932,109689265,0.0807756903641806,0.242327071092542,69141,119213,141318,22106,10
"chr8",143553260,143553326,0.121122306122827,0.242244612245654,83163,183006,184404,1399,11
"chr17",59155314,59155754,0.0807057793395858,0.242117338018757,38533,100187,196382,96196,21
"chr3",5122084,5122328,0.120912996024584,0.241825992049168,59081,85909,94674,8766,8
"chr14",77076265,77076420,0.0805837617614702,0.241751285284411,26543,103091,242872,139782,7
"chr10",44958392,44959852,0.0805481059015052,0.241644317704515,9871,263036,287957,24922,17
"chr1",27830500,27830644,0.12078030534413,0.241560610688259,1947,162030,165201,3172,14
"chr19",55624550,55624849,-0.0804398928828303,0.241319678648491,46971,88007,108540,20534,11
"chr6",31664760,31666002,0.0803704792696944,0.241111437809083,72532,192382,204296,11915,69
"chr1",149931288,149931423,0.0803536785903692,0.241061035771108,4986,89145,164799,75655,3
"chr2",121530712,121530902,0.0803226041025862,0.240967812307759,50193,123549,147650,24102,10
"chr9",110579245,110579671,-0.120462004076233,0.240924008152467,85164,125485,139422,13938,12
"chr8",49909344,49909429,0.120449506603683,0.240899013207366,81519,244892,248470,3579,20
"chr1",100250036,100250270,0.0802661394987394,0.240798418496218,4222,235456,274957,39502,10
"chr15",65375141,65375191,-0.120295130027376,0.240590260054752,29272,201861,209212,7352,3
"chr17",30236071,30236090,-0.120201760399148,0.240403520798296,36564,12517,73640,61124,9
"chr10",86970724,86971066,0.119973906683253,0.239947813366506,10883,171526,175619,4094,8
"chr1",156338171,156338502,0.0799629148595672,0.239888744578702,5739,39558,144283,104726,14
"chr9",101738755,101738906,0.119904805753922,0.239809611507843,85018,246858,287183,40326,10
"chr1",61081960,61082194,0.0798805695398377,0.239641708619513,3528,137902,140347,2446,17
"chr12",76559970,76560015,0.079781558811415,0.239344676434245,20998,41365,74035,32671,10
"chr5",61331083,61331806,0.0797791256564047,0.239337376969214,68432,146865,157488,10624,11
"chr12",69239177,69239372,0.0797718819369006,0.239315645810702,20863,196032,214589,18558,10
"chr10",22315070,22315998,-0.0797590116368874,0.239277034910662,9471,127712,171141,43430,16
"chr3",101848304,101848912,-0.119538480263256,0.239076960526513,61625,213614,282967,69354,14
"chr5",142771266,142771354,-0.119476846902681,0.238953693805362,70159,141383,144368,2986,12
"chr2",201115265,201116317,0.0796076907743419,0.238823072323026,51566,238121,260680,22560,16
"chr12",98644068,98645517,0.0596812863843391,0.238725145537356,21327,169846,189101,19256,25
"chr3",126180307,126181052,-0.0795129432262943,0.238538829678883,62178,36192,40058,3867,20
"chr2",80302478,80302496,-0.119261441623263,0.238522883246525,49256,163876,277701,113826,12
"chr22",30667505,30668118,0.119175051505877,0.238350103011753,57632,241587,267388,25802,13
"chr3",72100628,72100823,0.119145617853643,0.238291235707287,61364,113294,123223,9930,10
"chr3",24495559,24496310,-0.119141723858277,0.238283447716554,59638,149328,156797,7470,29
"chr1",153775182,153775642,0.119133455362568,0.238266910725136,5386,91839,103293,11455,11
"chr17",75515425,75517051,-0.119127059520977,0.238254119041953,39222,139710,202921,63212,13
"chr12",2004487,2004621,0.119095122381265,0.23819024476253,18121,119544,140093,20550,12
"chr6",33248989,33249838,0.119041656823021,0.238083313646042,72811,178914,179408,495,39
"chr6",33788305,33789463,0.0793247405344986,0.237974221603496,72885,131746,135820,4075,17
"chr2",46575,46752,0.0793222239494061,0.237966671848218,47275,62393,68530,6138,15
"chr19",54465317,54465322,0.118905060830121,0.237810121660241,46809,10534,27541,17008,10
"chr5",157743432,157743539,0.0792647297263075,0.237794189178922,70613,154915,251743,96829,11
"chr3",25427657,25428369,0.0792605609118852,0.237781682735656,59647,116873,152467,35595,16
"chr8",52409761,52410989,-0.0593788515050607,0.237515406020243,81546,79952,108138,28187,11
"chr2",10302726,10303692,-0.0791441103631155,0.237432331089346,47512,29806,33580,3775,16
"chr5",177351503,177352228,0.0790918547987963,0.237275564396389,71059,87033,147763,60731,16
"chr7",129144365,129144595,0.0790132907404546,0.237039872221364,79227,44845,173819,128975,9
"chr9",34328886,34329392,0.0789912610153366,0.23697378304601,83999,265687,289431,23745,11
"chr5",179732588,179732803,-0.11834431987467,0.236688639749341,71231,89911,137772,47862,13
"chr11",64299776,64300396,0.078787272727662,0.236361818182986,15131,166844,187267,20424,13
"chr1",243255411,243255948,0.0787710788300663,0.236313236490199,8648,6408,32394,25987,16
"chr14",30558433,30558949,0.11812947284677,0.23625894569354,25288,210844,227697,16854,10
"chr19",46745683,46745962,0.0787380185807363,0.236214055742209,45776,3387,56985,53599,20
"chr5",34656076,34656399,0.118064078780887,0.236128157561775,67945,62638,70296,7659,11
"chr17",1723970,1726466,-0.0785304121048408,0.235591236314522,34948,128836,201609,72774,13
"chr1",236551749,236551769,-0.11777998527542,0.235559970550839,8556,253194,272909,19716,2
"chr16",3577314,3577645,0.11769906946678,0.235398138933561,31480,230314,251120,20807,6
"chr2",240998762,240999019,-0.0783670299514753,0.235101089854426,52960,33952,34489,538,7
"chr9",96778332,96778358,0.117430802856922,0.234861605713845,84851,137287,185982,48696,9
"chr7",105013071,105014309,0.0782198052968706,0.234659415890612,78741,176460,274194,97735,23
"chr5",75510664,75512378,0.0781650942068522,0.234495282620557,68660,159496,231570,72075,18
"chr7",28956875,28958462,0.117186599023451,0.234373198046902,76872,19096,19292,197,33
"chr9",136886247,136886455,0.0780847955335082,0.234254386600524,86624,117028,280471,163444,5
"chr12",54560553,54560616,0.117107154291819,0.234214308583638,20187,14984,16857,1874,7
"chr5",64506279,64506585,-0.078053731043458,0.234161193130374,68458,30628,106695,76068,14
"chr13",46052782,46053068,0.117032235429227,0.234064470858454,23611,292876,293760,885,16
"chr10",8268318,8268334,0.117007656033241,0.234015312066482,9166,261386,276892,15507,2
"chr8",143368772,143369243,0.116994563940567,0.233989127881134,83145,99791,108515,8725,14
"chr7",29483544,29483785,0.116910775093768,0.233821550187536,76886,119710,124625,4916,6
"chr3",49199427,49199485,0.116720077146855,0.23344015429371,60552,36656,37155,500,13
"chr12",50111045,50111797,-0.116693119978217,0.233386239956435,19711,269661,289162,19502,19
"chr4",87391408,87391943,0.116566710614606,0.233133421229211,65901,165963,250663,84701,11
"chr15",65423016,65423326,-0.0776976900865907,0.233093070259772,29283,26231,78197,51967,7
"chr6",116253641,116254159,0.116510757574991,0.233021515149982,74632,186142,187836,1695,8
"chr8",63167962,63168087,0.116470613788648,0.232941227577297,81714,190139,235697,45559,15
"chr22",26671443,26671758,-0.116336020112618,0.232672040225237,57399,223115,227834,4720,5
"chr17",8247902,8249092,0.116217142681284,0.232434285362567,35728,75171,88973,13803,14
"chr11",27506140,27506959,0.0774442411135505,0.232332723340651,13896,184373,191803,7431,12
"chr7",97014196,97014227,0.116150023287821,0.232300046575643,78185,44703,159100,114398,5
"chr1",84690656,84691816,0.0580387216190297,0.232154886476119,3907,162258,277872,115615,15
"chr19",14419369,14419504,0.0773412724726044,0.232023817417813,43438,248044,300574,52531,14
"chr19",1174343,1175293,-0.115706195394749,0.231412390789498,41684,222070,237558,15489,10
"chr15",100879091,100879313,-0.115705047679952,0.231410095359903,30678,5685,10940,5256,13
"chr8",23225056,23225313,0.115698967434127,0.231397934868255,80891,101874,103842,1969,18
"chr11",32829541,32829714,0.0771322004920312,0.231396601476094,13977,100044,174303,74260,10
"chr20",35147278,35147366,-0.077077701202793,0.231233103608379,54207,102342,198284,95943,14
"chr6",36027469,36027590,0.115548581526528,0.231097163053055,73021,172560,174572,2013,17
"chr1",155320823,155320850,-0.115528688086013,0.231057376172025,5616,65397,82027,16631,11
"chr2",112836798,112837386,-0.0769925171271519,0.230977551381456,50017,98091,133668,35578,5
"chr12",42326235,42327208,0.076973141462354,0.230919424387062,19322,69061,98255,29195,16
"chr3",44974864,44976348,-0.0769391418984662,0.230817425695399,60152,141943,236124,94182,19
"chr16",56781792,56782122,-0.115368365495778,0.230736730991555,33167,253674,254185,512,12
"chr2",63841197,63841948,-0.0769118744779421,0.230735623433826,48801,156468,160729,4262,25
"chr16",70252052,70252876,0.076895987720574,0.230687963161722,33767,84667,210311,125645,14
"chr16",70528494,70529189,0.0768826858091431,0.230648057427429,33799,55748,220030,164283,3
"chr16",89560052,89560353,-0.115205105776906,0.230410211553813,34666,125589,201303,75715,9
"chr6",110981297,110981965,0.0767916724207072,0.230375017262122,74523,175618,251973,76356,12
"chr17",4366946,4367110,0.0767844811542962,0.230353443462889,35185,208673,240663,31991,13
"chr7",43877397,43878622,-0.0766528093214821,0.229958427964446,77184,8649,78550,69902,6
"chr11",68842828,68843164,0.114969021723928,0.229938043447855,15817,175492,186031,10540,4
"chr9",99906520,99906539,0.114950498469509,0.229900996939018,84965,273223,288469,15247,14
"chr19",50431508,50432813,0.0765967948412191,0.229790384523657,46296,195516,213280,17765,11
"chr9",130682013,130682612,0.0765716104343638,0.229714831303091,86062,185810,290295,104486,6
"chr8",124372889,124373263,-0.11479099400645,0.2295819880129,82678,102818,122900,20083,8
"chr7",135977333,135977570,0.114679789679434,0.229359579358868,79445,12075,21378,9304,11
"chr12",85036654,85036881,0.11465152277536,0.22930304555072,21093,252108,256886,4779,15
"chr5",21459491,21459547,0.0763894298509487,0.229168289552846,67832,161665,289208,127544,3
"chr12",30795860,30796139,0.11446064049266,0.228921280985321,19197,168737,173954,5218,10
"chr4",108166824,108169903,0.0762210319553216,0.228663095865965,66175,100806,107697,6892,28
"chr17",48037567,48038088,0.114301698760405,0.228603397520811,37990,203006,204770,1765,10
"chr19",14136329,14137616,0.0761951670333442,0.228585501100033,43420,116462,204810,88349,13
"chr7",151058338,151058570,0.114264284658237,0.228528569316474,79995,121031,124631,3601,36
"chr4",67557521,67558915,-0.114250007168038,0.228500014336076,65447,140648,142882,2235,6
"chr20",45933453,45934779,-0.114195166632798,0.228390333265595,54806,127717,139547,11831,16
"chr7",122304861,122305391,0.11418381822544,0.22836763645088,79032,246523,309775,63253,28
"chr10",69450857,69451307,0.0760935842803617,0.228280752841085,10336,180589,255118,74530,8
"chr1",155273685,155273695,-0.11403794384116,0.228075887682319,5601,161961,162183,223,13
"chr2",183038661,183039270,0.0759809606665325,0.227942881999597,51255,146746,224176,77431,15
"chr17",58007524,58007975,0.113940087860195,0.227880175720389,38437,194745,197555,2811,15
"chr5",131635618,131636084,0.0759573075485412,0.227871922645624,69461,159477,289203,129727,18
"chr12",51424265,51424566,-0.113925583836531,0.227851167673062,19796,189016,196589,7574,15
"chr19",32971329,32972012,0.0759496066220511,0.227848819866153,44294,205101,295662,90562,16
"chr11",19350465,19350735,0.0759388663816246,0.227816599144874,13815,14496,121041,106546,5
"chr6",123803730,123804025,-0.0759202830433194,0.227760849129958,74777,41011,102051,61041,6
"chr17",81902038,81902484,0.113875225396245,0.22775045079249,40014,70639,94756,24118,11
"chr6",110180282,110180696,-0.0758834978760264,0.227650493628079,74503,89563,114931,25369,14
"chr1",160070179,160070877,-0.0758410242141324,0.227523072642397,6022,146579,151953,5375,12
"chr7",105012885,105015379,0.0758356603386719,0.227506981016016,78741,79465,91893,12429,23
"chr2",149038365,149038625,-0.113719350872271,0.227438701744542,50533,32252,35058,2807,9
"chr15",55408491,55408582,0.113716373304784,0.227432746609568,28929,292085,298444,6360,19
"chr6",109441276,109441400,0.113709287022193,0.227418574044386,74469,254286,257540,3255,10
"chr5",57173866,57174219,0.0757141567839312,0.227142470351794,68362,137171,140729,3559,21
"chr3",151278396,151278509,0.113482175399796,0.226964350799591,62911,143778,160077,16300,5
"chr13",32031765,32031965,0.113431207004419,0.226862414008839,23298,104502,104984,483,13
"chr2",177552787,177553168,0.11342010224933,0.22684020449866,51122,26516,126215,99700,12
"chr11",3642129,3642612,0.0756037222227779,0.226811166668334,13046,167180,263461,96282,13
"chr5",43120825,43120840,0.0755904527703201,0.22677135831096,68180,31288,147227,115940,4
"chr17",67367141,67367197,0.113368616654786,0.226737233309572,38872,119112,209076,89965,11
"chr14",100986660,100986662,-0.113353749001349,0.226707498002698,27293,281311,288432,7122,6
"chr1",211675910,211676071,0.113287349315606,0.226574698631212,7782,142469,142866,398,7
"chr6",36139875,36140335,-0.1131877102827,0.2263754205654,73025,279715,300539,20825,5
"chr10",99731841,99732771,0.112982611275287,0.225965222550574,11353,46862,96349,49488,17
"chr16",49281391,49282286,-0.0752338849708863,0.225701654912659,32934,894,10884,9991,10
"chr14",73490754,73491046,0.112842180157537,0.225684360315074,26295,201629,206003,4375,7
"chr1",206462122,206462230,0.075178008435425,0.225534025306275,7565,143367,302946,159580,3
"chr2",101474733,101474859,0.0751590819013528,0.225477245704058,49736,139322,151383,12062,13
"chr2",240567957,240568047,0.112735317394825,0.22547063478965,52897,153739,164379,10641,5
"chr19",2900367,2900940,0.0751447013246442,0.225434103973933,41987,207187,298748,91562,10
"chr3",4492221,4493377,0.112716519153656,0.225433038307313,59062,242783,258863,16081,14
"chr11",10808683,10809108,0.112714075041079,0.225428150082158,13533,78808,85802,6995,23
"chr10",70132959,70132963,-0.112693186996958,0.225386373993915,10360,102149,120077,17929,10
"chr10",74150164,74151079,0.0751222009436374,0.225366602830912,10626,189905,230755,40851,19
"chr4",145097854,145098342,-0.0751162801125012,0.225348840337504,66663,137640,142605,4966,27
"chr11",103056642,103056921,-0.0750800757763101,0.22524022732893,16730,272322,310796,38475,3
"chr19",4217348,4217988,0.0750571074244526,0.225171322273358,42201,57448,201853,144406,5
"chr20",4685848,4686716,0.0748302487536678,0.224490746261003,53423,57997,75232,17236,9
"chr11",78046241,78046513,0.112228792961256,0.224457585922513,16353,116139,129813,13675,7
"chr3",172750665,172750722,0.112215216631715,0.224430433263429,63289,244737,278829,34093,10
"chr10",104338428,104338509,0.112164794262106,0.224329588524213,11736,140635,224416,83782,7
"chr1",111990344,111990512,-0.112137434811469,0.224274869622938,4559,146778,153857,7080,10
"chr3",196639320,196639738,0.112034983651465,0.22406996730293,64041,139747,158219,18473,12
"chr12",123670904,123671047,-0.0746650831475852,0.223995249442756,22503,99245,113342,14098,10
"chr1",234479221,234479490,0.0746484089078209,0.223945226723463,8474,144381,150283,5903,11
"chr6",24494489,24494833,-0.074628557081295,0.223885671243885,71878,137976,186478,48503,7
"chr6",122399516,122399784,0.0746137693861254,0.223841308158376,74753,46252,100830,54579,11
"chr20",34112474,34112916,0.0745510479409402,0.223653143822821,54141,202908,232158,29251,10
"chr4",88159047,88159169,-0.0745490315346416,0.223647094603925,65935,119434,143796,24363,12
"chr22",42369132,42369692,0.11178056924676,0.22356113849352,58479,209837,215041,5205,9
"chr10",69574211,69574692,0.111775316332785,0.223550632665569,10342,228597,251021,22425,19
"chr10",71218011,71218016,0.111764597381886,0.223529194763771,10427,178251,247823,69573,3
"chr15",88610436,88610965,0.0744959826703496,0.223487948011049,30249,295277,301625,6349,7
"chr19",45406048,45406485,-0.111650816405316,0.223301632810631,45602,13444,52397,38954,17
"chr10",125718700,125719996,-0.111638913657912,0.223277827315825,12254,181590,224289,42700,15
"chr6",1611510,1612066,0.0744176869135276,0.223253060740583,71411,27513,188716,161204,5
"chr14",90332195,90332222,-0.111578368484293,0.223156736968586,26763,121133,214494,93362,15
"chr5",157269175,157269510,-0.111481380983846,0.222962761967691,70582,101194,116991,15798,4
"chr2",15561512,15561767,0.0743204494006474,0.222961348201942,47616,214911,274166,59256,12
"chr3",159272700,159273849,0.0742871332737977,0.222861399821393,63092,85891,125520,39630,8
"chr10",104328997,104329445,0.0742476439242121,0.222742931772636,11732,117446,191246,73801,8
"chr10",73770950,73770960,-0.111304073002449,0.222608146004898,10586,227479,280889,53411,2
"chr6",44257365,44257706,-0.074178383572645,0.222535150717935,73556,46387,61526,15140,19
"chr12",119988725,119989378,-0.0741511892614066,0.22245356778422,22138,28198,193782,165585,5
"chr1",27604350,27604992,0.0741499224344778,0.222449767303433,1927,163604,262673,99070,9
"chr4",4290110,4290840,0.111223368726037,0.222446737452075,64480,136984,138313,1330,18
"chr6",15496748,15497104,0.0741354309240568,0.22240629277217,71758,138112,181367,43256,5
"chr11",842140,842945,-0.0740897321855589,0.222269196556677,12738,71199,289360,218162,13
"chr9",89604780,89606367,0.0740644676815258,0.222193403044577,84606,182477,240754,58278,17
"chr9",77177003,77178398,-0.0740359882932584,0.222107964879775,84438,88326,174348,86023,13
"chr1",212608124,212608425,0.111045691737828,0.222091383475656,7812,158863,165287,6425,12
"chr4",127880490,127881149,0.0740175379198846,0.222052613759654,66475,161589,243677,82089,13
"chr3",121749859,121750005,0.0739696170795588,0.221908851238676,61990,145531,156812,11282,11
"chr12",43759004,43759414,-0.0739486974909279,0.221846092472784,19345,72538,108660,36123,12
"chr16",2268299,2268987,0.110900983729834,0.221801967459668,31242,72428,90284,17857,17
"chr4",39458480,39459290,-0.0739011284447986,0.221703385334396,65053,99497,126087,26591,16
"chr19",39540344,39540560,0.110826199071711,0.221652398143422,44937,102425,130311,27887,16
"chr7",26200940,26201283,0.0738828756533482,0.221648626960045,76770,89102,108896,19795,23
"chr19",36214746,36214902,0.0738822503766215,0.221646751129864,44622,102682,137854,35173,25
"chr2",24820813,24820834,0.110823263214744,0.221646526429488,47781,266528,280165,13638,5
"chr6",124962099,124963066,-0.110808350382939,0.221616700765878,74778,23742,42378,18637,16
"chr6",100463364,100463674,0.110806471030556,0.221612942061111,74329,174139,188096,13958,8
"chr16",11797535,11797788,0.110802835787431,0.221605671574863,31853,83492,202800,119309,7
"chr1",1327337,1327859,-0.0738278178853173,0.221483453655952,129,109467,155227,45761,4
"chr2",69741470,69742095,0.0737762059479529,0.221328617843859,48945,137549,147471,9923,12
"chr19",35637201,35637591,-0.110507179622375,0.221014359244749,44502,72889,120345,47457,3
"chr19",18149520,18149540,0.110499793105863,0.220999586211725,43880,9407,16561,7155,4
"chr20",37404949,37404954,0.110499677353959,0.220999354707917,54400,78961,138123,59163,4
"chr2",199457833,199458280,0.110491912194408,0.220983824388815,51494,60536,61487,952,12
"chr16",77788238,77788544,0.110488660858075,0.220977321716149,34079,210089,211386,1298,10
"chr6",31706149,31706162,0.110474281781739,0.220948563563478,72545,169250,180301,11052,5
"chr8",86508615,86508973,0.110443621771464,0.220887243542929,82059,49775,81460,31686,15
"chr7",133082282,133082372,0.0736118150286425,0.220835445085928,79367,115663,189065,73403,10
"chr11",106022494,106022555,-0.11036703088874,0.22073406177748,16767,176510,176580,71,17
"chr1",39691168,39691749,0.110335850324392,0.220671700648784,2631,256358,302758,46401,20
"chr21",38804582,38805079,-0.110321532583662,0.220643065167323,56234,126727,217388,90662,9
"chr6",33299104,33299746,0.0735336762958521,0.220601028887556,72828,168579,174829,6251,42
"chr19",7676568,7676952,0.0734645284794259,0.220393585438278,42597,92759,297016,204258,8
"chr6",30489262,30489356,0.110140888589586,0.220281777179172,72311,169766,177571,7806,10
"chr4",77156843,77157167,0.0733900311898279,0.220170093569484,65733,137495,149832,12338,9
"chr10",27745865,27745887,-0.110076524932566,0.220153049865132,9581,5326,5541,216,17
"chr9",133554506,133554638,0.0733715543845462,0.220114663153638,86306,79804,302500,222697,5
"chr7",87627758,87629044,-0.110032679308037,0.220065358616073,77983,353,16879,16527,13
"chr3",9792501,9794225,-0.0733080812969378,0.219924243890813,59177,124614,140360,15747,31
"chr5",116084346,116085497,0.0732308285425237,0.219692485627571,69271,147489,219099,71611,14
"chr4",89057100,89057230,-0.0732105754702565,0.219631726410769,65964,148620,261583,112964,7
"chr20",45115194,45115469,0.109814099279763,0.219628198559526,54706,81920,83166,1247,9
"chr2",71466740,71466757,-0.109800595643051,0.219601191286102,49031,23814,25768,1955,13
"chr6",150865275,150866201,-0.0731934546036015,0.219580363810804,75372,97260,140238,42979,16
"chr8",13566571,13566585,0.109704333139853,0.219408666279706,80604,177165,184494,7330,13
"chr17",50094553,50095250,0.0731083684120784,0.219325105236235,38160,69871,86143,16273,21
"chr6",18122762,18122793,-0.109612203822775,0.21922440764555,71803,184346,192125,7780,12
"chr2",218781546,218781608,-0.0730234701823109,0.219070410546933,52076,246823,280152,33330,9
"chr5",115296343,115296962,0.0728882724995825,0.218664817498748,69254,30728,35145,4418,19
"chr19",18611785,18612875,-0.0728820502907818,0.218646150872345,43961,52261,63355,11095,12
"chr12",62466249,62467273,0.0728412767154285,0.218523830146286,20679,76160,174748,98589,14
"chr19",37466699,37468068,0.109252829964861,0.218505659929723,44686,210806,219798,8993,14
"chr19",57632972,57633091,0.109251033561982,0.218502067123965,47134,193472,213266,19795,11
"chr1",230425808,230426229,0.0728239108823257,0.218471732646977,8364,9045,33761,24717,9
"chr7",76397536,76397749,0.109204133376261,0.218408266752522,77837,85826,101793,15968,8
"chr11",62832290,62832550,0.10914790690535,0.2182958138107,14998,47873,87036,39164,12
"chr2",46697803,46698242,-0.0727265978779051,0.218179793633715,48497,158169,227294,69126,13
"chr2",71227159,71227187,0.0727208468956532,0.21816254068696,49024,145864,159208,13345,11
"chr14",105419691,105419735,-0.109045629565138,0.218091259130276,27688,18872,20340,1469,13
"chr7",108526507,108526621,0.109004152907204,0.218008305814409,78857,121384,122988,1605,10
"chr9",133738594,133739209,-0.108929085469711,0.217858170939422,86323,180676,222951,42276,14
"chr21",29073902,29074112,0.0725981333733502,0.217794400120051,55840,210582,237941,27360,13
"chr2",46541805,46542092,0.108863809152702,0.217727618305403,48488,87563,124446,36884,11
"chr15",77927065,77927081,0.108757831339753,0.217515662679505,29873,56798,71857,15060,2
"chr20",675596,675914,-0.0724998976661206,0.217499692998362,53157,26271,53257,26987,9
"chr2",112054009,112054142,-0.108707620901972,0.217415241803944,49964,163321,166629,3309,4
"chr19",43579536,43580595,-0.0724613092330961,0.217383927699288,45385,60363,71690,11328,9
"chr3",134374538,134374690,0.0724485010329373,0.217345503098812,62529,19916,67803,47888,14
"chr16",29664721,29664750,0.108657626491752,0.217315252983505,32495,4122,4792,671,4
"chr2",239401418,239402525,0.0724238781595567,0.21727163447867,52848,103196,127787,24592,21
"chr4",1346241,1347190,0.108555610006946,0.217111220013891,64276,117189,118165,977,23
"chr2",190342516,190343445,0.0723523062840793,0.217056918852238,51347,156269,224476,68208,12
"chr1",32205315,32205851,0.10850151382492,0.217003027649839,2168,147391,160824,13434,18
"chr19",9675103,9675129,0.108479548634631,0.216959097269262,42811,76897,91643,14747,10
"chr7",522536,522801,0.0722414004922141,0.216724201476642,75973,167489,283984,116496,4
"chr14",64749194,64749287,0.108334590206875,0.216669180413749,25992,52722,74987,22266,6
"chr8",10730259,10730759,-0.108321383342855,0.21664276668571,80500,41761,71145,29385,8
"chr11",41459742,41460028,0.0721796951125259,0.216539085337578,14129,109917,115883,5967,10
"chr12",123233241,123233751,0.108266672108677,0.216533344217354,22454,200197,201761,1565,25
"chr12",121711859,121712585,0.108167538968885,0.21633507793777,22302,105628,174422,68795,7
"chr6",33313732,33316121,0.108123779236533,0.216247558473067,72832,109514,116732,7219,68
"chr3",112562125,112562148,0.108109075635031,0.216218151270061,61761,235259,275204,39946,16
"chr12",95217792,95218320,0.108105557659179,0.216211115318357,21245,257719,282795,25077,17
"chr1",160031539,160031843,0.108034855159809,0.216069710319618,6019,156364,156762,399,16
"chr5",39074355,39074908,0.0720152740579812,0.216045822173944,68089,164994,302676,137683,14
"chr1",108200618,108200696,0.107981953457512,0.215963906915024,4291,98137,117992,19856,14
"chr15",64094032,64094462,0.0719861690173838,0.215958507052151,29183,210230,212845,2616,14
"chr6",168319796,168319809,0.107971752377307,0.215943504754613,75859,49550,67282,17733,7
"chr14",96797257,96797373,-0.107966218417701,0.215932436835401,27108,14483,21290,6808,12
"chr1",27830550,27831161,-0.107916192386634,0.215832384773269,1947,100635,100894,260,14
"chr1",78491160,78491162,-0.1079127948069,0.215825589613799,3842,13721,38805,25085,12
"chr8",22995803,22995838,0.107911283425637,0.215822566851274,80864,48033,62843,14811,6
"chr2",100418151,100418567,-0.107893671237509,0.215787342475017,49691,218148,219112,965,7
"chr9",137302338,137302420,-0.107872724182172,0.215745448364344,86752,63093,178228,115136,6
"chr4",109912728,109912788,-0.107866557484797,0.215733114969594,66221,144984,146019,1036,10
"chr2",201232370,201233293,0.0539212778948171,0.215685111579268,51586,98275,147636,49362,7
"chr15",43105975,43106148,-0.107813058414043,0.215626116828087,28520,56883,94783,37901,10
"chr12",66188802,66188957,0.107809777248933,0.215619554497866,20782,200934,205647,4714,11
"chr20",44522000,44522520,0.0718608108061396,0.215582432418419,54665,86554,118862,32309,11
"chr13",111153292,111154602,-0.0718225441749084,0.215467632524725,24509,198748,205436,6689,12
"chr8",66667373,66667381,0.107732257640925,0.21546451528185,81784,177420,192081,14662,16
"chr3",56468265,56468719,-0.0717809639086397,0.215342891725919,61046,7061,31249,24189,6
"chr2",64654157,64654942,0.107652468751536,0.215304937503071,48834,164548,288631,124084,6
"chr17",58282166,58282217,0.10765212865165,0.2153042573033,38472,93579,273469,179891,2
"chr9",133030767,133030813,0.107621605571429,0.215243211142858,86222,78677,85722,7046,9
"chr15",82647889,82647983,0.107594497184955,0.215188994369911,30078,58242,59355,1114,22
"chr14",104978387,104978517,-0.107581589374001,0.215163178748002,27632,58796,61441,2646,13
"chr6",32967248,32972648,0.0717013581682784,0.215104074504835,72763,181631,183907,2277,102
"chr1",30718735,30719490,0.107515400893378,0.215030801786756,2070,147621,161946,14326,16
"chr4",94995379,94996335,0.0716738256191546,0.215021476857464,66006,252659,262274,9616,6
"chr20",63567681,63567828,0.107498061605416,0.214996123210832,55566,117139,119616,2478,6
"chr10",34814941,34816473,0.10745123618773,0.214902472375459,9723,96564,172601,76038,11
"chr5",103258422,103258916,-0.0716255587021946,0.214876676106584,69115,105149,145368,40220,17
"chr6",31968377,31969617,-0.107408403300731,0.214816806601462,72629,46654,46802,149,104
"chr3",11154216,11154491,-0.0715993675291765,0.214798102587529,59285,65074,80450,15377,9
"chr13",31846342,31846389,0.0715775997364198,0.214732799209259,23294,73931,197593,123663,5
"chr13",30307801,30308084,0.0715670867004609,0.214701260101383,23258,202382,220959,18578,14
"chr12",15789805,15790035,0.107325118807245,0.21465023761449,18904,135082,174727,39646,12
"chr19",18522253,18522713,-0.107296679712729,0.214593359425459,43941,104276,206598,102323,11
"chr4",38856805,38857002,0.0715060267870399,0.21451808036112,65027,163882,272832,108951,4
"chr9",83708605,83708668,0.10720617929624,0.21441235859248,84481,132632,136206,3575,14
"chr10",119597265,119597326,0.107168673326772,0.214337346653544,12045,9367,99713,90347,13
"chr1",17438898,17439980,0.0714440804116862,0.214332241235059,1214,137555,147213,9659,21
"chr7",154927983,154928742,-0.0713906978003593,0.214172093401078,80144,117753,170692,52940,6
"chr21",39387648,39387760,0.107052254883705,0.21410450976741,56258,706,13545,12840,6
"chr8",143734024,143734047,0.071305127614375,0.213915382843125,83220,176458,184475,8018,15
"chr19",10010478,10010496,0.10689103863541,0.21378207727082,42840,10286,15765,5480,10
"chr12",53997501,53997541,0.106858451330343,0.213716902660686,20117,4558,18312,13755,7
"chr5",93620970,93621392,0.0711934959824257,0.213580487947277,68961,35876,121971,86096,10
"chr1",37859727,37860656,0.0711289376444513,0.213386812933354,2526,166229,252706,86478,8
"chr10",50990994,50990996,-0.1066421660159,0.2132843320318,10061,61969,112062,50094,14
"chr3",50567478,50567955,0.0710764409474237,0.213229322842271,60729,117776,239153,121378,8
"chr11",64284266,64285075,0.0710612052116411,0.213183615634923,15126,81877,90717,8841,32
"chr5",172006806,172007492,-0.106580544829079,0.213161089658158,70842,220650,257187,36538,12
"chr1",162561233,162561434,0.0710399320735815,0.213119796220745,6250,148796,164041,15246,14
"chr9",132670244,132671252,0.106552170286491,0.213104340572982,86193,101237,164585,63349,17
"chr19",36915957,36916250,-0.0710254948463425,0.213076484539028,44664,116611,140631,24021,16
"chr17",75205141,75205683,0.0710252480635944,0.213075744190783,39186,198134,208140,10007,13
"chr17",47733244,47733649,-0.0710215065593755,0.213064519678127,37945,54629,56334,1706,14
"chr22",20507401,20507964,0.070995494230837,0.212986482692511,57015,211667,292701,81035,15
"chr22",39320157,39320170,0.106490080267143,0.212980160534287,58195,272220,273280,1061,18
"chr20",2663560,2664408,0.0709583682020437,0.212875104606131,53272,198936,208793,9858,16
"chr1",66331695,66331790,0.106421002765956,0.212842005531911,3643,122972,127108,4137,9
"chr2",196592676,196592696,-0.106359466227953,0.212718932455906,51427,164528,165510,983,5
"chr3",126179940,126180927,0.106356526705083,0.212713053410166,62178,66992,67768,777,20
"chr7",1816046,1816073,-0.106325313670431,0.212650627340862,76128,79885,303920,224036,4
"chr10",122270132,122270356,-0.10628757472812,0.21257514945624,12123,168360,172978,4619,4
"chr1",27914746,27914914,0.106104701011311,0.212209402022621,1959,126731,137594,10864,16
"chr16",2276665,2276751,-0.106102108665378,0.212204217330757,31247,57542,202107,144566,2
"chr3",43303108,43303316,0.106092522586438,0.212185045172876,60086,261751,280483,18733,2
"chr6",49462883,49463720,0.0706899869601652,0.212069960880496,73669,105038,174483,69446,17
"chr9",35605003,35605625,0.105905499762047,0.211810999524094,84101,27185,45862,18678,10
"chr15",48331225,48332058,0.105851987890309,0.211703975780618,28726,199323,204673,5351,21
"chr12",6341869,6342150,0.0705639485150427,0.211691845545128,18282,193097,246646,53550,5
"chr16",89616701,89616758,-0.105804937352869,0.211609874705739,34682,63887,70512,6626,3
"chr15",40806638,40807585,0.105803890169607,0.211607780339214,28319,271780,274333,2554,18
"chr2",20051815,20052493,0.105772256098286,0.211544512196572,47682,86711,115407,28697,9
"chr16",62036101,62036315,0.105745479339868,0.211490958679737,33368,77013,83473,6461,20
"chr17",40665025,40665138,0.105697067382606,0.211394134765211,37208,95891,104420,8530,5
"chr12",56360102,56360319,0.0704292077046313,0.211287623113894,20387,7218,81644,74427,13
"chr12",24949128,24949130,0.105612264663106,0.211224529326212,19062,252399,262228,9830,12
"chr10",114938139,114938165,0.0704034628954339,0.211210388686302,11929,185369,191166,5798,12
"chr1",206506917,206507295,0.10556071428716,0.21112142857432,7582,88119,94625,6507,13
"chr8",143160872,143160891,-0.105556518873689,0.211113037747379,83111,108107,114216,6110,13
"chr19",36054705,36055146,-0.105543377252337,0.211086754504674,44601,193574,198598,5025,18
"chr9",117415422,117415920,-0.105381908378756,0.210763816757512,85360,177359,180039,2681,10
"chr6",50845099,50845282,0.105315105321494,0.210630210642988,73706,185514,282138,96625,6
"chr11",576230,576489,-0.0702091608751889,0.210627482625567,12665,23640,40284,16645,14
"chr2",199955276,199955728,0.105288829805447,0.210577659610894,51511,11423,25670,14248,19
"chr5",69234521,69234580,0.1052728565251,0.210545713050201,68547,222112,242956,20845,16
"chr13",27172007,27172200,-0.105198905848867,0.210397811697735,23131,13288,22405,9118,5
"chr4",184538162,184538241,0.105122334150607,0.210244668301214,67206,142167,147654,5488,5
"chr18",2571334,2571634,-0.105077816861196,0.210155633722392,40263,87995,117039,29045,17
"chr12",64609223,64609340,0.0699820521832088,0.209946156549626,20720,98076,181939,83864,3
"chr16",28900674,28900848,-0.104969312139629,0.209938624279258,32465,199495,201108,1614,4
"chr9",130265818,130265822,-0.104958927879549,0.209917855759098,86037,61160,62010,851,6
"chr2",213150196,213150244,0.104945970987737,0.209891941975474,51864,108472,110852,2381,4
"chr6",136792638,136792926,0.104939590462371,0.209879180924742,75053,178400,182610,4211,6
"chr2",79512808,79513059,-0.104847024018015,0.209694048036029,49249,38868,77717,38850,8
"chr19",48746995,48747304,0.069886677404466,0.209660032213398,46025,108212,114177,5966,8
"chr6",35342045,35342219,-0.104798846265517,0.209597692531033,72970,231297,241202,9906,10
"chr1",19251246,19252118,0.0698383425076953,0.209515027523086,1297,149372,151492,2121,17
"chr12",122978858,122980057,-0.10468706051221,0.209374121024419,22424,2696,16245,13550,21
"chr15",76336658,76336815,0.0697814771296516,0.209344431388955,29823,65768,71572,5805,14
"chr3",187745506,187745795,0.104625070071002,0.209250140142004,63764,154068,163444,9377,13
"chr5",110738518,110738683,0.104610619208411,0.209221238416822,69150,101469,126735,25267,17
"chr3",72848691,72848918,0.0697312865522904,0.209193859656871,61372,147487,163412,15926,13
"chr5",127073461,127073618,0.0696566804982464,0.208970041494739,69408,17278,109818,92541,8
"chr6",168080143,168080189,-0.104477587211514,0.208955174423028,75848,11425,14211,2787,4
"chr3",49368520,49368530,-0.0696366579510061,0.208909973853018,60570,311654,311656,3,9
"chr13",113864628,113865430,0.0696203617128975,0.208861085138693,24710,304775,304777,3,11
"chr1",182604318,182604796,0.069619644521846,0.208858933565538,6826,135044,142399,7356,12
"chr14",24215648,24216752,0.0695976909727006,0.208793072918102,25173,233267,296333,63067,11
"chr16",21278491,21278497,-0.104383966867438,0.208767933734875,32163,55732,55792,61,9
"chr7",122144302,122144542,0.104353234513011,0.208706469026023,79028,168638,169004,367,9
"chr19",58513978,58514206,-0.104301119758148,0.208602239516296,47257,13275,201069,187795,5
"chr22",35540131,35541272,-0.104283191676369,0.208566383352738,57838,207338,249572,42235,14
"chr17",1629882,1630276,0.104270552235945,0.208541104471891,34925,217185,291795,74611,13
"chr4",65670437,65670745,-0.104232028186039,0.208464056372078,65441,13529,15474,1946,20
"chr1",23868489,23868499,0.104227439688211,0.208454879376423,1623,154603,158616,4014,16
"chr16",67192012,67192021,0.104210333588608,0.208420667177217,33486,209941,218888,8948,8
"chr7",152463800,152464610,0.0694658543012147,0.208397562903644,80123,8940,44914,35975,10
"chr6",53349150,53349210,-0.1041434160899,0.2082868321798,73779,50183,99811,49629,17
"chr2",37325193,37325400,0.0694123829698746,0.208237148909624,48263,128014,247109,119096,7
"chr19",16897839,16897929,-0.104051780998729,0.208103561997457,43686,6845,77449,70605,8
"chr2",74482982,74483100,0.103941003297873,0.207882006595747,49169,96276,109309,13034,22
"chr6",57221918,57222444,0.0692640640814252,0.207792192244276,73858,43480,92794,49315,20
"chr2",237486978,237487244,-0.0692547861901514,0.207764358570454,52734,61939,79603,17665,12
"chr16",87392541,87393070,0.103870698063842,0.207741396127684,34433,78126,104390,26265,21
"chr3",13420152,13420359,-0.103789635382067,0.207579270764135,59391,21970,89218,67249,8
"chr19",17303314,17303537,0.0691575669476151,0.207472700842845,43729,73860,97619,23760,7
"chr1",35078869,35079209,-0.103706736127789,0.207413472255578,2348,133458,141466,8009,9
"chr18",33578270,33578565,0.069087539924671,0.207262619774013,40744,14887,58351,43465,13
"chr3",50345687,50345736,0.103532002322971,0.207064004645942,60711,12669,35746,23078,14
"chr8",64373284,64373340,0.103515610310927,0.207031220621855,81725,4332,135503,131172,3
"chr2",65367663,65368052,0.0690098818686626,0.207029645605988,48859,231660,305187,73528,11
"chr17",81961226,81961231,-0.103492155519449,0.206984311038898,40040,22894,28314,5421,10
"chr13",99501195,99501258,0.103474656740117,0.206949313480235,24262,237113,253252,16140,19
"chr2",112275507,112275751,0.103451231785518,0.206902463571036,49977,29585,34522,4938,10
"chr6",82247584,82248124,0.0689499531700442,0.206849859510133,74071,117878,167865,49988,13
"chr19",38316194,38317356,0.103404693928248,0.206809387856496,44732,210267,240549,30283,15
"chr16",1613215,1613552,-0.0689289979988908,0.206786993996672,31047,112791,293397,180607,5
"chr7",120950531,120950807,0.10334388497344,0.20668776994688,79010,191814,200849,9036,10
"chr11",2301270,2302229,0.103321755302755,0.206643510605511,12933,174449,174940,492,38
"chr10",93072812,93073285,0.103278867476437,0.206557734952873,11067,13351,15662,2312,16
"chr2",176128915,176129637,0.103231770639064,0.206463541278127,51078,4207,4932,726,23
"chr2",60384035,60384462,-0.0688204457793029,0.206461337337909,48711,110926,238924,127999,3
"chr1",156430368,156430640,-0.103224934134053,0.206449868268105,5747,124806,132423,7618,5
"chr2",174682862,174682899,0.103084293292655,0.20616858658531,51037,68106,140421,72316,7
"chr3",173395601,173395729,-0.103049880295328,0.206099760590657,63293,123422,140971,17550,22
"chr6",143677497,143677921,0.0686566099331142,0.205969829799343,75205,186254,225789,39536,13
"chr1",81801551,81802246,0.10296590179025,0.205931803580501,3862,163608,277023,113416,13
"chr19",35742396,35742992,-0.102919202546545,0.20583840509309,44533,121511,126640,5130,8
"chr5",95646457,95646626,0.102899635050812,0.205799270101624,68996,86324,141429,55106,14
"chr9",127396989,127397065,-0.102875439708049,0.205750879416099,85697,102560,221074,118515,8
"chr6",26271488,26272127,-0.102859538446012,0.205719076892025,71975,110057,114477,4421,19
"chr8",22598878,22598908,-0.102815751795204,0.205631503590409,80833,44869,169859,124991,5
"chr10",33773090,33773306,-0.102800058576188,0.205600117152376,9716,117852,135318,17467,8
"chr3",50351038,50351134,0.102738035315334,0.205476070630668,60716,91509,102191,10683,22
"chr5",74639840,74639992,0.102724377235973,0.205448754471947,68636,245899,249626,3728,13
"chr1",39409202,39409377,0.102671890335626,0.205343780671252,2590,160221,300791,140571,14
"chr5",91873,92270,-0.0684379038163321,0.205313711448996,67375,154289,165441,11153,7
"chr4",168318850,168318930,0.0684052207178873,0.205215662153662,66998,154106,300656,146551,6
"chr1",183653245,183653335,0.102585592299384,0.205171184598767,6889,164794,244489,79696,6
"chr1",161117845,161117933,0.102557364645523,0.205114729291046,6136,89064,103335,14272,17
"chr1",247936157,247936881,-0.0683258778819608,0.204977633645883,8812,117636,278965,161330,13
"chr2",170770890,170771211,0.0683143516931316,0.204943055079395,50904,64649,80178,15530,19
"chr13",49495796,49496363,0.102448070643587,0.204896141287174,23714,210546,248209,37664,14
"chr9",128097327,128098560,-0.102445367195379,0.204890734390759,85804,173512,216861,43350,12
"chr17",75153401,75154659,0.0682949073987034,0.20488472219611,39182,234346,237299,2954,24
"chr22",17589327,17590510,0.102426146533967,0.204852293067935,56820,66086,228730,162645,6
"chr19",36215067,36215151,0.10239564150302,0.20479128300604,44622,19685,21507,1823,25
"chr11",6603639,6603647,-0.102343641885506,0.204687283771012,13281,24184,26701,2518,18
"chr6",159789856,159790982,0.068215187583337,0.204645562750011,75633,156294,169222,12929,25
"chr8",138083736,138083967,-0.102290793754765,0.204581587509531,82906,177303,240998,63696,4
"chr6",32196792,32196946,0.102273125611939,0.204546251223878,72680,178710,179792,1083,55
"chr10",119597001,119597209,0.0681777172394719,0.204533151718416,12045,119520,167374,47855,13
"chr2",27582467,27583459,0.0681571326402948,0.204471397920884,48032,145504,159012,13509,17
"chr17",7548566,7548733,-0.102228373556291,0.204456747112582,35560,89970,113231,23262,11
"chr20",49046141,49046196,0.102218309562449,0.204436619124898,54951,203036,203626,591,16
"chr18",49487407,49487769,-0.102197484631428,0.204394969262855,40986,251141,266708,15568,13
"chr20",44884423,44885351,-0.102065085159593,0.204130170319185,54685,98897,298686,199790,7
"chr20",44247068,44247081,0.102047710321692,0.204095420643384,54635,201676,209985,8310,15
"chr1",171840664,171841328,0.0680193487533419,0.204058046260026,6524,154138,165619,11482,10
"chr2",127700703,127700754,0.101966505093015,0.203933010186031,50274,290493,291031,539,10
"chr14",94773044,94773249,-0.101960971109279,0.203921942218558,27000,5704,11380,5677,10
"chr11",117315805,117316337,0.101942485256681,0.203884970513362,17138,137801,168336,30536,13
"chr15",100601750,100603238,0.067902530347571,0.203707591042713,30666,200531,258024,57494,18
"chr11",43880584,43880793,0.101838640031364,0.203677280062727,14151,6397,17508,11112,9
"chr3",53882371,53883414,0.0678519273400116,0.203555782020035,61015,219065,238554,19490,10
"chr3",123584926,123585163,0.101651330313025,0.20330266062605,62080,31076,37332,6257,13
"chr19",16143679,16143679,0.10164083710428,0.20328167420856,43624,295305,304854,9550,6
"chr4",40190324,40190926,-0.101633803669001,0.203267607338002,65077,235492,244460,8969,8
"chr6",31662495,31662682,-0.101508160893373,0.203016321786746,72531,49896,105419,55524,7
"chr10",22252437,22252513,0.10143964353629,0.20287928707258,9467,43466,175804,132339,2
"chr1",161089537,161089864,0.0676093754028502,0.202828126208551,6133,34397,96167,61771,11
"chr6",33315220,33315238,-0.101392186952329,0.202784373904658,72832,44106,44741,636,68
"chr1",230869038,230869346,0.101384187205595,0.20276837441119,8387,241063,253958,12896,21
"chr16",2751667,2751951,-0.101322478790373,0.202644957580745,31318,58624,75651,17028,17
"chr2",113067657,113067936,-0.101281595170103,0.202563190340205,50032,144827,159170,14344,5
"chr11",119107072,119107798,0.101207822815021,0.202415645630042,17334,91231,96369,5139,15
"chr19",3761761,3761815,0.101193150991548,0.202386301983095,42120,196510,198964,2455,16
"chr6",127344107,127344170,-0.101159511217546,0.202319022435093,74830,170687,189316,18630,16
"chr7",143380636,143381902,0.101140539179486,0.202281078358971,79719,269155,269933,779,20
"chr15",23039667,23039732,-0.10111676562753,0.202233531255061,27759,53915,56724,2810,9
"chr11",71452420,71453219,-0.0673935764161947,0.202180729248584,15957,94945,108808,13864,15
"chr20",45306582,45306822,0.0673736972503696,0.202121091751109,54724,75666,75953,288,11
"chr2",27663466,27663698,0.101056820007741,0.202113640015481,48046,151762,158177,6416,23
"chr16",56668232,56668246,-0.101013906591917,0.202027813183833,33160,76515,133409,56895,3
"chr4",99563416,99563735,0.101000190263866,0.202000380527732,66054,100242,101311,1070,16
"chr3",48663624,48664229,0.0673329454175901,0.20199883625277,60462,162447,257729,95283,8
"chr11",10294385,10294811,0.100999008920073,0.201998017840146,13494,45537,106052,60516,14
"chr8",142668818,142670080,0.100989342702333,0.201978685404666,83069,172957,178542,5586,11
"chr20",2664289,2664405,0.100984494614121,0.201968989228242,53272,58226,81141,22916,16
"chr3",127822400,127822612,-0.100946709467024,0.201893418934048,62248,162475,240016,77542,12
"chr8",41897224,41897410,-0.0672826098203803,0.201847829461141,81392,107868,139649,31782,4
"chr3",156555296,156555508,0.10089536671453,0.20179073342906,63022,163734,165063,1330,14
"chr15",52568556,52569199,0.100895138730914,0.201790277461827,28891,123758,139558,15801,21
"chr1",114758166,114758406,0.1008839414752,0.201767882950399,4674,272974,274396,1423,13
"chr12",30753833,30755120,0.0672511346769976,0.201753404030993,19196,241921,269811,27891,15
"chr20",1947159,1947265,0.100868545427959,0.201737090855918,53239,77470,112256,34787,6
"chr13",94601737,94601797,-0.100806291326754,0.201612582653508,24144,112321,125841,13521,11
"chr19",16132724,16133305,0.0671940691959959,0.201582207587988,43621,207212,240279,33068,5
"chr17",17681089,17681191,0.100765151254612,0.201530302509225,36108,93113,120550,27438,5
"chr14",60649330,60649498,-0.100728955096922,0.201457910193844,25844,107333,117555,10223,11
"chr10",27155211,27155383,0.100721280041235,0.201442560082469,9569,237870,266236,28367,17
"chr2",74454746,74455049,-0.100700803544261,0.201401607088523,49163,153580,166358,12779,14
"chr2",136116404,136118593,-0.10065278337187,0.201305566743739,50456,68812,82337,13526,24
"chr6",11232720,11232892,0.100614667600886,0.201229335201773,71683,266535,302924,36390,11
"chr8",37736332,37737598,-0.100609457322483,0.201218914644965,81218,180549,246439,65891,19
"chr1",32107400,32107980,0.100603841903548,0.201207683807096,2159,260798,264628,3831,10
"chr2",178397488,178397488,0.100592522692932,0.201185045385864,51145,286611,301147,14537,2
"chr1",67053994,67054509,0.0670409003180625,0.201122700954188,3667,25981,92370,66390,9
"chr10",102132619,102132762,-0.100473631842231,0.200947263684461,11525,102018,107231,5214,11
"chr8",67952089,67952314,-0.0669791624955791,0.200937487486737,81814,25504,87655,62152,10
"chr3",122679686,122680708,-0.0669776283762377,0.200932885128713,62036,155802,166731,10930,15
"chr9",86100254,86100477,0.100447169776991,0.200894339553981,84513,241970,245376,3407,8
"chr11",57667083,57667610,0.100437903907756,0.200875807815511,14591,190654,249338,58685,13
"chr1",1013439,1014254,-0.0669290037111584,0.200787011133475,37,109417,117882,8466,15
"chr2",172086773,172086825,0.100364785048695,0.200729570097389,50952,123831,159864,36034,2
"chr6",42925256,42925429,-0.100316209125846,0.200632418251693,73366,15792,43166,27375,5
"chr13",20566083,20567191,0.0668690821840034,0.20060724655201,22961,12609,53813,41205,12
"chr2",219514322,219514369,-0.100291136081828,0.200582272163656,52199,4832,7110,2279,13
"chr14",22829263,22829830,0.0668120356883399,0.20043610706502,24958,280659,298684,18026,12
"chr6",27132892,27132938,-0.100150788976288,0.200301577952575,72014,170660,170995,336,14
"chr19",47335875,47336874,0.100070433490285,0.200140866980571,45835,95529,102003,6475,7
"chr12",55929295,55929336,0.100029975816192,0.200059951632384,20281,195947,228930,32984,5
"chr4",105474153,105474164,-0.0999755565608853,0.199951113121771,66126,102239,116501,14263,12
"chr4",174522969,174523797,-0.0999518273832136,0.199903654766427,67081,146534,161013,14480,14
"chr20",50041627,50041660,-0.0999333390652859,0.199866678130572,54997,249412,279152,29741,5
"chr13",74133941,74133987,0.0999008500074793,0.199801700014959,23968,210244,213533,3290,10
"chr17",50560084,50560361,0.0665802077864728,0.199740623359418,38244,202674,208104,5431,30
"chr7",10940220,10940370,-0.0665747282364142,0.199724184709243,76521,179134,182303,3170,11
"chr10",56361299,56361305,0.0997761467806644,0.199552293561329,10087,91814,168466,76653,11
"chr21",30487291,30487482,-0.0997522632882505,0.199504526576501,55898,101729,121201,19473,6
"chr17",1516340,1517255,0.0664897615396996,0.199469284619099,34910,84332,102802,18471,12
"chr12",29784800,29784815,0.0996583567043131,0.199316713408626,19188,110372,129175,18804,3
"chr19",32674578,32674656,-0.066417089218615,0.199251267655845,44279,52685,208044,155360,5
"chr6",31738211,31738567,0.0996242247265186,0.199248449453037,72562,131795,166924,35130,4
"chr9",34458854,34458893,0.0995962583480043,0.199192516696009,84014,191248,240428,49181,10
"chr12",57240825,57240894,-0.0995415908295548,0.19908318165911,20522,120463,123241,2779,11
"chr3",47513835,47513986,0.0995136074342134,0.199027214868427,60339,97082,143842,46761,13
"chr12",93570877,93572269,0.0663277828549653,0.198983348564896,21212,93198,99352,6155,32
"chr19",39847434,39847696,0.0663255898618759,0.198976769585628,44960,202411,237996,35586,3
"chr2",25982770,25982779,0.0994873360497994,0.198974672099599,47842,140793,148108,7316,14
"chr8",141002672,141002894,-0.0994625301272138,0.198925060254428,82982,219836,243456,23621,6
"chr7",100477723,100477883,0.0994203454270963,0.198840690854193,78446,178937,189657,10721,6
"chr2",25650026,25650526,0.0994160584394163,0.198832116878833,47829,240165,240510,346,4
"chr3",152834773,152834777,0.0993958663768092,0.198791732753618,62960,142042,155947,13906,13
"chr1",30719311,30719318,-0.0993717654862857,0.198743530972571,2070,118716,147474,28759,16
"chr19",506852,507808,0.0993547263581507,0.198709452716301,41529,296383,298923,2541,12
"chr8",100951130,100953175,-0.0992890753492883,0.198578150698577,82324,174019,181581,7563,33
"chr17",7627553,7627879,0.0992873400076974,0.198574680015395,35588,137676,197546,59871,11
"chr6",85641635,85641834,0.0992602181791473,0.198520436358295,74126,170590,178095,7506,4
"chr15",42272954,42273730,-0.0661689126058273,0.198506737817482,28475,237956,258981,21026,24
"chr19",13932833,13933004,-0.0992041271397496,0.198408254279499,43378,192909,208952,16044,4
"chr1",3067711,3067881,0.0991973559416507,0.198394711883301,371,6505,12654,6150,21
"chr1",30824180,30824251,0.0991575919882364,0.198315183976473,2078,165301,224203,58903,9
"chr12",82685772,82686688,0.0991513673495965,0.198302734699193,21088,212087,237045,24959,13
"chr2",64524948,64525472,0.0991335943634049,0.19826718872681,48823,142624,286170,143547,4
"chr16",10181910,10182743,0.099123400205843,0.198246800411686,31749,199399,212075,12677,20
"chr2",127220818,127220914,0.0990706015955996,0.198141203191199,50225,119510,135395,15886,4
"chr17",63550096,63550322,0.0660437012999303,0.198131103899791,38700,217172,228831,11660,13
"chr11",118086854,118087389,0.066042979080705,0.198128937242115,17185,105284,180362,75079,4
"chr12",48105942,48106404,0.0990567722946857,0.198113544589371,19457,124825,139008,14184,25
"chr20",2800792,2801039,-0.0990549555381473,0.198109911076295,53282,118737,202405,83669,13
"chr16",85902222,85902536,0.0990369143082576,0.198073828616515,34383,235873,239154,3282,9
"chr1",6416810,6416856,0.099031321646295,0.19806264329259,552,37120,222453,185334,2
"chr5",103562777,103563257,0.0990075928244286,0.198015185648857,69120,125439,142733,17295,10
"chr3",150704262,150704356,0.0989856280690258,0.197971256138052,62885,144715,146169,1455,17
"chr20",21397573,21397589,0.0989690551338143,0.197938110267629,53739,17819,58691,40873,17
"chr1",222617709,222617828,0.0989427171549615,0.197885434309923,7993,26578,33231,6654,5
"chr2",43225699,43226994,0.0989249735394367,0.197849947078873,48406,139033,140757,1725,33
"chr16",2963744,2963922,-0.0988462643115762,0.197692528623152,31362,101310,105923,4614,17
"chr6",108165859,108167131,0.0988457200724835,0.197691440144967,74433,8989,18575,9587,29
"chr3",184018010,184018349,0.0658760543596138,0.197628163078841,63496,123036,155951,32916,10
"chr12",68675299,68675812,0.0658699675638871,0.197609902691661,20834,308686,311433,2748,3
"chr9",2844307,2844804,0.0988048881977975,0.197609776395595,83519,183629,190456,6828,9
"chr12",7444107,7444319,-0.0987836422250709,0.197567284450142,18476,167449,213798,46350,2
"chr20",45880981,45881003,0.0987191579168584,0.197438315833717,54796,97908,194903,96996,8
"chr14",44897127,44897209,0.0987092398258888,0.197418479651778,25462,207386,210128,2743,11
"chr22",19723357,19723386,0.0986930745281754,0.197386149056351,56928,53056,54399,1344,15
"chr11",13496247,13496374,0.0985813107308275,0.197162621461655,13602,269781,275112,5332,4
"chr10",102419179,102419727,-0.0657060822918323,0.197118246875497,11559,25060,49815,24756,24
"chr22",20086036,20086049,-0.0985289418417312,0.197057883683462,56974,55662,58443,2782,15
"chr5",55159873,55160127,0.0656613287707528,0.196983986312258,68280,151799,243385,91587,8
"chr13",102845365,102846305,0.0984446731469363,0.196889346293873,24365,221189,297493,76305,10
"chr19",13116607,13117282,-0.0656176007823277,0.196852802346983,43317,96757,207949,111193,12
"chr19",52269052,52269213,-0.0984251754043368,0.196850350808674,46550,131740,197632,65893,10
"chr1",154558426,154559165,0.0656167776238071,0.196850332871421,5485,33255,97363,64109,12
"chr19",49085143,49085412,-0.0656020721444563,0.196806216433369,46093,19107,62678,43572,10
"chr8",133060281,133061411,0.0983945787340112,0.196789157468022,82846,182218,231893,49676,7
"chr2",105850954,105851625,0.0655705950780531,0.196711785234159,49849,164856,247601,82746,10
"chr6",46492019,46492734,-0.0655239922381967,0.19657197671459,73612,195190,256433,61244,16
"chr19",44953932,44955141,0.065523156053521,0.196569468160563,45531,282364,295599,13236,21
"chr5",181246365,181246395,-0.0982808625979861,0.196561725195972,71363,150820,160989,10170,11
"chr2",165238148,165238830,0.0654942498129898,0.196482749438969,50776,273357,309564,36208,7
"chr13",108269802,108270156,0.098237289893008,0.196474579786016,24418,27895,100732,72838,9
"chr1",11272519,11273355,-0.065486883120449,0.196460649361347,851,139022,145249,6228,13
"chr5",154857813,154857870,0.0982060625643914,0.196412125128783,70549,148043,153278,5236,17
"chr8",96645031,96645204,0.0981696867376811,0.196339373475362,82232,44409,47134,2726,11
"chr3",180036745,180037447,-0.0654343385984877,0.196303015795463,63393,4714,11266,6553,13
"chr5",148383737,148383740,0.0981023597530822,0.196204719506164,70265,154580,269263,114684,13
"chr15",73994273,73994482,0.0980832382406853,0.196166476481371,29644,91970,107221,15252,16
"chr2",677472,677898,0.0980817735688696,0.196163547137739,47298,162227,164554,2328,20
"chr5",43020059,43020614,-0.0653859027962341,0.196157708388702,68174,38951,116676,77726,12
"chr1",109548331,109548552,0.0653556922445043,0.196067076733513,4390,143093,158513,15421,14
"chr17",7673772,7674193,0.0653497995603349,0.196049398681005,35600,311825,311832,8,141
"chr12",121399601,121399958,0.0979674736560596,0.195934947312119,22278,214600,271144,56545,11
"chr12",6689660,6690212,0.0978943537537139,0.195788707507428,18354,105437,137097,31661,18
"chr17",30970534,30970806,-0.0978790892049524,0.195758178409905,36595,109668,111127,1460,17
"chr3",113747505,113747578,0.0978493223667212,0.195698644733442,61812,236064,270032,33969,24
"chr5",178590826,178591014,-0.0978192346357118,0.195638469271424,71166,82611,90481,7871,13
"chr6",32119041,32119101,0.09776124377286,0.19552248754572,72656,176505,181542,5038,7
"chr11",61680015,61680466,0.0977386351047634,0.195477270209527,14857,139596,177533,37938,6
"chr2",219279283,219279874,0.0651520907087952,0.195456272126386,52157,131608,248212,116605,9
"chr1",149887906,149888041,-0.0976883636074253,0.195376727214851,4976,147908,149883,1976,12
"chr11",65711318,65712054,-0.0651210757436733,0.19536322723102,15405,120014,238230,118217,14
"chr10",132787147,132787176,-0.0976558755689326,0.195311751137865,12448,45104,45195,92,37
"chr9",128275902,128276083,0.0976308964201236,0.195261792840247,85832,71398,91220,19823,13
"chr13",113044680,113044702,-0.0976106156843859,0.195221231368772,24587,26195,106882,80688,13
"chr8",55772966,55773875,0.065070676480216,0.195212029440648,81611,249890,253264,3375,25
"chr3",112605454,112605535,-0.097582958037225,0.19516591607445,61766,163495,287995,124501,2
"chr9",35690229,35691313,0.0650476468779294,0.195142940633788,84126,189599,262588,72990,13
"chr16",31135564,31136516,-0.065031590492438,0.195094771477314,32758,269850,294561,24712,11
"chr19",36772802,36773160,0.0975414746852659,0.195082949370532,44654,129181,139621,10441,7
"chr17",10697434,10697602,0.0974918107223357,0.194983621444671,35871,2454,17540,15087,12
"chr1",9654752,9654785,0.0974804863316167,0.194960972663233,724,121916,133262,11347,7
"chr3",38454560,38455335,0.0974371828234396,0.194874365646879,59906,148991,150069,1079,8
"chr17",28662111,28662276,0.0974144898895698,0.19482897977914,36443,25646,28130,2485,18
"chr17",4948815,4949282,0.0974128355706883,0.194825671141377,35280,111686,139867,28182,11
"chr1",38012549,38012658,0.0973973189973242,0.194794637994648,2545,160218,160867,650,9
"chr16",21952474,21953444,0.0973778631306594,0.194755726261319,32187,89018,101656,12639,16
"chr5",43602564,43602817,0.0973703539999465,0.194740707999893,68200,87602,99678,12077,20
"chr17",65055792,65056508,0.0649096266077559,0.194728879823268,38816,254429,280275,25847,17
"chr5",177022622,177022646,0.0973600867647119,0.194720173529424,71034,77920,91807,13888,14
"chr2",20651270,20651644,0.0648787410401876,0.194636223120563,47702,67827,142106,74280,12
"chr1",53220336,53220851,-0.0972716915467045,0.194543383093409,3324,96448,102082,5635,9
"chr22",26479571,26479586,0.0972364132457891,0.194472826491578,57367,214469,223259,8791,11
"chr19",39480590,39480709,0.0971111490977744,0.194222298195549,44925,202333,240482,38150,7
"chr3",146161188,146161490,-0.0971078384081373,0.194215676816275,62784,29835,66853,37019,15
"chr2",38377300,38377543,-0.0971035562406794,0.194207112481359,48292,18991,24242,5252,7
"chr9",87497677,87497704,0.097077551809274,0.194155103618548,84535,17187,62159,44973,11
"chr17",70169501,70170100,0.0647140789167082,0.194142236750125,38978,82059,194032,111974,9
"chr10",123768583,123768699,0.0646913388270585,0.194074016481175,12192,47448,198712,151265,3
"chr21",45974440,45974619,0.096999739071923,0.193999478143846,56676,195788,200641,4854,6
"chr9",137026068,137026329,-0.0646340000035376,0.193902000010613,86662,91285,302554,211270,3
"chr7",2526310,2526900,-0.0646180316584147,0.193854094975244,76184,43319,43887,569,12
"chr12",46372765,46373900,0.0645797258890662,0.193739177667199,19396,79294,181409,102116,15
"chr17",32486427,32486971,0.0967951679416722,0.193590335883344,36699,61291,64817,3527,16
"chr17",82022928,82022991,-0.0967929003421107,0.193585800684221,40050,55789,59269,3481,17
"chr1",27321902,27321966,0.0967662142274771,0.193532428454954,1893,101369,112218,10850,11
"chr1",61725245,61725247,0.0967156786381795,0.193431357276359,3541,256644,261152,4509,9
"chr7",139359699,139359705,0.0966498268941765,0.193299653788353,79515,47124,50762,3639,15
"chr14",32201109,32201212,0.0966355087387415,0.193271017477483,25331,294114,299395,5282,5
"chr6",24666345,24667232,0.0965685593858124,0.193137118771625,71887,97750,176224,78475,15
"chr1",64743792,64745054,0.0965674704760657,0.193134940952131,3606,11289,155807,144519,7
"chr5",58582388,58582699,0.0965104118562351,0.19302082371247,68391,159508,165805,6298,14
"chr16",68022692,68024526,0.0643020323630885,0.192906097089266,33635,68726,100721,31996,27
"chr14",81220052,81221377,-0.0964451843016534,0.192890368603307,26647,133704,194137,60434,25
"chr17",7315640,7315702,0.0964115508003769,0.192823101600754,35499,198167,295393,97227,10
"chr11",61743803,61744338,-0.0963780784366613,0.192756156873323,14861,41481,44546,3066,6
"chr1",87331325,87331440,0.0963574361260625,0.192714872252125,3971,103645,121330,17686,5
"chr5",132556823,132557452,0.0642123001336652,0.192636900400996,69507,141809,155552,13744,14
"chr6",30907981,30908104,-0.096300167764093,0.192600335528186,72398,179259,179630,372,14
"chr17",50345890,50345901,-0.0962954592131824,0.192590918426365,38200,58631,60055,1425,12
"chr5",150486084,150486447,0.096287083003665,0.19257416600733,70394,71916,104128,32213,6
"chr19",55280307,55280449,0.0962709318446563,0.192541863689313,46893,87687,105290,17604,18
"chr3",100400454,100401585,0.096269713692887,0.192539427385774,61570,159820,163462,3643,17
"chr1",219928026,219928671,0.0962395403271682,0.192479080654336,7927,137425,138438,1014,18
"chr19",54850230,54850306,0.0962163314566405,0.192432662913281,46838,128274,128722,449,3
"chr2",68157265,68157621,0.0962076540199676,0.192415308039935,48892,16839,34941,18103,16
"chr2",170714497,170715206,-0.096179843810653,0.192359687621306,50901,156185,156466,282,26
"chr16",15949244,15949466,0.0961672108697658,0.192334421739532,32014,57210,63022,5813,9
"chr8",23224444,23225121,0.0961574946757601,0.19231498935152,80891,181079,183984,2906,18
"chr8",118111030,118112223,0.0961475233625206,0.192295046725041,82541,168102,186388,18287,12
"chr14",51238967,51240006,0.0640503340828139,0.192151002248442,25594,254536,294039,39504,12
"chr9",128772117,128772192,0.0960738121871824,0.192147624374365,85901,196750,228958,32209,14
"chr9",13279709,13279790,-0.0960646428090494,0.192129285618099,83690,60598,64980,4383,10
"chr12",71662807,71664405,0.064023590357521,0.192070771072563,20931,217270,229917,12648,28
"chr2",36966338,36967213,0.0960274170794759,0.192054834158952,48236,95661,148256,52596,6
"chr15",74906299,74907152,0.0640132429110263,0.192039728733079,29735,199430,242442,43013,18
"chr10",7787936,7788885,0.095967428240084,0.191934856480168,9152,90977,96808,5832,16
"chr7",76259975,76259975,0.0959252984649129,0.191850596929826,77820,10303,80139,69837,3
"chr19",6737374,6739669,-0.0959196602158656,0.191839320431731,42484,25746,51491,25746,29
"chr2",171522176,171522577,-0.0639432538451289,0.191829761535387,50935,90483,142951,52469,10
"chr7",99325468,99325694,0.0639124581719253,0.191737374515776,78279,113153,175446,62294,8
"chr1",5992117,5992612,0.0639047158569553,0.191714147570866,491,162049,249774,87726,13
"chr17",57850182,57850550,0.0958472788929347,0.191694557785869,38422,198141,203507,5367,10
"chr2",74514726,74516310,-0.095814844047502,0.191629688095004,49179,5431,7010,1580,21
"chr4",139556459,139556551,0.0958083097228168,0.191616619445634,66575,91296,144946,53651,11
"chr2",159732586,159732589,-0.095803330964346,0.191606661928692,50686,231484,248685,17202,3
"chr11",32437859,32438408,0.0957704928984531,0.191540985796906,13969,114603,118084,3482,11
"chr19",57351186,57351270,-0.0638198624301269,0.191459587290381,47091,202628,211411,8784,13
"chr5",103562762,103562844,0.095708193768698,0.191416387537396,69120,66150,90991,24842,10
"chr22",39993801,39994260,0.0956918460777176,0.191383692155435,58253,112519,125203,12685,10
"chr12",62191541,62192874,0.063793188077913,0.191379564233739,20670,113317,118539,5223,18
"chr8",25457456,25457486,0.0956743723690774,0.191348744738155,80959,96392,115304,18913,5
"chr2",219059070,219059188,-0.0956661698514748,0.19133233970295,52114,124142,160738,36597,3
"chr5",136028639,136028863,0.0637640309571896,0.191292092871569,69659,93368,147690,54323,11
"chr22",19022906,19022955,-0.0956176964194042,0.191235392838808,56885,97959,194220,96262,3
"chr18",77249771,77250260,-0.0954985617089129,0.190997123417826,41428,7231,7562,332,33
"chr5",134524328,134525455,-0.0954877090815435,0.190975418163087,69591,66658,68879,2222,24
"chr9",77176898,77178904,0.063630575620672,0.190891726862016,84438,176259,267835,91577,13
"chr11",105609116,105610565,0.0954447913518501,0.1908895827037,16761,176398,189487,13090,24
"chr2",176002448,176002681,0.0954447857911381,0.190889571582276,51057,119225,150771,31547,8
"chr11",60184084,60184879,0.0954131388529622,0.190826277705924,14723,92164,116476,24313,7
"chr13",97221693,97222377,-0.0954016532853735,0.190803306570747,24187,294711,299798,5088,12
"chr4",4248358,4248737,0.0953907092567363,0.190781418513473,64479,141129,143581,2453,15
"chr11",112074010,112074429,-0.0953648980170567,0.190729796034113,16943,103829,169224,65396,16
"chr7",7968502,7968752,0.0635582358647631,0.190674707594289,76502,42639,49157,6519,10
"chr2",201451522,201452017,0.0953258508024896,0.190651701604979,51601,7736,20257,12522,23
"chr20",3209031,3209556,0.0635503795228507,0.190651138568552,53330,90878,201630,110753,13
"chr14",64986715,64986748,0.0953170328689041,0.190634065737808,26015,192608,201986,9379,11
"chr6",116877059,116877118,-0.0953009778340658,0.190601955668132,74673,18451,44653,26203,8
"chr11",86671858,86672436,0.0635302474341745,0.190590742302523,16479,13723,20627,6905,18
"chr17",49361084,49361101,0.0952410116794699,0.19048202335894,38098,234120,236862,2743,7
"chr2",206086164,206086377,0.095232932845833,0.190465865691666,51708,141728,159013,17286,9
"chr18",3453728,3453800,-0.095223793146423,0.190447586292846,40304,133934,205514,71581,3
"chr2",105744407,105744489,0.0952098270399678,0.190419654079936,49847,248943,269943,21001,4
"chr20",63537441,63537899,0.095148237739027,0.190296475478054,55547,192718,279147,86430,12
"chr3",119463435,119463823,0.0951428232115695,0.190285646423139,61913,100038,107971,7934,13
"chr7",149976,150023,-0.0951192398324363,0.190238479664873,75949,13055,18384,5330,11
"chr3",50299253,50299630,0.0950900564988476,0.190180112997695,60693,162653,163484,832,24
"chr10",61900436,61901521,0.0633881014593324,0.190164304377997,10162,175398,178128,2731,17
"chr3",4302977,4303490,-0.0633639480893212,0.190091844267964,59056,15949,19971,4023,14
"chr6",170289679,170290590,0.0950178716599338,0.190035743319868,75929,259913,264028,4116,16
"chr13",77697739,77698750,-0.0949343661030675,0.189868732206135,24043,204225,212005,7781,23
"chr8",78665881,78665988,0.0948850096538219,0.189770019307644,81963,16111,45230,29120,11
"chr14",30622108,30622168,0.0632369858211472,0.189710957463442,25291,245745,280670,34926,13
"chr16",770050,770155,-0.0632266999723739,0.189680099917122,30906,58237,207867,149631,3
"chr11",76860485,76860543,0.094830155229209,0.189660310458418,16285,192321,213753,21433,7
"chr11",85811392,85811566,0.0632197972538995,0.189659391761698,16462,173825,179242,5418,11
"chr1",150066924,150067537,0.0948160156896729,0.189632031379346,4994,61820,84201,22382,15
"chr19",33521853,33521995,-0.0948109389509759,0.189621877901952,44329,199097,199769,673,13
"chr9",93952765,93952974,0.0948072092361351,0.18961441847227,84733,42728,131760,89033,2
"chr10",35126242,35126584,0.0947880646603253,0.189576129320651,9730,213566,243809,30244,20
"chr6",33193199,33193371,-0.0947833827413386,0.189566765482677,72804,44345,45549,1205,46
"chr12",123270413,123270700,0.0947628588778172,0.189525717755634,22458,121863,174742,52880,16
"chr19",38433679,38433707,0.0631492375161025,0.189447712548308,44765,54935,77081,22147,8
"chr2",66437789,66437931,0.0631478511142982,0.189443553342894,48869,84991,258315,173325,4
"chr4",143700799,143701547,-0.0631394674916197,0.189418402474859,66655,164227,271206,106980,9
"chr5",170388767,170389956,-0.0631345579823501,0.18940367394705,70809,131494,162521,31028,10
"chr5",161848117,161848430,0.0946379768940429,0.189275953788086,70696,155577,157615,2039,22
"chr3",98732270,98732272,0.0945627905953144,0.189125581190629,61531,139520,226846,87327,12
"chr5",98772933,98773269,-0.0630399695943252,0.189119908782976,69068,161062,247872,86811,12
"chr9",130579243,130580012,0.0945284849226798,0.18905696984536,86053,171794,177124,5331,16
"chr2",74654019,74654338,-0.0945252995791201,0.18905059915824,49197,98847,104161,5315,11
"chr7",114413839,114413933,-0.0945021595624384,0.189004319124877,78905,178877,180854,1978,5
"chr5",43040527,43042131,-0.0629845984375531,0.188953795312659,68175,162574,283576,121003,23
"chr14",60648037,60648412,-0.0944765833659979,0.188953166731996,25843,282705,299027,16323,8
"chr14",87993342,87993619,-0.0944288114601168,0.188857622920234,26688,201781,215756,13976,12
"chr5",55712449,55712695,0.0629518770109424,0.188855631032827,68310,101541,149336,47796,16
"chr3",172448444,172448452,0.0944118057067131,0.188823611413426,63279,10250,16148,5899,17
"chr11",30585813,30586567,0.062934123657695,0.188802370973085,13930,185260,185949,690,23
"chr6",135054791,135055557,0.0629203166519582,0.188760949955875,75001,118126,167158,49033,13
"chr19",10928738,10928794,0.0943622071504925,0.188724414300985,43004,139179,140693,1515,17
"chr22",32474530,32474570,0.0943568675785283,0.188713735157057,57782,205166,211090,5925,16
"chr6",1605678,1606113,0.0629039921798027,0.188711976539408,71406,187515,277785,90271,3
"chr6",130018420,130018853,0.0943397753358745,0.188679550671749,74866,167167,171546,4380,12
"chr1",236795274,236795682,0.094318721296155,0.18863744259231,8566,4962,13540,8579,18
"chr1",186375519,186375830,0.0943149084703223,0.188629816940645,6946,140000,140488,489,17
"chr8",144413653,144413797,0.0942938164512705,0.188587632902541,83375,12370,12828,459,4
"chr1",46132261,46133330,0.0942856150923748,0.18857123018475,3056,88108,90015,1908,18
"chr12",6462427,6462434,0.0942844058400282,0.188568811680056,18300,84801,202410,117610,2
"chr11",130868136,130868666,-0.0628466900720975,0.188540070216292,17882,215235,244985,29751,5
"chr19",13951885,13952219,0.0942540770061553,0.188508154012311,43381,130324,196885,66562,7
"chr7",102468648,102468989,-0.0942398074467036,0.188479614893407,78677,45589,135692,90104,2
"chr17",5191944,5192154,-0.09419545435404,0.18839090870808,35321,198277,298086,99810,10
"chr10",14837194,14838025,-0.0941461876325645,0.188292375265129,9318,229251,251138,21888,16
"chr5",65562725,65563172,-0.0941456118454496,0.188291223690899,68470,138913,149237,10325,18
"chr20",62368185,62368789,0.0627406121392601,0.18822183641778,55405,101734,235422,133689,5
"chr16",87392003,87393137,-0.094091835357949,0.188183670715898,34433,53733,56367,2635,21
"chr11",90250867,90251072,0.0940877616240402,0.18817552324808,16525,217754,224924,7171,5
"chr14",100726049,100727060,-0.0940863956915697,0.188172791383139,27218,55905,58535,2631,20
"chr12",121352468,121353135,0.0940857155034652,0.18817143100693,22275,203447,231730,28284,14
"chr3",36992593,36992651,0.0940690398069242,0.188138079613848,59816,164733,166074,1342,42
"chr15",75903535,75903798,0.0940621349633494,0.188124269926699,29804,75734,96254,20521,10
"chr16",23301919,23302187,0.0940590830946451,0.18811816618929,32242,193180,207982,14803,10
"chr7",139716279,139716488,-0.0940524068792796,0.188104813758559,79538,168257,170853,2597,6
"chr16",56729210,56729817,-0.0940520389579185,0.188104077915837,33165,196066,220316,24251,9
"chr9",132161481,132161936,0.062691548533365,0.188074645600095,86168,139446,140262,817,11
"chr11",69005340,69005736,-0.0626484890073352,0.187945467022006,15826,48867,79888,31022,10
"chr22",41381813,41381892,0.0939716177104879,0.187943235420976,58370,76195,99304,23110,9
"chr14",23237534,23237632,0.0939389356909505,0.187877871381901,25031,254301,310794,56494,10
"chr13",95644729,95644943,-0.0626247719021308,0.187874315706392,24169,77503,99271,21769,12
"chr5",86617835,86617889,0.0939247743040402,0.18784954860808,68868,157270,161203,3934,9
"chr3",69084608,69084797,0.0626142426316912,0.187842727895074,61319,85981,235089,149109,5
"chr16",1984039,1984349,-0.062614214695206,0.187842644085618,31133,28102,59795,31694,10
"chr10",81874326,81874520,0.0939074619639121,0.187814923927824,10797,15289,135286,119998,4
"chr15",79090465,79091071,-0.0938908460309991,0.187781692061998,29952,96603,109224,12622,23
"chr17",9575633,9576637,0.0625894348166627,0.187768304449988,35811,77327,83577,6251,22
"chr7",5232433,5233635,0.0938753620939304,0.187750724187861,76339,175945,180688,4744,12
"chr5",132864798,132864974,0.0938462486899804,0.187692497379961,69541,144004,144200,197,31
"chr6",27871973,27872434,0.0625598296822927,0.187679489046878,72061,97684,169506,71823,10
"chr3",152268900,152270189,0.0938095951531128,0.187619190306226,62951,162441,166430,3990,27
"chr19",2257164,2257205,-0.093808575288626,0.187617150577252,41901,272196,281211,9016,9
"chr8",127734149,127735727,0.0625350911818526,0.187605273545558,82757,187998,189286,1289,27
"chr12",122974498,122974985,0.0937873590223163,0.187574718044633,22422,102835,128734,25900,21
"chr8",126556605,126557397,-0.0937771982731565,0.187554396546313,82734,18751,45295,26545,13
"chr1",156054492,156054883,-0.0937396003265286,0.187479200653057,5673,87770,100118,12349,18
"chr13",43879072,43879726,0.0937393733512585,0.187478746702517,23537,194117,201106,6990,20
"chr12",20369243,20370187,0.0937335337503256,0.187467067500651,18976,208449,211650,3202,16
"chr20",44961459,44961474,-0.0937285948350152,0.18745718967003,54694,116061,127073,11013,3
"chr10",73495742,73496104,0.0937052130021328,0.187410426004266,10560,173678,186406,12729,17
"chr13",51452988,51454130,0.0624653740664542,0.187396122199363,23789,198014,209520,11507,20
"chr19",47821038,47821832,0.0936915829789958,0.187383165957992,45900,3351,86380,83030,5
"chr11",121023981,121023984,0.0936660652822592,0.187332130564518,17463,178249,212431,34183,7
"chr17",16439369,16439455,-0.0935409626766025,0.187081925353205,36033,200508,203248,2741,22
"chr9",120894943,120895149,0.093516522978406,0.187033045956812,85398,116427,174857,58431,6
"chr7",7566742,7566970,0.0935160902045226,0.187032180409045,76497,120969,168084,47116,10
"chr12",65881762,65883194,0.0934747849197032,0.186949569839406,20770,271949,272932,984,13
"chr12",112906569,112907118,0.093471365305884,0.186942730611768,21890,86401,117442,31042,3
"chr10",112949378,112950187,0.0934112106219529,0.186822421243906,11849,197241,248891,51651,12
"chr6",31197137,31197175,-0.0933914171223435,0.186782834244687,72456,171941,172183,243,14
"chr5",34008037,34008486,0.093386658526811,0.186773317053622,67941,252342,275224,22883,12
"chr1",232804583,232805309,-0.093381342252178,0.186762684504356,8439,164076,166483,2408,9
"chr20",20017660,20017914,0.0933809750335866,0.186761950067173,53702,207648,250461,42814,22
"chr4",83034922,83035049,0.0933721738171242,0.186744347634248,65822,145538,157713,12176,17
"chr17",75784648,75784729,0.0933188706584776,0.186637741316955,39287,254033,260203,6171,20
"chr22",41301275,41301697,0.0933077044597761,0.186615408919552,58360,87007,93179,6173,10
"chr1",109618380,109619866,0.0932510990674513,0.186502198134903,4397,159976,162144,2169,27
"chr18",61333269,61333364,0.0932402429523267,0.186480485904653,41202,134474,258026,123553,6
"chr2",236580889,236581277,-0.0932015925029575,0.186403185005915,52713,32689,39256,6568,4
"chr1",160261795,160262380,-0.0931975789615639,0.186395157923128,6058,95256,95953,698,21
"chr1",150579876,150580195,0.0931742010841581,0.186348402168316,5045,152505,156070,3566,19
"chr17",45135525,45136062,0.0931588220152953,0.186317644030591,37821,198180,198564,385,12
"chr6",72621595,72621924,0.0931382796424946,0.186276559284989,73948,63934,85513,21580,10
"chr2",96305685,96305697,0.0931308459033108,0.186261691806622,49518,146129,158035,11907,12
"chr14",39102640,39103285,0.093111516963354,0.186223033926708,25439,208554,223420,14867,13
"chr12",49347057,49347381,0.093106138949262,0.186212277898524,19616,96329,98868,2540,15
"chr8",100105721,100106149,0.0620705936027688,0.186211780808306,82291,16433,77552,61120,15
"chr3",143972883,143972936,0.0931047560149508,0.186209512029902,62778,271860,278830,6971,26
"chr8",143716161,143716307,-0.0930502133854909,0.186100426770982,83212,40395,41158,764,9
"chr19",12333670,12333727,0.0930383374063233,0.186076674812647,43184,96418,97738,1321,10
"chr1",201283325,201283696,0.0930342469373127,0.186068493874625,7136,1570,70471,68902,10
"chr2",189783905,189784579,0.0930228472343856,0.186045694468771,51330,158180,160794,2615,21
"chr1",149885636,149885941,0.0930146718260765,0.186029343652153,4974,100578,141177,40600,8
"chr14",57866012,57866033,-0.0930021836346056,0.186004367269211,25744,15133,53534,38402,13
"chr20",51023036,51023606,0.0929978878356838,0.185995775671368,55060,59253,198168,138916,3
"chr13",110493236,110493245,0.0929842600880781,0.185968520176156,24467,206174,207635,1462,4
"chr18",52339632,52339991,-0.0929403932120733,0.185880786424147,41045,201141,206374,5234,19
"chr3",39154408,39154668,-0.0929096986301573,0.185819397260315,59949,234529,235298,770,7
"chr11",66857382,66857419,0.0928818775246785,0.185763755049357,15605,47216,62497,15282,6
"chr17",7336399,7336502,0.0928482138165363,0.185696427633073,35511,195088,197431,2344,8
"chr4",118836065,118836466,0.0928124140995857,0.185624828199171,66341,91255,96484,5230,13
"chr6",37353373,37354046,0.0927831092813626,0.185566218562725,73118,130189,139576,9388,11
"chr1",46202800,46203210,-0.092775223792818,0.185550447585636,3070,146659,154345,7687,9
"chr20",56392274,56392478,0.0927304975020012,0.185460995004002,55145,201626,202046,421,16
"chr9",89604941,89606461,-0.0926845454408786,0.185369090881757,84606,78318,85146,6829,17
"chr1",45688040,45688249,0.0926542537228022,0.185308507445604,3041,163787,166563,2777,17
"chr4",3206912,3206951,0.092653290673347,0.185306581346694,64417,151888,153024,1137,6
"chr3",195907973,195910023,-0.0617436179213923,0.185230853764177,63995,127867,166045,38179,14
"chr12",9869836,9870083,0.0926102922432867,0.185220584486573,18617,86074,96364,10291,10
"chr3",107522789,107522891,0.0926015741479159,0.185203148295832,61653,96846,142158,45313,10
"chr12",25195106,25195714,0.0925358422098269,0.185071684419654,19077,192452,198996,6545,16
"chr4",176065182,176066023,-0.0616878136860822,0.185063441058247,67097,1351,29706,28356,12
"chr15",75843788,75844096,0.0925232557483947,0.185046511496789,29802,121333,140702,19370,6
"chr6",30719596,30720165,0.0925024505815954,0.185004901163191,72370,168699,174101,5403,23
"chr12",4537866,4539108,0.0616603101558749,0.184980930467625,18221,88961,122701,33741,12
"chr2",27356135,27357216,0.0924889856345209,0.184977971269042,47987,247176,269248,22073,16
"chr6",31546830,31547621,0.0924888602863324,0.184977720572665,72490,161212,170212,9001,32
"chr1",15585718,15586339,0.0616465770876671,0.184939731263001,1045,160151,228595,68445,8
"chr17",55265142,55265922,0.061638169306884,0.184914507920652,38347,73683,80757,7075,13
"chr2",176188768,176189110,0.0924395968543985,0.184879193708797,51095,644,661,18,21
"chr17",82054531,82054673,0.0923802618661932,0.184760523732386,40064,52900,197803,144904,4
"chr16",69133004,69133061,-0.0923560258148885,0.184712051629777,33698,101097,193128,92032,19
"chr14",23469209,23469720,-0.0615683795125773,0.184705138537732,25070,7384,59466,52083,13
"chr11",13276668,13276749,0.0923483304141725,0.184696660828345,13595,114773,115254,482,10
"chr2",151409716,151409758,-0.0923235146344664,0.184647029268933,50565,94180,104672,10493,11
"chr12",9647850,9647959,0.0923052971987163,0.184610594397433,18603,193757,193779,23,12
"chr13",61415684,61415726,0.0922814790251051,0.18456295805021,23903,72686,73774,1089,15
"chr14",32938559,32939321,0.0922764629783,0.1845529259566,25339,89931,93825,3895,11
"chr2",240625056,240625196,0.0922349242679097,0.184469848535819,52917,270265,270704,440,8
"chr2",224038559,224039966,0.0614886023565414,0.184465807069624,52293,133482,152460,18979,14
"chr3",155854231,155854387,0.0922328731419638,0.184465746283928,63003,94252,138599,44348,15
"chr4",139557333,139557386,0.0922260295968575,0.184452059193715,66575,163011,220217,57207,11
"chr1",179954656,179954722,0.0922236182440326,0.184447236488065,6738,253795,262237,8443,11
"chr16",56865055,56865169,-0.0922125363244377,0.184425072648875,33176,201581,206013,4433,6
"chr13",106536662,106537053,0.0921871929985147,0.184374385997029,24395,284339,305645,21307,7
"chr15",56701032,56701175,0.0921676842351191,0.184335368470238,28963,253095,263182,10088,2
"chr1",225882697,225882956,-0.0921441297986468,0.184288259597294,8104,82906,95533,12628,11
"chr2",30447074,30447086,0.0921075196221763,0.184215039244353,48121,113057,124712,11656,12
"chr10",107165109,107165464,0.0920950584299967,0.184190116859993,11757,118551,122438,3888,15
"chr14",64294552,64294691,-0.0920839590224964,0.184167918044993,25951,273184,298783,25600,12
"chr6",26659922,26659973,0.0613841458063245,0.184152437418973,72010,123416,175188,51773,10
"chr7",148940944,148941010,0.0920565021672909,0.184113004334582,79795,117204,126624,9421,6
"chr16",4253663,4253800,0.0920037605945992,0.184007521189198,31550,203571,265002,61432,7
"chr17",782137,782209,0.0919894131164999,0.183978826233,34836,57879,101930,44052,19
"chr7",27662977,27663166,0.0919881165185431,0.183976233037086,76846,86536,94159,7624,10
"chr6",135851677,135851947,-0.0919828063163877,0.183965612632775,75026,97798,105890,8093,10
"chr6",26537508,26537724,0.0919787878272769,0.183957575654554,72001,88159,118145,29987,14
"chr21",44801684,44802040,-0.0613094251447921,0.183928275434376,56579,68441,93898,25458,15
"chr21",39312805,39314259,0.0919488035002309,0.183897607000462,56254,91395,97724,6330,15
"chr6",13295329,13296526,0.0612780533035816,0.183834159910745,71718,127721,214656,86936,11
"chr5",132293376,132294694,0.061267745981473,0.183803237944419,69492,161248,165423,4176,14
"chr7",150372488,150372801,0.0918960183990877,0.183792036798175,79910,45223,164613,119391,5
"chr7",129433948,129434234,0.0918893819177661,0.183778763835532,79250,242267,264273,22007,8
"chr22",42614435,42615084,-0.0918843766455939,0.183768753291188,58506,202087,205519,3433,14
"chr21",44920990,44921474,0.0918504029890803,0.183700805978161,56591,129714,140350,10637,12
"chr10",67696549,67696909,0.0918498918282672,0.183699783656534,10222,99882,186311,86430,4
"chr2",99336553,99337028,0.0918482806981641,0.183696561396328,49660,144068,147150,3083,14
"chr4",98657747,98658097,-0.0918003943462757,0.183600788692551,66027,96084,112587,16504,11
"chr20",49188424,49188601,0.0611874879687427,0.183562463906228,54956,94081,203745,109665,8
"chr20",1392949,1393351,0.0917645899005928,0.183529179801186,53211,102786,139061,36276,12
"chr12",100473933,100473948,0.0917132827530075,0.183426565506015,21367,139027,253319,114293,7
"chr17",81871087,81872083,0.0917068828609799,0.18341376572196,40007,68875,76216,7342,13
"chr5",141968637,141968687,-0.0916997387867096,0.183399477573419,70133,104453,115922,11470,14
"chr19",571107,571204,-0.0915620563892039,0.183124112778408,41540,95327,117209,21883,15
"chr1",26900087,26900489,0.0915287860889719,0.183057572177944,1863,90431,150942,60512,10
"chr6",37170462,37171346,-0.0915244180626152,0.18304883612523,73108,190643,301349,110707,19
"chr17",48729083,48729401,0.0610119676437229,0.183035902931169,38051,197027,206728,9702,15
"chr9",34377070,34377428,-0.0914902034475678,0.182980406895136,84007,187558,228424,40867,9
"chr22",37953712,37953714,-0.0914728195627368,0.182945639125474,58053,4830,5220,391,22
"chr3",49094091,49094341,0.0914380839998305,0.182876167999661,60514,138839,139444,606,18
"chr16",89922707,89922880,0.091437627970628,0.182875255941256,34764,193972,205947,11976,8
"chr19",6393393,6393766,-0.0914320724010203,0.182864144802041,42438,249377,269108,19732,16
"chr9",83063006,83063308,0.0609430017963574,0.182829005389072,84470,27585,67276,39692,12
"chr11",75768782,75768821,-0.091404374401588,0.182808748803176,16242,3856,21224,17369,12
"chr1",201647928,201648719,0.0914004703774157,0.182800940754831,7164,17538,33483,15946,11
"chr17",17816499,17816959,-0.0913976970649812,0.182795394129962,36122,57998,132554,74557,2
"chr21",33028351,33028893,0.060928627393375,0.182785882180125,56007,206681,298957,92277,9
"chr18",657219,657449,0.091374434480332,0.182748868960664,40237,270834,297907,27074,18
"chr6",73369962,73369996,0.0913627676065009,0.182725535213002,73968,167102,176253,9152,11
"chr1",32650688,32651431,0.0913444103086209,0.182688820617242,2213,150994,155394,4401,19
"chr11",10307364,10308140,-0.0913363309469427,0.182672661893885,13496,44084,45879,1796,9
"chr11",35419713,35420678,0.0608738916316381,0.182621674894914,14084,124066,190417,66352,20
"chr19",36418704,36419214,0.0913095417594183,0.182619083518837,44632,209215,297178,87964,7
"chr2",190534611,190535154,0.0913009730503305,0.182601946100661,51359,16796,106589,89794,6
"chr17",68290157,68290230,0.0912968305753235,0.182593661150647,38902,206361,207933,1573,15
"chr5",150758722,150758968,0.0912762977202187,0.182552595440437,70426,135264,137970,2707,19
"chr2",99181026,99181037,0.0912651704333001,0.1825303408666,49650,142143,145055,2913,16
"chr1",219928386,219928678,-0.0912600309740333,0.182520061948067,7927,26367,67920,41554,18
"chr1",40515128,40515148,-0.0912468594921717,0.182493718984343,2683,243423,276059,32637,4
"chr11",57427022,57428067,-0.0912339262203951,0.18246785244079,14556,48947,98987,50041,13
"chr7",27739029,27739523,-0.0608224530528753,0.182467359158626,76849,252322,282982,30661,17
"chr16",55324505,55324546,-0.0911968360878108,0.182393672175622,33078,52321,59880,7560,14
"chr14",52729659,52729812,0.0911951892711738,0.182390378542348,25647,196556,209136,12581,9
"chr5",96807889,96808179,0.0911677912303328,0.182335582460666,69032,71023,77961,6939,12
"chr11",103109134,103109637,0.0911621987953307,0.182324397590661,16734,185757,214167,28411,13
"chr1",34930062,34930236,0.0911619551556424,0.182323910311285,2335,158252,160247,1996,3
"chr14",105490933,105491011,0.0911386148377699,0.18227722967554,27704,250938,303344,52407,10
"chr6",134175731,134176109,-0.0911082132460111,0.182216426492022,74981,167200,171829,4630,10
"chr12",9064794,9064933,0.0911055813794572,0.182211162758914,18574,17101,51444,34344,9
"chr12",10130203,10130966,0.0910753157985058,0.182150631597012,18643,236014,253938,17925,6
"chr7",156640975,156641953,-0.0910527998193912,0.182105599638782,80208,175350,176014,665,16
"chr13",43878262,43879709,0.0910464577649694,0.182092915529939,23537,140005,192726,52722,20
"chr19",1438101,1438439,0.0910313974760186,0.182062794952037,41756,6150,54227,48078,10
"chr6",12012311,12012321,-0.0910245489922444,0.182049097984489,71694,180814,192204,11391,14
"chr1",159924412,159925310,-0.0910126883542443,0.182025376708489,6002,230000,239209,9210,24
"chr4",155208017,155208710,0.090988237987358,0.181976475974716,66864,161571,165961,4391,13
"chr7",76047378,76048513,0.0909576706370924,0.181915341274185,77816,255802,282097,26296,22
"chr8",119638829,119639412,-0.0909511185338734,0.181902237067747,82567,89440,96664,7225,10
"chr14",75278317,75278815,-0.0909509819753314,0.181901963950663,26451,258371,295151,36781,11
"chr21",41711736,41711921,-0.0909475979449871,0.181895195889974,56344,301727,305981,4255,3
"chr7",108885446,108885748,0.0909190651021997,0.181838130204399,78864,233850,247703,13854,4
"chr7",138664250,138664411,0.0909125095386291,0.181825019077258,79480,18427,60109,41683,6
"chr14",31561263,31561480,0.0909034938495754,0.181806987699151,25320,283733,298324,14592,12
"chr20",18567118,18567247,0.0908773306615328,0.181754661323066,53677,296055,297617,1563,12
"chr1",156705596,156705693,0.0908299289556584,0.181659857911317,5789,116393,143735,27343,13
"chr11",65859388,65860347,0.0908180724520675,0.181636144904135,15428,249950,254389,4440,27
"chr16",31135856,31135878,-0.0908059173245523,0.181611834649105,32758,111008,200419,89412,11
"chr5",95731112,95732388,0.0907943942303471,0.181588788460694,68999,85307,86923,1617,18
"chr3",197950173,197950462,0.0907770545706063,0.181554109141213,64123,152338,160382,8045,13
"chr17",81126487,81126882,-0.0907768455762576,0.181553691152515,39877,295395,298051,2657,16
"chr2",210225393,210225447,-0.0907682578554072,0.181536515710814,51833,31956,100676,68721,9
"chr19",47429362,47429453,0.0907613447041322,0.181522689408264,45850,4106,12207,8102,2
"chr2",27118777,27118912,0.0907456338899963,0.181491267779993,47935,3871,10598,6728,11
"chr19",51354844,51355022,-0.0604665949873718,0.181399784962115,46448,244475,294814,50340,3
"chr6",127459430,127460153,0.0906815911995517,0.181363182399103,74832,179728,231316,51589,5
"chr18",74147626,74148452,-0.0906777147053124,0.181355429410625,41347,84215,88464,4250,16
"chr20",2841295,2841325,-0.0906711160579459,0.181342232115892,53288,113316,121032,7717,26
"chr8",28386596,28386753,-0.0906705270789083,0.181341054157817,81067,97127,113169,16043,12
"chr20",34112451,34112462,0.0906484042030245,0.181296808406049,54141,53702,55336,1635,10
"chr1",94237542,94237784,-0.0906282720222403,0.181256544044481,4129,69191,87549,18359,9
"chr11",62338148,62338163,0.0603918334653041,0.181175500395912,14917,171090,257479,86390,3
"chr3",73624742,73625015,0.0905831379984852,0.18116627599697,61399,18726,33147,14422,17
"chr5",139847733,139848657,0.0905819212062241,0.181163842412448,69849,117885,121830,3946,8
"chr16",50229432,50229449,-0.0905805714711241,0.181161142942248,32956,231567,280607,49041,2
"chr6",151690264,151690521,0.0905732443003436,0.181146488600687,75399,122501,172792,50292,8
"chr11",31509953,31510212,0.0905681685088236,0.181136337017647,13937,192033,231007,38975,16
"chr21",30501798,30502184,-0.0905278649496893,0.181055729899379,55903,136934,205154,68221,4
"chr7",139778032,139778160,0.0905196469361053,0.181039293872211,79540,28361,28680,320,10
"chr18",6510905,6510912,0.0905166708282002,0.1810333416564,40354,244781,256650,11870,5
"chr16",4847377,4848368,-0.0603396587476115,0.181018976242834,31640,76941,122910,45970,12
"chr14",103123411,103123778,-0.090503912700224,0.181007825400448,27452,70070,105595,35526,7
"chr20",3407615,3407840,0.0904979050918825,0.180995810183765,53348,65910,77919,12010,9
"chr16",31094994,31096049,0.0904816815453143,0.180963363090629,32749,112229,114760,2532,15
"chr8",71842401,71845221,0.0904797136392445,0.180959427278489,81868,125318,135196,9879,35
"chr16",28491909,28491985,-0.090473235159878,0.180946470319756,32424,244073,248869,4797,13
"chr21",36697650,36698766,0.0603013535364872,0.180904060609462,56159,207940,294479,86540,22
"chr11",111601906,111602017,0.0904394450352929,0.180878890070586,16906,101900,170421,68522,7
"chr2",218959329,218960578,0.09032801905628,0.18065603811256,52092,5469,13850,8382,23
"chr9",107489425,107489919,-0.0903200038116028,0.180640007623206,85099,83176,99154,15979,12
"chr10",100188998,100189229,-0.0902952136499876,0.180590427299975,11383,242444,256495,14052,2
"chr6",109009708,109009711,-0.0902889931570993,0.180577986314199,74455,114718,132625,17908,15
"chr1",53889837,53890587,-0.0601677203571093,0.180503161071328,3355,162272,225311,63040,11
"chr10",10795855,10796125,-0.0902374173779986,0.180474834755997,9178,182261,241786,59526,4
"chr16",30064723,30065870,-0.0902104075536973,0.180420815107395,32582,198608,201457,2850,24
"chr15",49422177,49422652,-0.0901969090148582,0.180393818029716,28759,251215,270187,18973,8
"chr6",31739734,31739812,0.0901957832040527,0.180391566408105,72563,167278,169730,2453,34
"chr10",70146606,70146835,0.0901897292793086,0.180379458558617,10364,22365,49164,26800,12
"chr10",61902301,61902401,-0.0901879404922619,0.180375880984524,10163,167359,168647,1289,3
"chr19",38335586,38335677,-0.0901689943451688,0.180337988690338,44736,199340,263050,63711,10
"chr6",142088802,142089042,-0.0901614407875349,0.18032288157507,75158,132275,169537,37263,13
"chr5",73120441,73120642,0.0901606795103025,0.180321359020605,68607,28449,31898,3450,15
"chr15",101065654,101066641,-0.090156879779201,0.180313759558402,30695,54307,55972,1666,6
"chr17",4584723,4584940,-0.0901426632759821,0.180285326551964,35205,12042,58412,46371,12
"chr16",72665165,72665319,0.090135187577019,0.180270375154038,33931,138585,230730,92146,12
"chr18",75210739,75211302,0.0901246723226384,0.180249344645277,41378,296143,299220,3078,5
"chr1",45012139,45012162,0.0901204134657001,0.1802408269314,2997,115540,137709,22170,10
"chr11",43311751,43311777,-0.0901178292494295,0.180235658498859,14138,94788,171763,76976,9
"chr13",80341312,80341330,0.0900840210730002,0.180168042146,24084,78921,98768,19848,17
"chr6",26272868,26273328,0.0900641197696178,0.180128239539236,71975,180692,181419,728,19
"chr8",104223157,104223218,-0.0900488031889975,0.180097606377995,82406,69055,103616,34562,8
"chr11",124673629,124674084,0.0600306941044209,0.180092082313263,17617,45235,175830,130596,11
"chr17",28599493,28599823,0.090043173164147,0.180086346328294,36433,203783,204984,1202,17
"chr1",247842413,247842421,-0.0900310402449098,0.18006208048982,8803,266527,309577,43051,8
"chr10",27999070,27999720,-0.060016717243791,0.180050151731373,9589,45424,70466,25043,10
"chr2",157629014,157629068,0.0899682370482377,0.179936474096475,50642,147514,151990,4477,10
"chr3",47380928,47381147,0.0899470268714729,0.179894053742946,60328,156829,263263,106435,13
"chr3",197960082,197960139,0.089896562307408,0.179793124614816,64125,63904,67013,3110,17
"chr3",53347778,53347838,0.0898951126085882,0.179790225217176,60994,31961,96565,64605,8
"chr19",42199611,42199611,0.0898585756878017,0.179717151375603,45260,297727,302767,5041,5
"chr2",175181775,175181833,0.0898382126477555,0.179676425295511,51052,155412,160545,5134,9
"chr10",103367858,103367875,0.0898309472770744,0.179661894554149,11638,101294,185088,83795,7
"chr22",19171223,19171359,-0.0898242645778652,0.17964852915573,56899,62325,198448,136124,2
"chr6",33165708,33165754,-0.0598824903236876,0.179647470971063,72786,33949,50790,16842,8
"chr6",30907975,30908066,0.0898139531592669,0.179627906318534,72398,45455,46863,1409,14
"chr2",206765573,206765667,0.089810425887464,0.179620851774928,51739,236798,241891,5094,17
"chr2",156332729,156333156,0.0897515567996274,0.179503113599255,50622,148769,151788,3020,12
"chr12",96400746,96400833,0.0897423230718208,0.179484646143642,21290,254307,296648,42342,6
"chr2",202375968,202377147,-0.0897004509009096,0.179400901801819,51642,97220,97412,193,17
"chr15",91022550,91023116,-0.0896915106432184,0.179383021286437,30471,203801,204034,234,13
"chr1",43454385,43454546,-0.0896628532091871,0.179325706418374,2867,109969,111515,1547,19
"chr3",114056386,114056931,0.0896548477293985,0.179309695458797,61825,38044,88948,50905,13
"chr20",21302550,21303301,0.0597542687540782,0.179262806262234,53736,102288,138381,36094,13
"chr4",2067956,2068023,-0.0896068784393002,0.1792137568786,64342,112374,150670,38297,2
"chr16",2090691,2092061,-0.0597159358696418,0.179147807608925,31187,200222,257491,57270,12
"chr16",75647679,75648745,0.0895496570611863,0.179099314122373,34051,98178,104189,6012,21
"chr4",61200657,61201471,-0.0895279050486003,0.179055810097201,65429,124470,139875,15406,12
"chr22",20320186,20320201,-0.0894928366316443,0.178985673263289,56998,96872,255830,158959,5
"chr11",83193024,83193517,0.0894657495558208,0.178931499111642,16423,216032,239691,23660,23
"chr17",31357001,31357308,-0.089453398485106,0.178906796970212,36640,303164,305321,2158,3
"chr1",193121673,193121911,-0.059629648355312,0.178888945065936,6991,140491,156730,16240,11
"chr12",57216564,57216903,-0.0596238922453405,0.178871676736021,20513,7304,47001,39698,7
"chr20",16729973,16729976,0.089397168913201,0.178794337826402,53622,12605,56064,43460,12
"chr14",24094201,24094369,0.0595968315976167,0.17879049479285,25129,77656,102755,25100,13
"chr3",55488583,55488603,-0.0893342807916271,0.178668561583254,61038,143658,145395,1738,18
"chr16",14630139,14630366,0.0893279464556617,0.178655892911323,31940,60227,118402,58176,7
"chr6",29553368,29553918,0.089318309016363,0.178636618032726,72182,9490,10073,584,26
"chr2",174334918,174335013,-0.089301271795082,0.178602543590164,51020,864,11519,10656,15
"chr19",36014403,36014997,0.089278928859583,0.178557857719166,44595,193435,198085,4651,17
"chr15",22838385,22838881,0.089228530159858,0.178457060319716,27735,87756,95674,7919,11
"chr6",136551185,136551264,0.0892108319819069,0.178421663963814,75044,126131,173878,47748,14
"chr16",4475917,4476764,-0.0594714017428427,0.178414205228528,31587,73426,77249,3824,14
"chr14",100149264,100149593,-0.0892012657385396,0.178402531477079,27176,53330,279902,226573,3
"chr2",233014004,233014335,-0.0891995278238383,0.178399055647677,52570,12374,88715,76342,4
"chr7",100585994,100586287,0.0891964983631565,0.178392996726313,78464,4362,12443,8082,19
"chr11",624908,625052,-0.0891876984727766,0.178375396945553,12683,43352,47714,4363,7
"chr5",83077048,83077403,0.0891859659505899,0.17837193190118,68851,39846,97893,58048,20
"chr1",43357881,43358363,0.0891561493277808,0.178312298655562,2841,221362,287954,66593,12
"chr10",102393994,102394443,0.0891487425680092,0.178297485136018,11548,184437,240521,56085,26
"chr14",20413415,20413962,0.0891337804261468,0.178267560852294,24801,199281,226190,26910,11
"chr8",136529724,136529945,-0.0891310542811552,0.17826210856231,82905,220958,237028,16071,2
"chr19",3801876,3801924,0.0891110641345417,0.178222128269083,42130,197361,201305,3945,7
"chr22",31753470,31753747,-0.0891060460579013,0.178212092115803,57733,270437,292197,21761,10
"chr13",112968394,112968429,0.0891048276319363,0.178209655263873,24580,196185,218842,22658,12
"chr15",48963060,48963258,0.0891024829199226,0.178204965839845,28747,132483,203510,71028,16
"chr10",102120479,102121311,0.0890908039257879,0.178181607851576,11524,139672,168042,28371,22
"chr10",26437908,26438020,0.0593647405948784,0.178094221784635,9547,225539,236800,11262,16
"chr11",60971523,60971533,0.0890437122339247,0.178087424467849,14785,170272,176445,6174,9
"chr11",100687005,100687223,0.0889757446982469,0.177951489396494,16650,130905,167109,36205,11
"chr2",170770502,170770648,-0.0889525622162016,0.177905124432403,50904,107767,109877,2111,19
"chr19",50818313,50818524,-0.0889345848419632,0.177869169683926,46360,109266,120025,10760,6
"chr11",2140226,2141248,0.0889123444184497,0.177824688836899,12917,173889,174098,210,56
"chr19",45639115,45639474,-0.08891004002661,0.17782008005322,45638,239281,267214,27934,16
"chr8",41310667,41310817,0.088908516754702,0.177817033509404,81357,173554,174056,503,22
"chr2",173354481,173354774,0.0889057553462613,0.177811510692523,51001,86026,166704,80679,8
"chr2",135531129,135531247,0.0889035726798051,0.17780714535961,50429,152802,153672,871,21
"chr9",20622996,20623393,0.0888880936847565,0.177776187369513,83789,179490,213985,34496,17
"chr13",29850016,29850962,-0.059257626562458,0.177772879687374,23243,101640,280697,179058,12
"chr5",136132661,136132666,0.0888652780364626,0.177730556072925,69667,161303,242129,80827,12
"chr15",45167555,45168058,-0.0888582357137174,0.177716471427435,28667,66466,271798,205333,6
"chr2",74002648,74002697,0.0888504321059397,0.177700864211879,49116,20192,25394,5203,3
"chr8",69448253,69448773,-0.0887751017378144,0.177550203475629,81821,234368,254993,20626,5
"chr15",64151693,64151771,-0.0887715508977299,0.17754310179546,29192,76552,76871,320,10
"chr17",18855132,18855240,0.0887335415621005,0.177467083124201,36210,230640,255703,25064,3
"chr4",2417724,2419452,-0.0591540834465831,0.177462250339749,64366,162943,257180,94238,15
"chr8",27311564,27311645,0.0887109803730023,0.177421960746005,81000,179006,181550,2545,15
"chr4",146946006,146946344,0.059126013399296,0.177378040197888,66701,154591,223283,68693,8
"chr3",120742502,120742947,0.0886871296322426,0.177374259264485,61967,156871,163270,6400,17
"chr13",99200596,99200611,0.088679646245544,0.177359292491088,24244,254730,265519,10790,22
"chr2",227718100,227718104,-0.0886635284022662,0.177327056804532,52367,103505,157136,53632,9
"chr3",184262106,184262775,0.0886612395031303,0.177322479006261,63545,65492,97598,32107,7
"chr10",101067386,101067975,0.0590940052678965,0.17728201580369,11467,168289,172281,3993,3
"chr16",67159288,67159998,0.0886268773989865,0.177253754797973,33469,140799,199807,59009,14
"chr7",100173885,100173960,-0.0886078265753515,0.177215653150703,78400,108867,182008,73142,2
"chr12",64404188,64404248,0.0590686739820775,0.177206021946233,20712,64235,177655,113421,8
"chr21",34513057,34513469,-0.0885685099026455,0.177137019805291,56085,101817,228542,126726,6
"chr12",132045369,132045867,0.0885611204358025,0.177122240871605,22767,15760,42347,26588,5
"chr1",100265978,100266077,-0.0885575769731525,0.177115153946305,4224,101078,109527,8450,13
"chr12",65827887,65828009,-0.0885305187004929,0.177061037400986,20765,191947,219411,27465,3
"chr19",57746234,57746734,-0.0885182317921915,0.177036463584383,47148,242417,268807,26391,10
"chr1",24413368,24413867,0.0885116417106242,0.177023283421248,1663,68314,143716,75403,9
"chr4",6690686,6690693,0.0884769754804707,0.176953950960941,64570,242041,244846,2806,6
"chr16",82170567,82170786,-0.0884418251948863,0.176883650389773,34217,90796,201213,110418,8
"chr15",89362046,89362073,0.0884324790320608,0.176864958064122,30309,124695,208167,83473,9
"chr12",4272282,4273259,0.0884269971047012,0.176853994209402,18200,201273,209602,8330,37
"chr5",95554983,95555464,-0.0884123466598499,0.1768246933197,68990,154863,154894,32,17
"chr7",120988059,120988820,0.0884045998180312,0.176809199636062,79012,121334,124484,3151,17
"chr15",62066808,62067076,0.0883346663354603,0.176669332670921,29090,212813,236531,23719,9
"chr2",47570349,47571117,-0.0588839072438713,0.176651721731614,48551,9845,13224,3380,14
"chr12",51047914,51048361,0.0883205134667185,0.176641026933437,19760,192096,194880,2785,13
"chr19",56839954,56841174,-0.0588788595507971,0.176636578652391,47066,55422,73162,17741,25
"chr8",98426396,98426740,0.0588751376683075,0.176625413004923,82264,49504,188499,138996,5
"chr7",54330064,54330066,-0.0882868610989332,0.176573722197866,77434,227644,260254,32611,3
"chr10",45595051,45595074,-0.0882795925515092,0.176559185103018,9909,187813,191728,3916,13
"chr3",138835135,138835176,0.0882319600857667,0.176463920171533,62635,64487,142332,77846,6
"chr16",179996,180197,0.0882014211603037,0.176402842320607,30760,63724,67142,3419,9
"chr9",21975085,21975498,-0.0881998876507172,0.176399775301434,83841,84081,125218,41138,14
"chr1",228457216,228457416,-0.0881959909455528,0.176391981891106,8294,147957,148477,521,18
"chr7",26152116,26152579,0.0881609752735081,0.176321950547016,76764,69164,89591,20428,9
"chr3",46407429,46407472,-0.0881557835096065,0.176311567019213,60234,5670,31347,25678,18
"chr12",21657857,21658119,0.0881279981853776,0.176255996370755,19017,114580,124727,10148,17
"chr13",45463869,45464838,0.0587479881921801,0.17624396457654,23588,199553,256482,56930,11
"chr3",62374487,62374565,0.0881055030209783,0.176211006041957,61201,149127,154242,5116,13
"chr14",70359621,70359755,0.0880714061017341,0.176142812203468,26177,204705,206680,1976,12
"chr6",135851415,135851809,0.0880569512229631,0.176113902445926,75026,185711,187590,1880,10
"chr12",132986003,132986866,0.0880180315459385,0.176036063091877,22890,183475,188807,5333,16
"chr10",103153683,103153969,-0.0880089121189425,0.176017824237885,11626,237328,263378,26051,3
"chr18",3251479,3251636,0.0880005918992384,0.176001183798477,40291,226753,250452,23700,3
"chr2",99154438,99154768,0.08798498558936,0.17596997117872,49645,249116,286738,37623,18
"chr19",45405866,45406600,-0.0879804368214492,0.175960873642898,45602,86630,94913,8284,17
"chr5",32313175,32313362,0.0879779238469049,0.17595584769381,67900,82823,124283,41461,12
"chr4",164956939,164957067,-0.0879486470702277,0.175897294140455,66968,5880,9397,3518,8
"chr8",33513119,33513384,0.0879268135232771,0.175853627046554,81184,172258,178212,5955,19
"chr2",160062523,160062636,-0.0878830215775309,0.175766043155062,50700,21311,28129,6819,14
"chr5",134005140,134005592,0.0878608003487906,0.175721600697581,69567,242428,255144,12717,14
"chr19",38211354,38211354,-0.0878372671006506,0.175674534201301,44718,59634,79948,20315,2
"chr6",29553361,29553495,0.087809315184622,0.175618630369244,72182,48594,49704,1111,26
"chr6",42784431,42784620,-0.0878065875344633,0.175613175068927,73357,308824,311442,2619,3
"chr5",81751365,81751369,0.087801373478931,0.175602746957862,68837,101342,113707,12366,9
"chr6",28995686,28996472,-0.0877839580854593,0.175567916170919,72147,115632,121354,5723,14
"chr19",43820749,43820793,0.0877635425741029,0.175527085148206,45430,11772,18423,6652,12
"chr9",137114543,137114943,-0.0877577109864678,0.175515421972936,86697,6687,18892,12206,8
"chr10",99532905,99533332,0.0876864305727883,0.175372861145577,11343,179703,187632,7930,11
"chr5",16936363,16936990,0.0876234585214027,0.175246917042805,67803,165427,290025,124599,12
"chr20",1946900,1946914,0.0875885881928898,0.17517717638578,53239,119031,123042,4012,6
"chr14",99271580,99271669,0.0875817829281188,0.175163565856238,27131,123109,195512,72404,15
"chr17",81926949,81927771,0.0875178761464242,0.175035752292848,40027,195067,197996,2930,16
"chr16",67561800,67561966,0.0875036816942723,0.175007363388545,33546,86720,210880,124161,8
"chr12",130839385,130839661,0.0874924219831403,0.174984843966281,22695,119561,173727,54167,7
"chr8",102864845,102865137,-0.0874699152427134,0.174939830485427,82377,183720,219250,35531,16
"chr9",128771518,128772187,0.0874512038506051,0.17490240770121,85901,87334,88157,824,14
"chr5",138352024,138352401,0.0582963166264883,0.174888949879465,69752,110791,165461,54671,11
"chr2",18560777,18561184,0.0874376485159289,0.174875297031858,47660,145724,150929,5206,11
"chr1",40508619,40508780,0.0874355891677305,0.174871178335461,2682,264426,275313,10888,15
"chr16",66844782,66844784,0.0874179419053716,0.174835883810743,33421,194946,201054,6109,16
"chr4",781431,781859,0.0874092367925372,0.174818473585074,64191,141633,142761,1129,8
"chr4",129093282,129093957,0.0874080836964689,0.174816167392938,66502,163167,222926,59760,12
"chr3",9249528,9249650,0.0874021782614128,0.174804356522826,59125,90421,92393,1973,18
"chr8",109539567,109540565,-0.0874006483902566,0.174801296780513,82467,177057,178771,1715,23
"chr1",248847147,248847249,0.0873933631173198,0.17478672623464,8855,256580,257562,983,6
"chr11",64245983,64246365,0.0873911868380289,0.174782373676058,15110,184386,242972,58587,7
"chr11",119334166,119334663,0.0873903668364228,0.174780733672846,17385,92709,97508,4800,11
"chr18",34222448,34222581,-0.0873581571263186,0.174716314252637,40751,276979,279978,3000,10
"chr4",163332786,163332955,0.0873222698022102,0.17464453960442,66947,119902,120282,381,14
"chr12",25251380,25251510,0.0873219138381111,0.174643827676222,19081,196633,201134,4502,22
"chr8",115668900,115669593,0.0873191359454303,0.174638271890861,82505,212355,225481,13127,17
"chr2",170715023,170715989,0.0872650216803843,0.174530043360769,50901,166321,166693,373,26
"chr7",99558269,99558739,0.0872545909948018,0.174509181989604,78322,26473,43436,16964,19
"chr1",45521845,45523996,0.0872334041816733,0.174466808363347,3025,165204,219530,54327,18
"chr7",116524713,116526475,0.0872005952764568,0.174401190552914,78936,87202,89572,2371,35
"chr13",114234693,114235038,0.0871980361202015,0.174396072240403,24742,70873,73168,2296,12
"chr6",32178016,32178053,0.0871806349150876,0.174361269830175,72669,81971,93101,11131,44
"chr8",144529154,144529437,0.0871786971373733,0.174357394274747,83424,168923,172562,3640,15
"chr8",73747727,73748094,0.0871658251949858,0.174331650389972,81898,221822,258098,36277,14
"chr5",128538085,128538180,-0.0871528125758106,0.174305625151621,69429,10037,10337,301,17
"chr12",123151223,123152001,-0.0580878672428506,0.174263601728552,22446,16194,174760,158567,8
"chr11",63671480,63671862,-0.0871243124612447,0.174248624922489,15054,127006,140616,13611,20
"chr20",40688075,40689797,0.0871154551144872,0.174230910228974,54496,211445,288414,76970,15
"chr19",38316206,38316234,0.0870821990369758,0.174164398073952,44732,84012,93011,9000,15
"chr14",24307423,24307494,-0.087049736652179,0.174099473304358,25200,202014,243183,41170,3
"chr19",8578853,8578914,-0.0870323210187792,0.174064642037558,42742,206147,213395,7249,4
"chr19",2858946,2859108,-0.0870281568023755,0.174056313604751,41982,4953,73645,68693,4
"chr17",28599609,28599850,-0.0870219066497086,0.174043813299417,36433,99682,119167,19486,17
"chr6",10419652,10420565,0.0870185700171977,0.174037140034395,71638,15482,16863,1382,16
"chr6",33299615,33299795,0.0870104147409678,0.174020829481936,72828,186131,188407,2277,42
"chr18",79952060,79952348,0.0869904850423659,0.173980970084732,41475,202254,260581,58328,7
"chr16",30874696,30874809,0.0869900867997762,0.173980173599552,32706,291666,297174,5509,14
"chr19",49581147,49581158,-0.0869776470121001,0.1739552940242,46168,67899,69709,1811,14
"chr19",6736781,6736968,0.086970831745737,0.173941663491474,42484,248949,251469,2521,29
"chr12",6199859,6200351,0.0869541248149706,0.173908249629941,18271,182136,214585,32450,10
"chr13",24270104,24270800,-0.0869303842501429,0.173860768500286,23059,81286,117109,35824,11
"chr3",51392597,51392609,-0.0869205678420467,0.173841135684093,60752,247588,252425,4838,8
"chr19",53787180,53787763,0.086911321697346,0.173822643394692,46699,207550,208245,696,13
"chr13",51221561,51222087,0.0579387954783578,0.173816386435073,23771,91745,214086,122342,9
"chr11",119102312,119102395,0.086878584763498,0.173757169526996,17332,168707,170098,1392,16
"chr16",46689241,46689292,0.0868780219018471,0.173756043803694,32854,295499,298632,3134,19
"chr4",152780033,152780178,0.0868653806499611,0.173730761299922,66794,97268,120626,23359,11
"chr2",214411033,214411059,-0.0868493085105889,0.173698617021178,51872,111833,124978,13146,11
"chr8",22995228,22995315,0.0868337316956289,0.173667463391258,80864,189151,221630,32480,6
"chr10",15096988,15097045,0.0868203723738576,0.173640744747715,9334,178879,184006,5128,20
"chr3",62374098,62374742,-0.0868166584383241,0.173633316876648,61201,141210,146383,5174,13
"chr19",9362922,9362998,-0.0868106081271731,0.173621216254346,42794,8296,11977,3682,8
"chr16",667621,668660,0.0867746164104988,0.173549232820998,30864,205442,211809,6368,16
"chr6",133240578,133240897,0.0867670345531465,0.173534069106293,74955,186209,195252,9044,33
"chr20",2652072,2653043,0.0867550011976453,0.173510002395291,53269,199533,240031,40499,15
"chr11",45811052,45811245,-0.0867548548487545,0.173509709697509,14231,177892,193848,15957,6
"chr1",1919297,1919726,-0.0867466904955907,0.173493380991181,231,125296,128046,2751,23
"chr3",160226445,160226731,-0.0867432668175662,0.173486533635132,63113,122927,128956,6030,5
"chr19",58440067,58440305,-0.0867394960141766,0.173478992028353,47240,86388,103036,16649,12
"chr20",64077721,64077898,0.0867366879639813,0.173473375927963,55672,80837,264658,183822,4
"chr10",72215030,72216778,-0.0578243726238484,0.173473117871545,10495,215604,221857,6254,18
"chr13",67230505,67230522,-0.0867326089237935,0.173465217847587,23932,197717,204061,6345,13
"chr9",136367662,136367681,-0.0866743249473602,0.17334864989472,86500,187000,235407,48408,3
"chr14",23414983,23414987,0.0866670276527053,0.173334055305411,25062,230939,240958,10020,3
"chr15",55319226,55319292,0.0866319678612929,0.173263935722586,28923,126485,136099,9615,15
"chr18",25353089,25353189,-0.0866279789052801,0.17325595781056,40661,212721,223151,10431,7
"chr19",40413338,40413853,0.0866210159976298,0.17324203199526,45035,86736,100194,13459,4
"chr13",41961160,41961468,0.0577431136807299,0.17322934104219,23500,206907,227250,20344,12
"chr11",208423,208656,0.0577414374119174,0.173224312235752,12586,45525,47842,2318,13
"chr7",151876963,151877557,0.0866088617825219,0.173217723565044,80076,184139,185834,1696,23
"chr1",181033840,181033992,-0.0865995125402062,0.173199025080412,6784,104471,140072,35602,6
"chr11",66843249,66843276,0.0865679085964297,0.173135817192859,15596,43236,47618,4383,13
"chr4",69639858,69640247,0.0865505429591483,0.173101085918297,65501,258710,269876,11167,4
"chr16",4425554,4425931,0.0576933613948432,0.17308008418453,31578,87194,121298,34105,10
"chr10",21174483,21175367,-0.0865369112213914,0.173073822442783,9437,191402,309818,118417,15
"chr2",70086031,70087959,-0.0576759795218426,0.173027938565528,48963,100263,119309,19047,19
"chr13",95644454,95644725,0.0864801273367897,0.172960254673579,24169,55108,59042,3935,12
"chr19",12791317,12791639,-0.086457239057602,0.172914478115204,43249,58360,62114,3755,12
"chr3",179148024,179148907,0.0864103599092141,0.172820719818428,63336,118542,146280,27739,16
"chr9",74887713,74887763,0.0864037461036404,0.172807492207281,84398,276482,277860,1379,13
"chr5",123088364,123089390,0.0576018096923105,0.172805429076932,69353,16008,34646,18639,15
"chr7",130441398,130441611,0.086397062653057,0.172794125306114,79307,186728,226104,39377,15
"chr9",92140471,92140908,0.086388862483803,0.172777724967606,84643,133507,170829,37323,8
"chr12",14773383,14774360,-0.0863863772409256,0.172772754481851,18860,206131,206713,583,16
"chr5",149960295,149960714,-0.0575870938487609,0.172761281546283,70336,158498,162601,4104,13
"chr11",6320612,6321107,0.0863552691459503,0.172710538291901,13242,113916,124680,10765,15
"chr1",23177932,23177951,0.0863240358686045,0.172648071737209,1564,12456,30575,18120,6
"chr6",170295129,170295146,0.0862596887863822,0.172519377572764,75932,239462,247396,7935,8
"chr10",114821424,114822049,0.0862354771740832,0.172470954348166,11925,170105,186932,16828,9
"chr1",225924217,225924558,0.0862336950542844,0.172467390108569,8111,153913,248774,94862,11
"chr20",23350545,23350842,0.086229927104352,0.172459854208704,53787,213366,291705,78340,7
"chr2",172736422,172736685,-0.0861609645502503,0.172321929100501,50982,38114,107785,69672,8
"chr5",140174930,140174984,0.086148940538027,0.172297881076054,69867,141495,146265,4771,13
"chr1",160261622,160263267,0.0861371264435504,0.172274252887101,6058,268092,277118,9027,21
"chr15",90249068,90249485,-0.0861239238141989,0.172247847628398,30396,118890,195046,76157,9
"chr16",19521716,19522088,-0.0861142019582292,0.172228403916458,32080,73116,90193,17078,9
"chr15",95431716,95431981,-0.0861083136119758,0.172216627223952,30551,245816,246589,774,3
"chr1",92486960,92487722,-0.0861067707803598,0.17221354156072,4068,127204,141089,13886,26
"chr1",1059118,1059800,-0.0573835075198397,0.172150522559519,52,66667,158266,91600,7
"chr9",125261506,125261724,-0.0860623387457875,0.172124677491575,85636,184836,230517,45682,8
"chr7",100634049,100634293,-0.0860191681360825,0.172038336272165,78478,179922,220312,40391,9
"chr5",100903346,100903615,-0.0860064226837569,0.172012845367514,69091,143316,144638,1323,15
"chr1",201506823,201507162,-0.0859847829334141,0.171969565866828,7159,29097,39115,10019,23
"chr15",74022838,74023198,-0.0859810947321441,0.171962189464288,29646,123400,202451,79052,5
"chr12",104303446,104303609,-0.0859555033745488,0.171911006749098,21463,118196,134157,15962,14
"chr14",102363532,102363581,0.0859114064866169,0.171822812973234,27393,199705,211920,12216,16
"chr9",35603845,35605207,0.0858945607893492,0.171789121578698,84101,72161,81422,9262,10
"chr1",4772292,4772320,-0.0858705830472775,0.171741166094555,470,38741,146803,108063,3
"chr1",172532800,172533282,0.0858701057934537,0.171740211586907,6540,149264,155659,6396,18
"chr11",95232423,95232598,0.0858478620132312,0.171695724026462,16626,128854,133387,4534,13
"chr2",128028417,128028672,0.0858329260391222,0.171665852078244,50294,141919,151767,9849,15
"chr17",7688326,7688581,-0.08582092851356,0.17164185702712,35604,98569,113947,15379,8
"chr5",181246752,181246845,0.0858009100886373,0.171601820177275,71363,234001,273664,39664,11
"chr6",137493834,137494588,0.0857737472702891,0.171547494540578,75071,13522,14640,1119,13
"chr11",77474447,77474625,0.0857530902501439,0.171506180500288,16329,99978,171263,71286,8
"chr6",32838229,32838848,-0.0857523450816341,0.171504690163268,72740,48863,48926,64,33
"chr17",81035085,81035095,-0.0857368767443076,0.171473753488615,39863,25465,25592,128,15
"chr1",207052311,207053111,0.0857308001824093,0.171461600364819,7632,248914,251929,3016,31
"chr17",39152865,39152924,0.0857060877411212,0.171412175482242,37000,110980,205051,94072,4
"chr4",44678103,44678723,0.0571180566851738,0.171354170055522,65167,156576,280790,124215,10
"chr18",44680486,44680749,0.0856730952523669,0.171346190504734,40854,263552,292607,29056,17
"chr7",87934180,87934535,0.0856663362345098,0.17133267246902,77988,139719,190656,50938,13
"chr19",41226563,41226684,0.0856644886812265,0.171328977362453,45135,58136,112318,54183,12
"chr11",118530521,118531627,-0.0856640516462812,0.171328103292562,17257,99049,112339,13291,17
"chr12",48157608,48158079,-0.085662598720282,0.171325197440564,19465,190615,193759,3145,10
"chr17",68247449,68247977,0.0856416853809987,0.171283370761997,38898,197262,197805,544,12
"chr3",32685030,32685277,0.0856245588786449,0.17124911775729,59738,119056,137851,18796,12
"chr14",20989712,20989803,-0.0856225624045702,0.17124512480914,24850,124655,125024,370,14
"chr1",202348599,202349067,-0.0855985980065134,0.171197196013027,7244,159315,159766,452,12
"chr7",76358895,76359335,0.0855846995285415,0.171169399057083,77830,94119,95125,1007,11
"chr5",159330448,159331482,0.0855842607122136,0.171168521424427,70635,144158,144676,519,10
"chr10",1042746,1042752,-0.0855738416615372,0.171147683323074,8918,220586,227309,6724,3
"chr8",96333679,96333809,-0.0855631685518525,0.171126337103705,82222,83278,186626,103349,6
"chr5",41903460,41904134,-0.0570417339237568,0.17112520177127,68149,161024,254019,92996,12
"chr9",89310761,89311065,0.0855592050713392,0.171118410142678,84588,198734,228966,30233,8
"chr8",56073867,56075353,0.057016216337873,0.171048649013619,81621,283806,310508,26703,13
"chr1",45550451,45550706,0.0855237908319721,0.171047581663944,3027,165300,245680,80381,14
"chr3",35681095,35681358,-0.0855161390322373,0.171032278064475,59789,244909,270164,25256,4
"chr6",43170442,43171125,0.0855136957504296,0.171027391500859,73415,175315,254357,79043,21
"chr8",87873823,87874204,0.0570067816631353,0.171020344989406,82071,87843,167590,79748,13
"chr15",26774101,26775174,0.056998099420306,0.170994298260918,27937,135786,199155,63370,11
"chr7",120858208,120858576,0.0854937792380994,0.170987558476199,79007,225446,243860,18415,9
"chr12",57238056,57238337,0.0569673186995397,0.170901956098619,20521,4115,48094,43980,4
"chr13",38349439,38349821,0.0854261045167016,0.170852209033403,23415,83851,87012,3162,14
"chr19",12610793,12610983,0.0854255280096254,0.170851056019251,43201,246351,291807,45457,15
"chr7",149629,149795,0.085385474265404,0.170770948530808,75949,182275,192514,10240,11
"chr7",28958309,28958453,0.0853727591250495,0.170745518250099,76872,304436,304487,52,33
"chr8",100559237,100559875,0.0853508534498175,0.170701706899635,82314,167657,171136,3480,13
"chr15",75625963,75626772,0.085345573223537,0.170691146447074,29781,237012,240073,3062,19
"chr17",7673766,7673781,-0.0853373240437765,0.170674648087553,35600,312067,312071,5,141
"chr12",57241556,57242171,0.0853166696824176,0.170633339364835,20522,170281,175172,4892,11
"chr6",133241323,133241337,0.0568710893776627,0.170613268132988,74955,48464,49334,871,33
"chr22",50582736,50582975,-0.0852901713913721,0.170580342782744,58988,79259,98933,19675,14
"chr12",110846150,110846874,0.0568573159804933,0.17057194794148,21781,187370,221749,34380,14
"chr15",44426654,44426832,0.0852752517930255,0.170550503586051,28613,101492,122740,21249,12
"chr1",151254516,151254650,0.0852619848923016,0.170523969784603,5113,143082,165771,22690,9
"chr14",36661007,36661839,0.0852590880397877,0.170518176079575,25407,118576,235752,117177,6
"chr1",110339198,110339338,0.0852439581526402,0.17048791630528,4466,91097,100818,9722,17
"chr12",4275713,4275722,-0.0852380640725029,0.170476128145006,18201,5474,6714,1241,12
"chr20",62816138,62816967,-0.0852254582394474,0.170450916478895,55453,198116,199082,967,37
"chr6",55578959,55579293,0.0852225377334668,0.170445075466934,73811,44606,48621,4016,14
"chr16",31569269,31569668,-0.0852116436925809,0.170423287385162,32824,2725,15269,12545,7
"chr17",75109536,75109788,-0.0852113051427132,0.170422610285426,39174,122649,196096,73448,13
"chr3",38137252,38137807,-0.0852019097328771,0.170403819465754,59889,130691,144076,13386,8
"chr12",111842051,111842961,-0.0851972337171583,0.170394467434317,21830,265981,272887,6907,25
"chr15",67833954,67834216,-0.0851832934703661,0.170366586940732,29397,73310,76396,3087,3
"chr2",176083377,176084031,0.0851594141508392,0.170318828301678,51062,12127,79531,67405,7
"chr19",36850176,36850968,0.08515693251073,0.17031386502146,44661,77152,100566,23415,30
"chr6",29306843,29306950,0.085150572220259,0.170301144440518,72161,41775,109876,68102,12
"chr6",146803850,146804266,-0.0567666809705855,0.170300042911756,75265,82566,180023,97458,6
"chr7",44082625,44083062,0.0851098905360696,0.170219781072139,77207,125923,182131,56209,9
"chr17",32349703,32350200,-0.0851046733494579,0.170209346698916,36690,203347,210508,7162,12
"chr4",76407486,76407906,0.0851035138530489,0.170207027706098,65708,115828,259437,143610,5
"chr8",10839855,10840097,-0.0850981760017345,0.170196352003469,80504,13583,28300,14718,9
"chr4",6673884,6674154,-0.0567283387858768,0.17018501635763,64567,91046,106585,15540,10
"chr16",566827,566838,-0.0850420293659678,0.170084058731936,30830,63048,72433,9386,4
"chr7",5429050,5429103,0.0850300774626915,0.170060154925383,76361,229351,243824,14474,6
"chr7",2843895,2844387,0.0849818144351815,0.169963628870363,76232,4638,21895,17258,10
"chr5",151081054,151081604,-0.0849793098670051,0.16995861973401,70447,97834,120274,22441,15
"chr13",98177267,98177310,0.0849720637487021,0.169944127497404,24206,116252,204820,88569,5
"chr2",231707193,231707511,0.0849696074248931,0.169939214849786,52486,220147,263100,42954,6
"chr2",176178061,176178527,-0.0849687672738733,0.169937534547747,51094,5672,11482,5811,11
"chr17",35089815,35090067,0.0849566622196204,0.169913324439241,36753,124758,204524,79767,5
"chr21",30480474,30480712,-0.0849541415468305,0.169908283093661,55896,92740,105356,12617,2
"chr1",115338244,115338638,0.0849372633577956,0.169874526715591,4686,9007,11316,2310,9
"chr8",105319321,105319498,0.0849144599249363,0.169828919849873,82425,225706,284531,58826,10
"chr3",129795359,129795737,0.0849124605326806,0.169824921065361,62380,224221,251457,27237,3
"chr22",20858624,20858799,-0.0848894351970937,0.169778870394187,57035,198911,201089,2179,11
"chr20",18142214,18142219,0.0848781464188653,0.169756292837731,53653,195815,200537,4723,4
"chr7",128790572,128791275,0.0565820164661857,0.169746049398557,79185,69485,170850,101366,6
"chr8",11702790,11703112,0.0848717962033301,0.16974359240666,80544,48427,48835,409,27
"chr9",130713414,130713506,-0.0848598899760165,0.169719779952033,86069,169260,173074,3815,13
"chr1",37555444,37555833,0.0848336768980435,0.169667353796087,2493,144340,152748,8409,14
"chr11",64240097,64242068,-0.0848194936293155,0.169638987258631,15109,174626,177257,2632,20
"chr17",45135774,45135903,0.0847874084954377,0.169574816990875,37821,295819,296814,996,12
"chr4",86934225,86935879,0.0847634959796661,0.169526991959332,65890,147913,150224,2312,16
"chr4",110623143,110623287,0.0847513479833139,0.169502695966628,66236,8988,15942,6955,12
"chr3",42654360,42654942,0.0847220444696575,0.169444088939315,60047,31241,40054,8814,15
"chr1",119963634,119963685,-0.08468771779215,0.1693754355843,4846,222581,284528,61948,2
"chr19",37172508,37172787,-0.0846770070396546,0.169354014079309,44666,204646,204750,105,14
"chr12",42483738,42483743,-0.084662193050734,0.169324386101468,19332,28704,70895,42192,15
"chr11",117233110,117233164,0.0846480054713305,0.169296010942661,17127,185848,190434,4587,15
"chr11",17719439,17719555,0.0846418689428209,0.169283737885642,13722,59801,65240,5440,7
"chr18",23136471,23136487,-0.0846331939586972,0.169266387917394,40596,53660,209270,155611,3
"chr1",115641762,115641797,-0.0846304768947822,0.169260953789564,4688,68754,70627,1874,12
"chr14",72893104,72894225,0.084619331828855,0.16923866365771,26250,204921,206625,1705,29
"chr5",171418825,171419509,0.0846176534834942,0.169235306966988,70833,37997,82900,44904,8
"chr19",47713193,47713356,0.0846144144467598,0.16922882889352,45881,79200,95053,15854,5
"chr8",40897861,40897927,0.0846109177695184,0.169221835539037,81355,81651,106425,24775,10
"chr5",67003958,67004047,0.0846099474814713,0.169219894962943,68506,8565,110774,102210,15
"chr6",31541146,31541801,0.0845958450520742,0.169191690104148,72489,181326,181435,110,42
"chr19",58408553,58408635,-0.0845851981613711,0.169170396322742,47235,193397,200406,7010,11
"chr6",31739825,31740501,0.0845689709617776,0.169137941923555,72563,101995,110655,8661,34
"chr1",32012830,32014355,0.0845633022426144,0.169126604485229,2152,126662,143634,16973,15
"chr19",35757107,35758311,0.0845440991915922,0.169088198383184,44540,259324,279831,20508,16
"chr14",73136191,73136363,0.0845292237635095,0.169058447527019,26268,58898,60400,1503,12
"chr12",42238327,42238534,0.084527370422653,0.169054740845306,19320,68045,78719,10675,13
"chr19",41859394,41859889,0.0845245198531034,0.169049039706207,45207,199836,208308,8473,11
"chr16",981458,981653,-0.0845068371285571,0.169013674257114,30935,53085,57178,4094,12
"chr16",87830825,87830985,0.0845023286000888,0.169004657200178,34463,9175,56054,46880,5
"chr17",42780497,42780502,0.0845021250565831,0.169004250113166,37522,5342,5720,379,7
"chr11",44726224,44726777,-0.0844851486231451,0.16897029724629,14181,175865,231288,55424,3
"chr11",64226443,64226620,-0.0844144943579483,0.168828988715897,15104,102906,107252,4347,18
"chr5",157732908,157732975,-0.0844099871851713,0.168819974370343,70609,123536,300168,176633,2
"chr16",67192084,67192130,0.0844068718021561,0.168813743604312,33486,27542,87755,60214,8
"chr12",64451411,64451828,-0.0843968564465825,0.168793712893165,20715,270612,271460,849,12
"chr9",69672236,69673153,0.0843703769090329,0.168740753818066,84330,102979,104082,1104,15
"chr7",50793775,50794137,-0.0843502343226696,0.168700468645339,77424,131476,132984,1509,26
"chr19",37779559,37779640,-0.0843472241182736,0.168694448236547,44704,92087,96275,4189,10
"chr6",17282102,17282547,0.0843421168992755,0.168684233798551,71788,112447,120466,8020,26
"chr12",2811963,2813531,0.0562252512949851,0.168675753884955,18144,220951,259025,38075,17
"chr11",111926749,111926978,0.084276059472375,0.16855211894475,16932,236999,242379,5381,8
"chr9",134068758,134068890,0.0842240067193602,0.16844801343872,86341,182684,225455,42772,5
"chr9",86352705,86352820,0.0842091099851127,0.168418219970225,84522,264908,282998,18091,4
"chr17",43900753,43900830,0.0842061340118656,0.168412268023731,37642,252027,293204,41178,9
"chr15",74781677,74782092,-0.0841473928120289,0.168294785624058,29708,10541,83858,73318,5
"chr1",44674415,44674448,0.0841440590577164,0.168288118115433,2949,35819,59952,24134,16
"chr14",23513269,23513320,0.0841378414390018,0.168275682878004,25076,194513,206745,12233,3
"chr12",13096054,13096195,0.0841294128383282,0.168258825676656,18826,168243,239933,71691,5
"chr4",146522057,146522844,0.0841287326395014,0.168257465279003,66697,159120,159263,144,16
"chr14",102499083,102499218,0.0841189692859002,0.1682379385718,27402,125179,197543,72365,2
"chr2",171999569,171999707,-0.0841187011719646,0.168237402343929,50949,108197,118493,10297,9
"chr16",13935615,13935663,-0.0841029640878829,0.168205928175766,31906,232173,233690,1518,6
"chr20",33674305,33674625,-0.0840889184565081,0.168177836913016,54118,5979,13012,7034,10
"chr14",105248252,105249127,0.0840849310872361,0.168169862174472,27665,97758,109066,11309,23
"chr4",184856267,184856534,-0.0840816970371712,0.168163394074342,67237,164221,230716,66496,2
"chr5",74641869,74641937,0.084081654043034,0.168163308086068,68637,141353,145838,4486,8
"chr7",81770142,81770271,0.0840793667880091,0.168158733576018,77919,90294,138255,47962,11
"chr3",38038859,38039138,0.0840507877981561,0.168101575596312,59880,244720,259974,15255,9
"chr14",23469442,23469637,0.0840485002280798,0.16809700045616,25070,214517,286909,72393,13
"chr2",24049581,24049610,0.0840346505628183,0.168069301125637,47752,143609,144445,837,11
"chr6",133951901,133952038,0.0840333876508967,0.168066775301793,74970,247739,252266,4528,17
"chr13",51583774,51584570,0.0840281031176438,0.168056206235288,23791,94684,96251,1568,13
"chr3",49020610,49022238,0.0840204091388845,0.168040818277769,60504,97407,100351,2945,35
"chr3",183825779,183825799,0.0840142341708989,0.168028468341798,63483,107910,253796,145887,9
"chr6",150865366,150865375,-0.0839982716404219,0.167996543280844,75372,175151,179984,4834,16
"chr16",4335297,4335354,-0.0839948928423221,0.167989785684644,31561,194787,196179,1393,6
"chr19",38224424,38224744,-0.0839937325363125,0.167987465072625,44721,102292,215914,113623,9
"chr2",57906164,57906488,0.0839867115231708,0.167973423046342,48694,103654,105084,1431,3
"chr14",88323172,88323971,-0.0839719755195677,0.167943951039135,26702,121284,197138,75855,8
"chr2",74502302,74503459,-0.0839592130924928,0.167918426184986,49176,5264,19723,14460,24
"chr6",96924691,96924752,0.0839435054792959,0.167887010958592,74275,242333,275417,33085,8
"chr21",33641738,33642579,-0.0839214388070652,0.16784287761413,56055,19852,25788,5937,18
"chr8",109539479,109539579,0.0839206997295021,0.167841399459004,82467,92555,111682,19128,23
"chr2",117814440,117814805,0.0839066802087079,0.167813360417416,50090,266779,290202,23424,10
"chr1",150975111,150975473,-0.0838950925175189,0.167790185035038,5074,149408,156137,6730,13
"chr13",21670817,21671591,0.0838898562260298,0.16777971245206,23007,295615,296991,1377,21
"chr8",93740295,93741021,0.0838894048185285,0.167778809637057,82151,178808,178904,97,22
"chr15",99249817,99250673,0.0838754701966092,0.167750940393218,30620,215180,225937,10758,26
"chr19",13152955,13153183,0.0838628804183838,0.167725760836768,43325,23010,194808,171799,4
"chr19",1401373,1401776,-0.0838627985206572,0.167725597041314,41747,106928,197266,90339,10
"chr1",209827538,209827934,-0.0838232155570783,0.167646431114157,7737,35450,36779,1330,16
"chr17",42194430,42194598,-0.0838158678021111,0.167631735604222,37443,247945,298564,50620,8
"chr16",29979020,29979474,-0.0837810736614868,0.167562147322974,32551,134885,232202,97318,3
"chr19",39924526,39924688,0.0837729968995359,0.167545993799072,44969,209534,297069,87536,2
"chr8",73293165,73293254,0.0837592233545321,0.167518446709064,81887,94712,99194,4483,27
"chr1",32291892,32291945,0.0837568866201417,0.167513773240283,2192,39539,93564,54026,9
"chr2",227164719,227164732,-0.0837460897590699,0.16749217951814,52336,39282,59754,20473,17
"chr19",49876373,49876427,-0.0837228981097688,0.167445796219538,46232,234237,244092,9856,35
"chr2",101697182,101698003,-0.0837179158792239,0.167435831758448,49737,146367,147162,796,14
"chr16",67893144,67893165,-0.0836678386637852,0.16733567732757,33599,51357,61234,9878,10
"chr6",32195277,32195785,0.0836455827653561,0.167291165530712,72680,88399,94248,5850,55
"chr10",22437681,22437801,-0.0836440544380092,0.167288108876018,9484,184689,185749,1061,6
"chr7",97014142,97014374,-0.0836384656770627,0.167276931354125,78185,174696,180930,6235,5
"chr6",44223398,44223685,-0.0836366997965417,0.167273399593083,73548,125827,140569,14743,16
"chr2",176269202,176269513,0.0836288483897205,0.167257696779441,51097,118765,138858,20094,12
"chr4",122922626,122922635,0.0836251756641839,0.167250351328368,66439,144857,148782,3926,25
"chr19",36666663,36666977,-0.0557488219578747,0.167246465873624,44648,192903,211152,18250,11
"chr15",67520994,67522542,0.0836104908380867,0.167220981676173,29383,195610,199855,4246,19
"chr10",13001313,13001878,0.0836100278933686,0.167220055786737,9253,214,13605,13392,10
"chr13",25180045,25180251,0.083608898637334,0.167217797274668,23091,209816,270714,60899,5
"chr5",175444338,175444396,-0.0836058803121998,0.1672117606244,70937,141769,149516,7748,14
"chr19",31279282,31279570,-0.0836019258764398,0.16720385175288,44255,92000,94169,2170,2
"chr9",128322518,128323251,0.0835796282239347,0.167159256447869,85838,98969,104380,5412,21
"chr4",151409063,151409240,0.0835518572925384,0.167103714585077,66762,162410,163139,730,8
"chr8",143715216,143715218,0.0835468621917554,0.167093724383511,83211,260217,270195,9979,2
"chr14",24188978,24189635,0.0835276718556854,0.167055343711371,25166,197767,202700,4934,18
"chr12",122730701,122730924,0.0835224115068346,0.167044823013669,22393,10443,13128,2686,16
"chr6",31834645,31834934,-0.0835160381400724,0.167032076280145,72589,182330,183764,1435,31
"chr19",12957324,12957483,0.0835139872037532,0.167027974407506,43297,75138,81079,5942,9
"chr15",49422183,49422185,-0.0835070943877111,0.167014188775422,28759,310906,310956,51,8
"chr4",86935276,86936261,0.0835068626029394,0.167013725205879,65890,157483,161577,4095,16
"chr10",132336615,132337196,-0.0834870957483362,0.166974191496672,12419,238220,255599,17380,12
"chr19",32972009,32972134,-0.0834847537923852,0.16696950758477,44294,102119,108617,6499,16
"chr13",79480852,79481534,0.0834845091244535,0.166969018248907,24076,129907,198449,68543,13
"chr11",33870690,33870700,-0.0834824339521458,0.166964867904292,14028,177968,180045,2078,13
"chr14",54396658,54396832,0.083481127081876,0.166962254163752,25669,101040,195544,94505,9
"chr19",40576673,40576683,0.0834800805893327,0.166960161178665,45066,51608,55265,3658,11
"chr2",161307961,161308258,0.0834701307864683,0.166940261572937,50722,36231,60954,24724,8
"chr5",111073042,111073310,0.0556418644388571,0.166925593316571,69153,63258,119026,55769,9
"chr1",1000711,1001534,-0.0834514229597368,0.166902845919474,36,156879,164749,7871,13
"chr22",43862722,43862810,0.0834410392015115,0.166882078403023,58586,102353,103630,1278,11
"chr3",165196362,165196502,-0.0834284684179603,0.166856936835921,63162,144436,155681,11246,15
"chr5",147234735,147234980,0.0834181385381789,0.166836277076358,70223,39874,149122,109249,12
"chr1",246565916,246566270,-0.0834118797277252,0.16682375945545,8729,156377,165086,8710,14
"chr11",65614400,65615768,0.08341075445986,0.16682150891972,15380,108553,117400,8848,20
"chr7",100488547,100488649,0.0834073739578088,0.166814747915618,78450,49153,109447,60295,4
"chr16",58629981,58630143,0.0833780884568729,0.166756176913746,33357,198613,199075,463,8
"chr4",140427862,140427878,-0.0833504519531448,0.16670090390629,66594,145633,154184,8552,15
"chr15",82710026,82710058,-0.083339110111031,0.166678220222062,30085,137983,138955,973,9
"chr21",41316613,41316723,0.0833164655118169,0.166632931023634,56313,2862,52718,49857,3
"chr10",72893415,72893691,-0.0833146481473554,0.166629296294711,10521,102454,182960,80507,3
"chr7",127252545,127253233,0.0833071492390008,0.166614298478002,79106,166783,170571,3789,15
"chr1",93681370,93681663,0.083301410760303,0.166602821520606,4109,11138,16780,5643,14
"chr3",14947621,14947964,-0.0832967298830085,0.166593459766017,59467,3274,18160,14887,15
"chr12",3492903,3493120,0.0832964534672261,0.166592906934452,18190,124207,126678,2472,7
"chr4",88591998,88592226,0.0555282758745639,0.166584827623692,65952,92994,162316,69323,13
"chr22",50261220,50261439,0.0832910212673188,0.166582042534638,58907,96591,211279,114689,5
"chr1",229343169,229343187,0.0832908609022641,0.166581721804528,8324,71111,110008,38898,7
"chr5",176448030,176448187,0.0832862384055346,0.166572476811069,70981,143254,143757,504,15
"chr12",43834803,43835130,-0.0832681313429947,0.166536262685989,19350,213969,242795,28827,2
"chr3",27723741,27723918,-0.0832447247909141,0.166489449581828,59682,126576,136388,9813,23
"chr5",140926469,140926860,0.0832429951540539,0.166485990308108,69961,123404,123521,118,18
"chr12",122183065,122183102,0.0832110469545585,0.166422093909117,22352,52820,113892,61073,5
"chr7",2233193,2233269,0.0831841121755922,0.166368224351184,76143,91373,179664,88292,7
"chr8",67344038,67344269,0.08315454341103,0.16630908682206,81807,178465,180075,1611,9
"chr17",441361,443280,0.0831081732234763,0.166216346446953,34816,204611,205301,691,13
"chr12",76879163,76879418,-0.0831022531968731,0.166204506393746,21005,110029,137762,27734,10
"chr14",34982756,34983396,-0.055395215064916,0.166185645194748,25365,102038,194145,92108,16
"chr1",54887028,54887476,-0.0830897584851552,0.16617951697031,3426,140548,144329,3782,12
"chr6",127518677,127519385,0.0830630781654023,0.166126156330805,74838,168859,179578,10720,17
"chr2",203238603,203238742,0.0830612473271768,0.166122494654354,51666,101880,102299,420,16
"chr1",203127442,203127771,0.0830462207445051,0.16609244148901,7302,39571,109429,69859,9
"chr7",106867891,106867928,-0.0830194978588941,0.166038995717788,78793,200845,283247,82403,5
"chr2",74454660,74454678,0.0830098096476635,0.166019619295327,49163,145686,149840,4155,14
"chr4",87975482,87975757,0.0830019656475893,0.166003931295179,65927,137653,148113,10461,10
"chr1",216723519,216723521,0.0829897574853806,0.165979514970761,7897,163821,164933,1113,10
"chr19",53867542,53869364,0.0829856335006089,0.165971267001218,46706,195603,195829,227,22
"chr1",154324795,154325360,0.0829792620721891,0.165958524144378,5455,142001,149418,7418,10
"chr10",132786319,132787096,0.0829766203367214,0.165953240673443,12448,49350,50060,711,37
"chr15",82986085,82986119,0.082966081702354,0.165932163404708,30100,52625,54083,1459,11
"chr7",99563874,99564363,0.0829628074106997,0.165925614821399,78323,197176,228049,30874,2
"chr16",69107539,69107575,-0.0829363113575208,0.165872622715042,33692,5703,5753,51,12
"chr14",55440581,55440709,-0.0829322731516213,0.165864546303243,25712,2724,52628,49905,10
"chr3",137763096,137763425,0.0829316452754727,0.165863290550945,62582,124115,142812,18698,6
"chr6",7313081,7313495,-0.082930388412168,0.165860776824336,71586,88437,171752,83316,10
"chr1",6599293,6599306,-0.082926308875284,0.165852617750568,590,112625,156118,43494,4
"chr13",52129212,52129237,0.0829186687534344,0.165837337506869,23831,72923,76630,3708,19
"chr1",207052767,207052863,-0.0829139661189728,0.165827932237946,7632,166508,226358,59851,31
"chr20",38805293,38805515,0.0829056938443443,0.165811387688689,54476,211444,221954,10511,11
"chr6",30345195,30345344,0.082903595678669,0.165807191357338,72308,47378,92739,45362,19
"chr16",3018528,3018848,-0.0828984001547189,0.165796800309438,31382,255846,310312,54467,10
"chr20",38805160,38805588,0.0828837110910178,0.165767422182036,54476,54503,102276,47774,11
"chr22",21567539,21567592,-0.0828643737667068,0.165728747533414,57087,208181,210863,2683,8
"chr5",140691519,140691525,-0.0828610492381327,0.165722098476265,69909,140881,140974,94,23
"chr5",664248,664444,-0.0828577805726103,0.165715561145221,67438,119335,146321,26987,6
"chr4",56655979,56656466,0.0827971128114388,0.165594225622878,65403,126145,133059,6915,11
"chr16",14302419,14302440,-0.0827843417121992,0.165568683424398,31926,82016,262843,180828,6
"chr22",37675163,37675167,0.0827508792690124,0.165501758538025,58011,208955,273689,64735,12
"chr19",52028703,52028782,0.0827430256499543,0.165486051299909,46530,208038,219133,11096,10
"chr15",49620816,49621110,-0.0827358824521524,0.165471764904305,28762,52777,55807,3031,15
"chr1",81799110,81799475,0.082728853561475,0.16545770712295,3861,226044,234231,8188,10
"chr8",131040344,131040641,-0.0827164732885858,0.165432946577172,82806,13819,16607,2789,10
"chr19",35648160,35648331,-0.0827097611991247,0.165419522398249,44508,95094,200038,104945,8
"chr5",140633075,140635180,-0.0827057860343888,0.165411572068778,69894,164189,249978,85790,10
"chr9",137034901,137035396,0.0826962965385563,0.165392593077113,86669,224571,306856,82286,3
"chr1",220884409,220884466,0.0826784904493895,0.165356980898779,7971,151273,151837,565,4
"chr3",100401136,100401391,0.0826745333428068,0.165349066685614,61570,152524,153054,531,17
"chr17",28406034,28406050,0.0826613717710186,0.165322743542037,36412,76156,83157,7002,11
"chr5",15499893,15499968,-0.0826551989332404,0.165310397866481,67769,148457,217772,69316,10
"chr19",41262261,41262468,0.0826433786504227,0.165286757300845,45138,229055,254444,25390,11
"chr3",40457149,40457180,0.0825704236235157,0.165140847247031,59989,39227,78558,39332,11
"chr9",4666497,4666878,-0.0825698794395263,0.165139758879053,83542,275017,277183,2167,12
"chr20",47353422,47353564,-0.0825641846906669,0.165128369381334,54903,259118,273912,14795,3
"chr18",22169207,22169579,-0.0825454283479137,0.165090856695827,40582,13085,29314,16230,9
"chr2",24360642,24360741,0.0825088146539515,0.165017629307903,47771,91145,139396,48252,10
"chr2",100818965,100819089,0.0824960761155204,0.164992152231041,49698,1426,32920,31495,4
"chr12",111766695,111766706,-0.0824933730920269,0.164986746184054,21825,247127,258841,11715,11
"chr1",119623544,119624002,-0.0824789022088757,0.164957804417751,4813,153836,158950,5115,3
"chr1",19251504,19252267,0.082476862615445,0.16495372523089,1297,124595,137734,13140,17
"chr18",35267676,35267678,0.0824741991933861,0.164948398386772,40779,310306,311343,1038,2
"chr2",9003628,9004376,0.0824740937953494,0.164948187590699,47472,88435,164376,75942,12
"chr1",9730267,9730474,-0.0824729002668255,0.164945800533651,742,10099,33549,23451,5
"chr4",17781638,17781671,0.082441097263473,0.164882194526946,64819,31581,32061,481,12
"chr12",109814791,109814898,0.0824349647572029,0.164869929514406,21704,232507,235690,3184,12
"chr4",182169104,182169225,0.0824209947273505,0.164841989454701,67134,252971,254595,1625,2
"chr18",11908332,11908804,-0.0824149445588741,0.164829889117748,40467,25606,53249,27644,12
"chr19",13506057,13506552,-0.0824106796812474,0.164821359362495,43338,87250,87818,569,14
"chr1",156751810,156752272,0.0549345776075484,0.164803732822645,5800,62430,99435,37006,22
"chr3",84958666,84959527,-0.0824006973115127,0.164801394623025,61444,141159,142667,1509,12
"chr2",181657147,181657194,-0.082379281196444,0.164758562392888,51222,35727,106019,70293,12
"chr18",158346,158348,0.0823728540620562,0.164745708124112,40222,66097,77968,11872,8
"chr3",52278818,52278844,0.0823393318411556,0.164678663682311,60843,29903,30131,229,12
"chr11",65572220,65572303,-0.0823173256882668,0.164634651376534,15367,88373,174009,85637,10
"chr2",109129356,109129527,-0.0822938923774059,0.164587784754812,49924,568,9834,9267,13
"chr7",18289939,18290432,0.0822921863498527,0.164584372699705,76615,200857,284088,83232,6
"chr12",12724795,12725909,-0.0822765135224944,0.164553027044989,18791,196595,268344,71750,13
"chr15",40160983,40160988,0.0822765071087332,0.164553014217466,28226,194273,196949,2677,10
"chr10",73591609,73592130,0.0822762528872578,0.164552505774516,10569,247647,258290,10644,6
"chr2",102619080,102619637,-0.0822395936700828,0.164479187340166,49786,12216,32876,20661,9
"chr5",141923555,141923666,-0.0822390896095439,0.164478179219088,70124,142240,144791,2552,11
"chr6",31143311,31143381,-0.082222088538878,0.164444177077756,72441,13527,44723,31197,3
"chr1",2050377,2050386,0.0822136476715045,0.164427295343009,257,16208,16976,769,8
"chr12",121580544,121581101,-0.0821775343562436,0.164355068712487,22292,168316,177783,9468,23
"chr17",59138918,59139123,0.0821710284391589,0.164342056878318,38530,197092,311292,114201,3
"chr2",38778016,38778122,0.0821683724584202,0.16433674491684,48313,89859,149531,59673,7
"chr6",10694866,10695604,-0.0821601391553313,0.164320278310663,71654,191142,291138,99997,18
"chr12",76560067,76560275,0.082149081920948,0.164298163841896,20998,210571,230702,20132,10
"chr4",2010150,2010300,-0.0821295489517503,0.164259097903501,64335,276423,309459,33037,13
"chr12",46372511,46372941,-0.0821216133636644,0.164243226727329,19396,27475,50506,23032,15
"chr19",12696804,12696831,0.0821088753638106,0.164217750727621,43221,205921,211763,5843,13
"chr11",2400904,2401402,-0.0547327084625396,0.164198125387619,12940,47169,49767,2599,40
"chr6",27893115,27893300,0.0820874689632537,0.164174937926507,72065,88702,96300,7599,7
"chr2",74472912,74472935,0.0820797817318064,0.164159563463613,49167,161986,164411,2426,13
"chr11",101129216,101129222,0.0820792548174284,0.164158509634857,16663,179707,250066,70360,18
"chr17",58336529,58336616,0.0820626357037897,0.164125271407579,38478,124947,299963,175017,2
"chr11",65134718,65135093,0.0820585324947261,0.164117064989452,15287,88450,103775,15326,8
"chr6",163414085,163414363,-0.0820313160818146,0.164062632163629,75721,28931,98319,69389,9
"chr11",62881708,62881758,0.0820264703748279,0.164052940749656,15005,274042,289751,15710,17
"chr17",75574888,75574975,0.0820188069774487,0.164037613954897,39231,75848,291159,215312,2
"chr12",15910837,15911206,-0.0546648058939823,0.163994417681947,18912,117469,173560,56092,11
"chr1",94417913,94417990,0.081995822182552,0.163991644365104,4132,37665,86888,49224,13
"chr5",73172207,73172294,-0.0819803412019871,0.163960682403974,68611,113382,151034,37653,5
"chr2",224570121,224570414,-0.0819670266261401,0.16393405325228,52301,152712,155250,2539,4
"chr6",44246947,44248026,0.0819456387714149,0.16389127754283,73551,183726,188767,5042,23
"chr19",36916139,36916158,0.0819373877906558,0.163874775581312,44664,833,20740,19908,16
"chr10",100346997,100347000,0.0819237529354129,0.163847505870826,11395,4283,40719,36437,11
"chr16",67846443,67847612,-0.0818926796531419,0.163785359306284,33587,65094,65177,84,15
"chr2",85327656,85328742,0.0818527957602524,0.163705591520505,49298,82307,87981,5675,23
"chr17",1109048,1109595,0.0818391901454262,0.163678380290852,34870,201924,292056,90133,7
"chr5",169300777,169300779,0.0818015401919865,0.163603080383973,70773,12159,14967,2809,18
"chr8",124971886,124972093,0.0817918600452039,0.163583720090408,82705,249367,251173,1807,10
"chr14",52069304,52070295,0.0817900324056957,0.163580064811391,25627,132360,139933,7574,17
"chr1",29121459,29121601,0.0817850045250866,0.163570009050173,2040,127592,284879,157288,2
"chr6",27132336,27133052,0.081750679501902,0.163501359003804,72014,122672,129738,7067,14
"chr6",31862952,31863662,0.0817493120832531,0.163498624166506,72593,90643,111430,20788,34
"chr7",36725537,36725744,0.0817489812632175,0.163497962526435,77060,128970,186781,57812,2
"chr12",7118574,7118625,0.0817413598046496,0.163482719609299,18456,122696,240344,117649,3
"chr19",3880537,3880608,0.0817354650660491,0.163470930132098,42147,193534,206762,13229,5
"chr8",143430589,143430603,0.0817212480835027,0.163442496167005,83154,11375,13349,1975,5
"chr16",21952109,21952528,0.0816978021611411,0.163395604322282,32187,212881,222650,9770,16
"chr3",169769909,169769915,-0.0816803684582929,0.163360736916586,63203,253313,259150,5838,10
"chr19",39678778,39679199,0.0816556553449162,0.163311310689832,44943,114569,200330,85762,3
"chr14",68979026,68979272,-0.0816328357596328,0.163265671519266,26123,89653,98295,8643,17
"chr7",1231968,1232619,-0.0816257867352654,0.163251573470531,76062,49773,111715,61943,9
"chr11",64352841,64353184,-0.0816222066387574,0.163244413277515,15142,890,41663,40774,4
"chr5",1446093,1446102,0.0816034405806124,0.163206881161225,67523,29606,38907,9302,4
"chr9",127802672,127802753,0.0815997960301255,0.163199592060251,85756,276457,288467,12011,16
"chr7",108569638,108570547,0.0815961650897636,0.163192330179527,78860,126154,128916,2763,17
"chr3",101677200,101677814,-0.0815915213526133,0.163183042705227,61606,150385,157237,6853,24
"chr22",28916853,28916919,0.081590776210177,0.163181552420354,57452,121222,128805,7584,6
"chr6",85449254,85449513,0.0815880901401555,0.163176180280311,74114,131116,132371,1256,14
"chr14",34874007,34874656,-0.0815854261324503,0.163170852264901,25361,195042,205200,10159,13
"chr13",32538923,32539206,-0.0815841187142024,0.163168237428405,23335,124769,125756,988,14
"chr9",34637975,34638225,0.0815816107103507,0.163163221420701,84031,245645,247348,1704,9
"chr7",29806363,29806643,0.0815580087677495,0.163116017535499,76896,40720,64818,24099,8
"chr1",156936354,156937165,-0.0815486804051563,0.163097360810313,5847,149221,241393,92173,7
"chr12",68807697,68807883,0.0815341007684207,0.163068201536841,20846,78316,95578,17263,20
"chr7",37920649,37921129,0.081513671903841,0.163027343807682,77085,173315,175327,2013,13
"chr3",7535432,7536200,-0.0543396816926202,0.163019045077861,59092,231136,269321,38186,4
"chr6",146543384,146543393,-0.0814982861640005,0.162996572328001,75258,89899,95781,5883,16
"chr14",91061025,91061128,-0.081491363644294,0.162982727288588,26803,90937,91082,146,15
"chr21",41420185,41420200,0.0814738111518942,0.162947622303788,56322,247429,292713,45285,13
"chr5",134177179,134177820,0.0814735945578196,0.162947189115639,69574,18626,32200,13575,13
"chr12",53181153,53181351,0.0814549582672589,0.162909916534518,20006,61582,74409,12828,17
"chr1",241520051,241520578,-0.0814482884272312,0.162896576854462,8616,257977,310897,52921,12
"chr11",46345327,46345483,-0.0814439261681497,0.162887852336299,14264,79873,129651,49779,8
"chr11",68459832,68460344,-0.0814438163888935,0.162887632777787,15797,80905,91936,11032,11
"chr10",101131811,101132374,0.0814171233665434,0.162834246733087,11469,111519,129998,18480,18
"chr2",219253876,219254517,0.0542736949140048,0.162821084742014,52153,38515,98124,59610,16
"chr17",19648350,19649080,0.0814071604843276,0.162814320968655,36261,97356,97640,285,12
"chr6",170293823,170293880,-0.0814041654086125,0.162808330817225,75931,229839,231634,1796,3
"chr11",117231912,117232480,-0.0814011344673835,0.162802268934767,17127,248729,275977,27249,15
"chr8",9141189,9141255,-0.081395054947488,0.162790109894976,80455,129828,182465,52638,6
"chr8",48922053,48922059,-0.0813945859235592,0.162789171847118,81512,101768,126343,24576,9
"chr3",50226076,50226340,0.081391482808405,0.16278296561681,60674,129451,146056,16606,10
"chr8",66774825,66775083,0.0813352486286466,0.162670497257293,81789,169046,172972,3927,12
"chr19",56671834,56671873,0.0813321916118188,0.162664383223638,47058,18182,18295,114,9
"chr19",49084979,49085102,0.0813181292932533,0.162636258586507,46093,83718,86123,2406,10
"chr1",233327883,233328764,0.0813085179282851,0.16261703585657,8463,153549,156885,3337,8
"chr11",64358968,64358980,0.0813016406993791,0.162603281398758,15145,43368,50033,6666,7
"chr1",156619239,156619445,0.0812867895961309,0.162573579192262,5776,302748,303682,935,10
"chr11",62670156,62671404,0.0812741680194335,0.162548336038867,14959,250169,251647,1479,22
"chr1",228274285,228274372,0.0812523538836621,0.162504707767324,8253,145210,286902,141693,4
"chr15",41919311,41919481,0.0812088617771743,0.162417723554349,28439,120093,205396,85304,6
"chr5",15499367,15499896,0.0812086250308136,0.162417250061627,67769,225618,310653,85036,10
"chr2",149587238,149588055,-0.0812005122478262,0.162401024495652,50543,136360,160261,23902,17
"chr4",139302577,139302994,0.0811758489842293,0.162351697968459,66566,246961,250820,3860,10
"chr15",72231878,72231896,0.0811709807193285,0.162341961438657,29561,193553,197835,4283,16
"chr7",100538390,100538545,-0.0811664869546722,0.162332973909344,78454,176672,182336,5665,12
"chr22",23839083,23839478,0.0811630785982365,0.162326157196473,57228,130293,207151,76859,9
"chr1",32205511,32206231,0.0811616535928133,0.162323307185627,2168,37741,68377,30637,18
"chr2",169694290,169694299,0.0811550838947195,0.162310167789439,50879,156157,160361,4205,23
"chr16",69565330,69566300,0.0811317595356574,0.162263519071315,33734,260312,276539,16228,19
"chr17",31318490,31318716,0.0811259634912585,0.162251926982517,36626,84841,133955,49115,3
"chr7",107743655,107744122,0.0811195447693759,0.162239089538752,78824,18187,43464,25278,18
"chr11",62839712,62839748,0.0811102567011958,0.162220513402392,15001,214071,238024,23954,4
"chr20",58150815,58150843,0.0810893628650211,0.162178725730042,55208,6028,6529,502,10
"chr19",51905071,51905095,0.0810743076508876,0.162148615301775,46515,196918,199989,3072,7
"chr14",94772651,94773233,0.0810520710117563,0.162104142023513,27000,78919,111259,32341,10
"chr4",44726693,44726942,0.0810439447727003,0.162087889545401,65170,222164,253390,31227,10
"chr1",40372869,40373892,-0.0810126810318941,0.162025362063788,2673,155581,157342,1762,14
"chr8",122781541,122781634,0.0810079623367076,0.162015924673415,82603,139893,167209,27317,16
"chr2",47782727,47783223,0.0809901930165512,0.161980386033102,48552,6027,12951,6925,10
"chr9",109013653,109013883,-0.0809764919914551,0.16195298398291,85110,140288,190912,50625,7
"chr7",116953312,116954503,0.080975378008768,0.161950756017536,78963,185497,186692,1196,25
"chr3",138329493,138330084,0.0809419279744834,0.161883855948967,62612,108325,152465,44141,12
"chr19",44845417,44846428,-0.0809223108608853,0.161844621721771,45513,90910,99679,8770,12
"chr7",6635910,6636493,-0.0809133007104437,0.161826601420887,76474,118210,272455,154246,3
"chr5",171307852,171308750,0.0809110599995467,0.161822119999093,70823,31001,31235,235,17
"chr5",1344793,1345535,0.0809065034328289,0.161813006865658,67512,91235,102166,10932,7
"chr13",79481513,79481691,-0.0809054035909848,0.16181080718197,24076,199688,199798,111,13
"chr14",64294146,64294490,0.0808916475693161,0.161783295138632,25951,80971,90370,9400,12
"chr7",193229,193580,-0.0808862136054823,0.161772427210965,75956,46773,110211,63439,5
"chr20",41028799,41028866,0.0539137207586948,0.161741162276084,54501,75630,100553,24924,11
"chr1",33181301,33182076,-0.0808590214837165,0.161718042967433,2265,30147,64400,34254,17
"chr12",132066853,132066938,-0.0808503223348095,0.161700644669619,22771,15829,186640,170812,2
"chr19",55312459,55312948,-0.0808387260233926,0.161677452046785,46900,52333,88727,36395,2
"chr15",88256589,88256600,-0.0808363515293185,0.161672703058637,30233,194400,281158,86759,11
"chr12",64222448,64222479,0.0808246339998254,0.161649267999651,20706,45216,66320,21105,12
"chr5",44389667,44389746,-0.0808228583635363,0.161645716727073,68207,11789,18459,6671,14
"chr10",99732690,99732702,0.0808114622700304,0.161622924540061,11353,188501,192271,3771,17
"chr12",72273456,72273458,0.0808107344814749,0.16162146896295,20952,190138,288993,98856,10
"chr5",132673938,132674039,-0.080790764680142,0.161581529360284,69519,121920,259720,137801,5
"chr21",33588839,33588935,0.0807717030981997,0.161543406196399,56051,197794,199534,1741,8
"chr19",4182694,4182805,0.0807662095473723,0.161532419094745,42195,83820,100969,17150,11
"chr18",75208977,75209382,0.0807530610756757,0.161506122151351,41377,87177,89617,2441,10
"chr6",34392385,34393139,0.080745264630918,0.161490529261836,72921,98244,106516,8273,10
"chr8",42895571,42895767,0.0807257216592437,0.161451443318487,81449,279424,311412,31989,3
"chr9",27573534,27573968,-0.0807237469382433,0.161447493876487,83897,68517,124737,56221,11
"chr14",49598338,49599252,0.0807165967148797,0.161433193429759,25503,74143,80976,6834,15
"chr12",117190664,117190715,0.0806966720428338,0.161393344085668,22049,99733,178630,78898,8
"chr14",70600978,70601042,0.0806807714002481,0.161361542800496,26186,94887,195019,100133,9
"chr17",6831746,6831953,0.0806747991606297,0.161349598321259,35415,56991,59577,2587,10
"chr19",2840766,2841334,-0.0806700149205467,0.161340029841093,41980,74024,89362,15339,10
"chr7",138775038,138775207,0.0806622056751307,0.161324411350261,79489,174991,215887,40897,4
"chr19",3933048,3933116,-0.0806227189016191,0.161245437803238,42156,129302,203982,74681,11
"chr19",47515072,47515411,0.0806168254768796,0.161233650953759,45865,78691,89012,10322,14
"chr13",99971966,99972601,-0.0806047740064741,0.161209548012948,24285,72973,81667,8695,10
"chr14",56810509,56811992,0.0805854453339128,0.161170890667826,25731,93149,109701,16553,18
"chr9",124809965,124810222,-0.0805675775245006,0.161135155049001,85608,42190,46719,4530,4
"chr14",77376858,77377432,0.0805573634002432,0.161114726800486,26578,16300,53356,37057,14
"chr12",123660563,123660603,-0.0805349986893985,0.161069997378797,22501,168242,289141,120900,2
"chr5",57173192,57174693,0.0805286445496999,0.1610572890994,68362,157247,165025,7779,21
"chr22",31081105,31081259,0.0805209850854728,0.161041970170946,57658,24516,26587,2072,15
"chr1",161214738,161215181,0.080504701901296,0.161009403802592,6171,66218,91946,25729,9
"chr1",225882510,225882770,-0.0804949661965432,0.160989932393086,8104,30165,36769,6605,11
"chr11",5624203,5624873,0.0804779879148743,0.160955975829749,13191,135281,172902,37622,7
"chr10",126422011,126422185,0.0804778956281469,0.160955791256294,12290,168328,270803,102476,4
"chr12",27332751,27332763,0.0804748309581789,0.160949661916358,19138,241564,245545,3982,10
"chr20",62302525,62302592,0.0804742799264102,0.16094855985282,55384,99605,116938,17334,12
"chr9",37592651,37592794,0.0804308409641835,0.160861681928367,84228,184154,224826,40673,7
"chr16",31117030,31117479,0.0804136382950827,0.160827276590165,32754,294613,297044,2432,11
"chr7",141946925,141947014,0.0803983714719803,0.160796742943961,79636,252558,269628,17071,3
"chr22",50199888,50200333,-0.0803939518198984,0.160787903639797,58890,221608,242009,20402,10
"chr1",43147769,43147894,-0.0803910562010244,0.160782112402049,2809,31214,36042,4829,7
"chr4",75514159,75514191,0.0803794793236753,0.160758958647351,65659,148065,154303,6239,16
"chr19",12723846,12724392,-0.0803704605109453,0.160740921021891,43227,254246,297073,42828,9
"chr14",76959436,76959487,-0.080350890176202,0.160701780352404,26531,213987,237618,23632,2
"chr11",112226058,112226276,0.0803461640481891,0.160692328096378,16957,121464,191146,69683,9
"chr2",233833195,233833277,0.0803298881435741,0.160659776287148,52646,288146,290509,2364,2
"chr5",160186037,160186636,0.0535447685234613,0.160634305570384,70649,240943,290583,49641,3
"chr19",52139758,52140154,0.0803159418167984,0.160631883633597,46537,197073,198189,1117,12
"chr1",26306741,26307385,0.0535355151753535,0.160606545526061,1791,163668,225590,61923,15
"chr6",18264506,18264977,0.0802782827853108,0.160556565570622,71810,93702,97218,3517,13
"chr1",150362912,150364552,0.0802687174853569,0.160537434970714,5019,232812,238626,5815,22
"chr2",74503430,74504249,-0.08022396812831,0.16044793625662,49176,166146,288263,122118,24
"chr4",145939337,145939782,0.0802164880815984,0.160432976163197,66689,216221,248107,31887,9
"chr2",32265707,32265980,0.0802144728339184,0.160428945667837,48163,249757,265191,15435,7
"chr15",72320256,72320940,-0.0801972670468767,0.160394534093753,29573,264963,266314,1352,17
"chr2",130343890,130343959,-0.0801833615532195,0.160366723106439,50325,102746,278628,175883,3
"chr1",155050159,155050515,0.0801807690794264,0.160361538158853,5550,107235,114987,7753,13
"chr1",63367151,63367388,0.080174301390035,0.16034860278007,3578,165598,219054,53457,9
"chr5",98927396,98927884,0.0801521988976226,0.160304397795245,69081,246759,256526,9768,6
"chr11",69704320,69704360,0.0801392866851765,0.160278573370353,15868,106832,169857,63026,15
"chr5",170861762,170861784,-0.080132327238867,0.160264654477734,70821,12528,18614,6087,13
"chr2",166487855,166488045,0.0534213300872923,0.160263990261877,50806,144696,250171,105476,3
"chr1",24112585,24112797,0.0801260095117641,0.160252019023528,1648,113775,137163,23389,7
"chr6",124961724,124961904,-0.0800855770031638,0.160171154006328,74778,118712,173448,54737,16
"chr17",21043731,21044337,0.0800817462153652,0.16016349243073,36317,103802,198176,94375,9
"chr1",26035166,26035527,-0.0800611359104489,0.160122271820898,1753,31219,32895,1677,6
"chr7",135727658,135728357,-0.0800471572054613,0.160094314410923,79442,1060,45942,44883,10
"chr1",228425399,228425401,0.0800344001878641,0.160068800375728,8292,109090,146603,37514,7
"chr19",46704317,46704625,0.080020846893871,0.160041693787742,45768,207011,211554,4544,3
"chr9",133132522,133132578,0.0800196787320434,0.160039357464087,86240,247967,287772,39806,3
"chr17",7675074,7675122,0.0800151869389874,0.160030373877975,35601,312217,312219,3,179
"chr19",44904603,44904864,-0.0800115452538441,0.160023090507688,45518,220580,295314,74735,4
"chr16",67944313,67944542,-0.0800086857658759,0.160017371531752,33610,205068,206282,1215,10
"chr2",86790981,86791462,-0.0799966058283348,0.15999321165667,49409,129425,139176,9752,16
"chr19",43596661,43596814,0.0799872068089681,0.159974413617936,45389,203429,203589,161,19
"chr13",20988099,20988590,0.0799839254021974,0.159967850804395,22981,210681,292389,81709,5
"chr17",7462901,7462910,0.0799685285508193,0.159937057101639,35547,53650,104019,50370,5
"chr17",62680228,62680271,-0.0799621290440318,0.159924258088064,38653,83221,196518,113298,2
"chr8",71362311,71362313,0.0799521150940938,0.159904230188188,81866,174984,178162,3179,15
"chr1",226365138,226365138,0.0799229345591868,0.159845869118374,8142,278703,304339,25637,2
"chr10",62268946,62269018,0.0799118433221705,0.159823686644341,10173,236442,250916,14475,13
"chr14",77760489,77761344,0.0799019100453661,0.159803820090732,26604,135095,194611,59517,21
"chr3",101849344,101849351,-0.079895000499339,0.159790000998678,61625,40027,151644,111618,14
"chr3",99876182,99876301,0.0798882505952336,0.159776501190467,61555,4449,4671,223,6
"chr11",111512190,111513323,0.0798722794343546,0.159744558868709,16899,96830,120520,23691,13
"chr19",4182748,4183453,0.0798624078693889,0.159724815738778,42195,194767,206022,11256,11
"chr3",186806781,186807655,-0.079773620007058,0.159547240014116,63708,249085,272410,23326,20
"chr2",47176857,47177196,-0.079762066709813,0.159524133419626,48519,163314,223298,59985,13
"chr4",76251098,76251135,0.0797619181864744,0.159523836372949,65703,243410,258935,15526,11
"chr22",21919598,21919847,-0.0797609808622405,0.159521961724481,57127,80554,277224,196671,3
"chr13",94707412,94708288,0.0797403213610039,0.159480642722008,24147,117551,197305,79755,5
"chr1",247548243,247548293,-0.07972470299811,0.15944940599622,8786,150112,230609,80498,2
"chr19",43414254,43414851,0.0797185847444361,0.159437169488872,45357,209041,221504,12464,9
"chr11",57514899,57515175,0.0797112877086659,0.159422575417332,14566,94883,235043,140161,6
"chr21",42653109,42653809,0.0797027072889919,0.159405414577984,56441,83906,90280,6375,7
"chr6",26234833,26234996,0.0796926654801908,0.159385330960382,71970,99645,167636,67992,10
"chr14",92106803,92107066,0.0796794222666393,0.159358844533279,26852,76646,93296,16651,13
"chr3",52704934,52705530,0.0796554258980663,0.159310851796133,60933,246216,248652,2437,25
"chr1",31522314,31522756,0.0796472654068109,0.159294530813622,2114,160826,220407,59582,4
"chr7",134459310,134459354,0.0796460138141102,0.15929202762822,79386,140795,174358,33564,13
"chr1",62436451,62436584,0.0796314582738572,0.159262916547714,3558,100452,109779,9328,14
"chr10",75029456,75029553,0.0796163209546799,0.15923264190936,10641,168155,170234,2080,3
"chr1",110210037,110211382,-0.0795836834986292,0.159167366997258,4460,31722,63092,31371,21
"chr3",161372231,161372919,0.0795766529761806,0.159153305952361,63149,166068,238669,72602,16
"chr6",33277739,33278372,-0.0795701692430419,0.159140338486084,72822,15149,16806,1658,57
"chr11",46845763,46846659,0.079566066758255,0.15913213351651,14314,182093,186608,4516,12
"chr19",34677125,34677333,0.0795643645531938,0.159128729106388,44371,298461,308959,10499,14
"chr3",197002731,197002761,-0.0795590512229352,0.15911810244587,64072,15702,30901,15200,3
"chr12",40692082,40692248,0.0795587092907311,0.159117418581462,19300,189078,260365,71288,6
"chr10",125823459,125823719,-0.0795340488396138,0.159068097679228,12270,102321,102646,326,18
"chr1",228371389,228371620,0.0795310043772562,0.159062008754512,8275,103624,146403,42780,5
"chr9",129027969,129028615,0.0795192153116132,0.159038430623226,85939,102699,172432,69734,9
"chr2",69437479,69438826,0.0795043132591648,0.15900862651833,48935,215291,263742,48452,14
"chr17",44354259,44354380,0.079490260690519,0.158980521381038,37728,11610,114271,102662,6
"chr10",121974918,121975207,0.0794745462568631,0.158949092513726,12107,69516,70820,1305,13
"chr14",58297665,58298086,0.0794720953419504,0.158944190683901,25762,203170,205150,1981,17
"chr12",108195818,108196091,-0.0794720862218616,0.158944172443723,21563,223457,264400,40944,2
"chr1",220090178,220090320,0.0794688132661058,0.158937626532212,7934,120080,129134,9055,17
"chr2",111884053,111884161,0.0794428791441801,0.15888575828836,49959,19795,30193,10399,11
"chr7",946083,946148,0.0794366165215174,0.158873233043035,76026,40273,41781,1509,7
"chr2",181657191,181657199,0.0794315921408712,0.158863184281742,51222,106806,120449,13644,12
"chr17",40418163,40418314,0.079422820875034,0.158845641750068,37190,101534,192661,91128,14
"chr12",57737983,57738310,-0.079421832316283,0.158843664632566,20618,68191,80153,11963,14
"chr4",56681359,56682107,-0.0793954745279584,0.158790949055917,65405,99807,111722,11916,13
"chr7",134986273,134986507,0.079393932990401,0.158787865980802,79402,78845,103180,24336,10
"chr10",89644110,89645230,0.0793935849411246,0.158787169882249,10969,227657,238281,10625,21
"chr16",50806408,50806736,-0.0793826365939105,0.158765273187821,33008,195344,214247,18904,8
"chr14",35404477,35404971,0.0793670975786466,0.158734195157293,25376,87350,89378,2029,8
"chr3",192409036,192409668,0.0793550320679886,0.158710064135977,63858,858,10873,10016,8
"chr19",12890982,12891156,0.0793462697889707,0.158692539577941,43279,298774,300345,1572,15
"chr16",29746013,29746054,0.0793127787415531,0.158625557483106,32504,83783,87580,3798,12
"chr12",68332544,68332694,0.0793080650553017,0.158616130110603,20827,175432,183028,7597,12
"chr19",7555279,7555711,0.0793056772396257,0.158611354479251,42565,12719,297895,285177,2
"chr11",17544338,17544504,-0.0792964847368055,0.158592969473611,13705,18767,43539,24773,10
"chr9",122159309,122159890,0.0792628020389385,0.158525604077877,85468,178430,188556,10127,12
"chr6",20403098,20403147,-0.0792499617935466,0.158499923587093,71829,262295,276592,14298,4
"chr7",27739535,27739905,0.0792472367763189,0.158494473552638,76849,193282,228327,35046,17
"chr19",35328872,35329082,-0.0792383958074964,0.158476791614993,44451,112677,193253,80577,5
"chr7",13989660,13992167,0.0792306570809294,0.158461314161859,76566,84326,96784,12459,34
"chr5",177337418,177337454,-0.0792264310597228,0.158452862119446,71057,38390,282936,244547,2
"chr11",125111973,125112242,-0.079207299259189,0.158414598518378,17666,80678,122983,42306,13
"chr8",113436769,113437258,-0.0792052639566487,0.158410527913297,82498,232383,287743,55361,16
"chr1",170664004,170664367,0.0791858075326036,0.158371615065207,6474,164054,224645,60592,6
"chr3",149658002,149658885,0.0791661294031236,0.158332258806247,62853,39224,86803,47580,25
"chr10",8055368,8055837,0.0791591197065453,0.158318239413091,9159,129330,305320,175991,5
"chr18",657288,658445,0.0791156605870111,0.158231321174022,40237,115397,193528,78132,18
"chr4",1385902,1386231,-0.0791049796864141,0.158209959372828,64282,112191,163691,51501,3
"chr4",95840028,95840055,-0.0790597626240983,0.158119525248197,66018,62250,72079,9830,11
"chr6",52419975,52420634,0.0790587482293288,0.158117496458658,73737,40105,43405,3301,14
"chr12",54280326,54280678,0.0790359935961209,0.158071987192242,20148,181627,183493,1867,21
"chr8",26291309,26291539,-0.0790335351030655,0.158067070206131,80967,65295,87060,21766,16
"chr17",7929845,7932965,0.0789925799259068,0.157985159851814,35667,275272,292151,16880,33
"chr16",71809003,71810199,0.0789901024983238,0.157980204996648,33886,257472,262771,5300,15
"chr20",44909781,44909886,-0.0789865912908401,0.15797318258168,54687,120673,124534,3862,12
"chr7",7970035,7970081,0.0789837219777224,0.157967443955445,76503,249457,254459,5003,7
"chr4",51842543,51843190,0.0789538308930121,0.157907661786024,65249,87031,97906,10876,16
"chr1",162412872,162413058,0.0789519170118877,0.157903834023775,6246,136853,310675,173823,6
"chr2",183038114,183039018,-0.0789446916475027,0.157889383295005,51255,94919,108343,13425,15
"chr3",52897648,52897810,0.0789280688880534,0.157856137776107,60967,300136,300856,721,9
"chr6",163054220,163054292,0.0789077242826218,0.157815448565244,75704,179634,186574,6941,4
"chr2",55693929,55693990,0.0789016088001384,0.157803217600277,48678,158164,164544,6381,12
"chr20",54174439,54175002,-0.078890669881349,0.157781339762698,55123,206556,232245,25690,13
"chr11",78574738,78574992,0.0788814542660857,0.157762908532171,16384,170484,183324,12841,11
"chr20",21511920,21512276,-0.0788524389666951,0.15770487793339,53743,75317,103612,28296,5
"chr13",32428110,32428132,0.0788480319002035,0.157696063800407,23327,203062,218181,15120,14
"chr12",118104222,118104449,0.0788352035103249,0.15767040702065,22087,190597,237006,46410,9
"chr1",89065773,89066231,-0.0788134531386202,0.15762690627724,3992,89577,243525,153949,3
"chr12",89352574,89353962,0.0788056208745352,0.15761124174907,21131,171655,172005,351,23
"chr5",51383540,51383842,0.078804245567625,0.15760849113525,68223,241357,252006,10650,20
"chr7",32943302,32943400,0.078803606585915,0.15760721317183,76994,168105,174457,6353,6
"chr5",139482884,139482902,0.0788019146246978,0.157603829249396,69823,245514,245630,117,8
"chr6",72621939,72621952,0.0787986811756232,0.157597362351246,73948,139029,241539,102511,10
"chr2",37230453,37231925,0.0787839724942741,0.157567944988548,48256,93738,94845,1108,19
"chr1",151059875,151060531,-0.0787713566101766,0.157542713220353,5089,141384,154731,13348,15
"chr2",40451478,40451936,-0.0787588642839559,0.157517728567912,48358,160761,160779,19,8
"chr12",48525661,48525688,0.078746707607349,0.157493415214698,19488,116775,188284,71510,4
"chr6",32148876,32149156,-0.0787415217696381,0.157483043539276,72661,47147,48432,1286,25
"chr5",140547198,140547573,0.0787285204433838,0.157457040886768,69884,161679,247359,85681,12
"chr5",80654792,80655137,0.0787152737256311,0.157430547451262,68814,86688,90822,4135,11
"chr17",42658541,42659502,-0.0787007034896614,0.157401406979323,37491,199093,210070,10978,7
"chr1",155016310,155017181,0.0786986587570349,0.15739731751407,5539,287353,305885,18533,4
"chr3",159764624,159764894,0.0786842048826491,0.157368409765298,63095,157047,160087,3041,12
"chr12",7891947,7891953,-0.0786767290833783,0.157353458166757,18502,238533,266849,28317,2
"chr15",66781103,66781604,0.0786645591254402,0.15732911825088,29360,197464,203613,6150,4
"chr20",20016962,20017409,-0.0785784645369866,0.157156929073973,53702,86034,86102,69,22
"chr3",138936985,138937629,0.0785512085019412,0.157102417003882,62637,129892,145716,15825,12
"chr19",11435524,11435704,0.0785504818213656,0.157100963642731,43102,240022,241239,1218,28
"chr13",48036884,48037902,-0.0785488654659011,0.157097730931802,23651,251729,292679,40951,13
"chr12",49794921,49795108,-0.0785466620430299,0.15709332408606,19660,45704,54579,8876,4
"chr11",20387387,20387394,0.0785432329749749,0.15708646594995,13837,174725,176544,1820,15
"chr15",90529565,90530160,0.0785256564235146,0.157051312847029,30410,72616,198429,125814,6
"chr11",73875731,73877385,-0.0785246986427085,0.157049397285417,16119,96420,103251,6832,19
"chr2",177392448,177392587,0.0785038925239383,0.157007785047877,51118,90976,107655,16680,14
"chr4",1655229,1655465,-0.0785015987541454,0.157003197508291,64288,36570,39309,2740,5
"chr1",98046381,98046638,0.0784876395259165,0.156975279051833,4181,164923,234866,69944,13
"chr12",53379538,53379998,0.0784831793073652,0.15696635861473,20053,188087,191538,3452,12
"chr15",26115730,26115783,0.0784784579659505,0.156956915931901,27930,126185,235909,109725,4
"chr10",100267985,100269043,0.0784717669351905,0.156943533870381,11390,182562,240129,57568,13
"chr19",14529437,14530055,0.0784703051892579,0.156940610378516,43455,217205,296729,79525,22
"chr6",150025876,150025917,-0.0784702433575521,0.156940486715104,75354,43853,46317,2465,12
"chr17",64230646,64231537,-0.078465129947396,0.156930259894792,38777,219458,231137,11680,6
"chr1",63324373,63324563,-0.078463705143527,0.156927410287054,3575,18800,80219,61420,8
"chr2",200889273,200889545,0.0784627132574685,0.156925426514937,51553,158996,162102,3107,17
"chr12",47773056,47773082,0.078446792200359,0.156893584400718,19431,257658,267171,9514,9
"chr6",163181849,163181858,-0.0784393230036096,0.156878646007219,75706,47479,169382,121904,3
"chr21",42010394,42011162,0.0784377474372088,0.156875494874418,56383,204051,211298,7248,10
"chr5",150412900,150412952,0.0784240966331092,0.156848193266218,70390,140363,141885,1523,12
"chr4",158172763,158173812,-0.0784235657959551,0.15684713159191,66899,147524,238143,90620,12
"chr22",41832815,41832985,0.0784215548750803,0.156843109750161,58413,202672,209847,7176,15
"chr7",2518797,2519257,0.0784041269301747,0.156808253860349,76182,16480,178724,162245,7
"chr12",89352728,89353640,-0.0783960877094762,0.156792175418952,21131,140055,140219,165,23
"chr16",88430068,88430380,0.0783950936654411,0.156790187330882,34488,6391,14683,8293,5
"chr12",56040774,56041885,0.0783724746660232,0.156744949332046,20309,274001,293699,19699,12
"chr6",43635686,43635809,0.0783570567323503,0.156714113464701,73503,173805,173897,93,11
"chr6",52279487,52279516,-0.0783555953199246,0.156711190639849,73726,65068,111535,46468,2
"chr9",137187520,137188716,-0.078344862434484,0.156689724868968,86715,69548,86547,17000,13
"chr11",67443847,67443908,-0.0783253628090826,0.156650725618165,15689,174817,186073,11257,10
"chr4",73223396,73223452,0.0783241264191902,0.15664825283838,65591,231873,262772,30900,3
"chr11",2300820,2301499,0.0783190837765028,0.156638167553006,12933,167721,170209,2489,38
"chr17",44911416,44911431,0.078284536316904,0.156569072633808,37786,20752,21325,574,4
"chr16",171802,171812,0.0782844525031634,0.156568905006327,30756,218906,255555,36650,3
"chr5",132011649,132011954,-0.0782793137603626,0.156558627520725,69471,64330,69659,5330,14
"chr2",202275495,202276512,-0.0782618157406448,0.15652363148129,51636,113731,166113,52383,4
"chr12",120667036,120667106,-0.0782554734263518,0.156510946852704,22216,72774,83076,10303,3
"chr20",2864067,2864572,0.0782471661058276,0.156494332211655,53294,96746,130438,33693,7
"chr1",62688616,62688997,0.0782467969693867,0.156493593938773,3567,140695,143119,2425,7
"chr6",96898049,96898201,0.0782310690343879,0.156462138068776,74272,97554,123022,25469,13
"chr13",110512619,110513072,0.0782264712430036,0.156452942486007,24471,51240,102169,50930,7
"chr13",36432474,36432611,0.0782254247242243,0.156450849448449,23387,92693,95025,2333,9
"chr7",18997201,18997441,0.0782251829512525,0.156450365902505,76623,255200,310718,55519,3
"chr15",90903281,90903715,-0.0781777693222671,0.156355538644534,30440,111433,195416,83984,9
"chr4",184806027,184806235,-0.0781380202290931,0.156276040458186,67227,236767,261558,24792,8
"chr22",29334271,29334670,0.0781342317373672,0.156268463474734,57491,198704,208175,9472,3
"chr1",202010439,202010636,0.0781180711247578,0.156236142249516,7207,141082,155257,14176,12
"chr3",24494761,24495321,-0.0780967307366555,0.156193461473311,59638,11560,14573,3014,29
"chr9",113463484,113463513,0.0780445575582827,0.156089115116565,85254,68888,170236,101349,7
"chr13",111319335,111319386,0.0780371669467962,0.156074333893592,24524,229623,294749,65127,4
"chr8",86508849,86508951,0.078020498663501,0.156040997327002,82059,171314,171424,111,15
"chr22",36703019,36703050,-0.0780196990216303,0.156039398043261,57911,197638,215522,17885,17
"chr13",44142360,44142591,0.0780111919954264,0.156022383990853,23547,230097,273353,43257,8
"chr6",122789096,122789156,-0.0780042330718969,0.156008466143794,74765,127422,128628,1207,12
"chr6",31779164,31779433,-0.0780016798238278,0.156003359647656,72578,173534,174643,1110,20
"chr7",27185451,27185909,0.077966990485527,0.155933980971054,76827,8305,8460,156,40
"chr19",54149679,54149707,0.0779550774182051,0.15591015483641,46759,254190,260188,5999,3
"chr3",194135200,194136412,-0.077943241477912,0.155886482955824,63897,166064,166721,658,25
"chr19",12737167,12737173,0.0779377613596407,0.155875522719281,43232,124419,136379,11961,11
"chr8",75407909,75407915,-0.077935506217806,0.155871012435612,81937,12318,12552,235,8
"chr2",106065481,106065547,-0.0779325640796271,0.155865128159254,49852,38896,60498,21603,10
"chr5",10278893,10279242,0.0779287656288607,0.155857531257721,67673,160988,264153,103166,2
"chr5",37370980,37371526,0.0779102653578577,0.155820530715715,68025,102968,116538,13571,17
"chr14",60980863,60981563,0.0778980974289447,0.155796194857889,25853,197401,198252,852,17
"chr19",4831879,4831939,-0.0778921486172948,0.15578429723459,42304,258496,292109,33614,8
"chr5",181203287,181203434,-0.077869561371599,0.155739122743198,71352,142644,221055,78412,2
"chr10",73781517,73781929,-0.0778677013077423,0.155735402615485,10589,187571,219826,32256,12
"chr22",49918585,49918709,0.0778598309636405,0.155719661927281,58849,26475,56973,30499,12
"chr11",47426292,47426672,0.0778476573202108,0.155695314640422,14374,170327,171033,707,12
"chr11",36400905,36401007,-0.0777829298768111,0.155565859753622,14111,170259,179609,9351,5
"chr17",63742030,63742160,-0.0777639118348245,0.155527823669649,38719,103192,203297,100106,11
"chr9",35731641,35732572,0.0777576223070351,0.15551524461407,84138,93716,96208,2493,15
"chr9",136477183,136477406,-0.0777474499273047,0.155494899854609,86530,228601,236511,7911,7
"chr8",47960066,47960973,-0.0777333326791505,0.155466665358301,81494,8135,23876,15742,15
"chr16",67416645,67416788,-0.0777096201352505,0.155419240270501,33528,62710,96683,33974,11
"chr17",47323270,47324367,0.0776976994431342,0.155395398886268,37927,108338,112431,4094,13
"chr2",15942063,15942909,0.0776946979524787,0.155389395904957,47625,139981,147200,7220,13
"chr11",8964547,8965142,-0.0776866453312346,0.155373290662469,13436,226440,240140,13701,18
"chr4",55948635,55948765,0.0776855190217488,0.155371038043498,65380,162400,268815,106416,6
"chr20",35698272,35700166,0.077682591597575,0.15536518319515,54277,217304,219042,1739,15
"chr17",74356758,74357122,0.0776782584455925,0.155356516891185,39069,2626,8999,6374,9
"chr2",164842130,164842313,0.0776654506347984,0.155330901269597,50766,163333,233882,70550,18
"chr16",88939524,88939927,0.0776363595939262,0.155272719187852,34589,294510,298882,4373,13
"chr20",10673634,10674180,-0.0776113339819622,0.155222667963924,53565,206298,208250,1953,14
"chr2",75645830,75646696,-0.0776047901008757,0.155209580201751,49220,164390,224731,60342,10
"chr5",97183413,97183437,0.0776036503279419,0.155207300655884,69060,236992,241967,4976,11
"chr11",67409443,67409475,0.0775975252204861,0.155195050440972,15671,41924,47135,5212,6
"chr1",149900392,149900612,0.0775854691397134,0.155170938279427,4977,153706,154578,873,18
"chr16",4624676,4624717,-0.0775842028214644,0.155168405642929,31603,54722,116834,62113,12
"chr10",72061009,72061063,0.0775516168311878,0.155103233662376,10484,288211,289007,797,3
"chr15",26970301,26971158,0.0775466191032465,0.155093238206493,27944,58454,62597,4144,16
"chr4",53376771,53377136,-0.0775405348646672,0.155081069729334,65278,161380,246709,85330,11
"chr7",99466233,99466388,0.0775383508228235,0.155076701645647,78298,204341,242826,38486,9
"chr16",75251635,75251749,-0.0775378605137545,0.155075721027509,34022,2234,3938,1705,11
"chr10",2014392,2014406,-0.07753187411374,0.15506374822748,8953,111033,168760,57728,4
"chr9",94030673,94030691,-0.0775086577497977,0.155017315499595,84737,3339,3500,162,9
"chr5",119353598,119354279,0.0774916171486861,0.154983234297372,69306,70956,149400,78445,7
"chr2",71130010,71130355,-0.0774680196054741,0.154936039210948,49023,81329,134274,52946,24
"chr8",144580889,144581162,0.0774511735115553,0.154902347023111,83429,45940,182216,136277,2
"chr2",23927007,23927311,0.0774396200178322,0.154879240035664,47743,20319,61254,40936,9
"chr18",8367100,8367377,-0.077426680229571,0.154853360459142,40385,54976,76984,22009,8
"chr17",36936328,36937443,0.0774185479003178,0.154837095800636,36869,109571,202750,93180,19
"chr10",31527881,31527952,0.0774138301868344,0.154827660373669,9670,188714,280409,91696,2
"chr22",39241244,39242356,0.0774126410141663,0.154825282028333,58189,59531,80803,21273,7
"chr7",64903043,64903197,0.0774097883384548,0.15481957667691,77568,100776,185580,84805,6
"chr18",46072432,46072471,0.0773820701632658,0.154764140326532,40885,107799,194881,87083,11
"chr19",1270277,1270331,0.0773704543761875,0.154740908752375,41714,211300,299458,88159,5
"chr12",93570627,93570919,-0.0773587066582861,0.154717413316572,21212,78720,84887,6168,32
"chr2",98444341,98444618,0.0773519496002324,0.154703899200465,49616,243073,246392,3320,16
"chr14",73830232,73830266,0.0773511249813008,0.154702249962602,26333,253993,256890,2898,5
"chr19",55537890,55538101,-0.0773501711320698,0.15470034226414,46955,250862,268770,17909,4
"chr12",45215870,45216669,-0.0773460979199086,0.154692195839817,19363,97922,98171,250,17
"chr19",41397105,41397294,0.0773253524706377,0.154650704941275,45164,97932,193117,95186,19
"chr19",29941201,29941221,-0.0772979384363993,0.154595876872799,44237,258804,267828,9025,4
"chr11",88509320,88509436,0.0772959304960982,0.154591860992196,16508,6181,50895,44715,5
"chr12",47216223,47216635,0.0772786468678123,0.154557293735625,19406,267848,281485,13638,10
"chr15",50354997,50355625,0.0772256531365907,0.154451306273181,28785,79547,98736,19190,21
"chr14",72476753,72476832,0.0771938614966414,0.154387722993283,26233,297179,304463,7285,4
"chr17",59155213,59155528,0.0771701927445493,0.154340385489099,38533,294798,295541,744,21
"chr12",46826262,46826309,-0.0771549282870965,0.154309856574193,19400,189605,261367,71763,11
"chr2",127526582,127527299,0.0771149689537585,0.154229937907517,50243,165476,307484,142009,13
"chr12",65602675,65602735,-0.077108280174703,0.154216560349406,20759,254990,276300,21311,5
"chr19",53882142,53882150,-0.0770985492086211,0.154197098417242,46712,10993,55263,44271,13
"chr1",180229393,180230239,-0.0770913317330225,0.154182663466045,6749,154548,157003,2456,9
"chr2",159798355,159798525,-0.0770684760127662,0.154136952025532,50690,95522,146906,51385,7
"chr4",183099557,183100149,0.0770605222310804,0.154121044462161,67157,98776,107882,9107,5
"chr2",183038964,183039199,0.077038912791351,0.154077825582702,51255,239571,245859,6289,15
"chr22",24495252,24495370,-0.0770338785117661,0.154067757023532,57283,10878,59359,48482,19
"chr11",65917637,65919749,0.0770113910546308,0.154022782109262,15451,176749,178725,1977,20
"chr1",231162222,231162864,-0.0770002449702674,0.154000489940535,8398,159278,160573,1296,18
"chr16",83953177,83953190,-0.07699678662616,0.15399357325232,34249,74184,77569,3386,7
"chr2",178112254,178112354,-0.0769858805832954,0.153971761166591,51137,82533,119794,37262,5
"chr2",95159567,95159863,-0.0769828261899383,0.153965652379877,49463,38989,39016,28,11
"chr14",102907570,102908856,-0.0769753760250027,0.153950752050005,27421,12283,76966,64684,11
"chr1",63593120,63593584,0.0769730636256615,0.153946127251323,3585,275981,281736,5756,16
"chr11",77820850,77821154,-0.0769581215903427,0.153916243180685,16343,5954,8576,2623,12
"chr16",84145496,84145589,-0.0769481922976005,0.153896384595201,34272,193396,196178,2783,15
"chr9",129110263,129110641,0.0769291295359576,0.153858259071915,85957,88409,115404,26996,15
"chr4",106316834,106317007,0.0769222551246572,0.153844510249314,66147,165949,218106,52158,21
"chr10",17644108,17644415,0.0769208038369406,0.153841607673881,9392,185196,187651,2456,13
"chr3",197003605,197003738,0.0769002849555408,0.153800569911082,64073,120761,151582,30822,6
"chr2",70899809,70900446,0.0768869038896455,0.153773807779291,49007,141374,141646,273,23
"chr17",49973017,49973148,0.0768671219861316,0.153734243972263,38144,287315,292808,5494,10
"chr13",51452668,51454073,-0.076867016814329,0.153734033628658,23789,71626,83609,11984,20
"chr12",121209380,121209414,-0.0768026979190109,0.153605395838022,22257,87765,88671,907,14
"chr10",77926507,77926686,-0.0767917878075344,0.153583575615069,10705,50382,92583,42202,13
"chr16",3400549,3401666,-0.0767779064708647,0.153555812941729,31458,199358,206150,6793,17
"chr2",63049992,63050060,-0.0767714199041258,0.153542839808252,48791,166115,166658,544,51
"chr2",88169488,88170273,0.0767626844568788,0.153525368913758,49425,105708,156193,50486,9
"chr19",15507655,15508425,0.0767518249996121,0.153503649999224,43571,235433,250086,14654,9
"chr4",6640715,6640723,0.0767514793331424,0.153502958666285,64563,140763,147315,6553,10
"chr16",88707271,88707788,-0.076740329837172,0.153480659674344,34536,223428,290388,66961,4
"chr14",23567915,23569298,-0.076738053606484,0.153476107212968,25094,126988,128567,1580,21
"chr7",87219697,87219723,0.0767022753854296,0.153404550770859,77972,138795,140525,1731,21
"chr12",49018357,49018593,-0.0766914031764457,0.153382806352891,19561,196297,233774,37478,17
"chr1",27772470,27772605,0.0766878064337934,0.153375612867587,1945,225971,233838,7868,9
"chr4",128178500,128178562,-0.0766842541473142,0.153368508294628,66486,256102,267187,11086,2
"chr13",39038180,39038538,0.076681852572368,0.153363705144736,23432,52144,73450,21307,20
"chr19",7519355,7520200,-0.0766815099506574,0.153363019901315,42556,216316,293991,77676,5
"chr19",23003993,23004580,0.0766506452150958,0.153301290430192,44177,227273,233620,6348,5
"chr20",35665004,35665176,0.0766478155788845,0.153295631157769,54273,272774,296949,24176,9
"chr3",81985118,81986088,-0.0766456738555703,0.153291347711141,61440,260607,269006,8400,6
"chr16",56682099,56682537,0.076626142359986,0.153252284719972,33164,204246,206318,2073,8
"chr20",62667599,62667774,-0.0765752108994797,0.153150421798959,55436,133936,204487,70552,5
"chr17",8867637,8867738,-0.076566329366394,0.153132658732788,35787,197550,199131,1582,7
"chr3",11019249,11019389,0.0765614260199849,0.15312285203997,59281,255003,265143,10141,2
"chr3",149780320,149780431,0.0765546689497799,0.15310933789956,62860,224951,255458,30508,2
"chr19",536244,536296,0.076549597962283,0.153099195924566,41534,58687,202030,143344,2
"chr3",23805718,23805806,-0.0765471372209682,0.153094274441936,59618,161494,271017,109524,11
"chr16",69106891,69107534,-0.0765329833121858,0.153065966624372,33692,56857,96789,39933,12
"chr3",50320161,50320213,0.0765221722021504,0.153044344404301,60700,144014,147805,3792,7
"chr6",30325122,30326393,0.07652010980913,0.15304021961826,72302,133268,161190,27923,42
"chr19",54115736,54115786,-0.0765165864881131,0.153033172976226,46752,77850,78684,835,13
"chr3",62372559,62372566,0.0765030975828105,0.153006195165621,61200,77907,78473,567,4
"chr19",45902760,45903133,0.0764864770261899,0.15297295405238,45691,75328,76662,1335,11
"chr16",66844290,66845113,-0.0764861610388899,0.15297232207778,33421,100509,108253,7745,16
"chr12",6492701,6493668,0.0764781692062619,0.152956338412524,18306,217444,251316,33873,16
"chr18",24459893,24460041,0.076470351327612,0.152940702655224,40654,201690,241503,39814,4
"chr7",13989735,13990630,0.0764628583349862,0.152925716669972,76566,187458,187539,82,34
"chr11",129374546,129374610,0.0764563631914995,0.152912726382999,17816,768,7729,6962,3
"chr7",43729415,43729689,-0.0764552276624584,0.152910455324917,77178,179087,179399,313,13
"chr1",239386983,239387003,0.0764437827703723,0.152887565540745,8586,5309,11787,6479,8
"chr6",111873494,111873988,-0.0764349758321232,0.152869951664246,74569,122802,173691,50890,12
"chr1",99969874,99969929,0.0764321334882204,0.152864266976441,4206,144137,144348,212,22
"chr13",32428310,32428327,-0.0764269199611047,0.152853839922209,23327,52523,53772,1250,14
"chr11",15114910,15114959,0.0764019988764655,0.152803997752931,13640,17463,41457,23995,12
"chr2",209771674,209771840,-0.0763902561773147,0.152780512354629,51822,23906,66099,42194,9
"chr14",104175066,104175401,-0.0763870013079226,0.152774002615845,27543,52709,56187,3479,2
"chr11",68030419,68030446,0.0763850319991779,0.152770063998356,15758,43746,47092,3347,12
"chr12",12874751,12875104,0.0763827710069091,0.152765542013818,18802,183819,193788,9970,2
"chr12",109451626,109451644,0.0763808975231459,0.152761795046292,21672,85212,177719,92508,3
"chr21",46132429,46132714,0.0763759088668235,0.152751817733647,56693,76145,202147,126003,5
"chr9",19103103,19103111,-0.0763682199435098,0.15273643988702,83768,184568,192148,7581,8
"chr9",127802230,127802677,-0.076359124100714,0.152718248201428,85756,93814,175017,81204,16
"chr22",46263063,46263420,0.076358160105521,0.152716320211042,58741,7294,76591,69298,7
"chr16",28950715,28951200,0.0763551881462411,0.152710376292482,32474,99522,194822,95301,9
"chr4",86849423,86849591,-0.076354098555794,0.152708197111588,65883,152237,280781,128545,6
"chr7",43926049,43926661,0.0763477122401091,0.152695424480218,77187,89989,95735,5747,15
"chr4",173333661,173335252,0.0763447723836862,0.152689544767372,67059,161401,161543,143,25
"chr12",56087606,56087875,0.0763285364849469,0.152657072969894,20315,305501,312321,6821,5
"chr10",5411771,5411899,-0.0763223346382316,0.152644669276463,9034,233243,258885,25643,10
"chr6",33201350,33202993,0.0763201664481153,0.152640332896231,72806,190740,191025,286,85
"chr19",40443421,40444616,0.0763007114005564,0.152601422801113,45042,27683,54202,26520,21
"chr22",35399959,35400196,0.0762598555583178,0.152519711116636,57833,52318,206245,153928,4
"chr17",40176338,40176451,-0.0762593116562929,0.152518623312586,37159,222225,230707,8483,17
"chr6",13614670,13615338,0.0762522369381926,0.152504473876385,71739,87082,100465,13384,13
"chr1",40161378,40161391,-0.0762228709333418,0.152445741866684,2660,93219,93984,766,10
"chr7",100673594,100673637,0.0762101023287756,0.152420204657551,78485,130072,178566,48495,9
"chr4",143699936,143700232,0.0761960184731349,0.15239203694627,66654,120110,157742,37633,4
"chr3",194134979,194135206,0.0761932339752107,0.152386467950421,63897,157066,157646,581,25
"chr1",163071912,163071983,0.0761548495668374,0.152309699133675,6274,156680,271202,114523,2
"chr9",13279529,13279549,-0.0761513579810862,0.152302715962172,83690,65960,66859,900,10
"chr3",66500311,66500498,0.0761506503026827,0.152301300605365,61294,88966,109119,20154,4
"chr6",1388571,1388911,0.0761313118378438,0.152262623675688,71402,86587,105645,19059,4
"chr12",54015445,54016707,0.0761172021267971,0.152234404253594,20124,209224,214563,5340,31
"chr2",74440473,74441849,0.0761102896442034,0.152220579288407,49162,77737,84889,7153,16
"chr1",3779617,3780171,0.0760791502967555,0.152158300593511,439,31986,135629,103644,5
"chr10",87862774,87862816,0.0760778029433242,0.152155605886648,10901,49104,49221,118,54
"chr9",128881986,128882260,-0.0760611092791299,0.15212221855826,85921,63832,64715,884,14
"chr4",170026628,170026773,-0.0760610752211658,0.152122150442332,67039,1939,144411,142473,2
"chr5",71455396,71455575,0.0760408576643925,0.152081715328785,68572,154545,162801,8257,8
"chr17",49995341,49995469,0.0760368101722445,0.152073620344489,38149,95251,111308,16058,12
"chr16",1771558,1772288,0.0760325322942151,0.15206506458843,31076,97125,97982,858,14
"chr2",25204239,25204245,-0.0760315255123116,0.152063051024623,47809,33397,63650,30254,4
"chr6",144187434,144187548,-0.0760300356978769,0.152060071395754,75227,108746,172437,63692,6
"chr16",2980655,2980952,-0.0760288145214435,0.152057629042887,31371,208143,257705,49563,8
"chr1",112509155,112509224,0.0759933569539654,0.151986713907931,4569,156615,159780,3166,13
"chr19",12945015,12945254,0.07598616396962,0.15197232793924,43293,97894,116921,19028,11
"chr19",12801438,12801713,0.0759610274493469,0.151922054898694,43251,99897,111716,11820,16
"chr2",108719171,108719330,0.0759588377023594,0.151917675404719,49911,13541,86060,72520,7
"chr19",45691509,45692477,0.0759530867439821,0.151906173487964,45649,219476,293914,74439,19
"chr6",4135057,4135248,0.0759475380501319,0.151895076100264,71522,256367,266128,9762,15
"chr15",45522329,45523338,0.0759418581015378,0.151883716203076,28690,96446,134640,38195,15
"chr12",48784886,48784999,0.0759292985619648,0.15185859712393,19518,233513,259686,26174,3
"chr1",1308440,1309206,-0.0759277750565162,0.151855550113032,119,66217,70561,4345,24
"chr13",36214706,36214724,-0.0759237976533797,0.151847595306759,23377,52453,53305,853,8
"chr15",42166635,42166882,-0.0759218951821053,0.151843790364211,28465,275884,278413,2530,2
"chr8",143429872,143430046,-0.075916434528196,0.151832869056392,83153,3971,11181,7211,12
"chr2",55693959,55694740,0.0759076089214805,0.151815217842961,48678,87445,110868,23424,12
"chr17",58514389,58514740,0.0759006586620095,0.151801317324019,38498,55115,110134,55020,4
"chr16",86286806,86286883,0.0758921655584107,0.151784331116821,34391,697,13494,12798,6
"chr2",42361320,42361394,0.0758900694337961,0.151780138867592,48381,153581,156154,2574,12
"chr1",114780706,114780812,0.0758693442581473,0.151738688516295,4676,95985,152442,56458,7
"chr1",225428144,225428888,-0.0758442553717931,0.151688510743586,8084,240479,245587,5109,17
"chr9",35812329,35812391,0.0758254155564502,0.1516508311129,84159,127750,129256,1507,9
"chr2",96335073,96335186,-0.075823052496439,0.151646104992878,49522,4580,93214,88635,8
"chr17",17180609,17180648,0.0758185516728969,0.151637103345794,36062,278071,290885,12815,2
"chr9",96566940,96566945,0.0757990095789331,0.151598019157866,84842,63465,67661,4197,13
"chr11",116788159,116788171,0.0757927604776062,0.151585520955212,17082,39454,40222,769,9
"chr10",50990181,50991219,-0.0505279628543598,0.151583888563079,10061,189858,251458,61601,14
"chr20",6006185,6006333,0.0757803900970783,0.151560780194157,53478,93294,139565,46272,13
"chr1",30721520,30721688,-0.0757682281475159,0.151536456295032,2071,164810,280237,115428,3
"chr19",45641704,45642372,0.075766636735514,0.151533273471028,45639,123220,195307,72088,11
"chr6",29612563,29612583,0.0757572863590539,0.151514572718108,72198,169627,174648,5022,4
"chr5",151770870,151771423,0.075738247463939,0.151476494927878,70496,79340,101355,22016,28
"chr17",2401117,2401292,-0.0757304715820609,0.151460943164122,35027,71193,71600,408,17
"chr5",88667028,88667671,-0.0757167631580405,0.151433526316081,68895,117034,131801,14768,9
"chr9",87725503,87725516,-0.0756993497823482,0.151398699564696,84545,63577,72065,8489,12
"chr7",31052198,31052627,-0.0756781237339723,0.151356247467945,76954,43439,70152,26714,6
"chr1",89821719,89821964,0.0756725068041606,0.151345013608321,4023,88392,98657,10266,17
"chr4",158768037,158768591,0.0756632712027768,0.151326542405554,66917,163907,221267,57361,7
"chr3",131381520,131381574,0.0756546008545876,0.151309201709175,62432,90650,92808,2159,7
"chr9",109321678,109321725,0.0756265759348101,0.15125315186962,85128,214159,219068,4910,3
"chr13",110150391,110150402,-0.0756202449479982,0.151240489895996,24449,201226,201334,109,7
"chr14",21069368,21069759,-0.0756172841003059,0.151234568200612,24875,133149,197607,64459,20
"chr3",69052424,69052512,0.0755984103917237,0.151196820783447,61315,147698,150504,2807,12
"chr20",58514957,58515066,-0.0755838774143531,0.151167754828706,55231,11300,15727,4428,14
"chr4",38109189,38109752,-0.0755594524625602,0.15111890492512,64996,140285,213161,72877,18
"chr11",65180766,65181963,0.0755437319165494,0.151087463833099,15291,71696,83942,12247,20
"chr3",99817465,99817770,-0.0755359735518898,0.15107194710378,61547,130653,144142,13490,18
"chr9",5890803,5890900,0.0755350473852224,0.151070094770445,83605,183264,282814,99551,5
"chr12",31985078,31985368,0.0754796200932565,0.150959240186513,19233,283861,286098,2238,3
"chr9",136809014,136809117,-0.0754689434568289,0.150937886913658,86597,177922,222713,44792,4
"chr20",45373632,45373882,0.075453001048437,0.150906002096874,54736,201445,308700,107256,3
"chr16",1420502,1421384,0.075450693913916,0.150901387827832,30999,275293,292313,17021,11
"chr10",75402993,75403005,0.0754312468517494,0.150862493703499,10667,66338,68022,1685,15
"chr10",77842039,77842102,-0.0754291593394318,0.150858318678864,10700,42334,190059,147726,2
"chr9",116187534,116187854,-0.0754141477389676,0.150828295477935,85344,228621,282742,54122,7
"chr16",88703753,88703953,-0.0754068160226627,0.150813632045325,34534,266864,270762,3899,12
"chr11",32434794,32435711,-0.0754010462248314,0.150802092449663,13967,43047,50200,7154,21
"chr1",28886714,28886855,0.0753888631198064,0.150777726239613,2033,81069,105121,24053,10
"chr1",205504419,205504750,0.0753846616456642,0.150769323291328,7501,158861,162275,3415,12
"chr11",106022449,106022966,0.0753737293021302,0.15074745860426,16767,221699,227826,6128,17
"chr19",7680491,7680638,0.0753573543104561,0.150714708620912,42600,203607,205126,1520,6
"chr19",695564,695568,0.0753424152467194,0.150684830493439,41564,14225,123687,109463,5
"chr6",28399867,28399972,0.0753396898420586,0.150679379684117,72112,104588,110383,5796,12
"chr19",48603592,48603626,-0.075336475077627,0.150672950155254,45987,10439,75923,65485,4
"chr6",99515695,99516238,0.075314053293498,0.150628106586996,74313,258237,265698,7462,15
"chr7",39609625,39610300,0.0753113277121821,0.150622655424364,77112,173576,274849,101274,6
"chr1",230979031,230979114,0.075295712687651,0.150591425375302,8392,18299,20470,2172,15
"chr2",219543277,219544015,0.0752731931918505,0.150546386383701,52208,99291,137996,38706,14
"chr5",94111705,94111895,0.0752642495687256,0.150528499137451,68965,36446,37111,666,10
"chr14",100725936,100725940,0.0752535063114577,0.150507012622915,27218,98521,124016,25496,20
"chr19",8832038,8832070,0.0752529724433041,0.150505944886608,42762,292334,296939,4606,5
"chr12",121209325,121209402,0.0752498906525687,0.150499781305137,22257,107262,116164,8903,14
"chr17",45317502,45317593,-0.0752308187613005,0.150461637522601,37845,212050,218589,6540,9
"chr10",25016766,25017436,-0.0752276768139118,0.150455353627824,9526,178170,192186,14017,14
"chr4",156971007,156971035,0.0752116558582229,0.150423311716446,66888,230585,244043,13459,15
"chr15",80591587,80591656,0.0751914188244341,0.150382837648868,29998,5081,127724,122644,2
"chr22",37019783,37020481,0.0751905630702196,0.150381126140439,57933,272346,299836,27491,12
"chr3",132660104,132660431,-0.075183318079791,0.150366636159582,62462,138324,143603,5280,24
"chr12",122226083,122227441,0.0751747366527158,0.150349473305432,22364,82369,91992,9624,26
"chr1",154220140,154221573,0.0751739903438339,0.150347980687668,5443,162019,249512,87494,19
"chr3",100334528,100334538,0.0751648203050132,0.150329640610026,61567,146782,159569,12788,11
"chr13",112331149,112331971,0.0751604462803037,0.150320892560607,24544,75010,75265,256,12
"chr2",176116555,176116600,0.0751430578607581,0.150286115721516,51073,576,8563,7988,17
"chr11",73928354,73928383,0.0751420853533618,0.150284170706724,16126,69369,273806,204438,2
"chr8",85466029,85466086,0.0751293815165018,0.150258763033004,82045,223482,239337,15856,3
"chr17",44186803,44187078,-0.0751180281980854,0.150236056396171,37688,203625,207735,4111,18
"chr10",124093661,124094923,0.0751156453198017,0.150231290639603,12204,222986,233551,10566,14
"chr8",22164332,22164522,0.0751092284105488,0.150218456821098,80785,96443,111544,15102,5
"chr11",66546388,66546888,0.0750969427687018,0.150193885537404,15549,130144,170391,40248,17
"chr1",109619699,109619723,0.0750854183149092,0.150170836629818,4397,112542,149347,36806,27
"chr2",160062389,160062873,-0.075064002053977,0.150128004107954,50700,119330,141448,22119,14
"chr7",98171583,98171620,0.0750621443473597,0.150124288694719,78202,17825,126466,108642,2
"chr10",114993600,114993613,0.0750412864939134,0.150082572987827,11930,243191,274421,31231,3
"chr13",38687032,38687288,0.0750342601821192,0.150068520364238,23418,52382,58760,6379,13
"chr22",38656523,38656535,0.0750261559662028,0.150052311932406,58124,138776,140530,1755,22
"chr1",42683029,42683142,0.0750256613238961,0.150051322647792,2773,61228,69599,8372,18
"chr2",74465166,74465510,0.0750248337376543,0.150049667475309,49165,30123,39947,9825,9
"chr1",153945810,153946183,0.075005092541293,0.150010185082586,5406,156691,156989,299,14
"chr19",18437773,18438119,0.0750045907169985,0.150009181433997,43935,119,4959,4841,19
"chr6",25962278,25962759,0.0750016280856787,0.150003256171357,71935,129780,132742,2963,6
"chr7",35801004,35801013,0.0749809049982212,0.149961809996442,77034,19542,28819,9278,13
"chr3",57201227,57201303,-0.0749790610529543,0.149958122105909,61080,163247,250745,87499,3
"chr1",228487116,228487208,0.074973705987705,0.14994741197541,8297,148560,150369,1810,13
"chr3",186806407,186806988,-0.0749550091851205,0.149910018370241,63708,95019,95038,20,20
"chr8",55772104,55773555,0.074952940553899,0.149905881107798,81611,290611,300768,10158,25
"chr16",30370745,30371196,0.0749449564931094,0.149889912986219,32616,208896,209532,637,9
"chr14",22919233,22919370,0.0749350094387399,0.14987001887748,24985,292672,298142,5471,16
"chr4",134202481,134202968,-0.0749317027164837,0.149863405432967,66521,275397,306382,30986,10
"chr12",109093609,109093634,0.0749314364516532,0.149862872903306,21636,44961,58386,13426,8
"chr16",31700612,31700718,-0.0749232027457604,0.149846405491521,32827,96580,239074,142495,4
"chr1",9182897,9183183,0.0749064253542491,0.149812850708498,697,30710,112126,81417,5
"chr5",113295279,113295360,0.0749041470457231,0.149808294091446,69223,239072,242480,3409,13
"chr1",1167453,1167845,-0.0748935871781999,0.1497871743564,70,29652,31366,1715,11
"chr14",90256362,90256634,0.0748667362002851,0.14973347240057,26752,291976,295240,3265,10
"chr2",37230884,37231695,0.074852636226889,0.149705272453778,48256,300828,309391,8564,19
"chr3",100709161,100709189,-0.0748338771595907,0.149667754319181,61578,92654,104625,11972,17
"chr1",145824080,145824226,-0.074809392961737,0.149618785923474,4873,64527,67850,3324,14
"chr2",201781077,201781199,0.0748052883979369,0.149610576795874,51613,130323,145060,14738,13
"chr19",7489098,7489251,-0.0747967686323427,0.149593537264685,42549,62180,72922,10743,9
"chr13",91349420,91350697,0.0747912314416772,0.149582462883354,24122,112927,117308,4382,11
"chr2",85354405,85355235,0.0747820643963887,0.149564128792777,49303,164546,166622,2077,18
"chr17",7674199,7674263,0.0747715059613025,0.149543011922605,35600,312233,312245,13,141
"chr1",11761926,11762096,0.0747282083244938,0.149456416648988,881,78298,117300,39003,8
"chr4",1113707,1113918,0.0747224045324415,0.149444809064883,64244,29528,37107,7580,11
"chr12",112977654,112978250,0.0747198754102444,0.149439750820489,21901,227391,242348,14958,9
"chr12",25251634,25252383,-0.0747152413206224,0.149430482641245,19081,171531,171786,256,22
"chr10",27155025,27155770,0.0747123853273296,0.149424770654659,9569,168098,179217,11120,17
"chr14",68793936,68794676,0.0747053042068433,0.149410608413687,26112,207195,207310,116,17
"chr20",38723969,38724515,0.0746951378543357,0.149390275708671,54472,94217,204537,110321,8
"chr17",38853720,38854399,-0.0746913866431242,0.149382773286248,36973,298505,299418,914,19
"chr6",30721091,30721904,0.0746840145615685,0.149368029123137,72371,180342,184229,3888,27
"chr2",118087957,118088193,0.0746728252521223,0.149345650504245,50101,154444,158057,3614,13
"chr14",73886433,73886608,0.0746576607754636,0.149315321550927,26337,253026,264519,11494,10
"chr20",59577226,59577318,0.0746422323921531,0.149284464784306,55289,12026,63214,51189,4
"chr7",30911471,30912094,-0.0746209211034723,0.149241842206945,76949,4083,16441,12359,14
"chr8",4994908,4994966,-0.074620891401,0.149241782802,80393,3608,44419,40812,12
"chr22",38982230,38982377,0.0745921851564417,0.149184370312883,58164,114443,127580,13138,3
"chr1",196608257,196608611,0.0745723547501864,0.149144709500373,7013,7886,89111,81226,6
"chr19",1230769,1230989,-0.0745653624610953,0.149130724922191,41698,12035,201313,189279,3
"chr7",97020859,97021011,0.0745376551023584,0.149075310204717,78187,49468,93852,44385,5
"chr6",31728521,31729075,0.0745317106249486,0.149063421249897,72559,195264,200733,5470,50
"chr7",121873218,121873223,-0.0745209636109508,0.149041927221902,79023,43052,65846,22795,13
"chr15",64382514,64382519,-0.0745164976501396,0.149032995300279,29199,129631,198245,68615,13
"chr14",73490746,73490825,0.0745110568361694,0.149022113672339,26295,121246,130055,8810,7
"chr7",150800241,150800650,0.0745010094700643,0.149002018940129,79951,111757,138348,26592,20
"chr10",131982058,131983019,-0.0744926369159254,0.148985273831851,12383,9328,14184,4857,12
"chr11",102467184,102467193,0.0744860693927842,0.148972138785568,16702,250300,271850,21551,5
"chr8",47959899,47960716,0.0744757952741589,0.148951590548318,81494,114907,130089,15183,15
"chr16",57628432,57628435,-0.0744735842039314,0.148947168407863,33249,209333,241575,32243,16
"chr12",21378253,21378709,-0.0744579965736525,0.148915993147305,18998,128222,293527,165306,2
"chr14",59870907,59870956,0.0744522962204152,0.14890459244083,25808,206656,210085,3430,12
"chr22",30968844,30969826,0.0744435705333146,0.148887141066629,57652,99415,105916,6502,15
"chr12",55927186,55928105,0.0744424577288031,0.148884915457606,20280,139472,166895,27424,18
"chr2",176079186,176079714,-0.0744390752444502,0.1488781504889,51060,10618,109827,99210,6
"chr6",138499551,138499577,0.0744306129547071,0.148861225909414,75120,234955,238952,3998,9
"chr7",23105414,23106314,0.074424606798737,0.148849213597474,76701,101506,104868,3363,22
"chr12",68332152,68332830,-0.0744162971861152,0.14883259437223,20827,89773,98611,8839,12
"chr3",9812997,9813000,0.0744133141810299,0.14882662836206,59181,33860,122992,89133,4
"chr17",34961318,34961913,0.0743999104949639,0.148799820989928,36741,98665,101532,2868,21
"chr12",22624475,22624856,0.0743939854320706,0.148787970864141,19040,188862,199303,10442,16
"chr3",138009989,138010153,0.0743904642028367,0.148780928405673,62586,107200,117583,10384,14
"chr12",122500278,122501536,-0.0743772824716669,0.148754564943334,22383,223438,231879,8442,16
"chr6",32973013,32973024,-0.0743727760875574,0.148745552175115,72763,42475,42513,39,102
"chr1",204411196,204411444,0.0743572425145072,0.148714485029014,7407,164025,289060,125036,19
"chr1",1331813,1333089,-0.0743531624055191,0.148706324811038,131,36408,82604,46197,17
"chr1",100351405,100351414,0.0743410781174883,0.148682156234977,4230,159424,160583,1160,7
"chr10",103966930,103967667,0.0743295968547331,0.148659193709466,11693,179863,186775,6913,8
"chr14",99604558,99604571,0.0743214905298433,0.148642981059687,27143,76351,203846,127496,10
"chr11",131910026,131911052,-0.0743135821494582,0.148627164298916,17903,93812,157699,63888,21
"chr5",114362195,114362967,0.0742692478807563,0.148538495761513,69235,114839,118222,3384,19
"chr9",92293872,92294188,0.0742623006527707,0.148524601305541,84648,215935,224086,8152,11
"chr11",64370275,64370704,0.0742622006018663,0.148524401203733,15150,187555,190758,3204,2
"chr17",50708241,50708737,-0.0742537478325616,0.148507495665123,38272,209455,243899,34445,12
"chr6",24877234,24877354,-0.0742519669328752,0.14850393386575,71897,42881,96272,53392,5
"chr1",120176448,120176608,0.074251937507565,0.14850387501513,4851,164819,166535,1717,11
"chr19",57363620,57363646,-0.0742320495780112,0.148464099156022,47095,128250,202709,74460,10
"chr19",49680914,49681328,0.0742211126573869,0.148442225314774,46194,83452,201961,118510,5
"chr9",107489205,107489320,-0.0742099160196878,0.148419832039376,85099,305341,305629,289,12
"chr1",45751615,45751915,-0.0742022374188944,0.148404474837789,3044,235053,243872,8820,12
"chr8",10729280,10729457,0.0741969428028481,0.148393885605696,80499,47462,81902,34441,6
"chr2",216081706,216082122,0.0741912500568824,0.148382500113765,51915,102061,142917,40857,18
"chr2",175167807,175168089,-0.0741736447953351,0.14834728959067,51049,161693,162225,533,17
"chr16",3672762,3672778,-0.0741445526046449,0.14828910520929,31501,123606,134338,10733,2
"chr4",78939577,78940244,-0.0741406221553435,0.148281244310687,65761,141904,151941,10038,14
"chr1",52033321,52034019,0.0741213617343895,0.148242723468779,3257,141174,146330,5157,14
"chr1",156741123,156741206,0.0741117745062955,0.148223549012591,5797,85362,91165,5804,11
"chr2",242088296,242088584,-0.0741083570752198,0.14821671415044,53098,35684,264805,229122,3
"chr18",44679595,44680829,-0.0740972791583055,0.148194558316611,40854,75582,77675,2094,17
"chr11",2302074,2302775,0.0740860098122658,0.148172019624532,12933,244572,250828,6257,38
"chr1",156077265,156077270,0.0740817614707886,0.148163522941577,5680,245654,271905,26252,9
"chr1",201114017,201114351,0.0740788294794174,0.148157658958835,7119,94452,116444,21993,6
"chr3",136023094,136023163,0.0740780376950995,0.148156075390199,62551,104075,137230,33156,2
"chr11",62771275,62771349,0.0740690502767716,0.148138100553543,14983,187705,188769,1065,13
"chr7",116671719,116671771,-0.0740588361953291,0.148117672390658,78940,92363,112282,19920,11
"chr15",67825569,67825579,0.0740394232582192,0.148078846516438,29389,256121,297630,41510,8
"chr8",64369628,64369728,-0.0740145701329406,0.148029140265881,81723,9586,110892,101307,3
"chr22",19144718,19144833,0.074011257635982,0.148022515271964,56893,198051,198229,179,9
"chr17",81547248,81547584,-0.0740008003797368,0.148001600759474,39941,75063,299854,224792,2
"chr11",86800154,86800336,0.0739971136383047,0.147994227276609,16484,112754,185508,72755,7
"chr3",44241710,44242345,0.073982431196132,0.147964862392264,60100,146652,160432,13781,14
"chr15",82571862,82572041,0.073975995101944,0.147951990203888,30076,52088,82044,29957,7
"chr11",64166101,64166526,-0.0739725635820032,0.147945127164006,15092,93197,139041,45845,11
"chr6",167796825,167796987,-0.0739647453332586,0.147929490666517,75813,161218,179284,18067,8
"chr20",35742095,35743395,0.0739635891910338,0.147927178382068,54281,216901,236380,19480,16
"chr1",201896868,201897225,-0.0739545829872479,0.147909165974496,7188,249019,255655,6637,3
"chr22",19524561,19525653,0.0739470822366489,0.147894164473298,56922,210768,295571,84804,15
"chr16",25215655,25215692,0.073940904620038,0.147881809240076,32334,217439,231431,13993,5
"chr13",25095904,25095909,-0.0739246223786783,0.147849244757357,23086,88031,115195,27165,6
"chr7",44490841,44491183,-0.0739219439487939,0.147843887897588,77239,189336,222661,33326,12
"chr11",68409994,68410056,0.0739200996163756,0.147840199232751,15784,126196,171695,45500,2
"chr3",8571351,8571674,-0.0739175703410423,0.147835140682085,59099,152096,230168,78073,4
"chr1",145918884,145919286,-0.0739158836652288,0.147831767330458,4900,162194,233721,71528,21
"chr5",65624362,65624659,-0.0739127240865539,0.147825448173108,68475,37528,65482,27955,25
"chr6",35468075,35468412,0.0738913419211913,0.147782683842383,72979,140431,154878,14448,9
"chr16",88651220,88651347,0.0738825611972183,0.147765122394437,34522,53177,86403,33227,12
"chr17",75088234,75088278,0.0738778074797549,0.14775561495951,39170,84808,97355,12548,22
"chr15",63381694,63381960,0.0738728290364858,0.147745658072972,29147,85391,87462,2072,11
"chr19",48993321,48993869,0.0738710699109372,0.147742139821874,46071,28763,54934,26172,16
"chr9",35672509,35672757,0.0738228876199128,0.147645775239826,84119,227840,256586,28747,2
"chr3",137997976,137998538,0.0738030501258497,0.147606100251699,62585,269512,272309,2798,12
"chr12",95942713,95943054,0.0737982544166944,0.147596508833389,21267,258862,263160,4299,15
"chr5",161849513,161850554,-0.0737773956916241,0.147554791383248,70697,246344,248300,1957,8
"chr1",2103648,2104023,0.0737660938971347,0.147532187794269,262,32893,34855,1963,5
"chr20",59043093,59043097,-0.0737656217262334,0.147531243452467,55274,213885,272263,58379,6
"chr16",69105280,69105541,0.0737263240613913,0.147452648122783,33691,298906,310786,11881,13
"chr8",58659626,58660079,0.0737182515213021,0.147436503042604,81663,85747,94648,8902,17
"chr19",32345508,32345510,-0.0737075083701319,0.147415016740264,44264,99698,105969,6272,12
"chr3",197736898,197737007,0.0736956636757863,0.147391327351573,64102,61118,64741,3624,11
"chr3",133573194,133574597,0.0736933238950322,0.147386647790064,62487,213688,215131,1444,23
"chr14",51988834,51989411,0.0736870709800517,0.147374141960103,25620,252257,296568,44312,10
"chr2",191682500,191682520,0.0736850978750928,0.147370195750186,51391,84875,282017,197143,3
"chr17",82023208,82023388,-0.0736814296993939,0.147362859398788,40050,76699,79578,2880,17
"chr10",43267222,43267232,0.0736742141193389,0.147348428238678,9822,8497,42351,33855,5
"chr19",49665202,49666244,0.0736507619046488,0.147301523809298,46189,245985,246617,633,22
"chr5",205094,205832,0.073643854593521,0.147287709187042,67390,145928,161667,15740,7
"chr1",1116277,1116917,0.0736365227162243,0.147273045432449,64,92866,145830,52965,11
"chr15",78341095,78341113,0.0735960935303963,0.147192187060793,29906,86390,133110,46721,2
"chr16",53703594,53704527,0.0735885824833993,0.147177164966799,33053,205022,207170,2149,17
"chr17",49707957,49708115,0.0735737730926415,0.147147546185283,38127,271373,298423,27051,14
"chr15",64911635,64911800,0.0735707182753667,0.147141436550733,29226,107417,203017,95601,9
"chr13",49496368,49496414,0.073554738395693,0.147109476791386,23714,52255,57384,5130,14
"chr1",32241532,32241539,0.0735529046031045,0.147105809206209,2180,38657,82831,44175,7
"chr17",48723312,48725509,0.0735314632119459,0.147062926423892,38049,10849,52602,41754,29
"chr1",225924482,225924663,0.0735062520774011,0.147012504154802,8111,66001,110624,44624,11
"chr8",42338345,42338621,0.0735012869530268,0.147002573906054,81423,102627,172586,69960,12
"chr4",148443391,148443548,0.0734739845964064,0.146947969192813,66725,147217,163013,15797,4
"chr8",144526908,144527203,0.0734547807412621,0.146909561482524,83423,10078,42330,32253,4
"chr8",94823027,94823035,0.0734394958729892,0.146878991745978,82182,173861,221369,47509,14
"chr1",228082214,228082489,0.073429041859429,0.146858083718858,8218,29382,31846,2465,14
"chr2",70553707,70553772,-0.0734118888228152,0.14682377764563,48989,33357,33611,255,19
"chr4",99947591,99947702,0.0733932125047228,0.146786425009446,66068,161613,228711,67099,6
"chr19",19733125,19733415,-0.0733902210756626,0.146780442151325,44109,129687,210790,81104,11
"chr18",158292,158294,0.0733640058613548,0.14672801172271,40222,201511,205385,3875,8
"chr1",32965004,32965289,0.0733455760058536,0.146691152011707,2246,145642,151221,5580,13
"chr7",16804982,16805228,0.0733449968395014,0.146689993679003,76597,91394,97010,5617,7
"chr6",33316072,33316632,-0.0733308789543678,0.146661757908736,72832,192171,200776,8606,68
"chr10",74826385,74826561,-0.0733267270676677,0.146653454135335,10634,188967,265311,76345,10
"chr2",222300148,222300206,-0.0733235921613168,0.146647184322634,52247,9176,18586,9411,8
"chr12",53321800,53321850,0.0733195469981452,0.14663909399629,20047,103052,109841,6790,11
"chr1",120176325,120177104,0.073315792959443,0.146631585918886,4851,36008,39037,3030,11
"chr4",85474943,85475021,0.073304942106813,0.146609884213626,65858,94709,95246,538,13
"chr17",5116316,5116343,0.0733019240573715,0.146603848114743,35313,16553,17240,688,10
"chr11",60906695,60906799,0.0732848036296146,0.146569607259229,14771,180417,185581,5165,10
"chr4",186104266,186105071,0.0732760871369671,0.146552174273934,67299,157721,163192,5472,10
"chr14",56810648,56812659,0.0732541455408184,0.146508291081637,25731,285790,295044,9255,18
"chr4",147616992,147617113,0.0732534085558594,0.146506817111719,66710,128098,135195,7098,12
"chr7",45921503,45922179,0.0732134905100224,0.146426981020045,77328,94574,101111,6538,34
"chr10",99659484,99659870,-0.0732120792052026,0.146424158410405,11348,92723,96677,3955,13
"chr10",129466803,129467141,-0.0731934036632402,0.14638680732648,12346,43373,44173,801,45
"chr6",33249271,33249526,0.0731901997981987,0.146380399596397,72811,188394,191493,3100,39
"chr5",96702644,96702910,-0.0731861109837635,0.146372221967527,69023,29888,34279,4392,11
"chr6",137494196,137494432,-0.0731646230830057,0.146329246166011,75071,48439,86623,38185,13
"chr1",100132822,100133469,0.0731502381271564,0.146300476254313,4215,94713,141565,46853,12
"chr12",49606835,49607073,-0.0731348131819779,0.146269626363956,19643,166875,253735,86861,2
"chr1",32901800,32901815,0.0731338251854108,0.146267650370822,2243,14513,94114,79602,5
"chr22",20016233,20016240,-0.0731292681997853,0.146258536399571,56963,125627,259222,133596,2
"chr19",38850173,38850455,0.0731059054663859,0.146211810932772,44830,198378,199051,674,8
"chr6",135497308,135497391,0.0730351556841532,0.146070311368306,75025,272340,276522,4183,14
"chr8",18209907,18209925,0.0730342469394236,0.146068493878847,80676,106291,186481,80191,5
"chr17",45221834,45222133,0.0730143937242401,0.14602878744848,37834,139690,206877,67188,13
"chr12",2959729,2959975,-0.0730112703505801,0.14602254070116,18169,40171,138189,98019,3
"chr3",121834514,121835319,0.0730110591999321,0.146022118399864,61991,146776,152197,5422,13
"chr10",48685291,48685418,0.073003352181397,0.146006704362794,9986,175993,178255,2263,17
"chr5",321566,321917,-0.0729888820878241,0.145977764175648,67402,39861,39866,6,10
"chr2",105241323,105241857,-0.0729751281492919,0.145950256298584,49831,164366,224714,60349,17
"chr2",174248889,174249322,0.0729729753864559,0.145945950772912,51015,228973,257167,28195,5
"chr2",236169580,236169866,0.0729435912690206,0.145887182538041,52702,18559,34256,15698,5
"chr14",37197284,37197789,0.0729381001828341,0.145876200365668,25415,209563,216555,6993,15
"chr3",196141769,196141769,0.0729317830963643,0.145863566192729,64005,14476,80344,65869,7
"chr17",49210856,49211187,0.0729237888444827,0.145847577688965,38086,250921,259220,8300,17
"chr20",35412062,35412367,-0.0729078849671173,0.145815769934235,54229,13368,53202,39835,12
"chr11",73218122,73218262,0.0729078725207928,0.145815745041586,16073,169541,170481,941,12
"chr12",113056617,113056624,0.0729029835718349,0.14580596714367,21906,5840,48333,42494,6
"chr4",6709865,6709879,-0.0729018511166682,0.145803702233336,64573,94655,96725,2071,10
"chr4",77862522,77862645,0.0729006139799804,0.145801227959961,65743,96425,114746,18322,12
"chr18",31446350,31446565,-0.0728987729741458,0.145797545948292,40710,219896,222524,2629,4
"chr1",92483895,92484051,0.0728982454286133,0.145796490857227,4067,143512,144224,713,28
"chr17",13544348,13544533,0.0728896481487651,0.14577929629753,35933,132411,224481,92071,3
"chr17",76103668,76104126,0.0728865489053521,0.145773097810704,39358,89294,93349,4056,16
"chr1",149886861,149886933,0.0728783453516284,0.145756690703257,4975,147136,149536,2401,7
"chr16",1781698,1782655,0.0728770349623948,0.14575406992479,31085,140310,192950,52641,25
"chr10",18140762,18140831,-0.0728632887690676,0.145726577538135,9405,8340,16280,7941,8
"chr17",8435504,8435523,0.0728552942655971,0.145710588531194,35763,104070,204187,100118,11
"chr19",11435071,11435088,0.07284325645055,0.1456865129011,43102,266055,270096,4042,28
"chr7",99526315,99526391,0.0728076356409236,0.145615271281847,78315,107610,178123,70514,2
"chr17",3924583,3924758,0.072802980195254,0.145605960390508,35151,18420,57963,39544,5
"chr1",51519431,51519537,0.0728025163546971,0.145605032709394,3242,32150,96661,64512,4
"chr9",4490233,4490751,0.0727970293542643,0.145594058708529,83538,121326,183508,62183,7
"chr5",126423117,126423599,0.0727814048674505,0.145562809734901,69384,86037,96612,10576,12
"chr16",71883250,71884503,0.0727693289930183,0.145538657986037,33894,112314,137547,25234,12
"chr11",61968008,61968059,0.0727664646087093,0.145532929217419,14898,167213,177945,10733,12
"chr20",63706883,63709312,-0.0727653048445463,0.145530609689093,55592,86608,89817,3210,26
"chr11",93197573,93198084,0.0727488683054979,0.145497736610996,16543,49201,93765,44565,17
"chr6",170584907,170585053,0.072746718416295,0.14549343683259,75948,89842,117501,27660,11
"chr12",98504055,98504139,0.0727409693070638,0.145481938614128,21314,200689,204105,3417,8
"chr1",145918358,145918766,0.0727402840849342,0.145480568169868,4900,138433,146127,7695,21
"chr14",22433234,22433306,-0.0727230344781225,0.145446068956245,24937,122171,302952,180782,5
"chr8",143080335,143080457,-0.0727112709304734,0.145422541860947,83107,45580,71255,25676,7
"chr3",165196649,165196683,-0.0727034690305755,0.145406938061151,63162,90715,95996,5282,15
"chr1",42462867,42463281,0.0726988452906664,0.145397690581333,2766,114579,147841,33263,7
"chr14",67473681,67473697,0.072689588795027,0.145379177590054,26058,282884,284817,1934,5
"chr1",202144944,202144957,0.072675352905447,0.145350705810894,7222,31318,34819,3502,12
"chr2",3656940,3656999,-0.0726690420104297,0.145338084020859,47386,746,16132,15387,9
"chr1",222713225,222713259,0.0726518931903341,0.145303786380668,8003,248985,257192,8208,22
"chr19",18438321,18438324,0.072634433467905,0.14526886693581,43935,56129,59012,2884,19
"chr19",36113686,36113862,-0.0726332067993276,0.145266413598655,44611,291704,301795,10092,21
"chr19",42397127,42397173,0.0726286649513066,0.145257329902613,45319,27562,29232,1671,6
"chr1",224434808,224434896,0.0726255896888694,0.145251179377739,8072,122939,156590,33652,12
"chr10",38010314,38010579,0.0726135895265175,0.145227179053035,9762,138281,140371,2091,10
"chr12",132143351,132143578,0.0726025343590644,0.145205068718129,22781,86886,121847,34962,4
"chr20",49568155,49568295,-0.0725949515861802,0.14518990317236,54972,53075,58543,5469,4
"chr2",88128042,88128308,-0.0725832054035022,0.145166410807004,49423,99004,100772,1769,10
"chr20",9068116,9068626,-0.0725629053572378,0.145125810714476,53523,78020,131869,53850,11
"chr8",18084059,18084846,0.0725591150972734,0.145118230194547,80672,174758,175351,594,25
"chr12",80937707,80938320,-0.0725441767829801,0.14508835356596,21059,209050,218023,8974,21
"chr8",143715759,143716374,0.0725062649911344,0.145012529982269,83212,70649,116718,46070,9
"chr20",31967685,31968698,-0.0725030644106175,0.145006128821235,53958,215486,262534,47049,9
"chr1",154937053,154937454,0.0725012352430116,0.145002470486023,5513,159333,159684,352,16
"chr2",240560145,240561367,0.0725004853017793,0.145000970603559,52893,129433,155086,25654,13
"chr1",154961697,154962258,0.0725000189875888,0.145000037975178,5521,81717,95881,14165,9
"chr6",42217916,42218441,-0.0724848631750551,0.14496972635011,73334,178726,181164,2439,9
"chr12",52258593,52258678,-0.0724597405777199,0.14491948115544,19870,5181,47200,42020,7
"chr9",100099756,100099850,-0.0724572041293527,0.144914408258705,84968,219032,229143,10112,12
"chr4",107035798,107035915,-0.0724486548145124,0.144897309629025,66155,153921,161145,7225,6
"chr22",46533807,46534947,0.0724280870982405,0.144856174196481,58773,215509,216479,971,30
"chr7",39565930,39565937,0.072417709891842,0.144835419783684,77110,190029,216869,26841,14
"chr11",122882337,122882620,0.0724042159891759,0.144808431978352,17524,259715,280854,21140,20
"chr10",50991359,50991384,-0.0724036712165598,0.14480734243312,10061,181338,183673,2336,14
"chr12",49791630,49791820,0.0723983873749454,0.144796774749891,19658,52610,59559,6950,3
"chr5",138139376,138139488,0.0723913570494569,0.144782714098914,69724,125053,134996,9944,6
"chr1",168136079,168136591,-0.0723770649012014,0.144754129802403,6394,71930,101071,29142,20
"chr1",20633397,20633517,-0.0723738694516999,0.1447477389034,1399,8525,11021,2497,11
"chr6",42960539,42960757,0.0723638109271968,0.144727621854394,73371,50358,86815,36458,28
"chr2",26847590,26848387,-0.0723619357297699,0.14472387145954,47905,31966,32967,1002,13
"chr16",2018941,2019245,-0.0723471602935715,0.144694320587143,31145,255674,297255,41582,8
"chr19",40690619,40690672,-0.0723457370385089,0.144691474077018,45088,16064,22726,6663,15
"chr14",20343260,20343836,0.0723172159237185,0.144634431847437,24789,214506,244343,29838,13
"chr1",94237787,94237855,0.0723160885192877,0.144632177038575,4129,158293,159643,1351,9
"chr8",144900254,144900811,-0.0723106483900476,0.144621296780095,83456,188214,191488,3275,5
"chr1",154405048,154405099,0.0723061101778277,0.144612220355655,5468,240005,245464,5460,12
"chr1",205943518,205943714,0.0723040569938024,0.144608113987605,7549,159325,166234,6910,4
"chr5",90529986,90530091,0.0723020407208464,0.144604081441693,68927,147198,153210,6013,8
"chr12",292794,293108,0.0722984003202476,0.144596800640495,18005,274995,289158,14164,3
"chr17",63773992,63774098,0.0722970455237267,0.144594091047453,38722,98481,138685,40205,14
"chr7",100827599,100827614,0.0722834291141171,0.144566858228234,78524,50401,63733,13333,13
"chr19",17294428,17294761,-0.0722746651822184,0.144549330364437,43727,73617,282994,209378,3
"chr20",46407105,46407228,-0.0722732207276167,0.144546441455233,54864,213590,215433,1844,11
"chr14",77457358,77457866,0.0722643431396126,0.144528686279225,26585,106698,108623,1926,16
"chr20",57265577,57266837,0.0722629346707258,0.144525869341452,55172,205118,212049,6932,18
"chr4",176269270,176269318,-0.0722432828821979,0.144486565764396,67102,161753,230279,68527,9
"chr6",117674680,117675178,-0.0722389945503328,0.144477989100666,74712,185408,188423,3016,10
"chr12",121274535,121274577,0.0722313823507584,0.144462764701517,22270,226000,234252,8253,10
"chr12",26125273,26125308,0.0722168287060259,0.144433657412052,19101,248913,255776,6864,15
"chr20",44247139,44247293,-0.0722168043313894,0.144433608662779,54635,23271,56866,33596,15
"chr19",53431490,53431689,0.0722099888484584,0.144419977696917,46632,268046,300699,32654,4
"chr14",81533682,81533706,0.0721937153988808,0.144387430797762,26664,75789,92671,16883,12
"chr3",196711669,196712004,0.0721936148842417,0.144387229768483,64047,127107,147102,19996,12
"chr6",33417588,33418190,-0.0721921998735261,0.144384399747052,72843,161228,161827,600,57
"chr2",134918074,134918897,0.0721753693168828,0.144350738633766,50415,66339,87736,21398,11
"chr6",33192447,33193330,0.0721698412619517,0.144339682523903,72804,10524,10731,208,46
"chr4",145098980,145098986,0.0721692099660792,0.144338419932158,66663,216629,223831,7203,27
"chr9",33264776,33264788,-0.0721524797373872,0.144304959474774,83945,168085,174630,6546,19
"chr16",85011512,85011687,0.0721499821652936,0.144299964330587,34337,137945,140604,2660,10
"chr11",77637805,77637828,0.0721494274877893,0.144298854975579,16333,42912,42927,16,7
"chr8",125090995,125092145,0.0721446946584254,0.144289389316851,82718,189897,220919,31023,13
"chr16",67109401,67109895,-0.0721427200003115,0.144285440000623,33460,18642,19191,550,10
"chr14",20333458,20334055,-0.0721247091355718,0.144249418271144,24787,107897,242756,134860,8
"chr14",105315586,105315672,0.072119526216434,0.144239052432868,27674,262463,264117,1655,11
"chr12",132735475,132735499,-0.0721127114671171,0.144225422934234,22850,106499,175258,68760,2
"chr20",25148871,25148884,0.0720598738568669,0.144119747713734,53850,72537,73164,628,12
"chr2",217756763,217756857,-0.0720562222008654,0.144112444401731,51963,163356,166148,2793,9
"chr3",179147138,179149317,0.0720547451387386,0.144109490277477,63336,152986,157053,4068,16
"chr2",62672411,62672638,-0.0720461247500136,0.144092249500027,48780,149978,236207,86230,2
"chr7",90118980,90119333,-0.0720452249796046,0.144090449959209,78008,80248,80258,11,27
"chr16",83807808,83807811,0.0720296021778758,0.144059204355752,34234,235289,295669,60381,14
"chr19",35717593,35717596,0.0720261711939927,0.144052342387985,44520,197386,205338,7953,2
"chr11",59754989,59755084,0.0720210331429078,0.144042066285816,14689,260732,261373,642,16
"chr5",171309176,171309568,0.0719985818036091,0.143997163607218,70823,9784,16793,7010,17
"chr15",81296860,81296907,0.0719974800272013,0.143994960054403,30044,61130,205886,144757,7
"chr10",15088913,15089037,-0.0719901829532251,0.14398036590645,9331,161911,170444,8534,6
"chr17",7685954,7686544,0.0719899666504036,0.143979933300807,35602,268536,299874,31339,15
"chr7",26292929,26293027,0.0719786513428161,0.143957302685632,76774,238235,241639,3405,2
"chr2",26345987,26347006,0.0719751476142085,0.143950295228417,47861,144949,147299,2351,23
"chr19",8610754,8610809,0.0719672478348367,0.143934495669673,42753,84214,98845,14632,4
"chr18",36296640,36297058,-0.0719653442403879,0.143930688480776,40813,6748,59202,52455,4
"chr3",3109995,3110517,-0.0719537127861632,0.143907425572326,59040,243247,262758,19512,9
"chr10",71395956,71396670,-0.0719451506296474,0.143890301259295,10436,187564,242476,54913,7
"chr12",57127372,57128084,0.0719371972399851,0.14387439447997,20483,85680,92947,7268,18
"chr2",157256716,157256807,-0.0719275077772765,0.143855015554553,50630,221769,259741,37973,2
"chr1",1051514,1051810,-0.0719070066073343,0.143814013214669,48,153078,251971,98894,4
"chr16",30398315,30399108,0.0719001509714976,0.143800301942995,32623,210377,298157,87781,4
"chr3",184193104,184193570,-0.0718997064237553,0.143799412847511,63533,238908,289713,50806,3
"chr3",12810077,12810243,0.0718834734066385,0.143766946813277,59361,149342,155507,6166,3
"chr11",18394327,18394417,-0.0718778641534653,0.143755728306931,13760,95188,115224,20037,11
"chr1",179954458,179954710,0.0718538106091638,0.143707621218328,6738,145831,155543,9713,11
"chr5",75545799,75546125,-0.0718504839622004,0.143700967924401,68662,274313,309707,35395,3
"chr11",105610065,105610782,-0.0718385171638821,0.143677034327764,16761,50251,88619,38369,24
"chr2",24076306,24077288,0.07183561118502,0.14367122237004,47755,85384,89926,4543,11
"chr17",4731509,4731523,0.0718304417284002,0.1436608834568,35232,199644,205257,5614,12
"chr1",117204169,117205013,-0.0718291676362812,0.143658335272562,4761,249567,260861,11295,4
"chr10",85199011,85199290,-0.0717961939318185,0.143592387863637,10839,131252,190319,59068,2
"chr1",92962032,92962290,-0.0717934739979487,0.143586947995897,4085,106709,163780,57072,11
"chr11",62592283,62592357,0.07178370674084,0.14356741348168,14933,244038,274471,30434,15
"chr6",29486846,29487755,-0.0717801626980415,0.143560325396083,72176,90150,99437,9288,12
"chr16",29844583,29844690,-0.0717723323994517,0.143544664798903,32527,73649,116745,43097,4
"chr19",6135499,6135508,0.0717718335847455,0.143543667169491,42421,95933,139479,43547,7
"chr7",151520494,151520797,-0.0717711300047042,0.143542260009408,80061,93435,99200,5766,14
"chr6",45328364,45328424,-0.071753873575912,0.143507747151824,73585,93239,240520,147282,2
"chr20",21511314,21511372,-0.0717493491865303,0.143498698373061,53742,229409,262915,33507,3
"chr12",76559763,76559932,-0.071743814072822,0.143487628145644,20998,87724,140436,52713,10
"chr2",119366431,119367067,0.0717401106986381,0.143480221397276,50121,93398,99380,5983,23
"chr8",90985582,90985757,0.0717329319168133,0.143465863833627,82107,192103,192545,443,10
"chr6",116571020,116571211,0.0717089827421375,0.143417965484275,74660,178585,191549,12965,13
"chr6",32151839,32152300,0.0717086203627524,0.143417240725505,72663,122144,134934,12791,77
"chr11",43880726,43880857,0.0717031006293124,0.143406201258625,14151,50439,85716,35278,9
"chr16",75565998,75566171,0.0717028554714904,0.143405710942981,34044,196024,294055,98032,9
"chr2",68467167,68467375,0.0716852709179099,0.14337054183582,48907,163359,257820,94462,15
"chr18",13610633,13611005,0.0716844539254824,0.143368907850965,40525,229478,229785,308,14
"chr12",113135507,113136266,0.0716836323703828,0.143367264740766,21919,177340,184538,7199,15
"chr19",57363428,57363431,0.0716732184236571,0.143346436847314,47095,299756,300030,275,10
"chr17",39688168,39688718,0.0716727534442407,0.143345506888481,37066,298299,298427,129,24
"chr5",76623908,76623911,-0.0716712505467713,0.143342501093543,68692,247465,252403,4939,7
"chr7",101017612,101017676,0.071639427020715,0.14327885404143,78557,235738,273461,37724,3
"chr7",157009124,157009631,-0.0716337639925029,0.143267527985006,80225,8680,45340,36661,9
"chr5",131170474,131170923,0.0716325713096529,0.143265142619306,69450,161207,270464,109258,7
"chr14",77616548,77616649,0.071627424670328,0.143254849340656,26597,5893,21999,16107,11
"chr6",149546242,149546306,0.0716209127420001,0.143241825484,75307,184757,190600,5844,11
"chr14",77707408,77708143,0.0716099399562898,0.14321987991258,26600,215771,226082,10312,16
"chr12",56333602,56334077,0.0715990376429068,0.143198075285814,20378,177574,182046,4473,17
"chr19",36139655,36139980,0.0715921666543425,0.143184333308685,44615,87114,101643,14530,12
"chr3",52268381,52268560,0.0715907100171409,0.143181420034282,60842,268327,271100,2774,4
"chr17",64975474,64975640,-0.0715854266695581,0.143170853339116,38813,58345,73036,14692,9
"chr1",1758821,1759401,-0.0715794683434477,0.143158936686895,219,158931,250225,91295,8
"chr3",11582438,11582549,-0.0715746489544928,0.143149297908986,59303,270066,305348,35283,15
"chr2",120252297,120252645,0.0715730702317141,0.143146140463428,50157,230383,238465,8083,9
"chr14",105021778,105022029,0.0715554384151925,0.143110876830385,27638,99394,124105,24712,5
"chr3",58433755,58434054,0.0715396196293117,0.143079239258623,61148,90052,102671,12620,9
"chr10",88582981,88583435,-0.0715371212453617,0.143074242490723,10912,110938,119646,8709,15
"chr1",225777235,225777634,-0.0715338305305211,0.143067661061042,8090,156617,164747,8131,8
"chr2",216013743,216013787,0.0715319133834978,0.143063826766996,51911,154387,157450,3064,12
"chr6",149718606,149718631,-0.0715290941849163,0.143058188369833,75323,189596,212640,23045,14
"chr22",37675181,37675448,-0.0715278465715742,0.143055693143148,58011,6301,54179,47879,12
"chr3",124927679,124927944,-0.0715236029793448,0.14304720595869,62132,140887,248602,107716,2
"chr17",81399578,81399581,-0.0715234817727197,0.143046963545439,39919,62256,72759,10504,4
"chr5",96935523,96935980,0.0715152134821679,0.143030426964336,69046,146854,164984,18131,17
"chr3",64023420,64023860,-0.0715099691142887,0.143019938228577,61239,35579,93000,57422,11
"chr7",143409817,143410189,-0.0715074487766944,0.143014897553389,79728,237415,241379,3965,12
"chr3",196639068,196639710,-0.0715002225919769,0.143000445183954,64041,219136,246761,27626,12
"chr4",53365673,53366048,0.0714887921543302,0.14297758430866,65276,81863,83023,1161,14
"chr18",63422372,63422379,0.0714829890557504,0.142965978111501,41249,22133,23538,1406,11
"chr8",38996445,38997596,0.0714790904951033,0.142958180990207,81331,190657,193007,2351,19
"chr16",4734144,4734178,-0.0714761172091366,0.142952234418273,31617,52081,60015,7935,13
"chr8",59119061,59119367,0.0714745586785496,0.142949117357099,81668,192370,255030,62661,17
"chr12",103957202,103957522,0.0714620260556837,0.142924052111367,21453,59688,167147,107460,9
"chr6",29828255,29828291,0.0714612750153779,0.142922550030756,72231,173447,181099,7653,10
"chr15",74127966,74129989,-0.0714600940132454,0.142920188026491,29653,109318,111930,2613,33
"chr20",63934433,63934855,-0.0714561553790471,0.142912310758094,55627,103284,301168,197885,2
"chr6",33248606,33248680,0.0714555347080748,0.14291106941615,72811,141118,161848,20731,39
"chr1",78046029,78046172,0.0714508777468643,0.142901755493729,3838,31837,78996,47160,13
"chr10",73252540,73252739,0.07142733632923,0.14285467265846,10544,185907,187586,1680,18
"chr19",54662483,54662719,0.0714199046055438,0.142839809211088,46828,267937,276334,8398,12
"chr1",112619325,112619382,0.0714045003301097,0.142809000660219,4576,245291,246469,1179,19
"chr4",143559084,143559389,0.0713989782900759,0.142797956580152,66650,122023,145827,23805,12
"chr6",32832746,32832764,0.0713877985058659,0.142775597011732,72738,42157,50730,8574,6
"chr1",67135024,67135280,0.071387307962364,0.142774615924728,3669,107125,121503,14379,6
"chr6",31399750,31400072,-0.0713790929626422,0.142758185925284,72463,182241,184433,2193,9
"chr16",75622591,75623497,0.0713715521896867,0.142743104379373,34047,208555,213712,5158,15
"chr17",41819262,41819379,-0.071370684963019,0.142741369926038,37375,76768,265267,188500,5
"chr14",35826194,35826507,0.0713649868443332,0.142729973688666,25387,209237,226797,17561,7
"chr17",43125042,43125677,0.0713459481276474,0.142691896255295,37585,88747,90580,1834,29
"chr17",2041486,2042660,0.0713269887510299,0.14265397750206,34988,256567,299179,42613,16
"chr1",111289487,111289940,0.0713219127153409,0.142643825430682,4514,147598,159340,11743,4
"chr1",27341930,27341942,-0.0713086713628061,0.142617342725612,1899,154129,164027,9899,9
"chr6",43171412,43171954,-0.0712996771290359,0.142599354258072,73415,4958,5201,244,21
"chr10",103693660,103693703,0.0712878641120288,0.142575728224058,11680,233582,261210,27629,7
"chr22",29306165,29307190,-0.0712783907314024,0.142556781462805,57482,202473,226524,24052,18
"chr7",30770823,30771248,-0.0712722983498258,0.142544596699652,76945,192534,220090,27557,9
"chr1",42825163,42825538,-0.0712712618000607,0.142542523600121,2794,109836,136486,26651,10
"chr11",119168721,119168731,0.071256833176882,0.142513666353764,17349,88452,101633,13182,12
"chr12",57201570,57201809,-0.0712502191016567,0.142500438203313,20506,13259,26759,13501,5
"chr5",33984422,33984676,-0.071205271084511,0.142410542169022,67938,159519,219809,60291,11
"chr14",74955257,74955422,0.071198086052972,0.142396172105944,26425,68622,73299,4678,14
"chr9",2657194,2657428,-0.0711978193661152,0.14239563873223,83514,242726,277859,35134,2
"chr17",4787333,4787337,0.071194837569708,0.142389675139416,35242,86867,117537,30671,6
"chr5",7869073,7869076,0.0711918775802486,0.142383755160497,67638,161294,267887,106594,21
"chr19",3135148,3135366,-0.0711724795303871,0.142344959060774,42022,105882,195363,89482,11
"chr21",44011257,44011788,0.0711386573614635,0.142277314722927,56499,76419,97315,20897,6
"chr6",32894625,32894957,0.0711346390645908,0.142269278129182,72754,185529,190202,4674,27
"chr11",442189,442753,-0.0711286125811897,0.142257225162379,12633,192131,246224,54094,8
"chr5",6714424,6714553,-0.0711241652006342,0.142248330401268,67622,39443,95810,56368,8
"chr8",142197832,142198298,-0.0711191501515417,0.142238300303083,83038,267430,282037,14608,5
"chr14",23969744,23969942,-0.0711186733990511,0.142237346798102,25108,71018,71512,495,2
"chr19",36849792,36850201,0.0710922742240068,0.142184548448014,44661,193230,197579,4350,30
"chr2",81466998,81467075,0.0710734613031106,0.142146922606221,49262,225278,238316,13039,8
"chr20",38748270,38748295,0.0710698633178214,0.142139726635643,54475,298981,299709,729,11
"chr19",23762401,23762839,0.0710262030447801,0.14205240608956,44189,195001,297765,102765,3
"chr14",85532095,85532148,0.0710185782794919,0.142037156558984,26676,198961,198968,8,9
"chr6",31972406,31972836,0.0710097363316717,0.142019472663343,72629,175923,176120,198,104
"chr10",75403558,75403625,0.0710090023448185,0.142018004689637,10667,182690,183968,1279,15
"chr4",56530430,56530724,-0.0710036062071585,0.142007212414317,65401,68486,113528,45043,12
"chr8",13566675,13566974,-0.0709981836852594,0.141996367370519,80604,167303,175912,8610,13
"chr5",77086556,77087449,0.0709885000185084,0.141977000037017,68717,155840,157425,1586,15
"chr1",65148588,65148831,0.0709881106002373,0.141976221200475,3622,38732,165278,126547,2
"chr3",8501473,8501525,0.0709876668204506,0.141975333640901,59097,152406,158229,5824,14
"chr19",2784735,2785214,-0.0709727990364152,0.14194559807283,41968,198869,233216,34348,10
"chr5",140874110,140875147,-0.0709719018463699,0.14194380369274,69955,310771,310849,79,14
"chr10",3832930,3833283,-0.0709547350940947,0.141909470188189,8997,256545,257259,715,3
"chr22",40819820,40819935,-0.0709495791069456,0.141899158213891,58300,294403,299921,5519,13
"chr20",23049805,23049809,0.0709470323904363,0.141894064780873,53777,12842,15207,2366,12
"chr14",21023484,21025934,0.0709355344922864,0.141871068984573,24861,108500,114235,5736,34
"chr6",42879229,42879387,0.0709224707868896,0.141844941573779,73362,200773,215687,14915,9
"chr1",47333474,47333632,-0.0709096816125949,0.14181936322519,3161,144425,144962,538,9
"chr11",34438789,34438804,-0.0709062643880841,0.141812528776168,14050,114014,115744,1731,11
"chr19",2327954,2328495,0.0708980073553828,0.141796014710766,41918,248345,250080,1736,21
"chr1",95072819,95073230,-0.0708590411802192,0.141718082360438,4156,153177,153538,362,11
"chr12",55817352,55817930,0.0708577560705972,0.141715512141194,20267,100074,177287,77214,18
"chr19",14529356,14529644,0.0708482608587953,0.141696521717591,43455,2209,4516,2308,22
"chr17",45060991,45061597,0.070847996669692,0.141695993339384,37804,89726,94034,4309,12
"chr11",33161562,33161667,0.0708350772708042,0.141670154541608,13991,170937,184956,14020,12
"chr13",19782781,19783083,-0.0708243626395586,0.141648725279117,22935,108735,117111,8377,11
"chr5",175683606,175683638,-0.0708230877547731,0.141646175509546,70946,2036,34630,32595,2
"chr2",224040007,224040120,0.0708130538054902,0.14162610761098,52293,156222,303276,147055,14
"chr7",28957521,28958309,0.0708017796386018,0.141603559277204,76872,110772,115452,4681,33
"chr4",153152219,153152969,0.0708004573967569,0.141600914793514,66807,142782,143169,388,14
"chr11",46936337,46936627,-0.0707798156409075,0.141559631281815,14321,180090,184325,4236,11
"chr12",111686152,111687196,-0.070778894532667,0.141557789065334,21820,193455,214608,21154,16
"chr4",105631387,105631387,0.0707757928014702,0.14155158560294,66129,151337,303501,152165,3
"chr2",119158153,119158934,0.0707638787548034,0.141527757509607,50112,11069,17303,6235,16
"chr19",40465962,40466017,0.0707623035297099,0.14152460705942,45047,205246,208160,2915,17
"chr6",124962580,124963509,-0.0707611489311711,0.141522297862342,74778,47786,48539,754,16
"chr8",64798717,64799855,0.0707408705803593,0.141481741160719,81736,138312,172791,34480,13
"chr5",111223733,111223883,0.0707393572180629,0.141478714436126,69160,90346,141321,50976,11
"chr16",76452,77773,-0.0707351769002756,0.141470353800551,30744,59059,83370,24312,15
"chr16",1586139,1586264,-0.0707295676309668,0.141459135261934,31042,216007,286885,70879,2
"chr6",15248705,15248919,-0.0707178699948169,0.141435739989634,71756,22189,23361,1173,8
"chr3",58210979,58211132,0.0707171804476169,0.141434360895234,61131,248299,253242,4944,7
"chr6",10419613,10419802,0.070692858207898,0.141385716415796,71638,173756,182526,8771,16
"chr2",118846393,118847677,0.0706895446351517,0.141379089270303,50106,15692,18521,2830,18
"chr19",55592498,55592921,-0.0706842493535125,0.141368498707025,46960,77156,201021,123866,3
"chr5",40840888,40841106,-0.070683030584324,0.141366061168648,68124,242070,246895,4826,9
"chr12",110501427,110501534,0.07067672956251,0.14135345912502,21763,257415,268907,11493,21
"chr3",50350761,50351228,-0.0706741131654138,0.141348226330828,60716,156863,158225,1363,22
"chr12",75390761,75391104,0.0706696011814665,0.141339202362933,20972,47523,85783,38261,14
"chr3",188153691,188153750,0.070663564363644,0.141327128727288,63770,138024,138615,592,13
"chr9",37034280,37034658,0.0706436017383039,0.141287203476608,84204,110742,111640,899,13
"chr17",2511838,2512105,0.0706384262247248,0.14127685244945,35034,83315,119553,36239,11
"chr16",19717956,19718452,-0.0706242984962388,0.141248596992478,32095,107145,204107,96963,15
"chr16",57999806,58000249,0.0706131532534564,0.141226306506913,33302,207460,293500,86041,5
"chr6",31739374,31739802,0.0706093418546001,0.1412186837092,72563,180919,186722,5804,34
"chr17",48605685,48606244,0.0706085834025491,0.141217166805098,38033,53769,54180,412,12
"chr1",50960103,50960667,0.0706004241310999,0.1412008482622,3218,163621,220979,57359,16
"chr11",100687227,100687369,-0.0705882375249095,0.141176475049819,16650,12994,15422,2429,11
"chr15",40038940,40039353,0.0705850801865583,0.141170160373117,28216,202338,212804,10467,15
"chr6",132513201,132513209,0.0705713258260757,0.141142651652151,74927,183638,187169,3532,14
"chr10",812877,812983,0.0705646344988854,0.141129268997771,8903,14996,16083,1088,3
"chr2",119475838,119476337,0.0705522138281582,0.141104427656316,50128,128024,220271,92248,8
"chr16",4461748,4461772,-0.0705243672647717,0.141048734529543,31583,204130,305717,101588,3
"chr7",90211716,90212121,0.0705140156361092,0.141028031272218,78011,6479,8274,1796,21
"chr1",159077183,159077373,-0.0705046048344973,0.141009209668995,5960,92645,117115,24471,7
"chr11",69810017,69810017,-0.0704906253301018,0.140981250660204,15874,289339,304540,15202,6
"chr16",19167909,19168134,-0.0704895972348181,0.140979194469636,32061,97820,198257,100438,9
"chr5",113294987,113294998,0.0704815774557861,0.140963154911572,69223,24088,89813,65726,13
"chr12",120686740,120688034,-0.0704725846854777,0.140945169370955,22218,275162,296398,21237,15
"chr17",44141544,44141786,0.0704676555867673,0.140935311173535,37680,91104,120325,29222,9
"chr10",90871769,90871891,0.0704605593630508,0.140921118726102,10991,170949,171421,473,13
"chr19",9324277,9324375,-0.0704462537932103,0.140892507586421,42791,5237,54769,49533,17
"chr20",38601683,38601841,0.0704381723375514,0.140876344675103,54466,103847,104226,380,5
"chr6",167290103,167291320,-0.0704316249664846,0.140863249932969,75796,127711,182422,54712,8
"chr2",64485401,64485866,-0.0704268468074473,0.140853693614895,48820,136307,242727,106421,6
"chr22",38794113,38794274,-0.0704080880867549,0.14081617617351,58146,202711,295791,93081,9
"chr1",230843395,230843665,0.070404294238603,0.140808588477206,8384,149401,309011,159611,2
"chr13",25171869,25171874,-0.0703902691953201,0.14078053839064,23090,115393,123218,7826,20
"chr2",70086640,70087287,0.0703897019726956,0.140779403945391,48963,162088,234430,72343,19
"chr12",123633717,123633782,0.0703870816528167,0.140774163305633,22497,21826,24947,3122,15
"chr18",50729680,50729867,0.0703666540739652,0.14073330814793,41023,52419,209655,157237,3
"chr7",158856327,158856628,0.0703663367322033,0.140732673464407,80280,168735,169373,639,9
"chr15",34338013,34338155,-0.0703578710263402,0.14071574205268,28114,60842,74780,13939,20
"chr2",219206204,219206328,0.0703312265354428,0.140662453070886,52132,156445,158046,1602,10
"chr19",17859505,17859904,0.0703285699295394,0.140657139859079,43833,91203,121978,30776,12
"chr19",3985656,3986057,0.070327692525885,0.14065538505177,42172,232110,298984,66875,11
"chr5",75337115,75337197,0.0703266647459949,0.14065332949199,68654,24482,30474,5993,11
"chr19",45940543,45940792,0.0703252219528539,0.140650443905708,45697,11182,51200,40019,5
"chr1",160366879,160366886,0.0703206952437281,0.140641390487456,6076,213799,245595,31797,10
"chr6",31863822,31863963,0.0703148009406738,0.140629601881348,72593,300532,300587,56,34
"chr17",7512819,7512832,0.0702937083701946,0.140587416740389,35558,140107,140315,209,4
"chr1",47416642,47417264,0.0702912800202162,0.140582560040432,3166,4719,7453,2735,6
"chr6",42959545,42960732,-0.0702911449247331,0.140582289849466,73371,186934,189174,2241,28
"chr9",113220829,113221704,0.0702760438769418,0.140552087753884,85230,196751,224007,27257,14
"chr5",140794419,140794797,0.0702758545816685,0.140551709163337,69920,247030,259770,12741,10
"chr1",46131646,46131687,0.0702742495655086,0.140548499131017,3055,141749,151389,9641,2
"chr2",64989161,64989346,-0.0702626050152037,0.140525210030407,48840,11229,71295,60067,4
"chr3",43105903,43106175,-0.0702402726223059,0.140480545244612,60083,67702,77584,9883,13
"chr1",151165882,151165932,0.0702152284053912,0.140430456810782,5103,141499,154825,13327,15
"chr1",203026345,203026347,-0.070212426637617,0.140424853275234,7289,113776,116776,3001,4
"chr1",42816890,42818213,0.070207267111157,0.140414534222314,2793,94038,100420,6383,23
"chr15",72229722,72230021,0.0702006467661951,0.14040129353239,29559,271075,293175,22101,8
"chr10",75296089,75296339,-0.0701957920072295,0.140391584014459,10662,68964,177268,108305,3
"chr17",65561575,65561929,-0.0701885314614637,0.140377062922927,38831,90974,92292,1319,8
"chr8",139930859,139931625,-0.070187785735729,0.140375571471458,82927,81328,96375,15048,6
"chr5",127030366,127031049,0.070176897447867,0.140353794895734,69403,165362,268354,102993,9
"chr18",68714840,68715190,0.0701735639480913,0.140347127896183,41300,17701,57415,39715,13
"chr8",80030453,80030535,0.0701566555581362,0.140313311116272,81977,170835,180093,9259,10
"chr11",18792432,18792531,0.0701459663380001,0.140291932676,13797,103520,130218,26699,12
"chr6",137220250,137220680,-0.0701446689864397,0.140289337972879,75070,252820,273405,20586,2
"chr13",30464333,30464337,0.0701371664475044,0.140274332895009,23268,236956,247556,10601,6
"chr12",3493767,3493771,-0.0701296713044085,0.140259342608817,18190,121301,123859,2559,7
"chr20",62816630,62816973,-0.0701218050367863,0.140243610073573,55453,52345,52912,568,37
"chr10",78029461,78029658,-0.0701199546731613,0.140239909346323,10711,86929,97037,10109,11
"chr4",41935165,41935280,0.0701047206597713,0.140209441319543,65136,30324,35747,5424,12
"chr1",66534102,66534130,0.0700963113382529,0.140192622676506,3649,32736,64128,31393,19
"chr7",2762740,2762920,0.0700940742424153,0.140188148484831,76228,6542,8903,2362,10
"chr17",78997292,78997536,0.0700937869784756,0.140187573956951,39643,119961,128996,9036,7
"chr6",10415057,10415434,0.0700932471289325,0.140186494257865,71637,42178,42180,3,20
"chr9",127450356,127451857,0.0700860939365979,0.140172187873196,85707,87343,94642,7300,22
"chr15",40769491,40769888,0.0700823013003783,0.140164602600757,28315,216006,255701,39696,10
"chr6",152982996,152983170,-0.0700794359578358,0.140158871915672,75435,49217,91309,42093,16
"chr8",38104979,38105459,0.0700775742760157,0.140155148552031,81254,42717,42878,162,22
"chr16",1380102,1380215,-0.0700775302676593,0.140155060535319,30989,93787,105017,11231,8
"chr5",90409762,90409818,0.0700742363063382,0.140148472612676,68919,89961,100596,10636,15
"chr4",84582317,84583327,0.0700730038647798,0.14014600772956,65845,104165,222992,118828,13
"chr8",15540220,15540390,-0.070071848005924,0.140143696011848,80612,46978,50806,3829,10
"chr17",76586083,76586227,0.0700598246598913,0.140119649319783,39421,56402,69583,13182,6
"chr12",62603473,62603511,0.070058248067868,0.140116496135736,20685,3625,5601,1977,11
"chr7",18086836,18086838,-0.0700508981791099,0.14010179635822,76613,12310,20326,8017,3
"chr4",76898535,76898639,-0.0700435110286826,0.140087022057365,65722,117020,309671,192652,3
"chr2",206086030,206086254,0.070029272703807,0.140058545407614,51708,103582,104873,1292,9
"chr7",141737522,141738543,-0.0700283620939448,0.14005672418789,79623,190861,231644,40784,17
"chr14",60649403,60649788,-0.0700280144924859,0.140056028984972,25844,56977,81876,24900,11
"chr2",95165279,95165286,0.0700182542349458,0.140036508469892,49465,145194,151152,5959,13
"chr1",179877851,179878024,0.0700012760011601,0.14000255200232,6736,148315,150837,2523,14
"chr4",5887703,5888904,0.0699993278273776,0.139998655654755,64515,153606,156330,2725,18
"chr13",112106615,112106870,0.0699831463373825,0.139966292674765,24536,296605,298606,2002,13
"chr6",170553388,170553418,0.0699777083000505,0.139955416600101,75942,171312,173577,2266,6
"chr6",32969550,32972878,0.0699718799868771,0.139943759973754,72763,130414,138511,8098,102
"chr4",140642973,140643117,0.0699710893581519,0.139942178716304,66606,119659,157462,37804,3
"chr14",95094127,95094139,-0.0699656804827588,0.139931360965518,27004,311634,311675,42,6
"chr1",240091688,240092714,0.0699506353331827,0.139901270666365,8597,123783,148142,24360,13
"chr17",81911242,81911542,-0.0699373025679512,0.139874605135902,40018,70216,72386,2171,22
"chr21",38121395,38121456,-0.0699350857456573,0.139870171491315,56203,75614,80001,4388,9
"chr6",31897982,31898291,-0.06992772294288,0.13985544588576,72607,178358,178949,592,37
"chr19",36054731,36055389,0.0699201259857196,0.139840251971439,44601,203708,206651,2944,18
"chr11",114400357,114400389,0.0699017809652603,0.139803561930521,17042,86920,88065,1146,17
"chr5",173144422,173144563,0.0699009546761824,0.139801909352365,70898,31105,95481,64377,10
"chr5",6754913,6755730,0.0698905670257792,0.139781134051558,67623,152724,153767,1044,11
"chr6",33323195,33323529,0.0698884092839558,0.139776818567912,72834,43426,44779,1354,36
"chr3",10011039,10011338,0.0698824431001801,0.13976488620036,59220,119919,135498,15580,9
"chr20",5750213,5750298,0.0698809693748229,0.139761938749646,53465,81866,198647,116782,5
"chr17",43846752,43847037,-0.0698791351827511,0.139758270365502,37633,232947,297448,64502,13
"chr1",93447920,93447933,0.069871194837949,0.139742389675898,4099,39565,67461,27897,9
"chr17",80543779,80543902,0.0698527056515287,0.139705411303057,39818,244209,249604,5396,14
"chr11",533875,534288,0.0698436519973356,0.139687303994671,12649,311841,312014,174,19
"chr4",119628008,119628101,0.0698370334764549,0.13967406695291,66370,16922,38566,21645,22
"chr9",34620553,34620599,0.0698308036336971,0.139661607267394,84024,252560,260267,7708,9
"chr7",144410416,144410962,-0.0698273078697204,0.139654615739441,79759,272805,278442,5638,6
"chr17",45982886,45982987,-0.0698241449877797,0.139648289975559,37877,9094,51563,42470,4
"chr13",51452674,51454282,-0.0698241133561251,0.13964822671225,23789,226828,237595,10768,20
"chr5",96432138,96434534,-0.0698204353572968,0.139640870714594,69019,108774,108811,38,21
"chr14",69191309,69191430,0.0698131871346379,0.139626374269276,26130,238732,254915,16184,15
"chr1",74732984,74733497,0.0698128409678145,0.139625681935629,3759,266412,268159,1748,19
"chr17",76711171,76711189,-0.0698093280238798,0.13961865604776,39437,94941,198255,103315,5
"chr4",80335657,80335845,0.0698067393929909,0.139613478785982,65780,98716,103016,4301,11
"chr2",23927691,23927752,0.0698003449694282,0.139600689938856,47743,158155,166160,8006,9
"chr2",178807415,178807964,0.0697894916861857,0.139578983372371,51191,160324,253656,93333,5
"chr15",76336384,76336763,0.0697795815131691,0.139559163026338,29823,90892,110927,20036,14
"chr10",127998673,127998755,-0.0697510902454766,0.139502180490953,12329,16646,172101,155456,2
"chr8",92965784,92966146,0.0697286154997595,0.139457230999519,82139,40586,112842,72257,13
"chr17",29929573,29930131,-0.0697198508752067,0.139439701750413,36555,3599,13307,9709,24
"chr8",41650333,41651473,-0.0697059345684377,0.139411869136875,81375,45582,62688,17107,10
"chr18",50374818,50374840,0.0696982027763382,0.139396405552676,41017,101388,199096,97709,10
"chr3",186640373,186640683,-0.0696896789345467,0.139379357869093,63693,117182,268088,150907,3
"chr20",5611224,5611228,-0.069687959617248,0.139375919234496,53464,194120,208069,13950,10
"chr2",135530745,135531880,0.0696828223930994,0.139365644786199,50429,255146,286041,30896,21
"chr1",228486026,228486903,-0.0696793010725379,0.139358602145076,8297,220393,266772,46380,13
"chr8",17026716,17026755,-0.0696780403443985,0.139356080688797,80622,86642,127819,41178,11
"chr11",114439210,114439212,0.0696647361675533,0.139329472335107,17044,95653,101005,5353,8
"chr6",30213752,30214572,-0.0696587044062628,0.139317408812526,72297,186081,186793,713,38
"chr5",14487894,14488146,-0.0696573186155656,0.139314637231131,67740,34123,39873,5751,2
"chr20",20056009,20056040,0.0696530640638619,0.139306128127724,53708,294914,296996,2083,8
"chr13",33286095,33286324,-0.06964603381245,0.1392920676249,23350,268769,281707,12939,12
"chr1",46719480,46719564,0.0696381291707639,0.139276258341528,3131,135123,161970,26848,10
"chr6",44286337,44286352,0.0696243567003844,0.139248713400769,73567,175245,183376,8132,6
"chr17",13601857,13602482,-0.0696147233775231,0.139229446755046,35934,296819,300316,3498,12
"chr19",1238124,1238235,-0.0696087565544072,0.139217513108814,41700,56661,65592,8932,9
"chr3",18420873,18420952,0.0695965466937182,0.139193093387436,59580,277247,300368,23122,2
"chr2",95159288,95159526,0.0695704002095457,0.139140800419091,49463,99652,149599,49948,11
"chr17",2054235,2054674,0.0695622798867531,0.139124559773506,34992,58426,58523,98,54
"chr2",201071264,201072303,0.0695537616258382,0.139107523251676,51564,222867,232425,9559,18
"chr1",1274293,1275231,0.0695414896244234,0.139082979248847,103,96880,107883,11004,8
"chr4",40055925,40057390,0.0695409911129788,0.139081982225958,65072,31658,31991,334,18
"chr1",5877098,5877223,-0.0695264948181467,0.139052989636293,480,38632,151604,112973,3
"chr15",84716240,84716760,0.0695202886848415,0.139040577369683,30147,254674,268423,13750,13
"chr17",45261673,45263391,-0.0695127444567606,0.139025488913521,37839,200923,225799,24877,11
"chr10",103452299,103452733,0.069491080708229,0.138982161416458,11652,50296,85629,35334,14
"chr19",913261,913277,-0.0694854583720417,0.138970916744083,41608,2363,11945,9583,6
"chr9",126614229,126614242,0.0694794912064543,0.138958982412909,85667,46840,70529,23690,5
"chr5",132866477,132867335,-0.0694770364423756,0.138954072884751,69541,258150,265031,6882,31
"chr7",155533789,155534045,0.0694741799183316,0.138948359836663,80173,181208,182027,820,7
"chr5",43190921,43191923,0.069456911165124,0.138913822330248,68183,238260,246495,8236,15
"chr15",40239085,40239300,0.0694458562995259,0.138891712599052,28232,277673,281154,3482,18
"chr1",212035174,212035757,-0.0694234238962344,0.138846847792469,7789,79103,87955,8853,22
"chr7",44582342,44582359,-0.0693924176000604,0.138784835200121,77255,23556,25991,2436,14
"chr17",56833163,56834496,0.0693847435658179,0.138769487131636,38377,195010,198054,3045,10
"chr5",94618541,94618656,0.0693797835165556,0.138759567033111,68973,142202,147184,4983,23
"chr6",14282340,14282484,0.0693796133345218,0.138759226669044,71751,183661,191029,7369,6
"chr5",140528417,140528680,0.0693780679195754,0.138756135839151,69882,222414,223394,981,4
"chr1",155378354,155378381,-0.0693752369712953,0.138750473942591,5624,85257,140209,54953,2
"chr7",136868580,136869137,-0.0693659257741599,0.13873185154832,79446,117232,117756,525,17
"chr15",45523145,45523207,0.0693647322077434,0.138729464415487,28690,212784,212816,33,15
"chr3",171900540,171900746,-0.0693617858388726,0.138723571677745,63270,1961,116994,115034,5
"chr11",117327015,117327708,-0.0693604046548493,0.138720809309699,17140,169991,172181,2191,13
"chr1",94542485,94542561,0.0693593803300107,0.138718760660021,4137,92407,132901,40495,14
"chr6",55875713,55875906,0.06934580548936,0.13869161097872,73813,227592,242671,15080,6
"chr12",31729692,31730181,0.0693428198883488,0.138685639776698,19224,191139,217988,26850,13
"chr10",132857746,132857772,-0.0693391165915926,0.138678233183185,12453,11283,167412,156130,3
"chr2",230220009,230220017,-0.0693295084860107,0.138659016972021,52406,254168,256029,1862,5
"chr11",911002,911512,-0.0693230692813527,0.138646138562705,12748,49433,59729,10297,10
"chr13",21140570,21140582,0.0693227700264049,0.13864554005281,22986,7482,26850,19369,13
"chr9",134753884,134754295,-0.0693134454155088,0.138626890831018,86365,8913,189285,180373,2
"chr5",179806856,179806875,-0.0693078145545997,0.138615629109199,71242,138330,143480,5151,11
"chr4",183905326,183905551,-0.0692845165265617,0.138569033053123,67183,150271,151327,1057,14
"chr3",53892020,53892657,0.0692831280769459,0.138566256153892,61016,164684,229112,64429,13
"chr21",38661710,38661968,-0.0692754774089507,0.138550954817901,56230,96752,100393,3642,15
"chr10",70600616,70600692,0.0692695509691311,0.138539101938262,10399,170494,184752,14259,4
"chr14",68978578,68979787,0.0692595189749462,0.138519037949892,26123,293794,297274,3481,17
"chr1",156527971,156528033,-0.0692514984510487,0.138502996902097,5757,214009,242867,28859,3
"chr10",99535643,99535967,-0.06925049359525,0.1385009871905,11344,43122,48272,5151,8
"chr7",76409468,76411070,0.0692426665382588,0.138485333076518,77840,90698,97439,6742,5
"chr1",16938962,16939093,0.0692395820936706,0.138479164187341,1166,10813,290668,279856,2
"chr12",106955046,106956699,-0.0692326854057634,0.138465370811527,21535,180527,180661,135,20
"chr1",207320868,207321127,0.0692324509366616,0.138464901873323,7643,148604,165596,16993,13
"chr10",104219951,104220306,-0.0692314007419176,0.138462801483835,11715,173037,287799,114763,3
"chr11",27701070,27701667,-0.0692197293357978,0.138439458671596,13902,168518,169361,844,36
"chr6",29792977,29792980,0.0692162316589538,0.138432463317908,72228,181908,187744,5837,16
"chr8",17801034,17801050,-0.0692145325520329,0.138429065104066,80654,50405,50997,593,16
"chr2",70887802,70888100,0.0691962049934041,0.138392409986808,49005,12361,16624,4264,5
"chr3",133124235,133125033,-0.0691895071633997,0.138379014326799,62474,272060,275201,3142,9
"chr14",64387813,64388305,0.0691802604957304,0.138360520991461,25956,138606,204233,65628,13
"chr13",77696908,77698695,0.06918011156246,0.13836022312492,24043,225367,229512,4146,23
"chr1",247112794,247113664,-0.0691735170279865,0.138347034055973,8754,114159,122894,8736,13
"chr22",20438036,20438248,0.069172488303542,0.138344976607084,57006,96034,192987,96954,9
"chr12",6863331,6864102,-0.0691692003609831,0.138338400721966,18396,75667,263697,188031,3
"chr4",48906824,48906832,0.0691528451013607,0.138305690202721,65243,154628,157887,3260,10
"chr1",247548808,247549075,0.069147104461038,0.138294208922076,8787,152059,156652,4594,9
"chr10",44959348,44959899,0.0691458387464018,0.138291677492804,9871,187361,190569,3209,17
"chr1",113072514,113073256,0.0691416616610859,0.138283323322172,4603,102773,118361,15589,14
"chr20",47786021,47786122,-0.0691410848299897,0.138282169659979,54930,19285,19540,256,17
"chr20",45517019,45517058,0.0691320076706622,0.138264015341324,54754,276578,284859,8282,2
"chr6",138424212,138424332,0.0691313591363995,0.138262718272799,75115,47864,105740,57877,4
"chr6",148509076,148509302,-0.069129083290118,0.138258166580236,75282,285072,287336,2265,4
"chr3",122794676,122794891,0.0691158074612513,0.138231614922503,62043,104697,133328,28632,16
"chr6",166410986,166411489,0.0691131910841198,0.13822638216824,75756,142981,167731,24751,4
"chr9",128920853,128921578,0.0691110733198144,0.138222146639629,85928,16575,68934,52360,17
"chr7",876119,876194,-0.0691104089948971,0.138220817989794,76014,43260,92092,48833,3
"chr3",50358821,50359743,0.0691061641793917,0.138212328358783,60719,143781,152612,8832,14
"chr7",157010856,157010884,-0.069100325458072,0.138200650916144,80226,3921,9818,5898,7
"chr9",6757146,6758073,-0.0691003002574773,0.138200600514955,83628,129819,184666,54848,16
"chr1",32703124,32703226,-0.0690959106260586,0.138191821252117,2219,65601,69547,3947,8
"chr14",31128701,31129403,-0.0690730436682913,0.138146087336583,25305,216772,247217,30446,5
"chr11",85647716,85647978,0.0690650073908229,0.138130014781646,16444,185550,187800,2251,10
"chr20",47785611,47786190,-0.0690579418695133,0.138115883739027,54930,77906,87184,9279,17
"chr1",218346207,218346223,0.0690523433924767,0.138104686784953,7920,24733,25901,1169,17
"chr18",44680145,44680165,-0.0689874158809904,0.137974831761981,40854,19271,20524,1254,17
"chr5",134758757,134758764,0.0689654371104207,0.137930874220841,69606,2060,13038,10979,10
"chr8",143597537,143597591,-0.0689627597884574,0.137925519576915,83184,59908,62052,2145,25
"chr5",138337212,138338359,0.0689595988516483,0.137919197703297,69747,161241,259631,98391,16
"chr1",1434413,1435395,0.0689527273302812,0.137905454660562,166,147822,155431,7610,9
"chr6",43635638,43635860,0.0689500676275198,0.13790013525504,73503,42088,46707,4620,11
"chr18",78979026,78979559,-0.0689423107313754,0.137884621462751,41431,18082,25003,6922,10
"chr3",50340557,50340760,0.0689393425496172,0.137878685099234,60708,80419,81375,957,20
"chr4",13544545,13545153,-0.0689299643338487,0.137859928667697,64729,15696,17973,2278,14
"chr2",218260400,218260849,0.0689024693987932,0.137804938797586,52004,261423,268441,7019,6
"chr3",42224175,42224587,0.0688959076042801,0.13779181520856,60020,40020,146526,106507,3
"chr13",108665987,108666023,0.068895754049261,0.137791508098522,24422,83197,203994,120798,3
"chr7",6588967,6589821,-0.0688937083507665,0.137787416701533,76466,219172,222231,3060,8
"chr4",128811119,128811306,-0.0688732924727545,0.137746584945509,66493,70464,71315,852,30
"chr19",18086889,18087801,-0.0688711626970278,0.137742325394056,43866,207409,208634,1226,8
"chr15",39921125,39921208,0.0688586530983084,0.137717306196617,28203,76309,95494,19186,13
"chr16",67170166,67170323,0.0688421872324699,0.13768437446494,33476,221343,231157,9815,12
"chr19",2945041,2945070,0.0688359650799178,0.137671930159836,41993,296163,297967,1805,8
"chr12",8822190,8822248,0.0688309148327011,0.137661829665402,18551,121149,168247,47099,5
"chr2",96760537,96761296,0.0688294099073572,0.137658819814714,49555,82723,96138,13416,17
"chr3",184134993,184135372,0.068826308891984,0.137652617783968,63512,155557,159852,4296,17
"chr19",46609894,46609896,0.0688241698108401,0.13764833962168,45751,286300,289874,3575,3
"chr21",44990540,44990962,-0.0688212093273605,0.137642418654721,56597,59476,75687,16212,8
"chr1",23751175,23751483,-0.0688200862347806,0.137640172469561,1603,13044,283219,270176,2
"chr19",54938071,54938078,-0.0688176008181675,0.137635201636335,46845,102587,207664,105078,3
"chr14",104802155,104802253,-0.0688150601393218,0.137630120278644,27599,12574,55954,43381,4
"chr1",29124131,29124959,0.0688148691084219,0.137629738216844,2041,153427,155072,1646,22
"chr1",78004765,78004822,0.0688121203801735,0.137624240760347,3835,92977,160184,67208,9
"chr12",75209563,75209805,0.0688104385058981,0.137620877011796,20964,101559,105438,3880,9
"chr12",10212334,10212997,0.0688068425833859,0.137613685166772,18653,98803,102642,3840,13
"chr22",46535241,46537772,0.0687982164082839,0.137596432816568,58773,103824,106569,2746,30
"chr11",134275995,134276046,0.0687855726425032,0.137571145285006,17960,91330,167331,76002,11
"chr8",54134665,54135015,-0.0687744556575788,0.137548911315158,81583,107069,134603,27535,12
"chr9",101398707,101398763,-0.068757018848196,0.137514037696392,84996,130933,168103,37171,16
"chr11",3642261,3642547,0.06874638153204,0.13749276306408,13046,16405,40374,23970,13
"chr7",149028703,149029058,0.0687411473439793,0.137482294687959,79804,139382,175433,36052,12
"chr20",45909972,45910036,0.0687153952109544,0.137430790421909,54803,194359,199417,5059,5
"chr3",53494822,53494830,-0.0687074656989458,0.137414931397892,60996,103848,104431,584,6
"chr11",64036549,64036572,-0.0687006059400761,0.137401211880152,15086,9243,43400,34158,10
"chr1",69567909,69567941,-0.068698916239522,0.137397832479044,3701,28608,29990,1383,16
"chr3",147388421,147388702,0.0686820350231005,0.137364070046201,62798,13579,120545,106967,6
"chr1",77682839,77683651,-0.0686785063471683,0.137357012694337,3815,143888,145203,1316,16
"chr22",41366422,41366495,-0.0686753655977991,0.137350731195598,58367,215000,287621,72622,3
"chr8",67062411,67062843,0.0686741667067177,0.137348333413435,81798,227973,251727,23755,16
"chr21",33976334,33976741,0.0686588301797515,0.137317660359503,56071,288419,301153,12735,11
"chr9",84669401,84670786,0.0686496813000445,0.137299362600089,84498,132501,135306,2806,23
"chr15",66567166,66567173,-0.0686354392539705,0.137270878507941,29354,251821,264727,12907,4
"chr8",144614642,144614653,0.0686233799371847,0.137246759874369,83432,179158,190934,11777,3
"chr1",201399786,201399818,0.0686130427905909,0.137226085581182,7145,5408,20404,14997,10
"chr19",47264618,47264814,-0.0686102231255099,0.13722044625102,45826,52104,53440,1337,2
"chr8",100158416,100158443,0.0686059687440432,0.137211937488086,82296,180418,190381,9964,14
"chr7",74209998,74210002,-0.0686052785221019,0.137210557044204,77741,63206,64699,1494,7
"chr17",50373120,50373234,0.0685972681284095,0.137194536256819,38206,7162,11640,4479,15
"chr11",67373951,67374321,0.0685948148439967,0.137189629687993,15662,45921,46410,490,15
"chr14",64504387,64505461,-0.0685946451436252,0.13718929028725,25970,208042,210809,2768,22
"chr11",6474397,6474776,0.0685878397860558,0.137175679572112,13259,215703,259818,44116,18
"chr1",24502869,24502972,0.0685801621206143,0.137160324241229,1670,24923,25086,164,19
"chr3",126523647,126524021,0.0685739138371489,0.137147827674298,62194,97685,116083,18399,10
"chr8",139704262,139704504,0.0685667859840138,0.137133571968028,82922,41590,44916,3327,5
"chr12",610479,610514,-0.0685551029511721,0.137110205902344,18044,113295,277075,163781,3
"chr12",53321644,53321710,0.0685466464395876,0.137093292879175,20047,42668,49086,6419,11
"chr6",16761437,16762237,0.0685387088418802,0.13707741768376,71783,93538,102028,8491,20
"chr5",122844191,122844745,0.0685280585893596,0.137056117178719,69348,117608,128294,10687,13
"chr3",122577182,122577538,0.0685243212986019,0.137048642597204,62030,163519,241135,77617,10
"chr8",104589387,104589607,0.0684943552078155,0.136988710415631,82423,28272,97509,69238,5
"chr2",120252279,120252492,0.0684928749724059,0.136985749944812,50157,96054,126086,30033,9
"chr6",43516516,43516601,0.0684898275417516,0.136979655083503,73480,243912,248119,4208,16
"chr15",45023164,45023232,0.0684867923344689,0.136973584668938,28644,4589,23491,18903,14
"chr15",38454041,38454074,0.0684848394007556,0.136969678801511,28174,111297,198600,87304,10
"chr15",65610703,65610990,0.0684643548653227,0.136928709730645,29297,100514,203187,102674,7
"chr12",69738501,69739207,0.0684599182100148,0.13691983642003,20889,59097,60945,1849,15
"chr4",103019793,103020143,0.0684586453343107,0.136917290668621,66107,152494,161423,8930,13
"chr1",193058371,193060261,0.0684346269693148,0.13686925393863,6985,223057,230449,7393,26
"chr6",3231801,3231895,0.0684073553898432,0.136814710779686,71488,181482,238356,56875,11
"chr22",41446837,41447107,0.0684064024168693,0.136812804833739,58377,88698,97418,8721,9
"chr7",99499860,99500012,-0.0684038042805271,0.136807608561054,78310,91898,167043,75146,9
"chr4",174283589,174283636,0.0683883958170706,0.136776791634141,67074,164214,165956,1743,24
"chr18",67516115,67516508,-0.0683859373757947,0.136771874751589,41297,52872,76652,23781,3
"chr7",7640086,7640455,-0.068383676598207,0.136767353196414,76498,129462,140487,11026,11
"chr20",49812556,49812562,0.0683810143658049,0.13676202873161,54979,197614,205799,8186,12
"chr5",136365481,136366645,0.0683808419460015,0.136761683892003,69681,164982,259577,94596,11
"chr1",223364832,223364992,-0.068364808486797,0.136729616973594,8022,32140,104080,71941,6
"chr19",1523443,1523918,0.068352090081717,0.136704180163434,41783,72871,198579,125709,9
"chr15",90932648,90932688,0.0683513820986008,0.136702764197202,30452,75682,77685,2004,7
"chr11",128686685,128686879,0.0683319527121616,0.136663905424323,17779,120273,124735,4463,20
"chr2",43227811,43227958,0.068329860084512,0.136659720169024,48406,153515,154613,1099,33
"chr12",121297593,121297828,0.0683286632749943,0.136657326549989,22271,130787,193805,63019,8
"chr5",115296797,115296909,-0.0683072660957768,0.136614532191554,69254,10293,30174,19882,19
"chr19",40443284,40444265,-0.0683029867932211,0.136605973586442,45042,102108,126872,24765,21
"chr17",82065946,82066045,-0.0683015599780023,0.136603119956005,40070,18609,76243,57635,7
"chr17",74430701,74432251,0.0683003912804043,0.136600782560809,39075,297321,299158,1838,20
"chr10",13099832,13100132,0.0682877104265547,0.136575420853109,9254,102391,103032,642,19
"chr5",179559403,179559411,0.0682789149310134,0.136557829862027,71205,147486,157407,9922,14
"chr11",128525190,128525555,0.0682761586502887,0.136552317300577,17777,128397,228816,100420,3
"chr5",142314874,142315132,-0.0682642763933782,0.136528552786756,70144,160983,260354,99372,4
"chr1",53195557,53196374,0.0682637673945537,0.136527534789107,3321,225891,243812,17922,12
"chr5",91383321,91383571,0.0682585852219188,0.136517170443838,68947,151675,155443,3769,13
"chr12",45726826,45729380,0.0682561236483822,0.136512247296764,19368,140700,167521,26822,22
"chr11",62678926,62679130,0.0682502520652974,0.136500504130595,14963,39493,47910,8418,10
"chr5",150777307,150778496,-0.0682436800725308,0.136487360145062,70428,164175,248671,84497,5
"chr4",2262109,2262305,0.0682369527674099,0.13647390553482,64355,87260,140816,53557,12
"chr1",42420755,42421532,0.0682255696467258,0.136451139293452,2763,135135,230504,95370,4
"chr19",17192836,17192998,-0.0682251601820607,0.136450320364121,43701,197133,202498,5366,3
"chr2",219178002,219178799,0.0682230571980878,0.136446114396176,52128,101705,156003,54299,17
"chr11",14973687,14973720,0.068194774049467,0.136389548098934,13632,178907,179015,109,35
"chr10",3172874,3172884,0.0681894676004956,0.136378935200991,8983,48851,172697,123847,9
"chr19",16828473,16829210,0.0681722250539016,0.136344450107803,43673,233617,250805,17189,10
"chr1",231161871,231161991,0.068168630987173,0.136337261974346,8398,131773,141373,9601,18
"chr12",109021247,109021522,-0.0681599688285839,0.136319937657168,21629,268745,272092,3348,11
"chr1",211326296,211326692,-0.068159314261029,0.136318628522058,7764,92550,94632,2083,9
"chr10",35090693,35090703,0.0681590063718456,0.136318012743691,9727,189709,234140,44432,12
"chr16",89817629,89818031,0.06815494756274,0.13630989512548,34743,119000,263525,144526,6
"chr18",78979013,78979120,-0.0681529245084107,0.136305849016821,41431,64157,67104,2948,10
"chr3",37242960,37243468,-0.0681191733569639,0.136238346713928,59839,34423,39751,5329,15
"chr2",224401587,224402159,0.0681123137356749,0.13622462747135,52295,146880,151618,4739,14
"chr17",19306367,19306546,0.0681100578445936,0.136220115689187,36230,250526,261506,10981,5
"chr1",15060243,15060302,0.0680963266152196,0.136192653230439,995,10596,141158,130563,2
"chr5",94618405,94618823,0.0680922278033104,0.136184455606621,68973,159472,160953,1482,23
"chr8",28889943,28890315,-0.0680900810963631,0.136180162192726,81089,121546,170173,48628,24
"chr1",160098817,160098881,-0.0680737791714046,0.136147558342809,6030,15368,21751,6384,15
"chr1",77282190,77282640,0.0680690964852987,0.136138192970597,3807,146743,153304,6562,15
"chr2",29921757,29921972,0.0680563673816085,0.136112734763217,48108,157168,160760,3593,14
"chr1",29182074,29182076,0.068051972052426,0.136103944104852,2044,993,3994,3002,12
"chr7",23181735,23182060,0.0680484155165114,0.136096831033023,76707,92373,100937,8565,9
"chr2",218258904,218259540,0.0680446561979861,0.136089312395972,52003,130160,244054,113895,6
"chr2",10689888,10690510,0.0680312537686295,0.136062507537259,47524,37276,77970,40695,10
"chr7",151057951,151058156,-0.0680306602554224,0.136061320510845,79995,13037,20552,7516,36
"chr7",73736152,73736627,-0.068018086668362,0.136036173336724,77705,192243,228144,35902,3
"chr17",80883438,80883831,-0.0679866266425209,0.135973253285042,39835,108295,122430,14136,5
"chr5",134873348,134873594,0.067985623645742,0.135971247291484,69617,246023,247749,1727,11
"chr8",135456749,135457530,0.0679737324898183,0.135947464979637,82902,91295,122417,31123,8
"chr17",64146045,64146464,0.067968319748611,0.135936639497222,38770,193061,201796,8736,13
"chr1",18902804,18902816,0.0679662704519633,0.135932540903927,1258,242200,254981,12782,17
"chr15",49155043,49155736,0.0679478965447516,0.135895793089503,28754,133154,196345,63192,17
"chr11",14972367,14973275,-0.0679453439483241,0.135890687896648,13632,17018,46325,29308,35
"chr17",28661979,28662012,0.0679445317044163,0.135889063408833,36443,127110,138935,11826,18
"chr3",141737463,141737884,-0.0679353335500479,0.135870667100096,62718,163291,212726,49436,9
"chr21",46155502,46155616,-0.0679352202472892,0.135870440494578,56699,126813,248290,121478,7
"chr7",101245088,101245467,0.0679328473999619,0.135865694799924,78615,11862,49714,37853,11
"chr13",109281590,109281824,0.0679315149414494,0.135863029882899,24433,272378,276364,3987,6
"chr12",63150650,63150972,0.0679226332255118,0.135845266451024,20691,14867,18352,3486,18
"chr2",18584752,18584874,-0.067918345093517,0.135836690187034,47662,13960,30880,16921,5
"chr1",145996851,145997266,-0.0678945764342965,0.135789152868593,4915,145986,146775,790,18
"chr16",67192059,67192341,-0.0678837120817057,0.135767424163411,33486,109973,192741,82769,8
"chr20",4015747,4016542,-0.0678768708952295,0.135753741790459,53411,215490,220017,4528,8
"chr11",119174016,119174065,0.0678740760745321,0.135748152149064,17352,108585,131571,22987,5
"chr20",62386395,62386984,0.0678694499624506,0.135738899924901,55407,101026,231782,130757,10
"chr4",1870508,1870889,-0.0678598555348471,0.135719711069694,64310,29778,30672,895,6
"chr3",122577562,122577658,0.0678530715449413,0.135706143089883,62030,147639,148285,647,10
"chr15",90233641,90234593,0.0678474901701697,0.135694980340339,30392,208346,209995,1650,13
"chr3",136752381,136752961,0.0678448058457089,0.135689611691418,62567,66448,87525,21078,9
"chr19",19528772,19528785,-0.0678402560025601,0.13568051200512,44076,15266,17761,2496,9
"chr3",38009983,38009985,0.0678378997934285,0.135675799586857,59874,134372,138525,4154,2
"chr10",79347455,79347490,-0.0678356249814602,0.13567124996292,10734,7251,20586,13336,12
"chr12",57148316,57148438,0.0678324290301941,0.135664858060388,20486,129870,247119,117250,4
"chr2",71331457,71331459,0.0678233394453203,0.135646678890641,49026,93220,147518,54299,4
"chr18",9135845,9137951,0.0678141965280422,0.135628393056084,40402,195051,216308,21258,23
"chr1",15152486,15153296,0.0678123898925618,0.135624779785124,1001,144406,144847,442,18
"chr7",51028975,51029086,-0.0677728852161716,0.135545770432343,77426,119307,171753,52447,6
"chr1",197902464,197902717,0.0677724779515217,0.135544955903043,7043,152702,152960,259,13
"chr8",119593836,119594255,0.0677591333469818,0.135518266693964,82564,266475,273131,6657,2
"chr11",126303673,126304059,0.0677589210494891,0.135517842098978,17743,50480,79004,28525,15
"chr1",48759271,48759298,-0.0677382592904338,0.135476518580868,3193,241106,274819,33714,7
"chr8",31032811,31034155,0.0677361228532909,0.135472245706582,81156,172887,180195,7309,34
"chr19",11673699,11673832,-0.0677319878146097,0.135463975629219,43139,196315,198415,2101,9
"chr19",46660482,46662138,0.0677316348877808,0.135463269775562,45761,196587,213543,16957,17
"chr16",69339159,69340037,-0.0677315846360294,0.135463169272059,33718,209122,222280,13159,20
"chr5",173056128,173056277,0.0677306499632559,0.135461299926512,70895,1297,13651,12355,14
"chr1",170145340,170145805,-0.0677101475079929,0.135420295015986,6461,144414,146518,2105,9
"chr16",87601604,87602051,0.0676942733485638,0.135388546697128,34445,194720,208783,14064,8
"chr19",35039350,35041193,0.0676940873465275,0.135388174693055,44402,74861,75504,644,16
"chr8",40343481,40343808,0.0676934456710722,0.135386891342144,81351,234986,251341,16356,3
"chr8",93700145,93700978,0.0676889186889036,0.135377837377807,82144,111892,117222,5331,11
"chr1",149927926,149929654,0.0676641876666849,0.13532837533337,4985,154009,213202,59194,14
"chr7",84195301,84195655,0.0676629229962463,0.135325845992493,77944,269257,278443,9187,10
"chr15",72686416,72686484,0.0676628638055141,0.135325727611028,29590,95243,118920,23678,21
"chr1",162497835,162498121,0.0676583243035177,0.135316648607035,6248,30607,31094,488,17
"chr21",44921389,44921465,0.0676389085486248,0.13527781709725,56591,110981,116615,5635,12
"chr1",155244512,155245068,0.0676381458370704,0.135276291674141,5591,5349,95638,90290,10
"chr10",132786332,132787494,-0.0676275680386778,0.135255136077356,12448,42498,42815,318,37
"chr2",202634588,202635079,0.0676247856503186,0.135249571300637,51645,103102,126741,23640,12
"chr17",76000250,76000789,-0.0676199290497981,0.135239858099596,39328,203940,205759,1820,14
"chr13",112968372,112968919,0.0676177199683328,0.135235439936666,24580,113960,131182,17223,12
"chr12",93377527,93377708,-0.0676110580348034,0.135222116069607,21196,117990,118306,317,6
"chr19",39336037,39336053,0.0676050993692498,0.1352101987385,44892,91921,109232,17312,9
"chr17",63842828,63843063,-0.0676036240738601,0.13520724814772,38731,5054,6061,1008,13
"chr2",219277888,219278425,-0.0675821514849669,0.135164302969934,52156,142870,219013,76144,5
"chr6",108165246,108165896,-0.0675808807186626,0.135161761437325,74433,42671,42714,44,29
"chr4",5888697,5889024,0.0675743632497849,0.13514872649957,64515,110508,145435,34928,18
"chr5",179732290,179732326,0.0675630684872348,0.13512613697447,71231,159521,215608,56088,13
"chr9",136982861,136982941,-0.0675508596269306,0.135101719253861,86640,59755,67121,7367,7
"chr8",96493590,96493932,-0.067535390867074,0.135070781734148,82228,185562,241744,56183,11
"chr4",30719119,30720652,0.0675331544363468,0.135066308872694,64934,87449,107672,20224,8
"chr1",200891235,200891250,0.0675254829473566,0.135050965894713,7097,72168,87642,15475,10
"chr6",152637213,152637489,-0.0675239621292949,0.13504792425859,75427,169228,170679,1452,18
"chr7",27184063,27185524,-0.0675216247702346,0.135043249540469,76827,132374,168100,35727,40
"chr15",74175091,74175550,0.06750620437208,0.13501240874416,29657,196164,197001,838,16
"chr4",88823128,88823592,0.0675012382071916,0.135002476414383,65963,135418,142944,7527,8
"chr17",8120320,8121302,0.0674963036765664,0.134992607353133,35698,111764,195567,83804,10
"chr18",3449440,3451382,-0.067494929693405,0.13498985938681,40302,265743,269602,3860,36
"chr18",45967286,45967840,-0.0674914525134963,0.134982905026993,40884,197623,205803,8181,11
"chr19",39032518,39032525,0.0674864277389297,0.134972855477859,44858,913,5036,4124,9
"chr14",24195660,24196239,-0.0674599360517022,0.134919872103404,25168,78176,103009,24834,12
"chr6",43628015,43629332,0.0674186237915911,0.134837247583182,73502,257092,263846,6755,23
"chr5",139561109,139561635,0.0674030267620419,0.134806053524084,69826,29491,64580,35090,9
"chr4",119212412,119213073,0.0673892784488642,0.134778556897728,66357,39332,69492,30161,17
"chr2",178532023,178532756,0.0673831565625415,0.134766313125083,51167,139847,143966,4120,11
"chr19",19668758,19668814,-0.0673671908944912,0.134734381788982,44106,73888,74406,519,10
"chr17",29617435,29617567,-0.0673670408381323,0.134734081676265,36547,102471,102748,278,11
"chr3",129278150,129278693,0.0673627273957148,0.13472545479143,62330,263246,300740,37495,11
"chr14",24262192,24262336,-0.0673435778459208,0.134687155691842,25184,95988,293562,197575,4
"chr9",135503500,135503962,0.0673415364367126,0.134683072873425,86403,182342,287562,105221,3
"chr1",31764526,31764634,0.0673231363919738,0.134646272783948,2143,70262,87889,17628,10
"chr17",42761058,42761507,-0.0673175884873636,0.134635176974727,37517,57119,57473,355,13
"chr10",73772213,73772399,0.0673157419481383,0.134631483896277,10587,100998,108076,7079,18
"chr12",120640228,120640287,0.0673100915000598,0.13462018300012,22213,99872,123466,23595,12
"chr3",46464716,46465062,0.0672922078674874,0.134584415734975,60241,536,17549,17014,15
"chr14",77760580,77760847,0.0672793644995414,0.134558728999083,26604,76832,87701,10870,21
"chr12",4272565,4272626,0.0672705205274374,0.134541041054875,18200,180421,184929,4509,37
"chr10",125005578,125005653,0.0672480824752492,0.134496164950498,12238,167677,173222,5546,7
"chr11",71435050,71435718,-0.0672467184609606,0.134493436921921,15951,174298,176619,2322,9
"chr3",61251532,61251596,0.0672441580399962,0.134488316079992,61188,88027,98610,10584,12
"chr2",85867763,85868185,0.0672353814884387,0.134470762976877,49362,164083,166184,2102,5
"chr5",132825213,132825856,0.0672343560858327,0.134468712171665,69538,156286,159534,3249,11
"chr15",25179952,25180342,-0.0672224061805287,0.134444812361057,27850,197851,210838,12988,5
"chr6",31664700,31665112,-0.0672199640376471,0.134439928075294,72532,174950,176345,1396,69
"chr10",62804684,62805041,-0.0672187726095045,0.134437545219009,10182,97815,99622,1808,11
"chr7",102913010,102913171,-0.0672133661635883,0.134426732327177,78685,131323,139667,8345,8
"chr22",26618042,26619421,-0.0671918184913713,0.134383636982743,57391,121417,139680,18264,7
"chr4",337549,337669,0.0671907582553932,0.134381516510786,64137,143890,161600,17711,12
"chr3",132597231,132597312,-0.0671897898226736,0.134379579645347,62457,126920,258316,131397,2
"chr4",8237493,8237527,0.0671889634311793,0.134377926862359,64652,36812,144460,107649,3
"chr5",1857704,1857714,0.0671840310102208,0.134368062020442,67543,142765,144689,1925,8
"chr1",159900112,159900296,0.0671795867539251,0.13435917350785,6001,16639,17016,378,10
"chr10",122489427,122489494,0.067173315852164,0.134346631704328,12142,175798,177976,2179,3
"chr5",149580862,149580941,0.0671615814813332,0.134323162962666,70319,224560,236258,11699,8
"chr20",57407647,57407922,0.0671599504006513,0.134319900801303,55184,204583,293886,89304,4
"chr7",100119412,100119591,-0.0671574471940463,0.134314894388093,78383,265498,272355,6858,25
"chr9",98806310,98806693,-0.0671529261325047,0.134305852265009,84947,188535,218503,29969,4
"chr22",21952825,21953110,0.0671518114959356,0.134303622991871,57134,28460,94568,66109,9
"chr5",77087222,77088232,0.0671434904191767,0.134286980838353,68717,17143,22096,4954,15
"chr1",152795691,152795726,0.0671385252607178,0.134277050521436,5271,232790,248732,15943,6
"chr18",79963226,79964453,-0.0671308865290663,0.134261773058133,41476,53624,55407,1784,14
"chr2",175181457,175181767,-0.0671163677073704,0.134232735414741,51052,38076,88897,50822,9
"chr11",72793572,72794081,0.0671122331217894,0.134224466243579,16062,182775,185176,2402,13
"chr16",3305384,3305547,0.067107408483301,0.134214816966602,31450,117680,120364,2685,20
"chr10",133307791,133308412,0.067089967011313,0.134179934022626,12532,91945,93019,1075,23
"chr1",207752055,207752116,0.0670836170678076,0.134167234135615,7654,89801,100471,10671,10
"chr5",13919230,13919317,0.0670708480371085,0.134141696074217,67722,143839,165029,21191,2
"chr4",152976164,152976553,-0.0670683740357049,0.13413674807141,66802,14923,36659,21737,8
"chr13",52159682,52159720,0.0670660797374832,0.134132159474966,23834,237779,253756,15978,16
"chr9",135700501,135701165,-0.0670603077277965,0.134120615455593,86428,127824,170286,42463,11
"chr19",10836429,10837219,0.0670448563207438,0.134089712641488,42992,259766,295561,35796,13
"chr20",1186014,1186416,-0.0670359752263071,0.134071950452614,53184,229983,304920,74938,4
"chr22",49959949,49960438,0.067024108008218,0.134048216016436,58854,106572,111456,4885,13
"chr20",63406365,63406405,0.0670121552145667,0.134024310429133,55528,197300,208060,10761,7
"chr6",154478582,154478806,-0.0669830449080546,0.133966089816109,75473,230267,248155,17889,4
"chr3",116709254,116709538,-0.0669821492903819,0.133964298580764,61882,144523,157750,13228,5
"chr11",66958434,66958762,-0.0669780121448881,0.133956024289776,15616,50773,138188,87416,9
"chr17",45132690,45132736,0.0669720448005817,0.133944089601163,37818,138655,140917,2263,8
"chr7",98878186,98878278,-0.0669689143427163,0.133937828685433,78238,92009,167393,75385,7
"chr11",67582682,67582724,0.0669675210417607,0.133935042083521,15723,182341,191508,9168,10
"chr2",88452605,88452767,-0.0669375371375849,0.13387507427517,49431,34326,69054,34729,8
"chr6",85677430,85679122,0.066925491423508,0.133850982847016,74129,190821,191502,682,15
"chr7",143902185,143902332,0.0669207551102629,0.133841510220526,79741,167323,170291,2969,14
"chr17",49575944,49575947,-0.0669119640885542,0.133823928177108,38112,24804,26238,1435,11
"chr1",28887163,28887178,0.0669085910336782,0.133817182067356,2033,20259,23456,3198,10
"chr11",3165339,3166304,-0.0668974020927048,0.13379480418541,13030,46784,61201,14418,29
"chr10",72088705,72089409,0.0668809950925187,0.133761990185037,10491,106969,127790,20822,16
"chr4",74794809,74795188,0.0668600806078889,0.133720161215778,65648,88591,142173,53583,7
"chr16",88705988,88706562,-0.0668597221865384,0.133719444373077,34535,58778,61589,2812,10
"chr12",107093707,107094416,-0.0668549419742437,0.133709883948487,21541,232895,244314,11420,16
"chr14",51094844,51095928,0.0668458090050914,0.133691618010183,25593,96900,100432,3533,22
"chr4",112411913,112411916,-0.066828160108488,0.133656320216976,66259,130581,162402,31822,4
"chr4",133148081,133149214,0.0668273476840163,0.133654695368033,66512,8716,32721,24006,16
"chr7",16646021,16647146,0.0668170316287914,0.133634063257583,76590,92528,167736,75209,21
"chr1",77779431,77779492,-0.0668123986292245,0.133624797258449,3821,256804,262649,5846,13
"chr16",84873009,84873108,-0.0668072317214904,0.133614463442981,34330,75014,294673,219660,2
"chr6",27312360,27312852,0.0667979265420631,0.133595853084126,72027,200748,279835,79088,12
"chr16",4416824,4417142,-0.0667829953844691,0.133565990768938,31576,68476,69242,767,14
"chr10",132331360,132331684,0.0667794555419223,0.133558911083845,12417,186575,186711,137,14
"chr11",1838608,1838884,-0.0667680963744826,0.133536192748965,12888,100088,117675,17588,14
"chr3",49803037,49803103,-0.0667637206969041,0.133527441393808,60626,149251,273111,123861,6
"chr16",66959808,66960245,0.0667629389777357,0.133525877955471,33445,196004,199831,3828,3
"chr18",31684533,31684542,-0.0667624646242815,0.133524929248563,40718,239183,262268,23086,4
"chr1",28088651,28088800,0.0667558901603596,0.133511780320719,1971,1381,28427,27047,10
"chr1",34758450,34758463,0.0667352552100439,0.133470510420088,2317,158981,159889,909,4
"chr4",89057237,89057249,-0.0667317398969269,0.133463479793854,65964,3149,62194,59046,7
"chr14",105301545,105301753,0.0667221272483358,0.133444254496672,27671,124913,125147,235,21
"chr1",22025031,22025242,0.0667213932373717,0.133442786474743,1495,149898,150021,124,11
"chr6",133951991,133952080,0.0667163726789536,0.133432745357907,74970,105775,106870,1096,17
"chr16",30657799,30658269,0.0667009445985997,0.133401889197199,32669,232523,234666,2144,7
"chr17",75114340,75114459,0.0666991392592483,0.133398278518497,39175,202050,302590,100541,3
"chr18",501137,501234,-0.0666919718700934,0.133383943740187,40228,110312,216320,106009,6
"chr19",35154653,35154707,-0.0666896069588175,0.133379213917635,44428,74600,106045,31446,12
"chr10",12195554,12196022,0.0666732390209519,0.133346478041904,9239,102510,115092,12583,18
"chr9",113536178,113536454,0.0666731606275854,0.133346321255171,85258,237994,267159,29166,5
"chr16",89697559,89697847,-0.0666684922052621,0.133336984410524,34700,203662,298721,95060,6
"chr16",56477496,56477565,-0.0666681226653925,0.133336245330785,33136,245166,309389,64224,2
"chr14",105498819,105499042,-0.0666563557426471,0.133312711485294,27707,194083,208869,14787,5
"chr1",119711949,119711996,0.0666454973977168,0.133290994795434,4817,131478,142146,10669,11
"chr12",41188253,41188335,0.0666362449852852,0.13327248997057,19307,254121,269610,15490,11
"chr22",41286461,41286536,0.0666137531558955,0.133227506311791,58358,114660,198486,83827,17
"chr15",92899487,92899738,0.0666074758312165,0.133214951662433,30511,236448,267464,31017,6
"chr12",118135931,118136045,0.0665815260844005,0.133163052168801,22088,120798,179335,58538,13
"chr5",181195456,181195643,-0.0665757487977609,0.133151497595522,71348,37363,66955,29593,7
"chr17",4733535,4733797,-0.0665303627841642,0.133060725568328,35233,198161,258920,60760,3
"chr6",30162360,30162372,0.0665281792343629,0.133056358468726,72285,173984,174852,869,28
"chr12",113135616,113135806,0.0665227687051594,0.133045537410319,21919,49372,54713,5342,15
"chr3",119293874,119294650,-0.0665167460554821,0.133033492110964,61904,140924,154611,13688,13
"chr3",35743539,35743922,-0.0665157258850679,0.133031451770136,59794,282860,288336,5477,9
"chr9",132945076,132945266,-0.0664936756207684,0.132987351241537,86217,170598,177279,6682,10
"chr19",8209181,8209399,-0.0664900340906622,0.132980068181324,42686,19704,21956,2253,12
"chr3",50337819,50338575,-0.0664702102868741,0.132940420573748,60707,145074,149170,4097,30
"chr1",150234933,150236584,-0.0664626432618563,0.132925286523713,5003,159907,163651,3745,27
"chr19",52048953,52049273,-0.066460445642709,0.132920891285418,46533,200149,220709,20561,11
"chr7",97872172,97872596,-0.0664595581717715,0.132919116343543,78195,183190,185641,2452,11
"chr13",36818643,36819017,0.0664571388383239,0.132914277676648,23393,132990,207261,74272,15
"chr6",41072744,41072766,-0.0664533539134528,0.132906707826906,73250,244307,256107,11801,22
"chr7",32892329,32893085,0.0664334137085086,0.132866827417017,76992,249827,284059,34233,8
"chr10",11164357,11164929,0.0664287932788138,0.132857586557628,9187,180534,183082,2549,12
"chr1",2073529,2073538,-0.066424527916713,0.132849055833426,260,124918,128499,3582,21
"chr7",150405180,150405633,-0.0664211644722784,0.132842328944557,79918,40298,43688,3391,10
"chr5",12575000,12575027,0.0664118422644478,0.132823684528896,67714,228296,248916,20621,5
"chr18",46680128,46680487,0.0663772665711526,0.132754533142305,40914,208928,295134,86207,5
"chr19",1828320,1828389,0.0663745568254328,0.132749113650866,41830,208323,291858,83536,7
"chr5",73497871,73498216,-0.0663679261909776,0.132735852381955,68621,94353,136999,42647,10
"chr19",49640363,49640505,-0.0663658964352608,0.132731792870522,46182,234064,251095,17032,12
"chr14",33215210,33215231,0.0663610548607369,0.132722109721474,25340,62236,273748,211513,2
"chr12",95858899,95859682,0.0663592274800441,0.132718454960088,21266,179685,205041,25357,20
"chr8",32721419,32721735,-0.0663388086647723,0.132677617329545,81171,103428,170270,66843,3
"chr16",69462463,69462488,0.0663259581746908,0.132651916349382,33731,229289,230072,784,3
"chr14",58427022,58427423,0.0663246066853597,0.132649213370719,25772,205901,221230,15330,26
"chr3",184363019,184363434,0.0663147357576299,0.13262947151526,63570,149936,160082,10147,25
"chr19",58033792,58033814,-0.0662979939619274,0.132595987923855,47180,7901,8685,785,9
"chr4",88592468,88592513,0.0662979598731647,0.132595919746329,65952,20613,22019,1407,13
"chr12",52813646,52814968,-0.0662977045199819,0.132595409039964,19952,214628,249422,34795,8
"chr17",61399666,61400833,0.0662975112779934,0.132595022555987,38599,199801,209529,9729,23
"chr2",176121298,176122683,0.0662526256641461,0.132505251328292,51076,110396,113411,3016,19
"chr13",96090833,96090916,-0.0662444739973814,0.132488947994763,24178,100331,103915,3585,11
"chr17",50508497,50508613,0.0662410614543273,0.132482122908655,38224,21861,26444,4584,13
"chr1",156193964,156194069,0.06624052201293,0.13248104402586,5703,146382,158580,12199,11
"chr7",57180164,57180166,-0.0662365810542374,0.132473162108475,77531,47334,49669,2336,6
"chr14",75521339,75522477,-0.0662307925093834,0.132461585018767,26465,110034,123540,13507,11
"chr14",94130260,94130687,0.0662257179625771,0.132451435925154,26962,116330,195542,79213,13
"chr10",68827060,68827397,-0.066214274981678,0.132428549963356,10288,46153,46948,796,8
"chr14",52266769,52268308,0.0662131751050879,0.132426350210176,25628,112922,133098,20177,15
"chr22",19941591,19942914,-0.0662064576233127,0.132412915246625,56949,99868,108695,8828,20
"chr22",25028162,25028545,-0.0662027910401738,0.132405582080348,57322,51830,74774,22945,4
"chr10",72626162,72626402,-0.0661919501837696,0.132383900367539,10514,71583,87919,16337,10
"chr6",75085963,75086409,-0.0661885833756414,0.132377166751283,73991,178011,191799,13789,2
"chr19",2051249,2051252,-0.066188345745141,0.132376691490282,41866,54427,63785,9359,9
"chr20",2403594,2403818,-0.0661866414896982,0.132373282979396,53256,54687,73071,18385,4
"chr7",93232178,93232464,0.0661834922091247,0.132366984418249,78111,172516,173041,526,12
"chr17",1187575,1187611,-0.0661607414460765,0.132321482892153,34875,12962,14833,1872,13
"chr19",43983969,43984029,-0.0661538968780333,0.132307793756067,45441,15563,56148,40586,12
"chr8",144354941,144355251,-0.0661487826967366,0.132297565393473,83357,186341,187853,1513,12
"chr12",54015701,54016742,0.066147266460448,0.132294532920896,20124,107185,110229,3045,31
"chr8",41578179,41578183,-0.0661397776312199,0.13227955526244,81365,19859,26413,6555,12
"chr19",19034096,19034219,0.0661372265541899,0.13227445310838,44014,212418,266555,54138,15
"chr13",20702574,20703366,-0.066123094285502,0.132246188571004,22963,88398,125918,37521,13
"chr4",8440562,8440838,0.0661222296567703,0.132244459313541,64671,141601,149493,7893,11
"chr4",147684343,147684446,0.0661220667691571,0.132244133538314,66713,148831,224411,75581,11
"chr15",55743002,55743173,-0.0661132713224943,0.132226542644989,28940,8222,56492,48271,7
"chr1",155173826,155174464,-0.0661088834508253,0.132217766901651,5568,150217,153493,3277,27
"chr12",3492927,3493380,-0.0661077200662928,0.132215440132586,18190,11817,74191,62375,7
"chr6",3272596,3273205,0.0661036958081377,0.132207391616275,71497,129110,167803,38694,6
"chr6",29005186,29005689,0.0661024852858471,0.132204970571694,72152,125650,125799,150,15
"chr5",55170566,55170754,0.0660792687487275,0.132158537497455,68281,146090,238722,92633,3
"chr20",32855492,32855663,0.0660705862175265,0.132141172435053,54056,113173,120569,7397,4
"chr17",33293360,33294231,-0.0660688694235601,0.13213773884712,36715,103413,103484,72,5
"chr14",47675111,47675166,0.0660661244129383,0.132132248825877,25496,12610,17678,5069,10
"chr3",196287625,196287874,0.0660408197896659,0.132081639579332,64020,117707,139449,21743,11
"chr1",228158574,228158646,0.0660305725010115,0.132061145002023,8237,159771,282547,122777,4
"chr1",71068592,71069041,-0.0660237261615728,0.132047452323146,3736,106479,231827,125349,4
"chr17",72592305,72593289,0.0660210099295454,0.132042019859091,38999,208850,213737,4888,7
"chr13",111893339,111893557,0.0660073954079145,0.132014790815829,24530,2612,109589,106978,6
"chr2",176130351,176130354,-0.0659950099672011,0.131990019934402,51078,18005,18112,108,23
"chr4",82429691,82430352,0.0659895114311701,0.13197902286234,65795,86993,105654,18662,15
"chr13",33676848,33677514,0.0659883476828566,0.131976695365713,23352,210740,242888,32149,5
"chr19",51531607,51531907,0.0659871760307151,0.13197435206143,46477,194837,201086,6250,5
"chr4",181265133,181265178,0.0659858225394215,0.131971645078843,67126,243380,275081,31702,5
"chr16",30572400,30572532,-0.065978678406665,0.13195735681333,32653,300038,309674,9637,25
"chr19",42302051,42302856,-0.0659768706563743,0.131953741312749,45290,73010,78337,5328,25
"chr5",138213344,138213347,0.0659710633969003,0.131942126793801,69737,142311,142392,82,11
"chr7",129188679,129188744,-0.0659685390130522,0.131937078026104,79233,49235,49664,430,11
"chr9",706788,706836,-0.065954881597,0.131909763194,83480,257736,258517,782,9
"chr3",50338114,50338193,0.0659422108058729,0.131884421611746,60707,110306,126239,15934,30
"chr20",57266842,57267015,0.0659389593008726,0.131877918601745,55172,10792,17294,6503,18
"chr8",12756052,12756115,0.0659328532062849,0.13186570641257,80583,192532,232482,39951,15
"chr21",39387629,39387768,0.0659067617421918,0.131813523484384,56258,74947,106646,31700,6
"chr14",102229126,102229334,0.0658958258648997,0.131791651729799,27374,128720,135073,6354,7
"chr6",31972528,31972682,0.0658868682214362,0.131773736442872,72629,179287,179316,30,104
"chr2",178807399,178807910,-0.0658771898228617,0.131754379645723,51191,96590,141469,44880,5
"chr17",82451579,82452106,0.0658692093503883,0.131738418700777,40150,209472,217562,8091,3
"chr18",11752090,11752100,0.0658619579613841,0.131723915922768,40459,16004,24388,8385,6
"chr5",138543557,138543634,0.0658594771240154,0.131718954248031,69769,98943,152582,53640,13
"chr12",113335022,113335495,-0.0658453598000957,0.131690719600191,21953,76162,104236,28075,11
"chr8",126324188,126324415,0.0658330674366003,0.131666134873201,82730,212555,223172,10618,2
"chr17",7012275,7012519,0.0658322534794323,0.131664506958865,35429,196333,196637,305,33
"chr2",190179755,190180903,-0.0658304843445282,0.131660968689056,51340,69939,113099,43161,13
"chr1",43172128,43172335,-0.065827097665136,0.131654195330272,2810,1779,21839,20061,27
"chr1",113871690,113871718,0.0658197850346712,0.131639570069342,4624,90051,96645,6595,6
"chr8",93740578,93741017,-0.0658186332453111,0.131637266490622,82151,182389,182722,334,22
"chr8",38973673,38973813,-0.0657865430744349,0.13157308614887,81327,191828,232266,40439,13
"chr22",31945404,31945636,0.0657778610327421,0.131555722065484,57749,296179,298429,2251,12
"chr10",96991288,96991610,0.0657564728984431,0.131512945796886,11220,254662,257517,2856,4
"chr20",1325882,1325894,0.065749599033296,0.131499198066592,53206,223639,228933,5295,15
"chr15",100878943,100879064,0.0657468573771026,0.131493714754205,30678,294037,303729,9693,13
"chr6",89412650,89412739,0.0657313466872251,0.13146269337445,74202,177642,182695,5054,11
"chr1",205227451,205227839,-0.065730513107047,0.131461026214094,7471,8932,31557,22626,20
"chr1",239907802,239909201,-0.0657246769074676,0.131449353814935,8592,127134,146135,19002,8
"chr16",66508221,66508298,-0.0657237284927554,0.131447456985511,33389,249640,265562,15923,3
"chr6",29634257,29634613,0.0657167356287455,0.131433471257491,72208,179555,179724,170,10
"chr19",42268629,42268740,0.0657157691390831,0.131431538278166,45278,202553,283121,80569,6
"chr15",43791965,43792248,-0.0657151204494507,0.131430240898901,28589,123696,140723,17028,18
"chr2",74458332,74458458,-0.0657146922284579,0.131429384456916,49164,138305,146657,8353,15
"chr1",153932913,153933255,-0.0657054236247739,0.131410847249548,5398,221552,233907,12356,4
"chr10",99914109,99914172,0.0656992555580729,0.131398511116146,11366,265731,267934,2204,2
"chr10",119080990,119081401,0.0656868839845071,0.131373767969014,12021,177702,187610,9909,7
"chr19",48645798,48646316,0.0656763279354801,0.13135265587096,46002,96560,100228,3669,10
"chr7",155070311,155070318,0.0656743808271466,0.131348761654293,80153,122053,126329,4277,17
"chr13",107868479,107868597,0.06566845823821,0.13133691647642,24411,12158,13285,1128,20
"chr6",43308909,43309018,-0.0656564052577858,0.131312810515572,73447,183445,190587,7143,12
"chr10",80537641,80537859,-0.0656533711106356,0.131306742221271,10792,102750,115188,12439,6
"chr17",39980485,39980564,-0.0656524118538413,0.131304823707683,37120,57871,97173,39303,17
"chr8",25458529,25458670,0.0656498373482619,0.131299674696524,80960,190439,247546,57108,19
"chr2",85611851,85612238,0.0656457954293775,0.131291590858755,49337,122201,145837,23637,18
"chr15",43857054,43857155,-0.0656448078154701,0.13128961563094,28599,244046,276159,32114,2
"chr17",28712014,28712505,0.0656406239876596,0.131281247975319,36448,83346,85937,2592,16
"chr21",42315302,42315650,-0.0656362851278998,0.1312725702558,56411,201490,255656,54167,8
"chr5",45696353,45696363,-0.0656020586627451,0.13120411732549,68214,25573,77716,52144,9
"chr8",127794643,127794692,0.0655994239291418,0.131198847858284,82761,48597,81203,32607,12
"chr15",43826897,43827078,0.0655920659524943,0.131184131904989,28597,63705,117959,54255,7
"chr11",1275418,1275593,0.0655891249050137,0.131178249810027,12834,181389,278630,97242,9
"chr4",8366759,8366874,-0.0655874497548338,0.131174899509668,64661,161411,162938,1528,4
"chr5",63961883,63963231,0.0655638049493086,0.131127609898617,68454,116826,125358,8533,27
"chr22",50170898,50170904,0.0655450773755732,0.131090154751146,58883,93772,296849,203078,7
"chr17",48830070,48830730,0.0655332752605727,0.131066550521145,38059,264020,267801,3782,8
"chr19",1376675,1377114,0.0655169715379094,0.131033943075819,41736,112529,299159,186631,3
"chr1",179881404,179882084,0.0655164096204699,0.13103281924094,6737,165560,238901,73342,17
"chr7",102432673,102433224,-0.0654962748863862,0.130992549772772,78664,162912,181858,18947,5
"chr9",35657481,35657500,-0.0654841750254568,0.130968350050914,84115,41892,102573,60682,2
"chr8",56211775,56212722,0.0654797955216559,0.130959591043312,81624,268801,274075,5275,15
"chr18",63318726,63320823,0.0654731408333708,0.130946281666742,41243,294118,295895,1778,36
"chr20",5126489,5126975,0.0654567021201182,0.130913404240236,53445,86156,121771,35616,15
"chr8",143694203,143694377,0.0654543567225466,0.130908713445093,83203,168249,182124,13876,6
"chr12",104215746,104215748,-0.0654426947575326,0.130885389515065,21461,19632,29419,9788,11
"chr1",206684717,206685202,0.065436801834378,0.130873603668756,7594,109674,110934,1261,10
"chr16",23511759,23511932,-0.0654356335469634,0.130871267093927,32260,234321,245289,10969,9
"chr1",223393327,223393831,0.0654314140852258,0.130862828170452,8023,14200,15323,1124,13
"chr14",23071526,23071683,0.0654090972530556,0.130818194506111,25016,194159,194434,276,9
"chr11",119664055,119664522,0.065407136461748,0.130814272923496,17405,80679,168144,87466,5
"chr16",80540656,80540683,-0.0654032718101019,0.130806543620204,34101,196693,207272,10580,9
"chr2",31233881,31234100,-0.0653907439020644,0.130781487804129,48140,111284,137635,26352,15
"chr7",149774795,149774960,-0.0653447860470854,0.130689572094171,79861,47339,135609,88271,5
"chr13",112331248,112332353,0.0653446858917875,0.130689371783575,24544,208715,262471,53757,12
"chr6",30687420,30688753,-0.0653409874944444,0.130681974988889,72357,167615,168721,1107,41
"chr1",110337894,110339246,0.0653386120160307,0.130677224032061,4466,145611,152313,6703,17
"chr17",7280905,7281684,0.0653263208965716,0.130652641793143,35485,194963,205997,11035,16
"chr16",29973344,29973469,-0.0653243271016123,0.130648654203225,32549,101928,133389,31462,11
"chr5",83471505,83471743,0.0653142236636051,0.13062844732721,68853,254576,254879,304,16
"chr19",7629665,7629710,0.0652774926661654,0.130554985332331,42583,192758,200651,7894,14
"chr12",79689848,79692274,0.0652684252979291,0.130536850595858,21027,172149,201331,29183,15
"chr1",6180980,6181119,-0.0652660732890337,0.130532146578067,515,33370,93960,60591,3
"chr9",122905345,122905656,-0.0652646027496715,0.130529205499343,85526,129623,263468,133846,8
"chr22",17638428,17638492,0.0652630568366245,0.130526113673249,56823,86621,138634,52014,14
"chr5",141234248,141234287,-0.0652507478843844,0.130501495768769,70005,132934,141424,8491,14
"chr9",25677630,25678685,-0.0652450953891384,0.130490190778277,83866,44422,83174,38753,6
"chr19",17267153,17267168,-0.0652336077592448,0.13046721551849,43720,204737,206206,1470,13
"chr8",54456569,54456767,0.0652252361303198,0.13045047226064,81585,133838,222088,88251,2
"chr12",9950221,9950951,0.0652128426782103,0.130425685356421,18625,202089,215968,13880,5
"chr11",67423804,67423941,-0.0652116001741842,0.130423200348368,15676,170975,174580,3606,3
"chr2",200307758,200307812,0.0652104696632542,0.130420939326508,51513,166111,235750,69640,4
"chr2",14632607,14632610,-0.0652046825277393,0.130409365055479,47609,7099,18646,11548,9
"chr8",123072216,123073429,-0.0651868416636406,0.130373683327281,82615,180940,185504,4565,15
"chr7",1940586,1941172,-0.0651858737382564,0.130371747476513,76133,4904,47533,42630,5
"chr19",57167497,57168222,0.0651779477198315,0.130355895439663,47078,197348,200091,2744,10
"chr2",44941368,44941659,0.0651618774424093,0.130323754884819,48453,144779,149551,4773,7
"chr1",112508517,112509063,0.065161624703962,0.130323249407924,4569,5132,29639,24508,13
"chr21",41148438,41148975,-0.0651576110389656,0.130315222077931,56301,206210,206354,145,7
"chr13",29927778,29927914,0.0651522097948666,0.130304419589733,23248,238154,245821,7668,2
"chr13",111241001,111241124,0.0651410483039377,0.130282096607875,24514,228207,267727,39521,3
"chr7",94655419,94655974,-0.0651405455330503,0.130281091066101,78141,11197,14080,2884,81
"chr4",189940633,189940651,0.065135905570548,0.130271811141096,67372,4232,24135,19904,3
"chr7",120987785,120988002,-0.0651224989245426,0.130244997849085,79012,186544,223451,36908,17
"chr14",73886217,73886520,-0.0651143297719592,0.130228659543918,26337,267057,280694,13638,10
"chr1",212791046,212791676,0.0651113826153553,0.130222765230711,7823,160868,232988,72121,20
"chr20",3795656,3795710,-0.0651098094250691,0.130219618850138,53386,76730,86082,9353,14
"chr1",40531544,40531634,0.065108002318063,0.130216004636126,2684,148220,155255,7036,14
"chr1",174999251,174999693,0.065106943598472,0.130213887196944,6614,147229,149432,2204,20
"chr14",64914367,64914372,-0.0650909299260214,0.130181859852043,26004,207730,209425,1696,12
"chr12",104757212,104757920,0.0650838782622285,0.130167756524457,21470,180173,208986,28814,4
"chr20",63203636,63203657,0.0650721313946682,0.130144262789336,55495,261875,264046,2172,3
"chr3",25789895,25790059,-0.0650543102436999,0.1301086204874,59660,7685,15184,7500,16
"chr7",135977268,135977325,-0.0650397074892033,0.130079414978407,79445,27126,60955,33830,11
"chr12",104986199,104986393,0.0650318807410157,0.130063761482031,21477,109507,117704,8198,9
"chr15",88802974,88803038,-0.0650255074724799,0.13005101494496,30264,8500,209965,201466,2
"chr7",2647210,2647584,0.0650204036269885,0.130040807253977,76204,40269,187412,147144,4
"chr19",51031975,51032083,-0.0650190765166009,0.130038153033202,46407,13632,16133,2502,3
"chr6",31660562,31661422,-0.0650148846702202,0.13002976934044,72530,188718,188837,120,38
"chr17",79940781,79941070,-0.0649899502693354,0.129979900538671,39718,58010,75419,17410,6
"chr3",35639024,35639554,-0.0649754577715335,0.129950915543067,59784,64466,67195,2730,21
"chr20",21303163,21303360,-0.0649746819731221,0.129949363946244,53736,2800,7495,4696,13
"chr19",983963,984168,-0.0649478710727812,0.129895742145562,41623,91140,123526,32387,6
"chr2",215452562,215452956,0.0649439521133908,0.129887904226782,51902,230150,254914,24765,3
"chr2",68775059,68775086,0.0649370405951135,0.129874081190227,48914,4180,9396,5217,18
"chr3",4493270,4493337,0.0649350276396351,0.12987005527927,59062,143105,144622,1518,14
"chr9",134025953,134026090,0.0649312814204142,0.129862562840828,86331,116081,137206,21126,8
"chr19",50376302,50376379,0.0649267477745585,0.129853495549117,46283,210603,211579,977,8
"chr19",13506676,13506735,0.0649175267365636,0.129835053473127,43338,112984,196218,83235,14
"chr4",1289718,1289772,0.0649153950334234,0.129830790066847,64267,33437,67563,34127,11
"chr1",151611449,151611602,0.0649142530459497,0.129828506091899,5165,115557,127004,11448,15
"chr3",142962559,142963154,0.0649072221858347,0.129814444371669,62764,8951,16982,8032,20
"chr7",27130933,27131273,-0.0648917263661774,0.129783452732355,76809,13117,14799,1683,22
"chr6",32148439,32149186,-0.0648884561695228,0.129776912339046,72661,7993,10317,2325,25
"chr19",43596230,43596278,0.0648712412218996,0.129742482443799,45389,52417,52981,565,19
"chr11",76445052,76445090,-0.0648682272351882,0.129736454470376,16264,138007,138086,80,13
"chr14",41607858,41608117,0.0648660398481961,0.129732079696392,25460,115641,199217,83577,10
"chr2",25651397,25651698,0.064841134013062,0.129682268026124,47830,271254,274915,3662,3
"chr12",57752491,57752648,0.0648390998548365,0.129678199709673,20626,197910,198239,330,20
"chr11",58229307,58229328,-0.0648171068374111,0.129634213674822,14618,260486,271819,11334,7
"chr1",19312221,19312671,-0.0648132028535753,0.129626405707151,1303,15588,29688,14101,9
"chr19",55836356,55837753,0.0648120870722461,0.129624174144492,47001,206332,209787,3456,14
"chr11",68007258,68008560,0.0648047506046798,0.12960950120936,15753,180312,184716,4405,11
"chr12",103965546,103965808,-0.0648005402319069,0.129601080463814,21455,247181,276878,29698,10
"chr1",40396308,40396568,-0.0647712076119699,0.12954241522394,2675,225370,230122,4753,5
"chr1",16366991,16367127,0.0647667625013629,0.129533525002726,1141,65359,149577,84219,10
"chr4",110199093,110199298,-0.0647504771675025,0.129500954335005,66228,108375,124731,16357,15
"chr17",49494764,49495248,-0.0647320883472349,0.12946417669447,38105,140883,273129,132247,7
"chr16",90030048,90030137,0.0647222140607858,0.129444428121572,34787,203441,239033,35593,4
"chr5",64768706,64768932,0.0647147724456308,0.129429544891262,68464,98301,115600,17300,15
"chr17",13602241,13602273,-0.0647112032831338,0.129422406566268,35934,85608,120344,34737,12
"chr11",67250320,67250749,0.0647068640088449,0.12941372801769,15638,175818,177889,2072,5
"chr6",33199850,33200672,0.0647008367788657,0.129401673557731,72806,120086,126114,6029,85
"chr7",27198386,27198388,0.0647000896450003,0.129400179290001,76832,126911,129084,2174,4
"chr10",73167987,73168563,-0.0646995241408401,0.12939904828168,10537,89704,127117,37414,16
"chr12",53963746,53963820,-0.0646967964956554,0.129393592991311,20106,8542,9083,542,4
"chr20",46709181,46709433,0.0646963088121884,0.129392617624377,54882,256564,293470,36907,9
"chr2",112137982,112138257,0.0646895370902104,0.129379074180421,49967,64278,94956,30679,6
"chr20",4783431,4783588,-0.064683437305481,0.129366874610962,53429,128455,137086,8632,5
"chr3",129121960,129122591,-0.0646683489772957,0.129336697954591,62317,77859,127079,49221,20
"chr21",44299921,44299935,-0.0646622787432467,0.129324557486493,56518,23184,26965,3782,10
"chr11",3797665,3797783,0.0646522625115025,0.129304525023005,13063,25707,25836,130,21
"chr5",178894666,178894769,-0.0646330562645635,0.129266112529127,71180,251784,267079,15296,2
"chr2",38376334,38376612,0.0646318573136043,0.129263714627209,48291,232493,238457,5965,6
"chr7",149194796,149195275,0.0646308949978159,0.129261789995632,79818,49303,91348,42046,10
"chr14",105419194,105419708,-0.0646209118638784,0.129241823727757,27688,24355,59144,34790,13
"chr20",62142651,62142673,-0.0646196583690789,0.129239316738158,55363,61845,100270,38426,4
"chr16",31713161,31713253,-0.0646150941348839,0.129230188269768,32830,106145,112438,6294,14
"chr15",90244335,90244346,0.064584791325364,0.129169582650728,30394,84952,225291,140340,4
"chr6",39791077,39791222,-0.0645763405229906,0.129152681045981,73212,129746,235319,105574,2
"chr1",28505869,28505956,0.0645752105565964,0.129150421113193,1995,36572,90740,54169,19
"chr11",15073522,15073524,0.0645674995075566,0.129134999015113,13635,98938,190461,91524,6
"chr1",67307445,67307728,0.0645627258496656,0.129125451699331,3673,61471,81355,19885,15
"chr15",81323528,81324463,0.0645613744691527,0.129122748938305,30051,241557,282348,40792,13
"chr11",18698757,18698760,-0.0645594520768879,0.129118904153776,13782,20339,21919,1581,11
"chr9",83980415,83980434,0.0645254961158634,0.129050992231727,84489,252513,279028,26516,20
"chr3",100334252,100334630,0.0645232561621837,0.129046512324367,61567,110691,132053,21363,11
"chr7",75073781,75074062,0.0645168642816877,0.129033728563375,77768,184698,188028,3331,10
"chr12",110583373,110583378,-0.0645123192721713,0.129024638544343,21768,183906,205419,21514,8
"chr13",78602437,78602473,-0.064511890410235,0.12902378082047,24064,54689,116256,61568,2
"chr16",69186823,69187269,0.0645022710219477,0.129004542043895,33701,94051,94171,121,9
"chr8",93700383,93700401,0.0644847077096675,0.128969415419335,82144,20417,26412,5996,11
"chr9",136849054,136849058,-0.0644600877155556,0.128920175431111,86609,69958,71200,1243,14
"chr14",59630826,59630832,0.0644550318469185,0.128910063693837,25805,14135,17650,3516,13
"chr10",37976287,37976836,0.0644540563795051,0.12890811275901,9760,86473,86849,377,11
"chr16",31117026,31117586,0.0644509388990661,0.128901877798132,32754,241389,251114,9726,11
"chr2",231785673,231785910,0.0644504375865472,0.128900875173094,52493,214816,261338,46523,12
"chr9",128203195,128203482,0.0644457926961538,0.128891585392308,85823,89075,100944,11870,7
"chr12",53973224,53973466,0.0644227752635957,0.128845550527191,20110,50565,85201,34637,9
"chr16",85898608,85898777,-0.0644175479012245,0.128835095802449,34382,111625,112130,506,8
"chr19",3612333,3612787,0.0644175180817429,0.128835036163486,42095,197754,211696,13943,6
"chr16",52546764,52547075,-0.0644160748191345,0.128832149638269,33022,14812,19975,5164,14
"chr10",124092495,124092799,0.0643952398721113,0.128790479744223,12203,140854,171105,30252,2
"chr16",81181309,81181520,-0.0643945594440228,0.128789118888046,34141,242239,251334,9096,3
"chr1",179576020,179576031,0.0643903295361834,0.128780659072367,6723,12655,31685,19031,10
"chr10",61900877,61901606,0.0643785923497571,0.128757184699514,10162,197232,225818,28587,17
"chr15",92903330,92904220,-0.0643722821567587,0.128744564313517,30513,133467,214875,81409,7
"chr5",166978480,166978671,-0.0643679940675328,0.128735988135066,70717,108518,151596,43079,6
"chr1",26306774,26306948,0.0643451188042566,0.128690237608513,1791,141579,145558,3980,15
"chr3",44624885,44625051,0.0643386187020648,0.12867723740413,60127,32965,34132,1168,13
"chr16",69330655,69330740,0.0643112756236658,0.128622551247332,33714,59471,70259,10789,9
"chr12",949881,950058,0.0642967595433753,0.128593519086751,18073,74630,101964,27335,10
"chr2",20666418,20666647,0.0642918765321166,0.128583753064233,47703,31129,34069,2941,12
"chr17",45895440,45895612,-0.0642873583044286,0.128574716608857,37873,73403,73673,271,20
"chr18",48950757,48950803,-0.0642855543424067,0.128571108684813,40977,73890,75224,1335,20
"chr12",53938601,53938840,0.0642761142678309,0.128552228535662,20101,178402,195598,17197,17
"chr11",64230196,64230778,0.0642749596383742,0.128549919276748,15105,172805,177007,4203,15
"chr10",133276863,133277493,-0.0642672542668389,0.128534508533678,12520,14775,28041,13267,10
"chr19",49676754,49677127,0.0642642221712176,0.128528444342435,46192,114776,126964,12189,12
"chr15",82046062,82046233,0.0642618319514089,0.128523663902818,30061,14457,23076,8620,12
"chr6",33316570,33316607,-0.0642418847711645,0.128483769542329,72832,188299,188370,72,68
"chr1",77888401,77888697,-0.0642411975200769,0.128482395040154,3825,35561,62462,26902,20
"chr6",29355414,29355831,-0.0642347730603602,0.12846954612072,72162,185101,269999,84899,6
"chr8",32440066,32440660,0.0642209162862143,0.128441832572429,81163,243141,257578,14438,4
"chr12",102119814,102120297,0.0642144327011927,0.128428865402385,21409,90873,101061,10189,14
"chr8",144507807,144509986,0.0642076642419234,0.128415328483847,83414,172379,179120,6742,18
"chr6",36241899,36242025,0.0642061293739304,0.128412258747861,73033,214244,232999,18756,4
"chr8",42542107,42542123,-0.0642048143112267,0.128409628622453,81433,139794,140397,604,27
"chr7",101245019,101245869,-0.0642031407908235,0.128406281581647,78615,136593,172202,35610,11
"chr8",1823914,1823918,-0.0641876855017022,0.128375371003404,80350,67140,186165,119026,3
"chr19",58554867,58554876,0.0641718696873947,0.128343739374789,47265,83291,94371,11081,11
"chr1",46302920,46303630,0.0641707514393733,0.128341502878747,3080,142772,153172,10401,12
"chr3",111071542,111071736,-0.0641678966465863,0.128335793293173,61709,88737,236755,148019,14
"chr3",36992663,36993349,-0.064165397327485,0.12833079465497,59816,89350,90036,687,42
"chr10",79067725,79068042,-0.0641607655884236,0.128321531176847,10721,274639,309413,34775,7
"chr10",50624117,50624173,-0.0641519990233616,0.128303998046723,10051,169525,175311,5787,11
"chr19",38618816,38618979,0.0641504844604282,0.128300968920856,44801,23045,51822,28778,16
"chr6",109978282,109979370,0.0641328961423252,0.12826579228465,74499,4731,10520,5790,9
"chr7",4775082,4775690,-0.0641325347960168,0.128265069592034,76294,167719,171071,3353,9
"chr4",75990978,75991679,0.0641322810354199,0.12826456207084,65684,161446,164255,2810,11
"chr1",40862159,40862748,0.0641229357545803,0.128245871509161,2707,39045,90465,51421,13
"chr4",184809520,184809916,0.0641201196321645,0.128240239264329,67229,67059,118293,51235,4
"chr12",30926357,30926407,-0.0641179006209386,0.128235801241877,19199,62479,63672,1194,15
"chr15",90352103,90352130,0.0641177115876733,0.128235423175347,30401,206936,218405,11470,12
"chr1",37808256,37809081,0.0641167741205622,0.128233548241124,2521,16923,19925,3003,18
"chr4",112516184,112516237,-0.064110408094939,0.128220816189878,66261,233687,251306,17620,17
"chr1",236739352,236739407,0.0641095388711336,0.128219077742267,8561,111347,121901,10555,3
"chr6",28904200,28904258,-0.0641069478782797,0.128213895756559,72137,168259,168519,261,13
"chr16",69330434,69330635,-0.0640949737396688,0.128189947479338,33714,29409,57242,27834,9
"chr19",4908137,4909251,0.0640946784121483,0.128189356824297,42315,216302,229642,13341,26
"chr20",45362881,45363055,0.0640483353665259,0.128096670733052,54733,196416,197635,1220,16
"chr19",54803087,54803429,0.0640378784086149,0.12807575681723,46836,83329,95978,12650,9
"chr5",139560972,139561781,0.064030331089047,0.128060662178094,69826,139776,165532,25757,9
"chr14",105470262,105470630,0.064012188579612,0.128024377159224,27696,60342,75833,15492,6
"chr11",128697063,128697119,-0.0640105369325272,0.128021073865054,17783,86540,233310,146771,2
"chr5",150701354,150701358,0.0640027732649189,0.128005546529838,70422,157617,161664,4048,9
"chr6",13614562,13615301,0.0639859002572146,0.127971800514429,71739,191737,244663,52927,13
"chr22",46793588,46793789,-0.0639817444496447,0.127963488899289,58792,59255,211480,152226,3
"chr1",228321863,228322061,-0.0639813892006378,0.127962778401276,8268,165249,165647,399,5
"chr18",31060050,31060786,0.0639768760403896,0.127953752080779,40694,111016,215971,104956,3
"chr16",18801607,18801655,0.0639663243405776,0.127932648681155,32044,59584,60563,980,14
"chr11",86374652,86374890,0.0639592425343201,0.12791848506864,16474,14660,45910,31251,11
"chr19",893230,893253,-0.0639569447187582,0.127913889437516,41604,208427,216333,7907,6
"chr16",30585932,30586128,0.0639451682074873,0.127890336414975,32657,194886,202551,7666,11
"chr2",9422948,9424119,0.0639441661990761,0.127888332398152,47479,89747,99812,10066,18
"chr1",109041904,109042051,-0.0639289883980698,0.12785797679614,4317,10114,25712,15599,12
"chr4",124403,124462,0.06392755017384,0.12785510034768,64132,224763,252059,27297,7
"chr9",34329305,34329692,0.0639104189370394,0.127820837874079,83999,115016,135003,19988,11
"chr20",23048650,23049817,0.0639082884382723,0.127816576876545,53777,70643,80200,9558,12
"chr1",62194756,62194763,-0.0639042703536006,0.127808540707201,3548,12053,13887,1835,10
"chr1",101026096,101026262,0.0639029624832322,0.127805924966464,4245,163995,281650,117656,15
"chr3",196632570,196632987,0.063894336840232,0.127788673680464,64040,107095,155697,48603,6
"chr3",158097192,158097356,-0.0638896353736755,0.127779270747351,63061,146590,156804,10215,2
"chr21",37072869,37072871,0.063888856476033,0.127777712952066,56175,54729,59775,5047,16
"chr8",144409910,144409965,0.0638553643206245,0.127710728641249,83373,85808,126334,40527,11
"chr16",11281008,11281476,-0.0638516459538921,0.127703291907784,31807,197998,200367,2370,9
"chr11",65872979,65873106,0.0638434319631235,0.127686863926247,15438,241748,250777,9030,12
"chr5",138875217,138875324,0.0638422408242002,0.1276844816484,69780,252451,300394,47944,18
"chr16",89230338,89230617,0.0638311859996242,0.127662371999248,34631,208272,211228,2957,3
"chr16",20327530,20327713,-0.0638294233744334,0.127658846748867,32108,253423,254227,805,6
"chr7",93921700,93921702,0.0638130588475465,0.127626117695093,78124,169827,180432,10606,10
"chr1",23742941,23743206,0.0638074543496679,0.127614908699336,1602,160055,274107,114053,11
"chr3",50320023,50320245,0.0638053637577233,0.127610727515447,60700,283368,291109,7742,7
"chr14",75002433,75002439,0.0638048664713556,0.127609732942711,26426,126963,132790,5828,13
"chr11",63368942,63369311,0.0637991667765504,0.127598333553101,15032,184480,191691,7212,6
"chr20",58309480,58309947,0.0637983270193695,0.127596654038739,55214,139327,202928,63602,8
"chr11",47642698,47642778,0.0637935089718075,0.127587017943615,14409,21948,50138,28191,8
"chr15",64989516,64990152,0.0637872106780648,0.12757442135613,29231,86677,86828,152,12
"chr1",183471783,183471842,0.0637820136084861,0.127564027216972,6875,240077,244946,4870,16
"chr11",2161442,2161565,-0.0637784906685202,0.12755698133704,12922,180938,181434,497,10
"chr1",236686666,236686694,0.063775222537868,0.127550445075736,8560,10793,15714,4922,6
"chr4",70591615,70591621,0.0637748079778677,0.127549615955735,65539,157902,236698,78797,7
"chr15",65530008,65530348,0.0637638005172116,0.127527601034423,29290,199342,202745,3404,10
"chr5",16508938,16509526,0.0637611710112584,0.127522342022517,67790,162768,259022,96255,7
"chr6",1312297,1313260,0.0637575091196152,0.12751501823923,71401,48138,81143,33006,11
"chr7",27174352,27174582,0.0637564441790741,0.127512888358148,76824,187337,190719,3383,18
"chr19",15243240,15243243,-0.0637524913984362,0.127504982796872,43522,108300,203150,94851,3
"chr11",66615206,66615507,-0.0637524084946289,0.127504816989258,15562,69543,187374,117832,2
"chr12",116849316,116849427,0.0637499501279961,0.127499900255992,22026,172909,179740,6832,2
"chr10",89592833,89593405,0.0637482848088117,0.127496569617623,10967,45141,180196,135056,4
"chr22",19179030,19179607,0.0637456285973348,0.12749125719467,56902,203966,208432,4467,14
"chr19",20167204,20167242,-0.0637422569079483,0.127484513815897,44126,15486,20760,5275,5
"chr15",79922700,79922703,-0.0636993870484271,0.127398774096854,29974,82169,207922,125754,13
"chr1",44784203,44784227,0.0636942321319122,0.127388464263824,2967,17564,107552,89989,3
"chr10",96829577,96830015,0.0636779774463537,0.127355954892707,11209,270141,271951,1811,3
"chr3",186362226,186362234,-0.0636777288429208,0.127355457685842,63669,92546,160636,68091,8
"chr1",1358638,1359697,0.0636738919103318,0.127347783820664,141,39113,39714,602,12
"chr17",51261132,51261321,0.063663656006257,0.127327312012514,38312,100324,137722,37399,3
"chr2",221572265,221572891,0.0636558874023966,0.127311774804793,52238,102951,145285,42335,12
"chr5",172042425,172042656,-0.063632542485648,0.127265084971296,70843,162854,290216,127363,2
"chr5",141475937,141475980,-0.0636260058729434,0.127252011745887,70074,18841,19979,1139,14
"chr2",96844464,96845451,-0.0636222485096601,0.12724449701932,49567,147811,166633,18823,7
"chr16",229346,230047,0.0636217847151524,0.127243569430305,30765,63240,92194,28955,10
"chr9",130693619,130693696,0.06362049298129,0.12724098596258,86064,261804,282280,20477,6
"chr16",68695820,68695834,-0.0635947095032373,0.127189419006475,33676,79012,259941,180930,2
"chr15",78621132,78621295,0.0635662569426265,0.127132513885253,29923,110559,138023,27465,13
"chr19",11454576,11454868,-0.0635596506201693,0.127119301240339,43109,17721,73925,56205,4
"chr20",36875932,36876000,-0.0635564113998451,0.12711282279969,54363,203933,215011,11079,9
"chr14",71489012,71489303,0.0635501401296834,0.127100280259367,26221,282802,300195,17394,2
"chr3",77040610,77040614,-0.0635207853280643,0.127041570656129,61416,113534,232600,119067,3
"chr10",111076713,111076966,0.0635019343986339,0.127003868797268,11810,189333,191648,2316,9
"chr7",31107704,31107727,-0.0635000408388499,0.1270000816777,76958,175159,200796,25638,3
"chr3",49411012,49412166,-0.0634982385518374,0.126996477103675,60572,93621,101174,7554,20
"chr5",40841477,40841488,-0.0634960347760277,0.126992069552055,68124,100463,127929,27467,9
"chr10",100482733,100482778,0.063486639825249,0.126973279650498,11402,47908,108953,61046,4
"chr4",57110609,57110778,0.063464083444551,0.126928166889102,65416,103939,138216,34278,19
"chr1",54407119,54407686,0.0634611511729139,0.126922302345828,3390,152503,160878,8376,4
"chr19",54012087,54012557,-0.0634587911790585,0.126917582358117,46735,216303,298963,82661,4
"chr8",100649539,100650562,0.0634456397313127,0.126891279462625,82320,183491,183884,394,12
"chr13",46553169,46553605,0.0634438350495544,0.126887670099109,23634,99671,138022,38352,7
"chr7",87875744,87876181,0.0634361040281447,0.126872208056289,77987,186705,216854,30150,17
"chr17",45410467,45410560,-0.0634280725598903,0.126856145119781,37851,235476,261474,25999,4
"chr16",81077270,81077621,0.063426441577598,0.126852883155196,34131,205964,212838,6875,7
"chr4",121380569,121381110,-0.0634212366669342,0.126842473333868,66394,9261,10934,1674,15
"chr11",93197229,93198417,0.0634096151075726,0.126819230215145,16543,221295,232305,11011,17
"chr5",93618268,93618271,0.0634080860368401,0.12681617207368,68959,165453,290600,125148,2
"chr9",137459509,137459591,0.0633787687416966,0.126757537483393,86776,177680,177824,145,5
"chr11",10808035,10808072,-0.0633741335903722,0.126748267180744,13533,21281,23959,2679,23
"chr12",6773939,6773958,0.063357218652999,0.126714437305998,18367,48690,79768,31079,4
"chr12",55829618,55830344,0.0633556959601305,0.126711391920261,20271,28429,91063,62635,21
"chr11",59845464,59845647,0.063334108439386,0.126668216878772,14701,44425,113284,68860,2
"chr1",1312853,1312967,-0.0633179175310939,0.126635835062188,121,145238,156740,11503,5
"chr16",4957952,4958133,-0.0633130795806201,0.12662615916124,31656,127431,292699,165269,9
"chr11",71453060,71453143,-0.063308726579989,0.126617453159978,15957,40372,43781,3410,15
"chr11",65872904,65873703,-0.0632927064793494,0.126585412958699,15438,46841,50362,3522,12
"chr17",7650822,7651195,0.0632710772807599,0.12654215456152,35594,89445,94536,5092,16
"chr1",171090794,171090917,0.0632534083857983,0.126506816771597,6480,92527,156893,64367,2
"chr17",18260455,18260910,0.0632474243128744,0.126494848625749,36178,53553,61613,8061,14
"chr19",39532188,39532928,-0.0632440158188154,0.126488031637631,44936,200050,213290,13241,15
"chr3",197737220,197737272,-0.0632419070344855,0.126483814068971,64102,144964,148967,4004,11
"chr20",20390895,20391076,-0.0632273147020304,0.126454629404061,53720,220431,277152,56722,2
"chr4",6008348,6008437,0.0632220113067351,0.12644402261347,64522,18431,38556,20126,2
"chr11",115173330,115173472,-0.0632102419795841,0.126420483959168,17056,167612,177281,9670,4
"chr2",29097855,29097916,-0.0632097945138711,0.126419589027742,48095,214347,217743,3397,10
"chr6",90587633,90587797,-0.0631873808329507,0.126374761665901,74242,192093,192550,458,14
"chr3",108222576,108222994,-0.0631842449394281,0.126368489878856,61675,163869,238772,74904,10
"chr19",4652092,4652537,-0.0631826701409258,0.126365340281852,42274,116467,205373,88907,4
"chr2",124024686,124025308,0.0631821775865492,0.126364355173098,50204,10131,10513,383,13
"chr15",41116275,41116501,0.0631774166192541,0.126354833238508,28355,233773,236838,3066,12
"chr20",25148045,25149300,0.0631639499167803,0.126327899833561,53850,215457,264271,48815,12
"chr3",48685860,48686205,0.0631504642858626,0.126300928571725,60467,92105,140508,48404,5
"chr2",229271032,229271434,0.06314813455909,0.12629626911818,52385,155283,157661,2379,10
"chr12",5494002,5494813,0.0631400639334784,0.126280127866957,18255,182376,189790,7415,17
"chr5",138178606,138178693,0.0631329599035518,0.126265919807104,69731,34938,63004,28067,25
"chr17",80178400,80178433,0.0631298402869402,0.12625968057388,39756,67953,201248,133296,8
"chr3",16264548,16264982,0.0631276075269949,0.12625521505399,59543,11298,11332,35,14
"chr6",32153086,32153778,0.0631254613136968,0.126250922627394,72663,45218,45928,711,77
"chr6",32109307,32109320,-0.0631230359981265,0.126246071996253,72651,138534,138699,166,6
"chr11",68050199,68050551,-0.0631169181961655,0.126233836392331,15767,240790,268374,27585,6
"chr6",136290146,136290498,0.0631137380268701,0.12622747605374,75035,175663,182270,6608,11
"chr11",17351561,17351577,0.063090912096531,0.126181824193062,13688,117282,119658,2377,10
"chr17",7854651,7856091,0.0630772330795409,0.126154466159082,35642,77287,80652,3366,16
"chr19",57351112,57351345,0.0630757777543339,0.126151555508668,47091,86666,87727,1062,13
"chr2",234497324,234497647,0.0630747002173094,0.126149400434619,52663,5305,7411,2107,16
"chr1",227563455,227563490,0.0630697470331945,0.126139494066389,8191,242247,268240,25994,11
"chr16",69105424,69105561,-0.0630380814192927,0.126076162838585,33691,113789,120905,7117,13
"chr2",71466655,71466886,-0.0630316485072905,0.126063297014581,49031,141483,150895,9413,13
"chr12",120529212,120529262,0.063030505120481,0.126061010240962,22202,180949,183368,2420,15
"chr9",128066930,128068207,-0.0630277854324356,0.126055570864871,85802,47341,63208,15868,17
"chr9",122264232,122265121,0.063025758898718,0.126051517797436,85481,179320,228281,48962,20
"chr3",63967701,63967952,0.0630132338897715,0.126026467779543,61228,106748,247106,140359,2
"chr16",72094001,72094847,0.0630127391515818,0.126025478303164,33915,193190,201828,8639,28
"chr12",25051398,25051738,-0.0630104159074114,0.126020831814823,19071,94078,199525,105448,4
"chr2",241880852,241881197,0.0629821010231299,0.12596420204626,53085,226953,244139,17187,6
"chr3",183635447,183635584,0.06298088788971,0.12596177577942,63467,148130,166718,18589,10
"chr5",74767131,74767185,0.0629630931245601,0.12592618624912,68642,30408,30534,127,20
"chr20",33667246,33668182,0.0629427067865447,0.125885413573089,54117,83604,110952,27349,10
"chr8",33484669,33484675,-0.0629425729635136,0.125885145927027,81180,177794,273543,95750,8
"chr8",143589303,143590072,0.062941997696042,0.125883995392084,83182,115966,186279,70314,5
"chr6",166342233,166342503,0.0629360422655334,0.125872084531067,75751,101562,170318,68757,10
"chr13",97221553,97222240,-0.0629293850753907,0.125858770150781,24187,234313,240782,6470,12
"chr10",125822781,125824027,0.0629211301173847,0.125842260234769,12270,175772,179157,3386,18
"chr21",39349376,39349500,0.0629112320688634,0.125822464137727,56255,70619,75574,4956,11
"chr12",3753059,3753262,0.0628986471155298,0.12579729423106,18194,9509,20083,10575,13
"chr14",46651304,46651914,-0.0628766549601943,0.125753309920389,25490,202903,204593,1691,8
"chr2",19868600,19868677,0.0628758727470677,0.125751745494135,47671,227821,287560,59740,5
"chr6",31498088,31498184,0.0628758491887166,0.125751698377433,72476,169579,169725,147,11
"chr6",85449385,85449479,-0.0628676033469557,0.125735206693911,74114,106303,121038,14736,14
"chr15",88531086,88531281,0.0628497576744767,0.125699515348953,30243,198153,204497,6345,3
"chr6",169222305,169222411,-0.0628191161034761,0.125638232206952,75885,113400,127733,14334,4
"chr19",38852705,38852866,0.062812494550915,0.12562498910183,44831,295770,296425,656,5
"chr11",1252431,1252840,-0.0628074428519382,0.125614885703876,12826,122891,187996,65106,4
"chr4",55385606,55385673,-0.0628070512454461,0.125614102490892,65361,143243,228588,85346,4
"chr12",25957733,25957767,-0.0627980706444606,0.125596141288921,19088,188361,207206,18846,22
"chr11",34438635,34438751,0.0627859141578683,0.125571828315737,14050,4683,7100,2418,11
"chr7",45111779,45111841,0.0627697665421989,0.125539533084398,77308,88709,112041,23333,9
"chr19",4471495,4472887,0.0627669731546583,0.125533946309317,42244,132132,135568,3437,9
"chr9",105244499,105244843,-0.0627599085324642,0.125519817064928,85061,43042,66983,23942,9
"chr17",40647824,40648049,0.0627564177661959,0.125512835532392,37207,26609,64322,37714,15
"chr1",115338229,115338418,0.0627548918539781,0.125509783707956,4686,121949,122107,159,9
"chr12",106358012,106358054,0.0627323658448641,0.125464731689728,21522,45886,47919,2034,15
"chr11",118146088,118146386,-0.0627309860643617,0.125461972128723,17193,868,41497,40630,13
"chr3",128879009,128879846,0.0627281745491193,0.125456349098239,62295,155969,156507,539,11
"chr19",6110696,6111467,0.0627208088441361,0.125441617688272,42419,197990,212843,14854,10
"chr7",137343664,137343871,0.0627122511080375,0.125424502216075,79453,175996,183158,7163,11
"chr13",20702703,20703979,0.0626976528153147,0.125395305630629,22963,197750,222044,24295,13
"chr19",14979874,14979907,-0.0626970434147834,0.125394086829567,43484,60148,60338,191,12
"chr20",17698618,17698816,0.0626826497105335,0.125365299421067,53641,209370,213488,4119,5
"chr5",131945419,131945737,0.062673960300948,0.125347920601896,69465,12631,107425,94795,9
"chr5",1524134,1524835,-0.0626722844470689,0.125344568894138,67535,29100,35451,6352,8
"chr17",8079455,8079936,-0.0626701117502566,0.125340223500513,35688,139717,192878,53162,4
"chr17",47693742,47694204,-0.0626604792987107,0.125320958597421,37938,293384,310275,16892,2
"chr9",116153628,116154214,-0.0626558081618308,0.125311616323662,85343,90918,109828,18911,6
"chr1",32169941,32170009,0.0626475377130868,0.125295075426174,2161,252468,268851,16384,2
"chr2",212538778,212539236,-0.0626366288994764,0.125273257798953,51857,7089,9362,2274,12
"chr5",75337097,75337101,0.0626295650818471,0.125259130163694,68654,100745,146523,45779,11
"chr8",139702775,139703314,0.0626267286567302,0.12525345731346,82921,40489,41937,1449,7
"chr16",31185063,31185087,0.062620021282167,0.125240042564334,32769,61354,69161,7808,3
"chr7",149499,149614,-0.0626168261237411,0.125233652247482,75949,59807,61252,1446,11
"chr3",127672867,127673001,0.0625934251437862,0.125186850287572,62238,22996,32675,9680,11
"chr1",53220825,53220875,0.062569808650985,0.12513961730197,3324,146547,150928,4382,9
"chr21",42974613,42974620,0.0625626077935892,0.125125215587178,56456,138541,140476,1936,8
"chr2",197400337,197400416,-0.0625318911516542,0.125063782303308,51461,242321,247747,5427,9
"chr12",39625730,39626198,0.0625109007058722,0.125021801411744,19283,170334,183679,13346,11
"chr10",120456384,120456625,0.0625053287047641,0.125010657409528,12067,183513,222077,38565,9
"chr11",60866578,60866619,-0.0625035890252291,0.125007178050458,14766,214148,224551,10404,7
"chr1",193059431,193059797,-0.0624990767180297,0.124998153436059,6985,140870,149526,8657,26
"chr19",18636788,18636809,-0.0624945697329556,0.124989139465911,43964,198283,248455,50173,7
"chr15",88467214,88467230,0.0624869581145,0.124973916229,30239,196940,200478,3539,21
"chr1",222712449,222712457,-0.0624693768400146,0.124938753680029,8003,140756,153458,12703,22
"chr14",24335445,24336183,0.0624614042517119,0.124922808503424,25213,223640,230092,6453,13
"chr19",42283610,42283915,-0.062461324506545,0.12492264901309,45282,70998,72499,1502,8
"chr1",45499671,45500125,0.0624522416124129,0.124904483224826,3017,151237,151459,223,14
"chr17",78360657,78360829,-0.0624431463206453,0.124886292641291,39549,139731,140115,385,19
"chr1",30719304,30719487,0.0624369123172877,0.124873824634575,2070,115368,115460,93,16
"chr3",127575977,127576809,-0.0624342397290839,0.124868479458168,62225,223486,241827,18342,7
"chr5",37839814,37839987,0.0624339691953258,0.124867938390652,68031,18095,19989,1895,19
"chr2",174487522,174488049,0.0624246826596217,0.124849365319243,51028,162223,220716,58494,11
"chr18",21112260,21112377,0.0624132885550611,0.124826577110122,40558,220135,233434,13300,19
"chr3",38264708,38265103,0.0623886779225476,0.124777355845095,59894,164562,272685,108124,3
"chr1",179364852,179365952,0.06238633463581,0.12477266927162,6720,108903,123921,15019,10
"chr14",29928202,29928480,0.0623718218968514,0.124743643793703,25286,5286,9187,3902,9
"chr3",100260581,100260975,0.0623635352204853,0.124727070440971,61565,88026,92506,4481,18
"chr11",45355201,45355381,0.0623527221171435,0.124705444234287,14210,122110,127385,5276,8
"chr3",45842363,45842367,0.0623352132170182,0.124670426434036,60191,153559,157059,3501,14
"chr4",7046069,7046419,-0.0623334374168067,0.124666874833613,64595,271101,277494,6394,9
"chr21",36466372,36466555,0.0623283140606897,0.124656628121379,56152,247029,261600,14572,4
"chr22",40552233,40552356,0.06232085531778,0.12464171063556,58294,231838,311009,79172,2
"chr8",66712317,66712422,0.0623101997632957,0.124620399526591,81787,97151,116884,19734,11
"chr17",58193467,58193522,-0.0623081191842331,0.124616238368466,38449,84855,206647,121793,2
"chr10",123135529,123135945,-0.0623078391239698,0.12461567824794,12175,50502,112575,62074,12
"chr17",80544773,80545124,0.0622841906736649,0.12456838134733,39818,57139,68889,11751,14
"chr6",96897849,96897852,0.0622686967108464,0.124537393421693,74272,20670,26760,6091,13
"chr7",100896103,100897180,0.0622686918365164,0.124537383673033,78546,177423,190974,13552,24
"chr15",100529280,100529419,-0.0622544257031861,0.124508851406372,30653,238005,275771,37767,5
"chr6",28224811,28225086,0.0622307723748667,0.124461544749733,72089,232562,248078,15517,11
"chr10",101228494,101229558,0.0622292942673552,0.12445858853471,11476,44420,44928,509,19
"chr15",89088028,89088389,0.0622201616286433,0.124440323257287,30283,263280,281164,17885,16
"chr13",40982362,40982962,0.0622072799786621,0.124414559957324,23472,244315,245924,1610,8
"chr2",144237318,144238652,0.0622048651885808,0.124409730377162,50493,158016,162960,4945,9
"chr5",128537413,128537704,0.0621816543551637,0.124363308710327,69429,1679,9998,8320,17
"chr6",109381700,109382701,-0.0621745308728844,0.124349061745769,74467,200722,237186,36465,20
"chr6",29429303,29429525,-0.0621465917563981,0.124293183512796,72167,126713,226367,99655,3
"chr8",56010750,56010793,-0.0621435594749124,0.124287118949825,81619,189638,288957,99320,2
"chr6",70957948,70958075,0.0621400019462617,0.124280003892523,73918,228520,229290,771,3
"chr8",17496889,17497203,-0.0621358067594349,0.12427161351887,80636,17704,71474,53771,7
"chr5",151158006,151158264,0.0621357875718796,0.124271575143759,70457,95627,122764,27138,12
"chr5",132656533,132656738,-0.0621344248415335,0.124268849683067,69515,152200,155639,3440,12
"chr17",7028106,7028106,-0.0621306217033932,0.124261243406786,35439,4076,84601,80526,3
"chr1",27604132,27604146,-0.0621082539780859,0.124216507956172,1927,27283,28817,1535,9
"chr2",178478738,178479144,0.0620980982230652,0.12419619644613,51159,143753,153428,9676,8
"chr6",107070301,107070385,0.0620905569846325,0.124181113969265,74403,167991,174854,6864,3
"chr19",1508043,1508556,0.0620839084372739,0.124167816874548,41780,57213,130807,73595,3
"chr16",2205198,2205649,0.0620781075873797,0.124156215174759,31220,14598,27902,13305,18
"chr7",44979285,44979365,0.0620615782112673,0.124123156422535,77290,232292,236764,4473,8
"chr15",56918052,56918723,0.0620475440922141,0.124095088184428,28967,139152,255435,116284,12
"chr3",138936151,138936496,-0.0620318658009548,0.12406373160191,62637,17178,31477,14300,12
"chr8",73972517,73972675,0.0620205378198672,0.124041075639734,81905,193032,228305,35274,14
"chr1",36398137,36398337,0.0620009600043196,0.124001920008639,2450,95357,141121,45765,11
"chr7",100119437,100119557,0.061998050358456,0.123996100716912,78383,183461,190320,6860,25
"chr19",48110833,48110859,0.0619866488672707,0.123973297734541,45916,138596,266713,128118,5
"chr19",18895630,18895753,-0.0619836086338539,0.123967217267708,43994,75233,97055,21823,3
"chr6",119149881,119149907,-0.0619790109247762,0.123958021849552,74745,174024,174178,155,4
"chr4",46389375,46390236,-0.0619689604864868,0.123937920972974,65180,8062,31817,23756,24
"chr18",80158130,80158130,-0.0619537380379027,0.123907476075805,41495,311354,311515,162,3
"chr2",218387810,218387891,0.0619162614821233,0.123832522964247,52030,130347,148978,18632,3
"chr17",74203549,74203622,0.0619061998317581,0.123812399663516,39048,243443,259329,15887,11
"chr18",63318412,63318793,0.061905511296175,0.12381102259235,41243,88147,92996,4850,36
"chr6",32128582,32129168,0.0618959524698394,0.123791904939679,72659,169520,170277,758,51
"chr1",214645010,214645494,0.0618954060983284,0.123790812196657,7872,132357,312499,180143,2
"chr1",20508502,20508842,0.061890159923144,0.123780319846288,1391,156917,158574,1658,15
"chr1",28328837,28329128,0.0618798406140601,0.12375968122812,1988,99136,121450,22315,12
"chr6",16761654,16762347,-0.0618754010373958,0.123750802074792,71783,139324,169813,30490,20
"chr7",66920254,66920269,0.0618668263197213,0.123733652639443,77633,178308,191096,12789,2
"chr1",6591298,6591457,-0.061863741360909,0.123727482721818,588,156704,164945,8242,2
"chr11",134223603,134224468,-0.0618582078294637,0.123716415658927,17948,181767,182544,778,21
"chr10",133378424,133378534,-0.0618557641497499,0.1237115282995,12549,47729,48407,679,23
"chr21",33542131,33542855,0.0618547816043526,0.123709563208705,56042,19616,53028,33413,29
"chr19",7910489,7910527,0.0618538913729896,0.123707782745979,42641,224682,225281,600,4
"chr10",43126628,43126758,0.0618227646339902,0.12364552926798,9813,285604,305302,19699,3
"chr19",3651860,3651986,0.0618216776965154,0.123643355393031,42104,210098,289862,79765,2
"chr10",37124682,37125578,-0.0618094089044961,0.123618817808992,9753,43949,46268,2320,7
"chr8",66870494,66870552,0.0618028733323048,0.12360574666461,81790,189314,273082,83769,9
"chr3",142595724,142596126,0.0617944355968276,0.123588871193655,62748,132245,133577,1333,11
"chr18",10454541,10454684,-0.0617889306758877,0.123577861351775,40437,11344,64914,53571,9
"chr6",89819946,89819996,-0.0617844948345142,0.123568989669028,74227,171948,176642,4695,10
"chr7",159144802,159145368,-0.0617820250004246,0.123564050000849,80295,48986,50976,1991,5
"chr1",39883612,39883615,-0.0617664754743848,0.12353295094877,2643,118188,144195,26008,9
"chr12",663841,664270,-0.0617595806702972,0.123519161340594,18051,261248,275808,14561,9
"chr2",219244447,219245263,-0.0617572193503557,0.123514438700711,52148,159168,160546,1379,19
"chr19",2900710,2900900,0.0617374965540948,0.12347499310819,41987,59218,72845,13628,10
"chr1",14945742,14945795,0.0617294419750724,0.123458883950145,993,123213,143955,20743,10
"chr4",168480566,168480646,0.0617254796082568,0.123450959216514,67003,122745,143382,20638,10
"chr10",102868257,102868265,-0.0617245561935692,0.123449112387138,11613,248873,271543,22671,3
"chr1",63321612,63323670,0.0617203995741679,0.123440799148336,3574,38705,60572,21868,15
"chr6",36677831,36678449,0.0617165290280722,0.123433058056144,73066,136471,172047,35577,16
"chr16",24729149,24729256,0.0617157529251592,0.123431505850318,32307,209722,225213,15492,11
"chr3",142723921,142724405,-0.0617112931850452,0.12342258637009,62755,147348,238494,91147,12
"chr4",94342868,94344114,-0.0617066940424363,0.123413388084873,65997,83969,92246,8278,8
"chr10",75210598,75210753,0.0616933627429427,0.123386725485885,10654,175597,187175,11579,14
"chr16",87830206,87830250,-0.0616796662114887,0.123359332422977,34462,56818,297247,240430,3
"chr5",34687323,34687428,0.0616747405077034,0.123349481015407,67948,251137,266650,15514,8
"chr16",71725569,71726201,-0.0616708191751208,0.123341638350242,33878,125980,254836,128857,5
"chr10",117545427,117545806,0.0616619594474073,0.123323918894815,11989,8833,42386,33554,17
"chr13",113490845,113490863,0.06165366219195,0.1233073243839,24669,20174,22138,1965,6
"chr10",95561349,95561431,0.0616467049494906,0.123293409898981,11158,5434,25956,20523,11
"chr2",27428231,27428423,-0.0616319110173127,0.123263822034625,48002,150094,231758,81665,14
"chr8",1300746,1300954,-0.061621570579551,0.123243141159102,80326,181461,186229,4769,6
"chr1",183235578,183235654,0.0616211318595121,0.123242263719024,6861,159942,288885,128944,3
"chr17",37609596,37609878,-0.061605541961957,0.123211083923914,36900,198272,201851,3580,17
"chr1",161749815,161749852,0.0616007153077423,0.123201430615485,6218,36680,38714,2035,12
"chr3",49809872,49810012,-0.0615916251969483,0.123183250393897,60629,241182,256167,14986,5
"chr17",42194468,42194662,0.0615859891675183,0.123171978335037,37443,26980,94177,67198,8
"chr9",69120750,69120785,0.0615859359855222,0.123171871971044,84308,178385,186344,7960,17
"chr13",98448332,98448993,-0.061582300700129,0.123164601400258,24214,124919,126218,1300,11
"chr5",40678916,40679353,0.0615788262080188,0.123157652416038,68111,253173,278462,25290,16
"chr11",126403163,126403229,-0.0615769524932564,0.123153904986513,17750,225652,236554,10903,8
"chr14",101048305,101049048,0.0615768956028769,0.123153791205754,27309,286786,295198,8413,8
"chr17",36486106,36486609,-0.0615664603486895,0.123132920697379,36848,202387,209230,6844,12
"chr13",46183280,46183520,0.061562667598455,0.12312533519691,23619,57419,85010,27592,5
"chr11",61480745,61480963,-0.0615596230188345,0.123119246037669,14832,105809,114142,8334,8
"chr1",44674614,44674793,-0.0615492833452426,0.123098566690485,2949,153470,238589,85120,16
"chr1",2194867,2194950,0.0615490255743457,0.123098051148691,281,138895,140405,1511,9
"chr7",139231287,139231495,0.0615267013730811,0.123053402746162,79511,45795,50521,4727,9
"chr11",125904187,125904511,-0.0615208827980847,0.123041765596169,17715,11696,11907,212,6
"chr15",48811086,48811368,-0.0615087271026729,0.123017454205346,28742,199523,207746,8224,14
"chr20",13785017,13785502,0.0615083676770509,0.123016735354102,53598,97875,129044,31170,17
"chr6",152381252,152381309,0.0614896187466363,0.122979237493273,75423,120052,127026,6975,7
"chr11",313120,313527,-0.0614832137462504,0.122966427492501,12609,168009,168862,854,9
"chr1",248905313,248905679,-0.0614823772012128,0.122964754402426,8861,241144,267410,26267,8
"chr4",39527674,39528246,0.0614821824686868,0.122964364937374,65060,94573,140159,45587,25
"chr1",209827721,209828026,0.0614819317488472,0.122963863497694,7737,154988,157001,2014,16
"chr12",51083744,51083864,0.0614684822644466,0.122936964528893,19766,220359,295072,74714,11
"chr17",47970707,47970998,0.0614621559371126,0.122924311874225,37986,293247,299104,5858,19
"chr7",1057495,1057746,0.0614619055149571,0.122923811029914,76050,46847,88681,41835,4
"chr15",27541203,27541309,0.0614568552619453,0.122913710523891,27949,227049,242299,15251,7
"chr14",23041684,23041778,0.0614417463645228,0.122883492729046,25003,220871,274495,53625,12
"chr12",79934742,79935831,0.0614132468218962,0.122826493643792,21036,99534,179673,80140,13
"chr1",202160737,202161600,-0.0614084107784139,0.122816821556828,7227,24723,33216,8494,11
"chr15",22618559,22618570,-0.0614019608256561,0.122803921651312,27728,255931,273301,17371,2
"chr15",89333546,89333747,0.0613996211814127,0.122799242362825,30305,111490,211327,99838,6
"chr6",37818372,37818469,0.0613979978059371,0.122795995611874,73148,109721,239532,129812,2
"chr7",118183674,118183970,0.0613931483345768,0.122786296669154,78996,84316,124531,40216,8
"chr20",41137308,41138154,0.0613692023577751,0.12273840471555,54517,13586,19833,6248,16
"chr19",30372353,30372442,0.0613655071659566,0.122731014331913,44247,88956,89868,913,5
"chr19",43982977,43984268,0.0613598229205975,0.122719645841195,45441,194414,194435,22,12
"chr14",68979586,68979902,-0.0613569442013628,0.122713888402726,26123,59824,59860,37,17
"chr7",94663627,94664468,-0.0613567558428609,0.122713511685722,78142,98817,138139,39323,11
"chr2",233759703,233760188,0.0613492330927957,0.122698466185591,52635,134357,146621,12265,7
"chr4",13654358,13654607,-0.0613478625164355,0.122695725032871,64739,121064,133595,12532,9
"chr20",18288145,18288409,0.0613448411781266,0.122689682356253,53658,59214,67030,7817,14
"chr14",69153945,69154130,0.0613444140753371,0.122688828150674,26128,83662,113124,29463,3
"chr4",70636889,70637658,0.0613338486071653,0.122667697214331,65543,246486,267715,21230,5
"chr15",34101396,34101937,0.0613188619353988,0.122637723870798,28100,216792,231406,14615,13
"chr11",2271461,2271672,-0.0613181998389339,0.122636399677868,12932,45706,45885,180,43
"chr1",31296414,31297130,0.0613127119924524,0.122625423984905,2099,140225,159310,19086,14
"chr1",153541966,153542006,0.0612892509863525,0.122578501972705,5332,14834,86125,71292,8
"chr3",194685829,194685843,0.0612867758450722,0.122573551690144,63941,19760,20038,279,12
"chr14",72892293,72894165,-0.0612777790839873,0.122555558167975,26250,2732,55963,53232,29
"chr14",20683477,20684199,0.0612708156116294,0.122541631223259,24832,195445,198906,3462,20
"chr19",15244393,15244752,0.0612666473534385,0.122533294706877,43523,79926,302794,222869,2
"chr18",24138771,24138803,0.061259734309708,0.122519468619416,40643,126527,198926,72400,21
"chr3",12351260,12351522,-0.0612545580336535,0.122509116067307,59328,259317,268450,9134,4
"chr22",17359490,17359663,0.0612525938082117,0.122505187616423,56809,236523,246740,10218,3
"chr1",40838433,40838483,0.0612473030375039,0.122494606075008,2704,15937,132401,116465,3
"chr21",36157212,36157602,0.0612379145421447,0.122475829084289,56136,205727,253445,47719,4
"chr10",87094106,87094129,-0.0612335445939187,0.122467089187837,10887,263623,271662,8040,7
"chr8",66870150,66870871,-0.0612332493641983,0.122466498728397,81790,169242,175749,6508,9
"chr3",49117774,49117990,0.0612147677688968,0.122429535537794,60529,271332,271458,127,3
"chr20",2800595,2801599,-0.0612125131229396,0.122425026245879,53282,230218,295806,65589,13
"chr4",87391369,87391401,0.0611980870959681,0.122396174191936,65901,32240,37632,5393,11
"chr18",57648616,57648640,0.0611954779252865,0.122390955850573,41136,12072,13337,1266,2
"chr22",50251041,50251533,-0.0611930724968948,0.12238614499379,58904,117003,210905,93903,15
"chr6",25138677,25138723,0.061190190508846,0.122380381017692,71904,183081,186883,3803,10
"chr22",39245127,39245149,0.0611901660463995,0.122380332092799,58190,98194,199377,101184,16
"chr16",29812123,29812131,-0.0611821328476134,0.122364265695227,32518,62835,63389,555,12
"chr15",42208265,42208516,0.0611807599845357,0.122361519969071,28469,59079,74285,15207,12
"chr8",144463005,144463138,-0.0611767447277412,0.122353489455482,83393,50180,69574,19395,6
"chr1",111738451,111740697,0.0611754721353775,0.122350944270755,4548,163675,228230,64556,17
"chr1",15617157,15617733,-0.0611569152504111,0.122313830500822,1046,82800,145577,62778,8
"chr10",6144579,6144684,-0.0611367926954406,0.122273585390881,9090,167683,173076,5394,10
"chr12",47080013,47080034,-0.0611071597540256,0.122214319508051,19403,57726,58088,363,24
"chr8",132866366,132866803,0.0610894760844973,0.122178952168995,82838,187227,234597,47371,5
"chr2",12716718,12716844,-0.0610772625643966,0.122154525128793,47602,25476,27353,1878,20
"chr11",75335103,75335306,-0.061075422288728,0.122150844577456,16207,49987,110000,60014,4
"chr6",31776175,31777185,0.0610737929803046,0.122147585960609,72576,182738,182776,39,17
"chr6",31630647,31633154,-0.0610645494584064,0.122129098916813,72514,174947,175332,386,54
"chr17",15944663,15944950,-0.0610637430828371,0.122127486165674,35971,4565,15150,10586,4
"chr14",102305329,102305801,0.0610587301273645,0.122117460254729,27382,206139,219311,13173,9
"chr11",67508203,67509429,0.061054811993417,0.122109623986834,15719,244920,245446,527,19
"chr1",9942905,9943512,0.0610479558273637,0.122095911654727,755,255563,267935,12373,18
"chr9",74497137,74497287,-0.0610417306571946,0.122083461314389,84391,46555,59700,13146,8
"chr5",163437285,163437483,0.0610382579656988,0.122076515931398,70700,5563,15909,10347,10
"chr19",41397476,41397754,0.0610010865931167,0.122002173186233,45164,62373,71610,9238,19
"chr11",15114665,15114799,-0.0609951709367901,0.12199034187358,13640,126767,130432,3666,12
"chr3",94062934,94063120,0.0609947942168106,0.121989588433621,61480,106679,124861,18183,18
"chr11",62855150,62855457,0.0609939568853462,0.121987913770692,15003,181698,185447,3750,33
"chr15",24675326,24676605,-0.060993512695618,0.121987025391236,27776,52430,58090,5661,15
"chr1",201829093,201829689,-0.0609916159070921,0.121983231814184,7176,67240,95484,28245,17
"chr11",20363539,20364015,-0.0609893476458229,0.121978695291646,13834,87431,95679,8249,19
"chr5",54517112,54517430,0.0609872465543595,0.121974493108719,68265,132529,157978,25450,11
"chr19",7920060,7920186,0.0609766641225495,0.121953328245099,42648,86842,204359,117518,10
"chr17",73231560,73231613,0.0609709024012031,0.121941804802406,39018,87261,98107,10847,3
"chr6",111873240,111873410,0.0609694602367924,0.121938920473585,74569,50896,88776,37881,12
"chr22",50270852,50271426,0.0609657631138527,0.121931526227705,58914,259168,267125,7958,12
"chr12",19439966,19440522,-0.0609373051163777,0.121874610232755,18970,9859,19330,9472,11
"chr20",4015725,4016143,0.0609338165584275,0.121867633116855,53411,2164,52587,50424,8
"chr10",70382907,70383068,-0.0609245231412067,0.121849046282413,10381,173081,187133,14053,17
"chr2",188291115,188292786,0.060916573791429,0.121833147582858,51292,264362,270151,5790,23
"chr18",12307330,12307650,0.0609152124735998,0.1218304249472,40482,113618,205660,92043,8
"chr15",52790198,52791321,-0.0609101058583397,0.121820211716679,28905,19294,54869,35576,10
"chr12",10212850,10212865,-0.0609059312525277,0.121811862505055,18653,240187,246783,6597,13
"chr5",177436163,177436530,-0.0608958657904744,0.121791731580949,71079,36515,39133,2619,5
"chr15",56886690,56887050,0.0608938401339367,0.121787680267873,28965,200290,284873,84584,4
"chr6",81753029,81753588,-0.0608897663379537,0.121779532675907,74064,167951,178433,10483,16
"chr2",5982675,5982682,-0.0608768807090697,0.121753761418139,47410,36934,82946,46013,11
"chr17",7886439,7886861,0.0608730875019663,0.121746175003933,35647,207152,219180,12029,5
"chr16",30091910,30092070,0.0608321110437619,0.121664222087524,32593,55338,60784,5447,10
"chr10",86653199,86653215,0.0608304759082237,0.121660951816447,10857,181804,185815,4012,3
"chr17",34363393,34363550,-0.060830348438735,0.12166069687747,36729,88787,88945,159,7
"chr2",229715264,229715858,0.0608296961123327,0.121659392224665,52389,105748,164459,58712,7
"chr10",133393964,133393972,0.0608275530868004,0.121655106173601,12556,47737,191177,143441,5
"chr1",228280203,228280648,-0.060795311126286,0.121590622252572,8258,263545,282056,18512,6
"chr12",12716932,12717461,-0.0607785292728278,0.121557058545656,18787,66087,67396,1310,20
"chr6",28864356,28864383,0.0607634875642693,0.121526975128539,72135,170743,174169,3427,35
"chr6",46687722,46687992,0.0607593585110293,0.121518717022059,73622,71223,167589,96367,12
"chr1",179882099,179882256,-0.0607539357453154,0.121507871490631,6737,87433,105072,17640,17
"chr1",1422714,1422729,0.0607533680011829,0.121506736002366,161,141518,144860,3343,3
"chr4",6986486,6987016,0.0607503518956322,0.121500703791264,64584,272431,289652,17222,17
"chr14",93927275,93927445,0.0607477625725005,0.121495525145001,26931,67898,199062,131165,7
"chr19",12933824,12934263,0.0607428712016902,0.12148574240338,43290,130519,132675,2157,13
"chr6",33248841,33249644,-0.0607411379928295,0.121482275985659,72811,48965,49497,533,39
"chr7",138459874,138460688,0.0607367227856824,0.121473445571365,79475,88455,90462,2008,6
"chr5",115817241,115817555,-0.0607264598072914,0.121452919614583,69264,155429,225781,70353,14
"chr11",9139216,9139591,0.0607195360722281,0.121439072144456,13451,215588,224387,8800,3
"chr17",414024,414271,-0.0607185099319094,0.121437019863819,34814,121637,245591,123955,5
"chr1",109613488,109614198,0.0607182713864932,0.121436542772986,4396,99324,114390,15067,7
"chr17",69414327,69414854,0.0607078625613053,0.121415725122611,38959,278393,295505,17113,11
"chr20",10435179,10435304,-0.0606999755451178,0.121399951090236,53557,107464,115859,8396,17
"chr6",33711802,33712118,0.0606804189128343,0.121360837825669,72874,41404,43765,2362,7
"chr19",58151128,58151341,-0.06066346905814,0.12132693811628,47192,249132,276280,27149,7
"chr17",73232416,73232687,0.0606603429106225,0.121320685821245,39019,138819,139759,941,21
"chr19",35748349,35748687,0.0606455796360208,0.121291159272042,44537,97879,119701,21823,12
"chr5",172771734,172771788,-0.0606329988193602,0.12126599763872,70884,99248,121483,22236,28
"chr12",561546,561861,-0.0606321897420364,0.121264379484073,18040,195469,299557,104089,5
"chr16",67199099,67199750,-0.0606117796340593,0.121223559268119,33488,66967,72265,5299,12
"chr5",95730864,95731018,-0.0606031924143327,0.121206384828665,68999,16762,19169,2408,18
"chr21",18244748,18245122,-0.0605953137992696,0.121190627598539,55758,57976,64988,7013,17
"chr5",151223978,151224132,0.0605951407847196,0.121190281569439,70461,144500,148464,3965,10
"chr19",11987505,11987757,0.0605845270986021,0.121169054197204,43160,199332,250128,50797,6
"chr1",174990579,174990612,0.0605833456541158,0.121166691308232,6612,287650,307530,19881,3
"chr8",22693207,22693761,0.0605806338478004,0.121161267695601,80853,92548,96996,4449,22
"chr1",109985403,109985455,0.0605789153187536,0.121157830637507,4428,148473,163613,15141,13
"chr6",133241332,133241454,0.0605720046128154,0.121144009225631,74955,50646,64559,13914,33
"chr16",67236690,67237069,0.0605628760506112,0.121125752101222,33499,16438,57002,40565,5
"chr17",42679016,42679331,-0.0605542767562957,0.121108553512591,37501,279718,295060,15343,3
"chr6",26247230,26247288,0.0605542478210509,0.121108495642102,71972,65160,71010,5851,12
"chr16",50693522,50693553,-0.0605364222850017,0.121072844570003,32986,64076,70882,6807,6
"chr1",161201593,161202465,0.0605361133152658,0.121072226630532,6168,152635,155524,2890,16
"chr4",187201333,187201802,-0.0605309314470391,0.121061862894078,67346,258011,266639,8629,5
"chr6",84764055,84764375,-0.0605235515304388,0.121047103060878,74110,14310,16294,1985,14
"chr7",142111205,142111515,0.0605160866885557,0.121032173377111,79646,130180,310107,179928,2
"chr13",110508360,110508929,0.0605132553086544,0.121026510617309,24469,222308,232348,10041,5
"chr6",93419283,93419548,-0.0604962226342438,0.120992445268488,74258,253595,301327,47733,18
"chr4",121072968,121073257,0.0604937111310047,0.120987422262009,66382,161580,231277,69698,4
"chr19",48630341,48630848,-0.0604768147461784,0.120953629492357,45998,207101,213242,6142,6
"chr8",52714653,52715638,0.060442491965911,0.120884983931822,81554,242834,310390,67557,14
"chr8",124372873,124373754,0.060430355052997,0.120860710105994,82678,229745,259408,29664,8
"chr15",50424125,50424628,-0.0604158307994178,0.120831661598836,28788,99005,292240,193236,7
"chr1",110406941,110408636,0.06037441878755,0.1207488375751,4469,159361,160901,1541,17
"chr8",66666408,66667551,-0.0603690881402464,0.120738176280493,81784,169775,175133,5359,16
"chr8",80874714,80874845,0.0603595278053255,0.120719055610651,81999,266226,288517,22292,10
"chr6",30556560,30556667,-0.0603530332647671,0.120706066529534,72319,235194,275643,40450,67
"chr8",18809027,18809051,0.0603501874959636,0.120700374991927,80684,174697,180031,5335,4
"chr11",111284101,111284209,0.0603493747305864,0.120698749461173,16885,42670,45539,2870,3
"chr10",114487959,114488008,0.0603464410753151,0.12069288215063,11909,227598,257936,30339,2
"chr3",184314318,184314501,0.0603460795633367,0.120692159126673,63553,70159,91234,21076,19
"chr7",149282019,149282176,0.0603434527016773,0.120686905403355,79830,174076,176881,2806,3
"chr1",89632812,89634145,0.0603356910138948,0.12067138202779,4021,138900,147022,8123,14
"chr18",12947067,12947633,0.060323899541328,0.120647799082656,40509,197879,203652,5774,12
"chr8",22275413,22275479,-0.0603176924600007,0.120635384920001,80803,49584,85545,35962,13
"chr2",61471604,61472030,0.0603080868688511,0.120616173737702,48759,38839,218429,179591,6
"chr15",65026931,65027015,0.0603011038832119,0.120602207766424,29233,206733,266029,59297,3
"chr21",31276861,31276899,0.0603007216374899,0.12060144327498,55941,128125,262466,134342,3
"chr18",69400485,69400631,0.060272651243045,0.12054530248609,41305,121700,124174,2475,7
"chr4",139084604,139084606,0.06026948157506,0.12053896315012,66556,28809,62853,34045,7
"chr22",33921564,33921580,0.0602660750960794,0.120532150192159,57813,97853,278358,180506,3
"chr3",49904663,49904810,0.060257727961209,0.120515455922418,60645,108121,114600,6480,15
"chr3",147414073,147414772,-0.0602563712653458,0.120512742530692,62804,110187,129983,19797,8
"chr8",92017500,92017871,0.0602537214117271,0.120507442823454,82128,188283,274399,86117,4
"chr11",2868579,2868789,0.0602441264527436,0.120488252905487,12995,186015,188516,2502,33
"chr6",79078090,79078856,0.0602372469617869,0.120474493923574,74042,97256,101372,4117,14
"chr6",26156244,26156999,-0.0602258114212107,0.120451622842421,71959,110822,121050,10229,20
"chr16",55480085,55480357,0.0602240420753314,0.120448084150663,33085,211773,218317,6545,21
"chr16",75207227,75207318,-0.0602232397042944,0.120446479408589,34009,199569,208688,9120,7
"chr8",120445141,120445357,-0.0602218890472738,0.120443778094548,82590,49093,61295,12203,17
"chr2",12716296,12717526,-0.0602138563825077,0.120427712765015,47602,100145,106006,5862,20
"chr10",74826093,74826496,0.0602121917890756,0.120424383578151,10634,174063,176835,2773,10
"chr11",2132902,2133025,0.0602109606764432,0.120421921352886,12913,27357,47971,20615,7
"chr5",181243058,181243110,-0.0601971765390324,0.120394353078065,71362,145408,146407,1000,24
"chr6",22147273,22147330,-0.0601858073715245,0.120371614743049,71849,257300,258415,1116,4
"chr20",34515557,34516342,0.0601792080397871,0.120358416079574,54158,228860,229986,1127,15
"chr16",87057343,87057695,0.060164825500261,0.120329651000522,34418,74326,121759,47434,11
"chr11",31810043,31813243,0.0601599581335128,0.120319916267026,13946,45388,47531,2144,33
"chr10",15097148,15097203,0.0601540641599462,0.120308128319892,9334,50868,60375,9508,20
"chr3",26622394,26622817,0.0601483034810709,0.120296606962142,59664,116127,118211,2085,14
"chr3",55487348,55488590,0.0600975939523802,0.12019518790476,61038,151611,154722,3112,18
"chr1",19596614,19596876,0.0600959361184241,0.120191872236848,1314,33828,107505,73678,14
"chr19",44890596,44891128,0.060087034797592,0.120174069595184,45516,266670,293023,26354,12
"chr1",117294858,117295016,0.0600836869434201,0.12016737388684,4763,127205,213214,86010,3
"chr17",58417193,58417603,0.060078236880855,0.12015647376171,38491,99100,101098,1999,7
"chr6",153002744,153002858,0.0600730279825085,0.120146055965017,75436,139917,167988,28072,13
"chr3",128726218,128726277,-0.0600544812886049,0.12010896257721,62288,15128,85495,70368,10
"chr18",3447538,3447543,0.0600452997253447,0.120090599450689,40300,250690,256355,5666,12
"chr8",1763841,1764105,-0.0600446359509468,0.120089271901894,80341,176250,189541,13292,11
"chr14",96363211,96363329,0.0600270290876268,0.120054058175254,27092,70544,81504,10961,19
"chr21",45258609,45258655,-0.0600147167169389,0.120029433433878,56614,128927,285295,156369,2
"chr2",186485788,186485983,0.0600145377870419,0.120029075574084,51274,156484,156939,456,13
"chr8",64378291,64379125,0.0600040983174457,0.120008196634891,81728,105078,117085,12008,11
"chr6",33168729,33168734,-0.060002909097435,0.12000581819487,72789,113908,174204,60297,3
"chr16",84117141,84117504,-0.0599877461236993,0.119975492247399,34268,218869,298555,79687,9
"chr14",69191193,69191329,0.0599690845448834,0.119938169089767,26130,122613,193224,70612,15
"chr3",62875046,62875467,-0.059963779054494,0.119927558108988,61207,17553,30173,12621,14
"chr12",8066326,8066424,0.059960014513917,0.119920029027834,18511,101509,120097,18589,4
"chr14",64283058,64283496,0.0599546055312317,0.119909211062463,25949,265107,265834,728,5
"chr1",89176312,89176940,0.0599510675343887,0.119902135068777,3997,109903,261387,151485,4
"chr1",101026046,101026080,0.0599412897082591,0.119882579416518,4245,82827,91924,9098,15
"chr19",51065073,51065266,0.0599012537296992,0.119802507459398,46410,197145,208314,11170,11
"chr19",45885674,45886246,-0.059883855881502,0.119767711763004,45687,73668,88092,14425,9
"chr5",3595793,3595849,0.0598799320132065,0.119759864026413,67576,123726,131976,8251,4
"chr9",108861699,108862659,0.0598779258459661,0.119755851691932,85104,101554,128097,26544,8
"chr13",113044374,113044700,0.0598605598964949,0.11972111979299,24587,210026,292741,82716,13
"chr10",116848627,116849330,-0.0598583974986166,0.119716794997233,11961,130066,169556,39491,19
"chr19",41262175,41262452,0.0598474814693699,0.11969496293874,45138,195148,203642,8495,11
"chr15",74725724,74726359,0.0598470150126569,0.119694030025314,29702,58415,68681,10267,30
"chr16",25066727,25067376,0.0598410561265052,0.11968211225301,32326,209478,299708,90231,6
"chr19",38930593,38930675,0.0598204097140736,0.119640819428147,44848,199104,201419,2316,22
"chr5",132369744,132369914,0.0598174807000712,0.119634961400142,69495,68668,70451,1784,14
"chr8",37762300,37762528,0.0598141074632219,0.119628214926444,81224,94465,118465,24001,9
"chr1",12643894,12643949,-0.0598082170816477,0.119616434163295,955,159384,216237,56854,5
"chr17",50425978,50425980,0.0597949372083992,0.119589874416798,38212,238414,266296,27883,13
"chr19",17305638,17305839,-0.0597925287674023,0.119585057534805,43731,85439,139993,54555,9
"chr5",90474638,90474882,0.0597904688950453,0.119580937790091,68922,88638,100504,11867,17
"chr20",2872693,2873423,0.059777211243093,0.119554422486186,53296,205227,229894,24668,9
"chr2",176106625,176107313,-0.0597758448357414,0.119551689671483,51071,110737,111652,916,13
"chr16",11404755,11404860,0.059771867804582,0.119543735609164,31820,60143,274733,214591,2
"chr19",48918820,48918920,-0.0597668269404111,0.119533653880822,46055,116984,252132,135149,5
"chr1",34784745,34784759,0.0597582395942809,0.119516479188562,2321,132888,142993,10106,5
"chr17",76453105,76453522,0.0597451309263103,0.119490261852621,39394,208935,210309,1375,14
"chr13",113044617,113044637,0.0597387888272545,0.119477577654509,24587,140528,194257,53730,13
"chr5",90558597,90558600,-0.0597374582495807,0.119474916499161,68930,159526,242302,82777,9
"chr10",87659535,87659618,-0.0597229843603555,0.119445968720711,10894,183314,184396,1083,12
"chr4",6574881,6575032,0.0597183205094259,0.119436641018852,64553,105440,163010,57571,6
"chr6",166862267,166862871,-0.0597138655031606,0.119427731006321,75773,42011,42641,631,13
"chr13",50909612,50909721,0.0597066999601882,0.119413399920376,23759,108171,113467,5297,9
"chr7",139231130,139231275,0.0597064880954608,0.119412976190922,79511,190211,192318,2108,9
"chr2",62705347,62705618,0.0597022138504754,0.119404427700951,48783,117246,165499,48254,10
"chr20",45405758,45406101,0.059698268278729,0.119396536557458,54739,239395,253185,13791,16
"chr12",84913075,84913352,0.0596944811321665,0.119388962264333,21091,41577,43487,1911,17
"chr5",132369420,132369627,0.0596900779900766,0.119380155980153,69495,139704,149878,10175,14
"chr12",118062180,118062277,0.0596697494356209,0.119339498871242,22083,257416,270134,12719,11
"chr17",75205173,75205318,0.0596605937779978,0.119321187555996,39186,276721,292119,15399,13
"chr10",132186863,132186873,-0.0596328594777852,0.11926571895557,12403,25182,25903,722,13
"chr11",10801064,10802367,0.0596314145328989,0.119262829065798,13529,249130,267599,18470,8
"chr10",133568347,133568410,0.0596275667670901,0.11925513353418,12579,14517,16482,1966,4
"chr15",84570928,84571178,-0.0596273144000115,0.119254628800023,30130,107035,115010,7976,3
"chr4",175812258,175813151,-0.0596218492551826,0.119243698510365,67092,272634,309963,37330,8
"chr12",92702846,92703004,-0.0596083560891433,0.119216712178287,21182,84885,175612,90728,5
"chr3",143848538,143849352,0.0596065332191994,0.119213066438399,62777,256995,266493,9499,7
"chr5",94618161,94618598,-0.0595941955726221,0.119188391145244,68973,94981,99179,4199,23
"chr14",24093888,24093981,0.0595778622486371,0.119155724497274,25129,126759,194541,67783,13
"chr2",200762229,200762268,-0.0595737923727102,0.11914758474542,51540,235653,254452,18800,4
"chr11",67507774,67508824,0.0595611409494465,0.119122281898893,15719,172578,176714,4137,19
"chr6",71886432,71887045,-0.0595610987283825,0.119122197456765,73930,27534,50299,22766,13
"chr1",1217200,1217534,0.0595544902377579,0.119108980475516,89,6464,37299,30836,2
"chr8",118379661,118379697,-0.0595540074988697,0.119108014997739,82546,122085,229691,107607,3
"chr12",94305365,94305477,-0.0595424838870629,0.119084967774126,21225,174653,277316,102664,2
"chr1",218345621,218346210,-0.0595405974356547,0.119081194871309,7920,91623,139252,47630,17
"chr1",28235857,28236197,-0.0595384274534868,0.119076854906974,1983,90395,97118,6724,12
"chr15",56733618,56733620,-0.0595363944649421,0.119072788929884,28964,10067,139861,129795,14
"chr16",67561940,67562229,-0.0595310507505565,0.119062101501113,33546,55670,67703,12034,8
"chr2",231781425,231781721,0.0595270053845817,0.119054010769163,52492,130244,149779,19536,15
"chr16",27203366,27203985,-0.0595047642138002,0.1190095284276,32351,86882,100250,13369,12
"chr12",10211572,10212713,0.0595014631472308,0.119002926294462,18653,247639,278263,30625,13
"chr10",15042844,15043280,-0.0594959525637603,0.118991905127521,9330,99202,102335,3134,2
"chr14",51652721,51652804,0.059490906159684,0.118981812319368,25606,197167,203386,6220,14
"chr11",59142474,59143103,0.05948477930627,0.11896955861254,14655,230562,233718,3157,21
"chr15",79897592,79898289,-0.0594732443955769,0.118946488791154,29972,244387,245206,820,11
"chr16",85026356,85027216,0.0594656844779588,0.118931368955918,34339,116707,223734,107028,9
"chr18",12658248,12658621,-0.0594519668750662,0.118903933750132,40496,61271,65884,4614,12
"chr1",206555930,206557671,-0.0594454201215943,0.118890840243189,7583,101009,104641,3633,20
"chr11",59171209,59172756,-0.0594409201830564,0.118881840366113,14661,80474,125919,45446,15
"chr9",127980069,127980732,-0.0594312663899862,0.118862532779972,85798,180852,185486,4635,7
"chr3",194633693,194633704,-0.0594278824767204,0.118855764953441,63934,88321,128869,40549,13
"chr4",1406150,1406401,0.0594185769326212,0.118837153865242,64283,78315,127500,49186,7
"chr11",16738353,16738610,0.0594168774018642,0.118833754803728,13665,97536,137843,40308,16
"chr17",73227939,73228126,-0.0594163463000458,0.118832692600092,39016,216071,259681,43611,5
"chr2",172102892,172103091,-0.0594105483619678,0.118821096723936,50957,152140,161722,9583,11
"chr12",75209450,75209630,0.0594028302773438,0.118805660554688,20964,15182,69180,53999,9
"chr6",150005460,150005979,-0.0593996003465052,0.11879920069301,75353,182064,182539,476,6
"chr1",11012204,11012542,0.0593890033330575,0.118778006666115,813,236317,270743,34427,7
"chr5",88691586,88691624,-0.0593860530239963,0.118772106047993,68901,113998,125043,11046,3
"chr1",235505114,235505121,0.0593816587746043,0.118763317549209,8515,162118,163823,1706,10
"chr5",84384435,84384446,0.0593682488521879,0.118736497704376,68865,68215,78737,10523,13
"chr4",2962512,2964444,0.0593564824403505,0.118712964880701,64406,123982,134156,10175,20
"chr18",58861447,58861917,0.0593529708454731,0.118705941690946,41172,206863,211488,4626,2
"chr2",61017485,61017559,-0.0593304738866165,0.118660947773233,48733,146000,147359,1360,30
"chr2",61888545,61888823,-0.0592962345745907,0.118592469149181,48768,17474,29115,11642,10
"chr1",15065941,15066297,0.0592821324335103,0.118564264867021,996,4303,34422,30120,6
"chr6",33081098,33081102,0.0592784194598305,0.118556838919661,72775,188059,189702,1644,16
"chr1",158831083,158831294,0.0592727488232662,0.118545497646532,5949,243613,251269,7657,5
"chr17",47841399,47842053,-0.0592715623841303,0.118543124768261,37962,206586,218747,12162,10
"chr20",1895175,1895485,0.0592665500755896,0.118533100151179,53234,56885,140823,83939,4
"chr6",26198847,26199542,-0.0592637484778796,0.118527496955759,71963,137773,167095,29323,7
"chr17",6776180,6776245,-0.0592525610730041,0.118505122146008,35409,51990,75960,23971,11
"chr12",54418822,54419371,-0.0592414789632604,0.118482957926521,20177,90353,93914,3562,15
"chr18",54356791,54357301,-0.0592364059101254,0.118472811820251,41059,123015,125380,2366,5
"chr8",11702977,11703270,0.0592090153328118,0.118418030665624,80544,188067,188665,599,27
"chr1",90851165,90851444,0.059201643910645,0.11840328782129,4033,158796,164055,5260,10
"chr5",179803781,179804109,0.0591945638479658,0.118389127695932,71240,4171,84638,80468,11
"chr2",5692750,5692885,-0.0591922385162235,0.118384477032447,47395,117051,119673,2623,4
"chr11",66480500,66481150,0.0591821068030585,0.118364213606117,15537,102316,134310,31995,17
"chr21",26573094,26573672,-0.0591792520769943,0.118358504153989,55811,214463,233546,19084,7
"chr11",5631145,5631633,0.0591771846076816,0.118354369215363,13192,252096,272569,20474,7
"chr19",18001231,18001233,0.0591768406830002,0.118353681366,43856,24025,27525,3501,9
"chr5",41071303,41071777,0.0591730862693081,0.118346172538616,68132,164202,165422,1221,4
"chr17",82228390,82228399,-0.0591656308501637,0.118331261700327,40094,16117,17714,1598,8
"chr5",177591933,177592064,-0.0591616003592134,0.118323200718427,71123,116475,122258,5784,12
"chr21",44645857,44646653,-0.0591573005655485,0.118314601131097,56566,288420,292243,3824,5
"chr15",70094929,70094964,-0.0591433860821881,0.118286772164376,29491,98438,121021,22584,4
"chr8",119066934,119067386,0.0591267925815682,0.118253585163136,82551,88527,98451,9925,6
"chr21",26171205,26171403,0.0591247572919773,0.118249514583955,55806,53404,54943,1540,13
"chr22",26499396,26499485,0.0590966703077442,0.118193340615488,57375,194981,200686,5706,4
"chr2",218060945,218060963,0.0590957299314461,0.118191459862892,51986,277732,279625,1894,2
"chr3",196082204,196082327,0.0590908597608246,0.118181719521649,64004,37172,60293,23122,10
"chr14",21477524,21477539,0.0590861563518815,0.118172312703763,24921,234337,244622,10286,20
"chr11",108223027,108223085,-0.0590790537458563,0.118158107491713,16804,20046,20178,133,44
"chr4",66275534,66275579,-0.0590749747620825,0.118149949524165,65443,242024,274374,32351,3
"chr7",28180975,28180987,-0.0590731726816835,0.118146345363367,76856,123316,176898,53583,10
"chr9",127755481,127755496,0.0590682100663114,0.118136420132623,85745,66615,70500,3886,8
"chr15",52018838,52020002,0.0590457668343849,0.11809153366877,28862,211840,293169,81330,17
"chr13",96053601,96053654,-0.0590449811709792,0.118089962341958,24175,140504,197880,57377,10
"chr17",9959446,9959692,0.0590391571761107,0.118078314352221,35838,202422,203419,998,10
"chr17",36017958,36018512,0.0590212378614881,0.118042475722976,36841,203845,233379,29535,6
"chr5",135954788,135955174,-0.0590199451403901,0.11803989028078,69657,233593,276000,42408,3
"chr11",70203003,70203010,0.059014241335648,0.118028482671296,15898,94983,116539,21557,11
"chr7",108130703,108130955,-0.0590035621663681,0.118007124332736,78844,116770,172034,55265,6
"chr5",57481506,57481836,0.0590026122355469,0.118005224471094,68366,149278,149694,417,4
"chr16",11798735,11798749,0.0589858999198244,0.117971799839649,31854,215606,217981,2376,2
"chr19",8444592,8444907,0.0589856249200337,0.117971249840067,42717,17867,27146,9280,11
"chr2",3575030,3575065,0.0589828715007445,0.117965743001489,47377,146522,154165,7644,8
"chr17",81657096,81657434,0.0589658550764608,0.117931710152922,39962,253245,270594,17350,9
"chr2",240879908,240879964,0.0589631906684348,0.11792638133687,52941,155344,165814,10471,3
"chr13",114027864,114027869,0.0589569978529916,0.117913995705983,24729,288009,294181,6173,3
"chr15",52709803,52709826,-0.0589507550904369,0.117901510180874,28898,127216,283395,156180,2
"chr7",157499174,157499488,0.0589243416663779,0.117848683332756,80240,182061,187611,5551,6
"chr17",56885167,56885194,0.0589006635573316,0.117801327114663,38383,193040,284505,91466,3
"chr10",133087704,133087990,-0.0588989060139456,0.117797812027891,12482,67719,176380,108662,10
"chr6",166308271,166308574,-0.0588974260198992,0.117794852039798,75749,41171,42465,1295,7
"chr1",51616266,51616725,0.0588895433360368,0.117779086672074,3246,257386,311017,53632,11
"chr6",43308832,43308835,-0.0588823240776038,0.117764648155208,73447,44483,48159,3677,12
"chr1",178871163,178871363,-0.0588796219570006,0.117759243914001,6692,145942,238475,92534,4
"chr7",128410221,128410250,0.0588340708047621,0.117668141609524,79161,171536,185416,13881,14
"chr5",80961046,80961048,-0.0588166587322746,0.117633317464549,68820,14142,17936,3795,15
"chr10",86366347,86366542,-0.0588136115120858,0.117627223024172,10850,77851,169163,91313,6
"chr13",77075070,77075076,0.0587987724442602,0.11759754488852,24027,84379,270038,185660,2
"chr22",18024754,18024945,-0.0587960912369404,0.117592182473881,56856,73243,127862,54620,7
"chr4",55435409,55435464,0.0587959500729858,0.117591900145972,65364,146240,146644,405,2
"chr19",17281847,17282114,-0.0587914109422529,0.117582821884506,43722,15067,51116,36050,12
"chr6",30161569,30161786,0.0587806038297364,0.117561207659473,72284,169950,175145,5196,2
"chr3",173397211,173398458,0.0587747789091443,0.117549557818289,63293,163517,164306,790,22
"chr5",5139740,5140533,-0.0587703752432382,0.117540750486476,67586,30106,35091,4986,18
"chr16",73048503,73048535,-0.058757501994276,0.117515003988552,33950,62769,68159,5391,10
"chr3",49006742,49006792,0.0587549416543804,0.117509883308761,60498,229045,246417,17373,17
"chr1",165356312,165356320,0.0587470531327875,0.117494106265575,6295,273313,276710,3398,14
"chr19",50432291,50432801,0.0587178079775069,0.117435615955014,46296,54736,60195,5460,11
"chr2",174025117,174026066,0.0587109837951692,0.117421967590338,51012,103366,143477,40112,12
"chr6",158650044,158650074,0.0587067908354285,0.117413581670857,75586,138861,139545,685,10
"chr15",56465354,56466177,0.0586865386989338,0.117373077397868,28958,211839,237699,25861,12
"chr2",240558558,240558744,0.0586816182718617,0.117363236543723,52891,158040,226162,68123,12
"chr11",59669173,59669296,-0.0586737878717635,0.117347575743527,14684,140690,173615,32926,7
"chr1",43649532,43649816,0.0586649963800628,0.117329992760126,2885,144643,158392,13750,8
"chr15",75579393,75579654,0.0586552068973091,0.117310413794618,29779,94510,207543,113034,15
"chr11",36598649,36598893,0.0586330698243695,0.117266139648739,14120,102237,173453,71217,2
"chr5",177425450,177426284,0.0586244873625328,0.117248974725066,71076,148291,216114,67824,13
"chr14",87993338,87993734,0.0586188119721978,0.117237623944396,26688,265429,266235,807,12
"chr8",11347324,11348110,-0.0586012123687616,0.117202424737523,80525,169649,172019,2371,9
"chr2",201118476,201118510,-0.0585683464908634,0.117136692981727,51568,142246,154224,11979,10
"chr14",24299968,24300021,-0.0585656274439199,0.11713125488784,25195,139399,201982,62584,22
"chr1",84996800,84997209,0.0585593021525972,0.117118604305194,3915,145552,162270,16719,7
"chr9",128276059,128276256,0.0585537566819743,0.117107513363949,85832,240402,244496,4095,13
"chr16",81444754,81445160,-0.0585509229314917,0.117101845862983,34154,20048,28614,8567,7
"chr8",42377206,42377768,0.0585412437756199,0.11708248755124,81424,127169,220593,93425,9
"chr15",58988032,58988241,-0.0585386618453543,0.117077323690709,29025,250020,255243,5224,16
"chr2",196639514,196639620,0.0585351672563695,0.117070334512739,51429,15036,31691,16656,12
"chr12",56300384,56300402,-0.0585203175479406,0.117040635095881,20368,24941,42392,17452,12
"chr1",3900421,3900432,-0.058511618490434,0.117023236980868,456,259304,264103,4800,13
"chr7",102426619,102426625,-0.0585058133161696,0.117011626632339,78662,287429,287894,466,4
"chr1",115089632,115089655,-0.0584883177383998,0.1169766354768,4682,62267,68384,6118,11
"chr14",96796534,96796866,-0.0584831138560691,0.116966227712138,27108,111673,130941,19269,12
"chr12",113221049,113221348,0.0584787011127265,0.116957402225453,21936,89122,101518,12397,14
"chr8",103020838,103020920,0.0584773836107631,0.116954767221526,82378,190899,229515,38617,13
"chr14",64539998,64540332,-0.0584771423472163,0.116954284694433,25975,4158,8996,4839,28
"chr2",85561635,85561876,-0.0584748651282229,0.116949730256446,49321,117539,122732,5194,11
"chr13",71867266,71867363,0.058474320715019,0.116948641430038,23940,107446,140918,33473,12
"chr12",16347143,16347251,0.0584723155398938,0.116944631079788,18919,98650,116780,18131,6
"chr16",15643024,15643346,-0.0584687764180331,0.116937552836066,31983,64111,69070,4960,14
"chr16",65571813,65571907,-0.0584650522534827,0.116930104506965,33375,233363,256222,22860,3
"chr20",31722800,31723583,0.0584572069981453,0.116914413996291,53938,27207,52791,25585,22
"chr1",10629954,10630386,0.0584530303139545,0.116906060627909,793,38625,106085,67461,4
"chr1",74673806,74673897,-0.0584509379592463,0.116901875918493,3757,38618,111412,72795,9
"chr6",70283737,70284171,0.0584325890285699,0.11686517805714,73908,189507,230944,41438,9
"chr1",20661512,20661640,-0.0584305370747274,0.116861074149455,1403,9025,14150,5126,13
"chr15",67542335,67543287,-0.0584294479061992,0.116858895812398,29384,223404,276532,53129,11
"chr3",154428915,154429082,0.0584198638041711,0.116839727608342,62980,120702,143129,22428,4
"chr15",40929345,40930078,-0.058412845127951,0.116825690255902,28339,9990,14181,4192,16
"chr6",30907809,30907882,-0.0583933388265142,0.116786677653028,72398,161159,170575,9417,14
"chr2",74179096,74179128,-0.058391084120197,0.116782168240394,49129,122979,135707,12729,13
"chr12",5043173,5043590,0.058385707552105,0.11677141510421,18248,207763,223040,15278,11
"chr12",62934744,62935478,0.0583838647986254,0.116767729597251,20690,175602,188898,13297,10
"chr2",231591414,231591582,-0.0583820023089276,0.116764004617855,52483,241293,253255,11963,4
"chr14",101023312,101025657,0.0583769088771817,0.116753817754363,27299,196934,197582,649,32
"chr2",28751280,28751347,0.058338671812908,0.116677343625816,48072,158165,238027,79863,9
"chr19",17821435,17821607,-0.0583205319871705,0.116641063974341,43823,52670,98131,45462,5
"chr20",45887987,45888462,-0.0582962667765059,0.116592533553012,54798,298023,311264,13242,8
"chr22",47631582,47631977,-0.058293789059445,0.11658757811889,58809,209238,212961,3724,11
"chr4",176195620,176195681,0.0582887867401182,0.116577573480236,67099,33916,39633,5718,11
"chr6",139292289,139292319,0.0582660315893582,0.116532063178716,75151,117757,187695,69939,3
"chr6",83853169,83853668,0.0582562300816325,0.116512460163265,74098,17423,18654,1232,17
"chr6",151239920,151240033,0.0582306227984735,0.116461245596947,75379,110698,114458,3761,10
"chr18",9913508,9913799,-0.0582145770598217,0.116429154119643,40430,58852,74095,15244,15
"chr7",6374249,6374565,0.0582043166888775,0.116408633377755,76433,102002,186801,84800,6
"chr3",23805208,23805989,-0.058192551857993,0.116385103715986,59618,93088,123924,30837,11
"chr16",81006995,81007367,0.0581904700410444,0.116380940082089,34120,209335,218961,9627,23
"chr12",101279982,101280017,0.0581876729821231,0.116375345964246,21385,170988,191159,20172,11
"chr1",19208978,19209794,-0.0581858834693598,0.11637176693872,1289,130427,145753,15327,13
"chr6",157323688,157324533,-0.0581830945858982,0.116366189171796,75534,228956,242565,13610,11
"chr8",38901187,38901216,0.0581771519170426,0.116354303834085,81323,22215,27957,5743,7
"chr11",124954021,124954224,0.0581764013719569,0.116352802743914,17655,50622,167262,116641,12
"chr12",122974806,122975031,-0.0581676048259792,0.116335209651958,22422,219314,248705,29392,21
"chr11",68214210,68214277,0.0581647487659425,0.116329497531885,15775,191673,222937,31265,10
"chr17",78425488,78425565,-0.0581489898349398,0.11629797966988,39558,11267,292833,281567,2
"chr17",17972427,17972596,-0.0581374489647628,0.116274897929526,36137,28166,61862,33697,18
"chr6",150403872,150403872,0.0581320130159754,0.116264026031951,75360,286499,301743,15245,3
"chr16",81494384,81495124,-0.0581296028420757,0.116259205684151,34155,213157,216236,3080,8
"chr16",681596,682033,-0.0581151073631037,0.116230214726207,30872,125832,205290,79459,17
"chr2",55049050,55051133,-0.0581124516012338,0.116224903202468,48657,145469,148428,2960,21
"chr15",43185408,43185842,0.0581096968064505,0.116219393612901,28524,7134,12692,5559,16
"chr3",24494832,24495810,-0.0580891445527175,0.116178289105435,59638,17619,20380,2762,29
"chr17",32494809,32494829,0.0580859581675852,0.11617191633517,36702,51874,124177,72304,3
"chr17",80035548,80036478,0.0580852623963373,0.116170524792675,39727,86839,88870,2032,13
"chr2",201642639,201642876,0.0580727019474186,0.116145403894837,51605,10685,21203,10519,19
"chr14",22982118,22982902,0.0580643843742072,0.116128768748414,24995,202611,206688,4078,14
"chr6",31794867,31795658,0.058058420324539,0.116116840649078,72581,4367,8602,4236,23
"chr3",184134557,184135359,-0.0580317584725326,0.116063516945065,63512,137634,142850,5217,17
"chr21",29091327,29091516,0.0580221021565227,0.116044204313045,55844,216465,236950,20486,4
"chr8",15238488,15239265,0.0579909811815436,0.115981962363087,80611,82501,131317,48817,10
"chr20",18137700,18138344,-0.0579877118752804,0.115975423750561,53652,195321,199206,3886,15
"chr4",139300813,139301348,0.0579854700492513,0.115970940098503,66565,107412,117831,10420,16
"chr15",76862472,76862520,-0.0579766703140697,0.115953340628139,29830,273195,311451,38257,3
"chr3",158107121,158107759,-0.057975440991595,0.11595088198319,63065,159822,225906,66085,15
"chr6",41736134,41736950,0.0579732041152284,0.115946408230457,73289,176628,177131,504,28
"chr9",34729285,34729358,-0.0579701367606718,0.115940273521344,84054,124285,186206,61922,3
"chr5",112204429,112204432,-0.0579609119446586,0.115921823889317,69183,276044,276608,565,3
"chr6",73362538,73362597,0.05795681623555,0.1159136324711,73967,168746,168990,245,13
"chr8",61714433,61714717,0.0579561351501041,0.115912270300208,81701,67388,90762,23375,11
"chr3",50569002,50569430,0.0579507695982819,0.115901539196564,60730,164299,225714,61416,11
"chr6",54110455,54110593,-0.0579501330757506,0.115900266151501,73798,262521,268622,6102,3
"chr1",2029250,2029636,0.0579306286967629,0.115861257393526,255,38773,129802,91030,4
"chr22",31292314,31292653,0.0579199530500982,0.115839906100196,57687,112948,197068,84121,7
"chr10",49188433,49188647,0.057917428843513,0.115834857687026,10012,170004,173211,3208,10
"chr15",79006264,79006309,-0.0579100585069522,0.115820117013904,29946,51405,77370,25966,12
"chr11",2400342,2403013,-0.057908682535048,0.115817365070096,12940,70772,71919,1148,40
"chr10",68901203,68901252,0.0578957669156662,0.115791533831332,10291,180002,181886,1885,10
"chr14",73949722,73949879,0.0578857592895177,0.115771518579035,26345,94908,194801,99894,19
"chr1",41510697,41510817,-0.0578763292746196,0.115752658549239,2738,30503,30677,175,4
"chr11",73876512,73877029,0.0578763232600533,0.115752646520107,16119,169993,183034,13042,19
"chr5",134367066,134367117,-0.0578528032235351,0.11570560644707,69582,141539,142102,564,6
"chr2",170770485,170771693,0.0578526788249573,0.115705357649915,50904,118735,151409,32675,19
"chr8",144358796,144358799,-0.0578415256639612,0.115683051327922,83359,70072,96895,26824,12
"chr7",139133063,139133440,-0.057840480859884,0.115680961719768,79509,192303,222640,30338,13
"chr12",6341964,6342132,-0.0578227431723915,0.115645486344783,18282,90085,110569,20485,5
"chr7",129434238,129434487,0.0578084448213233,0.115616889642647,79250,171769,185037,13269,8
"chr19",49877343,49878160,0.0578038084802258,0.115607616960452,46232,137164,139212,2049,35
"chr11",134275596,134276372,-0.0578015352013209,0.115603070402642,17960,178106,179998,1893,11
"chr6",33202922,33203061,-0.0577956590161874,0.115591318032375,72806,167276,167672,397,85
"chr11",64103440,64104098,0.0577952710567664,0.115590542113533,15087,93595,170814,77220,8
"chr7",151086045,151086112,0.0577901556080979,0.115580311216196,80005,138868,140439,1572,17
"chr2",99141488,99141688,0.0577820854992627,0.115564170998525,49643,244608,270483,25876,17
"chr7",45104572,45104669,0.0577649581706382,0.115529916341276,77304,189868,190495,628,14
"chr14",103685721,103685901,0.0577606057528546,0.115521211505709,27491,124070,196515,72446,6
"chr5",31532004,31532009,0.0577527420555947,0.115505484111189,67883,106690,131060,24371,17
"chr4",40196509,40196861,-0.0577363237810071,0.115472647562014,65079,144557,147055,2499,14
"chr1",247548838,247548937,-0.0577222607959913,0.115444521591983,8787,164053,165330,1278,9
"chr11",306324,306834,-0.0577170041020597,0.115434008204119,12606,175891,261456,85566,6
"chr11",14520639,14520808,-0.0577088520123486,0.115417704024697,13626,176421,246410,69990,14
"chr4",173527554,173527690,0.0576993949880623,0.115398789976125,67067,9933,31061,21129,9
"chr5",135452317,135452959,0.0576970577912944,0.115394115582589,69640,152220,159541,7322,7
"chr2",32946632,32946811,-0.0576884972367835,0.115376994473567,48185,61850,88543,26694,8
"chr15",34754564,34755200,0.0576732515274424,0.115346503054885,28128,201695,202968,1274,9
"chr6",32109190,32109243,0.057657971614833,0.115315943229666,72651,196860,204274,7415,6
"chr16",8867461,8869230,0.0576501164117143,0.115300232823429,31712,218881,239068,20188,26
"chr11",126063260,126063803,0.0576454976331891,0.115290995266378,17729,121339,190098,68760,10
"chr9",38622363,38622751,-0.057626192780793,0.115252385561586,84261,168952,177027,8076,4
"chr8",86069794,86069976,0.057614757086705,0.11522951417341,82048,17674,49198,31525,10
"chr6",30686985,30688915,-0.0576091227315835,0.115218245463167,72357,115366,119577,4212,41
"chr21",42396979,42397140,-0.057601662542912,0.115203325085824,56420,216756,245213,28458,5
"chr11",8911393,8911556,0.057596991855373,0.115193983710746,13428,193882,270448,76567,14
"chr7",105581538,105581572,-0.0575916921169946,0.115183384233989,78762,10530,15216,4687,7
"chr12",12611502,12611697,-0.0575857723093137,0.115171544618627,18781,101725,116269,14545,14
"chr7",1459585,1460540,0.0575789347729514,0.115157869545903,76069,170534,177668,7135,12
"chr2",149329950,149330711,-0.0575640605478011,0.115128121095602,50540,63027,65022,1996,13
"chr18",23689808,23689938,-0.057558814396907,0.115117628793814,40623,57800,83914,26115,8
"chr8",73878781,73879560,-0.0575562589523951,0.11511251790479,81902,190874,231569,40696,9
"chr12",54392288,54392527,0.0575434119590702,0.11508682391814,20172,233056,233206,151,3
"chr7",24283254,24283509,0.0575379888679713,0.115075977735943,76737,121345,213870,92526,9
"chr7",117427362,117427570,0.0575137371182157,0.115027474236431,78984,41507,91555,50049,11
"chr1",45326634,45327042,0.0575083185491754,0.115016637098351,3007,6512,8929,2418,10
"chr2",54330699,54330767,0.0575082522455035,0.115016504491007,48620,143661,149534,5874,12
"chr2",27890880,27891249,0.0575069885579504,0.115013977115901,48055,151257,151656,400,24
"chr18",31447695,31447922,-0.0574839750835137,0.114967950167027,40711,89890,206413,116524,6
"chr17",42678218,42678463,-0.057475923823204,0.114951847646408,37500,57414,86238,28825,4
"chr9",16726146,16726862,0.0574756114172579,0.114951222834516,83743,185894,258714,72821,4
"chr15",99249572,99251833,0.0574694795942891,0.114938959188578,30620,130796,133852,3057,26
"chr6",159968613,159968764,0.0574677163850266,0.114935432770053,75645,178234,182070,3837,17
"chr11",69676174,69676353,0.0574573285924721,0.114914657184944,15866,126483,171330,44848,10
"chr12",51238560,51238813,0.0574545242945608,0.114909048589122,19780,18229,55188,36960,17
"chr1",224433750,224433910,0.0574500601845005,0.114900120369001,8072,160161,245064,84904,12
"chr12",98894695,98895517,0.0574428545980341,0.114885709196068,21335,170654,171728,1075,15
"chr4",134201757,134201851,0.0574295982408688,0.114859196481738,66521,62110,62986,877,10
"chr4",40196334,40196861,-0.0574275504778546,0.114855100955709,65079,274827,302570,27744,14
"chr1",1914562,1914607,-0.0574237197808502,0.1148474395617,229,33526,35335,1810,10
"chr8",38820361,38820542,0.0574095396669802,0.11481907933396,81318,243608,245088,1481,5
"chr11",108008675,108009211,-0.0574078070954764,0.114815614190953,16796,65535,89587,24053,13
"chr5",53479872,53480591,-0.0573847170121947,0.114769434024389,68247,35584,60651,25068,12
"chr13",23354949,23355410,-0.0573840221080109,0.114768044216022,23027,219695,232912,13218,5
"chr3",108953565,108954198,-0.0573776794757378,0.114755358951476,61690,88815,154938,66124,3
"chr10",15860522,15860606,0.0573651205666397,0.114730241133279,9357,67410,93029,25620,14
"chr2",33435605,33435687,0.057359887454642,0.114719774909284,48196,90172,156201,66030,4
"chr14",102139604,102139931,0.0573588749158359,0.114717749831672,27368,192709,210751,18043,15
"chr2",201780965,201781726,-0.0573522525332551,0.11470450506651,51613,222367,236504,14138,13
"chr3",72100449,72100598,0.0573301211547496,0.114660242309499,61364,260260,276470,16211,10
"chr17",28344435,28344469,-0.0573253293615266,0.114650658723053,36388,204915,218757,13843,3
"chr20",23439718,23439742,0.0573189584552338,0.114637916910468,53800,194039,208426,14388,4
"chr8",85106666,85106728,0.0572909179991951,0.11458183599839,82033,241856,265109,23254,15
"chr14",22871571,22872271,0.0572849288993288,0.114569857798658,24969,204195,212569,8375,14
"chr17",7583556,7584275,0.0572722810861574,0.114544562172315,35577,197118,198221,1104,26
"chr3",57166303,57166464,-0.0572537619169394,0.114507523833879,61076,39982,155499,115518,3
"chr11",120128985,120128988,-0.0572469128528317,0.114493825705663,17414,249504,257917,8414,3
"chr16",30698457,30698972,-0.0572378155319963,0.114475631063993,32677,139626,200090,60465,14
"chr7",5513792,5513996,-0.0572269038378492,0.114453807675698,76377,20283,43156,22874,3
"chr1",37765870,37766096,0.0572126989223747,0.114425397844749,2513,154769,154864,96,12
"chr6",26285598,26286299,0.0572122226931904,0.114424445386381,71976,136169,168233,32065,12
"chr8",36783695,36784300,-0.0571925429228218,0.114385085845644,81203,187439,212642,25204,9
"chr2",192194919,192195745,0.0571720669439922,0.114344133887984,51398,480,68121,67642,12
"chr15",75201681,75201954,-0.057147600078414,0.114295200156828,29750,20561,57688,37128,9
"chr16",22374334,22375210,-0.0571419898394752,0.11428397967895,32222,85925,99844,13920,12
"chr10",102419714,102419735,-0.057127084375725,0.11425416875145,11559,20540,20909,370,24
"chr4",7043008,7043010,-0.0571267712392316,0.114253542478463,64593,25418,28752,3335,10
"chr19",2236373,2236705,0.0571237996983667,0.114247599396733,41895,28588,56342,27755,21
"chr1",155950867,155951041,0.0571097640320529,0.114219528064106,5666,1378,144635,143258,5
"chr6",32853907,32854569,0.057096745587821,0.114193491175642,72747,86676,95141,8466,51
"chr12",57754912,57755239,-0.0570950456585548,0.11419009131711,20627,54996,60170,5175,4
"chr3",128994039,128994150,0.0570881332352108,0.114176266470422,62306,6226,33879,27654,12
"chr19",1479219,1479574,-0.0570842034310389,0.114168406862078,41769,21220,21768,549,10
"chr1",40477113,40477698,-0.0570801633069765,0.114160326613953,2680,1373,36241,34869,10
"chr21",41508304,41508521,-0.0570502970346411,0.114100594069282,56340,55694,67175,11482,8
"chr6",117907351,117907487,-0.0570452027781304,0.114090405556261,74714,44330,46029,1700,12
"chr1",172532407,172532856,0.057039953098177,0.114079906196354,6540,31417,33272,1856,18
"chr13",75759864,75759903,-0.0570370298154599,0.11407405963092,23996,127036,262167,135132,3
"chr16",2205331,2205395,-0.0570345235865334,0.114069047173067,31220,53654,55704,2051,18
"chr11",35662653,35662940,-0.0570344729269836,0.114068945853967,14092,28289,46671,18383,10
"chr2",47782591,47783415,-0.0570341646467871,0.114068329293574,48552,80020,90939,10920,10
"chr6",71377034,71377304,-0.0570272641563959,0.114054528312792,73921,177754,236025,58272,3
"chr11",8681640,8683150,0.0570126797222792,0.114025359444558,13409,271922,274139,2218,18
"chr11",46701121,46701222,0.0570090476975112,0.114018095395022,14296,100025,179549,79525,13
"chr1",150272641,150272651,0.0570082640961196,0.114016528192239,5011,158852,246546,87695,4
"chr12",53500908,53501528,0.056995530287816,0.113991060575632,20072,172031,185903,13873,26
"chr6",85593736,85594063,0.056992590991514,0.113985181983028,74121,138686,170776,32091,13
"chr22",20130607,20131420,-0.0569740248089414,0.113948049617883,56982,93944,216160,122217,5
"chr8",143246758,143247582,-0.0569458693563807,0.113891738712761,83116,181556,184312,2757,21
"chr17",81833439,81833455,0.0569438204255499,0.1138876408511,39995,86368,108455,22088,10
"chr4",94757552,94757747,0.0569410762074903,0.113882152414981,66005,78177,108555,30379,10
"chr12",50085073,50085104,-0.0569101491599452,0.11382029831989,19701,178702,181183,2482,10
"chr13",52024039,52024272,0.0569048966993065,0.113809793398613,23824,100887,209723,108837,5
"chr7",141738350,141738648,-0.0569023283969391,0.113804656793878,79623,92798,98190,5393,17
"chr6",26499794,26499855,0.056887342397665,0.11377468479533,71995,102340,260322,157983,3
"chr3",52295070,52295494,0.0568744835275674,0.113748967055135,60852,146986,158245,11260,3
"chr11",3808385,3808439,0.0568691403643941,0.113738280728788,13064,48308,48476,169,14
"chr1",183185981,183186019,0.0568613747930912,0.113722749586182,6857,36331,79016,42686,9
"chr19",41844562,41845064,0.056855910373667,0.113711820747334,45204,197891,199474,1584,22
"chr11",18698479,18698644,0.0568452430761641,0.113690486152328,13782,181278,185156,3879,11
"chr1",170662706,170662892,-0.0568404921010908,0.113680984202182,6473,126723,235571,108849,4
"chr5",177598877,177599965,0.0568143845832334,0.113628769166467,71126,249394,259455,10062,11
"chr14",24242726,24242858,0.0568101004202846,0.113620200840569,25180,58445,59284,840,19
"chr2",237056277,237056707,-0.0567995763675861,0.113599152735172,52715,154809,157152,2344,5
"chr6",151325682,151325822,0.0567959416538844,0.113591883307769,75381,168963,184227,15265,10
"chr13",52451529,52451547,-0.0567945727210055,0.113589145442011,23845,217226,223423,6198,5
"chr12",49325753,49325911,0.0567921911988815,0.113584382397763,19610,187690,271284,83595,2
"chr17",18857961,18858030,-0.0567733237979853,0.113546647595971,36212,259305,264998,5694,13
"chr11",46366695,46366883,-0.0567722086597238,0.113544417319448,14268,41564,46386,4823,3
"chr6",31897951,31898134,0.0567497263980085,0.113499452796017,72607,166812,169879,3068,37
"chr2",241137141,241137225,0.0567461419096412,0.113492283819282,52983,145530,281622,136093,3
"chr5",141879072,141879218,-0.0567385209548746,0.113477041909749,70121,38914,82547,43634,7
"chr14",80941931,80942306,0.0567281651362506,0.113456330272501,26638,56633,217860,161228,8
"chr19",55339672,55339684,0.0567167624421185,0.113433524884237,46904,76764,93562,16799,13
"chr17",9575970,9576020,0.0566977997209894,0.113395599441979,35811,247329,267095,19767,22
"chr13",107865804,107868133,0.056681081308395,0.11336216261679,24411,132335,132960,626,20
"chr3",170222408,170222588,-0.0566549135876115,0.113309827175223,63228,28008,66656,38649,12
"chr1",43946302,43946402,0.0566464240075533,0.113292848015107,2901,158604,163819,5216,17
"chr17",81512789,81512961,-0.0566451285096844,0.113290257019369,39937,53477,54066,590,13
"chr1",217089550,217089871,0.0566449248045175,0.113289849609035,7904,107230,108589,1360,14
"chr3",25789791,25790311,0.056642034206361,0.113284068412722,59660,114772,121034,6263,16
"chr4",42152823,42153502,-0.0566410645049597,0.113282129009919,65148,115869,119856,3988,16
"chr19",8343318,8343528,0.0566278223702918,0.113255644740584,42700,13026,16125,3100,9
"chr4",20699045,20699260,0.0566215066586952,0.11324301331739,64837,122726,213595,90870,3
"chr2",71068042,71068230,0.0566163871812724,0.113232774362545,49021,31780,36281,4502,15
"chr15",84658811,84659606,0.056613099023181,0.113226198046362,30145,118183,118967,785,10
"chr19",38224339,38224717,0.056610556874919,0.113221113749838,44721,236584,264287,27704,9
"chr22",29204781,29205783,0.0565877589414685,0.113175517882937,57471,138368,239782,101415,11
"chr1",155173819,155174955,0.0565849427274783,0.113169885454957,5568,70117,106136,36020,27
"chr4",71187081,71187323,0.0565722708862618,0.113144541772524,65567,19137,21426,2290,9
"chr16",88976873,88977248,-0.0565691918675552,0.11313838373511,34595,123668,210548,86881,9
"chr13",38349467,38349794,0.05656313302675,0.1131262660535,23415,199307,204072,4766,14
"chr7",4762362,4763143,-0.056534670969904,0.113069341939808,76286,48065,50968,2904,8
"chr15",42208243,42208362,0.0565270697493268,0.113054139498654,28469,244391,247943,3553,12
"chr2",40513494,40513815,-0.0565253107484186,0.113050621496837,48361,270605,311229,40625,3
"chr19",51338979,51339082,0.056524497303557,0.113048994607114,46444,2909,56213,53305,2
"chr15",31102780,31102820,0.0565150814745635,0.113030162949127,28036,225443,231906,6464,3
"chr12",63150988,63152483,0.0565120233648052,0.11302404672961,20691,68711,102154,33444,18
"chr17",28371528,28372466,-0.0565040715473841,0.113008143094768,36402,3065,15746,12682,7
"chr16",6019018,6019400,0.0564987285962475,0.112997457192495,31679,15345,54109,38765,13
"chr12",109097957,109097960,0.0564807930513882,0.112961586102776,21638,68771,71598,2828,21
"chr21",33024564,33024636,0.0564771141007528,0.112954228201506,56004,115658,135703,20046,4
"chr20",24469032,24469725,-0.056470526786258,0.112941053572516,53829,17410,74037,56628,10
"chr2",72826302,72826592,-0.0564629711762552,0.11292594235251,49046,228185,301684,73500,11
"chr1",6784973,6785024,0.0564507617573179,0.112901523514636,608,60080,65743,5664,16
"chr17",12665307,12666017,0.0564476198162851,0.11289523963257,35911,196360,197773,1414,18
"chr6",112054003,112054121,0.0564074425445567,0.112814885089113,74573,183539,183821,283,10
"chr10",72215693,72216506,-0.0564011059952121,0.112802211990424,10495,96774,102508,5735,18
"chr14",31207592,31208239,0.056399443382876,0.112798886765752,25309,66586,198693,132108,10
"chr5",32709290,32710508,-0.0563982460194896,0.112796492038979,67913,149796,150442,647,28
"chr14",69399099,69399223,-0.0563974143774613,0.112794828754923,26144,225081,235452,10372,26
"chr6",12715629,12716837,-0.0563787325385239,0.112757465077048,71705,220891,248951,28061,9
"chr9",110579975,110580002,0.0563456216426146,0.112691243285229,85164,65527,115073,49547,12
"chr1",159076661,159077244,0.056336779911128,0.112673559822256,5960,144199,165555,21357,7
"chr9",128684011,128684019,0.0563308244573472,0.112661648914694,85882,220511,231327,10817,7
"chr14",101559978,101560057,0.0563306957474309,0.112661391494862,27328,52412,56792,4381,22
"chr3",109410048,109410135,-0.0563249747122525,0.112649949424505,61705,127858,150203,22346,4
"chr16",89657550,89657777,-0.0563048244135835,0.112609648827167,34691,71183,72112,930,16
"chr20",32744035,32744555,-0.0563024987826629,0.112604997565326,54033,117404,122012,4609,7
"chr3",184373455,184373515,0.056298189694084,0.112596379388168,63575,104769,240785,136017,2
"chr2",96860876,96861068,-0.056291640985212,0.112583281970424,49571,137146,142467,5322,8
"chr11",101128212,101128278,-0.056278269430146,0.112556538860292,16662,41483,47415,5933,3
"chr20",25585700,25585746,0.0562738863528814,0.112547772705763,53876,87638,109257,21620,7
"chr7",123748607,123749879,-0.0562738792803848,0.11254775856077,79070,182111,219384,37274,13
"chr10",29522601,29522634,0.0562588311799388,0.112517662359878,9621,116253,181971,65719,2
"chr11",57647153,57647640,0.056251005626138,0.112502011252276,14584,136201,171210,35010,6
"chr3",32694372,32695680,-0.0562352661567322,0.112470532313464,59739,213875,245943,32069,6
"chr2",71453584,71453631,-0.0562346357606924,0.112469271521385,49030,1948,13180,11233,6
"chr8",23019395,23019420,0.0562270054479427,0.112454010895885,80872,268350,276130,7781,4
"chr1",62436196,62436666,0.0562057493211243,0.112411498642249,3558,267300,288175,20876,14
"chr10",46556101,46557168,-0.0562053503512392,0.112410700702478,9936,111156,167825,56670,9
"chr16",2513273,2513434,0.0562033913326159,0.112406782665232,31287,100888,108784,7897,14
"chr17",42682006,42682966,-0.0562010476622645,0.112402095324529,37503,198090,209376,11287,13
"chr3",12003250,12003351,-0.0561967315313185,0.112393463062637,59316,115378,267623,152246,2
"chr16",3116441,3116466,-0.0561952401934465,0.112390480386893,31411,200666,208357,7692,3
"chr7",2241906,2241982,0.0561918011559227,0.112383602311845,76146,28206,40149,11944,14
"chr11",108593755,108593771,0.0561886282520483,0.112377256504097,16862,178975,184905,5931,9
"chr19",52189580,52189680,0.0561635821963356,0.112327164392671,46542,245476,250056,4581,15
"chr5",43039765,43043038,0.0561620172347218,0.112324034469444,68175,117604,120235,2632,23
"chr5",151771528,151771743,0.0561473971302803,0.112294794260561,70496,160952,165364,4413,28
"chr1",166975997,166976249,0.056122816947811,0.112245633895622,6341,159923,215776,55854,9
"chr1",166975156,166975920,-0.0561202206006072,0.112240441201214,6341,86760,93086,6327,9
"chr19",50639938,50640055,0.0561141529937579,0.112228305987516,46332,228506,258049,29544,8
"chr3",111596360,111596497,0.0561021289737504,0.112204257947501,61718,151230,151235,6,4
"chr16",58515156,58515308,0.0560984007912213,0.112196801582443,33345,130110,194000,63891,10
"chr6",35775222,35775330,0.0560921362496878,0.112184272499376,73001,184933,254087,69155,2
"chr15",25106802,25106864,-0.056088310048167,0.112176620096334,27835,216907,217107,201,2
"chr21",42366715,42367638,-0.0560816355403542,0.112163271080708,56416,196505,215456,18952,11
"chr11",5510005,5510315,0.0560811012721003,0.112162202544201,13177,186638,272696,86059,6
"chr21",41801220,41801596,0.0560762138196755,0.112152427639351,56354,108982,198118,89137,6
"chr1",156601578,156601611,0.0560663914641316,0.112132782928263,5772,147461,152208,4748,9
"chr2",74498081,74498242,-0.0560653568541408,0.112130713708282,49173,5124,37160,32037,3
"chr11",118252485,118252611,0.0560561590964215,0.112112318192843,17208,250857,267351,16495,15
"chr17",35374302,35374757,0.0560531489747155,0.112106297949431,36783,101183,108116,6934,5
"chr16",87056441,87057612,0.0560409471871516,0.112081894374303,34418,245982,284057,38076,11
"chr1",185734203,185734556,0.0560287678803754,0.112057535760751,6933,116006,147190,31185,12
"chr2",95025076,95025501,0.0560236185114235,0.112047237022847,49455,16385,31263,14879,6
"chr5",14664378,14664544,-0.0560119454480623,0.112023890896125,67753,3522,7763,4242,6
"chr15",77696315,77697429,-0.0559969919989799,0.11199398399796,29866,217749,271251,53503,6
"chr1",111755233,111755479,0.0559855273568532,0.111971054713706,4550,148549,152509,3961,18
"chr4",7068006,7068116,-0.0559555195597425,0.111911039119485,64599,5308,32720,27413,14
"chr17",30970824,30970923,-0.0559432170534163,0.111886434106833,36595,117727,119059,1333,17
"chr17",2041844,2042215,0.0559216842721951,0.11184336854439,34988,5129,12533,7405,16
"chr17",16439739,16439939,-0.0559155589025499,0.1118311178051,36033,211819,225438,13620,22
"chr7",124764377,124765706,-0.0558957756574909,0.111791551314982,79086,27440,41708,14269,18
"chr17",15262730,15262745,0.0558918315527653,0.111783663105531,35950,2426,52818,50393,14
"chr8",66428306,66429071,0.0558744717400635,0.111748943480127,81760,90044,109622,19579,15
"chr10",45373248,45373785,0.0558732665124777,0.111746533024955,9897,172849,173402,554,11
"chr3",51982822,51983041,0.0558699291379798,0.11173985827596,60805,86625,110097,23473,15
"chr11",65188596,65188721,-0.055864260101572,0.111728520203144,15294,43433,169954,126522,4
"chr14",23095706,23095843,0.0558640355874017,0.111728071174803,25020,210174,249803,39630,22
"chr11",65117490,65117873,0.0558515074339028,0.111703014867806,15277,181349,183822,2474,15
"chr2",55232476,55233269,0.0558378458068879,0.111675691613776,48661,93134,95005,1872,26
"chr21",33491960,33492104,0.0558208221464876,0.111641644292975,56037,203779,254430,50652,19
"chr4",54100823,54100851,-0.0558178736254034,0.111635747250807,65298,13374,15258,1885,16
"chr19",10270387,10270892,0.0558163871718384,0.111632774343677,42884,62116,117924,55809,11
"chr7",38274633,38274662,-0.0558145716428813,0.111629143285763,77089,251111,275333,24223,5
"chr7",150368851,150369261,0.0558069260581655,0.111613852116331,79907,59738,108522,48785,19
"chr1",6486586,6486779,0.0557976477764403,0.111595295552881,571,151653,156103,4451,7
"chr1",114511212,114511214,-0.0557871733444004,0.111574346688801,4651,22051,26223,4173,10
"chr4",15426863,15427144,0.0557397968228289,0.111479593645658,64755,155168,247469,92302,4
"chr2",237084616,237085440,0.0557277687705081,0.111455537541016,52716,160520,220044,59525,14
"chr17",3916566,3916624,0.0557245153271442,0.111449030654288,35150,251775,261677,9903,11
"chr12",25032311,25032369,0.0557205156377307,0.111441031275461,19069,220294,237671,17378,2
"chr6",143449632,143450292,0.0557144894519866,0.111428978903973,75188,188127,224414,36288,23
"chr16",741244,741252,0.055695885715866,0.111391771431732,30899,5864,52866,47003,6
"chr4",175787372,175787450,-0.0556907780468701,0.11138155609374,67089,260266,269013,8748,2
"chr17",74466278,74466552,0.0556892500755686,0.111378500151137,39082,13184,119230,106047,9
"chr3",184134343,184134541,0.0556665493748722,0.111333098749744,63512,148190,151314,3125,17
"chr1",47415732,47416065,-0.0556630999662748,0.11132619993255,3165,147721,156677,8957,4
"chr17",7078801,7078826,-0.0556572841097038,0.111314568219408,35446,230021,292522,62502,2
"chr10",14837646,14838581,-0.0556440534767179,0.111288106953436,9318,70334,86494,16161,16
"chr17",32487010,32487796,0.055639526350745,0.11127905270149,36699,131344,139487,8144,16
"chr19",45639099,45639316,0.0556206592087783,0.111241318417557,45638,100565,202029,101465,16
"chr18",712733,712795,0.0555948492072671,0.111189698414534,40243,4984,74165,69182,9
"chr8",143942666,143943907,0.0555825284913684,0.111165056982737,83274,42053,63566,21514,14
"chr17",7219806,7220234,-0.0555781989178672,0.111156397835734,35465,58278,58567,290,17
"chr4",5887605,5888906,0.0555750317043447,0.111150063408689,64515,31200,32463,1264,18
"chr18",62716909,62717137,0.0555746120516741,0.111149224103348,41231,139967,206375,66409,4
"chr6",4776389,4776435,0.0555742542920432,0.111148508584086,71536,140829,140932,104,2
"chr6",32968135,32971360,0.0555705510330576,0.111141102066115,72763,150126,168220,18095,102
"chr19",49688426,49688625,0.0555652111905631,0.111130422381126,46195,102137,103244,1108,14
"chr17",50508279,50508284,0.055563664400394,0.111127328800788,38224,200903,201038,136,13
"chr5",132257568,132257720,-0.0555609471084149,0.11112189421683,69489,19120,32910,13791,9
"chr3",195896069,195896350,0.0555506281827287,0.111101256365457,63994,122260,129904,7645,11
"chr19",57351042,57351597,-0.0555408757795417,0.111081751559083,47091,286247,294897,8651,13
"chr11",83071604,83072285,0.055524241606896,0.111048483213792,16417,235028,282229,47202,20
"chr14",38255441,38255740,-0.055515504132528,0.111031008265056,25436,128660,131122,2463,5
"chr1",146021675,146022424,-0.0555121009844239,0.111024201968848,4919,165747,249877,84131,5
"chr5",97183301,97183862,-0.0555084201901235,0.111016840380247,69060,155865,162796,6932,11
"chr7",128030940,128030980,0.0555019427380758,0.111003885476152,79134,105987,175831,69845,9
"chr12",69353493,69353837,0.0554952832795754,0.110990566559151,20870,235417,279129,43713,2
"chr6",7726116,7726412,-0.0554935914800139,0.110987182960028,71604,5621,14356,8736,8
"chr11",35814163,35814269,-0.0554816704834938,0.110963340966988,14095,226835,235394,8560,3
"chr16",49857073,49857946,0.0554726004768047,0.110945200953609,32948,197743,199174,1432,14
"chr12",54032714,54032886,-0.05547259518369,0.11094519036738,20129,198325,201386,3062,19
"chr10",87862114,87863148,-0.0554323184371516,0.110864636874303,10901,183594,183983,390,54
"chr3",101724110,101724420,0.0553947885380824,0.110789577076165,61611,155693,163744,8052,12
"chr19",55602503,55603003,0.0553725082559416,0.110745016511883,46964,120061,197140,77080,4
"chr22",42720931,42721215,-0.0553481383991725,0.110696276798345,58515,62566,78914,16349,11
"chr21",39612626,39612683,0.0553192622772325,0.110638524554465,56270,127245,136813,9569,12
"chr6",105179916,105180152,0.0553181335506587,0.110636267101317,74354,44055,49524,5470,10
"chr11",65027269,65027568,-0.0553173445714784,0.110634689142957,15255,100992,109906,8915,10
"chr16",30744209,30744466,0.0553151245426341,0.110630249085268,32689,287492,291306,3815,2
"chr6",128520834,128521173,0.0553133610604456,0.110626722120891,74853,187504,227831,40328,15
"chr19",8486055,8486156,0.0553043553614082,0.110608710722816,42719,204872,281908,77037,4
"chr11",67443586,67443837,-0.0552862894372681,0.110572578874536,15689,4143,44140,39998,10
"chr4",3508956,3508996,0.055274336344443,0.110548672688886,64462,30084,34741,4658,4
"chr1",205680677,205680813,-0.0552688842726857,0.110537768545371,7521,102647,146816,44170,9
"chr3",194590021,194590108,0.0552620599773897,0.110524119954779,63929,260275,265006,4732,4
"chr2",24084201,24084526,0.0552496895002116,0.110499379000423,47756,14165,17008,2844,18
"chr16",2037554,2037931,-0.055207547723545,0.11041509544709,31154,16640,199083,182444,2
"chr11",43680553,43680785,0.0552053831022841,0.110410766204568,14150,24466,45193,20728,9
"chr7",30682374,30682817,0.0551941812099072,0.110388362419814,76937,68281,81510,13230,15
"chr5",32090663,32090767,-0.0551885526363879,0.110377105272776,67891,149081,161264,12184,3
"chr2",165204125,165204146,-0.0551674701699649,0.11033494033993,50774,64590,70930,6341,4
"chr6",44152628,44152688,-0.0551506324250953,0.110301264850191,73535,42332,171777,129446,2
"chr3",130892910,130893150,0.0551469740151939,0.110293948030388,62417,243007,259477,16471,18
"chr10",43076965,43077173,-0.0551457338744643,0.110291467748929,9796,46341,47289,949,9
"chr8",55772336,55772345,-0.0551325205922576,0.110265041184515,81611,280495,284951,4457,25
"chr16",89917795,89918164,0.0551153918708702,0.11023078374174,34760,203891,246773,42883,7
"chr17",48628628,48628664,0.0550919761773975,0.110183952354795,38044,271335,279954,8620,6
"chr11",6404799,6405593,-0.0550787815942052,0.11015756318841,13248,82293,98512,16220,15
"chr19",1407377,1407728,-0.0550753340403407,0.110150668080681,41750,19814,54363,34550,4
"chr16",29926413,29926425,-0.0550749979428702,0.11014999588574,32546,95931,211351,115421,14
"chr17",7556930,7557168,0.0550659615283385,0.110131923056677,35562,100390,237498,137109,3
"chr6",33317994,33321425,0.0550458276718383,0.110091655343677,72833,175244,180472,5229,63
"chr3",47846188,47846466,0.0549918907310513,0.109983781462103,60350,147125,165072,17948,4
"chr12",92145900,92146229,0.0549399487698228,0.109879897539646,21173,18085,48696,30612,19
"chr11",84273248,84274316,0.0549360087709825,0.109872017541965,16433,168645,178829,10185,7
"chr12",107774011,107774302,0.0549300874681756,0.109860174936351,21557,249783,310549,60767,17
"chr19",48619069,48619659,0.0549172662467858,0.109834532493572,45992,85582,102448,16867,23
"chr14",101053832,101055140,0.0549108994274584,0.109821798854917,27313,199691,199813,123,20
"chr1",163321744,163321774,0.054908903345012,0.109817806690024,6281,22924,24413,1490,18
"chr19",2740373,2740391,-0.0548995908163583,0.109799181632717,41963,52551,74151,21601,10
"chr20",35284605,35284982,0.0548912554919481,0.109782510983896,54224,83293,95153,11861,16
"chr20",59676599,59676701,-0.0548874916155173,0.109774983231035,55295,275174,275798,625,5
"chr1",167629721,167630290,0.0548871553311837,0.109774310662367,6368,25138,29834,4697,14
"chr3",97822131,97822219,0.0548794492507833,0.109758898501567,61495,22193,29455,7263,10
"chr2",210476848,210477072,0.0548564485553915,0.109712897110783,51844,98896,108352,9457,14
"chr2",48582253,48582360,0.054855675841704,0.109711351683408,48584,147405,229804,82400,2
"chr19",50203320,50203442,0.0548462541626417,0.109692508325283,46260,7024,9596,2573,9
"chr11",85854432,85854887,0.0548443221846364,0.109688644369273,16463,166957,172225,5269,15
"chr1",23193497,23193590,-0.0548399565130297,0.109679913026059,1567,32619,38677,6059,3
"chr1",1067996,1068037,-0.0547901813529642,0.109580362705928,54,34273,149390,115118,2
"chr17",47896100,47896161,0.0547851976170204,0.109570395234041,37971,118135,134621,16487,14
"chr12",107093234,107093587,0.0547761438198469,0.109552287639694,21541,25218,61586,36369,16
"chr17",48614898,48615191,0.0547749484833742,0.109549896966748,38039,122342,126551,4210,16
"chr7",93890976,93891140,-0.0547688522545645,0.109537704509129,78119,185055,198829,13775,21
"chr21",42879661,42879697,0.054764341826727,0.109528683653454,56450,205124,211962,6839,17
"chr15",51377178,51377209,-0.0547542736746372,0.109508547349274,28831,223920,245141,21222,2
"chr1",92080295,92080497,-0.0547135505583087,0.109427101116617,4054,65823,69734,3912,13
"chr7",135211605,135211659,0.0546847837394222,0.109369567478844,79419,48571,50625,2055,12
"chr6",31171205,31172019,-0.0546754569315277,0.109350913863055,72452,182325,184646,2322,8
"chr22",23391067,23391351,-0.0546708556596297,0.109341711319259,57186,278144,290147,12004,2
"chr1",15362660,15362711,0.0546686945123591,0.109337389024718,1013,121360,289051,167692,2
"chr6",43455794,43457270,0.0546471047648032,0.109294209529606,73468,247472,259352,11881,13
"chr16",726658,726762,0.0546368594939818,0.109273718987964,30893,245200,265841,20642,20
"chr1",93879103,93879453,0.0546039636124378,0.109207927224876,4112,142403,145093,2691,19
"chr19",1383243,1383350,-0.0545750325661096,0.109150065132219,41739,85811,237272,151462,9
"chr1",207103686,207104202,-0.054563746601834,0.109127493203668,7641,144736,157295,12560,10
"chr11",536299,536758,0.0545502196694932,0.109100439338986,12650,98807,167268,68462,15
"chr11",842963,842977,-0.054549277141765,0.10909855428353,12738,18883,27031,8149,13
"chr10",133378550,133378728,0.0545469126397602,0.10909382527952,12549,175782,180788,5007,23
"chr1",100132949,100133345,0.0545465248146983,0.109093049629397,4215,37302,38190,889,12
"chr11",65711126,65712101,0.0545352865051385,0.109070573010277,15405,239308,256353,17046,14
"chr1",6603704,6603748,-0.0545284617986929,0.109056923597386,591,118407,123648,5242,17
"chr4",83335025,83335691,0.0545244323897687,0.109048864779537,65831,226163,243138,16976,15
"chr14",103560575,103560956,-0.0545119755168385,0.109023951033677,27482,197878,211828,13951,3
"chr10",58268035,58269093,-0.0545112825084637,0.109022565016927,10089,188488,190584,2097,13
"chr17",21253401,21253417,-0.0544947983102968,0.108989596620594,36327,3049,16537,13489,10
"chr7",77798109,77798732,0.0544892563853627,0.108978512770725,77876,263786,300338,36553,30
"chr19",2276323,2276472,0.0544835042921464,0.108967008584293,41907,54953,57842,2890,3
"chr15",74367560,74367924,0.0544690474235814,0.108938094847163,29676,87684,89508,1825,18
"chr7",76047835,76047925,-0.0544452108771454,0.108890421754291,77816,173760,175679,1920,22
"chr6",132816028,132816688,0.0544232338611936,0.108846467722387,74952,174338,181472,7135,8
"chr16",51152349,51152355,-0.0544197271795165,0.108839454359033,33014,194482,218958,24477,3
"chr19",57728225,57728304,-0.0544185497626519,0.108837099525304,47146,254062,273871,19810,11
"chr15",75347533,75347807,-0.0544026734064649,0.10880534681293,29759,9316,61154,51839,15
"chr16",71808763,71809112,0.0543930123942646,0.108786024788529,33886,5060,13708,8649,15
"chr10",121928584,121928823,0.0543822601746778,0.108764520349356,12104,221623,252162,30540,18
"chr14",24442447,24442633,0.0543772844422938,0.108754568884588,25241,213433,214520,1088,19
"chr15",60592537,60593139,0.0543681512915117,0.108736302583023,29076,209934,234173,24240,10
"chr14",91303708,91303885,0.0543657859290506,0.108731571858101,26824,293904,295454,1551,3
"chr12",48865931,48865943,0.0543647764185308,0.108729552837062,19535,102194,128756,26563,8
"chr11",18527048,18527506,0.054340295931213,0.108680591862426,13771,172074,187901,15828,12
"chr19",42081043,42081305,0.0543287119511062,0.108657423902212,45247,134639,195355,60717,9
"chr2",181123623,181123821,-0.0543167553207851,0.10863351064157,51218,246604,254514,7911,2
"chr16",69726661,69727025,-0.0543081367023324,0.108616273404665,33743,195268,295145,99878,12
"chr6",160991220,160991360,0.0543075324075805,0.108615064815161,75677,161909,265595,103687,4
"chr6",29723391,29724204,0.0542914122210738,0.108582824442148,72220,49109,100249,51141,19
"chr8",1668456,1668601,0.0542639433849002,0.1085278867698,80331,189711,192306,2596,3
"chr6",39927678,39927684,0.0542614958184185,0.108522991636837,73224,187692,240705,53014,7
"chr11",78017080,78017119,0.054246714903074,0.108493429806148,16351,177780,177952,173,3
"chr8",67062089,67062139,0.0542434931103666,0.108486986220733,81798,180895,186449,5555,16
"chr6",30686782,30688722,-0.0542166117271659,0.108433223454332,72357,47754,47903,150,41
"chr5",141135195,141135625,-0.0542066703981594,0.108413340796319,69977,8656,96897,88242,15
"chr1",217631340,217631535,0.0542047592218015,0.108409518443603,7909,158918,166443,7526,12
"chr11",10303708,10304564,0.0542046068091198,0.10840921361824,13495,249728,255108,5381,20
"chr3",133455843,133456082,-0.0541974279616387,0.108394855923277,62482,32696,151028,118333,3
"chr14",65102594,65102625,-0.0541969881496797,0.108393976299359,26022,78034,83750,5717,15
"chr5",151224128,151224185,0.0541801846187044,0.108360369237409,70461,161298,165020,3723,10
"chr12",108635752,108635759,-0.0541793153252113,0.108358630650423,21594,213056,216989,3934,9
"chr12",112409118,112409667,0.0541774067114729,0.108354813422946,21871,191033,219628,28596,12
"chr6",36766240,36766377,0.0541706611652967,0.108341322330593,73082,305439,308585,3147,5
"chr7",141014612,141014708,0.0541395369570567,0.108279073914113,79602,173399,184152,10754,19
"chr7",139109773,139109857,0.0541369589529518,0.108273917905904,79508,167285,169945,2661,16
"chr16",31150630,31150961,0.0541298422210488,0.108259684442098,32765,210934,248996,38063,2
"chr10",100082163,100082216,-0.0541287481495049,0.10825749629901,11376,178555,263440,84886,6
"chr4",83284915,83285046,0.0541114043182794,0.108222808636559,65829,128008,148086,20079,9
"chr1",151008504,151008549,-0.0540892426355288,0.108178485271058,5083,39682,60240,20559,17
"chr11",65574791,65576082,-0.0540717405287185,0.108143481057437,15370,27583,85163,57581,11
"chr12",108339476,108339484,-0.0540614851884662,0.108122970376932,21571,79817,80093,277,15
"chr6",46167657,46167903,-0.0540574117982909,0.108114823596582,73605,225633,247849,22217,5
"chr8",43139946,43140122,-0.0540184400117896,0.108036880023579,81460,109715,179206,69492,6
"chr7",98193062,98193545,-0.0540081072689446,0.108016214537889,78204,45506,178638,133133,2
"chr1",59814424,59814670,0.0539915874482157,0.107983174896431,3511,116260,159410,43151,8
"chr1",90716571,90717220,0.0539705771256629,0.107941154251326,4029,38623,80221,41599,17
"chr19",5689932,5690220,-0.0539686349267362,0.107937269853472,42369,75962,88042,12081,10
"chr12",15909938,15910076,0.0539601839079862,0.107920367815972,18911,173993,273275,99283,2
"chr4",52712192,52712386,0.0539586113673191,0.107917222734638,65268,5765,32120,26356,14
"chr7",43926336,43926800,0.0539004594238831,0.107800918847766,77187,175141,181859,6719,15
"chr2",241314755,241314783,-0.0538987137934839,0.107797427586968,53017,89744,96171,6428,28
"chr5",161546998,161548345,0.0538892038687639,0.107778407737528,70689,38932,62442,23511,23
"chr11",130893829,130894597,0.053870354886315,0.10774070977263,17890,184743,221406,36664,6
"chr1",166921192,166921199,-0.053861190243359,0.107722380486718,6339,14938,15364,427,4
"chr19",49677057,49677145,0.0538483872335731,0.107696774467146,46192,211125,232152,21028,12
"chr17",21551510,21551633,0.0538131915979162,0.107626383195832,36339,16347,76052,59706,7
"chr21",39445701,39445970,0.0538007651133722,0.107601530226744,56265,93872,103532,9661,14
"chr5",168561969,168562121,-0.0537733557970377,0.107546711594075,70752,155897,165211,9315,2
"chr6",40377637,40377855,-0.053713516360168,0.107427032720336,73229,107652,171191,63540,7
"chr1",53838585,53838719,-0.0537045203991149,0.10740904079823,3354,143239,151024,7786,14
"chr1",166154869,166156034,0.0537011688786267,0.107402337757253,6320,32015,143173,111159,8
"chr9",94640170,94640273,-0.0536901588758978,0.107380317751796,84761,185638,189231,3594,12
"chr11",83285631,83286107,0.0536466287482607,0.107293257496521,16428,221959,222345,387,17
"chr15",50547305,50547387,0.0535805508635917,0.107161101727183,28793,206851,220771,13921,7
"chr6",143450741,143450767,0.053575104104389,0.107150208208778,75188,26566,26869,304,23
"chr2",201129072,201129373,0.0535743225777148,0.10714864515543,51571,142078,232415,90338,4
"chr11",12675427,12675433,-0.0535708889096327,0.107141777819265,13584,110837,113664,2828,3
"chr6",117602473,117602632,0.053534039062026,0.107068078124052,74711,101586,112081,10496,13
"chr2",63588222,63588626,-0.0535244377123849,0.10704887542477,48799,70056,86349,16294,25
"chr17",81702745,81703466,0.0535087701106329,0.107017540221266,39981,59082,78264,19183,13
"chr4",7068209,7068922,0.0534801766583953,0.106960353316791,64599,156326,157834,1509,14
"chr17",40139841,40140147,-0.0534741970874593,0.106948394174919,37152,218936,222002,3067,13
"chr1",54547253,54548062,-0.0534534741080292,0.106906948216058,3393,239845,264679,24835,7
"chr4",182917983,182918320,0.0534509922382918,0.106901984476584,67152,133120,143893,10774,12
"chr11",57515977,57515990,-0.0533902371180676,0.106780474236135,14567,46176,92908,46733,11
"chr17",45844874,45845057,0.0533875044480189,0.106775008896038,37871,294491,294950,460,15
"chr1",119896899,119897607,0.0533579367630268,0.106715873526054,4826,148761,153508,4748,13
"chr16",66696489,66696905,0.0533197855498798,0.10663957109976,33410,73443,75563,2121,8
"chr1",156490661,156490682,0.0532684106801097,0.106536821360219,5753,140256,140399,144,4
"chr19",14581947,14582051,0.0532557015615502,0.1065114031231,43458,198349,211291,12943,7
"chr16",23453307,23453402,0.0532367636416271,0.106473527283254,32251,124905,195795,70891,11
"chr16",25146276,25146289,0.0532073417094688,0.106414683418938,32331,236941,242126,5186,6
"chr21",44082876,44083082,0.0531630225029026,0.106326045005805,56503,132571,214764,82194,5
"chr2",74441159,74442389,0.0531384049169701,0.10627680983394,49162,108938,114118,5181,16
"chr1",179229279,179229663,0.0531304803311409,0.106260960662282,6713,66879,86004,19126,12
"chr15",76931201,76931378,0.0531096652829228,0.106219330565846,29833,85835,128402,42568,9
"chr19",2085298,2085302,0.0530953609061801,0.10619072181236,41871,293237,294144,908,3
"chr19",2151723,2152007,0.0530907381767246,0.106181476353449,41882,255414,292386,36973,10
"chr15",26970310,26970815,-0.053087718822934,0.106175437645868,27944,120468,120556,89,16
"chr15",88913400,88913523,0.0530752012054459,0.106150402410892,30281,11007,23571,12565,14
"chr12",52690925,52691341,-0.0530744552199669,0.106148910439934,19937,52543,198918,146376,2
"chr5",95823719,95823910,-0.0530521293737014,0.106104258747403,69005,150003,155873,5871,5
"chr17",8912598,8912949,-0.0530136931098375,0.106027386219675,35795,97507,109448,11942,5
"chr3",63911825,63912922,-0.0530044382191393,0.106008876438279,61226,70304,107357,37054,13
"chr2",96265938,96266115,0.0529961956578956,0.105992391315791,49506,36867,78833,41967,12
"chr7",50733335,50733523,0.0529883210774655,0.105976642154931,77422,179519,179571,53,13
"chr10",3103774,3103861,-0.0529821930483654,0.105964386096731,8963,46939,176694,129756,9
"chr13",101416638,101416781,-0.0529621864340346,0.105924372868069,24321,2561,53375,50815,8
"chr8",14853680,14853739,-0.0529510286664198,0.10590205733284,80609,114028,261621,147594,3
"chr4",175812401,175812726,-0.0529275812586801,0.10585516251736,67092,140592,240947,100356,8
"chr7",2249081,2249462,0.0529235592168601,0.10584711843372,76150,50701,90663,39963,5
"chr14",32939054,32939200,-0.0529203926793062,0.105840785358612,25339,59785,60287,503,11
"chr1",156285809,156286657,-0.0529100382933097,0.105820076586619,5727,123432,148244,24813,4
"chr17",69414482,69414547,-0.0528660311252289,0.105732062250458,38959,123504,194367,70864,11
"chr11",66510535,66510566,0.0528575743710681,0.105715148742136,15539,171704,172617,914,11
"chr16",90022197,90022446,0.0528280375028188,0.105656075005638,34786,218874,242364,23491,11
"chr13",49247722,49248399,0.0528187525398029,0.105637505079606,23702,75679,91644,15966,16
"chr8",29263264,29263411,0.0528029124705426,0.105605824941085,81105,133060,162910,29851,11
"chr6",31005779,31005785,-0.0527967598596103,0.105593519719221,72425,253374,310960,57587,3
"chr18",56651330,56651381,0.0527648142195587,0.105529628439117,41105,137496,138986,1491,13
"chr4",8269068,8269642,-0.0527623387604191,0.105524677520838,64654,86820,143215,56396,11
"chr4",80185188,80185309,0.0527484674009567,0.105496934801913,65773,143519,154908,11390,10
"chr2",25982737,25982746,0.052735345819204,0.105470691638408,47842,78967,79092,126,14
"chr16",29816026,29816046,-0.0527279844211893,0.105455968842379,32521,54221,58672,4452,18
"chr6",13328430,13328791,0.0527231921161929,0.105446384232386,71721,7401,10433,3033,11
"chr11",66268178,66268463,-0.0526775861969381,0.105355172393876,15494,179640,180931,1292,44
"chr10",58999133,58999426,0.0526400848369703,0.105280169673941,10102,240242,247766,7525,3
"chr11",106022018,106022128,0.0526065200500904,0.105213040100181,16767,47501,48063,563,17
"chr19",44113031,44113210,-0.0525828649015653,0.105165729803131,45452,83552,108362,24811,15
"chr1",159825752,159825799,0.0524888118262694,0.104977623652539,5989,148684,251061,102378,5
"chr12",132887955,132888306,0.052484939450663,0.104969878901326,22884,186226,186943,718,31
"chr18",32511272,32511482,0.0524656271793902,0.10493125435878,40735,260323,295607,35285,6
"chr10",73167655,73167995,-0.0524466439695697,0.104893287939139,10537,176289,183303,7015,16
"chr13",85800543,85800640,-0.0524446228131407,0.104889245626281,24097,249691,262117,12427,2
"chr12",102959405,102959584,0.0524247397338326,0.104849479467665,21423,175723,180086,4364,17
"chr20",36746344,36746478,-0.0524058463429842,0.104811692685968,54342,98515,193384,94870,9
"chr8",94436988,94437141,0.0523959446510075,0.104791889302015,82168,264859,268306,3448,8
"chr2",120345474,120345784,-0.0523566448395384,0.104713289679077,50160,6299,34166,27868,5
"chr1",150235272,150236517,0.0523292947626388,0.104658589525278,5003,165750,226695,60946,27
"chr1",97796788,97796852,-0.0523004072201127,0.104600814440225,4179,263753,274163,10411,2
"chr6",26285130,26285711,0.0522964084001632,0.104592816800326,71976,176838,177545,708,12
"chr9",113410666,113410809,0.0522714526482214,0.104542905296443,85246,273602,276916,3315,18
"chr12",42460278,42460327,-0.0522570570053388,0.104514114010678,19330,179470,214620,35151,5
"chr1",204979024,204979366,-0.0522325336219283,0.104465067243857,7440,132572,150131,17560,4
"chr11",44936682,44936682,0.0522087696345858,0.104417539269172,14187,289743,305171,15429,5
"chr3",149377496,149378242,0.0521670827927942,0.104334165585588,62844,90322,99723,9402,11
"chr15",89912560,89913016,-0.052138673481665,0.10427734696333,30364,28175,54263,26089,15
"chr9",127263383,127263434,0.0521323095607935,0.104264619121587,85690,95011,229796,134786,7
"chr13",44437175,44438311,-0.0521148355928536,0.104229671185707,23560,84226,115946,31721,22
"chr1",34165398,34165723,-0.0521029294834943,0.104205858966989,2311,65971,81225,15255,24
"chr11",65859599,65860340,0.0520733955152697,0.104146791030539,15428,93036,93551,516,27
"chr5",65624327,65625376,0.0520613535092084,0.104122707018417,68475,160970,161090,121,25
"chr14",90528484,90528868,0.0520388013423843,0.104077602684769,26779,209221,210162,942,2
"chr15",72231175,72231472,0.0520075355198622,0.104015071039724,29561,70179,87998,17820,16
"chr6",149400289,149400321,-0.0520031427484626,0.104006285496925,75301,38385,46311,7927,8
"chr7",99919222,99919513,0.0519700867666404,0.103940173533281,78343,48829,79492,30664,15
"chr6",117426088,117426862,0.051936991473271,0.103873982946542,74702,223261,236466,13206,8
"chr16",4474282,4474774,0.0519025408421604,0.103805081684321,31586,54242,55494,1253,13
"chr11",10304553,10304782,0.0518940829001115,0.103788165800223,13495,171021,172482,1462,20
"chr10",103602948,103603670,-0.0518781540018224,0.103756308003645,11673,172310,173704,1395,10
"chr4",82753462,82753541,0.0518736076125467,0.103747215225093,65804,135930,141002,5073,8
"chr5",115841851,115841996,0.051855996770337,0.103711993540674,69265,70919,72000,1082,18
"chr3",126101770,126101883,0.0518342903037132,0.103668580607426,62171,213654,216848,3195,11
"chr11",22829713,22829715,-0.0517993339112338,0.103598667822468,13859,266179,269018,2840,15
"chr14",23436591,23436607,-0.0517964370687704,0.103592874137541,25069,218112,225556,7445,4
"chr19",1985892,1986014,0.0517681559608246,0.103536311921649,41853,207120,295555,88436,4
"chr16",371920,372053,-0.0516840623778995,0.103368124755799,30794,193339,225665,32327,3
"chr6",12289830,12290089,0.0516675623655396,0.103335124731079,71701,246943,302541,55599,13
"chr10",89252047,89253105,0.0516468105433997,0.103293621086799,10945,125265,130486,5222,12
"chr17",28719573,28720104,-0.0516232933058809,0.103246586611762,36452,76067,77220,1154,42
"chr16",70454341,70454360,0.0516025711829468,0.103205142365894,33785,257116,260388,3273,10
"chr9",83332804,83333405,0.0515770023077626,0.103154004615525,84474,117156,251002,133847,3
"chr17",81929899,81930113,-0.0515037351243423,0.103007470248685,40028,74210,80772,6563,2
"chr7",1235847,1235994,0.0514834169954907,0.102966833990981,76063,181127,190045,8919,2
"chr16",8868793,8868811,0.0514424177281006,0.102884835456201,31712,68736,71923,3188,26
"chr5",146878791,146878898,0.0514331807900927,0.102866361580185,70216,158493,160946,2454,19
"chr1",54764679,54764729,-0.0513945449813872,0.102789089962774,3412,87820,114362,26543,11
"chr10",114179213,114179356,-0.0513720112000786,0.102744022400157,11893,44493,170304,125812,11
"chr20",32277516,32277675,0.0513509587727033,0.102701917545407,53995,25072,55525,30454,12
"chr17",59565192,59565297,-0.0513189416849962,0.102637883369992,38548,257656,268395,10740,13
"chr5",58460317,58460334,-0.0513071293306874,0.102614258661375,68382,61341,62050,710,14
"chr16",69838297,69838711,-0.051282074508802,0.102564149017604,33751,236805,254886,18082,5
"chr17",5419617,5419620,0.0512748689023552,0.10254973780471,35336,20592,23061,2470,28
"chr1",154155384,154155967,-0.0512735040871594,0.102547008174319,5427,232512,309701,77190,9
"chr1",19596996,19597507,-0.051265637082543,0.102531274165086,1314,139597,143099,3503,14
"chr5",41869577,41870808,0.0512600334759142,0.102520066951828,68148,146344,159220,12877,18
"chr6",43059528,43060873,-0.0512464962264289,0.102492992452858,73402,123231,137954,14724,20
"chr12",105107754,105107791,0.0511508169154907,0.102301633830981,21486,49980,51988,2009,18
"chr5",59357065,59357122,-0.0511155138202643,0.102231027640529,68404,108015,118992,10978,4
"chr5",163502670,163503319,-0.0509750128305201,0.10195002566104,70707,100419,129190,28772,10
"chr19",57119156,57120110,-0.0509619801014067,0.101923960202813,47068,16373,17845,1473,22
"chr22",29269051,29269502,0.0509360582989085,0.101872116597817,57479,85262,95467,10206,22
"chr18",28177238,28178466,0.0508784377230938,0.101756875446188,40690,197443,207606,10164,11
"chr7",123557942,123558251,0.0508359118192238,0.101671823638448,79057,128742,175578,46837,18
"chr5",98770874,98770908,0.0507986821375896,0.101597364275179,69067,33453,118595,85143,4
"chr17",58755834,58755840,0.0507520644891102,0.10150412897822,38522,8732,10547,1816,14
"chr8",66613201,66614035,-0.0507297238473337,0.101459447694667,81782,86243,107741,21499,10
"chr7",139340228,139341312,0.0506850081676182,0.101370016335236,79514,13917,25055,11139,24
"chr1",10649128,10649286,-0.0505807137601258,0.101161427520252,800,37424,164833,127410,2
"chr3",179604458,179604688,-0.0502224967825325,0.100444993565065,63376,155935,160416,4482,15
"chr3",191329671,191329692,0.0501303451285403,0.100260690257081,63846,108935,117124,8190,10
