"chr","start","end","value","area","cluster","indexStart","indexEnd","L","clusterL"
"chr5",136080642,136080905,0.0991153349309778,0.693807344516845,69666,39138,151096,111959,10
"chr3",129428554,129428734,0.139756721706972,0.559026886827887,62342,6228,29893,23666,8
"chr17",19533587,19533844,0.137300965289021,0.549203861156083,36256,29274,107429,78156,8
"chr1",31412976,31413645,0.0889516028103068,0.533709616861841,2107,12110,32564,20455,14
"chr2",219485011,219485011,0.176649852104846,0.529949556314537,52190,80068,80070,3,9
"chr2",183038661,183039338,0.0856876271321193,0.514125762792716,51255,146746,245859,99114,15
"chr10",133087775,133087801,-0.101832999887796,0.509164999438981,12482,40356,49021,8666,10
"chr9",125747450,125748390,0.1262146872512,0.504858749004801,85652,71973,182795,110823,9
"chr9",2157942,2158492,0.0982787677488124,0.491393838744062,83505,69320,218602,149283,10
"chr9",132978532,132978632,0.120093268058965,0.480373072235859,86219,96090,283593,187504,7
"chr6",30730929,30731066,0.11993096533746,0.479723861349838,72374,4242,167996,163755,8
"chr3",5187014,5188208,-0.11945968266498,0.477838730659918,59082,239979,309486,69508,14
"chr11",44310073,44311422,0.0932324847794349,0.466162423897175,14176,10896,16215,5320,40
"chr19",44002689,44003005,0.115917403917493,0.463669615669973,45443,77366,195772,118407,12
"chr21",44299229,44299914,0.0916898651767369,0.458449325883685,56518,93669,298153,204485,10
"chr3",136929910,136930491,0.111454941261256,0.445819765045026,62575,274762,310913,36152,6
"chr1",145964528,145964748,0.111035972494024,0.444143889976098,4911,249907,281747,31841,13
"chr17",42780490,42780502,0.147206677372107,0.441620032116321,37522,4606,5720,1115,7
"chr6",32968066,32972328,-0.0882521534468138,0.441260767234069,72763,118661,130104,11444,102
"chr9",108933427,108935365,0.146308317660355,0.438924952981064,85108,96467,100841,4375,18
"chr17",58488079,58488552,0.146071754910004,0.438215264730013,38494,51813,105620,53808,8
"chr2",66437789,66437931,0.10897347498212,0.43589389992848,48869,5517,258315,252799,4
"chr1",26786728,26788254,0.108362115571431,0.433448462285723,1846,102765,139257,36493,23
"chr14",63543353,63543497,-0.144045645192331,0.432136935576992,25919,210941,280676,69736,16
"chr5",64165739,64165747,0.143819525403306,0.431458576209918,68456,15831,39145,23315,7
"chr1",212700284,212701210,0.107232965284311,0.428931861137245,7819,152747,279833,127087,10
"chr14",74611908,74612618,0.106657882880879,0.426631531523515,26393,67408,299902,232495,10
"chr6",125153980,125154504,0.106642888793808,0.426571555175233,74786,79821,136162,56342,13
"chr16",31033047,31033779,0.0850824635608424,0.425412317804212,32731,96414,237290,140877,16
"chr8",108248753,108249147,-0.105616848812081,0.422467395248326,82443,184798,309819,125022,10
"chr15",55588272,55589234,0.105052702624536,0.420210810498145,28936,197637,248772,51136,19
"chr10",49613551,49614112,0.139019244107706,0.417057732323117,10031,118955,283367,164413,7
"chr2",8583776,8583881,-0.103796550234228,0.41518620093691,47452,84969,151789,66821,8
"chr3",50345687,50345796,0.103369320945193,0.413477283780774,60711,6551,35746,29196,14
"chr1",31181606,31181927,0.137430646627886,0.412291939883657,2095,6598,149545,142948,4
"chr2",75645830,75646856,-0.0809699974699973,0.404849987349986,49220,155245,224731,69487,10
"chr3",38453446,38453670,0.100872313390902,0.403489253563607,59905,143525,162706,19182,8
"chr1",23868489,23869169,0.100355748866824,0.401422995467298,1623,145284,162180,16897,16
"chr18",6414959,6414979,-0.133257879620929,0.399773638862787,40352,6132,17733,11602,9
"chr1",58546904,58547063,0.0999258217923139,0.399703287169256,3485,120340,250786,130447,11
"chr8",52409761,52410989,-0.0799340520830793,0.399670260415397,81546,79952,118843,38892,11
"chr2",118014263,118014724,0.0989331362680716,0.395732545072286,50100,153944,253326,99383,10
"chr1",220878196,220881070,-0.098752755094019,0.395011020376076,7969,164815,301620,136806,27
"chr2",63047899,63050192,0.13140186455858,0.394205593675741,48791,116747,118998,2252,51
"chr12",89352641,89353640,-0.0787850152598345,0.393925076299173,21131,101164,140219,39056,23
"chr8",29348038,29349466,-0.0981866161543596,0.392746464617438,81110,181027,191231,10205,13
"chr8",42338343,42338621,0.0979933669696877,0.391973467878751,81423,102627,193008,90382,12
"chr6",57221918,57222979,0.0974219300833983,0.389687720333593,73858,50906,133027,82122,20
"chr19",43820595,43820793,0.0973618765023121,0.389447506009248,45430,11772,54493,42722,12
"chr16",84186956,84187209,0.0970590625313374,0.388236250125349,34281,61055,97861,36807,10
"chr19",54465317,54465322,0.193861686997682,0.387723373995364,46809,10534,27541,17008,10
"chr19",58059051,58059284,0.0968413832389566,0.387365532955826,47184,14904,82233,67330,10
"chr10",133785,134564,-0.129020128515531,0.387060385546593,8866,177170,179879,2710,25
"chr19",56314275,56314505,0.193048110158329,0.386096220316659,47035,114815,137151,22337,12
"chr1",237890672,237891269,-0.0962049290279884,0.384819716111953,8581,120899,245313,124415,7
"chr12",110123538,110124666,0.0959203577249065,0.383681430899626,21736,180187,223133,42947,11
"chr19",29941899,29942117,-0.127771412586979,0.383314237760938,44238,99505,291894,192390,8
"chr12",109098274,109098625,0.127234021517617,0.381702064552852,21638,183390,207135,23746,21
"chr12",20368153,20368880,0.190481458029676,0.380962916059352,18976,17167,44992,27826,16
"chr17",17680565,17681191,0.0948821306529824,0.379528522611929,36108,93113,242627,149515,5
"chr17",75515425,75517051,-0.0948130669168717,0.379252267667487,39222,131108,292769,161662,13
"chr15",72375542,72376706,0.126142523157591,0.378427569472772,29578,106829,196909,90081,20
"chr1",13513161,13514104,0.126115600750069,0.378346802250207,971,235972,271725,35754,15
"chr15",74781677,74782092,-0.0945191324050665,0.378076529620266,29708,10541,202690,192150,5
"chr14",51094844,51096139,0.0755383035411891,0.377691517705945,25593,96900,129417,32518,22
"chr3",141051464,141051909,0.0934363569246904,0.373745427698762,62688,21962,35691,13730,17
"chr2",56183008,56184448,0.0933825952381793,0.373530380952717,48691,38451,130052,91602,18
"chr18",12407560,12407813,0.12427661857059,0.37282985571177,40488,83249,124681,41433,9
"chr19",40716476,40716928,-0.123684339088399,0.371053017265197,45093,138629,246556,107928,14
"chr2",50347380,50348188,0.0927470657044063,0.370988262817625,48595,35356,135640,100285,15
"chr22",41946523,41948231,0.0617586938090249,0.37055216285415,58435,134415,209988,75574,17
"chr9",133993551,133993634,0.123202297030824,0.369606891092471,86328,92737,219569,126833,4
"chr12",75390761,75391317,0.0923970133911969,0.369588053564788,20972,14139,85783,71645,14
"chr12",118135728,118136081,0.0736941283071292,0.368470641535646,22088,77725,179335,101611,13
"chr15",72319784,72319880,0.0917570291656655,0.367028116662662,29573,7219,18036,10818,17
"chr11",45811052,45811578,-0.0916531241891342,0.366612496756537,14231,177892,282675,104784,6
"chr6",150865275,150866945,-0.0728440869453072,0.364220434726536,75372,71608,140238,68631,16
"chr18",33578270,33578565,0.121335366797448,0.364006100392345,40744,14887,58351,43465,13
"chr4",102324343,102324962,0.121308866327487,0.363926598982462,66089,162922,280804,117883,5
"chr12",82685772,82686688,0.0907609116538115,0.363043646615246,21088,180741,237045,56305,13
"chr14",50821010,50821988,0.0906458501916086,0.362583400766434,25579,229506,269390,39885,7
"chr2",157875187,157875674,0.0904643012633191,0.361857205053277,50648,113221,155563,42343,11
"chr16",56632411,56632422,-0.180924485016802,0.361848970033604,33151,5190,8819,3630,5
"chr6",28141799,28142160,0.0722563124677684,0.361281562338842,72080,96157,118449,22293,16
"chr1",75130234,75130651,0.120094034992567,0.3602821049777,3763,18329,119809,101481,4
"chr20",44521921,44522520,0.0898563003723915,0.359425201489566,54665,86554,192946,106393,11
"chr6",45421576,45422925,0.119770222096528,0.359310666289584,73588,178785,256883,78099,15
"chr11",9574614,9574736,-0.179241355679561,0.358482711359123,13472,175361,176393,1033,7
"chr8",123416179,123416563,-0.11908911336301,0.357267340089029,82642,174682,255823,81142,11
"chr19",859499,859594,0.118693295937182,0.356079887811546,41594,54159,105306,51148,9
"chr19",7920283,7920304,-0.118036068016443,0.354108204049328,42648,52669,58478,5810,10
"chr15",52112266,52113267,0.118029042317796,0.354087126953387,28864,76627,94043,17417,13
"chr15",101295419,101295855,0.088410843876993,0.353643375507972,30704,83425,203002,119578,7
"chr4",140756009,140757158,0.117252348823055,0.351757046469166,66608,39606,151361,111756,6
"chr2",201450709,201452516,0.0877205108035215,0.350882043214086,51601,157670,286936,129267,23
"chr11",119205252,119205857,0.116893485214561,0.350680455643683,17364,215281,240266,24986,10
"chr1",173205511,173206189,0.0874271969384018,0.349708787753607,6552,145480,270537,125058,8
"chr10",125719199,125719572,0.116418504093372,0.349255512280115,12254,59928,103933,44006,15
"chr17",75183184,75183275,0.0872854754046367,0.349141901618547,39183,72966,204434,131469,4
"chr6",170294594,170295146,0.11623323210139,0.348699696304171,75932,239462,251970,12509,8
"chr11",69640720,69641102,0.116038851993005,0.348116555979016,15858,175550,177919,2370,29
"chr2",176121931,176122877,0.0869457438980124,0.34778297559205,51076,11508,89958,78451,19
"chr5",180591495,180591503,0.173499374625844,0.346998749251687,71293,13673,29886,16214,11
"chr13",31162100,31162917,0.0866560142186414,0.346624056874566,23288,201195,221328,20134,19
"chr12",51083738,51083910,0.086650209908919,0.346600839635676,19766,172624,295072,122449,11
"chr4",145098547,145099084,0.0864812828655109,0.345925131462044,66663,216629,280824,64196,27
"chr21",44802034,44802236,0.115116007334681,0.345348022004043,56579,246105,278174,32070,15
"chr7",43582258,43583270,0.068898002919726,0.34449001459863,77173,97913,177612,79700,11
"chr11",2400342,2403013,-0.0688292059629864,0.344146029814932,12940,48315,71919,23605,40
"chr17",28718146,28720549,0.0859603260710248,0.343841304284099,36452,132933,197728,64796,42
"chr17",50468960,50469142,0.114502417405683,0.343507252217049,38218,284,8914,8631,16
"chr6",31834252,31834879,-0.0857725400950674,0.34309016038027,72589,24512,41658,17147,31
"chr5",157743432,157743539,0.114135795053885,0.342407385161655,70613,154915,251743,96829,11
"chr12",56646038,56646415,0.114122341394422,0.342367024183265,20427,87131,105763,18633,16
"chr7",64582634,64582815,-0.170856445563036,0.341712891126072,77552,6712,47228,40517,4
"chr10",86970724,86971066,0.17035176802254,0.340703536045079,10883,171526,175619,4094,8
"chr7",151249260,151249270,0.170335964994662,0.340671929989324,80038,64368,65532,1165,13
"chr4",44448853,44449515,0.0849518344544595,0.339807337817838,65162,143023,275607,132585,9
"chr1",21783454,21783796,0.11325695869861,0.339770876095831,1459,93750,153995,60246,13
"chr4",39458480,39459290,-0.113053292557208,0.339159877671625,65053,99497,126087,26591,16
"chr13",20231321,20231540,0.113035475029474,0.339106425088422,22954,80231,98742,18512,25
"chr6",42960237,42960757,0.113035465752746,0.339106397258239,73371,45793,86815,41023,28
"chr12",53997501,53997541,0.169443343609578,0.338886687219157,20117,4558,18312,13755,7
"chr2",63841197,63841948,-0.112893049895381,0.338679149686144,48801,156468,160729,4262,25
"chr1",13513155,13513985,0.112872481922103,0.338617445766308,971,111879,142525,30647,15
"chr5",122774686,122775412,0.0845802467530221,0.338320987012088,69342,153314,243704,90391,15
"chr17",19003992,19004141,0.169038168594655,0.33807633718931,36221,202376,210726,8351,2
"chr4",81030854,81030870,0.168644402047953,0.337288804095907,65783,31713,90134,58422,12
"chr10",32378791,32379877,0.112207548515658,0.336622645546973,9694,191439,239714,48276,10
"chr12",123670904,123671047,-0.112023474274254,0.336070422822761,22503,99245,113342,14098,10
"chr15",70763388,70764096,0.0839492339483673,0.335796935793469,29503,86116,308623,222508,12
"chr4",173538261,173538748,0.111775737863179,0.335327213589538,67069,6668,124840,118173,8
"chr1",243255178,243256228,0.111767913449141,0.335303740347423,8648,154910,156439,1530,16
"chr21",14383217,14383610,0.111652177931139,0.334956533793417,55706,97302,194404,97103,14
"chr4",103198448,103198646,0.111237688117711,0.333713064353133,66114,155368,161421,6054,12
"chr14",59484603,59484636,0.166714186395947,0.333428372791895,25800,123356,138992,15637,19
"chr17",69327143,69327835,-0.111043683131031,0.333131049393094,38957,119651,221980,102330,9
"chr1",206921970,206921987,-0.166357711090704,0.332715422181408,7615,143113,165148,22036,7
"chr17",44911416,44911779,0.110714006052167,0.332142018156502,37786,8189,21325,13137,4
"chr19",50203130,50203480,0.0830184396605225,0.33207375864209,46260,7024,53695,46672,9
"chr10",46030721,46030786,-0.0830080188544711,0.332032075417884,9921,3768,243711,239944,5
"chr17",30970534,30970808,-0.110524760838994,0.331574282516983,36595,107925,111127,3203,17
"chr18",12702792,12703242,0.0827448840472419,0.330979536188968,40502,137620,235963,98344,18
"chr3",192409036,192409668,0.110229973440243,0.330689920320729,63858,858,14216,13359,8
"chr5",171309176,171309568,0.0826134550674743,0.330453820269897,70823,1054,16793,15740,17
"chr7",10940220,10940691,-0.0825740117992861,0.330296047197144,76521,178412,182303,3892,11
"chr12",122974416,122974854,0.110048671260889,0.330146013782668,22422,264968,271913,6946,21
"chr1",1254700,1255289,-0.110000363478067,0.330001090434201,100,146697,277058,130362,11
"chr7",5232433,5233776,0.0823911478196462,0.329564591278585,76339,175945,187623,11679,12
"chr16",29745997,29746140,0.109769586028627,0.32930875808588,32504,193064,199383,6320,12
"chr17",2711892,2712724,0.0822868474726068,0.329147389890427,35051,88481,243721,155241,10
"chr6",133240676,133241454,0.109664452628953,0.328993357886859,74955,50646,81563,30918,33
"chr17",78175110,78175127,-0.164394763422675,0.32878952684535,39530,6602,13460,6859,5
"chr11",116788159,116788171,0.164114130305012,0.328228260610024,17082,39454,40222,769,9
"chr2",105744252,105744489,0.0820123177133423,0.328049270853369,49847,149077,269943,120867,4
"chr19",39514917,39515012,0.109283753851048,0.327851261553144,44934,200369,209538,9170,16
"chr1",161038960,161039036,-0.109270349405133,0.3278110482154,6123,9309,12697,3389,14
"chr14",79279321,79280016,0.109238784806795,0.327716354420384,26622,124128,204826,80699,18
"chr1",52698331,52698492,-0.109208228192554,0.327624684577661,3289,128305,149633,21329,10
"chr1",193121673,193122205,-0.0818594467294424,0.32743778691777,6991,140491,158883,18393,11
"chr2",208265576,208265976,0.109101621701776,0.327304865105329,51805,90132,133179,43048,10
"chr1",151047787,151048392,-0.109077793600511,0.327233380801532,5087,87582,153191,65610,14
"chr7",106112680,106113141,0.0817801182335793,0.327120472934317,78782,97368,180959,83592,15
"chr1",159076983,159077373,-0.0815161156141237,0.326064462456495,5960,81955,122143,40189,7
"chr2",147843668,147845056,0.10845183978175,0.325355519345251,50512,88183,135000,46818,16
"chr4",2756654,2757253,0.10836254258141,0.32508762774423,64381,98731,165878,67148,12
"chr17",2796077,2796259,0.0648973307531395,0.324486653765698,35059,209137,299283,90147,12
"chr13",49247558,49248767,0.107812092717272,0.323436278151815,23702,212119,267957,55839,16
"chr5",138032143,138033267,-0.0807330037057652,0.322932014823061,69715,90850,142132,51283,10
"chr9",38620560,38620624,-0.107614888930137,0.322844666790412,84259,61498,65853,4356,6
"chr2",100818705,100819169,0.0806834152965584,0.322733661186234,49698,1426,262742,261317,4
"chr7",26200940,26201283,0.10757702349164,0.32273107047492,76770,89102,108896,19795,23
"chr19",45405004,45405195,-0.161179991581185,0.322359983162369,45601,293191,299272,6082,5
"chr3",125520468,125520569,0.161118840030494,0.322237680060989,62154,164502,243132,78631,10
"chr7",6622173,6622698,-0.107380585872626,0.322141757617877,76473,7989,171407,163419,5
"chr5",135399672,135400336,0.107236112750634,0.321708338251901,69636,222973,267100,44128,20
"chr1",153775075,153775642,0.107010820929418,0.321032462788254,5386,91457,103293,11837,11
"chr2",17539109,17540508,-0.107008499751004,0.321025499253011,47635,36097,63935,27839,17
"chr2",241734520,241734564,-0.106599390006731,0.319798170020193,53060,19420,69590,50171,11
"chr10",22927708,22927766,0.1598684047825,0.319736809565,9491,114127,179276,65150,9
"chr1",149931288,149931423,0.106516765609001,0.319550296827004,4986,89145,164799,75655,3
"chr11",66371840,66372244,0.15971705709998,0.31943411419996,15524,183630,189524,5895,12
"chr11",120168934,120168936,0.159481026921737,0.318962053843475,17419,18056,46441,28386,4
"chr16",86566108,86566370,-0.1593308730082,0.318661746016401,34407,122760,198414,75655,11
"chr12",81077415,81078103,-0.10620831967423,0.318624959022691,21060,107372,134130,26759,15
"chr20",36541443,36541483,-0.106172066691595,0.318516200074786,54330,11464,57454,45991,9
"chr13",61415568,61415726,0.106155932190815,0.318467796572446,23903,51406,73774,22369,15
"chr7",77798607,77799502,0.106103601127548,0.318310803382644,77876,47392,49715,2324,30
"chr5",43602564,43603541,0.10586901645542,0.31760704936626,68200,87602,105275,17674,20
"chr10",99620056,99621302,-0.105825094192315,0.317475282576944,11346,183554,185496,1943,12
"chr1",151790630,151792027,0.0793605314577779,0.317442125831111,5186,228952,249616,20665,21
"chr12",54015445,54017035,0.105789031627517,0.31736709488255,20124,209224,280653,71430,31
"chr19",36489462,36490026,0.0792096373587611,0.316838549435045,44636,114814,197046,82233,24
"chr13",77697739,77698750,-0.158313273391935,0.316626546783871,24043,204225,212005,7781,23
"chr5",103258422,103259257,-0.0790991176677335,0.316396470670934,69115,98402,145368,46967,17
"chr6",158817903,158818498,-0.158102302930633,0.316204605861266,75593,268657,278438,9782,9
"chr12",4908745,4909858,0.0789832683398189,0.315933073359276,18245,189061,293483,104423,15
"chr16",51151325,51151550,-0.157887738702395,0.315775477404789,33013,23134,23626,493,22
"chr1",201982034,201982529,-0.157719835536351,0.315439671072703,7199,163667,257457,93791,16
"chr11",124876679,124877276,0.0788036190590582,0.315214476236233,17641,110949,249390,138442,6
"chr2",109128888,109129060,0.157337753242413,0.314675506484827,49924,142105,157173,15069,13
"chr5",34655973,34656399,0.104671719871398,0.314015159614195,67945,62638,96888,34251,11
"chr19",13951885,13952219,0.0784383013958717,0.313753205583487,43381,130324,258052,127729,7
"chr11",71928487,71928942,-0.104521528544349,0.313564585633046,15979,122050,161885,39836,15
"chr2",262754,264988,0.104519667330931,0.313559001992794,47281,159867,164482,4616,26
"chr19",8577486,8577712,0.104470776816521,0.313412330449564,42741,211706,267411,55706,7
"chr16",49281695,49281841,-0.156558506543561,0.313117013087123,32934,13778,15689,1912,10
"chr2",213150196,213150244,0.156271497042831,0.312542994085661,51864,108472,110852,2381,4
"chr7",28956875,28958462,0.156158366172568,0.312316732345137,76872,19096,19292,197,33
"chr9",4490233,4490751,0.0780459407652555,0.312183763061022,83538,100181,259644,159464,7
"chr4",26583223,26584138,-0.104031348260285,0.312094044780857,64923,87540,111847,24308,15
"chr10",80078980,80079425,-0.10395410541625,0.31186231624875,10759,185649,236649,51001,16
"chr13",29850016,29850962,-0.0779113420725448,0.311645368290179,23243,101640,298933,197294,12
"chr6",10420054,10420768,0.155549109699037,0.311098219398073,71638,124057,127104,3048,16
"chr4",83535521,83536669,0.0777473789514843,0.310989515805937,65837,81941,103397,21457,25
"chr1",181798600,181798638,-0.103607364440448,0.310822093321345,6796,79647,166381,86735,3
"chr11",14499773,14500692,-0.0775672698773589,0.310269079509436,13623,89803,122565,32763,12
"chr17",4366946,4367110,0.103402781070279,0.310208343210836,35185,208673,240663,31991,13
"chr1",93078750,93079173,0.154943914243616,0.309887828487232,4086,105416,159339,53924,10
"chr2",63840774,63842548,0.103189301699085,0.309567905097255,48801,115328,145021,29694,25
"chr18",74147626,74148452,-0.0773476316405456,0.309390526562183,41347,84215,123887,39673,16
"chr8",126556605,126557397,-0.103030543223897,0.30909162967169,82734,18751,103959,85209,13
"chr10",119597265,119597353,0.102958553912362,0.308875661737085,12045,9085,99713,90629,13
"chr22",26671443,26671758,-0.154287687694225,0.30857537538845,57399,223115,227834,4720,5
"chr8",127734149,127735727,0.102782479053847,0.30834743716154,82757,187998,189286,1289,27
"chr12",75391075,75391452,0.102742922759673,0.308228768279018,20972,129595,188452,58858,14
"chr15",71813540,71813540,-0.154054899136354,0.308109798272707,29535,57381,80323,22943,2
"chr2",138501583,138501589,0.15405349364021,0.308106987280421,50467,160276,160519,244,13
"chr1",109548115,109548552,0.0769993977711058,0.307997591084423,4390,143093,166577,23485,14
"chr10",59176476,59177281,0.0769153936557976,0.30766157462319,10103,10914,16789,5876,24
"chr10",13001884,13001967,0.102492320955981,0.307476962867943,9253,168915,273150,104236,10
"chr9",130265818,130265839,-0.102434792544914,0.307304377634741,86037,61160,63518,2359,6
"chr15",43792248,43792998,-0.102341174405279,0.307023523215838,28589,140723,220655,79933,18
"chr19",18611785,18612875,-0.0766836668011608,0.306734667204643,43961,52261,71404,19144,12
"chr3",126179940,126180927,0.153240729600463,0.306481459200926,62178,66992,67768,777,20
"chr3",72100554,72100823,0.102033313268443,0.30609993980533,61364,109374,123223,13850,10
"chr6",151807695,151809072,0.076498499498745,0.30599399799498,75401,85112,86177,1066,36
"chr3",44761579,44762146,-0.101947052630473,0.305841157891418,60135,97308,106848,9541,20
"chr2",176128915,176129637,0.152900214459782,0.305800428919565,51078,4207,4932,726,23
"chr4",80184669,80185309,0.0764078545327022,0.305631418130809,65773,143519,276030,132512,10
"chr5",111757148,111757927,0.10178283777702,0.30534851333106,69174,107079,141939,34861,24
"chr12",54560553,54560616,0.152661612970765,0.30532322594153,20187,14984,16857,1874,7
"chr15",91099681,91100421,0.10177292318581,0.30531876955743,30473,116086,139471,23386,16
"chr12",42326050,42326750,0.0762896725951668,0.305158690380667,19322,132697,168454,35758,16
"chr7",33040884,33041003,0.101655696088726,0.304967088266179,76997,175592,192015,16424,8
"chr1",108200618,108200696,0.152468193759768,0.304936387519535,4291,98137,117992,19856,14
"chr12",95003710,95003956,0.101483165723318,0.304449497169954,21236,120608,172521,51914,10
"chr6",127118061,127118959,0.152133057564883,0.304266115129766,74822,101822,145994,44173,11
"chr17",82037787,82037917,0.10139481556302,0.304184446689061,40057,199173,206039,6867,11
"chr8",100951130,100953181,-0.101345603408608,0.304036810225823,82324,174019,237049,63031,33
"chr12",48184108,48184941,0.0759920598162744,0.303968239265098,19469,10242,190854,180613,5
"chr3",147408916,147410336,0.101307750469468,0.303923251408405,62803,1068,6947,5880,43
"chr16",46689235,46690625,-0.101266195355914,0.303798586067742,32854,208386,248040,39655,19
"chr10",97320041,97321739,0.101258201816629,0.303774605449886,11242,93594,178074,84481,10
"chr12",15789805,15790035,0.151694317952279,0.303388635904558,18904,135082,174727,39646,12
"chr19",57745924,57746734,-0.0758086867142232,0.303234746856893,47148,208281,268807,60527,10
"chr20",45933453,45935383,-0.101050709913437,0.303152129740311,54806,102619,139547,36929,16
"chr3",33797992,33798211,0.101040178070406,0.303120534211219,59779,253213,279265,26053,16
"chr21",33542251,33543932,0.0756016981597445,0.302406792638978,56042,274647,292520,17874,29
"chr4",139300813,139301492,0.100786279164636,0.302358837493909,66565,85720,117831,32112,16
"chr17",48723312,48725646,0.0755859519033857,0.302343807613543,38049,9401,52602,43202,29
"chr7",92834453,92835956,-0.100590564404179,0.301771693212536,78094,173661,176795,3135,37
"chr9",92764530,92765693,0.100517264566118,0.301551793698353,84680,94158,117999,23842,7
"chr5",140547422,140547667,0.100484953922662,0.301454861767987,69884,90482,119164,28683,12
"chr5",177006971,177008143,0.0753057773317741,0.301223109327096,71033,111037,239432,128396,12
"chr10",59362712,59363162,0.100173892355602,0.300521677066806,10109,41916,50006,8091,13
"chr3",11271885,11272250,0.075093752688608,0.300375010754432,59292,33061,162619,129559,8
"chr17",68514904,68515107,0.0750749577350514,0.300299830940206,38920,204106,275979,71874,5
"chr5",150701125,150701140,-0.150097608845964,0.300195217691928,70422,141778,145737,3960,9
"chr6",33417588,33418190,-0.074982965206738,0.299931860826952,72843,138580,161827,23248,57
"chr5",179732588,179732803,-0.149955465114088,0.299910930228177,71231,89911,137772,47862,13
"chr1",226062660,226062683,0.149929462409892,0.299858924819785,8121,95649,300289,204641,5
"chr15",64164053,64164166,0.149717614753337,0.299435229506674,29194,221005,226321,5317,10
"chr22",30606955,30607160,0.149666460299611,0.299332920599222,57625,109016,109672,657,19
"chr3",42654360,42654942,0.0997057209983826,0.299117162995148,60047,31241,70764,39524,15
"chr2",173964566,173966328,0.074739110441524,0.298956441766096,51010,117409,256399,138991,14
"chr3",69865814,69866081,-0.0996032664502174,0.298809799350652,61330,219103,272167,53065,7
"chr11",20598543,20599368,0.099573021529296,0.298719064587888,13839,101668,116179,14512,10
"chr7",122304861,122305543,0.0995626092350175,0.298687827705052,79032,189360,309775,120416,28
"chr12",6970504,6970875,0.0995492448395397,0.298647734518619,18431,77841,100823,22983,14
"chr14",77076265,77076420,0.0995425854296056,0.298627756288817,26543,103091,242872,139782,7
"chr1",150282630,150283093,0.0994164611515576,0.298249383454673,5014,110351,239278,128928,15
"chr1",162069434,162069724,-0.0993663843136402,0.298099152940921,6229,19830,88773,68944,9
"chr20",21704763,21705442,0.149017049171637,0.298034098343274,53748,195946,205725,9780,13
"chr22",21651380,21652562,0.0993013818475423,0.297904145542627,57101,202281,294781,92501,15
"chr5",157269175,157269510,-0.0992996398042109,0.297898919412633,70582,95916,116991,21076,4
"chr11",118304669,118304960,-0.0992579037683839,0.297773711305152,17212,100182,114909,14728,8
"chr6",29553368,29553918,0.148860631924711,0.297721263849421,72182,9490,10073,584,26
"chr6",33299104,33299746,0.074410697641708,0.297642790566832,72828,140605,174829,34225,42
"chr4",133148515,133149286,-0.0991392422175365,0.29741772665261,66512,143221,151038,7818,16
"chr7",73842715,73842753,0.0991334468567374,0.297400340570212,77715,179681,182034,2354,15
"chr14",100143849,100144330,-0.0990429513734229,0.297128854120269,27173,108646,136528,27883,5
"chr3",121749859,121750005,0.0990107358725581,0.297032207617674,61990,145531,156812,11282,11
"chr12",120667006,120667106,-0.0989770649534171,0.296931194860251,22216,52855,83076,30222,3
"chr16",84144521,84145589,-0.0989465792311916,0.296839737693575,34272,116705,196178,79474,15
"chr1",72283332,72283898,0.148342893809464,0.296685787618928,3743,95252,128431,33180,4
"chr3",33798362,33798505,0.148331350465626,0.296662700931252,59779,162665,164716,2052,16
"chr5",1887191,1887193,-0.148244437177945,0.296488874355891,67549,60574,63203,2630,20
"chr21",42199400,42199449,0.148141481676099,0.296282963352197,56400,128064,194831,66768,4
"chr1",230425808,230426229,0.0987287115699774,0.296186134709932,8364,9045,33761,24717,9
"chr5",91380006,91381191,0.0987221647907014,0.296166494372104,68946,157035,165392,8358,10
"chr22",31107513,31108696,0.073851402683901,0.295405610735604,57667,58590,220168,161579,9
"chr6",127344107,127344170,-0.147592198489964,0.295184396979928,74830,170687,189316,18630,16
"chr11",43880584,43880793,0.147589361183438,0.295178722366877,14151,6397,17508,11112,9
"chr1",30719311,30719318,-0.14757177604325,0.2951435520865,2070,118716,147474,28759,16
"chr21",44801684,44802040,-0.0982308378348974,0.294692513504692,56579,68441,93898,25458,15
"chr13",19782502,19782945,-0.0981896576414293,0.294568972924288,22935,117111,196964,79854,11
"chr3",126476065,126476091,-0.147203655363116,0.294407310726232,62189,39927,40046,120,15
"chr15",42272954,42273730,-0.0734938635408474,0.29397545416339,28475,235516,258981,23466,24
"chr5",127073461,127073618,0.0733277319269823,0.293310927707929,69408,14375,109818,95444,8
"chr2",112275507,112275751,0.146653501453533,0.293307002907067,49977,29585,34522,4938,10
"chr19",41226029,41226684,0.0977149433905861,0.293144830171758,45135,58136,195161,137026,12
"chr8",93700418,93700582,0.146475164137563,0.292950328275125,82144,347,16750,16404,11
"chr13",113044237,113044702,-0.0975953740009779,0.292786122002934,24587,26195,138181,111987,13
"chr17",64263201,64263668,0.0975405572671814,0.292621671801544,38778,72364,124068,51705,8
"chr7",43729493,43729997,0.0975385265658226,0.292615579697468,77178,96365,140667,44303,13
"chr17",40443114,40443453,0.0730255696996924,0.29210227879877,37191,3636,76332,72697,10
"chr7",38977365,38977855,-0.097210787284755,0.291632361854265,77100,852,178243,177392,7
"chr12",121711859,121712585,0.145804621511323,0.291609243022646,22302,105628,174422,68795,7
"chr11",103109134,103109637,0.0970606861670793,0.291182058501238,16734,177762,214167,36406,13
"chr17",48107184,48107382,0.0970032935605438,0.291009880681631,37999,92256,236452,144197,11
"chr1",37474123,37475212,0.0969522603403751,0.290856781021125,2477,87499,116561,29063,15
"chr17",3803331,3803547,0.0969323712250735,0.290797113675221,35126,259625,309263,49639,4
"chr5",147234735,147234980,0.0969211949656262,0.290763584896879,70223,35283,149122,113840,12
"chr11",64299776,64300396,0.0968353680648646,0.290506104194594,15131,166844,187267,20424,13
"chr5",40840411,40841106,-0.0725134209796663,0.290053683918665,68124,242070,275601,33532,9
"chr14",53954399,53955693,0.0724271856021694,0.289708742408678,25665,76277,193107,116831,14
"chr6",30325382,30327450,0.0965470037246439,0.289641011173932,72302,168037,171992,3956,42
"chr3",107522789,107522891,0.0964141355176047,0.289242406552814,61653,71963,142158,70196,10
"chr22",19022906,19022955,-0.14454846696413,0.28909693392826,56885,97959,194220,96262,3
"chr19",1174208,1174668,-0.0722714839742652,0.289085935897061,41684,24714,104719,80006,10
"chr18",79952060,79952348,0.0961166425612025,0.288349927683608,41475,97444,260581,163138,7
"chr4",76305970,76305996,0.14407924410288,0.288158488205761,65705,88045,121959,33915,13
"chr17",48037567,48038088,0.144064961614671,0.288129923229341,37990,203006,204770,1765,10
"chr16",31073836,31075019,0.14403866672359,0.28807733344718,32739,236605,263034,26430,25
"chr20",38804604,38805515,0.0719975765039136,0.287990306015654,54476,102276,221954,119679,11
"chr9",37034169,37035384,0.0719636490775114,0.287854596310045,84204,94551,128577,34027,13
"chr17",7439429,7439461,0.143898331133668,0.287796662267336,35538,245794,258845,13052,22
"chr7",27165184,27165495,-0.143885674285696,0.287771348571391,76819,84865,94891,10027,19
"chr15",55197120,55197176,0.143877645245627,0.287755290491254,28917,210565,293893,83329,11
"chr5",116574225,116576064,0.0958983759514294,0.287695127854288,69283,132159,161026,28868,17
"chr13",99501195,99501258,0.143746176466225,0.287492352932449,24262,237113,253252,16140,19
"chr6",49949432,49949541,-0.0958045404399243,0.287413621319773,73690,146015,181969,35955,3
"chr14",88323311,88324049,0.0957226186837652,0.287167856051296,26702,52376,120215,67840,8
"chr16",89560052,89560353,-0.0955485962075474,0.286645788622642,34666,89735,201303,111569,9
"chr2",74529170,74531005,0.0716249424058967,0.286499769623587,49186,155175,217006,61832,25
"chr4",121164405,121164622,0.0954782866271472,0.286434859881442,66388,133025,267403,134379,6
"chr5",51382878,51383094,0.0954674925721534,0.28640247771646,68223,11079,11748,670,20
"chr12",50111045,50111797,-0.143143134415805,0.28628626883161,19711,269661,289162,19502,19
"chr9",137070624,137071482,0.0953575317465835,0.28607259523975,86680,168175,306853,138679,7
"chr3",11582549,11582549,0.0953244205514105,0.285973261654231,59303,305349,305351,3,15
"chr11",128685044,128686879,0.0714686753648065,0.285874701459226,17779,60766,124735,63970,20
"chr1",66331695,66331790,0.142886226081953,0.285772452163906,3643,122972,127108,4137,9
"chr9",72149421,72149512,0.142840028012655,0.285680056025311,84369,3602,8912,5311,9
"chr5",151770870,151771615,0.0713268592893782,0.285307437157513,70496,79340,125825,46486,28
"chr3",53347778,53347838,0.0950821077880648,0.285246323364195,60994,31961,147333,115373,8
"chr21",44711607,44711686,0.0950076352458378,0.285022905737513,56575,9684,71765,62082,10
"chr20",34112474,34112916,0.0950057953167667,0.2850173859503,54141,202908,232158,29251,10
"chr20",18497134,18497440,-0.0711860126222041,0.284744050488817,53671,88640,213370,124731,6
"chr7",151227270,151227356,0.0948332287550912,0.284499686265274,80028,166896,170144,3249,14
"chr5",43120825,43120840,0.0947275586497192,0.284182675949158,68180,31288,147227,115940,4
"chr3",151384915,151385048,0.141950898324421,0.283901796648841,62925,106656,107469,814,4
"chr3",24493874,24494004,0.0944481787623559,0.283344536287068,59638,156811,268677,111867,29
"chr17",3309738,3310265,-0.0707897839687921,0.283159135875168,35072,218745,309735,90991,4
"chr15",48963678,48963784,0.141574292238583,0.283148584477166,28747,93906,107693,13788,16
"chr7",96322120,96322311,0.14147114148053,0.282942282961059,78175,8123,11859,3737,12
"chr17",81399578,81399824,-0.0942590769815934,0.28277723094478,39919,62256,77572,15317,4
"chr6",30103147,30103283,0.0942530298779963,0.282759089633989,72264,195186,196837,1652,26
"chr7",66844836,66845105,0.0942043115903436,0.282612934771031,77626,176330,188264,11935,6
"chr9",15510576,15511505,0.094125538702914,0.282376616108742,83732,174686,182246,7561,13
"chr16",89922616,89922880,0.0940490295149437,0.282147088544831,34764,81044,205947,124904,8
"chr8",70403374,70403793,0.0705345088742405,0.282138035496962,81847,4318,139744,135427,4
"chr19",49640162,49640645,-0.070469397905168,0.281877591620672,46182,197744,234064,36321,12
"chr21",33588839,33588935,0.140931726296068,0.281863452592136,56051,197794,199534,1741,8
"chr2",127526447,127527061,0.0938797529223895,0.281639258767168,50243,88599,144577,55979,13
"chr3",29280851,29281691,0.0937933624418152,0.281380087325446,59693,100362,145698,45337,13
"chr19",1174343,1175293,-0.0937721212104012,0.281316363631204,41684,219308,237558,18251,10
"chr17",7854910,7855536,0.070280711703425,0.2811228468137,35642,11217,58592,47376,16
"chr1",161117933,161118398,0.0935884912011126,0.280765473603338,6136,103335,132992,29658,17
"chr1",47333474,47333676,-0.0935748313080539,0.280724493924162,3161,119663,144962,25300,9
"chr8",69447980,69448773,-0.0934682483678453,0.280404745103536,81821,234368,262718,28351,5
"chr2",24820806,24820834,0.0934043016542414,0.280212904962724,47781,239367,280165,40799,5
"chr11",27506140,27506959,0.093385259284341,0.280155777853023,13896,184373,191803,7431,12
"chr20",45880981,45881003,0.14007247502616,0.280144950052321,54796,97908,194903,96996,8
"chr8",119873120,119873642,-0.0932949023953898,0.279884707186169,82580,100814,172637,71824,10
"chr8",143368772,143369243,0.139892387614783,0.279784775229566,83145,99791,108515,8725,14
"chr3",184262106,184262775,0.139872129228172,0.279744258456343,63545,65492,97598,32107,7
"chr8",60678029,60678159,0.139872088510858,0.279744177021717,81676,115792,169131,53340,12
"chr13",27621411,27621946,0.0931927787388739,0.279578336216622,23151,93412,214474,121063,8
"chr16",29996063,29996644,0.0931206463365457,0.279361939009637,32562,86133,138014,51882,23
"chr5",57173866,57174219,0.0930982437210873,0.279294731163262,68362,137171,140729,3559,21
"chr12",75209288,75209805,0.0698224428642471,0.279289771456988,20964,91635,128141,36507,9
"chr1",27830500,27830644,0.139564820042019,0.279129640084037,1947,162030,165201,3172,14
"chr1",999010,1001534,-0.0697054522406315,0.278821808962526,36,131499,164749,33251,13
"chr2",190180316,190180459,0.139387741000674,0.278775482001348,51340,63746,66422,2677,13
"chr15",65375141,65375191,-0.139359441174527,0.278718882349054,29272,201861,209212,7352,3
"chr5",95620052,95620471,0.0927706038677422,0.278311811603226,68994,119350,143733,24384,12
"chr19",17303314,17303537,0.139139210315803,0.278278420631607,43729,74256,97619,23364,7
"chr8",143734024,143734047,0.0927231466813582,0.278169440044075,83220,176458,184475,8018,15
"chr6",85677600,85678351,0.0927101876758583,0.278130563027575,74129,168495,181543,13049,15
"chr19",12194860,12195054,0.0925859337462334,0.2777578012387,43179,15309,16747,1439,7
"chr19",35742396,35742992,-0.138870489129041,0.277740978258082,44533,121511,126640,5130,8
"chr14",31561263,31561480,0.138795994858455,0.27759198971691,25320,283733,298324,14592,12
"chr2",135531129,135531247,0.138740350858127,0.277480701716253,50429,152802,153672,871,21
"chr9",136711748,136712131,0.092452718170951,0.277358154512853,86570,92191,167993,75803,7
"chr10",104338428,104338509,0.138595128068928,0.277190256137855,11736,140635,224416,83782,7
"chr22",42369132,42369692,0.138566509682417,0.277133019364833,58479,209837,215041,5205,9
"chr6",33193072,33193371,-0.0923687140171559,0.277106142051468,72804,43607,45549,1943,46
"chr5",138337980,138338525,-0.0923198316275719,0.276959494882716,69747,66954,99924,32971,16
"chr1",200891235,200891250,0.0922978442824231,0.276893532847269,7097,72168,95727,23560,10
"chr21",30480474,30480712,-0.138420122145441,0.276840244290882,55896,92740,105356,12617,2
"chr16",77788238,77788544,0.138409356929724,0.276818713859448,34079,210089,211386,1298,10
"chr7",139778032,139778160,0.0921929420001824,0.276578826000547,79540,21179,28680,7502,10
"chr11",65638669,65638840,0.0920975348368775,0.276292604510633,15391,170299,214335,44037,4
"chr7",28957521,28958453,0.0920949303886997,0.276284791166099,76872,106472,115452,8981,33
"chr12",93378435,93378991,0.0920935244025961,0.276280573207788,21197,47123,308306,261184,3
"chr22",35540131,35541272,-0.137980292730086,0.275960585460172,57838,207338,249572,42235,14
"chr11",63938474,63939019,0.0689237244161519,0.275694897664608,15078,66712,166934,100223,8
"chr3",112562125,112562148,0.137828884210093,0.275657768420185,61761,235259,275204,39946,16
"chr14",59727029,59727531,-0.0917780881695661,0.275334264508698,25806,73337,298944,225608,4
"chr19",51531607,51531907,0.0688310367611023,0.275324147044409,46477,100500,201086,100587,5
"chr6",133952104,133953319,-0.0687581547073867,0.275032618829547,74970,60369,91054,30686,17
"chr8",49909344,49909429,0.137461238387335,0.274922476774669,81519,244892,248470,3579,20
"chr3",172448444,172448452,0.137449915690351,0.274899831380701,63279,10250,16148,5899,17
"chr1",114758166,114758406,0.137313108429949,0.274626216859898,4674,272974,274396,1423,13
"chr4",41214627,41214865,0.0685984436879736,0.274393774751894,65112,61606,146273,84668,11
"chr10",7787936,7788885,0.137192175460244,0.274384350920487,9152,90977,96808,5832,16
"chr19",18522253,18522713,-0.0914581364853086,0.274374409455926,43941,104276,210442,106167,11
"chr1",155978951,155979221,0.137141024329299,0.274282048658598,5668,81249,104761,23513,14
"chr13",36430483,36431364,-0.0685375569225885,0.274150227690354,23386,292232,297368,5137,23
"chr3",48918210,48918691,0.068479568964676,0.273918275858704,60484,155661,161484,5824,20
"chr19",37594730,37594851,-0.0684782276488905,0.273912910595562,44697,57124,73554,16431,18
"chr7",36151779,36153506,0.091174371652385,0.273523114957155,77040,173034,193297,20264,9
"chr2",171894506,171894578,0.0911700381615474,0.273510114484642,50945,91991,153256,61266,11
"chr10",63520858,63521201,-0.136585933032856,0.273171866065712,10206,184268,256863,72596,9
"chr17",61399429,61400203,-0.090997269725461,0.272991809176383,38599,79874,80031,158,23
"chr19",36054705,36055146,-0.136387313956706,0.272774627913413,44601,193574,198598,5025,18
"chr6",89638404,89638866,0.0908961965400098,0.272688589620029,74214,84899,99055,14157,17
"chr4",80265641,80267251,-0.0908903063526693,0.272670919058008,65777,135691,144656,8966,17
"chr9",133738594,133739209,-0.136287448293411,0.272574896586823,86323,180676,222951,42276,14
"chr2",10689599,10689867,-0.0908317802092261,0.272495340627678,47524,102480,143906,41427,10
"chr14",96502277,96502653,0.0908083063344819,0.272424919003446,27099,260675,292932,32258,17
"chr10",89301358,89301537,0.136186084846031,0.272372169692062,10946,116711,128936,12226,7
"chr13",97221553,97222384,-0.0680853753362627,0.272341501345051,24187,207423,242682,35260,12
"chr7",154927983,154928742,-0.0907637221119029,0.272291166335709,80144,117753,170692,52940,6
"chr22",26479571,26479586,0.136121989871108,0.272243979742217,57367,214469,223259,8791,11
"chr12",109573532,109573928,0.0906625948321761,0.271987784496528,21684,203016,214281,11266,27
"chr17",21287669,21287743,0.135993030392178,0.271986060784356,36332,214005,224253,10249,5
"chr17",81665157,81665632,-0.135953261757702,0.271906523515405,39967,7391,201090,193700,4
"chr1",75796909,75797026,-0.13576263810701,0.27152527621402,3784,146781,151742,4962,9
"chr20",63254724,63254727,0.135760870847603,0.271521741695205,55503,9850,10246,397,10
"chr18",32773017,32773736,0.0904652225923589,0.271395667777077,40739,203815,211174,7360,10
"chr9",74952115,74953197,0.0904254658967404,0.271276397690221,84401,192269,219762,27494,14
"chr9",99906520,99906539,0.135555092386654,0.271110184773308,84965,273223,288469,15247,14
"chr8",92965766,92966107,0.0903594622286973,0.271078386686092,82139,248358,275379,27022,13
"chr11",119106669,119107798,0.0903560151717644,0.271068045515293,17334,91231,118966,27736,15
"chr6",28251966,28252313,0.0677219052306094,0.270887620922438,72092,88453,120031,31579,13
"chr5",90409680,90409818,0.0902737013724743,0.270821104117423,68919,89961,110727,20767,15
"chr12",72273456,72273927,0.0902293035232011,0.270687910569603,20952,190138,298205,108068,10
"chr7",43729415,43729689,-0.135334414845178,0.270668829690356,77178,179087,179399,313,13
"chr8",55772989,55773574,-0.0676602062047011,0.270640824818804,81611,3656,21623,17968,25
"chr9",34328886,34329392,0.0901940775481307,0.270582232644392,83999,265687,289431,23745,11
"chr19",33684226,33684575,-0.0901570764725533,0.27047122941766,44331,94315,106107,11793,21
"chr11",1389069,1389782,0.0901255808544507,0.270376742563352,12840,94359,189031,94673,7
"chr19",56671834,56671873,0.135167727052082,0.270335454104165,47058,18182,18295,114,9
"chr8",86508615,86508973,0.135155497431473,0.270310994862945,82059,49775,81460,31686,15
"chr1",230869038,230869346,0.135106888432518,0.270213776865035,8387,241063,253958,12896,21
"chr5",141304114,141304379,0.090045553944433,0.270136661833299,70014,1921,16190,14270,12
"chr1",165356176,165357108,0.0899987855081903,0.269996356524571,6295,11699,13739,2041,14
"chr6",7106714,7107971,0.089836858955124,0.269510576865372,71571,180592,278477,97886,14
"chr21",41711736,41711921,-0.134695385217183,0.269390770434365,56344,301727,305981,4255,3
"chr7",100148608,100148818,-0.134643371366457,0.269286742732914,78389,109736,113247,3512,12
"chr5",94111684,94111865,0.089757644994633,0.269272934983899,68965,158411,161305,2895,10
"chr2",104851816,104853592,0.0673128186365101,0.26925127454604,49816,66201,144333,78133,12
"chr19",20167204,20167242,-0.134568937796644,0.269137875593289,44126,15486,20760,5275,5
"chr7",122302861,122305094,0.134562830140115,0.269125660280231,79032,174652,184364,9713,28
"chr16",70528494,70529189,0.0896966167762778,0.269089850328833,33799,55748,220030,164283,3
"chr6",166999216,166999493,0.134489476740512,0.268978953481025,75781,91078,96903,5826,16
"chr2",55419486,55420344,0.0896588119997201,0.26897643599916,48670,93940,164481,70542,13
"chr1",181482770,181483703,-0.0895915135322434,0.26877454059673,6792,128644,139473,10830,12
"chr9",89604780,89606367,0.0895888563834262,0.268766569150279,84606,182477,240754,58278,17
"chr5",141303900,141304580,0.134333638295534,0.268667276591067,70014,39141,81207,42067,12
"chr8",67062000,67062843,0.0895355071991107,0.268606521597332,81798,188809,251727,62919,16
"chr10",102869365,102869466,0.0895308710661542,0.268592613198463,11614,59920,118288,58369,11
"chr1",1327337,1327859,-0.0895179445751006,0.268553833725302,129,109467,155227,45761,4
"chr9",101738755,101738906,0.13421946106802,0.268438922136039,85018,246858,287183,40326,10
"chr6",31542098,31542514,0.0894018226201232,0.26820546786037,72489,106182,118257,12076,42
"chr2",48440392,48440515,0.0893062027635509,0.267918608290653,48571,94386,141494,47109,10
"chr8",142668818,142670080,0.0892722340855471,0.267816702256641,83069,172957,178896,5940,11
"chr4",148444556,148444721,0.13389356636576,0.26778713273152,66726,250335,300279,49945,7
"chr20",18793993,18795501,0.0892448110770923,0.267734433231277,53683,201188,207865,6678,15
"chr6",139028453,139028599,0.0668907753044027,0.267563101217611,75142,168355,186573,18219,11
"chr5",133050919,133051805,-0.0891785762970615,0.267535728891184,69553,164199,277418,113220,12
"chr19",51905006,51905097,0.0668261279530521,0.267304511812208,46515,51621,196918,145298,7
"chr9",124415528,124415946,-0.0890994986397489,0.267298495919247,85585,242703,284190,41488,10
"chr2",27582467,27583459,0.0890941566637453,0.267282469991236,48032,145504,159012,13509,17
"chr1",53195557,53197060,0.0890607158927041,0.267182147678112,3321,156671,243812,87142,12
"chr1",179365666,179366081,-0.133521015322953,0.267042030645905,6720,32245,70140,37896,10
"chr14",73490754,73491046,0.133495491225107,0.266990982450215,26295,201629,206003,4375,7
"chr4",139556459,139556551,0.133495349329058,0.266990698658117,66575,91296,144946,53651,11
"chr2",176637352,176638126,0.0667292373349126,0.26691694933965,51101,103994,241377,137384,12
"chr17",82022865,82022991,-0.0889430503520476,0.266829151056143,40050,55789,68578,12790,17
"chr5",95731112,95732388,0.133352957829554,0.266705915659108,68999,85307,86923,1617,18
"chr1",160031539,160031843,0.133321705100615,0.26664341020123,6019,156364,156762,399,16
"chr18",24459893,24460041,0.133078658651601,0.266157317303202,40654,201690,241503,39814,4
"chr3",98732270,98732272,0.132942273437682,0.265884546875364,61531,139520,226846,87327,12
"chr1",151611449,151611602,0.132915162864544,0.265830325729089,5165,115557,127004,11448,15
"chr17",58007524,58007975,0.132894505422959,0.265789010845918,38437,194745,197555,2811,15
"chr8",13133113,13133687,-0.0885496826956093,0.265649048086828,80599,174554,192358,17805,10
"chr5",94618161,94618598,-0.0664017870799581,0.265607148319833,68973,69029,123264,54236,23
"chr15",64046558,64046784,0.0884366301589908,0.265309890476972,29180,11871,136103,124233,4
"chr1",24470470,24470843,0.0884230740499953,0.265269222149986,1667,247141,258288,11148,5
"chr1",212035174,212036157,-0.0883885678665707,0.265165703599712,7789,79103,93776,14674,22
"chr17",82054531,82054673,0.132534052200855,0.265068104401709,40064,52900,197803,144904,4
"chr3",49358307,49358492,0.132494810202254,0.264989620404507,60567,164680,245947,81268,11
"chr13",27172007,27172200,-0.132494740522053,0.264989481044106,23131,13288,22405,9118,5
"chr22",37674994,37675167,0.0883216344581891,0.264964903374567,58011,195813,273689,77877,12
"chr12",55997014,55997667,0.0883145147350606,0.264943544205182,20301,98508,119131,20624,15
"chr2",149038365,149038625,-0.132414656573053,0.264829313146106,50533,32252,35058,2807,9
"chr1",87331325,87331440,0.132333361071034,0.264666722142068,3971,103645,121330,17686,5
"chr12",43759004,43759414,-0.088161382096804,0.264484146290412,19345,72538,108660,36123,12
"chr1",100250036,100250270,0.0880967502972838,0.264290250891851,4222,235456,274957,39502,10
"chr13",26253931,26254743,-0.08807231682391,0.26421695047173,23112,88064,194195,106132,10
"chr17",7688326,7688581,-0.132106232089271,0.264212464178542,35604,98569,113947,15379,8
"chr8",67063639,67063940,0.0880431190990937,0.264129357297281,81799,171369,310558,139190,9
"chr2",28870572,28870644,0.132028305464631,0.264056610929263,48078,96488,115506,19019,16
"chr8",143558231,143558337,0.0880142591178078,0.264042777353423,83164,138359,174097,35739,16
"chr8",64373284,64373340,0.131933943706481,0.263867887412963,81725,4332,135503,131172,3
"chr5",43040527,43042131,-0.0879431456626739,0.263829436988022,68175,162574,283576,121003,23
"chr12",85036654,85036881,0.131859384392233,0.263718768784467,21093,252108,256886,4779,15
"chr17",40417828,40418347,0.131842288423627,0.263684576847254,37190,209153,217183,8031,14
"chr6",1611510,1612066,0.087859443262864,0.263578329788592,71411,27513,188716,161204,5
"chr17",29929194,29931364,0.0658361129694399,0.263344451877759,36555,267442,299605,32164,24
"chr10",102241623,102242189,0.131655851523139,0.263311703046279,11538,169858,170114,257,9
"chr12",1690607,1690937,0.0877242902871481,0.263172870861444,18103,186136,221121,34986,10
"chr13",40982003,40983416,0.0657779755379233,0.263111902151693,23472,52093,222408,170316,8
"chr12",64222574,64222605,0.0876921501164625,0.263076450349388,20706,185980,202538,16559,12
"chr12",123233241,123233751,0.131428254953198,0.262856509906397,22454,200197,201761,1565,25
"chr12",107318771,107319639,-0.087584038783974,0.262752116351922,21542,189670,249052,59383,15
"chr17",40665025,40665138,0.131308698561485,0.26261739712297,37208,95891,104420,8530,5
"chr1",43936307,43936681,0.131221349833992,0.262442699667985,2900,8564,14682,6119,7
"chr16",1096421,1096545,-0.0874446548590771,0.262333964577231,30948,70840,78364,7525,7
"chr10",31527881,31527952,0.131166625792884,0.262333251585769,9670,188714,280409,91696,2
"chr6",49462900,49463124,-0.131061553807349,0.262123107614698,73669,217105,243662,26558,17
"chr5",100903346,100904215,-0.0873563565086121,0.262069069525836,69091,143316,154575,11260,15
"chr21",44920990,44921474,0.0872520705440747,0.261756211632224,56591,121028,140350,19323,12
"chr3",50567478,50567955,0.065434624191189,0.261738496764756,60729,117776,246355,128580,8
"chr1",226062108,226062151,-0.0872412675846905,0.261723802754071,8120,27204,141008,113805,9
"chr8",62248202,62248294,0.13080373519269,0.26160747038538,81704,46984,50333,3350,11
"chr7",130686902,130687583,0.0871341609615361,0.261402482884608,79319,89386,237478,148093,3
"chr1",145996851,145997266,-0.13064170680079,0.26128341360158,4915,145986,146775,790,18
"chr6",111873494,111873988,-0.130531986167195,0.26106397233439,74569,122802,173691,50890,12
"chr2",124024686,124025308,0.0869714642176612,0.260914392652984,50204,891,10513,9623,13
"chr2",118846393,118849055,0.0869467134162399,0.26084014024872,50106,15692,33504,17813,18
"chr19",3933048,3933116,-0.130383240355164,0.260766480710329,42156,129302,203982,74681,11
"chr1",157841860,157842115,-0.0868983915449714,0.260695174634914,5890,106580,249088,142509,4
"chr3",49094091,49094341,0.0868701577321279,0.260610473196384,60514,137796,139444,1649,18
"chr12",108632070,108632207,0.130300134944887,0.260600269889774,21592,83406,271324,187919,3
"chr16",11797535,11797788,0.130245992831526,0.260491985663052,31853,83492,202800,119309,7
"chr12",3753307,3753331,-0.130226402535163,0.260452805070326,18194,180515,189418,8904,13
"chr6",100463364,100463674,0.130133543773862,0.260267087547724,74329,174139,188096,13958,8
"chr5",75510664,75512378,0.0866751468781336,0.260025440634401,68660,159496,231570,72075,18
"chr17",44004587,44005827,0.0866305698847716,0.259891709654315,37658,88403,97962,9560,20
"chr14",100848947,100849438,-0.0865306467039505,0.259591940111851,27233,215983,227956,11974,3
"chr10",100997038,100997040,-0.129690565329158,0.259381130658315,11442,87571,111581,24011,18
"chr16",179529,180197,0.0863964847108986,0.259189454132696,30760,57782,67142,9361,9
"chr7",44082625,44083062,0.129561798371475,0.259123596742949,77207,125923,182131,56209,9
"chr4",54727264,54728011,-0.0863674117907894,0.259102235372368,65331,305126,305128,3,14
"chr4",94995379,94996335,0.0863438957610526,0.259031687283158,66006,252659,262274,9616,6
"chr2",181657191,181657199,0.12949696661193,0.25899393322386,51222,106806,120449,13644,12
"chr12",51424265,51424566,-0.129473288294945,0.258946576589889,19796,189016,196589,7574,15
"chr12",107093206,107093587,0.0646595432315291,0.258638172926117,21541,18577,61662,43086,16
"chr9",74887713,74887763,0.129207026668823,0.258414053337647,84398,276482,277860,1379,13
"chr17",77088122,77089230,-0.128944159135872,0.257888318271744,39459,248697,252317,3621,17
"chr6",42925256,42925429,-0.128910081462917,0.257820162925834,73366,15792,43166,27375,5
"chr20",4685848,4686716,0.0859061130567691,0.257718339170307,53423,57997,75232,17236,9
"chr6",124962099,124963066,-0.12884412021321,0.25768824042642,74778,23742,42378,18637,16
"chr19",38565444,38565576,0.128750419996788,0.257500839993576,44792,682,21129,20448,4
"chr3",25427657,25428369,0.0857945418159917,0.257383625447975,59647,116873,152467,35595,16
"chr20",64038079,64038084,-0.128642698158326,0.257285396316652,55662,260020,264862,4843,5
"chr4",88159047,88159169,-0.0857406343518797,0.257221903055639,65935,119434,143796,24363,12
"chr19",6737378,6738751,0.128552916605597,0.257105833211194,42484,83632,126729,43098,29
"chr12",119988725,119989378,-0.0856932742808777,0.257079822842633,22138,28198,193782,165585,5
"chr11",89491011,89491179,0.128525597996358,0.257051195992715,16516,261189,269452,8264,19
"chr9",129834563,129836607,0.0642568590866101,0.257027436346441,86005,97047,215594,118548,14
"chr8",80030143,80030585,0.0642360462931992,0.256944185172797,81977,167173,182702,15530,10
"chr12",123364766,123365580,0.0855929933543118,0.256778980062935,22464,187144,204749,17606,9
"chr10",14837194,14838025,-0.128344539379455,0.25668907875891,9318,229251,251138,21888,16
"chr7",149872909,149873278,0.0855301324048611,0.256590397214583,79889,130181,140066,9886,13
"chr2",238060303,238060954,0.0855285002233255,0.256585500669976,52762,100527,156026,55500,10
"chr17",78231918,78232152,-0.0855259229994678,0.256577768998403,39539,9152,16637,7486,15
"chr4",5050666,5051643,0.0854419312252671,0.256325793675801,64499,70585,101659,31075,15
"chr3",11154216,11154491,-0.0854174896566154,0.256252468969846,59285,65074,80450,15377,9
"chr19",6737374,6739669,-0.128110732940129,0.256221465880258,42484,25746,51491,25746,29
"chr4",142846299,142847477,0.0853531236488715,0.256059370946615,66637,241232,277292,36061,13
"chr17",38853238,38853905,0.127928087435863,0.255856174871726,36973,272493,295233,22741,19
"chr7",100633510,100633655,0.127908923947426,0.255817847894851,78478,7584,67656,60073,9
"chr4",118836065,118836466,0.0852405028771691,0.255721508631507,66341,68892,96484,27593,13
"chr8",96645031,96645204,0.127858799791654,0.255717599583309,82232,44409,47134,2726,11
"chr17",82050665,82051969,0.127847994478839,0.255695988957677,40062,92170,137670,45501,14
"chr2",199457833,199458280,0.127737912451726,0.255475824903451,51494,60536,61487,952,12
"chr6",35342045,35342219,-0.127719000549622,0.255438001099245,72970,231297,241202,9906,10
"chr7",102748880,102748945,0.127690447861437,0.255380895722873,78682,129637,184871,55235,3
"chr17",78360151,78360829,-0.08507625479894,0.25522876439682,39549,137966,140115,2150,19
"chr12",106138523,106140439,0.127582261485862,0.255164522971724,21512,193970,280936,86967,15
"chr8",143553260,143553326,0.127575294756955,0.25515058951391,83163,183006,184404,1399,11
"chr6",53349150,53349210,-0.127520657569029,0.255041315138058,73779,50183,99811,49629,17
"chr1",61725245,61725247,0.127435256201096,0.254870512402193,3541,256644,261152,4509,9
"chr16",69106627,69107534,-0.0849195944737563,0.254758783421269,33692,56857,104553,47697,12
"chr5",140926596,140926628,-0.0849079440629703,0.254723832188911,69961,394,5441,5048,18
"chr1",3650399,3651174,-0.127317016087746,0.254634032175492,420,111097,117903,6807,43
"chr14",57268560,57269319,-0.0848403076882734,0.25452092306482,25735,125635,138395,12761,18
"chr14",54396658,54396832,0.127058493956145,0.25411698791229,25669,101040,195544,94505,9
"chr1",201283325,201283696,0.0847034838227412,0.254110451468224,7136,1570,88822,87253,10
"chr7",129367882,129368061,-0.0847011186780126,0.254103356034038,79243,85124,120773,35650,10
"chr12",81598315,81599158,-0.0846888857152127,0.254066657145638,21078,226712,260710,33999,4
"chr18",79963201,79963953,-0.0846825927739356,0.254047778321807,41476,278577,300246,21670,14
"chr11",103056642,103056921,-0.0846661754891131,0.253998526467339,16730,272322,310796,38475,3
"chr12",6341869,6342150,0.0846473080871681,0.253941924261504,18282,193097,246646,53550,5
"chr2",118842172,118843122,0.084637874228806,0.253913622686418,50105,16364,134988,118625,8
"chr9",83063006,83063308,0.0845868801740646,0.253760640522194,84470,27585,67276,39692,12
"chr4",99563416,99563735,0.126873812998369,0.253747625996739,66054,100242,101311,1070,16
"chr5",138177901,138178454,0.0845341667988389,0.253602500396517,69731,132999,141999,9001,25
"chr1",155273685,155273695,-0.1267113692561,0.2534227385122,5601,161961,162183,223,13
"chr1",115338244,115338638,0.0844583359132091,0.253375007739627,4686,5429,11316,5888,9
"chr14",104117295,104117761,0.0844490521933255,0.253347156579977,27537,71171,76295,5125,15
"chr5",79235838,79235858,-0.126671773095568,0.253343546191136,68768,110495,118597,8103,12
"chr17",45894095,45894940,0.0844415758215704,0.253324727464711,37873,2557,12255,9699,20
"chr1",226365138,226365138,0.126591729407694,0.253183458815388,8142,278703,304339,25637,2
"chr8",13566571,13566585,0.126511556696558,0.253023113393116,80604,177165,184494,7330,13
"chr3",159272700,159273849,0.0842930142864413,0.252879042859324,63092,85891,125520,39630,8
"chr7",129501557,129502282,-0.0842804560635079,0.252841368190524,79257,68637,240130,171494,8
"chr15",74747977,74748809,0.0842638865459063,0.252791659637719,29704,199907,297561,97655,5
"chr6",33248037,33249843,0.0842463695104198,0.252739108531259,72811,186471,188394,1924,39
"chr14",24299505,24299847,-0.0631486267814977,0.252594507125991,25195,56350,97524,41175,22
"chr2",218959329,218962021,0.084160618975689,0.252481856927067,52092,5469,29493,24025,23
"chr11",64036367,64036647,0.12623030629186,0.252460612583719,15086,176456,182997,6542,10
"chr7",101126622,101127153,-0.0841475983235541,0.252442794970662,78577,180478,190248,9771,8
"chr5",171307852,171309017,0.0841394367034938,0.252418310110481,70823,18500,31235,12736,17
"chr18",22169207,22169579,-0.0840782674205649,0.252234802261695,40582,13085,57727,44643,9
"chr20",2663560,2664408,0.0840371016910873,0.252111305073262,53272,198936,208793,9858,16
"chr2",9555991,9556476,0.0840277984860027,0.252083395458008,47490,105142,147242,42101,11
"chr14",94080955,94081152,0.125996082647649,0.251992165295297,26955,211272,211561,290,21
"chr2",233014004,233014335,-0.125902902669945,0.251805805339889,52570,12374,88715,76342,4
"chr16",4475917,4476764,-0.0838590736230134,0.25157722086904,31587,73426,77249,3824,14
"chr10",104640119,104640696,0.125741628083476,0.251483256166951,11745,335,8361,8027,10
"chr2",113067657,113067936,-0.125704377562597,0.251408755125193,50032,144827,159170,14344,5
"chr7",149431540,149431845,0.125681908994083,0.251363817988167,79840,170653,188634,17982,2
"chr5",93620970,93621392,0.0837762765947989,0.251328829784397,68961,35876,121971,86096,10
"chr9",120894943,120895149,0.1256465654227,0.2512931308454,85398,116427,174857,58431,6
"chr1",1354415,1354832,0.0837159387617627,0.251147816285288,140,60453,96469,36017,9
"chr13",45463869,45464838,0.0627822314532441,0.251128925812976,23588,113728,256482,142755,11
"chr8",118111030,118112223,0.125559927957331,0.251119855914663,82541,168102,186388,18287,12
"chr20",19886166,19886501,0.0836855967344178,0.251056790203253,53695,5632,128730,123099,9
"chr18",24426352,24426771,0.0836835509112012,0.251050652733604,40651,73093,97634,24542,13
"chr4",152779065,152780178,0.0836661420706172,0.250998426211852,66794,97268,151498,54231,11
"chr12",104138561,104139236,0.125475062806556,0.250950125613112,21460,189715,221009,31295,6
"chr2",219244447,219245765,-0.0627211813174027,0.250884725269611,52148,159168,218304,59137,19
"chr7",94655419,94656015,-0.0836243159025295,0.250872947707589,78141,10047,14080,4034,81
"chr19",57351186,57351270,-0.0836178920072071,0.250853676021621,47091,202628,211411,8784,13
"chr19",43579536,43580595,-0.0835848246273671,0.250754473882101,45385,60363,71690,11328,9
"chr15",62059975,62060337,0.125363804525563,0.250727609051126,29088,212744,246820,34077,14
"chr15",66567166,66567378,-0.0835337346812422,0.250601204043727,29354,251821,275554,23734,4
"chr17",4555654,4555778,0.125283168135795,0.250566336271591,35200,259717,296802,37086,11
"chr1",182789314,182789319,0.125274901165029,0.250549802330058,6842,247230,248783,1554,11
"chr17",7080133,7081161,0.0834844441531429,0.250453332459429,35447,218718,270440,51723,7
"chr5",53109925,53110056,0.125204379943697,0.250408759887394,68244,100284,112313,12030,17
"chr3",158732457,158732761,-0.0625662166046296,0.250264866418519,63084,66726,80226,13501,16
"chr19",54572793,54572864,0.0834049215579959,0.250214764673988,46818,59864,270665,210802,3
"chr8",123072216,123073429,-0.0833963596465303,0.250189078939591,82615,177472,185504,8033,15
"chr18",24138643,24138803,0.0833915840285709,0.250174752085713,40643,126527,221622,95096,21
"chr6",28218699,28219145,-0.0833880837732155,0.250164251319646,72086,173880,196841,22962,8
"chr19",58440067,58440305,-0.125076266452366,0.250152532904732,47240,86388,103036,16649,12
"chr6",31862853,31862874,-0.125056002487359,0.250112004974719,72593,79237,89951,10715,34
"chr21",46285200,46286874,0.0833104989892179,0.249931496967654,56719,206924,221991,15068,15
"chr4",70591459,70592189,-0.0833073757601855,0.249922127280556,65539,250183,280789,30607,7
"chr16",56781792,56782122,-0.124934594052334,0.249869188104668,33167,253674,254185,512,12
"chr12",53079820,53079882,0.0832614966306511,0.249784489891953,19990,127231,211518,84288,10
"chr9",35646758,35647076,0.0832142481550068,0.24964274446502,84110,17389,181277,163889,4
"chr11",117315805,117316337,0.124796011679853,0.249592023359706,17138,137801,168336,30536,13
"chr5",141475230,141476902,0.0831762946666374,0.249528883999912,70074,141224,233136,91913,14
"chr5",161848117,161848430,0.12475763701093,0.24951527402186,70696,155577,157615,2039,22
"chr5",177022646,177022841,0.12457086694061,0.24914173388122,71034,91807,100119,8313,14
"chr4",89836969,89837378,0.12444239978773,0.24888479957546,65974,121336,142980,21645,22
"chr7",35037590,35038470,0.082946754682264,0.248840264046792,77022,80852,180191,99340,14
"chr3",49368520,49368530,-0.0829366139297227,0.248809841789168,60570,311654,311656,3,9
"chr17",61399666,61400833,0.0621828534637268,0.248731413854907,38599,197906,210166,12261,23
"chr15",55408491,55408582,0.124363653373265,0.248727306746531,28929,292085,298444,6360,19
"chr9",21975085,21975498,-0.124294519310439,0.248589038620878,83841,84081,125218,41138,14
"chr10",17227003,17227776,0.124283967817739,0.248567935635477,9381,260552,303704,43153,18
"chr3",156554922,156555508,0.0828004945392553,0.248401483617766,63022,163734,240307,76574,14
"chr7",87627714,87629044,-0.082770386872953,0.248311160618859,77983,353,18797,18445,13
"chr5",142771266,142771354,-0.124118419836832,0.248236839673664,70159,141383,144368,2986,12
"chr14",34982756,34983396,-0.0827323030015296,0.248196909004589,25365,102038,194145,92108,16
"chr19",47514928,47516354,-0.0620396896278176,0.248158758511271,45865,137882,256529,118648,14
"chr16",31135564,31136516,-0.0827100115363735,0.248130034609121,32758,269850,294561,24712,11
"chr3",196639320,196639738,0.124058032821547,0.248116065643095,64041,139747,158219,18473,12
"chr15",73994273,73994482,0.123997564078881,0.247995128157763,29644,91970,107221,15252,16
"chr10",1042666,1042752,-0.0826383403028755,0.247915020908626,8918,122445,227309,104865,3
"chr19",55615409,55615781,-0.123953850621026,0.247907701242052,46968,59133,77201,18069,4
"chr14",61696375,61696451,0.123903477468834,0.247806954937669,25872,238730,239964,1235,4
"chr6",30066628,30067327,-0.0825685410612148,0.247705623183644,72257,175903,177627,1725,18
"chr16",89616701,89616758,-0.123850377105619,0.247700754211238,34682,63887,70512,6626,3
"chr12",76559763,76560038,-0.0825503573948301,0.24765107218449,20998,87724,208306,120583,10
"chr17",63932247,63932291,0.123788105291925,0.247576210583849,38744,51465,89580,38116,5
"chr6",32894467,32894475,-0.123766097589806,0.247532195179612,72754,171805,174941,3137,27
"chr5",145936076,145936500,0.123720056580889,0.247440113161778,70189,156281,246325,90045,8
"chr3",149377219,149378144,0.0824546273311489,0.247363881993447,62844,142037,233133,91097,11
"chr1",1575057,1575604,0.0824306585647594,0.247291975694278,189,146965,284327,137363,12
"chr7",99325468,99325627,0.123634137341809,0.247268274683618,78279,113153,174754,61602,8
"chr17",7650554,7651100,0.0824165762319935,0.247249728695981,35594,265795,299952,34158,16
"chr6",28587087,28587784,0.061791335277194,0.247165341108776,72130,49950,115492,65543,33
"chr7",2518566,2519192,-0.123505503838619,0.247011007677238,76182,247929,253001,5073,7
"chr20",18567118,18567247,0.123448189761211,0.246896379522422,53677,296055,297617,1563,12
"chr8",22598878,22598908,-0.123363426820487,0.246726853640974,80833,44869,169859,124991,5
"chr2",127220818,127220914,0.123309344544926,0.246618689089852,50225,119510,135395,15886,4
"chr2",196592676,196592696,-0.123282854917216,0.246565709834431,51427,164528,165510,983,5
"chr15",49155043,49155929,0.082162684302117,0.246488052906351,28754,86268,133154,46887,17
"chr17",39711947,39712433,-0.0821272855012513,0.246381856503754,37072,303140,312000,8861,4
"chr7",100889893,100891084,0.0821074597318053,0.246322379195416,78544,106088,179720,73633,11
"chr18",77249771,77250260,-0.123110418911983,0.246220837823966,41428,7231,7562,332,33
"chr7",134127187,134127464,0.0820276117235813,0.246082835170744,79375,95992,123190,27199,11
"chr14",75278317,75278815,-0.123030126757082,0.246060253514164,26451,258371,295151,36781,11
"chr20",2751725,2751966,0.122994858726677,0.245989717453354,53279,67649,216892,149244,2
"chr6",55578959,55579293,0.12293468851371,0.24586937702742,73811,44606,48621,4016,14
"chr9",23821568,23821913,0.122931873423153,0.245863746846306,83859,43229,65523,22295,17
"chr11",5580602,5580893,-0.0819378412054973,0.245813523616492,13186,174888,183296,8409,4
"chr11",128697063,128697119,-0.122888047722461,0.245776095444922,17783,86540,233310,146771,2
"chr19",12890813,12891176,0.122880765983082,0.245761531966164,43279,127502,138060,10559,15
"chr7",100477723,100477883,0.122758347590227,0.245516695180454,78446,178937,189657,10721,6
"chr11",75561800,75562160,-0.0818332010454846,0.245499603136454,16227,105562,188893,83332,7
"chr13",48036884,48037902,-0.12273064197201,0.245461283944019,23651,251729,292679,40951,13
"chr4",186723978,186723990,0.122724571988626,0.245449143977253,67345,110635,124047,13413,12
"chr10",34814941,34816473,0.0818111884114697,0.245433565234409,9723,94703,172601,77899,11
"chr22",44172507,44172895,0.0613451440531541,0.245380576212617,58606,110405,135828,25424,9
"chr2",216372076,216372320,0.0817747051947442,0.245324115584233,51924,82529,108368,25840,15
"chr5",140691519,140691525,-0.122656100381431,0.245312200762862,69909,140881,140974,94,23
"chr17",57885342,57885480,-0.122585023326847,0.245170046653695,38429,9170,51659,42490,3
"chr19",35637201,35637591,-0.122457220890342,0.244914441780685,44502,72889,120345,47457,3
"chr9",137026068,137026329,-0.0816328666670947,0.244898600001284,86662,91285,302554,211270,3
"chr14",20989712,20989803,-0.122412986911688,0.244825973823377,24850,124655,125024,370,14
"chr16",3577314,3577645,0.122390506097813,0.244781012195627,31480,230314,251120,20807,6
"chr22",50261220,50261439,0.122343112972532,0.244686225945064,58907,96591,211279,114689,5
"chr8",63167962,63168087,0.122315764719543,0.244631529439087,81714,190139,235697,45559,15
"chr9",23820981,23821775,0.0815374676483934,0.24461240294518,83859,14734,18663,3930,17
"chr21",30501798,30502184,-0.122294585833694,0.244589171667388,55903,136934,205154,68221,4
"chr19",11454576,11454868,-0.122292032047045,0.244584064094091,43109,17721,73925,56205,4
"chr1",169368007,169368284,0.122247522976181,0.244495045952361,6427,143106,143664,559,14
"chr10",21174483,21175367,-0.122226183963891,0.244452367927781,9437,191402,309818,118417,15
"chr2",55923790,55924253,0.0814834276017947,0.244450282805384,48682,104152,234319,130168,6
"chr11",134275596,134276372,-0.0814795538508028,0.244438661552408,17960,178106,241649,63544,11
"chr19",44747381,44748668,0.122200522867708,0.244401045735415,45497,137826,198187,60362,12
"chr1",217137892,217138189,0.0814588484930968,0.24437654547929,7905,116372,133550,17179,12
"chr12",76763696,76763911,0.122164356126426,0.244328712252853,21002,181348,192290,10943,10
"chr2",178478738,178479144,0.0813759673613004,0.244127902083901,51159,143753,160294,16542,8
"chr16",70252052,70252876,0.0813170158247245,0.243951047474174,33767,84667,210311,125645,14
"chr6",166342233,166343279,0.0812905439437921,0.243871631831376,75751,93759,170318,76560,10
"chr6",20401377,20401565,-0.0812112237306952,0.243633671192086,71828,45645,102201,56557,13
"chr4",140373431,140373513,0.0812092199142224,0.243627659742667,66593,144159,157479,13321,12
"chr17",38852706,38854121,-0.0811936969276805,0.243581090783042,36973,207687,242630,34944,19
"chr15",61229425,61229475,-0.0811566390191183,0.243469917057355,29082,58803,64301,5499,13
"chr2",218781546,218781608,-0.0811351684931827,0.243405505479548,52076,246823,280152,33330,9
"chr1",155262327,155262436,-0.121605130351385,0.24321026070277,5598,122371,122582,212,12
"chr22",21952825,21953110,0.0810306946436675,0.243092083931003,57134,12146,94568,82423,9
"chr4",84966257,84967110,-0.121508582119451,0.243017164238901,65856,59917,85953,26037,9
"chr17",75844669,75845577,0.0809965328875749,0.242989598662725,39299,64037,96621,32585,11
"chr16",56520156,56520212,0.121447143399803,0.242894286799606,33141,125061,126966,1906,13
"chr3",48439858,48440733,0.0809396822792046,0.242819046837614,60402,162464,165987,3524,17
"chr1",209827847,209828075,-0.0809055279007468,0.24271658370224,7737,111321,148969,37649,16
"chr17",36948170,36948761,0.121356442121109,0.242712884242218,36873,204211,234385,30175,11
"chr2",201118476,201118519,-0.0809013291356768,0.24270398740703,51568,134061,154224,20164,10
"chr5",55852665,55853146,0.0606432200261362,0.242572880104545,68318,92786,214960,122175,6
"chr11",2401929,2402014,-0.0808540956834195,0.242562287050259,12940,171319,180288,8970,40
"chr17",2054377,2056905,0.0808446695135383,0.242534008540615,34992,83208,84591,1384,54
"chr8",52940101,52940552,-0.121255898988798,0.242511797977597,81557,107318,178988,71671,8
"chr20",37404949,37404954,0.121240510409602,0.242481020819203,54400,78961,138123,59163,4
"chr18",46072432,46072471,0.121238033993711,0.242476067987422,40885,107799,194881,87083,11
"chr7",157568938,157568947,0.12106574274206,0.24213148548412,80242,135940,288950,153011,3
"chr6",54307385,54308518,-0.0806978211476072,0.242093463442821,73802,99426,161800,62375,6
"chr14",51650686,51652804,0.080673103045595,0.242019309136785,25606,98777,197167,98391,14
"chr3",9648750,9648872,0.0806714455720882,0.242014336716265,59147,162470,223256,60787,15
"chr8",37736332,37737598,-0.120877317281109,0.241754634562218,81218,180549,246439,65891,19
"chr3",150546687,150546948,-0.0805729185391573,0.241718755617472,62879,113791,162460,48670,10
"chr4",77156843,77157167,0.0805328830465951,0.241598649139785,65733,137495,149832,12338,9
"chr5",161849513,161850554,-0.120727233875052,0.241454467750105,70697,246344,248300,1957,8
"chr11",86671858,86672436,0.0804594469413765,0.24137834082413,16479,13723,20627,6905,18
"chr17",1629882,1630276,0.120646951600454,0.241293903200908,34925,217185,291795,74611,13
"chr5",136028639,136028863,0.0804048402353549,0.241214520706065,69659,93368,147690,54323,11
"chr21",41316613,41316723,0.120598675067472,0.241197350134944,56313,2862,52718,49857,3
"chr10",60778218,60778443,0.0803947245303959,0.241184173591188,10140,171604,180232,8629,15
"chr5",95554983,95555464,-0.120509438400933,0.241018876801866,68990,154863,154894,32,17
"chr1",154404927,154405099,0.0803067899839351,0.240920369951805,5468,159733,245464,85732,12
"chr4",13654358,13654607,-0.0802792049601141,0.240837614880342,64739,121064,136013,14950,9
"chr5",40755973,40756744,-0.120386655518453,0.240773311036906,68117,105474,146204,40731,7
"chr3",4492221,4493377,0.120304890726711,0.240609781453422,59062,242783,258863,16081,14
"chr19",39847434,39847696,0.0801602679189483,0.240480803756845,44960,202411,237996,35586,3
"chr17",6831746,6831953,0.120227880028811,0.240455760057621,35415,56991,59577,2587,10
"chr6",138499551,138499577,0.120176955318473,0.240353910636946,75120,234955,238952,3998,9
"chr4",108166824,108169903,0.0801173950008852,0.240352185002656,66175,100806,107697,6892,28
"chr1",53220336,53220851,-0.120171539445893,0.240343078891785,3324,96448,102082,5635,9
"chr3",185253864,185253911,-0.120155196705433,0.240310393410866,63613,37796,86988,49193,9
"chr1",161225755,161226014,0.120154950417106,0.240309900834213,6176,260863,265902,5040,14
"chr6",37170462,37171346,-0.120041029574764,0.240082059149529,73108,190643,301349,110707,19
"chr17",82228390,82228460,-0.0800144875887603,0.240043462766281,40094,11709,17714,6006,8
"chr19",11673431,11674140,0.0799757832823876,0.239927349847163,43139,204924,294677,89754,9
"chr7",154892617,154893598,0.0799170491783699,0.23975114753511,80143,14571,117269,102699,14
"chr6",143511439,143511829,0.119817433193247,0.239634866386494,75193,170460,180746,10287,13
"chr20",40688842,40689193,0.119809100033767,0.239618200067533,54496,2598,11168,8571,15
"chr10",69450857,69451307,0.0797641131146033,0.23929233934381,10336,180589,255118,74530,8
"chr7",25125372,25125782,0.0797239110944539,0.239171733283362,76753,167056,188007,20952,11
"chr5",151252687,151253101,0.0797193120708211,0.239157936212463,70464,69824,97647,27824,13
"chr1",247936157,247936881,-0.0796353151630055,0.238905945489017,8812,117636,278965,161330,13
"chr6",110981297,110981965,0.0796230277090093,0.238869083127028,74523,175618,251973,76356,12
"chr16",67191534,67192341,-0.0795915369805259,0.238774610941578,33486,109973,204726,94754,8
"chr8",11201181,11201557,0.119359562664361,0.238719125328722,80512,118125,140780,22656,15
"chr3",197029760,197030004,-0.0795635486049038,0.238690645814711,64077,61148,101331,40184,6
"chr6",89412650,89412808,0.0795610593305739,0.238683177991722,74202,177642,224909,47268,11
"chr1",228425372,228425399,0.0795498749036804,0.238649624711041,8292,8168,109090,100923,7
"chr16",69339159,69340037,-0.079517734554023,0.238553203662069,33718,196355,222280,25926,20
"chr8",136529724,136529945,-0.119249546653485,0.238499093306969,82905,220958,237028,16071,2
"chr15",55289778,55289835,0.119246852902237,0.238493705804474,28922,15586,29255,13670,11
"chr18",75210655,75211302,0.0794961735853939,0.238488520756182,41378,296143,310263,14121,5
"chr11",13009129,13009172,-0.119182800192907,0.238365600385814,13593,12270,17958,5689,16
"chr17",50560084,50560361,0.0794495100684326,0.238348530205298,38244,202674,208104,5431,30
"chr1",206506917,206507295,0.119124207902665,0.238248415805329,7582,88119,94625,6507,13
"chr6",37353373,37354046,0.119085446175479,0.238170892350958,73118,130189,139576,9388,11
"chr2",38377300,38377543,-0.119054884031207,0.238109768062414,48292,18991,24242,5252,7
"chr15",88610436,88610965,0.11902812488419,0.23805624976838,30249,295277,297292,2016,7
"chr16",23301919,23302187,0.118991790559872,0.237983581119744,32242,193180,207982,14803,10
"chr14",93430827,93430849,0.118981495432065,0.23796299086413,26914,10366,17495,7130,5
"chr1",53889837,53890587,-0.0792264684142785,0.237679405242836,3355,162272,225311,63040,11
"chr8",124372889,124373263,-0.118823350695155,0.237646701390309,82678,102818,122900,20083,8
"chr3",10992291,10992815,0.0791586497420762,0.237475949226229,59277,31593,117259,85667,6
"chr2",27890880,27891595,0.0791508636225691,0.237452590867707,48055,150113,151656,1544,24
"chr10",102644768,102644863,0.118701894202303,0.237403788404605,11591,234125,256553,22429,13
"chr1",54764679,54764729,-0.118671947334803,0.237343894669605,3412,87820,114362,26543,11
"chr14",24576419,24576884,0.0791091234603939,0.237327370381182,25248,231766,294056,62291,5
"chr18",2571334,2571634,-0.118632122478152,0.237264244956304,40263,87995,117039,29045,17
"chr2",96324742,96325024,-0.118598017357974,0.237196034715947,49519,158678,224736,66059,16
"chr1",78491160,78491162,-0.118589559338243,0.237179118676486,3842,13721,38805,25085,12
"chr19",3801876,3801924,0.118584752673647,0.237169505347294,42130,197361,201305,3945,7
"chr11",43311751,43311777,-0.118552893715681,0.237105787431362,14138,94788,171763,76976,9
"chr4",6673884,6674154,-0.05927482348309,0.23709929393236,64567,78357,106585,28229,10
"chr11",61743803,61744338,-0.118539883211954,0.237079766423908,14861,41481,44546,3066,6
"chr7",30911471,30912125,-0.0790259566318468,0.23707786989554,76949,4083,93541,89459,14
"chr12",30795860,30796139,0.118472296818006,0.236944593636013,19197,168737,173954,5218,10
"chr8",69832646,69833956,0.0789669021278302,0.236900706383491,81834,171303,188923,17621,34
"chr4",140498317,140498808,0.078926678059304,0.236780034177912,66595,70958,148617,77660,10
"chr11",57336070,57336397,-0.0788913165341614,0.236673949602484,14546,128301,168075,39775,11
"chr15",49422177,49422652,-0.118329634241451,0.236659268482902,28759,251215,270187,18973,8
"chr3",137763096,137763425,0.118284623105392,0.236569246210784,62582,124115,142812,18698,6
"chr12",112906569,112907118,0.118259304174304,0.236518608348608,21890,86401,117442,31042,3
"chr19",58408553,58408635,-0.11824521647979,0.236490432959581,47235,193397,200406,7010,11
"chr9",35690229,35691313,0.0787653264588327,0.236295979376498,84126,189599,262588,72990,13
"chr17",2053912,2055838,-0.0787419390263395,0.236225817079019,34992,202665,212269,9605,54
"chr17",76072586,76072719,-0.0787122546403731,0.236136763921119,39348,193245,210823,17579,12
"chr8",36783695,36784406,-0.0787103868423245,0.236131160526973,81203,180669,212642,31974,9
"chr19",11435293,11436159,-0.078698702814232,0.236096108442696,43102,209975,217199,7225,28
"chr6",24666345,24667232,0.1180474601661,0.236094920332201,71887,97750,176224,78475,15
"chr8",125090995,125092145,0.117998823972514,0.235997647945028,82718,189897,220919,31023,13
"chr2",240567957,240568047,0.117934308239807,0.235868616479614,52897,153739,164379,10641,5
"chr3",49199427,49199485,0.117888094629919,0.235776189259837,60552,36656,37155,500,13
"chr5",136365362,136365734,0.0785373150336549,0.235611945100965,69681,87091,122161,35071,11
"chr20",610155,610441,-0.078500333794141,0.235501001382423,53151,7508,10425,2918,6
"chr1",23825587,23826114,-0.0784941806982192,0.235482542094658,1619,115237,145518,30282,11
"chr17",13018076,13018192,0.11772331761031,0.23544663522062,35928,89600,105289,15690,10
"chr17",63550001,63550342,0.0784710870107824,0.235413261032347,38700,196872,201822,4951,13
"chr4",127632762,127633013,0.0784666682694426,0.235400004808328,66464,146053,150987,4935,13
"chr19",41262261,41262468,0.117665989509475,0.235331979018951,45138,229055,254444,25390,11
"chr10",74150828,74151079,0.117659413578397,0.235318827156795,10626,192682,230755,38074,19
"chr5",21459491,21459547,0.0784141106434019,0.235242331930206,67832,161665,289208,127544,3
"chr6",122610011,122610136,0.0587905579280276,0.235162231712111,74758,47489,120380,72892,14
"chr8",57994177,57994529,0.0783422751064322,0.235026825319297,81649,24860,126930,102071,6
"chr12",54015473,54016796,0.0782897609274083,0.234869282782225,20124,112692,115926,3235,31
"chr8",40897861,40897927,0.0782733774878317,0.234820132463495,81355,81651,115427,33777,10
"chr16",30558655,30558657,-0.117388963240741,0.234777926481482,32651,196060,204436,8377,9
"chr16",57802716,57802744,0.0782411736217802,0.234723520865341,33283,234032,241272,7241,12
"chr6",107028055,107028422,0.0782347311889954,0.234704193566986,74399,20749,46921,26173,10
"chr11",22829342,22830359,-0.117257960083956,0.234515920167913,13859,111832,116042,4211,15
"chr6",109093920,109095042,0.0586240126362709,0.234496050545084,74456,90054,120753,30700,23
"chr16",30064723,30065870,-0.117203336747315,0.23440667349463,32582,198608,201457,2850,24
"chr2",219543277,219544015,0.0781045139454177,0.234313541836253,52208,99291,148101,48811,14
"chr13",49495796,49496363,0.117155736760842,0.234311473521684,23714,210546,248209,37664,14
"chr8",66870150,66870871,-0.0780707292321722,0.234212187696516,81790,128987,175749,46763,9
"chr5",138139376,138139843,0.0780557769935292,0.234167330980588,69724,125053,165366,40314,6
"chr16",30610504,30610675,0.11705883941504,0.23411767883008,32661,100874,196020,95147,12
"chr3",13420152,13420359,-0.117037603689504,0.234075207379008,59391,21970,89218,67249,8
"chr12",109996399,109996536,0.0780041830502489,0.234012549150747,21722,101798,194141,92344,7
"chr1",155910716,155911778,0.0779959186746186,0.233987756023856,5654,133012,149543,16532,15
"chr12",89350711,89350747,0.116967394023756,0.233934788047512,21130,124367,130225,5859,9
"chr2",99181026,99181037,0.116944465191001,0.233888930382002,49650,142143,145055,2913,16
"chr8",33513119,33513384,0.116926952200262,0.233853904400525,81184,172258,178212,5955,19
"chr13",52128324,52129237,0.0779425072720392,0.233827521816118,23831,72536,76630,4095,19
"chr1",162023885,162023896,-0.116811258432433,0.233622516864866,6227,16649,30904,14256,16
"chr12",9064794,9064933,0.116790601943864,0.233581203887729,18574,17101,51444,34344,9
"chr8",31032193,31034067,-0.116758168643864,0.233516337287727,81156,113227,172579,59353,34
"chr10",110304766,110305128,-0.077826118126588,0.233478354379764,11781,178098,186095,7998,11
"chr19",8412824,8413259,-0.0583161996720429,0.233264798688172,42710,58161,247012,188852,8
"chr6",73369962,73369996,0.116616953020603,0.233233906041206,73968,167102,176253,9152,11
"chr1",206023857,206023964,-0.116592856072075,0.233185712144151,7554,63407,97162,33756,10
"chr11",68842828,68843164,0.116582278552486,0.233164557104971,15817,175492,186031,10540,4
"chr3",122679686,122680708,-0.0777155133251054,0.233146539975316,62036,155802,166731,10930,15
"chr17",75109536,75109788,-0.116529134519367,0.233058269038734,39174,122649,196096,73448,13
"chr1",234479221,234479490,0.0776552049113798,0.232965614734139,8474,144381,150283,5903,11
"chr5",43020059,43020614,-0.0776499349130469,0.232949804739141,68174,38951,116676,77726,12
"chr11",15114604,15114959,0.0776190344461847,0.232857103338554,13640,14556,41457,26902,12
"chr16",1612894,1613552,-0.077611137248944,0.232833411746832,31047,106985,198006,91022,5
"chr19",10517619,10518351,0.0775980287780434,0.23279408633413,42941,244446,296260,51815,10
"chr11",18792432,18792531,0.116359989850093,0.232719979700187,13797,103520,130218,26699,12
"chr14",39102640,39103285,0.116317533011824,0.232635066023648,25439,208554,223420,14867,13
"chr19",39540344,39540560,0.116274362750685,0.232548725501371,44937,102425,130311,27887,16
"chr22",24952283,24952491,0.0775104900629966,0.23253147018899,57320,300004,307363,7360,3
"chr3",120742235,120742609,0.116244102968451,0.232488205936903,61967,98083,102160,4078,17
"chr14",101761256,101762358,-0.0774936114472425,0.232480834341727,27333,192848,293836,100989,9
"chr10",99532720,99532750,0.116236304216507,0.232472608433015,11343,81752,82188,437,11
"chr10",78029461,78029658,-0.116204132687301,0.232408265374602,10711,86929,97037,10109,11
"chr11",66616246,66616980,0.0774579568584916,0.232373870575475,15563,118874,184288,65415,12
"chr6",10415057,10415434,0.116108189960064,0.232216379920129,71637,42178,42180,3,20
"chr5",80654792,80655137,0.116102216990524,0.232204433981047,68814,86688,90822,4135,11
"chr10",73770950,73770960,-0.116092977878804,0.232185955757607,10586,227479,280889,53411,2
"chr5",178627038,178627297,-0.0773821460772895,0.232146438231869,71170,6079,31412,25334,9
"chr12",95217792,95218320,0.116054761410536,0.232109522821072,21245,257719,282795,25077,17
"chr10",22437681,22437801,-0.115881476120996,0.231762952241992,9484,184689,185749,1061,6
"chr17",21043731,21044337,0.115865122036085,0.23173024407217,36317,103802,198176,94375,9
"chr19",2900367,2900940,0.0772121235342131,0.231636370602639,41987,207187,298748,91562,10
"chr19",1270277,1270331,0.115813748946756,0.231627497893512,41714,211300,299458,88159,5
"chr12",48183073,48183579,0.115769992247646,0.231539984495293,19468,168766,182559,13794,6
"chr1",247330948,247331948,0.0771301377080919,0.231390413124276,8763,143769,164672,20904,8
"chr6",151325466,151325822,0.0771292419906435,0.231387725971931,75381,167261,184227,16967,10
"chr22",37675181,37675448,-0.11565242884533,0.231304857690659,58011,6301,54179,47879,12
"chr16",69462463,69462681,0.0770994480798932,0.23129834423968,33731,229289,243018,13730,3
"chr21",39312805,39314259,0.115638279297086,0.231276558594173,56254,91395,97724,6330,15
"chr19",49085143,49085412,-0.0770887881485411,0.231266364445623,46093,19107,62678,43572,10
"chr12",2004487,2004621,0.115599339107293,0.231198678214587,18121,119544,140093,20550,12
"chr6",29633712,29634613,0.0770435223589326,0.231130567076798,72208,173432,179724,6293,10
"chr19",11987365,11987757,0.0770385378150992,0.231115613445298,43160,199332,260301,60970,6
"chr7",133082282,133082539,0.07703201912775,0.23109605738325,79367,180382,218218,37837,10
"chr5",135031396,135031409,0.0770097002688883,0.231029100806665,69625,5265,277319,272055,3
"chr5",132864798,132864974,0.115511442305029,0.231022884610057,69541,144004,144200,197,31
"chr20",44246323,44247081,0.0770010304176822,0.231003091253047,54635,201676,217298,15623,15
"chr15",90352103,90352130,0.115469113912783,0.230938227825567,30401,206936,218405,11470,12
"chr17",29617435,29617567,-0.115436161498292,0.230872322996584,36547,102471,102748,278,11
"chr1",219928026,219928671,0.115399738542252,0.230799477084504,7927,137425,138438,1014,18
"chr10",69574211,69574692,0.115358700222602,0.230717400445205,10342,228597,251021,22425,19
"chr19",42268081,42268740,0.0769012254015085,0.230703676204525,45278,202553,292054,89502,6
"chr14",94080135,94081640,0.0768880304130566,0.23066409123917,26955,280523,285695,5173,21
"chr11",6603639,6603647,-0.115310145186763,0.230620290373527,13281,24184,26701,2518,18
"chr22",39993801,39994260,0.11527859909068,0.23055719818136,58253,112519,125203,12685,10
"chr6",150865366,150865375,-0.115245109795759,0.230490219591518,75372,175151,179984,4834,16
"chr5",95619659,95620085,0.0768215657899928,0.230464697369978,68994,164147,278772,114626,12
"chr2",224401246,224402159,0.0767967630867052,0.230390289260116,52295,151618,166127,14510,14
"chr8",144463005,144463138,-0.115186075340973,0.230372150681945,83393,50180,69574,19395,6
"chr1",77682839,77683651,-0.115181732005068,0.230363464010136,3815,143888,145203,1316,16
"chr5",150412785,150412952,0.0767779129071692,0.230333738721508,70390,121816,141885,20070,12
"chr8",143430589,143430603,0.115131441611194,0.230262883222388,83154,11375,13349,1975,5
"chr7",28958309,28958453,0.0767441022785053,0.230232306835516,76872,304436,304488,53,33
"chr1",114780706,114780812,0.1151065219469,0.2302130438938,4676,95985,152442,56458,7
"chr16",67438575,67439028,0.0767143258246736,0.230142977474021,33532,75542,109012,33471,5
"chr6",5004178,5004365,0.11504379807619,0.23008759615238,71543,179155,179339,185,15
"chr1",3067711,3067881,0.114982343872568,0.229964687745136,371,6505,12654,6150,21
"chr16",19717956,19718452,-0.0766512103996554,0.229953631198966,32095,69895,204107,134213,15
"chr6",31706149,31706162,0.11496612790096,0.22993225580192,72545,169250,180301,11052,5
"chr6",30489262,30489356,0.114956911708842,0.229913823417684,72311,169766,177571,7806,10
"chr7",81770142,81770271,0.11494466045539,0.22988932091078,77919,90294,138255,47962,11
"chr16",2276665,2276751,-0.114933745408767,0.229867490817533,31247,57542,202107,144566,2
"chr1",201647928,201648719,0.114908450683924,0.229816901367848,7164,17538,33483,15946,11
"chr19",47429362,47429453,0.114906793655965,0.22981358731193,45850,4106,12207,8102,2
"chr12",48105642,48106535,-0.114850870025556,0.229701740051112,19457,97783,119818,22036,25
"chr19",46745683,46745962,0.0765560111151076,0.229668033345323,45776,3387,56985,53599,20
"chr15",22838385,22838881,0.114787816211323,0.229575632422646,27735,87756,95674,7919,11
"chr5",58460117,58460710,0.114768887849751,0.229537775699501,68382,36372,37929,1558,14
"chr7",100673594,100673637,0.114731787534155,0.229463575068311,78485,130072,178566,48495,9
"chr5",5139684,5139765,0.0764558494883641,0.229367548465092,67586,35665,37588,1924,18
"chr1",201023836,201024183,-0.0572869594946389,0.229147837978556,7111,110962,153906,42945,15
"chr12",54015701,54016742,0.114549433304878,0.229098866609756,20124,107185,110229,3045,31
"chr5",123088364,123089390,0.0763486542375717,0.229045962712715,69353,16008,34646,18639,15
"chr1",155688789,155689426,-0.0763433726699055,0.229030118009717,5635,223353,240157,16805,13
"chr3",134374538,134374690,0.0763370900412756,0.229011270123827,62529,19916,67803,47888,14
"chr1",247548243,247548293,-0.114488688431257,0.228977376862515,8786,150112,230609,80498,2
"chr4",11429069,11429735,0.0763192844098085,0.228957853229426,64715,33111,33369,259,13
"chr1",156500503,156502195,-0.114458328436807,0.228916656873614,5755,140624,305872,165249,12
"chr12",4275713,4276955,-0.0763041962841649,0.228912588852495,18201,5474,49277,43804,12
"chr4",4248358,4248737,0.114449070170695,0.22889814034139,64479,141129,143581,2453,15
"chr11",67403674,67404186,0.0762953606945447,0.228886082083634,15670,239525,304246,64722,8
"chr5",141923555,141923666,-0.114402329594052,0.228804659188103,70124,142240,144791,2552,11
"chr10",132331360,132332010,0.0762618402304224,0.228785520691267,12417,186575,192676,6102,14
"chr3",3179871,3180148,-0.0762308074309865,0.228692422292959,59046,107776,141423,33648,10
"chr20",1947159,1947265,0.11431219649589,0.22862439299178,53239,77470,112256,34787,6
"chr11",65711318,65712054,-0.0762005077936249,0.228601523380875,15405,120014,238230,118217,14
"chr16",87601604,87602051,0.114282365108452,0.228564730216903,34445,194720,208783,14064,8
"chr15",100879091,100879313,-0.114260856815898,0.228521713631796,30678,5685,10940,5256,13
"chr1",54407305,54407310,-0.114244895488606,0.228489790977213,3390,5467,39102,33636,4
"chr6",26659777,26659973,0.0761343963031045,0.228403188909314,72010,49848,174731,124884,10
"chr13",67230505,67230522,-0.114134514643245,0.228269029286489,23932,197717,204061,6345,13
"chr10",13001313,13001878,0.114113996172492,0.228227992344984,9253,214,13605,13392,10
"chr22",17589327,17590510,0.114066579799615,0.228133159599229,56820,66086,228730,162645,6
"chr1",24413368,24413867,0.114035236269761,0.228070472539522,1663,68314,143716,75403,9
"chr6",33201350,33202993,0.0760229044174438,0.228068713252331,72806,189968,191025,1058,85
"chr1",42957925,42959551,0.114020367950904,0.228040735901807,2807,162120,258059,95940,20
"chr20",3407615,3407840,0.113990374549312,0.227980749098623,53348,65910,77919,12010,9
"chr12",132045369,132045867,0.113940472563244,0.227880945126488,22767,15760,42347,26588,5
"chr19",12333670,12333727,0.113920706636811,0.227841413273621,43184,96418,97738,1321,10
"chr15",44663749,44663909,-0.075876878783426,0.227630636350278,28628,77512,129201,51690,11
"chr11",69675206,69676353,0.0758746682655828,0.227624004796748,15866,102062,171330,69269,10
"chr20",46709181,46709433,0.113770354064288,0.227540708128575,54882,256564,293470,36907,9
"chr21",36980814,36980971,-0.0758410175125806,0.227523052537742,56169,11442,200307,188866,5
"chr7",31107679,31107727,-0.0758348802457759,0.227504640737328,76958,171323,200796,29474,3
"chr8",28386596,28386753,-0.113738464627497,0.227476929254995,81067,97127,113169,16043,12
"chr6",28586497,28587560,0.0758068045004648,0.227420413501394,72130,176429,176799,371,33
"chr2",677472,677898,0.113641399708342,0.227282799416685,47298,162227,164554,2328,20
"chr5",179803781,179804109,0.113612032592478,0.227224065184956,71240,4171,84638,80468,11
"chr6",32196792,32196946,0.1136065749074,0.2272131498148,72680,178710,179792,1083,55
"chr22",19723357,19723386,0.113559874387016,0.227119748774032,56928,53056,54399,1344,15
"chr12",12724795,12725909,-0.113451375504105,0.22690275100821,18791,196595,268344,71750,13
"chr20",63567681,63567828,0.113442009335962,0.226884018671925,55566,117139,119616,2478,6
"chr5",131635618,131636084,0.0756279595871524,0.226883878761457,69461,159477,289203,129727,18
"chr11",84720875,84721269,0.075609056544444,0.226827169633332,16438,111661,182485,70825,6
"chr10",22315070,22315998,-0.0755866912467737,0.226760073740321,9471,127712,171141,43430,16
"chr10",102132619,102132762,-0.113378823982891,0.226757647965781,11525,102018,107231,5214,11
"chr11",130916738,130917184,0.0755522890913239,0.226656867273972,17895,178341,219391,41051,10
"chr12",71663982,71663992,0.113263350356039,0.226526700712078,20931,101691,111893,10203,28
"chr6",107115302,107115951,0.113259045876147,0.226518091752294,74405,252814,288311,35498,6
"chr8",32721419,32721735,-0.0754225183791949,0.226267555137585,81171,103428,187176,83749,3
"chr12",66188802,66188957,0.113125969951729,0.226251939903458,20782,200934,205647,4714,11
"chr8",11702790,11703112,0.113103676360915,0.22620735272183,80544,48427,48835,409,27
"chr1",117204169,117205013,-0.0753781620118577,0.226134486035573,4761,236823,260861,24039,4
"chr6",31703197,31703388,-0.0565308996024046,0.226123598409618,72543,48284,78669,30386,43
"chr19",1230769,1231166,-0.0753619376716307,0.226085813014892,41698,9685,201313,191629,3
"chr7",75073781,75074062,0.113036436917976,0.226072873835952,77768,184698,188028,3331,10
"chr12",100473933,100473948,0.113002386623315,0.22600477324663,21367,139027,253319,114293,7
"chr11",105610061,105610565,0.112989863212078,0.225979726424156,16761,189487,191355,1869,24
"chr20",58388959,58389255,0.0753230297059301,0.22596908911779,55220,68695,87667,18973,15
"chr9",136438845,136440036,-0.112934653961629,0.225869307923259,86515,85638,89074,3437,12
"chr2",112054009,112054142,-0.112922573782039,0.225845147564078,49964,163321,166629,3309,4
"chr11",119678580,119678736,-0.112842464089762,0.225684928179525,17408,45764,278177,232414,3
"chr20",3045322,3046382,0.112764759689889,0.225529519379777,53302,88914,96516,7603,10
"chr20",2652072,2653043,0.112747821558562,0.225495643117125,53269,199533,240031,40499,15
"chr15",44195530,44195590,0.112692404934827,0.225384809869654,28610,123621,197994,74374,13
"chr11",69704320,69704360,0.112682631544213,0.225365263088426,15868,106832,169857,63026,15
"chr17",42563204,42563226,-0.075121492291647,0.225364476874941,37481,15073,21420,6348,20
"chr3",146161188,146161490,-0.112647005490154,0.225294010980307,62784,29835,66853,37019,15
"chr7",65373099,65373104,-0.112544155402911,0.225088310805821,77580,62426,240433,178008,2
"chr19",23914609,23914951,0.0750190623060416,0.225057186918125,44194,124442,240843,116402,3
"chr2",98731391,98731769,-0.0750172776996942,0.225051833099083,49632,30358,150416,120059,5
"chr3",187021241,187021384,0.0750118523566446,0.225035557069934,63720,154911,236924,82014,4
"chr12",47216223,47216951,0.074983576310518,0.224950728931554,19406,267848,301787,33940,10
"chr1",244856473,244856567,0.112450582038293,0.224901164076585,8694,258520,271983,13464,3
"chr11",66546740,66546746,0.112398962516358,0.224797925032717,15549,99462,116691,17230,17
"chr19",35757107,35758311,0.11238860947452,0.22477721894904,44540,259324,279831,20508,16
"chr1",51345151,51345164,-0.112375852564488,0.224751705128977,3236,144332,147024,2693,7
"chr1",94237542,94237784,-0.112325467381151,0.224650934762302,4129,69191,87549,18359,9
"chr6",27132892,27132938,-0.112292854944881,0.224585709889762,72014,170660,170995,336,14
"chr18",49487407,49487769,-0.112291070264626,0.224582140529253,40986,251141,266708,15568,13
"chr1",115338229,115338423,0.0748402369762595,0.224520710928778,4686,121601,122107,507,9
"chr16",71358470,71358845,0.112207273787585,0.224414547575171,33838,204417,295022,90606,10
"chr1",201955259,201955538,-0.0747614952212474,0.224284485663742,7194,64151,142505,78355,9
"chr17",47970707,47970998,0.112092145209168,0.224184290418336,37986,293247,299104,5858,19
"chr8",144529154,144529437,0.112080182449731,0.224160364899462,83424,168923,172562,3640,15
"chr7",76047400,76047925,-0.0747101197009992,0.224130359102998,77816,173760,178769,5010,22
"chr1",248847147,248847249,0.11205564125843,0.22411128251686,8855,256580,257562,983,6
"chr19",41859556,41859628,-0.112051258731012,0.224102517462024,45207,76059,97754,21696,11
"chr4",153789446,153790468,0.0746963516138255,0.224089054841477,66831,31726,33269,1544,38
"chr17",44708010,44708677,0.0746765393699145,0.224029618109743,37755,132907,243394,110488,13
"chr18",11908332,11908804,-0.112013954780098,0.224027909560196,40467,25606,53249,27644,12
"chr10",104328944,104328953,0.111947366316602,0.223894732633203,11732,40226,43491,3266,8
"chr8",100105721,100106149,0.074631376452113,0.223894129356339,82291,16433,77552,61120,15
"chr5",64506279,64506585,-0.0746211707731196,0.223863512319359,68458,30628,106695,76068,14
"chr17",49574091,49574350,-0.0746205806706602,0.223861742011981,38111,124315,232218,107904,6
"chr1",175023294,175023725,-0.111911837603298,0.223823675206595,6615,117265,124205,6941,8
"chr2",96139011,96139561,-0.111880978914616,0.223761957829232,49493,132977,225648,92672,4
"chr19",1039832,1040078,0.111852046307038,0.223704092614076,41640,194763,210068,15306,8
"chr16",69105280,69105541,0.0745511163639049,0.223653349091715,33691,264076,310786,46711,13
"chr8",21913747,21913767,-0.111823638996921,0.223647277993842,80742,180520,180642,123,7
"chr17",28712014,28712505,0.111820633925147,0.223641267850295,36448,83346,85937,2592,16
"chr6",18122762,18122793,-0.111792684732212,0.223585369464424,71803,184346,192125,7780,12
"chr17",8247902,8249092,0.111785001074492,0.223570002148984,35728,75171,88973,13803,14
"chr10",102120479,102121311,0.111782560860361,0.223565121720722,11524,139672,168042,28371,22
"chr16",62036101,62036315,0.111771896334173,0.223543792668346,33368,77013,83473,6461,20
"chr18",34223103,34223872,0.111719680015308,0.223439360030615,40752,85533,90279,4747,11
"chr19",47335875,47336874,0.111706520724494,0.223413041448988,45835,95529,102003,6475,7
"chr19",54473558,54473561,0.111691000419544,0.223382000839088,46810,101501,209454,107954,3
"chr10",102393994,102394443,0.111661821075964,0.223323642151928,11548,184437,240521,56085,26
"chr3",139539589,139540070,0.0744030408470528,0.223209122541158,62669,80353,102806,22454,14
"chr7",101569352,101569632,0.11160210720085,0.223204214401701,78628,225871,237616,11746,2
"chr7",76397536,76397749,0.111584823679001,0.223169647358002,77837,85826,101793,15968,8
"chr13",51803594,51804608,-0.111583134201856,0.223166268403713,23805,91916,208604,116689,13
"chr1",186375519,186375830,0.111548192175745,0.22309638435149,6946,140000,140488,489,17
"chr7",100173885,100173960,-0.11150177670784,0.22300355341568,78400,108867,182008,73142,2
"chr20",35411958,35412470,0.0743241039192207,0.222972311757662,54229,75856,107433,31578,12
"chr4",105474153,105474164,-0.111414726437059,0.222829452874117,66126,102239,116501,14263,12
"chr9",76906125,76906174,0.0742763877961068,0.22282916338832,84433,10985,65086,54102,9
"chr10",99430628,99430946,0.111413147871433,0.222826295742866,11340,137830,138888,1059,14
"chr3",196941937,196942757,0.0742694681989946,0.222808404596984,64063,3849,27704,23856,21
"chr15",40239142,40239242,0.11138048117337,0.222760962346741,28232,73505,75728,2224,18
"chr16",8642470,8642515,0.111373698222962,0.222747396445924,31692,218924,297167,78244,2
"chr11",41459742,41460028,0.0742277007498296,0.222683102249489,14129,109917,115883,5967,10
"chr10",107165109,107165464,0.11133574354619,0.22267148709238,11757,118551,122438,3888,15
"chr5",172338281,172339419,-0.0742061581429473,0.222618474428842,70861,145280,151885,6606,13
"chr10",46556397,46556406,0.111293467747692,0.222586935495383,9936,170022,261032,91011,9
"chr11",27506942,27507045,-0.11124441020846,0.22248882041692,13896,89107,95610,6504,12
"chr9",89310761,89311065,0.111232055648415,0.222464111296831,84588,198734,228966,30233,8
"chr21",42653109,42653809,0.0741471218298477,0.222441365489543,56441,73463,90280,16818,7
"chr3",191328932,191329692,0.0741230833087934,0.22236924992638,63846,108935,128740,19806,10
"chr3",52495335,52495377,-0.111175309669078,0.222350619338155,60897,30735,31548,814,9
"chr1",23177932,23177951,0.111174036691207,0.222348073382413,1564,12456,30575,18120,6
"chr7",84531635,84532104,-0.11116860657814,0.222337213156279,77945,186984,217848,30865,2
"chr14",103560502,103560956,-0.0741068015471036,0.222320404641311,27482,194958,211828,16871,3
"chr1",13584060,13584301,-0.0740937584100146,0.222281275230044,973,39694,87479,47786,24
"chr17",67367141,67367197,0.111136505780557,0.222273011561114,38872,119112,209076,89965,11
"chr2",70086031,70087959,-0.0740851130946699,0.22225533928401,48963,100263,119309,19047,19
"chr12",113334853,113335495,-0.0740831267921923,0.222249380376577,21953,76162,111466,35305,11
"chr20",49046141,49046196,0.111106862740929,0.222213725481858,54951,203036,203626,591,16
"chr4",6690686,6690693,0.111092908128746,0.222185816257493,64570,242041,244846,2806,6
"chr21",45974440,45974619,0.111080737812126,0.222161475624252,56676,195788,200641,4854,6
"chr17",64975474,64975647,-0.0740451233762247,0.222135370128674,38813,58085,73036,14952,9
"chr1",247111152,247111475,0.111028561768996,0.222057123537991,8753,29735,103872,74138,4
"chr5",84384446,84384813,0.111013734475941,0.222027468951881,68865,67392,68215,824,13
"chr14",35122366,35122573,-0.110963129390846,0.221926258781692,25371,138715,196676,57962,24
"chr1",3746775,3747520,-0.0739681532223588,0.221904459667076,430,77577,141716,64140,17
"chr6",33313732,33316121,0.110950522856366,0.221901045712733,72832,109514,116732,7219,68
"chr1",190475870,190476510,0.110916974601776,0.221833949203553,6968,212681,273580,60900,6
"chr17",81512789,81514082,-0.0739374303535778,0.221812291060734,39937,52656,54066,1411,13
"chr22",42614435,42615084,-0.110876229729727,0.221752459459453,58506,202087,205519,3433,14
"chr10",35126242,35126584,0.110871625752124,0.221743251504249,9730,213566,243809,30244,20
"chr1",34930062,34930236,0.110869363542205,0.221738727084409,2335,158252,160247,1996,3
"chr3",72848641,72848918,0.0554179923899546,0.221671969559818,61372,141523,163412,21890,13
"chr1",160070179,160070877,-0.0738848681396671,0.221654604419001,6022,146579,151953,5375,12
"chr1",15152486,15153296,0.0738829557699717,0.221648867309915,1001,141111,144847,3737,18
"chr4",174522969,174523797,-0.110810324546461,0.221620649092922,67081,146534,161013,14480,14
"chr12",89352574,89353962,0.110737590218932,0.221475180437863,21131,171655,172005,351,23
"chr22",43862722,43862810,0.110732466262709,0.221464932525417,58586,102353,103630,1278,11
"chr2",32627629,32627864,0.073820147343743,0.221460442031229,48177,121136,135438,14303,14
"chr8",24913612,24914820,0.110721423313576,0.221442846627151,80939,14235,18013,3779,17
"chr13",113208058,113208174,0.110715361142277,0.221430722284554,24628,269052,272778,3727,18
"chr4",85474943,85475021,0.110689557572049,0.221379115144097,65858,94709,95246,538,13
"chr10",125158755,125158780,0.110689164547392,0.221378329094784,12244,111106,255611,144506,4
"chr16",2777347,2777435,-0.0737838726129557,0.221351617838867,31330,57294,71902,14609,9
"chr15",42094528,42094531,-0.110669589617456,0.221339179234913,28456,288621,300016,11396,6
"chr1",6485967,6486672,0.110665453237477,0.221330906474954,571,163661,166562,2902,7
"chr19",45641704,45642372,0.110623261467382,0.221246522934765,45639,123220,195307,72088,11
"chr11",102467107,102467193,0.0737423676056829,0.221227102817049,16702,248733,271850,23118,5
"chr6",24494489,24494833,-0.0737281952178431,0.221184585653529,71878,137976,186478,48503,7
"chr10",75403558,75403639,0.0737040001161818,0.221112000348545,10667,182690,188832,6143,15
"chr1",24143416,24143715,-0.110544116258882,0.221088232517764,1651,164662,237413,72752,8
"chr6",73461136,73462013,0.11048078310094,0.220961566201879,73973,274290,290367,16078,15
"chr4",5887703,5888904,0.110461430462515,0.22092286092503,64515,153606,156330,2725,18
"chr4",108171156,108172087,-0.110438769774217,0.220877539548434,66176,151908,155040,3133,14
"chr18",36186781,36187423,-0.11039668111181,0.220793362223621,40812,75971,82304,6334,15
"chr2",105850954,105851625,0.0735971476099463,0.220791442829839,49849,164856,247601,82746,10
"chr3",195443131,195443851,-0.110366482461843,0.220732964923686,63961,92339,138798,46460,9
"chr16",1943178,1943622,-0.0735651037940961,0.220695311382288,31113,12956,88280,75325,7
"chr4",133148081,133149214,0.11032971921804,0.22065943843608,66512,8716,32721,24006,16
"chr7",26152116,26152579,0.110316427262461,0.220632854524923,76764,69164,89591,20428,9
"chr9",137187520,137188716,-0.110309671920839,0.220619343841678,86715,69548,86547,17000,13
"chr8",13566535,13567611,0.0551452392664308,0.220580957065723,80604,191230,259804,68575,13
"chr10",80290102,80291006,-0.110226842116444,0.220453684232887,10775,130817,176065,45249,9
"chr19",55836481,55837523,-0.0734549463863118,0.220364839158935,47001,199531,206110,6580,14
"chr2",236169277,236169866,0.0734278625722349,0.220283587716705,52702,17577,34256,16680,5
"chr13",32428110,32428251,0.073421879327833,0.220265637983499,23327,202841,218181,15341,14
"chr20",21303163,21303360,-0.0734216288973756,0.220264886692127,53736,2800,51192,48393,13
"chr13",51452674,51454282,-0.110064898525588,0.220129797051176,23789,226828,237595,10768,20
"chr2",79512808,79513059,-0.110035543415578,0.220071086831157,49249,38868,77717,38850,8
"chr2",157629014,157629068,0.110028712356126,0.220057424712253,50642,147514,151990,4477,10
"chr18",56651330,56651551,0.0733319479433716,0.219995843830115,41105,137496,139574,2079,13
"chr19",17267199,17267439,0.0733262606959995,0.219978782087999,43720,26920,116457,89538,13
"chr4",99949580,99950327,0.109981368041265,0.21996273608253,66069,138245,145080,6836,16
"chr1",183653245,183653591,0.0733198141330265,0.21995944239908,6889,102687,244489,141803,6
"chr10",60944433,60944650,0.0733015503553697,0.219904651066109,10147,168378,182088,13711,13
"chr6",31834645,31834934,-0.109947873592527,0.219895747185055,72589,182330,183764,1435,31
"chr16",981458,981944,-0.0732853520627216,0.219856056188165,30935,16019,57178,41160,12
"chr17",75114340,75114459,0.109921673260598,0.219843346521196,39175,202050,302590,100541,3
"chr1",112508421,112509224,0.0732587196276863,0.219776158883059,4569,156362,159780,3419,13
"chr13",110307300,110307321,0.109877054922396,0.219754109844792,24453,5749,10606,4858,8
"chr5",174724566,174724631,-0.109862082289051,0.219724164578101,70929,7712,8183,472,15
"chr13",95644454,95644725,0.109853435390455,0.21970687078091,24169,55108,59042,3935,12
"chr6",33248989,33249838,0.109837965218451,0.219675930436903,72811,178914,179408,495,39
"chr15",74906299,74907152,0.0732247888705737,0.219674366611721,29735,199430,242442,43013,18
"chr15",99249432,99249734,0.0732177311725173,0.219653193517552,30620,113469,124904,11436,26
"chr19",55280307,55280449,0.109812630569882,0.219625261139763,46893,87687,105290,17604,18
"chr16",27203101,27203713,0.073207893286706,0.219623679860118,32351,131937,218980,87044,12
"chr11",10808683,10809108,0.109785895903422,0.219571791806845,13533,78808,85802,6995,23
"chr1",161766276,161766410,0.109772885941412,0.219545771882824,6221,142663,153040,10378,10
"chr2",85753137,85753659,-0.0731749554319009,0.219524866295703,49350,158989,281917,122929,14
"chr3",183825779,183825799,0.109759231992474,0.219518463984948,63483,107910,253796,145887,9
"chr1",168136079,168138153,-0.073151478280244,0.219454434840732,6394,71930,113571,41642,20
"chr4",139557333,139557386,0.10969970937616,0.219399418752321,66575,163011,220217,57207,11
"chr6",135054791,135055557,0.0731222202911263,0.219366660873379,75001,118126,167158,49033,13
"chr10",15096988,15097045,0.109676257492238,0.219352514984476,9334,178879,184006,5128,20
"chr6",116253641,116254159,0.109665633868354,0.219331267736709,74632,186142,187836,1695,8
"chr6",2891914,2891916,0.109659182568921,0.219318365137842,71444,20934,79157,58224,3
"chr19",37779559,37779640,-0.109562696277536,0.219125392555072,44704,92087,96275,4189,10
"chr3",99817465,99817770,-0.109557172898676,0.219114345797351,61547,130653,144142,13490,18
"chr9",134068758,134068890,0.10954588724185,0.219091774483701,86341,182684,225455,42772,5
"chr7",22665379,22666474,-0.0730259614293755,0.219077884288126,76687,179884,279652,99769,6
"chr1",92486973,92487024,-0.109528917989955,0.21905783597991,4068,4307,6912,2606,26
"chr7",27184411,27186529,0.0730067202682196,0.219020160804659,76827,193301,278446,85146,40
"chr1",40508619,40508780,0.109506060462046,0.219012120924093,2682,264426,275313,10888,15
"chr14",90332195,90332222,-0.109504469807773,0.219008939615545,26763,121133,214494,93362,15
"chr1",150282427,150282831,0.10946898912129,0.218937978242579,5014,87009,97544,10536,15
"chr6",168080143,168080189,-0.109435097299662,0.218870194599323,75848,11425,14211,2787,4
"chr8",10839855,10840097,-0.109395158942882,0.218790317885765,80504,13583,28300,14718,9
"chr3",30894747,30894905,0.109374520034832,0.218749040069665,59711,30024,33348,3325,11
"chr6",42928985,42929021,-0.0728846678500094,0.218654003550028,73368,184429,200707,16279,16
"chr9",132670244,132671252,0.109315946510039,0.218631893020078,86193,101237,164585,63349,17
"chr19",10010478,10010496,0.109267528759189,0.218535057518377,42840,10286,15765,5480,10
"chr15",44426654,44426832,0.109246840032374,0.218493680064747,28613,101492,122740,21249,12
"chr7",77798556,77799451,-0.072824992851852,0.218474978555556,77876,50014,102733,52720,30
"chr1",162069450,162069524,0.109210276614003,0.218420553228005,6229,116889,117385,497,9
"chr4",1406150,1406401,0.109182284189785,0.21836456837957,64283,78315,127500,49186,7
"chr17",55265142,55265922,0.072780558219727,0.218341674659181,38347,73683,80757,7075,13
"chr8",85106903,85107138,-0.10915438359812,0.218308767196239,82033,185189,187864,2676,15
"chr11",125111973,125112242,-0.109130839783364,0.218261679566727,17666,80678,122983,42306,13
"chr8",109539479,109540667,0.0727342125215393,0.218202637564618,82467,92555,115979,23425,23
"chr8",73093032,73093445,0.0727223046047968,0.21816691381439,81882,8403,26922,18520,10
"chr1",43367560,43368768,-0.0727195871465257,0.218158761439577,2847,253772,285933,32162,17
"chr3",185362430,185363117,-0.0727053509703921,0.218116052911176,63617,144109,151428,7320,7
"chr1",15585718,15586339,0.0727017306872107,0.218105192061632,1045,160151,228595,68445,8
"chr11",18395984,18396546,-0.0726388781377981,0.217916634413394,13762,248825,261412,12588,10
"chr1",40372869,40373892,-0.108873820918194,0.217747641836388,2673,155581,157342,1762,14
"chr6",33295516,33296757,-0.0725515997651933,0.21765479929558,72827,49974,50313,340,25
"chr2",214411033,214411059,-0.108810210355371,0.217620420710741,51872,111833,124978,13146,11
"chr19",53431490,53431689,0.10880443240441,0.217608864808819,46632,268046,300699,32654,4
"chr17",5191944,5192154,-0.108780436724124,0.217560873448247,35321,198277,298086,99810,10
"chr10",26437948,26438669,0.0725123619218473,0.217537085765542,9547,47823,107585,59763,16
"chr4",42152328,42152960,0.108726708456016,0.217453416912032,65148,36203,65276,29074,16
"chr19",48746995,48747304,0.072478610074582,0.217435830223746,46025,108212,114177,5966,8
"chr6",28443502,28443510,-0.10866304800684,0.21732609601368,72115,47114,81865,34752,6
"chr8",119638829,119639412,-0.108641503707519,0.217283007415038,82567,89440,96664,7225,10
"chr19",7519355,7520200,-0.108638271599279,0.217276543198558,42556,216316,293991,77676,5
"chr22",46762342,46762624,0.0724253022187175,0.217275906656152,58790,74968,193135,118168,19
"chr16",370627,370996,-0.0723980541025122,0.217194162307537,30793,194733,212829,18097,5
"chr1",10629954,10630507,0.0723645942874397,0.217093782862319,793,15408,106085,90678,4
"chr4",143559084,143559389,0.0723362473914742,0.217008742174423,66650,122023,151540,29518,12
"chr14",23237534,23237632,0.108493724370332,0.216987448740664,25031,254301,310794,56494,10
"chr18",80158130,80158130,-0.108493102941466,0.216986205882933,41495,311354,311515,162,3
"chr2",133568463,133568601,0.108475246440459,0.216950492880917,50398,166279,252740,86462,13
"chr6",145814968,145815613,0.0723070193430634,0.21692105802919,75249,189948,242249,52302,12
"chr10",93072812,93073285,0.108450563483132,0.216901126966263,11067,13351,15662,2312,16
"chr7",13989660,13992167,0.108403142670354,0.216806285340709,76566,84326,96784,12459,34
"chr11",34438789,34438804,-0.108364675724269,0.216729351448538,14050,114014,115744,1731,11
"chr17",45121056,45121243,0.10836156072256,0.216723121445119,37817,52874,57270,4397,3
"chr1",62436229,62436537,-0.10833926170008,0.21667852340016,3558,154692,265631,110940,14
"chr4",170026628,170026773,-0.108300013595501,0.216600027191002,67039,1939,144411,142473,2
"chr12",76560067,76560275,0.10829489336655,0.216589786733099,20998,210571,230702,20132,10
"chr2",75199210,75199906,0.0721815466262858,0.216544639878857,49213,119798,149500,29703,18
"chr11",88509320,88509436,0.108189590501908,0.216379181003816,16508,6181,50895,44715,5
"chr8",115668900,115669593,0.108167925416173,0.216335850832345,82505,212355,225481,13127,17
"chr5",138337212,138338359,0.072099348178123,0.216298044534369,69747,148302,259631,111330,16
"chr2",74498081,74498242,-0.108144854174695,0.216289708349391,49173,5124,37160,32037,3
"chr3",84958666,84959527,-0.108133128035613,0.216266256071225,61444,141159,142667,1509,12
"chr10",100996874,100998009,-0.108130700645789,0.216261401291577,11442,128649,186324,57676,18
"chr9",21970965,21970986,0.0720670665876046,0.216201199762814,83840,80393,80395,3,10
"chr4",109912728,109912788,-0.108097433389179,0.216194866778358,66221,144984,146019,1036,10
"chr7",25949998,25950393,0.0720168834026186,0.216050650207856,76762,168138,189962,21825,5
"chr2",138780254,138780256,0.10800107090669,0.21600214181338,50471,17544,30383,12840,10
"chr6",13295329,13296526,0.0719860792582321,0.215958237774696,71718,127721,214656,86936,11
"chr5",34008037,34008486,0.107970443072849,0.215940886145697,67941,252342,275224,22883,12
"chr3",196639068,196639710,-0.107952100516709,0.215904201033417,64041,219136,246761,27626,12
"chr1",156623847,156624051,0.107945338147162,0.215890676294324,5777,65030,66801,1772,8
"chr4",30719731,30720382,-0.107934631041569,0.215869262083138,64934,27110,86890,59781,8
"chr15",88531086,88531281,0.107921223665138,0.215842447330276,30243,198153,204497,6345,3
"chr5",139273533,139274159,0.0719340714468837,0.215802214340651,69788,82649,108536,25888,10
"chr16",3400549,3401666,-0.107898145543271,0.215796291086543,31458,199358,206150,6793,17
"chr22",50251041,50251533,-0.107875386873035,0.21575077374607,58904,117003,210905,93903,15
"chr17",10838066,10838686,-0.10783973939488,0.21567947878976,35880,202712,208316,5605,10
"chr13",78596011,78596168,0.0718909756469453,0.215672926940836,24062,8987,16582,7596,17
"chr2",177552787,177553168,0.107833708416573,0.215667416833145,51122,26516,126215,99700,12
"chr3",170222019,170222241,0.0718752684567226,0.215625805370168,63228,272011,274270,2260,12
"chr8",109645470,109646227,0.0718746699315932,0.21562400979478,82477,137870,247980,110111,11
"chr19",49680914,49681328,0.107799607893028,0.215599215786056,46194,83452,201961,118510,5
"chr7",100486944,100487107,0.107764566574007,0.215529133148013,78449,180202,189117,8916,4
"chr18",35240121,35241093,-0.0717955447012881,0.215386634103864,40774,129248,212271,83024,11
"chr1",53238753,53239576,0.0717895568902366,0.21536867067071,3325,151639,235046,83408,15
"chr7",129055107,129055126,0.107661089540367,0.215322179080734,79223,185094,185319,226,18
"chr8",132775297,132775433,0.107656998694805,0.21531399738961,82829,62071,64894,2824,12
"chr1",109619695,109619723,0.0717551692138325,0.215265507641497,4397,110987,149347,38361,27
"chr22",19171223,19171359,-0.1076190307835,0.215238061567001,56899,62325,198448,136124,2
"chr19",41309944,41310036,0.10760824519612,0.215216490392241,45146,85788,127558,41771,10
"chr12",6632483,6632529,0.107597927724078,0.215195855448156,18340,190780,197143,6364,4
"chr7",122886770,122887418,0.0717165565606613,0.215149669681984,79044,136728,173937,37210,17
"chr11",64299294,64300321,-0.071663658762939,0.214990976288817,15131,49251,125830,76580,13
"chr16",20899734,20900703,-0.107445860559945,0.214891721119891,32139,273426,273811,386,23
"chr6",137493834,137494588,0.107442156252115,0.21488431250423,75071,13522,14640,1119,13
"chr19",51501899,51501922,0.107440402285401,0.214880804570803,46475,110986,199520,88535,9
"chr17",35578484,35578631,-0.107432712002114,0.214865424004228,36798,93423,94053,631,15
"chr13",112106615,112107090,0.0715975760411668,0.2147927281235,24536,266407,298606,32200,13
"chr13",111319335,111319386,0.107371733827338,0.214743467654675,24524,229623,294749,65127,4
"chr19",38387099,38387268,0.0715735322114633,0.21472059663439,44748,4365,286635,282271,3
"chr19",32971329,32972012,0.0715564095639137,0.214669228691741,44294,205101,295662,90562,16
"chr5",78294670,78295596,0.107332224565466,0.214664449130932,68745,87920,89969,2050,14
"chr2",99336553,99337028,0.107322055234705,0.21464411046941,49660,144068,147150,3083,14
"chr17",40418033,40418163,0.107301010289774,0.214602020579548,37190,192661,194530,1870,14
"chr13",52011617,52012153,0.107239145180398,0.214478290360797,23823,198463,201461,2999,14
"chr2",176188768,176189110,0.107236545129619,0.214473090259239,51095,644,661,18,21
"chr3",143971303,143972427,0.107234063258035,0.214468126516071,62778,90374,100530,10157,26
"chr6",131951268,131951414,0.0714738544028672,0.214421563208602,74916,4627,18549,13923,15
"chr18",46104066,46104305,0.107189792186221,0.214379584372442,40892,203526,209066,5541,19
"chr10",72626282,72626494,0.107163344777846,0.214326689555692,10514,175730,183894,8165,10
"chr20",24993622,24993726,0.10716200987059,0.21432401974118,53837,199728,212320,12593,3
"chr5",176362101,176362611,-0.107124769928798,0.214249539857597,70967,233038,247730,14693,15
"chr17",58282166,58282217,0.107124389024877,0.214248778049754,38472,93579,273469,179891,2
"chr22",50583062,50583395,0.071403632575815,0.214210897727445,58988,200310,209609,9300,14
"chr16",69566309,69566630,0.107100715631476,0.214201431262953,33734,70393,72979,2587,19
"chr17",74430658,74431498,0.0713999488064686,0.214199846419406,39075,690,7617,6928,20
"chr5",150486084,150486447,0.10709701957995,0.214194039159901,70394,71916,104128,32213,6
"chr22",25028162,25028545,-0.0713967395477517,0.214190218643255,57322,17188,74774,57587,4
"chr6",57221356,57222927,0.107072307235653,0.214144614471307,73858,187061,221350,34290,20
"chr14",52069108,52069981,-0.107066799549855,0.21413359909971,25627,242998,276736,33739,17
"chr12",10130203,10130966,0.107034959440423,0.214069918880846,18643,236014,253938,17925,6
"chr2",71466740,71466757,-0.107021656004204,0.214043312008407,49031,23814,25768,1955,13
"chr1",222713166,222713259,0.0713311711837675,0.213993513551302,8003,248985,276904,27920,22
"chr10",133230536,133230610,0.106963746200315,0.21392749240063,12508,6989,10732,3744,6
"chr19",7920060,7920186,0.106891745839145,0.21378349167829,42648,86842,204359,117518,10
"chr16",4734144,4734178,-0.106873122444205,0.213746244888411,31617,52081,60015,7935,13
"chr20",1946900,1946914,0.106864708723744,0.213729417447488,53239,119031,123042,4012,6
"chr11",106022494,106022555,-0.106790228791925,0.213580457583851,16767,176510,176580,71,17
"chr1",113905531,113905867,0.106777636703935,0.21355527340787,4629,101621,107495,5875,16
"chr1",84301641,84302676,0.106773764978419,0.213547529956838,3884,141509,160014,18506,4
"chr12",107093707,107094416,-0.106750420302123,0.213500840604245,21541,232895,244314,11420,16
"chr18",74597782,74598919,-0.106723875593945,0.21344775118789,41367,196678,207109,10432,13
"chr10",104274929,104275159,-0.106723711727116,0.213447423454232,11721,122211,173177,50967,10
"chr1",32816683,32818304,0.0711320962134769,0.213396288640431,2229,112592,146460,33869,22
"chr1",156054282,156054461,0.106667728590977,0.213335457181955,5673,277381,284625,7245,18
"chr11",3808257,3808385,0.0711101521705751,0.213330456511725,13064,48476,114985,66510,14
"chr2",15942063,15942909,0.106649924649546,0.213299849299091,47625,139981,147200,7220,13
"chr3",160224708,160225230,0.106635964635433,0.213271929270866,63112,141718,141889,172,10
"chr12",100173571,100173900,0.106629028307339,0.213258056614677,21351,109291,254675,145385,3
"chr1",149887906,149888041,-0.10661585152184,0.213231703043681,4976,147908,149883,1976,12
"chr14",56810509,56811992,0.106609061477519,0.213218122955039,25731,93149,109701,16553,18
"chr17",19648350,19649080,0.0710492115441024,0.213147634632307,36261,97356,211578,114223,12
"chr3",157499497,157500014,0.106545800019608,0.213091600039217,63054,34459,92309,57851,13
"chr1",228103785,228103981,0.0710147006813255,0.213044102043977,8226,18718,33632,14915,12
"chr10",122270132,122270356,-0.10649131831738,0.212982636634759,12123,168360,172978,4619,4
"chr5",132011649,132011954,-0.106427417812241,0.212854835624481,69471,64330,69659,5330,14
"chr5",103562762,103562844,0.106415198527159,0.212830397054318,69120,66150,90991,24842,10
"chr11",14644206,14644890,-0.106412286695607,0.212824573391213,13627,70225,91878,21654,16
"chr22",20320186,20320201,-0.106409405370286,0.212818810740571,56998,96872,255830,158959,5
"chr7",150566236,150566602,0.0709322780933385,0.212796834280016,79932,177602,246206,68605,3
"chr20",13995447,13995497,0.106384637211192,0.212769274422385,53605,1082,4486,3405,20
"chr3",33097021,33097606,0.0708945092709417,0.212683527812825,59754,78084,123413,45330,14
"chr20",45115194,45115469,0.106321263948406,0.212642527896812,54706,81920,83166,1247,9
"chr7",127252545,127253233,0.106320463212874,0.212640926425747,79106,166783,170571,3789,15
"chr19",11435071,11435088,0.106317387675486,0.212634775350972,43102,266055,270096,4042,28
"chr20",59577226,59577318,0.10631214891668,0.21262429783336,55289,12026,63214,51189,4
"chr16",87830825,87830985,0.106305378768738,0.212610757537476,34463,9175,56054,46880,5
"chr10",43267222,43267232,0.106263768534159,0.212527537068318,9822,8497,42351,33855,5
"chr6",17706329,17706637,0.0708377877435708,0.212513363230712,71794,90510,119412,28903,20
"chr7",108526507,108526621,0.106219126310807,0.212438252621614,78857,121384,122988,1605,10
"chr7",100538390,100538545,-0.106215266639475,0.212430533278951,78454,176672,182336,5665,12
"chr21",36697650,36698766,0.0707747179924824,0.212324153977447,56159,207940,294479,86540,22
"chr4",152976164,152976957,-0.0707656654434883,0.212296996330465,66802,14923,38535,23613,8
"chr1",28862796,28863143,-0.10612444031777,0.212248880635541,2028,35853,82650,46798,6
"chr1",156705596,156705693,0.106099592808383,0.212199185616766,5789,116393,143735,27343,13
"chr10",91797984,91798214,0.106092181774338,0.212184363548676,11020,99647,126965,27319,16
"chr4",165207026,165207242,-0.106089878381889,0.212179756763777,66976,104229,124077,19849,6
"chr1",111738451,111740697,0.106085586806846,0.212171173613691,4548,163675,228230,64556,17
"chr14",101065280,101066015,-0.0706926081040571,0.212077824312171,27317,14784,58928,44145,23
"chr8",120811693,120812090,-0.10600940140149,0.212018802802981,82596,140378,239847,99470,12
"chr14",103532633,103532728,-0.0706726068519396,0.212017820555819,27477,53668,73713,20046,4
"chr19",33521853,33522051,-0.07064026098323,0.21192078294969,44329,199097,209515,10419,13
"chr12",132986003,132986866,0.105911953687633,0.211823907375266,22890,183475,188807,5333,16
"chr14",56806159,56806558,0.105895202036623,0.211790404073247,25730,226450,295552,69103,10
"chr5",133026543,133026555,-0.105889677069963,0.211779354139926,69552,14180,22097,7918,11
"chr3",14947621,14947964,-0.105863182310959,0.211726364621917,59467,3274,18160,14887,15
"chr4",103019793,103020143,0.07057086344065,0.21171259032195,66107,149518,161423,11906,13
"chr17",28599609,28599850,-0.105778774777215,0.211557549554429,36433,99682,119167,19486,17
"chr16",69186823,69187269,0.105752429616161,0.211504859232322,33701,94051,94171,121,9
"chr1",210683863,210684038,-0.0704870279505222,0.211461083851567,7755,32691,141950,109260,5
"chr19",17405425,17405561,0.105723797408961,0.211447594817922,43753,64508,84764,20257,20
"chr17",7548566,7548733,-0.105705582720957,0.211411165441914,35560,89970,113231,23262,11
"chr16",80539546,80540122,0.070453653189082,0.211360959567246,34100,221884,232831,10948,3
"chr3",55487345,55488603,-0.10568006676765,0.211360133535301,61038,139988,143658,3671,18
"chr10",11164258,11165052,-0.105676741852622,0.211353483705245,9187,172474,178679,6206,12
"chr2",174395179,174395700,0.105670713471462,0.211341426942923,51024,157164,164371,7208,23
"chr9",130579169,130580499,-0.0704416867347614,0.211325060204284,86053,184356,214010,29655,16
"chr6",158869408,158869804,-0.105660876637474,0.211321753274948,75597,48051,68974,20924,10
"chr17",48605036,48606244,0.0704397903624187,0.211319371087256,38033,51292,54180,2889,12
"chr4",51842543,51843190,0.105646971960235,0.21129394392047,65249,87031,97906,10876,16
"chr1",32817250,32818394,0.105627184152264,0.211254368304529,2229,219572,226418,6847,22
"chr21",44990540,44990962,-0.105606624401628,0.211213248803257,56597,59476,75687,16212,8
"chr15",99249432,99250206,0.0703910361471278,0.211173108441383,30620,301194,307470,6277,26
"chr10",10795855,10796125,-0.105570770442126,0.211141540884252,9178,182261,241786,59526,4
"chr5",63959978,63963231,0.0703487987202085,0.211046396160626,68454,116826,125463,8638,27
"chr21",30487291,30487482,-0.105513817153262,0.211027634306523,55898,101729,121201,19473,6
"chr6",107732198,107732759,-0.0703155386123773,0.210946615837132,74418,235133,272339,37207,4
"chr1",45688040,45688249,0.105426699535172,0.210853399070344,3041,163787,166563,2777,17
"chr12",54385476,54385583,0.105412612181786,0.210825224363572,20169,135496,187760,52265,6
"chr11",15073522,15073524,0.10536069424901,0.210721388498019,13635,98938,190461,91524,6
"chr12",107685726,107685785,0.0702398056330169,0.210719416899051,21549,16346,49318,32973,15
"chr3",197509497,197509606,0.105306064524528,0.210612129049055,64088,30525,127392,96868,6
"chr5",39074355,39074908,0.070187194455602,0.210561583366806,68089,164994,302676,137683,14
"chr13",51583774,51584570,0.105230644380367,0.210461288760734,23791,94684,96251,1568,13
"chr5",61331083,61331133,0.105192359200788,0.210384718401576,68432,157272,157488,217,11
"chr16",67561800,67561966,0.105191907395106,0.210383814790212,33546,86720,210880,124161,8
"chr16",66988212,66988634,-0.0700868834448513,0.210260650334554,33453,242275,263837,21563,8
"chr11",69810017,69810017,-0.105124239254441,0.210248478508882,15874,289339,304540,15202,6
"chr19",37466699,37468068,0.105118519451607,0.210237038903214,44686,210806,219798,8993,14
"chr14",51846702,51847131,0.105093851390298,0.210187702780595,25614,84370,237102,152733,8
"chr19",36916030,36916250,-0.105059503092307,0.210119006184613,44664,137630,140631,3002,16
"chr1",236551749,236551769,-0.105048523496668,0.210097046993337,8556,253194,272909,19716,2
"chr7",116524713,116526475,0.070012773978651,0.210038321935953,78936,85995,89572,3578,35
"chr22",50244262,50244759,-0.10500090152103,0.21000180304206,58901,93363,124491,31129,14
"chr11",2302074,2302775,0.10499985105151,0.209999702103021,12933,244572,250828,6257,38
"chr19",2840766,2841334,-0.104948676285793,0.209897352571586,41980,74024,89362,15339,10
"chr8",22877875,22877965,-0.104931197658776,0.209862395317551,80855,179428,186221,6794,5
"chr13",108665987,108666084,0.0699535457172526,0.209860637151758,24422,75081,203994,128914,3
"chr7",27185451,27185909,0.104927734856319,0.209855469712638,76827,8305,8460,156,40
"chr14",105419691,105419735,-0.104899230856178,0.209798461712357,27688,18872,20340,1469,13
"chr2",43225699,43226994,0.104895899024404,0.209791798048808,48406,139033,140757,1725,33
"chr11",100687005,100687223,0.10489362678042,0.20978725356084,16650,130905,167109,36205,11
"chr7",104926753,104927733,0.0699273744437646,0.209782123331294,78730,192494,307037,114544,5
"chr8",103141399,103141409,0.104842161142128,0.209684322284255,82383,4415,9649,5235,14
"chr12",54016467,54016539,-0.104789530745528,0.209579061491057,20124,195052,205412,10361,31
"chr3",137997976,137998538,0.104776735337279,0.209553470674559,62585,269512,272309,2798,12
"chr1",151059643,151060486,-0.104774584306383,0.209549168612767,5089,13830,16115,2286,15
"chr16",396668,397463,-0.0698334972949949,0.209500491884985,30803,10902,64583,53682,18
"chr12",125983528,125983696,0.104749428323902,0.209498856647803,22613,241726,242305,580,8
"chr1",161214738,161215181,0.104677612816666,0.209355225633333,6171,66218,91946,25729,9
"chr11",2901582,2902260,-0.104642596569774,0.209285193139548,13001,135872,139896,4025,23
"chr14",80941717,80942306,0.069761133100799,0.209283399302397,26638,217860,243218,25359,8
"chr4",181265133,181265178,0.104610271584301,0.209220543168603,67126,243380,275081,31702,5
"chr12",32678068,32679035,0.104594158374431,0.209188316748863,19252,198690,230765,32076,9
"chr20",46118016,46118042,0.10459327678136,0.209186553562719,54841,58725,59503,779,10
"chr3",183428029,183428875,0.104587701334969,0.209175402669938,63454,102192,106728,4537,12
"chr6",26271488,26272127,-0.104578220422952,0.209156440845904,71975,110057,114477,4421,19
"chr7",155458345,155458532,0.104544208317321,0.209088416634642,80168,80894,107310,26417,4
"chr2",201781077,201781199,0.104490672307621,0.208981344615242,51613,130323,145060,14738,13
"chr12",52050236,52051492,-0.0696107821343302,0.208832346402991,19846,167237,184219,16983,9
"chr16",72094111,72094326,0.104391133193486,0.208782266386971,33915,117203,119034,1832,28
"chr3",142889206,142890056,0.0695876995554638,0.208763098666392,62759,149464,234581,85118,14
"chr3",197003605,197003738,0.104368964265211,0.208737928530422,64073,120761,151582,30822,6
"chr4",98995225,98996457,-0.104352563620975,0.20870512724195,66031,157846,163098,5253,11
"chr8",73879087,73879560,-0.104348529615727,0.208697059231453,81902,231569,243301,11733,9
"chr12",63151101,63151743,0.104295023882435,0.208590047764869,20691,121545,122960,1416,18
"chr8",93916162,93917802,0.104271961996508,0.208543923993016,82156,190825,231858,41034,17
"chr19",822086,822635,0.104269981811762,0.208539963623523,41583,13190,19005,5816,6
"chr14",91947807,91948081,0.104255711205416,0.208511422410832,26844,74920,89949,15030,15
"chr1",196608257,196608611,0.104232074546686,0.208464149093373,7013,7886,89111,81226,6
"chr1",24642985,24643127,-0.104230366976989,0.208460733953978,1684,11539,30653,19115,11
"chr9",113463484,113463513,0.104144947144513,0.208289894289027,85254,68888,170236,101349,7
"chr3",48685860,48686268,0.0694265670800135,0.208279701240041,60467,33755,140508,106754,5
"chr15",36579517,36579531,0.104139538852396,0.208279077704792,28152,253405,275630,22226,12
"chr6",28587436,28587824,0.0694226360704441,0.208267908211332,72130,185488,186746,1259,33
"chr22",20079771,20079884,-0.0694011764145828,0.208203529243748,56973,85620,246432,160813,5
"chr8",22109785,22109904,0.104101609880743,0.208203219761485,80771,191264,224769,33506,6
"chr22",37953712,37953714,-0.104099745118886,0.208199490237772,58053,4830,5220,391,22
"chr14",60166329,60166360,-0.104047580229739,0.208095160459479,25824,13043,122020,108978,2
"chr10",56361299,56361305,0.104028429757755,0.20805685951551,10087,91814,168466,76653,11
"chr17",28599058,28599493,0.10399679756749,0.207993595134979,36433,123760,203783,80024,17
"chr19",49876373,49876427,-0.103986796761738,0.207973593523476,46232,234237,244092,9856,35
"chr12",102478825,102478930,0.103980353785946,0.207960707571892,21415,195474,208586,13113,5
"chr14",93066218,93066287,-0.103937466318625,0.20787493263725,26888,197684,205314,7631,4
"chr16",25015609,25015635,0.103931996857895,0.20786399371579,32322,127363,244603,117241,4
"chr20",20017660,20017914,0.103931452655828,0.207862905311655,53702,207648,250461,42814,22
"chr6",31680787,31681692,0.103922810075018,0.207845620150037,72536,192291,193320,1030,34
"chr2",230886302,230886843,-0.103915336171175,0.20783067234235,52430,261728,288142,26415,8
"chr2",199851286,199851452,0.103890626562863,0.207781253125726,51503,156256,165572,9317,5
"chr17",18086518,18086891,0.103831509749129,0.207663019498258,36146,207502,220492,12991,3
"chr8",144358026,144358799,-0.0692178023053353,0.207653406916006,83359,70072,102756,32685,12
"chr5",173056128,173056277,0.10381399336133,0.207627986722659,70895,1297,13651,12355,14
"chr19",51354844,51355022,-0.0691952035033315,0.207585610509995,46448,244475,294814,50340,3
"chr6",33317693,33321114,-0.1037404494586,0.207480898917199,72833,4443,5581,1139,63
"chr20",58150815,58150843,0.103728852814191,0.207457705628382,55208,6028,6529,502,10
"chr11",62653424,62653509,-0.103699878489718,0.207399756979436,14955,116440,175632,59193,11
"chr9",69428721,69429418,-0.0691163388023169,0.207349016406951,84323,222773,231353,8581,5
"chr1",26306663,26306948,0.0691013692714468,0.20730410781434,1791,121821,145558,23738,15
"chr20",11890736,11890928,0.103642959566435,0.20728591913287,53574,13142,14679,1538,21
"chr9",38069799,38069962,0.069089860561389,0.207269581684167,84253,94087,170768,76682,8
"chr11",62771275,62771349,0.103632896654035,0.207265793308069,14983,187705,188769,1065,13
"chr1",225924217,225924558,0.103627070045688,0.207254140091376,8111,153913,248774,94862,11
"chr8",138083736,138083967,-0.103612096281867,0.207224192563734,82906,177303,240998,63696,4
"chr5",150758722,150758968,0.103604396012759,0.207208792025518,70426,135264,137970,2707,19
"chr7",138775017,138775207,0.0690485568292298,0.207145670487689,79489,174991,246620,71630,4
"chr8",143571774,143571792,0.103568206151043,0.207136412302086,83172,50372,169831,119460,3
"chr1",156813999,156814244,-0.10356644862684,0.20713289725368,5806,37719,141093,103375,4
"chr14",52069304,52070295,0.103564280506875,0.20712856101375,25627,132360,139933,7574,17
"chr13",108269802,108270156,0.103542626984098,0.207085253968196,24418,27895,100732,72838,9
"chr10",125718700,125719996,-0.103536139872817,0.207072279745634,12254,181590,224289,42700,15
"chr17",51153331,51153452,0.103495860959464,0.206991721918928,38304,92181,197508,105328,13
"chr2",165238148,165238830,0.0689669843215008,0.206900952964502,50776,273357,309564,36208,7
"chr12",56116784,56116859,0.103449180800895,0.20689836160179,20327,208910,213217,4308,18
"chr4",48906824,48906832,0.103448868874389,0.206897737748778,65243,154628,157887,3260,10
"chr19",32405323,32405701,0.103413020633788,0.206826041267576,44270,140143,207126,66984,15
"chr2",68973877,68974353,-0.103399319812667,0.206798639625333,48923,103035,126091,23057,4
"chr13",28658662,28658904,-0.103399041895525,0.206798083791051,23216,104006,205391,101386,13
"chr19",52269052,52269213,-0.103397869857043,0.206795739714086,46550,131740,197632,65893,10
"chr4",55948635,55948765,0.103368680870146,0.206737361740292,65380,162400,268815,106416,6
"chr17",77372820,77373005,0.103368436611284,0.206736873222567,39471,69236,79792,10557,15
"chr1",157138824,157139011,0.103364113383174,0.206728226766347,5866,87387,141944,54558,9
"chr4",2010150,2010300,-0.103269007602205,0.20653801520441,64335,276423,309459,33037,13
"chr7",105013071,105013216,0.103262457103711,0.206524914207422,78741,246506,274194,27689,23
"chr20",45306582,45306822,0.0688303509227417,0.206491052768225,54724,75666,75953,288,11
"chr4",85474838,85475004,0.0687938099892333,0.2063814299677,65858,141245,156329,15085,13
"chr12",9869836,9870083,0.103188729047153,0.206377458094307,18617,86074,96364,10291,10
"chr2",241315599,241316423,-0.103184393047309,0.206368786094619,53017,156237,162488,6252,28
"chr6",53794068,53795255,0.0687847110645153,0.206354133193546,73789,138959,191750,52792,10
"chr19",55602503,55603003,0.0687744041952134,0.20632321258564,46964,52393,197140,144748,4
"chr7",1459585,1460540,0.103161303260426,0.206322606520852,76069,170534,177668,7135,12
"chr17",81871087,81872083,0.103138591940765,0.206277183881531,40007,68875,76216,7342,13
"chr16",1152923,1153072,-0.103128258053886,0.206256516107772,30950,64000,75529,11530,7
"chr19",45406048,45406485,-0.103123588352481,0.206247176704963,45602,13444,52397,38954,17
"chr3",149658002,149658885,0.103110899300298,0.206221798600596,62853,39224,86803,47580,25
"chr7",43926049,43926661,0.103102160993305,0.20620432198661,77187,89989,95735,5747,15
"chr7",39565930,39565937,0.103081825782832,0.206163651565665,77110,190029,216869,26841,14
"chr6",168319796,168319809,0.103077835761839,0.206155671523678,75859,49550,67282,17733,7
"chr15",43105975,43106148,-0.103073142768069,0.206146285536139,28520,56883,94783,37901,10
"chr5",74639840,74639992,0.103066376815509,0.206132753631017,68636,245899,249626,3728,13
"chr7",100634049,100634293,-0.103047894605101,0.206095789210202,78478,179922,220312,40391,9
"chr1",19251246,19252118,0.0686856196879804,0.206056859063941,1297,149372,151492,2121,17
"chr5",149550435,149551220,-0.102968950132153,0.205937900264306,70316,247273,256575,9303,22
"chr2",149587238,149588055,-0.10296585320057,0.20593170640114,50543,136360,160261,23902,17
"chr10",100911598,100912858,-0.0686381439701695,0.205914431910509,11426,244205,244921,717,16
"chr1",86468642,86468924,-0.0686349329754494,0.205904798926348,3948,87239,159331,72093,5
"chr18",11752194,11752539,0.102941835217749,0.205883670435497,40459,195102,277877,82776,6
"chr2",11745195,11745434,0.0686107172706347,0.205832151811904,47585,151065,257597,106533,3
"chr9",86100254,86100477,0.102894505433591,0.205789010867181,84513,241970,245376,3407,8
"chr20",5611224,5611228,-0.102892120672752,0.205784241345504,53464,194120,208069,13950,10
"chr5",97183301,97183862,-0.0685904967863843,0.205771490359153,69060,155865,162830,6966,11
"chr4",175812401,175812772,-0.0685859650637516,0.205757895191255,67092,140592,242583,101992,8
"chr6",31630647,31635699,-0.0685808438327754,0.205742531498326,72514,172619,175332,2714,54
"chr19",18438321,18438324,0.102861536351626,0.205723072703253,43935,56129,59012,2884,19
"chr11",79440767,79440922,0.102858286774166,0.205716573548332,16400,138280,185838,47559,7
"chr1",247112794,247113664,-0.102843958657454,0.205687917314907,8754,114159,122894,8736,13
"chr19",56538998,56539001,0.102834532388678,0.205669064777357,47045,4656,12821,8166,9
"chr7",27185217,27186246,0.0685561289706385,0.205668386911916,76827,113766,116166,2401,40
"chr12",24949128,24949130,0.102811639757699,0.205623279515398,19062,252399,262228,9830,12
"chr20",46407105,46407228,-0.102795994243981,0.205591988487961,54864,213590,215433,1844,11
"chr16",72665165,72665319,0.102775495727795,0.205550991455591,33931,138585,230730,92146,12
"chr5",110738518,110738683,0.102751361818411,0.205502723636821,69150,101469,126735,25267,17
"chr1",202810369,202811300,0.0684957077375477,0.205487123212643,7266,146466,160009,13544,6
"chr20",51023036,51023606,0.102733081213991,0.205466162427982,55060,59253,198168,138916,3
"chr3",32685030,32685277,0.102733053806288,0.205466107612576,59738,119056,137851,18796,12
"chr19",3761761,3761815,0.102727674917982,0.205455349835963,42120,196510,198964,2455,16
"chr8",23225056,23225313,0.102712458703893,0.205424917407786,80891,101874,103842,1969,18
"chr3",5122084,5122328,0.102700212820083,0.205400425640165,59081,85909,94674,8766,8
"chr1",37595797,37596275,0.102694393229797,0.205388786459594,2498,98532,109630,11099,11
"chr6",72621510,72621952,0.0684606293773459,0.205381888132038,73948,120263,241539,121277,10
"chr12",122774199,122774386,0.102662193736654,0.205324387473307,22397,183766,240490,56725,17
"chr7",2647210,2647584,0.10264946809449,0.205298936188981,76204,40269,187412,147144,4
"chr16",88696597,88697203,-0.0684327120049712,0.205298136014914,34532,77498,205551,128054,3
"chr17",68247449,68247977,0.10262891763802,0.205257835276039,38898,197262,197805,544,12
"chr3",47513835,47513986,0.102591326735816,0.205182653471633,60339,97082,143842,46761,13
"chr2",3575030,3575065,0.102569109624049,0.205138219248099,47377,146522,154165,7644,8
"chr17",50094553,50094658,0.102567380786547,0.205134761573094,38160,83791,86143,2353,21
"chr17",57850182,57850550,0.102556650370527,0.205113300741055,38422,198141,203507,5367,10
"chr11",113976196,113976215,0.0683673715809621,0.205102114742886,17018,44024,188106,144083,5
"chr16",1984039,1984349,-0.0683662923158713,0.205098876947614,31133,28102,59795,31694,10
"chr4",155208017,155208710,0.102520813626093,0.205041627252185,66864,161571,165961,4391,13
"chr16",2018941,2019245,-0.0683324610852511,0.204997383255753,31145,249037,297255,48219,8
"chr1",160261795,160262380,-0.102490684951501,0.204981369903003,6058,95256,95953,698,21
"chr1",2526651,2526819,-0.102487707239181,0.204975414478363,336,147234,149466,2233,17
"chr7",151410314,151410551,0.102458023756498,0.204916047512995,80052,41873,49354,7482,15
"chr19",9675103,9675129,0.102454474911092,0.204908949822184,42811,76897,91643,14747,10
"chr19",39834106,39834344,0.10244767325266,0.20489534650532,44957,87466,101906,14441,13
"chr1",155208457,155209326,-0.102434492525281,0.204868985050561,5586,158594,163985,5392,20
"chr8",132675734,132675815,0.102433390543395,0.204866781086789,82826,256684,272579,15896,12
"chr12",121352468,121353135,0.102431771533435,0.204863543066869,22275,203447,231730,28284,14
"chr6",33192447,33193513,0.0682685757891998,0.204805727367599,72804,9623,10731,1109,46
"chr12",79934742,79935831,0.102382271608691,0.204764543217382,21036,99534,179673,80140,13
"chr6",33165708,33165754,-0.0682514719207238,0.204754415762171,72786,33949,50790,16842,8
"chr1",30824180,30824523,0.0682414668055914,0.204724400416774,2078,224203,250147,25945,9
"chr1",66534102,66534130,0.102297164385908,0.204594328771816,3649,32736,64128,31393,19
"chr13",50909612,50909721,0.10229510415553,0.20459020831106,23759,108171,113467,5297,9
"chr3",169769909,169769915,-0.102264077636723,0.204528155273447,63203,253313,259150,5838,10
"chr3",195908094,195908772,0.102249862642261,0.204499725284522,63995,81583,92505,10923,14
"chr2",136116404,136118593,-0.102239080523307,0.204478161046614,50456,68812,82337,13526,24
"chr2",48568855,48569074,-0.0681525680744696,0.204457704223409,48580,95276,151866,56591,3
"chr5",14664378,14664544,-0.102170507340188,0.204341014680376,67753,3522,7763,4242,6
"chr5",109688932,109689265,0.10215557281892,0.20431114563784,69141,132330,141318,8989,10
"chr2",25740840,25741192,0.102144108673941,0.204288217347881,47834,164435,309400,144966,2
"chr2",212538488,212538816,0.102130011492189,0.204260022984378,51857,72184,98859,26676,12
"chr12",25195106,25195714,0.10211285156862,0.204225703137239,19077,192452,198996,6545,16
"chr15",40160932,40160988,0.0680724309721921,0.204217292916576,28226,194273,296125,101853,10
"chr5",33984422,33984676,-0.102093716179037,0.204187432358075,67938,159519,219809,60291,11
"chr4",110623143,110623287,0.102038747944295,0.20407749588859,66236,8988,15942,6955,12
"chr1",32107400,32107980,0.102019753329961,0.204039506659923,2159,260798,264628,3831,10
"chr3",152834773,152834777,0.102017310323928,0.204034620647856,62960,142042,155947,13906,13
"chr12",57632922,57633721,0.0680047484087066,0.20401424522612,20607,138058,241724,103667,17
"chr16",86286806,86286883,0.101989257946626,0.203978515893251,34391,697,13494,12798,6
"chr12",95548093,95549012,0.0679836898569093,0.203951069570728,21254,73175,106578,33404,15
"chr2",154697618,154698176,0.101927760288644,0.203855520577289,50612,8428,29625,21198,16
"chr11",28108012,28108420,-0.101920746464694,0.203841492929389,13909,89924,106441,16518,13
"chr1",1051514,1051810,-0.101920720627271,0.203841441254543,48,153078,251971,98894,4
"chr1",155016310,155017181,0.101917575984972,0.203835151969943,5539,287353,305885,18533,4
"chr3",120349853,120350014,0.101913615959238,0.203827231918476,61950,155610,155961,352,10
"chr20",64048879,64048894,0.101912024699766,0.203824049399533,55664,13413,14561,1149,10
"chr20",33282400,33282969,-0.0679300856645031,0.203790256993509,54093,199401,205475,6075,10
"chr8",48921795,48922084,0.101885669180998,0.203771338361996,81512,174616,188958,14343,9
"chr13",70106580,70108842,-0.0679112886775804,0.203733866032741,23937,248145,295507,47363,24
"chr3",194135200,194136412,-0.10186648258009,0.203732965160179,63897,166064,166721,658,25
"chr11",110713222,110713971,0.101838049187066,0.203676098374133,16882,190183,228603,38421,22
"chr22",30667505,30668118,0.101821357107607,0.203642714215213,57632,241587,267388,25802,13
"chr17",47733244,47733649,-0.0678791769230518,0.203637530769155,37945,54629,56334,1706,14
"chr13",32031117,32031705,-0.067870855800687,0.203612567402061,23298,138752,242745,103994,13
"chr13",28658303,28658883,-0.101801514779093,0.203603029558186,23216,229901,252038,22138,13
"chr19",36572866,36573269,-0.101795115463564,0.203590230927128,44641,128831,138640,9810,20
"chr5",171418825,171419509,0.101789456295705,0.203578912591411,70833,37997,82900,44904,8
"chr1",161089537,161089864,0.101776512399132,0.203553024798264,6133,88252,96167,7916,11
"chr11",2301270,2302229,0.101772765329158,0.203545530658315,12933,174449,174940,492,38
"chr17",32349703,32350200,-0.10174655355029,0.20349310710058,36690,203347,210508,7162,12
"chr19",16828473,16829210,0.0678249667152082,0.203474900145624,43673,223619,250805,27187,10
"chr19",55284017,55284447,0.0678198178283764,0.203459453485129,46895,70809,199852,129044,5
"chr4",182918173,182918304,-0.101729581468367,0.203459162936735,67152,111564,132611,21048,12
"chr7",150405180,150405633,-0.101698912907725,0.203397825815449,79918,40298,43688,3391,10
"chr5",1344793,1345535,0.101644884740597,0.203289769481193,67512,91235,102166,10932,7
"chr18",6510905,6510912,0.101638725193552,0.203277450387104,40354,244781,256650,11870,5
"chr5",134177179,134177820,0.101634181080437,0.203268362160873,69574,18626,32200,13575,13
"chr1",115641762,115641797,-0.101634160128557,0.203268320257113,4688,68754,70627,1874,12
"chr19",6393393,6393766,-0.101633098268937,0.203266196537873,42438,249377,269108,19732,16
"chr12",25958229,25958280,0.101620349673944,0.203240699347889,19088,97698,121775,24078,22
"chr3",161372231,161372919,0.101584279823586,0.203168559647172,63149,166068,238669,72602,16
"chr11",46594028,46594143,-0.101531106270928,0.203062212541855,14284,127566,180077,52512,14
"chr2",46697803,46698242,-0.0676538459811454,0.202961537943436,48497,158169,227294,69126,13
"chr6",46492019,46492734,-0.10148024212296,0.202960484245919,73612,195190,239132,43943,16
"chr16",27203366,27204051,-0.0676340213728422,0.202902064118526,32351,75603,100250,24648,12
"chr19",32674578,32674656,-0.0676328711765189,0.202898613529557,44279,52685,208044,155360,5
"chr4",83034922,83035049,0.101437453497256,0.202874906994512,65822,145538,157713,12176,17
"chr2",197197945,197197972,-0.101408920336922,0.202817840673844,51455,243351,252929,9579,4
"chr22",31630916,31631506,0.101396964490291,0.202793928980583,57722,226265,296150,69886,9
"chr3",42978722,42979354,-0.101335328318199,0.202670656636397,60080,147633,147796,164,13
"chr7",143263197,143263468,0.101324257492787,0.202648514985575,79695,183057,187363,4307,6
"chr5",140926469,140926860,0.101257795222464,0.202515590444927,69961,123404,123521,118,18
"chr14",64294146,64294490,0.10119449226218,0.202388984524361,25951,80971,90370,9400,12
"chr11",118566414,118566418,-0.101179795406153,0.202359590812307,17262,103334,113899,10566,17
"chr6",170553388,170553418,0.101153775984685,0.20230755196937,75942,171312,173577,2266,6
"chr11",13276668,13276749,0.101121321002607,0.202242642005213,13595,114773,115254,482,10
"chr1",201829093,201829689,-0.101088700090565,0.202177400181129,7176,67240,95484,28245,17
"chr5",146203334,146203657,0.0673869580982895,0.202160874294869,70199,39775,70055,30281,9
"chr11",105609440,105610063,0.101073177764564,0.202146355529129,16761,124875,129990,5116,24
"chr12",2811963,2813531,0.0673741987712649,0.202122596313795,18144,220951,259025,38075,17
"chr10",94545360,94545713,-0.101053816228437,0.202107632456874,11125,176001,176560,560,10
"chr20",21397573,21397589,0.101040664941344,0.202081329882688,53739,17819,58691,40873,17
"chr1",92486960,92487722,-0.10102346000296,0.20204692000592,4068,127204,141089,13886,26
"chr2",175181775,175181833,0.101017416945703,0.202034833891406,51052,155412,160545,5134,9
"chr3",33659609,33659717,0.0673448697082616,0.202034609124785,59776,134354,148751,14398,12
"chr1",227816199,227816237,-0.101007391775314,0.202014783550627,8203,39099,89525,50427,2
"chr1",207320868,207321215,0.0673278573582521,0.201983572074756,7643,148604,241913,93310,13
"chr12",9647850,9647959,0.100980418714487,0.201960837428973,18603,193757,193779,23,12
"chr22",31080774,31081544,0.0673157073259689,0.201947121977907,57658,88852,139553,50702,15
"chr10",49188433,49188647,0.100956243935384,0.201912487870767,10012,170004,173211,3208,10
"chr1",37555444,37555833,0.100943722368226,0.201887444736451,2493,144340,152748,8409,14
"chr2",25982770,25982779,0.100942550959879,0.201885101919758,47842,140793,148108,7316,14
"chr1",42462867,42463281,0.100927532973737,0.201855065947474,2766,114579,147841,33263,7
"chr11",32437859,32438408,0.100924514597766,0.201849029195532,13969,114603,118084,3482,11
"chr1",209675134,209675519,0.10091828085573,0.20183656171146,7708,624,6851,6228,13
"chr10",72217032,72217040,-0.100898566631818,0.201797133263636,10495,7692,8440,749,18
"chr9",130579243,130580012,0.100894792170436,0.201789584340872,86053,171794,177124,5331,16
"chr16",87392003,87393137,-0.100886330627939,0.201772661255878,34433,53733,56367,2635,21
"chr19",2051249,2051261,-0.0672471659384812,0.201741497815443,41866,16395,63785,47391,9
"chr5",65562725,65563172,-0.100860181351615,0.201720362703231,68470,138913,149237,10325,18
"chr7",135977333,135977570,0.100840983684555,0.201681967369109,79445,12075,21378,9304,11
"chr3",112605454,112605535,-0.100799162854413,0.201598325708827,61766,163495,287995,124501,2
"chr10",58512994,58513178,-0.0671909494433598,0.201572848330079,10096,404,21326,20923,4
"chr20",23049805,23049809,0.100778311474702,0.201556622949405,53777,12842,15207,2366,12
"chr1",239719540,239720164,0.0671757428660373,0.201527228598112,8588,164829,231313,66485,5
"chr1",145911277,145911591,0.0671676709470756,0.201503012841227,4897,147753,250875,103123,4
"chr18",80247360,80247724,0.100692250530934,0.201384501061867,41500,99629,201051,101423,13
"chr5",1446093,1446102,0.100690584290909,0.201381168581819,67523,29606,38907,9302,4
"chr6",158649624,158649976,-0.0670871177373455,0.201261353212037,75586,178782,190496,11715,10
"chr5",88889570,88890170,0.0670823830754498,0.201247149226349,68914,143837,154033,10197,10
"chr1",155320751,155320816,0.100599263814577,0.201198527629154,5616,109990,126272,16283,11
"chr1",113904183,113905512,-0.100598201858231,0.201196403716461,4629,133533,145583,12051,16
"chr14",44897127,44897209,0.10059448596904,0.20118897193808,25462,207386,210128,2743,11
"chr2",223959783,223959783,0.100568253605034,0.201136507210068,52286,117907,302756,184850,2
"chr4",121217315,121217853,0.067039539961162,0.201118619883486,66390,232500,262160,29661,5
"chr21",16419274,16420302,-0.0670330646887379,0.201099194066214,55733,229153,305970,76818,7
"chr1",211326296,211326692,-0.100542112405441,0.201084224810882,7764,92550,94632,2083,9
"chr3",120908034,120908238,0.100534105442437,0.201068210884875,61973,17295,100414,83120,13
"chr5",114055597,114056307,0.0670193442316581,0.201058032694974,69234,145703,160949,15247,9
"chr1",23369542,23369914,0.100526834441612,0.201053668883224,1579,226948,235461,8514,25
"chr6",104957018,104957193,-0.100520213358858,0.201040426717716,74344,178110,183167,5058,8
"chr17",48830070,48830909,0.0670134260212018,0.201040278063605,38059,248947,267801,18855,8
"chr14",39266961,39266967,-0.100460311063494,0.200920622126987,25453,251389,265718,14330,15
"chr19",47515072,47515411,0.100455029716269,0.200910059432538,45865,78691,89012,10322,14
"chr1",171314014,171314242,0.0669664006372421,0.200899201911726,6495,141039,269193,128155,5
"chr3",170418751,170418978,0.100447166256555,0.20089433251311,63236,144837,152341,7505,13
"chr3",138329493,138330169,0.0669549861013318,0.200864958303995,62612,108325,152722,44398,12
"chr12",108634609,108635697,0.1003034072657,0.2006068145314,21594,133822,197532,63711,9
"chr11",94545241,94545902,0.0668427020658814,0.200528106197644,16595,178695,182603,3909,9
"chr15",77927065,77927081,0.100246993142089,0.200493986284178,29873,56798,71857,15060,2
"chr17",34979288,34979372,0.100237301531527,0.200474603063055,36742,129000,133244,4245,13
"chr16",28900674,28900848,-0.100216624607089,0.200433249214178,32465,199495,201108,1614,4
"chr12",27971078,27971078,-0.100200156566552,0.200400313133104,19160,84605,84971,367,17
"chr4",153152219,153152969,0.100176352773579,0.200352705547158,66807,142782,143169,388,14
"chr14",67473681,67473697,0.100169542662007,0.200339085324013,26058,282884,284817,1934,5
"chr11",83193024,83193517,0.100131357429647,0.200262714859295,16423,216032,239691,23660,23
"chr13",112105999,112107014,-0.0667296084013541,0.200188825204062,24536,209471,210305,835,13
"chr5",178204245,178204513,0.100067902861372,0.200135805722745,71156,88136,94532,6397,11
"chr13",111153292,111154602,-0.0667078097634285,0.200123429290285,24509,198748,205436,6689,12
"chr18",61333269,61333364,0.100052330578932,0.200104661157865,41202,134474,258026,123553,6
"chr1",70354514,70355035,-0.10004332433359,0.20008664866718,3723,96588,98432,1845,18
"chr7",116210322,116210328,-0.100034560031096,0.200069120062192,78925,48813,100192,51380,10
"chr22",39245127,39245149,0.100006833392743,0.200013666785486,58190,98194,199377,101184,16
"chr9",136367662,136367681,-0.0999657207623052,0.19993144152461,86500,187000,235407,48408,3
"chr1",22025031,22025242,0.0999489896185752,0.19989797923715,1495,149898,150021,124,11
"chr3",142723921,142724405,-0.0999439938694017,0.199887987738803,62755,147348,238494,91147,12
"chr12",58919498,58919736,-0.0666200224093724,0.199860067228117,20664,195606,206573,10968,19
"chr16",89656588,89656956,-0.0666035693829189,0.199810708148757,34690,83640,228522,144883,5
"chr6",56573839,56573839,-0.0998995599079971,0.199799119815994,73829,185604,304269,118666,2
"chr2",144237318,144237639,0.0665503452593179,0.199651035777954,50493,146020,158016,11997,9
"chr22",42959672,42961096,0.0998151871029717,0.199630374205943,58527,84473,115431,30959,9
"chr4",30719119,30720652,0.0998030680941923,0.199606136188385,64934,87449,107672,20224,8
"chr10",101131811,101132374,0.099801286885623,0.199602573771246,11469,111519,129998,18480,18
"chr20",41136723,41138127,0.0665238047747966,0.19957141432439,54517,94472,254393,159922,16
"chr8",143715216,143715218,0.0997772644787474,0.199554528957495,83211,260217,270195,9979,2
"chr3",186640373,186640683,-0.0997752509628544,0.199550501925709,63693,117182,268088,150907,3
"chr6",32195277,32195785,0.0997593433735639,0.199518686747128,72680,88399,94248,5850,55
"chr6",170584907,170585053,0.0997421982792815,0.199484396558563,75948,89842,117501,27660,11
"chr1",220047887,220047938,-0.099741664626698,0.199483329253396,7933,232917,233489,573,3
"chr17",46979260,46979610,0.0997268969412821,0.199453793882564,37911,94273,116075,21803,8
"chr2",11723707,11724278,-0.0664812315651802,0.199443694695541,47584,245177,267385,22209,7
"chr1",43706934,43708191,-0.0664753197326059,0.199425959197818,2891,82737,101786,19050,12
"chr16",75646904,75647718,-0.0996984910677308,0.199396982135462,34051,134280,196263,61984,21
"chr9",6413045,6413167,0.0996934563297728,0.199386912659546,83620,94183,101234,7052,13
"chr3",49020818,49021153,0.0996844014698573,0.199368802939715,60504,143903,149548,5646,35
"chr3",71130962,71131131,-0.0996764877846115,0.199352975569223,61342,255303,257844,2542,17
"chr6",79536855,79538190,0.066434389638104,0.199303168914312,74048,169654,309410,139757,12
"chr13",51452690,51453715,-0.0996456750279667,0.199291350055933,23789,257328,269574,12247,20
"chr11",119168721,119168731,0.099631057950266,0.199262115900532,17349,88452,101633,13182,12
"chr1",109618380,109619866,0.0996216144384957,0.199243228876991,4397,159976,162144,2169,27
"chr5",11903910,11904699,0.0664038368745739,0.199211510623722,67711,101936,114959,13024,9
"chr4",4290110,4290840,0.0995933412310567,0.199186682462113,64480,136984,138313,1330,18
"chr14",22829263,22829830,0.0663947012713468,0.199184103814041,24958,280659,298684,18026,12
"chr19",57632972,57633091,0.0995842372135658,0.199168474427132,47134,193472,213266,19795,11
"chr1",225882697,225882956,-0.0995581800059411,0.199116360011882,8104,82906,95533,12628,11
"chr9",107489425,107489919,-0.0995491777937264,0.199098355587453,85099,83176,99154,15979,12
"chr7",2700335,2700526,0.0995451433920719,0.199090286784144,76213,43031,108303,65273,5
"chr6",27893115,27893300,0.0994918377075165,0.198983675415033,72065,88702,96300,7599,7
"chr12",33439646,33439707,0.099475309641404,0.198950619282808,19268,44980,63006,18027,6
"chr3",165196362,165197024,-0.0663053875204175,0.198916162561252,63162,120643,155681,35039,15
"chr6",142088802,142089042,-0.099447627857349,0.198895255714698,75158,132275,169537,37263,13
"chr9",87725302,87725861,-0.0994149447617597,0.198829889523519,84545,229440,251152,21713,12
"chr11",123454376,123454376,-0.0994025639940221,0.198805127988044,17552,84973,84975,3,8
"chr4",77862314,77862645,0.066259950686643,0.198779852059929,65743,96425,122884,26460,12
"chr7",27139649,27139813,0.0993878217148882,0.198775643429776,76810,12928,17170,4243,8
"chr11",131910988,131911352,0.0993285479439708,0.198657095887942,17903,17437,18690,1254,21
"chr5",38147699,38148453,-0.0993266535215445,0.198653307043089,68036,240251,245940,5690,6
"chr6",26537508,26537724,0.0993237751656228,0.198647550331246,72001,88159,118145,29987,14
"chr2",71227159,71227187,0.0662002530998486,0.198600759299546,49024,145864,159208,13345,11
"chr14",24262192,24262336,-0.09929910960218,0.19859821920436,25184,95988,293562,197575,4
"chr7",31051630,31052627,-0.0661900806946205,0.198570242083861,76954,43439,117821,74383,6
"chr7",151058338,151058570,0.0992741458233573,0.198548291646715,79995,121031,124631,3601,36
"chr15",39921125,39921208,0.099266838293843,0.198533676587686,28203,76309,95494,19186,13
"chr12",31729017,31729264,-0.0661734245443788,0.198520273633137,19224,129660,174356,44697,13
"chr21",42315302,42315734,-0.0661733296766443,0.198519989029933,56411,105592,255656,150065,8
"chr11",101129216,101129222,0.0992491807473406,0.198498361494681,16663,179707,250066,70360,18
"chr11",8593909,8594555,-0.066156566805951,0.198469700417853,13400,168704,196171,27468,19
"chr12",71662807,71664416,0.0661514000274656,0.198454200082397,20931,228016,241847,13832,28
"chr7",155510204,155510213,0.0992014687375112,0.198402937475022,80172,15518,16654,1137,10
"chr6",137867146,137867408,-0.0661296618954798,0.198388985686439,75076,48216,59830,11615,24
"chr1",2530381,2530395,0.0661243260622356,0.198372978186707,338,4751,12930,8180,10
"chr1",119623544,119624002,-0.0991541350361036,0.198308270072207,4813,153836,158950,5115,3
"chr2",231707193,231707511,0.0991533203415816,0.198306640683163,52486,220147,263100,42954,6
"chr20",64077721,64077898,0.0991305013578284,0.198261002715657,55672,80837,264658,183822,4
"chr2",174248889,174249322,0.0991126457993487,0.198225291598697,51015,228973,257167,28195,5
"chr8",26291309,26291539,-0.0990933616791309,0.198186723358262,80967,65295,87060,21766,16
"chr10",101229568,101230269,0.0990436205304652,0.19808724106093,11476,191504,192530,1027,19
"chr12",4809972,4810064,0.0990173969817808,0.198034793963562,18241,45834,45924,91,17
"chr6",49462883,49463720,0.0990165014242373,0.198033002848475,73669,114774,174483,59710,17
"chr1",45499671,45500125,0.0990147041018995,0.198029408203799,3017,151237,151459,223,14
"chr2",44167865,44168610,-0.0990051035077236,0.198010207015447,48437,102267,120703,18437,10
"chr12",55929295,55929336,0.0989941824703753,0.197988364940751,20281,195947,228930,32984,5
"chr20",62476529,62476706,-0.0989838376391467,0.197967675278293,55421,10651,11989,1339,20
"chr2",203238603,203238742,0.0989820360224205,0.197964072044841,51666,101880,102299,420,16
"chr15",90529525,90529565,0.0989666297877705,0.197933259575541,30410,198429,258827,60399,6
"chr1",155135309,155135640,-0.0989602405195814,0.197920481039163,5564,243157,254712,11556,17
"chr17",39152865,39152924,0.0989572974719814,0.197914594943963,37000,110980,205051,94072,4
"chr6",151806785,151807907,0.0659620102942008,0.197886030882603,75401,252607,274566,21960,36
"chr2",229271073,229271163,0.0989174027530425,0.197834805506085,52385,460,16579,16120,10
"chr5",86617835,86617889,0.098913121086541,0.197826242173082,68868,157270,161203,3934,9
"chr1",89065773,89066231,-0.0989022182353068,0.197804436470614,3992,89577,243525,153949,3
"chr1",179954656,179954722,0.0989021904881953,0.197804380976391,6738,253795,262237,8443,11
"chr10",114239262,114239646,0.0988393047372881,0.197678609474576,11895,50307,92707,42401,12
"chr6",75284546,75285109,-0.098811968901621,0.197623937803242,74010,92589,95173,2585,14
"chr12",123270413,123270700,0.0988015775841143,0.197603155168229,22458,121863,174742,52880,16
"chr6",17282102,17282547,0.0987948695491968,0.197589739098394,71788,112447,120466,8020,26
"chr11",66843249,66843276,0.0987808264273793,0.197561652854759,15596,43236,47618,4383,13
"chr1",43357881,43358363,0.0987751760226779,0.197550352045356,2841,221362,287954,66593,12
"chr4",163332786,163332955,0.0987420404690258,0.197484080938052,66947,119902,120282,381,14
"chr10",112949378,112950187,0.0987203335585349,0.19744066711707,11849,197241,248891,51651,12
"chr1",89821719,89821964,0.0987081090350973,0.197416218070195,4023,88392,98657,10266,17
"chr10",102502801,102502835,-0.0986894499771253,0.197378899954251,11578,81320,167492,86173,7
"chr16",67416645,67416788,-0.0986755544992296,0.197351108998459,33528,62710,96683,33974,11
"chr9",92963791,92963951,0.0986537357396971,0.197307471479394,84691,230697,264605,33909,4
"chr19",4831879,4831939,-0.0986391624676739,0.197278324935348,42304,258496,292109,33614,8
"chr1",207751902,207752116,0.0657552593717303,0.197265778115191,7654,62580,100471,37892,10
"chr5",57173192,57174693,0.0986276005785184,0.197255201157037,68362,157247,165025,7779,21
"chr6",28995686,28996472,-0.0986245044602862,0.197249008920572,72147,115632,121354,5723,14
"chr14",105470072,105470630,0.0657345025879521,0.197203507763856,27696,18212,75833,57622,6
"chr10",8268318,8268334,0.098594258552757,0.197188517105514,9166,261386,276892,15507,2
"chr4",73223396,73223452,0.0985838805776955,0.197167761155391,65591,231873,262772,30900,3
"chr7",130441398,130441611,0.0985800743860353,0.197160148772071,79307,186728,226104,39377,15
"chr1",154324795,154325360,0.0985360882585793,0.197072176517159,5455,142001,149418,7418,10
"chr10",19815404,19815877,0.0985228449036175,0.197045689807235,9426,14825,17765,2941,14
"chr17",11240513,11240994,0.0985128484633919,0.197025696926784,35881,15276,19711,4436,6
"chr1",30718735,30719490,0.0985118890255372,0.197023778051074,2070,147621,161946,14326,16
"chr3",139677803,139678076,-0.0984836595658438,0.196967319131688,62672,61452,66024,4573,12
"chr1",164558852,164559445,0.0984687085203397,0.196937417040679,6285,98018,118602,20585,13
"chr17",65137113,65137350,0.0984605536378291,0.196921107275658,38819,124584,138583,14000,7
"chr7",150514732,150514851,-0.0984482253609918,0.196896450721984,79930,117688,181940,64253,4
"chr7",105876510,105877243,0.0656292973789236,0.196887892136771,78774,65511,105339,39829,8
"chr18",79679074,79679095,0.0984326923730978,0.196865384746196,41462,101512,292457,190946,4
"chr11",57667083,57667610,0.0983912093593036,0.196782418718607,14591,190654,249338,58685,13
"chr1",94237787,94237855,0.0983902494959879,0.196780498991976,4129,158293,159643,1351,9
"chr14",91113345,91114024,-0.0983509052472966,0.196701810494593,26805,238338,243335,4998,15
"chr17",19716954,19717455,-0.0983488430828034,0.196697686165607,36273,116653,206202,89550,6
"chr17",42457882,42457958,0.0983414031458507,0.196682806291701,37467,263983,311051,47069,4
"chr11",43880726,43880857,0.0983091173702121,0.196618234740424,14151,50439,85716,35278,9
"chr5",53819659,53819814,-0.0983003089101069,0.196600617820214,68255,230281,259497,29217,3
"chr19",506852,507808,0.0982916939284299,0.19658338785686,41529,296383,298923,2541,12
"chr21",34513057,34513469,-0.0982442635707284,0.196488527141457,56085,101817,228542,126726,6
"chr1",1059118,1059646,-0.0654872233923265,0.19646167017698,52,33080,153243,120164,7
"chr19",57477492,57477731,-0.0982237035004182,0.196447407000836,47109,129666,193390,63725,12
"chr4",2067956,2068023,-0.0982102876199998,0.19642057524,64342,112374,150670,38297,2
"chr20",17568954,17569354,0.0654722536174889,0.196416760852467,53633,62747,87308,24562,12
"chr1",160343378,160343468,0.0981970037753036,0.196394007550607,6068,156637,156900,264,19
"chr11",10858603,10859088,0.0981174993938731,0.196234998787746,13537,94277,105593,11317,17
"chr1",53459633,53459985,-0.0981164754136652,0.19623295082733,3339,3489,30261,26773,16
"chr7",36725537,36725744,0.0981124123594169,0.196224824718834,77060,128970,186781,57812,2
"chr11",64358968,64358980,0.0980896380304412,0.196179276060882,15145,43368,50033,6666,7
"chr6",15496748,15497104,0.0653837313509718,0.196151194052915,71758,138112,181367,43256,5
"chr7",152463800,152464610,0.0653639285692464,0.196091785707739,80123,8940,44914,35975,10
"chr15",64989516,64990152,0.0980420982429046,0.196084196485809,29231,86677,86828,152,12
"chr9",35731641,35732572,0.098015607292442,0.196031214584884,84138,93716,96208,2493,15
"chr8",23067930,23068150,0.0653348257457747,0.196004477237324,80877,174901,264154,89254,8
"chr17",41930461,41930716,-0.0653345196511177,0.196003558953353,37391,202679,205637,2959,13
"chr20",346733,346963,0.0980000212702226,0.196000042540445,53124,20533,71026,50494,12
"chr16",88707271,88707788,-0.0979929463044508,0.195985892608902,34536,223428,290388,66961,4
"chr1",45206315,45206766,-0.0979715710057637,0.195943142011527,3002,103092,104109,1018,13
"chr10",5684475,5684739,0.0979626798702296,0.195925359740459,9053,139347,183320,43974,7
"chr10",94403052,94403231,0.097943039187883,0.195886078375766,11120,43386,176581,133196,3
"chr6",137494196,137494432,-0.0979372407521353,0.195874481504271,75071,48439,86623,38185,13
"chr1",30719304,30719487,0.0979301541458217,0.195860308291643,2070,115368,115460,93,16
"chr2",42048532,42048600,0.0979270951473179,0.195854190294636,48370,34376,68893,34518,4
"chr11",67250320,67250749,0.0979139463130361,0.195827892626072,15638,175818,177889,2072,5
"chr17",51120459,51121225,-0.0652739953284466,0.19582198598534,38302,89788,199158,109371,6
"chr17",16439369,16439455,-0.0979097796116845,0.195819559223369,36033,200508,203248,2741,22
"chr8",41650333,41651473,-0.0978896529812435,0.195779305962487,81375,45582,62688,17107,10
"chr2",174682862,174682899,0.0978688226037263,0.195737645207453,51037,68106,140421,72316,7
"chr18",35240291,35240838,0.0978345973991386,0.195669194798277,40774,225362,273771,48410,11
"chr6",99515294,99515378,0.0977891621610895,0.195578324322179,74313,78693,171854,93162,15
"chr16",4253663,4253800,0.0977850577904385,0.195570115580877,31550,203571,265002,61432,7
"chr17",3916566,3917389,0.0651842035713112,0.195552610713934,35150,251775,266295,14521,11
"chr6",46491519,46492021,0.0977402719388025,0.195480543877605,73612,177205,178851,1647,16
"chr3",50337819,50338575,-0.0977400318793333,0.195480063758667,60707,145074,149170,4097,30
"chr17",19380838,19381119,-0.0977377957450128,0.195475591490026,36244,14051,204715,190665,3
"chr8",143716161,143716307,-0.0976574724483467,0.195314944896693,83212,40395,41158,764,9
"chr15",26115730,26115783,0.097655510989765,0.19531102197953,27930,126185,235909,109725,4
"chr3",52154607,52154752,-0.0976245445866527,0.195249089173305,60820,65890,96220,30331,12
"chr3",127575278,127576809,-0.0976181242082291,0.195236248416458,62225,30586,223486,192901,7
"chr12",57241556,57242171,0.0976131557605691,0.195226311521138,20522,170281,175172,4892,11
"chr8",13515581,13515632,-0.0975980598038227,0.195196119607645,80602,13604,90060,76457,10
"chr5",176361873,176362133,-0.0975526456035213,0.195105291207043,70967,116764,146553,29790,15
"chr6",40377637,40377855,-0.0975233421811705,0.195046684362341,73229,107652,171191,63540,7
"chr8",78665881,78665988,0.0974902736469498,0.1949805472939,81963,16111,45230,29120,11
"chr11",57711645,57713113,0.0974788062697505,0.194957612539501,14595,290913,307131,16219,18
"chr9",128771518,128772187,0.097478015124635,0.19495603024927,85901,87334,88157,824,14
"chr3",186806781,186807655,-0.0974752245794945,0.194950449158989,63708,249085,272410,23326,20
"chr12",38905524,38905763,0.0649832611723076,0.194949783516923,19274,46945,60674,13730,14
"chr22",38057068,38057482,-0.0974458851180968,0.194891770236194,58067,203144,208637,5494,12
"chr17",4899237,4899243,-0.0974455704599088,0.194891140919818,35266,67261,70646,3386,22
"chr15",42166635,42166882,-0.0973874562042675,0.194774912408535,28465,275884,278413,2530,2
"chr1",181033840,181033992,-0.0973769721019893,0.194753944203979,6784,104471,140072,35602,6
"chr5",74641869,74641937,0.0973670775003554,0.194734155000711,68637,141353,145838,4486,8
"chr17",29929573,29930218,-0.0648975583540142,0.194692675062043,36555,3599,25705,22107,24
"chr15",82647889,82647983,0.0973404077906839,0.194680815581368,30078,58242,59355,1114,22
"chr2",135530745,135531880,0.0973266246986603,0.194653249397321,50429,255146,286041,30896,21
"chr6",130018420,130018853,0.097322622750877,0.194645245501754,74866,167167,171546,4380,12
"chr15",99105229,99105842,0.0973152484298143,0.194630496859629,30613,55128,68679,13552,10
"chr6",37257054,37257275,0.0973121766977646,0.194624353395529,73115,228521,241193,12673,17
"chr10",21533474,21534518,0.064872270716332,0.194616812148996,9454,28617,102640,74024,12
"chr16",73060280,73060444,-0.0972814311853466,0.194562862370693,33952,82500,129154,46655,3
"chr20",18142214,18142250,0.0972736604109804,0.194547320821961,53653,117866,195815,77950,4
"chr22",24806070,24806106,-0.0972478907139847,0.194495781427969,57312,7824,59191,51368,9
"chr12",90954920,90955298,-0.0648196997965837,0.194459099389751,21149,7153,102760,95608,15
"chr5",17216259,17216647,0.064807139191643,0.194421417574929,67805,142198,243112,100915,14
"chr19",11420801,11421206,0.0972093729187598,0.19441874583752,43099,14704,53001,38298,4
"chr1",207454147,207454311,0.0647983779216034,0.19439513376481,7648,109259,242361,133103,7
"chr1",11804984,11805732,0.0971901210426119,0.194380242085224,891,85230,90188,4959,25
"chr20",32744035,32744555,-0.0971716963913468,0.194343392782694,54033,117404,122012,4609,7
"chr6",151690264,151690521,0.0971381619383644,0.194276323876729,75399,122501,172792,50292,8
"chr22",20437956,20438189,-0.0971359098393429,0.194271819678686,57006,52895,77882,24988,9
"chr11",95789435,95790477,-0.06474912765935,0.19424738297805,16627,174836,193856,19021,19
"chr16",50806408,50806736,-0.0971160618715645,0.194232123743129,33008,195344,214247,18904,8
"chr8",124372873,124373754,0.0971108897547934,0.194221779509587,82678,229745,259408,29664,8
"chr6",150025876,150025917,-0.0971069769103745,0.194213953820749,75354,43853,46317,2465,12
"chr17",50189232,50189878,-0.0970813094669986,0.194162618933997,38183,206433,206694,262,8
"chr3",12663449,12664540,-0.0970705142371732,0.194141028474346,59353,162645,212869,50225,10
"chr5",88889128,88889147,0.097052521955454,0.194105043910908,68914,225925,237446,11522,10
"chr17",75574888,75574975,0.0970471889058226,0.194094377811645,39231,75848,291159,215312,2
"chr2",206765573,206765667,0.0970165010832386,0.194033002166477,51739,236798,241891,5094,17
"chr11",63671480,63671862,-0.0970154101136772,0.194030820227354,15054,127006,140616,13611,20
"chr8",144413653,144413797,0.0969713515079445,0.193942703015889,83375,12370,12828,459,4
"chr3",148697656,148697729,0.0969585642623605,0.193917128524721,62812,147886,162424,14539,7
"chr13",32428310,32428327,-0.0969523090941795,0.193904618188359,23327,52523,53772,1250,14
"chr8",92095070,92095378,0.0646332167345032,0.19389965020351,82133,573,68271,67699,13
"chr16",21278491,21278497,-0.0969411304342451,0.19388226086849,32163,55732,55792,61,9
"chr3",9792501,9793437,-0.0969392707903369,0.193878541580674,59177,131421,140360,8940,31
"chr18",3449440,3451382,-0.0969248804483099,0.19384976089662,40302,265743,269602,3860,36
"chr8",100559237,100559875,0.0968866043928664,0.193773208785733,82314,167657,171136,3480,13
"chr7",45111779,45111841,0.0968831278324174,0.193766255664835,77308,88709,112041,23333,9
"chr22",28772526,28772804,0.0968676377718791,0.193735275543758,57441,90032,95239,5208,14
"chr13",95432987,95433137,-0.0968620732387036,0.193724146477407,24159,204741,212491,7751,16
"chr19",12696804,12696831,0.0968526654317517,0.193705330863503,43221,205921,211763,5843,13
"chr21",36460928,36461134,-0.0968462394452784,0.193692478890557,56151,132983,210727,77745,3
"chr10",73591609,73592130,0.0968318519686633,0.193663703937327,10569,247647,258290,10644,6
"chr2",63055748,63057649,0.064551087066868,0.193653261200604,48794,106778,114813,8036,17
"chr6",1388571,1388911,0.096816059446527,0.193632118893054,71402,86587,105645,19059,4
"chr8",22995803,22995838,0.0967813780032134,0.193562756006427,80864,48033,62843,14811,6
"chr10",27155211,27155383,0.0967769891740905,0.193553978348181,9569,237870,266236,28367,17
"chr14",77026935,77027781,-0.0967605060632052,0.19352101212641,26534,200480,203983,3504,7
"chr19",37172508,37172787,-0.0967571602951003,0.193514320590201,44666,204646,204750,105,14
"chr22",37282409,37282448,0.0967508502588778,0.193501700517756,57972,87020,209029,122010,8
"chr7",118183674,118184044,0.0644727528819639,0.193418258645892,78996,81477,124531,43055,8
"chr14",70600978,70601042,0.0967009388282862,0.193401877656572,26186,94887,195019,100133,9
"chr11",119102312,119102395,0.0966515725278679,0.193303145055736,17332,168707,170098,1392,16
"chr10",87817775,87818031,-0.09664789331984,0.19329578663968,10898,191452,223629,32178,13
"chr1",40161378,40161391,-0.0966320653421791,0.193264130684358,2660,93219,93984,766,10
"chr2",197303409,197303714,-0.096620710235281,0.193241420470562,51458,266194,269203,3010,3
"chr14",100149264,100149593,-0.0966024952902598,0.19320499058052,27176,53330,279902,226573,3
"chr17",45135774,45135903,0.0965984521863773,0.193196904372755,37821,295819,296814,996,12
"chr15",68821588,68821905,0.0643761580841926,0.193128474252578,29442,204202,212774,8573,14
"chr14",105491165,105491256,-0.0643494087239774,0.193048226171932,27704,2859,53325,50467,10
"chr1",207052311,207053111,0.0965208380288071,0.193041676057614,7632,248914,251929,3016,31
"chr12",46826262,46826309,-0.0964970613376943,0.192994122675389,19400,189605,261367,71763,11
"chr12",1500371,1500383,0.0964890642865473,0.192978128573095,18084,176278,194063,17786,9
"chr16",11276238,11276436,-0.0964828174772132,0.192965634954426,31805,199909,288694,88786,7
"chr2",73981475,73981528,-0.0964479429150607,0.192895885830121,49111,12489,165829,153341,6
"chr7",137343664,137343871,0.0642980473894628,0.192894142168388,79453,175996,183834,7839,11
"chr17",47831163,47832162,0.0642971355117632,0.19289140653529,37959,265829,298029,32201,14
"chr19",33205379,33205728,-0.09644559791329,0.19289119582658,44311,51046,54968,3923,2
"chr19",6481934,6482177,-0.0964395472905461,0.192879094581092,42457,197290,214879,17590,12
"chr11",2868579,2869164,0.0642897516959234,0.19286925508777,12995,185299,188516,3218,33
"chr6",123063855,123064217,-0.0964309076687507,0.192861815337501,74769,168082,276237,108156,2
"chr16",87959377,87959942,0.0642586786440993,0.192776035932298,34474,62916,125132,62217,11
"chr7",2249081,2249462,0.0963845792282478,0.192769158456496,76150,50701,90663,39963,5
"chr1",5877098,5877223,-0.0642531937764988,0.192759581329496,480,35559,151604,116046,3
"chr11",57427022,57428067,-0.0963657514650832,0.192731502930166,14556,48947,98987,50041,13
"chr8",144580889,144581162,0.0963175026915222,0.192635005383044,83429,45940,182216,136277,2
"chr9",127980069,127980732,-0.0962937776056026,0.192587555211205,85798,180852,185486,4635,7
"chr12",84913075,84913352,0.0962702346314644,0.192540469262929,21091,41577,43487,1911,17
"chr14",30558433,30558949,0.0962635751307459,0.192527150261492,25288,210844,227697,16854,10
"chr3",48990032,48990478,0.0962523891953696,0.192504778390739,60493,274553,279266,4714,20
"chr8",17922928,17923027,-0.0962439254403255,0.192487850880651,80659,67859,102823,34965,11
"chr17",1270406,1270854,0.0962334490946364,0.192466898189273,34884,16991,52856,35866,9
"chr3",81985118,81986088,-0.0962313689742802,0.19246273794856,61440,260607,269006,8400,6
"chr22",50582736,50582975,-0.0962088636047808,0.192417727209562,58988,79259,98933,19675,14
"chr16",30398315,30399108,0.0962035135665865,0.192407027133173,32623,210377,298157,87781,4
"chr1",202144944,202145005,0.0962003299994809,0.192400659998962,7222,30070,31318,1249,12
"chr7",94004488,94004718,0.0961993374527995,0.192398674905599,78126,179149,185104,5956,13
"chr14",88323172,88323971,-0.096195475338551,0.192390950677102,26702,121284,197138,75855,8
"chr18",49814035,49814208,-0.0641299145466241,0.192389743639872,40995,56096,70808,14713,15
"chr7",97014196,97014227,0.0961910529512602,0.19238210590252,78185,44703,159100,114398,5
"chr15",83653839,83653842,-0.0961837977172164,0.192367595434433,30123,22242,27863,5622,6
"chr9",2014957,2015104,0.0961828720417845,0.192365744083569,83496,242316,246382,4067,6
"chr7",39733435,39733692,0.0961799734335417,0.192359946867083,77118,110770,137747,26978,11
"chr2",174334848,174334942,0.0961609902794134,0.192321980558827,51020,14983,16420,1438,15
"chr4",70225495,70226149,0.0961592385793983,0.192318477158797,65525,91226,92615,1390,4
"chr17",9959446,9959692,0.096157560261805,0.19231512052361,35838,202422,203419,998,10
"chr16",2010055,2010326,-0.0641049574312248,0.192314872293674,31144,129250,298880,169631,14
"chr6",32151839,32152300,0.0961282496233805,0.192256499246761,72663,122144,134934,12791,77
"chr12",27332751,27332763,0.0961176482493425,0.192235296498685,19138,241564,245545,3982,10
"chr1",67053994,67054509,0.0640774880383454,0.192232464115036,3667,25981,92370,66390,9
"chr2",238231528,238231655,0.0640724105038102,0.192217231511431,52792,12087,38517,26431,8
"chr2",27663487,27663888,0.064049364582231,0.192148093746693,48046,7750,25227,17478,23
"chr6",28904200,28904258,-0.0960628564067439,0.192125712813488,72137,168259,168519,261,13
"chr2",47129457,47129575,0.0960573336479596,0.192114667295919,48510,31792,286546,254755,2
"chr12",53321800,53322003,0.0640359960414492,0.192107988124348,20047,103052,175985,72934,11
"chr11",236699,237063,0.0960282649964821,0.192056529992964,12592,184533,189047,4515,20
"chr12",55997155,55997275,0.0640175040691712,0.192052512207514,20301,13575,55703,42129,15
"chr2",23927007,23927311,0.0960171573615247,0.192034314723049,47743,20319,61254,40936,9
"chr3",100400116,100401505,-0.0640047444106213,0.192014233231864,61570,148054,151581,3528,17
"chr1",99969874,99969929,0.095977560451773,0.191955120903546,4206,144137,144348,212,22
"chr8",108082118,108083554,0.0959733627824981,0.191946725564996,82442,178819,182542,3724,21
"chr6",43516635,43517687,0.0959656864796205,0.191931372959241,73480,88723,133882,45160,16
"chr19",38433679,38433707,0.0639580375978914,0.191874112793674,44765,54935,77081,22147,8
"chr2",69741470,69741794,0.0959367148637896,0.191873429727579,48945,141679,147471,5793,12
"chr9",126860080,126860231,-0.0959356060956539,0.191871212191308,85675,290727,304147,13421,7
"chr1",26409393,26410827,0.0639476093654793,0.191842828096438,1808,5058,11793,6736,15
"chr17",15944663,15944950,-0.0959068974669901,0.19181379493398,35971,4565,15150,10586,4
"chr16",21663884,21664005,0.063933985506376,0.191801956519128,32177,85044,284523,199480,4
"chr17",48590225,48590450,0.0958857092259209,0.191771418451842,38026,81730,131807,50078,5
"chr16",29925869,29926082,-0.0958695139003145,0.191739027800629,32546,78088,90174,12087,14
"chr13",27251157,27251404,0.0639115397187835,0.19173461915635,23136,140323,300253,159931,11
"chr7",97020859,97021011,0.0958621596724832,0.191724319344966,78187,49468,93852,44385,5
"chr10",67696549,67696909,0.0958543905001973,0.191708781000395,10222,99882,186311,86430,4
"chr15",22980370,22981113,0.0638972671655293,0.191691801496588,27752,78403,98778,20376,8
"chr1",203085594,203086231,-0.0638912405474462,0.191673721642338,7301,70025,111806,41782,16
"chr11",62592283,62592357,0.0958362683051134,0.191672536610227,14933,244038,274471,30434,15
"chr2",102619080,102619637,-0.0958333208018679,0.191666641603736,49786,12216,32876,20661,9
"chr19",17336616,17337535,0.0958167618540515,0.191633523708103,43742,84763,89359,4597,16
"chr4",128811119,128811306,-0.0958038334270883,0.191607666854177,66493,70464,71315,852,30
"chr2",178397488,178397488,0.0957898881716126,0.191579776343225,51145,286611,301147,14537,2
"chr17",7251954,7252369,0.0957528429147533,0.191505685829507,35479,193132,269865,76734,18
"chr10",103966930,103967667,0.0957383868736139,0.191476773747228,11693,179863,186775,6913,8
"chr2",165953940,165954075,0.0638154107972664,0.191446232391799,50796,60045,140962,80918,8
"chr19",35994380,35994458,0.063812602297648,0.191437806892944,44591,16865,55910,39046,6
"chr17",45148432,45148979,-0.063811372092985,0.191434116278955,37825,115816,140149,24334,7
"chr3",119463435,119463823,0.0957077732347043,0.191415546469409,61913,100038,107971,7934,13
"chr19",36418704,36419214,0.0957042874730206,0.191408574946041,44632,209215,297178,87964,7
"chr9",35812329,35812391,0.0956994188863684,0.191398837772737,84159,127750,129256,1507,9
"chr3",16265088,16265316,0.0637932302560287,0.191379690768086,59543,97593,153269,55677,14
"chr11",31815576,31815881,0.0956823826167557,0.191364765233511,13948,174755,176840,2086,13
"chr2",27118777,27118912,0.09566759295893,0.19133518591786,47935,3871,10598,6728,11
"chr5",102498873,102498971,-0.0956671315712451,0.19133426314249,69095,17787,30887,13101,12
"chr17",65100338,65100793,-0.0637713383855689,0.191314015156707,38817,105320,199439,94120,4
"chr10",73167987,73168563,-0.0956369381900023,0.191273876380005,10537,89704,127117,37414,16
"chr7",97872172,97872596,-0.0956197787354222,0.191239557470844,78195,183190,185641,2452,11
"chr12",52258593,52258678,-0.0956191814686371,0.191238362937274,19870,5181,47200,42020,7
"chr1",150579876,150580195,0.0955925175258261,0.191185035051652,5045,152505,156070,3566,19
"chr9",136982861,136982941,-0.0955674786137894,0.191134957227579,86640,59755,67121,7367,7
"chr1",2391388,2392431,-0.0955632031754795,0.191126406350959,308,94767,95427,661,15
"chr5",122844191,122844745,0.0955458590921892,0.191091718184378,69348,117608,128294,10687,13
"chr8",141228353,141228939,-0.0636934916571508,0.191080474971452,83008,83286,135476,52191,11
"chr3",101848304,101848912,-0.09552943355165,0.1910588671033,61625,213614,282967,69354,14
"chr2",26179297,26179449,0.0955277757979757,0.191055551595951,47848,154176,261211,107036,4
"chr2",206938254,206938615,-0.0955270448700851,0.19105408974017,51744,236082,238447,2366,5
"chr20",62952558,62952720,-0.0955242630563433,0.191048526112687,55477,57066,74796,17731,11
"chr19",55517445,55517516,-0.0955198320461073,0.191039664092215,46950,104092,205354,101263,3
"chr1",6205011,6206693,0.0955108880111813,0.191021776022363,519,17229,31127,13899,14
"chr13",110711505,110713392,-0.0636734368729952,0.191020310618986,24487,229054,253603,24550,21
"chr22",41217708,41217786,0.0955005869502994,0.191001173900599,58344,198019,215902,17884,4
"chr16",67159288,67159998,0.0954862359446591,0.190972471889318,33469,140799,199807,59009,14
"chr17",34157016,34157240,0.0636517387067618,0.190955216120285,36717,14553,78559,64007,13
"chr5",115841764,115841996,0.0636330156258968,0.19089904687769,69265,29094,72000,42907,18
"chr16",67192012,67192021,0.0954416080317389,0.190883216063478,33486,209941,218888,8948,8
"chr4",150581921,150583096,0.0954347888938932,0.190869577787786,66745,257631,277847,20217,18
"chr22",30356535,30356595,0.0954103709512641,0.190820741902528,57577,83835,85455,1621,15
"chr16",31094994,31096049,0.0954081039728625,0.190816207945725,32749,112229,114760,2532,15
"chr1",183471783,183471842,0.0954065089661887,0.190813017932377,6875,240077,244946,4870,16
"chr13",51221561,51222087,0.0635937961942201,0.19078138858266,23771,91745,214086,122342,9
"chr2",181657147,181657194,-0.0953878781042448,0.19077575620849,51222,35727,106019,70293,12
"chr2",99154438,99154768,0.0953683698469056,0.190736739693811,49645,249116,286738,37623,18
"chr4",176269270,176269318,-0.0953544360391068,0.190708872078214,67102,161753,230279,68527,9
"chr11",64284266,64285075,0.095347726998309,0.190695453996618,15126,90055,90717,663,32
"chr1",27914746,27914914,0.0953473330475808,0.190694666095162,1959,126731,137594,10864,16
"chr10",101353906,101354013,0.0953342655710988,0.190668531142198,11479,256632,278284,21653,8
"chr2",189783905,189784579,0.095328667491638,0.190657334983276,51330,158180,160794,2615,21
"chr7",27174352,27174582,0.095319770598287,0.190639541196574,76824,187337,190719,3383,18
"chr15",101065654,101066641,-0.0953081580496323,0.190616316099265,30695,54307,55972,1666,6
"chr19",53882142,53882150,-0.095249305869531,0.190498611739062,46712,10993,55263,44271,13
"chr22",21952999,21953327,-0.063490895327505,0.190472685982515,57134,206475,231977,25503,9
"chr7",114413839,114413933,-0.0952270236967391,0.190454047393478,78905,178877,180854,1978,5
"chr17",62680228,62680271,-0.0952025272610195,0.190405054522039,38653,83221,196518,113298,2
"chr11",117233110,117233164,0.0951924033055103,0.190384806611021,17127,185848,190434,4587,15
"chr3",146251792,146251838,-0.0951842777406956,0.190368555481391,62787,86942,160132,73191,2
"chr11",128522955,128523168,0.0951815124871236,0.190363024974247,17776,253036,274276,21241,11
"chr17",81902038,81902484,0.0951730693470081,0.190346138694016,40014,70639,94756,24118,11
"chr16",46689241,46689292,0.0951686951717135,0.190337390343427,32854,295499,298632,3134,19
"chr12",113056617,113056624,0.0951641809320538,0.190328361864108,21906,5840,48333,42494,6
"chr21",42496334,42496368,-0.0951472659507143,0.190294531901429,56428,53669,55455,1787,15
"chr5",50970071,50970879,-0.0634290934929891,0.190287280478967,68219,260738,273650,12913,12
"chr2",63049992,63050060,-0.0951360319222553,0.190272063844511,48791,166115,166658,544,51
"chr10",123768617,123768699,0.0951135987662937,0.190227197532587,12192,191817,198712,6896,3
"chr11",89491114,89491161,0.0951117155623915,0.190223431124783,16516,218467,239948,21482,19
"chr12",29784800,29784815,0.0950995041121043,0.190199008224209,19188,110372,129175,18804,3
"chr7",101017612,101017676,0.0950966478201722,0.190193295640344,78557,235738,273461,37724,3
"chr1",213988025,213988028,0.0950898783829381,0.190179756765876,7849,37117,37855,739,14
"chr15",100601750,100603238,0.0633791725425865,0.19013751762776,30666,200531,258024,57494,18
"chr14",104175066,104175401,-0.0950678140068404,0.190135628013681,27543,52709,56187,3479,2
"chr8",73293165,73293254,0.0950593611645632,0.190118722329126,81887,94712,99194,4483,27
"chr20",20016962,20017409,-0.095055251935799,0.190110503871598,53702,86034,86102,69,22
"chr13",106536662,106537053,0.0950442030122592,0.190088406024518,24395,284339,305645,21307,7
"chr4",56681359,56682107,-0.0950151863012516,0.190030372602503,65405,99807,111722,11916,13
"chr1",230979031,230979114,0.0950147985088727,0.190029597017745,8392,18299,20470,2172,15
"chr2",20651270,20651644,0.0633424516308694,0.190027354892608,47702,67827,142106,74280,12
"chr9",4152606,4152723,-0.0950071928187167,0.190014385637433,83534,5980,97088,91109,5
"chr15",89575393,89575463,-0.0949829329384077,0.189965865876815,30326,201784,209100,7317,15
"chr7",87876146,87876796,-0.0949770349933617,0.189954069986723,77987,124183,137943,13761,17
"chr17",9575633,9576637,0.0633041767829615,0.189912530348885,35811,77327,83577,6251,22
"chr16",2268299,2268987,0.0949320097142767,0.189864019428553,31242,72428,90284,17857,17
"chr10",71218011,71218016,0.0949242185718786,0.189848437143757,10427,178251,247823,69573,3
"chr11",59669173,59669296,-0.0949231992475106,0.189846398495021,14684,140690,173615,32926,7
"chr12",93571636,93572432,0.0949209997258023,0.189841999451605,21212,244621,263002,18382,32
"chr12",52789989,52790302,0.063274802139239,0.189824406417717,19946,48340,173486,125147,5
"chr2",176079186,176079714,-0.0949061637637418,0.189812327527484,51060,10618,109827,99210,6
"chr3",172750665,172750722,0.0948467000199437,0.189693400039887,63289,244737,278829,34093,10
"chr7",2241906,2241982,0.0948196778676009,0.189639355735202,76146,28206,40149,11944,14
"chr1",6599293,6599306,-0.0948095224516545,0.189619044903309,590,112625,156118,43494,4
"chr8",21788273,21790084,0.0632003657736302,0.189601097320891,80739,66428,114862,48435,13
"chr10",126422011,126422185,0.0947992816587962,0.189598563317592,12290,168328,270803,102476,4
"chr1",1246576,1247044,0.0947723080150092,0.189544616030018,98,29715,32307,2593,5
"chr10",123666109,123666478,0.0947609492507622,0.189521898501524,12186,15488,44268,28781,9
"chr13",110493236,110493245,0.0947571912866216,0.189514382573243,24467,206174,207635,1462,4
"chr13",94707412,94708288,0.0947570920972472,0.189514184194494,24147,117551,197305,79755,5
"chr4",38867368,38867500,0.094744181918015,0.18948836383603,65030,163021,234157,71137,14
"chr17",36932132,36933335,0.0947437921542356,0.189487584308471,36868,206883,207650,768,8
"chr1",3752378,3752608,-0.0947437838697953,0.189487567739591,432,88562,94542,5981,4
"chr13",96053340,96053458,0.0947434882443881,0.189486976488776,24175,608,10567,9960,10
"chr22",39241244,39242356,0.0947381216493683,0.189476243298737,58189,59531,80803,21273,7
"chr2",36966338,36967213,0.0947357281252137,0.189471456250427,48236,95661,148256,52596,6
"chr1",206470392,206470498,-0.0947337242999934,0.189467448599987,7568,138613,158982,20370,8
"chr6",32832746,32832814,0.0631436006490707,0.189430801947212,72738,42157,174153,131997,6
"chr20",35412062,35412367,-0.0946766422964512,0.189353284592902,54229,13368,53202,39835,12
"chr12",98504055,98504139,0.0946675109865435,0.189335021973087,21314,200689,204105,3417,8
"chr9",35749384,35749783,0.094665940776973,0.189331881553946,84145,244072,247400,3329,14
"chr16",29979020,29979474,-0.0946571393559216,0.189314278711843,32551,134885,232202,97318,3
"chr16",71883250,71884503,0.09462718962934,0.18925437925868,33894,112314,137547,25234,12
"chr3",35743539,35743922,-0.094623724273305,0.18924744854661,59794,282860,288336,5477,9
"chr1",27548057,27548554,0.094591626627225,0.18918325325445,1921,147120,153229,6110,5
"chr17",28662111,28662276,0.0945827769038271,0.189165553807654,36443,25646,28130,2485,18
"chr19",42283610,42283915,-0.0630508315449051,0.189152494634715,45282,68221,72499,4279,8
"chr8",41661508,41661881,0.0945742970923304,0.189148594184661,81378,43188,46697,3510,12
"chr3",47380928,47381147,0.0945637416659928,0.189127483331986,60328,156829,263263,106435,13
"chr6",163181849,163181858,-0.0945608369139161,0.189121673827832,75706,47479,169382,121904,3
"chr21",38121395,38121456,-0.0945400404042426,0.189080080808485,56203,75614,80001,4388,9
"chr11",35419713,35420678,0.0630202556777547,0.189060767033264,14084,124066,190417,66352,20
"chr17",42388554,42388847,0.0630112900547399,0.18903387016422,37461,221891,292294,70404,13
"chr8",81841858,81842240,-0.0630060438378208,0.189018131513462,82025,6559,48178,41620,15
"chr16",4623973,4624717,-0.0630005495998014,0.189001648799404,31603,54722,124723,70002,12
"chr7",76515963,76516245,0.0945004147181851,0.18900082943637,77849,50732,168567,117836,5
"chr11",78046241,78046513,0.0944681598549416,0.188936319709883,16353,116139,129813,13675,7
"chr6",31662495,31662682,-0.0944599382956014,0.188919876591203,72531,49896,105419,55524,7
"chr9",37592651,37592794,0.0944487077020578,0.188897415404116,84228,184154,224826,40673,7
"chr7",37920649,37921129,0.0944407800926193,0.188881560185239,77085,173315,175327,2013,13
"chr16",81779114,81779133,0.0944337677826683,0.188867535565337,34172,104266,107301,3036,8
"chr6",3446165,3446373,-0.0944304887044887,0.188860977408977,71503,188218,265227,77010,4
"chr13",45418445,45419277,0.0944225376823903,0.188845075364781,23587,138679,198323,59645,20
"chr11",101584034,101584092,0.0944208900440264,0.188841780088053,16666,180376,203099,22724,15
"chr17",17816499,17816959,-0.0944203182184117,0.188840636436823,36122,57998,132554,74557,2
"chr10",99731841,99732771,0.0944194708355517,0.188838941671103,11353,46862,96349,49488,17
"chr10",103367858,103367875,0.0943972923124041,0.188794584624808,11638,101294,185088,83795,7
"chr12",95942343,95943322,-0.0629313409001509,0.188794022700453,21267,78471,99777,21307,15
"chr11",67239934,67240150,-0.0943931281179002,0.1887862562358,15635,276559,300614,24056,17
"chr3",13548944,13548948,0.0943591317071783,0.188718263414357,59395,5741,16068,10328,9
"chr7",76259975,76259975,0.0942965810309986,0.188593162061997,77820,10303,80139,69837,3
"chr16",71809003,71810199,0.0942815895335872,0.188563179067174,33886,257472,262771,5300,15
"chr13",23979561,23979572,0.0942656543113223,0.188531308622645,23052,203426,275813,72388,9
"chr20",62368185,62368789,0.0628371582658749,0.188511474797625,55405,101734,235422,133689,5
"chr17",82451579,82452106,0.0942519105999288,0.188503821199858,40150,209472,217562,8091,3
"chr1",19081376,19081403,0.0628286897305913,0.188486069191774,1268,63334,237797,174464,3
"chr5",7869073,7869076,0.0942392518052671,0.188478503610534,67638,161294,267887,106594,21
"chr1",182839008,182839804,0.0942334428209403,0.188466885641881,6844,163805,165297,1493,16
"chr6",30907981,30908104,-0.0942108830460282,0.188421766092056,72398,179259,179630,372,14
"chr3",136023094,136023163,0.0941535358630882,0.188307071726176,62551,104075,137230,33156,2
"chr1",241357604,241357641,0.0941054713625487,0.188210942725097,8610,16950,30885,13936,8
"chr5",172006728,172007492,-0.0627368694993624,0.188210608498087,70842,220650,276120,55471,12
"chr11",69653569,69653610,0.0940960475226068,0.188192095045214,15864,44861,49846,4986,9
"chr12",57737983,57738310,-0.0940839296697369,0.188167859339474,20618,68191,80153,11963,14
"chr6",132512660,132513209,0.0627199557352792,0.188159867205838,74927,182326,187169,4844,14
"chr2",189762753,189764402,-0.0627181359842716,0.188154407952815,51328,262082,267370,5289,21
"chr6",31728521,31729075,0.0940626917063289,0.188125383412658,72559,195264,200733,5470,50
"chr12",71439251,71439754,-0.0940577091552551,0.18811541831051,20921,17213,19816,2604,11
"chr10",2014392,2014406,-0.094052461070557,0.188104922141114,8953,111033,168760,57728,4
"chr22",21938070,21938087,0.0940483066978739,0.188096613395748,57131,251435,256383,4949,17
"chr21",38804582,38805079,-0.0940215729391549,0.18804314587831,56234,126727,217388,90662,9
"chr19",36772802,36773160,0.0940134546409828,0.188026909281966,44654,129181,139621,10441,7
"chr3",3126719,3127071,-0.0939945123495169,0.187989024699034,59041,89462,146059,56598,11
"chr14",64294552,64294691,-0.093970638170181,0.187941276340362,25951,273184,298783,25600,12
"chr19",10251950,10252012,0.0939682285655537,0.187936457131107,42881,85437,90863,5427,10
"chr1",225428144,225428888,-0.0939660781530523,0.187932156306105,8084,240479,245587,5109,17
"chr2",161307961,161308258,0.0939309893327512,0.187861978665502,50722,36231,60954,24724,8
"chr16",56477496,56477565,-0.0939060603557635,0.187812120711527,33136,245166,309389,64224,2
"chr8",38386361,38386427,0.0938981034738506,0.187796206947701,81289,174637,181476,6840,16
"chr15",28921047,28921423,-0.093897949471007,0.187795898942014,27976,94995,100577,5583,8
"chr3",49803037,49803103,-0.0938911433189938,0.187782286637988,60626,149251,273111,123861,6
"chr10",84424974,84425220,-0.0938883924036072,0.187776784807214,10836,251444,267491,16048,4
"chr15",76311429,76311639,0.0625876830595782,0.187763049178734,29821,26986,67459,40474,11
"chr11",58575845,58577276,0.0938441552174548,0.18768831043491,14627,303689,311363,7675,7
"chr2",24076306,24077288,0.093843450480055,0.18768690096011,47755,85384,89926,4543,11
"chr6",34392385,34393139,0.0938401637158974,0.187680327431795,72921,98244,106516,8273,10
"chr4",165326922,165327466,0.0625545593487225,0.187663678046168,66983,145002,162996,17995,12
"chr2",68775059,68775086,0.0938287618341115,0.187657523668223,48914,4180,9396,5217,18
"chr2",74454746,74455049,-0.0938249566412428,0.187649913282486,49163,153580,166358,12779,14
"chr13",102394875,102395349,0.0625440940434336,0.187632282130301,24338,202244,298713,96470,7
"chr13",85800543,85800640,-0.0938039045694241,0.187607809138848,24097,249691,262117,12427,2
"chr2",106065481,106065547,-0.0937972833955829,0.187594566791166,49852,38896,60498,21603,10
"chr5",65624362,65624659,-0.0937936289735889,0.187587257947178,68475,37528,65482,27955,25
"chr13",107868479,107868597,0.0937851900611696,0.187570380122339,24411,12158,13285,1128,20
"chr14",49688284,49688400,-0.0937741243392865,0.187548248678573,25511,138242,204358,66117,13
"chr6",45377753,45378614,0.0625085809303445,0.187525742791034,73586,275014,303904,28891,28
"chr19",53867542,53869364,0.0937524883274589,0.187504976654918,46706,195603,195829,227,22
"chr10",50624117,50624173,-0.0937511160955909,0.187502232191182,10051,169525,175311,5787,11
"chr20",25247615,25247944,0.0937051908928982,0.187410381785796,53862,293090,298599,5510,9
"chr15",72231878,72231896,0.0937032295090418,0.187406459018084,29561,193553,197835,4283,16
"chr8",93700145,93700978,0.0936814733856151,0.18736294677123,82144,111892,117222,5331,11
"chr19",2290844,2291374,0.0936662858813035,0.187332571762607,41913,122759,206083,83325,7
"chr12",57611408,57611413,-0.0936660346926356,0.187332069385271,20591,61715,68425,6711,18
"chr2",74440473,74441849,0.0936602987058293,0.187320597411659,49162,77737,84889,7153,16
"chr6",146543142,146543346,0.0624015903693978,0.187204771108194,75258,103187,113890,10704,16
"chr20",5126375,5126571,-0.0623997620958952,0.187199286287685,53445,251198,265430,14233,15
"chr15",40769890,40769915,0.0935713817942522,0.187142763588504,28315,105478,126408,20931,10
"chr4",186104266,186105071,0.0935657207642612,0.187131441528522,67299,157721,163192,5472,10
"chr2",157597723,157597839,0.0935656342571705,0.187131268514341,50640,275210,311247,36038,9
"chr17",68035682,68036212,-0.0935580529036227,0.187116105807245,38890,204404,205609,1206,13
"chr19",41353254,41353650,0.0935484433347097,0.187096886669419,45152,90169,105349,15181,10
"chr19",56507647,56507653,0.0935048351036272,0.187009670207254,47044,11909,17032,5124,8
"chr14",24307423,24307494,-0.0934927753568169,0.186985550713634,25200,202014,243183,41170,3
"chr8",11347324,11348463,-0.0623170619340206,0.186951185802062,80525,129607,172019,42413,9
"chr17",30236071,30236090,-0.0934667779314588,0.186933555862918,36564,12517,73640,61124,9
"chr12",12266818,12267141,-0.0623095073934899,0.18692852218047,18763,23951,55904,31954,11
"chr1",173824151,173824796,0.0934581585113118,0.186916317022624,6570,85366,102377,17012,22
"chr2",70887802,70888100,0.0934521956846882,0.186904391369376,49005,12361,16624,4264,5
"chr13",44989672,44990217,0.0934450864155336,0.186890172831067,23571,292511,298346,5836,11
"chr16",10818621,10818861,0.0622899923626295,0.186869977087888,31770,16569,76353,59785,5
"chr14",33215210,33215231,0.093434923071799,0.186869846143598,25340,62236,273748,211513,2
"chr1",25799969,25800037,0.0622884061566034,0.18686521846981,1730,38074,71662,33589,8
"chr1",1331813,1333089,-0.0934305088554127,0.186861017710825,131,36408,82604,46197,17
"chr6",169725145,169725452,0.0622856335593166,0.18685690067795,75906,48857,177760,128904,8
"chr8",133060281,133061411,0.0934237616019181,0.186847523203836,82846,182218,231893,49676,7
"chr1",30721520,30721688,-0.0934172063431759,0.186834412686352,2071,164810,280237,115428,3
"chr6",136551185,136551264,0.0934129189674307,0.186825837934861,75044,126131,173878,47748,14
"chr3",121750073,121750321,-0.0933962670799228,0.186792534159846,61990,164318,215932,51615,11
"chr9",123403285,123403588,-0.0933870952470937,0.186774190494187,85562,230290,277911,47622,3
"chr1",24415620,24416182,0.0933731800096402,0.18674636001928,1664,143936,149575,5640,16
"chr12",50111546,50112451,-0.0933543045192861,0.186708609038572,19711,103968,169087,65120,19
"chr10",99328751,99329392,0.093337295613343,0.186674591226686,11335,174219,258338,84120,16
"chr2",175181457,175181904,-0.0622178274368455,0.186653482310536,51052,38076,115295,77220,9
"chr19",32345508,32345510,-0.0933126277008788,0.186625255401758,44264,99698,105969,6272,12
"chr2",85354405,85355235,0.0932725410832357,0.186545082166471,49303,164546,166622,2077,18
"chr7",6436372,6436479,0.0932597653445105,0.186519530689021,76443,167287,173538,6252,2
"chr10",104328997,104329245,0.0932470225348186,0.186494045069637,11732,183212,191246,8035,8
"chr3",184018314,184018349,0.093234386587301,0.186468773174602,63496,123036,154708,31673,10
"chr10",61902301,61902401,-0.093233539617651,0.186467079235302,10163,167359,168647,1289,3
"chr9",101738727,101738748,0.0932204285133751,0.18644085702675,85018,3650,4716,1067,10
"chr11",65859388,65860347,0.0932198711942697,0.186439742388539,15428,249950,254389,4440,27
"chr4",781431,781859,0.0932184006517396,0.186436801303479,64191,141633,142761,1129,8
"chr2",24970952,24972732,0.0621433307805249,0.186429992341575,47794,152181,258944,106764,14
"chr18",44680486,44680749,0.0932024635301813,0.186404927060363,40854,263552,292607,29056,17
"chr12",7444107,7444319,-0.0931974481867309,0.186394896373462,18476,167449,213798,46350,2
"chr8",55772966,55773875,0.0621142967070395,0.186342890121119,81611,249890,253264,3375,25
"chr6",107824397,107824454,-0.0931594863687697,0.186318972737539,74421,179049,179949,901,10
"chr9",72364587,72364650,-0.0930918570767436,0.186183714153487,84375,68176,71629,3454,5
"chr6",16328113,16328378,0.0930865432121071,0.186173086424214,71777,170052,277289,107238,3
"chr3",129121960,129122591,-0.0930793444394821,0.186158688878964,62317,77859,127079,49221,20
"chr15",48963060,48963258,0.0930756660862396,0.186151332172479,28747,132483,203510,71028,16
"chr2",176083377,176084031,0.0930733027866992,0.186146605573398,51062,12127,79531,67405,7
"chr6",30720195,30720258,-0.0620458616508107,0.186137584952432,72370,43471,46744,3274,23
"chr10",22252437,22252513,0.0930263928281391,0.186052785656278,9467,43466,175804,132339,2
"chr2",176269202,176269513,0.0930079543566582,0.186015908713316,51097,118765,138858,20094,12
"chr3",47578958,47579949,0.0619785889269619,0.185935766780886,60343,110972,150125,39154,17
"chr1",159900112,159900296,0.0929051690277741,0.185810338055548,6001,16639,17016,378,10
"chr20",63007136,63007222,0.0929026452397358,0.185805290479472,55481,10400,12341,1942,6
"chr4",177309697,177309777,0.0929013832668437,0.185802766533687,67112,97465,123637,26173,14
"chr20",56392274,56392478,0.0928959896456703,0.185791979291341,55145,201626,202046,421,16
"chr1",155256017,155256403,0.0928776503512044,0.185755300702409,5595,151013,231282,80270,17
"chr6",111086999,111087558,0.0928759121751219,0.185751824350244,74528,102964,135928,32965,13
"chr2",18560777,18561184,0.0928545131714483,0.185709026342897,47660,145724,150929,5206,11
"chr15",65423018,65423326,-0.0928526981922345,0.185705396384469,29283,73405,78197,4793,7
"chr6",109009708,109009711,-0.0928506611466127,0.185701322293225,74455,114718,132625,17908,15
"chr11",108221980,108222493,0.0928332557290761,0.185666511458152,16804,92991,96783,3793,44
"chr16",54284860,54285492,0.0928193917430483,0.185638783486097,33065,17896,196694,178799,4
"chr19",9323150,9323759,0.0928035558216458,0.185607111643292,42791,244972,257361,12390,17
"chr12",20369243,20370187,0.0927325419457448,0.18546508389149,18976,208449,211650,3202,16
"chr5",169300777,169300779,0.0927212473183722,0.185442494636744,70773,12159,14967,2809,18
"chr3",9249528,9249650,0.0927200013362844,0.185440002672569,59125,90421,92393,1973,18
"chr5",95646457,95646626,0.0927124084779314,0.185424816955863,68996,86324,141429,55106,14
"chr9",101398707,101398763,-0.0927053065247977,0.185410613049595,84996,130933,168103,37171,16
"chr15",52568556,52569199,0.0926757217106257,0.185351443421251,28891,123758,139558,15801,21
"chr16",69133004,69133061,-0.0926695943521829,0.185339188704366,33698,101097,193128,92032,19
"chr17",7012275,7012519,0.0926694505504313,0.185338901100863,35429,196333,196637,305,33
"chr19",7676923,7676952,0.0926667182927221,0.185333436585444,42597,208706,297016,88311,8
"chr5",139482884,139482902,0.0926372214630086,0.185274442926017,69823,245514,245630,117,8
"chr6",43171942,43171954,-0.0926200738433044,0.185240147686609,73415,5201,5328,128,21
"chr2",109613564,109614037,-0.0925980537079234,0.185196107415847,49930,13074,18820,5747,14
"chr17",47896258,47896261,-0.0925969571303303,0.185193914260661,37971,27160,28634,1475,14
"chr8",48735250,48735325,0.0925753508616983,0.185150701723397,81510,9517,43043,33527,13
"chr7",97014142,97014374,-0.0925678888551079,0.185135777710216,78185,174696,180930,6235,5
"chr7",93921700,93921702,0.0925317634594138,0.185063526918828,78124,169827,180432,10606,10
"chr5",177351858,177352228,0.0925151067943602,0.18503021358872,71059,88352,147763,59412,16
"chr19",36850176,36850968,0.0925056686390437,0.185011337278087,44661,77152,100566,23415,30
"chr2",217756763,217756857,-0.0924920025279972,0.184984005055994,51963,163356,166148,2793,9
"chr14",55191572,55192997,-0.0924916484248811,0.184983296849762,25703,91137,214547,123411,7
"chr12",95548752,95549338,-0.0616577284253488,0.184973185276046,21254,10381,15629,5249,15
"chr22",31496067,31496081,-0.0924841739637915,0.184968347927583,57709,110521,214445,103925,16
"chr12",49347057,49347381,0.0924681730988322,0.184936346197664,19616,96329,98868,2540,15
"chr2",202375968,202377147,-0.0924670067838756,0.184934013567751,51642,97220,97412,193,17
"chr17",10697434,10697602,0.0924451919591898,0.18489038391838,35871,2454,17540,15087,12
"chr5",132410397,132410564,0.0924258152518685,0.184851630503737,69500,162750,217748,54999,12
"chr22",31398536,31399371,0.0616088347699177,0.184826504309753,57698,207462,223543,16082,9
"chr20",57710338,57710660,-0.0924060814342232,0.184812162868446,55205,194878,208276,13399,12
"chr22",38656523,38656535,0.0924043879076397,0.184808775815279,58124,138776,140530,1755,22
"chr3",138009989,138010153,0.092394156332796,0.184788312665592,62586,107200,117583,10384,14
"chr17",80883438,80883831,-0.0923926646079032,0.184785329215806,39835,108295,122430,14136,5
"chr6",50845099,50845282,0.0923917285912251,0.18478345718245,73706,185514,282138,96625,6
"chr7",135727658,135728357,-0.0923840566838329,0.184768113367666,79442,1060,45942,44883,10
"chr2",70768217,70768395,0.0923639955719553,0.184727991143911,48996,5392,6407,1016,18
"chr1",92486039,92487699,-0.0615724063546276,0.184717219063883,4068,159407,165638,6232,26
"chr18",23134521,23134532,0.0923556440523616,0.184711288104723,40594,83667,94958,11292,11
"chr14",50668648,50669012,-0.0923465605172822,0.184693121034564,25568,197658,287267,89610,8
"chr3",197960082,197960139,0.0923243295294368,0.184648659058874,64125,63904,67013,3110,17
"chr2",55693959,55694740,0.0923058548780181,0.184611709756036,48678,87445,110868,23424,12
"chr19",43406323,43406353,0.0615274787077845,0.184582436123354,45355,59666,249434,189769,3
"chr2",170714497,170715206,-0.0922880754169739,0.184576150833948,50901,156185,156466,282,26
"chr6",73695724,73696466,0.0922801176266474,0.184560235253295,73986,99483,104558,5076,19
"chr8",100158416,100158443,0.0922555818669086,0.184511163733817,82296,180418,190381,9964,14
"chr19",695564,695568,0.0922222281693174,0.184444456338635,41564,14225,123687,109463,5
"chr3",63897988,63898081,-0.0922143245391728,0.184428649078346,61225,251848,260514,8667,4
"chr3",10115636,10115642,-0.0922133360066182,0.184426672013236,59231,19255,19908,654,9
"chr19",2740125,2740391,-0.0614747389100611,0.184424216730183,41963,52551,76583,24033,10
"chr20",33401611,33402183,-0.0922109753642934,0.184421950728587,54100,193427,194309,883,10
"chr5",32313175,32313362,0.092184175133459,0.184368350266918,67900,82823,124283,41461,12
"chr12",108195818,108196091,-0.0921781438155457,0.184356287631091,21563,223457,264400,40944,2
"chr15",67520994,67522542,0.0921653507277698,0.18433070145554,29383,195610,199855,4246,19
"chr5",141968637,141968687,-0.0921632553303811,0.184326510660762,70133,104453,115922,11470,14
"chr4",73868997,73869384,0.0921536762560043,0.184307352512009,65620,1308,24493,23186,6
"chr6",119078876,119079315,0.0921517715103778,0.184303543020756,74742,220556,300790,80235,8
"chr6",31833924,31835145,-0.0921494058593589,0.184298811718718,72589,96301,100081,3781,31
"chr7",55964354,55964671,0.092129232573069,0.184258465146138,77503,88986,102210,13225,9
"chr17",7627553,7627879,0.0921073537762823,0.184214707552565,35588,137676,197546,59871,11
"chr7",149146961,149147286,-0.0920922000578881,0.184184400115776,79814,191883,200808,8926,9
"chr19",38850173,38850455,0.0920777552937578,0.184155510587516,44830,198378,199051,674,8
"chr2",37230453,37231925,0.0920470540075845,0.184094108015169,48256,93738,94845,1108,19
"chr18",58863188,58863900,0.0920466006080013,0.184093201216003,41173,107462,140855,33394,14
"chr12",122974498,122974985,0.0920127832002505,0.184025566400501,22422,102835,128734,25900,21
"chr19",34677125,34677333,0.092011109686101,0.184022219372202,44371,298461,308959,10499,14
"chr9",116187534,116187854,-0.0920107837972349,0.18402156759447,85344,228621,282742,54122,7
"chr2",240558558,240558744,0.0920068392806864,0.184013678561373,52891,158040,226162,68123,12
"chr6",56954817,56956071,-0.0613327023139245,0.183998106941773,73845,4626,24789,20164,14
"chr1",155950861,155951041,0.0613322631868724,0.183996789560617,5666,1378,156147,154770,5
"chr8",93740295,93741021,0.0919719490002744,0.183943898000549,82151,178808,178904,97,22
"chr2",130343890,130343959,-0.0919556759687867,0.183911351937573,50325,102746,278628,175883,3
"chr4",1346241,1347190,0.0919501903467764,0.183900380693553,64276,117189,118165,977,23
"chr10",126905149,126905377,0.0919181947917524,0.183836389583505,12301,40989,46442,5454,13
"chr5",150777307,150778496,-0.0919083825952795,0.183816765190559,70428,164175,248671,84497,5
"chr5",141417325,141417525,-0.0918960244971962,0.183792048994392,70061,148491,263989,115499,2
"chr22",35623424,35623571,-0.0918949965475287,0.183789993095057,57844,121250,195109,73860,5
"chr2",25204239,25204245,-0.0918917222931069,0.183783444586214,47809,33397,63650,30254,4
"chr7",94394510,94394676,0.0918686182149172,0.183737236429834,78129,91801,94514,2714,12
"chr18",31684533,31684542,-0.0918641557780004,0.183728311556001,40718,239183,262268,23086,4
"chr10",18399467,18400106,-0.0612091498216295,0.183627449464888,9408,181216,221269,40054,14
"chr4",125316442,125317774,-0.0612089056104491,0.183626716831347,66459,134960,142793,7834,7
"chr17",49210130,49210159,-0.0918024315624844,0.183604863124969,38086,10361,10441,81,17
"chr20",18137700,18138344,-0.0917921181016179,0.183584236203236,53652,195321,199206,3886,15
"chr5",15499367,15499896,0.091773108623896,0.183546217247792,67769,225618,310653,85036,10
"chr14",77457358,77457866,0.0917537116245475,0.183507423249095,26585,106698,108623,1926,16
"chr6",122995843,122995910,0.0917424314131803,0.183484862826361,74767,251779,258384,6606,17
"chr13",38687032,38687288,0.0917243341261998,0.1834486682524,23418,52382,58760,6379,13
"chr2",6865607,6865792,0.0917125564815288,0.183425112963058,47426,61793,78075,16283,15
"chr3",173141909,173142390,-0.0611357771891273,0.183407331567382,63292,127815,245623,117809,4
"chr7",139716279,139716488,-0.091692353275897,0.183384706551794,79538,168257,170853,2597,6
"chr15",45634430,45635020,0.0611276004360699,0.18338280130821,28699,140945,255829,114885,15
"chr16",4476358,4476867,-0.0611272707771422,0.183381812331427,31587,20829,59997,39169,14
"chr5",43556589,43557764,0.0611178733383881,0.183353620015164,68198,113515,165794,52280,11
"chr17",58336529,58336616,0.0916712406573907,0.183342481314781,38478,124947,299963,175017,2
"chr3",100400454,100401585,0.0916592926490831,0.183318585298166,61570,159820,163462,3643,17
"chr1",172532407,172532856,0.0916416723884884,0.183283344776977,6540,31417,33272,1856,18
"chr17",45317502,45317593,-0.091618191430813,0.183236382861626,37845,212050,218589,6540,9
"chr1",44842921,44842970,0.0915768421662004,0.183153684332401,2986,11008,30762,19755,9
"chr19",54662483,54662719,0.0915656686435232,0.183131337287046,46828,267937,276334,8398,12
"chr17",81961226,81961231,-0.0915605999996968,0.183121199999394,40040,22894,28314,5421,10
"chr19",40413338,40413853,0.0915472525309881,0.183094505061976,45035,86736,100194,13459,4
"chr6",111605920,111606277,0.0915377033263663,0.183075406652733,74553,170445,171160,716,6
"chr11",114439210,114439212,0.0914947260651577,0.182989452130315,17044,95653,101005,5353,8
"chr1",198860149,198860630,-0.091493598105624,0.182987196211248,7063,220453,256144,35692,3
"chr14",102499083,102499218,0.0914774429412126,0.182954885882425,27402,125179,197543,72365,2
"chr1",1614235,1614419,0.0914662194794029,0.182932438958806,193,123581,145953,22373,5
"chr16",56668232,56668246,-0.0914485941405008,0.182897188281002,33160,76515,133409,56895,3
"chr6",134175083,134175203,0.0914472170703462,0.182894434140692,74980,10420,17110,6691,3
"chr8",62249030,62249057,0.0914380047989524,0.182876009597905,81705,41626,42220,595,5
"chr15",39933045,39933803,0.0914273788038373,0.182854757607675,28204,234480,260135,25656,11
"chr6",32180032,32180117,0.0914241371407558,0.182848274281512,72670,167889,179244,11356,5
"chr7",44490841,44491183,-0.0914163692230481,0.182832738446096,77239,189336,222661,33326,12
"chr1",115089417,115089655,-0.060935077121032,0.182805231363096,4682,62267,92038,29772,11
"chr6",32178016,32178053,0.0914002756530645,0.182800551306129,72669,81971,93101,11131,44
"chr17",6435982,6436146,0.0913789312427756,0.182757862485551,35378,76883,81275,4393,5
"chr9",94030673,94030691,-0.0913774088891043,0.182754817778209,84737,3339,3500,162,9
"chr20",1491425,1491773,0.0913725089145189,0.182745017829038,53218,298110,298449,340,8
"chr1",93681370,93681663,0.0913719645273293,0.182743929054659,4109,11138,16780,5643,14
"chr3",133124235,133125033,-0.0913674766584595,0.182734953316919,62474,272060,275201,3142,9
"chr12",53984479,53985003,-0.0913596791364381,0.182719358272876,20113,10677,13348,2672,24
"chr7",129774857,129775047,-0.0913533384358307,0.182706676871661,79263,50564,50953,390,11
"chr5",1445434,1445446,-0.0913455697180804,0.182691139436161,67522,934,7793,6860,5
"chr10",44958392,44959852,0.0913430183777822,0.182686036755564,9871,263036,274269,11234,17
"chr11",27701070,27701667,-0.0913405381362709,0.182681076272542,13902,168518,169361,844,36
"chr2",32946632,32946935,-0.0608581197357089,0.182574359207127,48185,8252,88543,80292,8
"chr1",113887343,113888474,0.0912685448212388,0.182537089642478,4626,143958,147758,3801,9
"chr9",35790839,35791985,0.0912681735590293,0.182536347118059,84150,243633,260800,17168,15
"chr19",6736781,6736968,0.0912594744636678,0.182518948927336,42484,248949,251469,2521,29
"chr17",76471580,76471746,-0.0912435483586971,0.182487096717394,39400,196396,207749,11354,3
"chr10",27999070,27999720,-0.0608181882583036,0.182454564774911,9589,45424,70466,25043,10
"chr17",76711171,76711189,-0.0912040368881273,0.182408073776255,39437,94941,198255,103315,5
"chr6",32128582,32129168,0.0911998763734444,0.182399752746889,72659,169520,170277,758,51
"chr2",80302478,80302496,-0.0911986197780357,0.182397239556071,49256,163876,277701,113826,12
"chr6",44126039,44126725,-0.0607860022239128,0.182358006671738,73528,213898,235662,21765,14
"chr15",43826897,43827078,0.091158618321281,0.182317236642562,28597,63705,117959,54255,7
"chr10",248413,248488,0.0911571529630548,0.18231430592611,8869,126371,170846,44476,2
"chr2",208124681,208124745,0.0911067036242511,0.182213407248502,51792,93881,116121,22241,10
"chr11",4578767,4578890,-0.0911052727057434,0.182210545411487,13090,178016,179854,1839,4
"chr2",96305685,96305697,0.0911005675733936,0.182201135146787,49518,146129,158035,11907,12
"chr14",47675111,47675166,0.0910889410822161,0.182177882164432,25496,12610,17678,5069,10
"chr10",96043184,96043220,0.0910612135128333,0.182122427025667,11177,81715,85949,4235,12
"chr7",27662977,27663166,0.0910363712724537,0.182072742544907,76846,86536,94159,7624,10
"chr11",38648353,38648656,-0.091036230953984,0.182072461907968,14126,251685,264723,13039,3
"chr10",70146606,70146835,0.0910339983631991,0.182067996726398,10364,22365,49164,26800,12
"chr11",66857382,66857419,0.0910077328410913,0.182015465682183,15605,47216,62497,15282,6
"chr10",80537641,80537859,-0.0910017417292851,0.18200348345857,10792,102750,115188,12439,6
"chr15",83066539,83067444,-0.0909976497841169,0.181995299568234,30108,207919,292449,84531,13
"chr6",44245981,44247143,0.0909897884180295,0.181979576836059,73551,128789,174615,45827,23
"chr20",57329058,57329308,-0.0909732220919723,0.181946444183945,55174,123274,203578,80305,11
"chr1",45012025,45012901,0.0909576478508137,0.181915295701627,2997,244481,247010,2530,10
"chr10",99532905,99533332,0.0909530656936171,0.181906131387234,11343,179703,187632,7930,11
"chr2",48755693,48755809,0.0909523575164527,0.181904715032905,48591,824,14403,13580,9
"chr1",162412872,162413058,0.0909502979843967,0.181900595968793,6246,136853,310675,173823,6
"chr19",5679960,5681308,0.0909365672627762,0.181873134525552,42364,248522,251994,3473,19
"chr4",8237493,8237527,0.0909321734371243,0.181864346874249,64652,36812,144460,107649,3
"chr12",56151786,56152355,-0.0909066814275366,0.181813362855073,20339,168815,169453,639,16
"chr5",41903460,41904134,-0.0908860179595732,0.181772035919146,68149,161024,231304,70281,12
"chr3",181711507,181711672,0.0908845247850625,0.181769049570125,63419,95198,121692,26495,13
"chr22",20020005,20020844,0.0908736858433786,0.181747371686757,56965,81411,215362,133952,9
"chr20",34558044,34558711,0.0908624765269748,0.18172495305395,54161,124559,134385,9827,12
"chr11",10294385,10294811,0.0908448180270934,0.181689636054187,13494,45537,106052,60516,14
"chr6",30213752,30214572,-0.0605621344213837,0.181686403264151,72297,186081,187251,1171,38
"chr8",139702775,139703314,0.0908423311456948,0.18168466229139,82921,40489,41937,1449,7
"chr6",17707456,17707532,-0.0908408516800507,0.181681703360101,71794,223142,225909,2768,20
"chr8",22275413,22275479,-0.090832106390727,0.181664212781454,80803,49584,85545,35962,13
"chr5",115170612,115170879,0.0605429872911834,0.18162896187355,69245,147452,259054,111603,6
"chr11",106076662,106077878,0.0908079632520436,0.181615926504087,16771,179844,183414,3571,28
"chr7",92245732,92246048,-0.090779054383904,0.181558108767808,78058,99977,138398,38422,15
"chr19",12723846,12724392,-0.0605161815762462,0.181548544728739,43227,254246,298081,43836,9
"chr19",54115736,54115786,-0.090774023498398,0.181548046996796,46752,77850,78684,835,13
"chr14",100726049,100727060,-0.0907656786027471,0.181531357205494,27218,55905,58535,2631,20
"chr16",15949244,15949466,0.090764604011624,0.181529208023248,32014,57210,63022,5813,9
"chr5",181246365,181246395,-0.0907358048769933,0.181471609753987,71363,150820,160989,10170,11
"chr5",77073233,77073642,0.0907092402445032,0.181418480489006,68711,219743,225354,5612,4
"chr3",50299253,50299630,0.0906464778115459,0.181292955623092,60693,162653,163484,832,24
"chr6",33248615,33249383,-0.0906460693012997,0.181292138602599,72811,123971,134296,10326,39
"chr2",113889775,113890173,0.0906449322414426,0.181289864482885,50073,106077,150944,44868,17
"chr4",169976063,169976347,-0.0604289384327895,0.181286815298368,67034,155347,161582,6236,4
"chr2",201257586,201258109,0.0603910632881346,0.181173189864404,51587,111107,130400,19294,11
"chr16",56682099,56682537,0.0905718715280443,0.181143743056089,33164,204246,206318,2073,8
"chr11",88175390,88175894,0.0603804314577273,0.181141294373182,16500,191229,276890,85662,11
"chr2",66439220,66440671,0.0905667364947602,0.18113347298952,48870,271033,271291,259,19
"chr15",67520530,67520802,0.0905551591691917,0.181110318338383,29383,260200,292785,32586,19
"chr1",145824080,145824226,-0.0905474710175951,0.18109494203519,4873,64527,67850,3324,14
"chr17",18855132,18855240,0.0905387304676569,0.181077460935314,36210,230640,255703,25064,3
"chr17",42832507,42832823,0.0905310902188029,0.181062180437606,37534,135319,220467,85149,19
"chr14",21069368,21069759,-0.0905245305412166,0.181049061082433,24875,133149,197607,64459,20
"chr4",8072063,8072077,0.0905063440132738,0.181012688026548,64639,2072,30888,28817,11
"chr17",1724358,1726466,-0.0904804207465372,0.180960841493074,34948,129537,201609,72073,13
"chr12",93570627,93570919,-0.0904769334376117,0.180953866875223,21212,78720,84887,6168,32
"chr19",10928738,10928794,0.0904754898507722,0.180950979701544,43004,139179,140693,1515,17
"chr19",54850230,54850306,0.090458491035406,0.180916982070812,46838,128274,128722,449,3
"chr19",2257164,2257205,-0.0904097273128302,0.18081945462566,41901,272196,281211,9016,9
"chr11",65639747,65640263,0.090407089436815,0.18081417887363,15392,177453,218322,40870,6
"chr6",170293823,170293880,-0.0904068480825056,0.180813696165011,75931,229839,231634,1796,3
"chr3",132660104,132660431,-0.0904018510410256,0.180803702082051,62462,138324,143603,5280,24
"chr11",17719439,17719555,0.0903841660780963,0.180768332156193,13722,59801,65240,5440,7
"chr4",57110609,57110778,0.0903794429359671,0.180758885871934,65416,103939,138216,34278,19
"chr10",44978924,44978924,0.0903735358400053,0.180747071680011,9876,103662,303694,200033,4
"chr9",93451912,93452652,0.090367302371365,0.18073460474273,84725,140079,186113,46035,18
"chr3",169811928,169813079,-0.0602439439775636,0.180731831932691,63207,116708,135410,18703,18
"chr8",64371957,64372560,-0.0903644092424992,0.180728818484998,81724,125140,184466,59327,5
"chr3",57693278,57693291,-0.0903616396549213,0.180723279309843,61105,150336,151025,690,13
"chr17",63742030,63742160,-0.0903394035525663,0.180678807105133,38719,103192,203297,100106,11
"chr7",76047592,76048735,0.0903274055306521,0.180654811061304,77816,122683,170108,47426,22
"chr12",123584356,123584621,0.0903151273379285,0.180630254675857,22487,186480,191358,4879,21
"chr17",50425978,50425980,0.0903116288172643,0.180623257634529,38212,238414,266296,27883,13
"chr22",36703019,36703050,-0.0903055946206206,0.180611189241241,57911,197638,215522,17885,17
"chr12",133037190,133037338,0.0903018141008319,0.180603628201664,22894,102268,190890,88623,10
"chr7",149629,149795,0.0903017579159524,0.180603515831905,75949,182275,192514,10240,11
"chr21",44299921,44299935,-0.0902904792078515,0.180580958415703,56518,23184,26965,3782,10
"chr12",104303446,104303609,-0.0902731099682306,0.180546219936461,21463,118196,134157,15962,14
"chr2",158456207,158457668,0.0902509283891104,0.180501856778221,50654,164436,227051,62616,13
"chr4",152535362,152535433,-0.0902484847919975,0.180496969583995,66788,68644,70549,1906,19
"chr17",42609134,42609586,0.0902453919648645,0.180490783929729,37490,204845,207938,3094,21
"chr12",21378253,21378709,-0.0902168115601957,0.180433623120391,18998,128222,293527,165306,2
"chr1",4772292,4772320,-0.0901920136339889,0.180384027267978,470,38741,146803,108063,3
"chr4",69639858,69640247,0.0901914637333931,0.180382927466786,65501,258710,269876,11167,4
"chr11",2139872,2140662,0.0901648144762771,0.180329628952554,12917,102984,104965,1982,56
"chr3",171461154,171461254,0.0901623795974181,0.180324759194836,63262,145572,152946,7375,4
"chr4",164956939,164957067,-0.0901326274742652,0.18026525494853,66968,5880,9397,3518,8
"chr5",135653970,135655117,-0.0901303368452957,0.180260673690591,69646,143997,154986,10990,7
"chr20",45887987,45888462,-0.0901257647709196,0.180251529541839,54798,298023,311264,13242,8
"chr3",142889136,142889195,-0.0901162295453686,0.180232459090737,62759,138644,140861,2218,14
"chr19",12162834,12163140,0.0600696007425721,0.180208802227716,43175,194109,236786,42678,11
"chr16",4957693,4958355,0.0900917132177857,0.180183426435571,31656,72842,123639,50798,9
"chr7",100081781,100081792,0.0900911215292489,0.180182243058498,78369,138215,168595,30381,6
"chr7",139036144,139036152,-0.0900751692092983,0.180150338418597,79503,138619,140336,1718,10
"chr7",54330064,54330066,-0.0900710838881234,0.180142167776247,77434,227644,260254,32611,3
"chr6",29553825,29554004,0.0900607574418688,0.180121514883738,72182,469,7879,7411,26
"chr10",50990994,50990996,-0.0900566712551049,0.18011334251021,10061,61969,112062,50094,14
"chr17",1516340,1517255,0.0600115992799949,0.180034797839985,34910,84332,102802,18471,12
"chr3",108302259,108302367,-0.0900045181244478,0.180009036248896,61679,141824,155542,13719,7
"chr7",66921024,66921067,-0.0599992779092788,0.179997833727836,77634,43128,66362,23235,3
"chr7",73736152,73736627,-0.0899931325481589,0.179986265096318,77705,192243,228144,35902,3
"chr14",94772651,94773233,0.0899652904526128,0.179930580905226,27000,78919,111259,32341,10
"chr3",24495559,24496310,-0.0899650080382833,0.179930016076567,59638,149328,156797,7470,29
"chr8",67061978,67062061,0.0899641758214417,0.179928351642883,81798,112370,133764,21395,16
"chr5",54319852,54320108,-0.0899462417677532,0.179892483535506,68263,82248,218239,135992,3
"chr19",8209181,8209399,-0.0599571696881255,0.179871509064377,42686,580,21956,21377,12
"chr6",71420729,71420836,0.089932533643991,0.179865067287982,73929,77804,89995,12192,11
"chr18",57545362,57545572,0.0899292687036562,0.179858537407312,41127,137617,289398,151782,3
"chr10",15042844,15043280,-0.0899273245158644,0.179854649031729,9330,99202,102335,3134,2
"chr5",6634004,6634195,-0.0899108766130854,0.179821753226171,67612,2100,247051,244952,3
"chr2",101697182,101698003,-0.0899016091939339,0.179803218387868,49737,146367,147162,796,14
"chr15",41919311,41919481,0.0898970840298651,0.17979416805973,28439,120093,205396,85304,6
"chr17",4787333,4787337,0.0898821916138091,0.179764383227618,35242,86867,117537,30671,6
"chr2",27663340,27663698,0.0898786002526999,0.1797572005054,48046,158177,158663,487,23
"chr5",44389667,44389746,-0.0898396100611991,0.179679220122398,68207,11789,18459,6671,14
"chr3",3799060,3799359,0.089836099245175,0.17967219849035,59048,37978,60959,22982,12
"chr19",12791317,12791639,-0.08982913114827,0.17965826229654,43249,58360,62114,3755,12
"chr3",152839104,152839330,-0.0898178846631353,0.179635769326271,62965,83028,275019,191992,2
"chr6",33771629,33771830,0.0898126651269631,0.179625330253926,72881,167087,175046,7960,4
"chr19",9498866,9499471,0.0898126398541817,0.179625279708363,42799,9036,52206,43171,12
"chr6",167290103,167291320,-0.0897639194042599,0.17952783880852,75796,127711,182422,54712,8
"chr15",48963489,48963642,0.0897606834675165,0.179521366935033,28747,205331,238996,33666,16
"chr9",69760173,69760186,-0.0897357059745239,0.179471411949048,84333,129291,132322,3032,6
"chr12",45215870,45216669,-0.0897341401955326,0.179468280391065,19363,97922,98171,250,17
"chr11",73875731,73877385,-0.0897303892065447,0.179460778413089,16119,96420,103251,6832,19
"chr5",178941159,178941184,0.089725922841788,0.179451845683576,71183,113279,118444,5166,12
"chr5",6491330,6491437,-0.0897166457598917,0.179433291519783,67602,34442,110426,75985,4
"chr11",101944281,101944398,-0.0896915093566706,0.179383018713341,16672,251760,286465,34706,2
"chr6",22147154,22147322,0.0896863255786758,0.179372651157352,71849,171851,255406,83556,4
"chr2",74654019,74654338,-0.089685451601819,0.179370903203638,49197,98847,104161,5315,11
"chr9",137302338,137302420,-0.0896736340285325,0.179347268057065,86752,63093,178228,115136,6
"chr10",364423,364501,0.059777761888613,0.179333285665839,8881,79837,178505,98669,4
"chr11",93197573,93198084,0.0896651065537833,0.179330213107567,16543,49201,93765,44565,17
"chr17",78187037,78187286,0.0896539800277905,0.179307960055581,39532,71673,72273,601,21
"chr6",33080929,33081102,0.0597661508265067,0.17929845247952,72775,185324,189702,4379,16
"chr20",20056009,20056040,0.0896427857851262,0.179285571570252,53708,294914,296996,2083,8
"chr19",18636788,18636809,-0.0896283972965796,0.179256794593159,43964,198283,248455,50173,7
"chr16",3187873,3188423,0.0895974866560624,0.179194973312125,31425,108018,132547,24530,4
"chr11",134223603,134224468,-0.0895850380593902,0.17917007611878,17948,181767,182544,778,21
"chr2",9003628,9004376,0.0895691992077397,0.179138398415479,47472,88435,164376,75942,12
"chr12",1594990,1595377,0.0895637330368819,0.179127466073764,18093,80605,102337,21733,6
"chr20",2664289,2664405,0.08952778936431,0.17905557872862,53272,58226,81141,22916,16
"chr16",29746013,29746054,0.0895129112479294,0.179025822495859,32504,83783,87580,3798,12
"chr3",48621491,48621778,0.0596691273761151,0.179007382128345,60443,30736,142179,111444,8
"chr5",177462264,177462594,0.0596653619165826,0.178996085749748,71092,240568,271696,31129,3
"chr12",105107193,105107277,-0.0894948519516718,0.178989703903344,21486,189215,203215,14001,18
"chr19",536244,536296,0.0894930594180914,0.178986118836183,41534,58687,202030,143344,2
"chr1",62194684,62194756,-0.089491051500409,0.178982103000818,3548,13887,65869,51983,10
"chr6",165988048,165989150,0.0894898513876805,0.178979702775361,75737,167229,171250,4022,20
"chr10",102419278,102420722,0.0894740902011705,0.178948180402341,11559,167566,168517,952,24
"chr1",24319303,24319556,0.0894480218422582,0.178896043684516,1657,107685,108395,711,18
"chr12",7710095,7710434,0.0894452945153665,0.178890589030733,18487,178538,214285,35748,4
"chr2",159615007,159617836,0.0894300897066181,0.178860179413236,50681,237971,251811,13841,19
"chr19",46609894,46609896,0.0894045756605043,0.178809151321009,45751,286300,289874,3575,3
"chr5",36151175,36152334,0.089366075415826,0.178732150831652,67997,86343,95994,9652,19
"chr10",132786319,132787096,0.0893602902577137,0.178720580515427,12448,49350,50060,711,37
"chr1",180230170,180230425,-0.0893296705633519,0.178659341126704,6749,68390,87203,18814,9
"chr17",7306778,7307349,-0.0893100241125921,0.178620048225184,35495,259244,263797,4554,20
"chr22",41381813,41381892,0.0893062824732044,0.178612564946409,58370,76195,99304,23110,9
"chr8",86508849,86508951,0.0892906853076687,0.178581370615337,82059,171314,171424,111,15
"chr2",95165279,95165286,0.0892868846277864,0.178573769255573,49465,145194,151152,5959,13
"chr2",20051815,20052493,0.0892746959927745,0.178549391985549,47682,86711,115407,28697,9
"chr16",1420502,1421384,0.0892537249482254,0.178507449896451,30999,275293,292313,17021,11
"chr12",121297593,121297828,0.0892481783890252,0.17849635677805,22271,130787,193805,63019,8
"chr6",153002744,153002858,0.0892423133303115,0.178484626660623,75436,139917,167988,28072,13
"chr11",67606154,67606917,-0.089230907594079,0.178461815188158,15724,44509,48641,4133,22
"chr13",20702703,20703979,0.0892187798098735,0.178437559619747,22963,197750,222044,24295,13
"chr17",30378840,30380443,-0.0892107053203575,0.178421410640715,36572,204772,244950,40179,16
"chr10",123008745,123009092,-0.0594592736435455,0.178377820930637,12173,4575,27116,22542,14
"chr14",91059635,91060670,0.0891810774829201,0.17836215496584,26803,140040,208329,68290,15
"chr1",48759271,48759298,-0.0891796634335233,0.178359326867047,3193,241106,274819,33714,7
"chr20",62122407,62122457,-0.0891774926282427,0.178354985256485,55358,76012,77813,1802,11
"chr3",11019249,11019389,0.0891761124331583,0.178352224866317,59281,255003,265143,10141,2
"chr4",186555301,186555415,0.0891754201980982,0.178350840396196,67321,8050,9374,1325,11
"chr12",31985078,31985368,0.0891464905045907,0.178292981009181,19233,283861,286098,2238,3
"chr12",121399601,121399958,0.0891282970048342,0.178256594009668,22278,214600,271144,56545,11
"chr9",122370437,122370874,0.0891152146436436,0.178230429287287,85485,242291,245728,3438,10
"chr10",97850103,97850225,-0.0891046995558168,0.178209399111634,11302,41040,42801,1762,10
"chr6",30848150,30848208,0.059400980573989,0.178202941721967,72383,270160,281032,10873,5
"chr7",100585994,100586287,0.0890915278115058,0.178183055623012,78464,4362,12443,8082,19
"chr2",222300148,222300206,-0.0890667582290509,0.178133516458102,52247,9176,18586,9411,8
"chr17",2041486,2042660,0.0890579067804726,0.178115813560945,34988,256567,299179,42613,16
"chr6",36986378,36987016,0.0890403908790094,0.178080781758019,73101,244567,263094,18528,18
"chr1",236604508,236605066,-0.0890388263643356,0.178077652728671,8558,158559,163664,5106,13
"chr9",128920853,128921578,0.0890311112497016,0.178062222499403,85928,16575,68934,52360,17
"chr12",96489433,96489818,0.0890207248157244,0.178041449631449,21292,179801,220058,40258,9
"chr16",48232368,48232394,-0.0890165303795992,0.178033060759198,32908,204868,274736,69869,2
"chr2",237056277,237056707,-0.0890065793875105,0.178013158775021,52715,154809,157152,2344,5
"chr19",50818313,50818524,-0.088976867283232,0.177953734566464,46360,109266,120025,10760,6
"chr16",71758402,71758808,0.088975326438971,0.177950652877942,33883,205471,208279,2809,4
"chr20",544147,544211,0.0889562350539505,0.177912470107901,53150,136962,210904,73943,11
"chr9",38622483,38622562,0.0889422456879972,0.177884491375994,84261,43863,121972,78110,4
"chr9",114098157,114098370,0.088941059475709,0.177882118951418,85286,11483,187464,175982,2
"chr15",23039667,23039732,-0.088925732112842,0.177851464225684,27759,53915,56724,2810,9
"chr21",42219336,42219769,0.0592754030619443,0.177826209185833,56404,240363,293273,52911,15
"chr16",22206057,22206126,0.0889093287876737,0.177818657575347,32206,139015,139775,761,10
"chr1",161021197,161021401,-0.088883168813391,0.177766337626782,6120,106154,111871,5718,9
"chr6",31664760,31665715,0.0888720559586778,0.177744111917356,72532,192382,200730,8349,69
"chr10",102419902,102419946,0.0888699992124474,0.177739998424895,11559,238823,239550,728,24
"chr11",125787071,125787756,-0.0888624889608674,0.177724977921735,17705,192399,230071,37673,5
"chr21",43776358,43776703,-0.088857742417944,0.177715484835888,56479,5946,8441,2496,6
"chr21",44940439,44940529,-0.0888453137569358,0.177690627513872,56596,16741,52739,35999,10
"chr16",67893144,67893165,-0.0888439913396037,0.177687982679207,33599,51357,61234,9878,10
"chr10",132336615,132337196,-0.0888414016202416,0.177682803240483,12419,238220,255599,17380,12
"chr4",127881139,127881149,0.0888275011438835,0.177655002287767,66475,238992,243677,4686,13
"chr1",47416642,47417264,0.0888165648562619,0.177633129712524,3166,4719,7453,2735,6
"chr22",21629888,21630179,0.088811321808097,0.177622643616194,57092,119466,202449,82984,5
"chr20",49916586,49916659,-0.0888009004089601,0.17760180081792,54989,230772,284877,54106,3
"chr12",14567453,14567871,0.0887962282897078,0.177592456579416,18853,18812,20940,2129,15
"chr1",220748269,220748272,0.088789789869286,0.177579579738572,7958,24401,25933,1533,11
"chr14",60649403,60649788,-0.0887810617091,0.1775621234182,25844,56977,81876,24900,11
"chr10",75210598,75210753,0.0887762620604326,0.177552524120865,10654,175597,187175,11579,14
"chr14",55271406,55271565,0.0887753464885069,0.177550692977014,25704,22892,26108,3217,18
"chr2",74458332,74458458,-0.088769841380657,0.177539682761314,49164,138305,146657,8353,15
"chr5",50969438,50970265,0.0887653255534776,0.177530651106955,68219,162756,164183,1428,12
"chr4",153788676,153789221,0.08875907875582,0.17751815751164,66831,136564,141330,4767,38
"chr2",32356061,32356700,0.0887581008055471,0.177516201611094,48166,250669,266590,15922,12
"chr7",56063739,56063812,-0.0887490370948702,0.17749807418974,77511,189128,217390,28263,12
"chr2",32265707,32265980,0.0887416700212062,0.177483340042412,48163,249757,265191,15435,7
"chr19",38224424,38224744,-0.0887301893834595,0.177460378766919,44721,102292,215914,113623,9
"chr7",139340235,139340277,0.0887293553840217,0.177458710768043,79514,253350,255671,2322,24
"chr5",73172207,73172294,-0.0887160182341511,0.177432036468302,68611,113382,151034,37653,5
"chr18",158346,158348,0.0887131632423289,0.177426326484658,40222,66097,77968,11872,8
"chr1",213996527,213996569,-0.0886710355736863,0.177342071147373,7850,160880,212575,51696,10
"chr16",381255,381628,-0.0886569887035633,0.177313977407127,30799,55794,77064,21271,3
"chr19",35532152,35532712,0.0590966845463116,0.177290053638935,44479,203484,268026,64543,3
"chr16",22374334,22375210,-0.0886208346549695,0.177241669309939,32222,85925,99844,13920,12
"chr1",46340353,46341591,0.0886009434347329,0.177201886869466,3082,109847,112594,2748,20
"chr10",29737137,29737147,0.0885998676032494,0.177199735206499,9632,167980,196777,28798,10
"chr4",119212979,119213062,-0.0885809672353558,0.177161934470712,66357,254594,271297,16704,17
"chr1",61081668,61082187,0.0885760947852159,0.177152189570432,3528,129896,137902,8007,17
"chr22",20086036,20086049,-0.0885760804888732,0.177152160977746,56974,55662,58443,2782,15
"chr19",35030158,35030868,-0.0885607821318685,0.177121564263737,44398,193535,236135,42601,11
"chr3",197950173,197950462,0.0885576442936027,0.177115288587205,64123,152338,160382,8045,13
"chr5",14487894,14488146,-0.0885533009023796,0.177106601804759,67740,34123,39873,5751,2
"chr1",26035166,26035527,-0.088552511903731,0.177105023807462,1753,31219,32895,1677,6
"chr10",33772385,33772669,-0.0885492030435611,0.177098406087122,9716,282887,289087,6201,8
"chr16",58629981,58630143,0.0885446393433778,0.177089278686756,33357,198613,199075,463,8
"chr11",122881497,122881532,0.088540914922185,0.17708182984437,17524,61392,63188,1797,20
"chr13",20566083,20567183,0.0885226244244694,0.177045248848939,22961,25854,53813,27960,12
"chr19",16143679,16143679,0.0885123618482595,0.177024723696519,43624,295305,304854,9550,6
"chr17",50345890,50345901,-0.0885119034038281,0.177023806807656,38200,58631,60055,1425,12
"chr19",50511321,50511402,0.0885099932744398,0.17701998654888,46315,2170,3818,1649,7
"chr10",81874326,81874520,0.0885032006439452,0.17700640128789,10797,15289,135286,119998,4
"chr6",35468075,35468412,0.0884952742772112,0.176990548554422,72979,140431,154878,14448,9
"chr20",36236384,36236565,0.0884774942504265,0.176954988500853,54314,101571,108709,7139,14
"chr1",45012139,45012162,0.0884742929631043,0.176948585926209,2997,115540,137709,22170,10
"chr19",20039423,20039508,-0.0884463885271324,0.176892777054265,44121,140639,197617,56979,11
"chr9",4666497,4666878,-0.0884450365159121,0.176890073031824,83542,275017,277183,2167,12
"chr9",19103103,19103111,-0.0883855758105552,0.17677115162111,83768,184568,192148,7581,8
"chr1",19251504,19252267,0.0883748525579483,0.176749705115897,1297,124595,137734,13140,17
"chr8",142197832,142198298,-0.0883667513618404,0.176733502723681,83038,267430,282037,14608,5
"chr6",72621595,72621924,0.0883541561091165,0.176708312218233,73948,63934,85513,21580,10
"chr1",9182897,9183183,0.0883361069604944,0.176672213920989,697,30710,112126,81417,5
"chr12",57112099,57112578,0.0883351291027234,0.176670258205447,20482,101358,173119,71762,5
"chr18",75208977,75209382,0.0883219791833686,0.176643958366737,41377,87177,89617,2441,10
"chr12",26125051,26125455,-0.0883162747619719,0.176632549523944,19101,257069,266781,9713,15
"chr6",136467950,136467952,0.0883069526474941,0.176613905294988,75040,253645,262736,9092,4
"chr3",186109213,186110159,0.0883018096436051,0.17660361928721,63665,166710,286136,119427,15
"chr11",2885437,2885897,0.0882993857555355,0.176598771511071,12998,92445,98353,5909,31
"chr15",56918046,56918674,-0.0882919251194309,0.176583850238862,28967,81244,94728,13485,12
"chr11",47552995,47553726,0.0882848638733095,0.176569727746619,14389,100159,131295,31137,12
"chr11",507502,507555,0.0882616051403951,0.17652321028079,12647,185170,191359,6190,17
"chr13",20988099,20988590,0.0882343056656213,0.176468611331243,22981,210681,292389,81709,5
"chr16",73049115,73049428,-0.0882139185655836,0.176427837131167,33950,116213,198783,82571,10
"chr3",53255954,53256189,-0.08821276734463,0.17642553468926,60988,152246,160608,8363,11
"chr9",85805922,85806012,-0.0882112719057027,0.176422543811405,84509,44596,167432,122837,2
"chr12",122183065,122183102,0.0882091097437278,0.176418219487456,22352,52820,113892,61073,5
"chr1",150975111,150975473,-0.0882079927893206,0.176415985578641,5074,149408,156137,6730,13
"chr14",96797257,96797373,-0.0882079344515724,0.176415868903145,27108,14483,21290,6808,12
"chr8",53251736,53251831,0.0881986742451109,0.176397348490222,81561,43773,47605,3833,13
"chr4",2041687,2041920,0.0587833173125547,0.176349951937664,64336,62484,152276,89793,12
"chr5",134873348,134873594,0.0881578361127023,0.176315672225405,69617,246023,247749,1727,11
"chr21",26404943,26405236,-0.0881538213279968,0.176307642655994,55808,248624,278355,29732,3
"chr19",18340157,18340418,-0.088152937112262,0.176305874224524,43922,274033,292577,18545,13
"chr8",58410974,58411154,-0.088137466049038,0.176274932098076,81656,228441,248646,20206,5
"chr1",25799951,25800023,0.0881239663807378,0.176247932761476,1730,103411,150013,46603,8
"chr3",44761592,44761801,-0.0881218957465099,0.17624379149302,60135,6254,7766,1513,20
"chr17",35578701,35579269,0.0881098842231567,0.176219768446313,36798,231219,295960,64742,15
"chr15",75625963,75626772,0.0881027610575648,0.17620552211513,29781,237012,240073,3062,19
"chr7",99558269,99558739,0.0881018896562273,0.176203779312455,78322,26473,43436,16964,19
"chr3",181711916,181712120,0.0880858859623199,0.17617177192464,63419,153871,154171,301,13
"chr11",107565823,107566003,0.0880831215834763,0.176166243166953,16785,170088,171569,1482,11
"chr15",82985772,82985855,0.0880637357250102,0.17612747145002,30100,211141,292722,81582,11
"chr19",7489098,7489251,-0.088037733961872,0.176075467923744,42549,62180,72922,10743,9
"chr1",53838585,53838719,-0.0880245560694134,0.176049112138827,3354,143239,151024,7786,14
"chr11",47642698,47642778,0.0880183992241508,0.176036798448302,14409,21948,50138,28191,8
"chr8",71362311,71362313,0.0880151861698296,0.176030372339659,81866,174984,178162,3179,15
"chr1",109667399,109667817,0.0880060163604273,0.176012032720855,4407,151976,218374,66399,8
"chr10",70132959,70132963,-0.0880055749794123,0.176011149958825,10360,102149,120077,17929,10
"chr1",33008304,33008554,0.0879958939222195,0.175991787844439,2247,157323,277063,119741,4
"chr12",103965546,103965808,-0.0879922166457879,0.175984433291576,21455,247181,276878,29698,10
"chr5",2757343,2758254,0.087991827039965,0.17598365407993,67564,161205,309256,148052,9
"chr2",6634962,6635472,-0.0879869068331238,0.175973813666248,47416,245138,248228,3091,4
"chr20",45890943,45891058,0.087969980219182,0.175939960438364,54799,6856,16166,9311,18
"chr9",69204646,69205083,-0.087942231592454,0.175884463184908,84312,273370,280241,6872,7
"chr1",65309167,65309384,0.0879151121057559,0.175830224211512,3627,131501,135863,4363,11
"chr19",1238124,1238235,-0.0879108994102306,0.175821798820461,41700,56661,65592,8932,9
"chr5",142314874,142315132,-0.087908919340688,0.175817838681376,70144,160983,260354,99372,4
"chr19",38316206,38316234,0.0879056811756973,0.175811362351395,44732,84012,93011,9000,15
"chr10",103693508,103693660,0.0878820155225101,0.17576403104502,11680,231328,233582,2255,7
"chr5",128537413,128537704,0.0878666849928691,0.175733369985738,69429,1679,9998,8320,17
"chr17",7336399,7336502,0.0878652062003595,0.175730412400719,35511,195088,197431,2344,8
"chr4",139302533,139302572,-0.0878645257834448,0.17572905156689,66566,253056,262709,9654,10
"chr22",20438036,20438248,0.0878450478870938,0.175690095774188,57006,96034,192987,96954,9
"chr15",65377757,65377760,-0.0878370434969463,0.175674086993893,29273,62004,66445,4442,3
"chr8",55772336,55772345,-0.0878138468623551,0.17562769372471,81611,280495,284951,4457,25
"chr11",63671834,63672496,0.087812257147672,0.175624514295344,15054,230119,237967,7849,20
"chr14",104978387,104978517,-0.0877764530079471,0.175552906015894,27632,58796,61441,2646,13
"chr6",159789856,159790982,0.0877713817281321,0.175542763456264,75633,156294,167428,11135,25
"chr1",1358885,1358982,0.0877433660489083,0.175486732097817,141,72227,108563,36337,12
"chr14",73886217,73886520,-0.0877349985625639,0.175469997125128,26337,267057,280694,13638,10
"chr7",100892440,100892563,-0.0877210853866566,0.175442170773313,78545,42295,47513,5219,4
"chr7",122303936,122304228,0.08770023944898,0.17540047889796,79032,14218,14347,130,28
"chr2",219059070,219059188,-0.0876995478990626,0.175399095798125,52114,124142,160738,36597,3
"chr19",7680491,7680638,0.0876954476562566,0.175390895312513,42600,203607,205126,1520,6
"chr4",87975482,87975757,0.0876885628695298,0.17537712573906,65927,137653,148113,10461,10
"chr7",150372488,150372801,0.0876678229802125,0.175335645960425,79910,45223,164613,119391,5
"chr6",167824701,167825545,0.0876658985819728,0.175331797163946,75814,190567,289665,99099,10
"chr13",20702574,20703366,-0.0876654330674625,0.175330866134925,22963,88398,125918,37521,13
"chr11",65180766,65181963,0.0876627596350374,0.175325519270075,15291,71696,83942,12247,20
"chr6",163413126,163414085,-0.0876503417031834,0.175300683406367,75721,98319,136979,38661,9
"chr16",69107016,69107347,0.0876491979427899,0.17529839588558,33692,195665,217914,22250,12
"chr21",36990330,36990860,0.0876481226518485,0.175296245303697,56171,64667,100136,35470,10
"chr1",150362859,150364530,0.0876432667601552,0.17528653352031,5019,62145,124719,62575,22
"chr18",22932897,22933117,0.0876423429412992,0.175284685882598,40592,199658,200202,545,9
"chr7",158830175,158830201,-0.0876391099850744,0.175278219970149,80278,70050,110519,40470,11
"chr6",31572209,31572344,-0.0876378181348549,0.17527563626971,72494,16251,16660,410,18
"chr10",89644110,89645230,0.0876212207191461,0.175242441438292,10969,227657,238281,10625,21
"chr1",32291892,32291945,0.0875836873501089,0.175167374700218,2192,39539,93564,54026,9
"chr19",11673699,11673832,-0.0875736129737397,0.175147225947479,43139,196315,198415,2101,9
"chr2",135820177,135820274,0.0875728205302687,0.175145641060537,50444,246905,290178,43274,6
"chr12",55219534,55219886,-0.0875548948821719,0.175109789764344,20215,267297,310247,42951,2
"chr20",2403594,2403818,-0.0875386577326122,0.175077315465224,53256,54687,73071,18385,4
"chr19",3772169,3773174,-0.087529474666194,0.175058949332388,42125,73811,86939,13129,9
"chr6",7313081,7313495,-0.0875260691311151,0.17505213826223,71586,88437,171752,83316,10
"chr2",65367663,65367756,0.0875253856504459,0.175050771300892,48859,300651,305187,4537,11
"chr6",3231801,3231895,0.0875253071122203,0.175050614224441,71488,181482,238356,56875,11
"chr7",100157884,100158124,-0.0583495578406573,0.175048673521972,78393,60698,123665,62968,11
"chr6",52279487,52279516,-0.0875189286127295,0.175037857225459,73726,65068,111535,46468,2
"chr17",78110510,78111393,0.058342019709625,0.175026059128875,39511,74778,282533,207756,5
"chr2",164842130,164842313,0.0875116642091436,0.175023328418287,50766,163333,233882,70550,18
"chr9",98709271,98709325,0.0874618742395243,0.174923748479049,84940,9752,43908,34157,4
"chr1",112674182,112674559,-0.0874535654562344,0.174907130912469,4579,156610,157322,713,20
"chr4",86849423,86849591,-0.0874510223144752,0.17490204462895,65883,152237,280781,128545,6
"chr8",12754724,12756338,0.0582924752417198,0.174877425725159,80583,171513,187860,16348,15
"chr9",127396989,127397065,-0.0874339101277743,0.174867820255549,85697,102560,221074,118515,8
"chr9",128322518,128323251,0.0874339096396885,0.174867819279377,85838,98969,104380,5412,21
"chr19",55537890,55538101,-0.0874304986863896,0.174860997372779,46955,250862,268770,17909,4
"chr1",46202800,46203210,-0.0874297971418065,0.174859594283613,3070,146659,154345,7687,9
"chr2",104872466,104873472,0.0874136863808954,0.174827372761791,49823,145904,149298,3395,12
"chr19",31279282,31279570,-0.0874103919282784,0.174820783856557,44255,92000,94169,2170,2
"chr4",183796893,183797248,0.0874078646341391,0.174815729268278,67182,115291,147393,32103,5
"chr2",71130010,71130355,-0.0873907540328114,0.174781508065623,49023,81329,134274,52946,24
"chr1",32241532,32241539,0.0873903878644822,0.174780775728964,2180,38657,82831,44175,7
"chr11",313120,313527,-0.0873731077956911,0.174746215591382,12609,168009,168862,854,9
"chr17",39688168,39688718,0.0873706621591751,0.17474132431835,37066,298299,298427,129,24
"chr5",88268983,88269735,-0.0873601396752438,0.174720279350488,68890,108944,120745,11802,12
"chr20",62221269,62221358,0.0873514413293347,0.174702882658669,55377,136864,197487,60624,12
"chr19",1467922,1468360,0.0873461153657768,0.174692230731554,41763,52105,79152,27048,7
"chr4",95549142,95549308,0.0873449853278801,0.17468997065576,66016,968,3397,2430,19
"chr17",15261023,15261032,0.0873400785983303,0.174680157196661,35949,232637,256392,23756,10
"chr1",37808256,37809081,0.0873357941871141,0.174671588374228,2521,16923,19925,3003,18
"chr13",49247722,49248399,0.0582226945261016,0.174668083578305,23702,52717,91644,38928,16
"chr6",31541139,31542168,0.0873224687023937,0.174644937404787,72489,83191,96370,13180,42
"chr11",126210676,126212105,0.0873034054412507,0.174606810882501,17732,183044,222388,39345,19
"chr6",108294409,108294775,-0.0872979311207048,0.17459586224141,74440,8523,44468,35946,12
"chr3",8963543,8963716,-0.0581858585067408,0.174557575520222,59112,36320,81277,44958,8
"chr2",232550351,232550943,-0.0872695163135718,0.174539032627144,52534,151821,155243,3423,25
"chr6",33323195,33323529,0.0872585708085739,0.174517141617148,72834,43426,44779,1354,36
"chr5",94111705,94111895,0.0872563230745381,0.174512646149076,68965,36446,37111,666,10
"chr12",121209325,121209402,0.0872398936526657,0.174479787305331,22257,107262,116164,8903,14
"chr11",129374546,129374610,0.0872332545879046,0.174466509175809,17816,768,7729,6962,3
"chr1",25998068,25998156,0.0872310262544153,0.174462052508831,1747,81718,86020,4303,8
"chr14",37172257,37173128,-0.0872290348603004,0.174458069720601,25413,13628,51702,38075,23
"chr5",43603056,43603251,-0.0872283320650036,0.174456664130007,68200,139902,140898,997,20
"chr7",103074796,103075555,-0.0872279482648631,0.174455896529726,78692,49592,64720,15129,15
"chr9",127802672,127802753,0.0872221596239832,0.174444319247966,85756,276457,288467,12011,16
"chr5",95730864,95731018,-0.0872220576187296,0.174444115237459,68999,16762,19169,2408,18
"chr9",107489205,107489320,-0.0871992120362201,0.17439842407244,85099,305341,305629,289,12
"chr1",180229393,180230239,-0.0871945313689401,0.17438906273788,6749,154548,157003,2456,9
"chr18",657219,657449,0.0871899654275105,0.174379930855021,40237,270834,297907,27074,18
"chr1",243255472,243255830,0.0871818965593731,0.174363793118746,8648,143707,144991,1285,16
"chr22",41830635,41830833,0.0871640315104875,0.174328063020975,58412,120966,199089,78124,2
"chr11",61816116,61817255,0.0871614675212782,0.174322935042556,14878,181344,182976,1633,31
"chr7",39609625,39610300,0.0871498694119229,0.174299738823846,77112,173576,274849,101274,6
"chr22",20249235,20250004,-0.0580869542541032,0.17426086276231,56994,208319,279036,70718,7
"chr5",148826083,148826661,-0.0871172431980401,0.17423448639608,70278,35749,86327,50579,11
"chr1",36464519,36464579,0.0870989543221881,0.174197908644376,2456,99767,108863,9097,9
"chr12",72271596,72272484,0.0870945748303484,0.174189149660697,20951,7738,18251,10514,8
"chr6",32109190,32109243,0.0870871848357414,0.174174369671483,72651,196860,204274,7415,6
"chr15",52529657,52529720,0.0870828825072491,0.174165765014498,28887,91874,107309,15436,9
"chr3",38454605,38454825,0.0870796431223757,0.174159286244751,59906,95286,107271,11986,8
"chr9",133030767,133030813,0.087073876229539,0.174147752459078,86222,78677,85722,7046,9
"chr8",81631050,81631184,0.0870652737522609,0.174130547504522,82012,181504,245614,64111,5
"chr6",148509076,148509302,-0.0870586064145024,0.174117212829005,75282,285072,287336,2265,4
"chr13",101488580,101488927,-0.0870407052718317,0.174081410543663,24325,84339,213992,129654,5
"chr4",5568518,5568579,-0.087039470981875,0.17407894196375,64504,143089,144198,1110,4
"chr3",120742502,120742947,0.0870252579629849,0.17405051592597,61967,156871,163270,6400,17
"chr6",41733937,41735735,0.0870206249705197,0.174041249941039,73289,240496,263562,23067,28
"chr8",102864241,102864855,0.0869971976593248,0.17399439531865,82377,171425,181988,10564,16
"chr4",41256777,41257266,0.0869946408479962,0.173989281695992,65115,95976,100256,4281,11
"chr19",36139655,36139980,0.0869863799752097,0.173972759950419,44615,87114,101643,14530,12
"chr1",61076874,61077175,-0.057987831105115,0.173963493315345,3526,146849,241100,94252,15
"chr1",39409202,39409377,0.0869724312450604,0.173944862490121,2590,160221,300791,140571,14
"chr16",67184275,67184327,0.0869591356074043,0.173918271214809,33482,196983,200235,3253,17
"chr13",24270104,24270800,-0.0869558369023824,0.173911673804765,23059,81286,117109,35824,11
"chr9",113220769,113221704,0.0869424538827002,0.1738849077654,85230,179152,196751,17600,14
"chr14",90256362,90256634,0.0869173618335092,0.173834723667018,26752,291976,295240,3265,10
"chr6",108848296,108848495,-0.0869001772978884,0.173800354595777,74447,95152,126284,31133,9
"chr6",31702728,31703382,-0.0579334446875515,0.173800334062655,72543,42813,44066,1254,43
"chr3",128488743,128489194,0.0868852282693666,0.173770456538733,62275,121917,141333,19417,12
"chr19",54463800,54463823,-0.0868721018493707,0.173744203698741,46809,53715,58956,5242,10
"chr12",54392288,54392527,0.0868569525993793,0.173713905198759,20172,233056,233206,151,3
"chr8",37899424,37899510,-0.0868445153200277,0.173689030640055,81245,127279,168738,41460,12
"chr5",71587267,71587514,-0.0578921931439254,0.173676579431776,68573,109944,148948,39005,12
"chr19",54189399,54190323,-0.0578819295939298,0.173645788781789,46775,19459,52199,32741,21
"chr4",86934225,86935879,0.0868147793636272,0.173629558727254,65890,147913,150224,2312,16
"chr2",172736422,172736685,-0.0867926812058536,0.173585362411707,50982,38114,107785,69672,8
"chr1",225924482,225924663,0.0867802967206477,0.173560593441295,8111,66001,110624,44624,11
"chr17",5584638,5584842,0.0867732516144172,0.173546503228834,35355,129188,201257,72070,8
"chr19",2900710,2900900,0.0867724775075111,0.173544955015022,41987,59218,72845,13628,10
"chr11",95232423,95232598,0.086741953338793,0.173483906677586,16626,128854,133387,4534,13
"chr7",150450448,150450654,0.0867094016937441,0.173418803387488,79925,135022,166992,31971,10
"chr7",99526315,99526391,0.0866724638552664,0.173344927710533,78315,107610,178123,70514,2
"chr14",20468712,20469337,0.0866622443408052,0.17332448868161,24814,237861,238087,227,11
"chr14",32201109,32201212,0.0866522260197815,0.173304452039563,25331,294114,299395,5282,5
"chr1",247332516,247332751,0.0866501995358816,0.173300399071763,8764,33069,95832,62764,7
"chr1",220093712,220094055,-0.0866332910300066,0.173266582060013,7935,33304,124023,90720,7
"chr14",63542754,63544126,-0.0866142109208318,0.173228421841664,25919,113954,139879,25926,16
"chr3",50088549,50088664,-0.0866135945065931,0.173227189013186,60654,233530,251053,17524,11
"chr2",74648126,74648434,0.0577321331641794,0.173196399492538,49196,11209,14311,3103,13
"chr11",32829631,32829714,0.0865931919333001,0.1731863838666,13977,100044,167426,67383,10
"chr3",134313106,134313537,-0.0865783889505236,0.173156777901047,62523,3326,9693,6368,8
"chr3",156142081,156142414,-0.0865669506077079,0.173133901215416,63009,235741,246476,10736,2
"chr9",134025953,134026090,0.0865666165925769,0.173133233185154,86331,116081,137206,21126,8
"chr1",42380082,42380319,0.0865553017048357,0.173110603409671,2761,90423,110486,20064,7
"chr1",159800346,159800538,-0.0865521186929567,0.173104237385913,5987,85258,154196,68939,6
"chr1",32108039,32108052,-0.0865472571488493,0.173094514297699,2159,90458,115628,25171,10
"chr16",69565330,69566300,0.0865443729238856,0.173088745847771,33734,260312,276539,16228,19
"chr3",35681095,35681358,-0.0865306704291161,0.173061340858232,59789,244909,270164,25256,4
"chr14",93184319,93185071,0.0576786827859061,0.173036048357718,26895,102680,205439,102760,19
"chr8",76681118,76681125,0.0865146160482496,0.173029232096499,81945,121007,123294,2288,11
"chr20",62142651,62142673,-0.086507041376114,0.173014082752228,55363,61845,100270,38426,4
"chr8",118379661,118379697,-0.0864959164989645,0.172991832997929,82546,122085,229691,107607,3
"chr4",188105504,188106194,-0.0864466441772463,0.172893288354493,67358,70326,117128,46803,6
"chr7",143362566,143363057,0.0576254507663858,0.172876352299157,79717,169739,189050,19312,9
"chr11",61792349,61792651,0.0864215737506458,0.172843147501292,14872,93276,94406,1131,24
"chr1",233327883,233328764,0.0864187868013589,0.172837573602718,8463,153549,156885,3337,8
"chr7",100119412,100119591,-0.0864121589023401,0.17282431780468,78383,265498,272355,6858,25
"chr11",30585813,30586567,0.0576005135758634,0.17280154072759,13930,185260,185949,690,23
"chr11",62832290,62832550,0.0863998121331489,0.172799624266298,14998,47873,87036,39164,12
"chr3",197737220,197737435,-0.0575756611346151,0.172726983403845,64102,144495,148967,4473,11
"chr7",156640656,156640722,-0.0863498046977471,0.172699609395494,80208,6029,27625,21597,16
"chr5",88691586,88691624,-0.0863423711600047,0.172684742320009,68901,113998,125043,11046,3
"chr18",79714974,79715340,-0.057552930280695,0.172658790842085,41466,57121,203407,146287,4
"chr10",128047396,128047406,0.0863148663544256,0.172629732708851,12332,176820,178447,1628,8
"chr17",59155314,59155754,0.0863123003226428,0.172624600645286,38533,100187,112142,11956,21
"chr1",222617709,222617828,0.0863087984429036,0.172617596885807,7993,26578,33231,6654,5
"chr14",105301545,105301753,0.0862932925820281,0.172586585164056,27671,124913,125147,235,21
"chr15",62066808,62067076,0.0862840061476653,0.172568012295331,29090,212813,236531,23719,9
"chr3",114056386,114056931,0.0862798944705809,0.172559788941162,61825,38044,88948,50905,13
"chr3",111541909,111542163,-0.0862691132513239,0.172538226502648,61712,102873,123780,20908,7
"chr19",7555279,7555711,0.0862559871758484,0.172511974351697,42565,12719,297895,285177,2
"chr10",100744157,100744892,0.0862414936431516,0.172482987286303,11418,191861,304911,113051,7
"chr6",160991220,160991360,0.0862296170432902,0.17245923408658,75677,161909,265595,103687,4
"chr5",148383737,148383740,0.0862271769585603,0.172454353917121,70265,154580,269263,114684,13
"chr12",94147689,94148602,0.057482072922415,0.172446218767245,21220,182636,261222,78587,10
"chr12",130839385,130839661,0.086217086348362,0.172434172696724,22695,119561,173727,54167,7
"chr1",63523143,63523446,0.0861952127679003,0.172390425535801,3581,14417,15745,1329,18
"chr2",230987147,230987228,0.0861906278590972,0.172381255718194,52437,156545,164430,7886,5
"chr14",104883118,104883439,-0.0861700714311745,0.172340142862349,27607,15460,56453,40994,5
"chr12",79933975,79935645,0.0861696602707429,0.172339320541486,21036,193046,243406,50361,13
"chr3",187139711,187139749,0.0861672891369727,0.172334578273945,63723,157091,217385,60295,8
"chr16",83953177,83953190,-0.0861657853370784,0.172331570674157,34249,74184,77569,3386,7
"chr19",51065073,51065266,0.0861584566386747,0.172316913277349,46410,197145,208314,11170,11
"chr19",40285529,40285751,-0.086135002382356,0.172270004764712,45010,193440,196146,2707,10
"chr13",113490845,113490863,0.0861226465136863,0.172245293027373,24669,20174,22138,1965,6
"chr17",41712234,41712262,-0.0861221352578799,0.17224427051576,37358,68551,110644,42094,5
"chr2",74514726,74516310,-0.0861150525824428,0.172230105164886,49179,5431,7010,1580,21
"chr10",49678953,49679586,-0.0861130695016211,0.172226139003242,10036,126910,171758,44849,12
"chr20",62302525,62302592,0.0861121328932187,0.172224265786437,55384,99605,116938,17334,12
"chr19",41264116,41265078,-0.0861089186611298,0.17221783732226,45139,83460,137585,54126,18
"chr11",2928316,2928583,0.0861055774834838,0.172211154966968,13005,4495,181953,177459,2
"chr20",64047902,64048282,-0.0861052683869017,0.172210536773803,55663,11529,113777,102249,3
"chr2",157597845,157597871,-0.0860934880310033,0.172186976062007,50640,158191,271268,113078,9
"chr9",127450356,127451857,0.0860768936681007,0.172153787336201,85707,87343,94642,7300,22
"chr12",3491063,3491598,0.0860684883158173,0.172136976631635,18189,12436,53516,41081,7
"chr11",5624473,5624683,-0.0860526314029356,0.172105262805871,13191,175056,175557,502,7
"chr6",36679296,36679887,0.0860368338384963,0.172073667676993,73067,90615,91407,793,4
"chr5",140874110,140875147,-0.0860345873576772,0.172069174715354,69955,310771,310849,79,14
"chr10",61001033,61001742,0.0860118155803228,0.172023631160646,10149,168023,174861,6839,10
"chr16",31713161,31713253,-0.0860072456060267,0.172014491212053,32830,106145,112438,6294,14
"chr5",65721669,65722773,0.0860053264737974,0.172010652947595,68480,91119,94867,3749,18
"chr7",1159205,1160211,0.0573343090449587,0.172002927134876,76061,77844,122506,44663,23
"chr12",55996293,55996674,0.0859929765710913,0.171985953142183,20301,241876,249866,7991,15
"chr18",10660643,10660648,-0.0859762205854085,0.171952441170817,40442,231896,233701,1806,3
"chr6",30345195,30345344,0.0859728484084256,0.171945696816851,72308,47378,92739,45362,19
"chr14",37595285,37596377,0.0859633109880751,0.17192662197615,25425,78311,91025,12715,16
"chr8",117134526,117135324,-0.0859603529288288,0.171920705857658,82531,263112,278506,15395,10
"chr8",22692779,22693207,0.0859442192653421,0.171888438530684,80853,96996,112523,15528,22
"chr16",67430926,67430988,-0.0859303062078345,0.171860612415669,33529,15723,23647,7925,11
"chr20",20369723,20370453,0.0572866649691759,0.171859994907528,53719,53774,209652,155879,4
"chr1",150234933,150236584,-0.0859270016247363,0.171854003249473,5003,159907,163651,3745,27
"chr19",12610793,12610983,0.0859229640006882,0.171845928001376,43201,246351,291807,45457,15
"chr2",70293733,70293919,-0.0859169021573023,0.171833804314605,48983,141903,151724,9822,20
"chr17",49707957,49708115,0.0859131037622212,0.171826207524442,38127,271373,298423,27051,14
"chr13",52845461,52845594,0.0859127571578427,0.171825514315685,23862,194150,202789,8640,7
"chr3",138009487,138009870,-0.0859091601439794,0.171818320287959,62586,159576,159849,274,14
"chr17",14300394,14301161,-0.0859074037640389,0.171814807528078,35939,125953,137984,12032,14
"chr2",74513453,74514814,0.0859016633713097,0.171803326742619,49179,138249,150553,12305,21
"chr13",52024039,52024272,0.0858941280680709,0.171788256136142,23824,100887,209723,108837,5
"chr9",130693619,130693696,0.0858916937581543,0.171783387516309,86064,261804,282280,20477,6
"chr7",97005168,97006312,-0.0858916380117455,0.171783276023491,78183,170881,177875,6995,9
"chr17",19978026,19978418,0.0858869251479452,0.17177385029589,36290,268747,275485,6739,15
"chr6",28266747,28267184,0.0858786532160286,0.171757306432057,72095,226266,246647,20382,11
"chr5",15499893,15499968,-0.0858781554622316,0.171756310924463,67769,148457,217772,69316,10
"chr6",27132777,27133984,-0.0858713986290534,0.171742797258107,72014,185578,185743,166,14
"chr11",63368942,63369311,0.0858515408967923,0.171703081793585,15032,184480,191691,7212,6
"chr4",40190324,40190926,-0.0858317027187412,0.171663405437482,65077,235492,244460,8969,8
"chr3",44975520,44977417,-0.0858297194895365,0.171659438979073,60152,89637,92523,2887,19
"chr5",60487802,60487841,-0.0858073849976303,0.171614769995261,68417,89883,98415,8533,9
"chr3",38950416,38950620,-0.0858051589840877,0.171610317968175,59930,133171,242904,109734,3
"chr19",57410889,57411028,0.0857907986679849,0.17158159733597,47100,204503,209095,4593,10
"chr16",56194473,56194599,-0.0571771982863755,0.171531594859127,33118,74082,83853,9772,13
"chr1",177164883,177165013,-0.0857639729192444,0.171527945838489,6656,100076,104974,4899,17
"chr14",104152104,104152451,-0.0857502101038914,0.171500420207783,27540,73031,209957,136927,2
"chr17",76264611,76264633,-0.0857480794913769,0.171496158982754,39369,259540,298688,39149,11
"chr3",24494761,24495321,-0.085747465779728,0.171494931559456,59638,11560,14573,3014,29
"chr12",63150988,63152483,0.0857443491539389,0.171488698307878,20691,68711,102154,33444,18
"chr12",10212860,10213097,0.0857165278589904,0.171433055717981,18653,15544,47363,31820,13
"chr19",55312459,55312948,-0.085698826274583,0.171397652549166,46900,52333,88727,36395,2
"chr17",36535336,36535424,-0.0856813764302244,0.171362752860449,36855,199614,202250,2637,18
"chr14",49633598,49634371,-0.0856555996861253,0.171311199372251,25508,86241,96001,9761,6
"chr10",119080990,119081401,0.0856372963244574,0.171274592648915,12021,177702,187610,9909,7
"chr6",146598993,146599159,0.0856363179144761,0.171272635828952,75262,116378,118113,1736,15
"chr3",100260581,100260975,0.0856239440646811,0.171247888129362,61565,88026,92506,4481,18
"chr4",94757552,94757747,0.0856209290225204,0.171241858045041,66005,78177,108555,30379,10
"chr12",110450573,110451151,-0.0855958364614434,0.171191672922887,21756,172399,197157,24759,9
"chr17",82273387,82273448,-0.0855858900278191,0.171171780055638,40109,20684,28152,7469,13
"chr16",2235251,2235774,-0.0855743140889843,0.171148628177969,31233,86900,193592,106693,7
"chr11",2300820,2301499,0.0855698726008206,0.171139745201641,12933,167721,170209,2489,38
"chr15",99249572,99251833,0.0855576119014253,0.171115223802851,30620,130796,133852,3057,26
"chr19",50428175,50428258,0.0855464186976438,0.171092837395288,46295,52335,73140,20806,6
"chr22",50199888,50200333,-0.0855391517016288,0.171078303403258,58890,221608,242009,20402,10
"chr11",111284101,111284209,0.0855288097808485,0.171057619561697,16885,42670,45539,2870,3
"chr11",118791457,118791590,-0.0855286155110215,0.171057231022043,17286,114323,180649,66327,12
"chr1",112508517,112509063,0.0855283326535616,0.171056665307123,4569,5132,29639,24508,13
"chr4",158172763,158173812,-0.0855097744554974,0.171019548910995,66899,147524,238143,90620,12
"chr19",6135499,6135508,0.0855060681646618,0.171012136329324,42421,95933,139479,43547,7
"chr2",55049050,55051133,-0.085504442234508,0.171008884469016,48657,145469,148428,2960,21
"chr4",75673715,75673735,0.085501275366532,0.171002550733064,65670,157486,161336,3851,18
"chr5",140564298,140565522,-0.0854897625772665,0.170979525154533,69890,157542,243342,85801,16
"chr9",134843828,134843882,-0.0854773399428414,0.170954679885683,86372,229401,285919,56519,2
"chr21",33324283,33324731,0.0854661807552697,0.170932361510539,56024,243321,298445,55125,9
"chr3",66500311,66500498,0.0854562156209441,0.170912431241888,61294,88966,109119,20154,4
"chr20",9068714,9069047,0.0854477974175822,0.170895594835164,53523,139122,197475,58354,11
"chr7",73522602,73522841,0.0854463840043726,0.170892768008745,77680,238180,270995,32816,12
"chr2",206086030,206086254,0.0854454252356766,0.170890850471353,51708,103582,104873,1292,9
"chr5",95646085,95647069,-0.056958336684067,0.170875010052201,68996,267273,284024,16752,14
"chr8",108083690,108083747,0.0853653902396249,0.17073078047925,82442,131426,170485,39060,21
"chr3",42936151,42936353,0.08536150903436,0.17072301806872,60079,128791,131507,2717,19
"chr5",35939745,35939935,0.0853558752672878,0.170711750534576,67986,153512,157999,4488,4
"chr11",108498224,108498504,0.085344300573777,0.170688601147554,16853,20636,21807,1172,6
"chr12",15595051,15595080,-0.0853248029910019,0.170649605982004,18899,243293,249630,6338,3
"chr2",203936690,203936785,-0.0853196982402367,0.170639396480473,51688,103676,134739,31064,5
"chr11",62792384,62792505,0.0853027873125763,0.170605574625153,14991,190087,212853,22767,12
"chr17",75012042,75012492,0.0852807966671697,0.170561593334339,39162,98694,133907,35214,12
"chr1",52404314,52404365,0.0852759458721796,0.170551891744359,3275,141722,142405,684,15
"chr10",117374606,117376211,-0.0852633290661286,0.170526658132257,11984,86025,130841,44817,12
"chr12",57752491,57752648,0.0852493529466357,0.170498705893271,20626,197910,198239,330,20
"chr16",75647679,75648745,0.0852383119143475,0.170476623828695,34051,98178,104189,6012,21
"chr3",171026751,171027082,0.0852359832189252,0.17047196643785,63255,154527,160124,5598,4
"chr17",48550022,48550862,0.0568214999558101,0.17046449986743,38013,25212,196444,171233,4
"chr5",10441127,10441204,0.085226239973257,0.170452479946514,67685,250479,261960,11482,17
"chr19",14072511,14072859,-0.085203365405617,0.170406730811234,43403,210868,244647,33780,13
"chr18",657506,658937,-0.0851995088216712,0.170399017643342,40237,219086,243101,24016,18
"chr6",33788305,33789463,0.0851965754849899,0.17039315096998,72885,131746,135708,3963,17
"chr19",12890982,12891156,0.0851894779600031,0.170378955920006,43279,298774,300345,1572,15
"chr3",125595218,125595227,-0.0851852597869692,0.170370519573938,62157,64050,69308,5259,11
"chr6",32127128,32129381,-0.0851829097996999,0.1703658195994,72659,188748,189183,436,51
"chr7",149125581,149126873,0.0851717082199764,0.170343416439953,79812,41236,48299,7064,15
"chr9",34590393,34591043,-0.0567799025891869,0.170339707767561,84021,138597,171677,33081,10
"chr16",67908899,67909322,-0.085155709464824,0.170311418929648,33600,113094,294075,180982,3
"chr11",6259386,6260005,0.0851538498177068,0.170307699635414,13239,182074,231472,49399,9
"chr11",27699803,27700490,0.085150646429485,0.17030129285897,13902,7650,9977,2328,36
"chr12",57087826,57088120,-0.0851394389995418,0.170278877999084,20469,89760,171487,81728,4
"chr16",18801236,18801949,0.0567571845559786,0.170271553667936,32044,100354,239778,139425,14
"chr1",229441280,229441649,-0.0851232795653703,0.170246559130741,8329,149593,228428,78836,3
"chr14",68793990,68794792,-0.0851080806406701,0.17021616128134,26112,250976,274607,23632,17
"chr16",30370745,30371196,0.0851072383145541,0.170214476629108,32616,208896,209532,637,9
"chr11",287949,288305,-0.0851013569952404,0.170202713990481,12599,1072,4514,3443,3
"chr1",211133878,211134066,0.085095362298144,0.170190724596288,7757,142577,142659,83,13
"chr1",95072819,95073230,-0.0850925257317811,0.170185051463562,4156,153177,153538,362,11
"chr19",14979874,14979907,-0.085091443848904,0.170182887697808,43484,60148,60338,191,12
"chr7",42931744,42932994,-0.0850881978712159,0.170176395742432,77155,173372,184239,10868,16
"chr1",211258225,211258764,0.0850858614606951,0.17017172292139,7759,136737,149942,13206,19
"chr1",111279725,111279872,0.0850706801765057,0.170141360353011,4511,156992,163588,6597,3
"chr7",121873218,121873223,-0.0850694466309292,0.170138893261858,79023,43052,65846,22795,13
"chr4",143512693,143513818,-0.0850675006594212,0.170135001318842,66644,137990,143708,5719,16
"chr16",15949368,15949461,0.0850634594912752,0.17012691898255,32014,139109,210061,70953,9
"chr22",46296762,46297451,0.0850619945425224,0.170123989085045,58748,213231,256962,43732,17
"chr4",86892650,86892782,0.0850505130306415,0.170101026061283,65887,102534,126623,24090,10
"chr14",23469442,23469637,0.0850376098890995,0.170075219778199,25070,214517,286909,72393,13
"chr6",12289630,12289830,0.0850281828269586,0.170056365653917,71701,222690,246943,24254,13
"chr2",128028417,128028672,0.0850239352534367,0.170047870506873,50294,141919,151767,9849,15
"chr3",49117774,49117990,0.0850121864862638,0.170024372972528,60529,271332,271458,127,3
"chr11",67508203,67509429,0.0850121852929341,0.170024370585868,15719,244920,245446,527,19
"chr1",40396308,40396568,-0.0850114205543491,0.170022841108698,2675,225370,230122,4753,5
"chr2",202275495,202276512,-0.0850023135422351,0.17000462708447,51636,113731,166113,52383,4
"chr17",28406034,28406050,0.0849905110169935,0.169981022033987,36412,76156,83157,7002,11
"chr12",102119814,102120297,0.0849765327807898,0.16995306556158,21409,90873,101061,10189,14
"chr11",67606929,67607376,0.0849667589967827,0.169933517993565,15724,252837,275507,22671,22
"chr7",99144366,99144476,-0.0849655317556904,0.169931063511381,78270,186548,190537,3990,13
"chr1",62783528,62783811,-0.0849504583657538,0.169900916731508,3568,114223,124797,10575,12
"chr5",122774796,122775172,0.0849500263440336,0.169900052688067,69342,90147,96334,6188,15
"chr9",23825849,23826463,0.0849312004079716,0.169862400815943,83861,115021,126441,11421,11
"chr1",119809125,119809189,-0.0849292335555608,0.169858467111122,4821,228900,250460,21561,5
"chr1",32205511,32206231,0.0849178240633736,0.169835648126747,2168,37741,68377,30637,18
"chr3",64023420,64023860,-0.0849036287404336,0.169807257480867,61239,35579,93000,57422,11
"chr18",3453728,3453800,-0.0848967983105183,0.169793596621037,40304,133934,205514,71581,3
"chr3",137771594,137771951,0.0848960389186586,0.169792077837317,62584,157755,162639,4885,9
"chr10",88991340,88991777,0.0848922034840831,0.169784406968166,10935,173353,174926,1574,22
"chr1",28886714,28886855,0.0848838414681694,0.169767682936339,2033,81069,105121,24053,10
"chr1",154937053,154937454,0.0848620706312192,0.169724141262438,5513,159333,159684,352,16
"chr19",49909595,49909739,0.0565730498378076,0.169719149513423,46239,137987,194642,56656,7
"chr15",43185408,43185842,0.084856170198834,0.169712340397668,28524,7134,12692,5559,16
"chr12",49794921,49795108,-0.0848477439574771,0.169695487914954,19660,45704,54579,8876,4
"chr17",81702745,81703466,0.0848214444056787,0.169642888811357,39981,59082,78264,19183,13
"chr20",49568155,49568295,-0.0848195690228919,0.169639138045784,54972,53075,58543,5469,4
"chr14",38207660,38207819,0.0848161506747229,0.169632301349446,25432,125808,128576,2769,12
"chr10",68472030,68472032,-0.0848161064576897,0.169632212915379,10262,236545,246819,10275,13
"chr7",151876963,151877557,0.084812123742152,0.169624247484304,80076,184139,185834,1696,23
"chr12",96400746,96400833,0.0848106344409763,0.169621268881953,21290,254307,296648,42342,6
"chr1",151006503,151007042,0.0848007299144441,0.169601459828888,5082,259978,266798,6821,9
"chr11",111601906,111602017,0.0847801368655827,0.169560273731165,16906,101900,170421,68522,7
"chr22",21919598,21919847,-0.0847774314681433,0.169554862936287,57127,80554,277224,196671,3
"chr3",49276937,49277200,-0.0847674917667436,0.169534983533487,60558,39755,94880,55126,15
"chr5",154857813,154857940,0.0565108738645968,0.16953262159379,70549,148043,155841,7799,17
"chr14",72894487,72894614,-0.0847559692152317,0.169511938430463,26250,283204,283922,719,29
"chr19",19034017,19034096,0.0847497553830108,0.169499510766022,44014,266555,299362,32808,15
"chr4",187201333,187201802,-0.084741663787434,0.169483327574868,67346,258011,266639,8629,5
"chr16",23301974,23302238,0.0847228274238626,0.169445654847725,32242,76084,77101,1018,10
"chr1",225882510,225882770,-0.0847209467567588,0.169441893513518,8104,30165,36769,6605,11
"chr1",84690656,84691816,0.0847178183599479,0.169435636719896,3907,266173,277872,11700,15
"chr14",24509475,24509724,-0.0847104998529016,0.169420999705803,25245,105126,116192,11067,3
"chr7",128030940,128030980,0.0847033689956606,0.169406737991321,79134,105987,175831,69845,9
"chr6",32119041,32119101,0.0846983423273409,0.169396684654682,72656,176505,181542,5038,7
"chr17",3668627,3669579,-0.0846960103285528,0.169392020657106,35109,138547,199072,60526,18
"chr20",34545701,34546028,0.0846839927911968,0.169367985582394,54160,89895,196175,106281,5
"chr3",49006742,49006792,0.0846636337083772,0.169327267416754,60498,229045,246417,17373,17
"chr14",75051851,75052691,0.0846535053505623,0.169307010701125,26436,233665,265610,31946,8
"chr4",107824411,107824580,0.0846504412819476,0.169300882563895,66159,268833,283472,14640,16
"chr9",136482569,136483677,0.0846502596417825,0.169300519283565,86532,93320,97217,3898,19
"chr15",40252849,40252944,-0.0846312782644914,0.169262556528983,28234,8560,10544,1985,18
"chr19",38335586,38335677,-0.0846195795191438,0.169239159038288,44736,199340,263050,63711,10
"chr6",82363520,82363618,-0.0846142593306992,0.169228518661398,74073,189741,190245,505,19
"chr11",73403970,73404372,0.0846129839826647,0.169225967965329,16101,132958,231895,98938,3
"chr10",73781517,73781929,-0.084612088503656,0.169224177007312,10589,187571,219826,32256,12
"chr19",53604452,53604567,-0.0845980949106223,0.169196189821245,46646,199334,212209,12876,7
"chr12",53984477,53985031,-0.0845843714924557,0.169168742984911,20113,43872,61892,18021,24
"chr6",70283208,70284171,0.056388556045873,0.169165668137619,73908,184577,230944,46368,9
"chr6",15248705,15248919,-0.0845816526634842,0.169163305326968,71756,22189,23361,1173,8
"chr11",78574738,78574992,0.0845686848906288,0.169137369781258,16384,170484,183324,12841,11
"chr10",5666862,5667156,-0.0845657027131265,0.169131405426253,9051,98330,284780,186451,7
"chr14",64503649,64504552,-0.0563710803609832,0.16911324108295,25970,62286,73452,11167,22
"chr3",194633693,194633704,-0.0845440823326516,0.169088164665303,63934,88321,128869,40549,13
"chr1",228082214,228082489,0.0845404146648088,0.169080829329618,8218,29382,31846,2465,14
"chr16",31032789,31033073,0.0845397612259644,0.169079522451929,32731,275116,275648,533,16
"chr2",176268342,176268878,-0.0845332902730904,0.169066580546181,51097,230980,262392,31413,12
"chr17",49290252,49290630,-0.0845329555895824,0.169065911179165,38094,123324,213575,90252,5
"chr3",42224175,42224587,0.084501524066469,0.169003048132938,60020,40020,146526,106507,3
"chr9",93452261,93453555,0.0844993735606042,0.168998747121208,84725,89682,93948,4267,18
"chr10",95441230,95441415,-0.0844787401329525,0.168957480265905,11155,108372,114664,6293,5
"chr11",77820850,77821154,-0.0844398731429856,0.168879746285971,16343,5954,8576,2623,12
"chr17",4731509,4731523,0.0844326017753249,0.16886520355065,35232,199644,205257,5614,12
"chr7",80922415,80923222,-0.084428529624743,0.168857059249486,77913,182498,219443,36946,5
"chr14",74426283,74426466,0.0844238606088578,0.168847721217716,26375,5064,13030,7967,5
"chr14",77376858,77377432,0.0844052896413384,0.168810579282677,26578,16300,53356,37057,14
"chr1",10430287,10430580,0.0844023838926487,0.168804767785297,784,139405,144680,5276,24
"chr4",88823128,88823592,0.0843965259548516,0.168793051909703,65963,135418,142944,7527,8
"chr7",100049610,100049616,0.0843921328294737,0.168784265658947,78363,9440,16617,7178,8
"chr6",31968377,31969617,-0.0843863221641779,0.168772644328356,72629,46654,46802,149,104
"chr12",7118574,7118625,0.0843791994882684,0.168758398976537,18456,122696,240344,117649,3
"chr1",120176448,120176608,0.08435794023841,0.16871588047682,4851,164819,166535,1717,11
"chr10",22319745,22320337,0.0843545138827724,0.168709027765545,9474,79713,116908,37196,5
"chr16",77212151,77213115,0.0843372448947525,0.168674489789505,34066,196590,299608,103019,6
"chr16",23511759,23511932,-0.0843359821591481,0.168671964318296,32260,234321,245289,10969,9
"chr17",14302486,14302565,-0.0843344905392931,0.168668981078586,35940,83794,207049,123256,2
"chr6",132751198,132751412,0.0843337620097797,0.168667524019559,74944,258654,269041,10388,2
"chr5",150000566,150001910,-0.0843271528899588,0.168654305779918,70341,162602,162764,163,22
"chr19",49676754,49677127,0.0843259132113028,0.168651826422606,46192,114776,126964,12189,12
"chr4",61200657,61201471,-0.0843252693092933,0.168650538618587,65429,124470,139875,15406,12
"chr19",10717811,10717917,0.0843252288759374,0.168650457751875,42984,207358,261565,54208,20
"chr17",40938702,40938889,0.0843231248000753,0.168646249600151,37243,89559,129208,39650,4
"chr1",39691530,39691579,0.0562098255788324,0.168629476736497,2631,29507,34414,4908,20
"chr12",123660563,123660603,-0.0843115152401674,0.168623030480335,22501,168242,289141,120900,2
"chr4",173333661,173335252,0.0843002352622958,0.168600470524592,67059,161401,161543,143,25
"chr12",120639936,120640359,0.0561904474591004,0.168571342377301,22213,257964,279772,21809,12
"chr17",41811867,41812552,0.0842754997307081,0.168550999461416,37374,199659,204013,4355,26
"chr12",94305365,94305477,-0.0842691059289275,0.168538211857855,21225,174653,277316,102664,2
"chr3",173397951,173398448,-0.0842593125208572,0.168518625041714,63293,13033,15784,2752,22
"chr3",61561430,61561456,0.0842486547339333,0.168497309467867,61190,31170,38380,7211,12
"chr1",116418561,116419050,0.0842418287170295,0.168483657434059,4718,103740,116932,13193,12
"chr7",152464112,152464957,0.0842411084439094,0.168482216887819,80123,168966,188781,19816,10
"chr15",82647507,82648087,0.0842379807790653,0.168475961558131,30078,66028,75007,8980,22
"chr17",3033807,3033909,-0.0842341154848558,0.168468230969712,35064,215056,216701,1646,4
"chr17",39626948,39627169,0.0842306967207591,0.168461393441518,37049,70246,70358,113,14
"chr16",28879855,28880047,0.0842278052168711,0.168455610433742,32460,56090,65229,9140,18
"chr17",28719972,28720473,0.084226215022971,0.168452430045942,36452,98303,112167,13865,42
"chr3",186806407,186806988,-0.0842231401479226,0.168446280295845,63708,95019,95038,20,20
"chr6",134175731,134176109,-0.0842168063741631,0.168433612748326,74981,167200,171829,4630,10
"chr4",37686409,37687757,-0.0842057182211457,0.168411436442291,64983,39419,114522,75104,13
"chr1",3650254,3651155,-0.0842052278136575,0.168410455627315,420,162149,164938,2790,43
"chr1",75745650,75745650,0.084203755998348,0.168407511996696,3776,271055,308595,37541,2
"chr14",52266769,52268308,0.0841915695264109,0.168383139052822,25628,112922,133098,20177,15
"chr5",43190921,43191923,0.0841894000855889,0.168378800171178,68183,238260,246495,8236,15
"chr3",49121029,49121058,-0.0841801030642816,0.168360206128563,60531,145159,150263,5105,15
"chr7",150736505,150737392,0.0841800271783851,0.16836005435677,79947,174266,235303,61038,8
"chr6",30006938,30007067,-0.0841795005936063,0.168359001187213,72246,16410,17582,1173,8
"chr9",122159309,122159890,0.0841597493427687,0.168319498685537,85468,178430,188556,10127,12
"chr13",51452668,51454073,-0.0841527382745681,0.168305476549136,23789,71626,83609,11984,20
"chr4",174283589,174283636,0.0841346506057769,0.168269301211554,67074,164214,165956,1743,24
"chr2",85354574,85354588,0.0841309208888124,0.168261841777625,49303,143447,143867,421,18
"chr20",35147348,35147366,-0.0840850902772844,0.168170180554569,54207,114471,198284,83814,14
"chr13",67230153,67230207,0.0840803074170012,0.168160614834002,23932,100907,122212,21306,13
"chr1",213986805,213987963,0.0840724089781456,0.168144817956291,7849,94358,133016,38659,14
"chr1",150066924,150067537,0.0840208167386507,0.168041633477301,4994,61820,84201,22382,15
"chr1",45550451,45550706,0.084018804301551,0.168037608603102,3027,165300,245680,80381,14
"chr2",68467167,68467375,0.0840083295741225,0.168016659148245,48907,163359,257820,94462,15
"chr20",25148821,25148884,0.0840025958329806,0.168005191665961,53850,73164,75407,2244,12
"chr4",83034904,83034988,-0.0839942548954247,0.167988509790849,65822,157723,163062,5340,17
"chr1",33181301,33182076,-0.0839904490179156,0.167980898035831,2265,30147,64400,34254,17
"chr15",40357941,40357968,-0.083982316669684,0.167964633339368,28260,195984,198558,2575,7
"chr14",54489177,54489242,0.0839655645576925,0.167931129115385,25673,97245,199602,102358,7
"chr11",27701227,27701743,0.0839565099302732,0.167913019860546,13902,191608,300530,108923,36
"chr8",24955532,24956521,-0.083931354231965,0.16786270846393,80944,103175,134686,31512,21
"chr16",75565998,75566171,0.0839311716343102,0.16786234326862,34044,196024,294055,98032,9
"chr7",142111205,142111515,0.0839101925414407,0.167820385082881,79646,130180,310107,179928,2
"chr17",38898459,38898473,-0.0839090926134987,0.167818185226997,36977,84843,136178,51336,2
"chr7",134986273,134986507,0.0839024957186979,0.167804991437396,79402,78845,103180,24336,10
"chr8",66613201,66614035,-0.0838881343469377,0.167776268693875,81782,86243,107741,21499,10
"chr3",122885659,122885932,0.0838875811553687,0.167775162310737,62045,162446,163512,1067,6
"chr14",90061043,90061634,0.0838832084199316,0.167766416839863,26749,7637,11458,3822,14
"chr10",101031271,101032171,-0.083867045237268,0.167734090474536,11456,21462,25667,4206,20
"chr11",64240097,64242068,-0.0838662631013339,0.167732526202668,15109,174626,177257,2632,20
"chr10",110225133,110226271,0.083863711728,0.167727423456,11777,184762,186774,2013,7
"chr6",41072243,41072816,-0.083848329369986,0.167696658739972,73250,176976,180897,3922,22
"chr16",56865055,56865169,-0.0838370292350302,0.16767405847006,33176,201581,206013,4433,6
"chr3",169146323,169147309,0.0838237066088713,0.167647413217743,63197,1316,18438,17123,21
"chr7",5429050,5429103,0.0838076416199224,0.167615283239845,76361,229351,243824,14474,6
"chr12",8032428,8033299,0.0838042763237099,0.16760855264742,18506,95396,112111,16716,14
"chr14",64914367,64914372,-0.0837993472245285,0.167598694449057,26004,207730,209425,1696,12
"chr13",23375800,23376277,0.083795841369783,0.167591682739566,23028,207953,274662,66710,9
"chr20",21705626,21705635,0.0837945334092655,0.167589066818531,53748,6435,8623,2189,13
"chr14",92106803,92107066,0.0837914196821639,0.167582839364328,26852,76646,93296,16651,13
"chr1",46668527,46668657,-0.0837690523582241,0.167538104716448,3122,139388,159948,20561,12
"chr1",155173826,155174464,-0.0837488216956009,0.167497643391202,5568,150217,153493,3277,27
"chr20",45934203,45934632,0.0837320398525745,0.167464079705149,54806,83564,93267,9704,16
"chr15",93041341,93041733,-0.0837272229544236,0.167454445908847,30523,2604,204791,202188,4
"chr19",7676716,7676860,0.083722299586504,0.167444599173008,42597,71789,87397,15609,8
"chr2",101474837,101474859,0.0837194098115178,0.167438819623036,49736,139322,139723,402,13
"chr19",13932833,13933004,-0.0837180347536861,0.167436069507372,43378,192909,208952,16044,4
"chr1",200670160,200670374,-0.0837127136422914,0.167425427284583,7090,61096,94405,33310,7
"chr11",66510535,66510566,0.0837089115587593,0.167417823117519,15539,171704,172617,914,11
"chr4",155376850,155377180,0.0836714168428212,0.167342833685642,66870,16703,20535,3833,12
"chr17",48729083,48729401,0.0836637374634747,0.167327474926949,38051,204152,206728,2577,15
"chr5",321566,321917,-0.0836408938777104,0.167281787755421,67402,39861,39866,6,10
"chr19",1401373,1401776,-0.0836391561486698,0.16727831229734,41747,106928,197266,90339,10
"chr20",38446851,38448018,0.0836223509231788,0.167244701846358,54456,199267,200118,852,17
"chr1",160030818,160031631,0.0836086323015852,0.16721726460317,6019,291321,305864,14544,16
"chr1",21177099,21177131,-0.0835893820085825,0.167178764017165,1427,23332,23593,262,12
"chr13",51974777,51974905,0.0835780894331166,0.167156178866233,23822,244228,256018,11791,3
"chr3",128994039,128994150,0.0835699230839397,0.167139846167879,62306,6226,33879,27654,12
"chr8",90985582,90985757,0.0835521339390945,0.167104267878189,82107,192103,192545,443,10
"chr7",129433948,129434234,0.0835430231818385,0.167086046363677,79250,242267,264273,22007,8
"chr16",13935615,13935663,-0.0835104074185039,0.167020814837008,31906,232173,233690,1518,6
"chr11",75768782,75768821,-0.083503509625049,0.167007019250098,16242,3856,21224,17369,12
"chr19",55643501,55643588,-0.0835001103495628,0.167000220699126,46976,52491,54219,1729,9
"chr16",3120103,3120467,-0.0835001077149486,0.167000215429897,31414,55097,59369,4273,3
"chr19",57458081,57458238,0.0834915011529251,0.16698300230585,47107,229846,252238,22393,2
"chr4",40196334,40196861,-0.0834862036261414,0.166972407252283,65079,274827,302570,27744,14
"chr3",3844406,3844558,-0.0834825052032762,0.166965010406552,59051,136844,141800,4957,3
"chr11",77637805,77637828,0.0834622882686903,0.166924576537381,16333,42912,42927,16,7
"chr18",79963226,79964453,-0.0834487648789729,0.166897529757946,41476,53624,55407,1784,14
"chr7",23470386,23470470,-0.0834457785610926,0.166891557122185,76720,82398,140541,58144,5
"chr9",130682013,130682192,0.083444395915914,0.166888791831828,86062,185810,196756,10947,6
"chr22",30921300,30922160,-0.0834295856679142,0.166859171335828,57647,131197,198237,67041,11
"chr8",10729280,10729457,0.0833952791067704,0.166790558213541,80499,47462,81902,34441,6
"chr22",30968844,30969826,0.083376135079721,0.166752270159442,57652,99415,105916,6502,15
"chr8",66666408,66667551,-0.0833721317715791,0.166744263543158,81784,169775,175133,5359,16
"chr8",123416300,123416656,0.0833444476877583,0.166688895375517,82642,69776,94238,24463,11
"chr12",32107066,32107157,-0.0833416558972093,0.166683311794419,19235,19869,23872,4004,12
"chr7",155533789,155534045,0.0833409493214992,0.166681898642998,80173,181208,182027,820,7
"chr22",41301275,41301697,0.0833356673084805,0.166671334616961,58360,87007,93179,6173,10
"chr19",48918820,48918920,-0.0833114807205318,0.166622961441064,46055,116984,252132,135149,5
"chr11",44094458,44094622,-0.0833080528080443,0.166616105616089,14169,136266,223024,86759,4
"chr17",64230646,64231537,-0.0832996727709431,0.166599345541886,38777,219458,231137,11680,6
"chr1",156430368,156430640,-0.0832859354783878,0.166571870956776,5747,124806,132423,7618,5
"chr19",49877974,49878478,-0.0832829051846584,0.166565810369317,46232,3477,12320,8844,35
"chr1",149927926,149929654,0.0832626690713103,0.166525338142621,4985,154009,213202,59194,14
"chr17",13544348,13544533,0.0832467596019609,0.166493519203922,35933,132411,224481,92071,3
"chr2",70768219,70768390,-0.0832370020644441,0.166474004128888,48996,6718,8837,2120,18
"chr16",4416824,4417142,-0.0832292254211799,0.16645845084236,31576,68476,69242,767,14
"chr11",121292083,121292214,-0.0832198240962302,0.16643964819246,17477,222163,234016,11854,12
"chr9",842534,843179,0.0832185384163602,0.16643707683272,83483,182853,285495,102643,5
"chr12",53251936,53251975,0.0832109932684668,0.166421986536934,20029,177818,247778,69961,11
"chr14",70080748,70081451,-0.0831690445510409,0.166338089102082,26170,296084,296770,687,8
"chr14",60649330,60649498,-0.0831659794470451,0.16633195889409,25844,107333,117555,10223,11
"chr12",110743222,110744288,0.0831657488915836,0.166331497783167,21780,204124,209145,5022,11
"chr11",10307364,10308140,-0.0831162320654686,0.166232464130937,13496,44084,45879,1796,9
"chr18",23452613,23453108,0.083100883662613,0.166201767325226,40606,97186,134206,37021,12
"chr9",122159921,122159969,-0.0830958229248164,0.166191645849633,85468,263957,286096,22140,12
"chr15",45431675,45432382,0.0830910423675012,0.166182084735002,28686,119362,195608,76247,7
"chr14",105248490,105249504,-0.0830878840945682,0.166175768189136,27665,272858,280672,7815,23
"chr16",58001126,58001284,-0.0830745666373354,0.166149133274671,33303,199699,254428,54730,9
"chr4",5050737,5051858,-0.055382239228451,0.166146717685353,64499,161631,254426,92796,15
"chr12",92702846,92703004,-0.0830252366890647,0.166050473378129,21182,84885,175612,90728,5
"chr14",58427022,58427423,0.0830246111407097,0.166049222281419,25772,205901,221230,15330,26
"chr2",154457434,154457873,-0.0830180505933357,0.166036101186671,50611,241983,256606,14624,5
"chr3",196318412,196318471,-0.0829964277092981,0.165992855418596,64023,111667,141234,29568,7
"chr20",43916152,43916154,0.0829782964171866,0.165956592834373,54618,5017,5369,353,24
"chr11",20669394,20669580,-0.0829692600688649,0.16593852013773,13843,14510,41888,27379,11
"chr5",67003958,67004047,0.0829609083906647,0.165921816781329,68506,8565,110774,102210,15
"chr17",55265379,55265714,0.0829534240489501,0.1659068480979,38347,102973,113793,10821,13
"chr16",2963744,2963922,-0.0829406499046327,0.165881299809265,31362,101310,105923,4614,17
"chr12",110846150,110846874,0.0829378101110585,0.165875620222117,21781,208370,221749,13380,14
"chr16",67192084,67192130,0.0829212223681792,0.165842444736358,33486,27542,87755,60214,8
"chr3",119677520,119677687,0.0829019977978089,0.165803995595618,61935,229361,288332,58972,15
"chr16",19066699,19067960,0.0828991607777298,0.16579832155546,32052,274559,291701,17143,16
"chr4",106315323,106316717,0.0828953492535811,0.165790698507162,66147,246837,265614,18778,21
"chr6",133240578,133240897,0.0828929612195802,0.16578592243916,74955,186209,195252,9044,33
"chr1",236686666,236686694,0.0828817050972213,0.165763410194443,8560,10793,15714,4922,6
"chr6",10419613,10419802,0.0828755730404343,0.165751146080869,71638,173756,182526,8771,16
"chr2",185738590,185738714,0.0828750018665115,0.165750003733023,51266,117009,119857,2849,18
"chr1",18630738,18631138,-0.0828361287872144,0.165672257574429,1241,7068,7300,233,10
"chr4",184809520,184809916,0.0828281867139075,0.165656373427815,67229,67059,118293,51235,4
"chr11",57646984,57647084,0.0828252803742836,0.165650560748567,14584,15283,44697,29415,6
"chr17",45221834,45222133,0.0828246827261225,0.165649365452245,37834,139690,206877,67188,13
"chr5",149729968,149730110,-0.082816284591279,0.165632569182558,70322,81564,110181,28618,8
"chr7",100428559,100429499,0.0552022863142683,0.165606858942805,78435,174452,247170,72719,20
"chr17",40176451,40177042,-0.0827762065559839,0.165552413111968,37159,230707,241624,10918,17
"chr3",155854231,155854387,0.0827607183388111,0.165521436677622,63003,94252,138599,44348,15
"chr3",12841556,12841867,0.0827515517438364,0.165503103487673,59368,153938,156796,2859,11
"chr17",441361,443280,0.0827490885814365,0.165498177162873,34816,204611,205301,691,13
"chr19",44954633,44955141,0.0827473812584156,0.165494762516831,45531,291741,295599,3859,21
"chr6",43516516,43516601,0.0827401257915446,0.165480251583089,73480,243912,248119,4208,16
"chr4",184218281,184218793,-0.0827318451243396,0.165463690248679,67196,220223,225051,4829,7
"chr19",44165055,44165201,-0.082717001810626,0.165434003621252,45456,210054,273567,63514,12
"chr18",45967286,45967840,-0.0827122112209069,0.165424422441814,40884,197623,205803,8181,11
"chr1",86704131,86704279,-0.082711925932333,0.165423851864666,3955,93516,117877,24362,19
"chr12",6689791,6689970,0.0827097333787233,0.165419466757447,18354,192876,205097,12222,18
"chr2",176178061,176178527,-0.0826966442120572,0.165393288424114,51094,5672,11482,5811,11
"chr3",113019803,113020676,0.0826962890589187,0.165392578117837,61782,133288,142964,9677,13
"chr10",89701527,89701594,0.0826917948851687,0.165383589770337,10972,105414,170986,65573,10
"chr1",109613488,109614198,0.0826798584654768,0.165359716930954,4396,99324,114390,15067,7
"chr17",50546530,50547032,-0.0826785876133932,0.165357175226786,38236,211515,246289,34775,11
"chr1",15409527,15409645,-0.0826754062262694,0.165350812452539,1018,155000,263446,108447,11
"chr1",209827538,209827934,-0.0826562064128876,0.165312412825775,7737,35450,36779,1330,16
"chr1",247506687,247506944,-0.0826557889772496,0.165311577954499,8778,229430,233044,3615,5
"chr21",42366715,42367638,-0.0826414410779876,0.165282882155975,56416,196505,215456,18952,11
"chr1",166975997,166976249,0.0826313419026117,0.165262683805223,6341,159923,215776,55854,9
"chr3",122793595,122793940,-0.0826269065497673,0.165253813099535,62043,156816,160458,3643,16
"chr2",67212417,67213357,-0.0826084122150274,0.165216824430055,48882,134778,242852,108075,5
"chr22",20016233,20016240,-0.0825814754652324,0.165162950930465,56963,125627,259222,133596,2
"chr19",18282056,18282184,-0.0825691230309359,0.165138246061872,43917,101517,211880,110364,11
"chr19",19733125,19733415,-0.0825608369201495,0.165121673840299,44109,129687,210790,81104,11
"chr1",116754334,116754398,-0.0825603098595784,0.165120619719157,4735,246619,255891,9273,8
"chr4",2811629,2811815,0.0825556606378817,0.165111321275763,64383,70333,84581,14249,9
"chr8",66666972,66667547,-0.0825545128882292,0.165109025776458,81784,50010,88063,38054,16
"chr19",17192836,17192998,-0.0825499284176105,0.165099856835221,43701,197133,202498,5366,3
"chr11",69819472,69819616,-0.0825465769369774,0.165093153873955,15876,173948,178706,4759,15
"chr17",81657096,81657434,0.0825440498389084,0.165088099677817,39962,253245,270594,17350,9
"chr7",876119,876194,-0.0825397993250984,0.165079598650197,76014,43260,92092,48833,3
"chr20",38601683,38601841,0.082517102811081,0.165034205622162,54466,103847,104226,380,5
"chr1",54887028,54887476,-0.0825061773419035,0.165012354683807,3426,140548,144329,3782,12
"chr11",73309306,73310100,-0.0824813683733326,0.164962736746665,16088,15214,23931,8718,12
"chr14",77140879,77141804,0.0824704328092518,0.164940865618504,26550,9583,56564,46982,16
"chr14",31025138,31025321,-0.0824600335867673,0.164920067173535,25299,192824,204197,11374,26
"chr1",202159380,202159554,-0.0824518066634115,0.164903613326823,7226,127331,217316,89986,2
"chr6",28864356,28864383,0.0824494622110984,0.164898924422197,72135,170743,174169,3427,35
"chr19",17075357,17076346,-0.0824341738967553,0.164868347793511,43695,83349,203195,119847,15
"chr8",127794643,127794692,0.0824210451324505,0.164842090264901,82761,48597,81203,32607,12
"chr3",136818765,136818975,0.0824142834507293,0.164828566901459,62569,148221,154189,5969,13
"chr3",37242960,37243092,-0.0824115081484956,0.164823016296991,59839,33048,34423,1376,15
"chr18",36129879,36130382,0.0824092991772706,0.164818598354541,40804,284439,293037,8599,24
"chr14",69153945,69154130,0.0823955604050866,0.164791120810173,26128,83662,113124,29463,3
"chr22",41574950,41575050,0.0823871213150906,0.164774242630181,58386,285133,292214,7082,4
"chr17",10696703,10697659,-0.0823856826092439,0.164771365218488,35871,134698,207275,72578,12
"chr1",63593120,63593584,0.082375267447758,0.164750534895516,3585,275981,281736,5756,16
"chr2",47319,47452,0.0823750460870609,0.164750092174122,47275,153636,157167,3532,15
"chr8",27311564,27311645,0.0823655468961236,0.164731093792247,81000,179006,181550,2545,15
"chr6",125153662,125154217,-0.0823583197483031,0.164716639496606,74786,168958,181480,12523,13
"chr14",72893104,72894225,0.082355979579307,0.164711959158614,26250,204921,206625,1705,29
"chr20",21511920,21512276,-0.082352280086028,0.164704560172056,53743,75317,103612,28296,5
"chr6",33277739,33278372,-0.0823503295455228,0.164700659091046,72822,15149,16806,1658,57
"chr11",93784116,93784370,0.0823489300623005,0.164697860124601,16565,101189,311171,209983,11
"chr2",232875959,232876382,0.0823321493212149,0.16466429864243,52557,63815,156460,92646,5
"chr2",158456087,158457504,0.0823170274107905,0.164634054821581,50654,98192,98953,762,13
"chr5",140303090,140303172,0.0823060748561025,0.164612149712205,69869,39774,94846,55073,11
"chr16",2990020,2990131,-0.0823054526437634,0.164610905287527,31375,206530,233077,26548,3
"chr16",588109,588327,0.0822428069188796,0.164485613837759,30837,208145,213555,5411,20
"chr22",23142056,23142210,0.0822260746846455,0.164452149369291,57168,293368,295185,1818,11
"chr6",2244733,2245901,0.0822248038009052,0.16444960760181,71417,257621,279128,21508,13
"chr2",174334918,174335013,-0.0822183005604648,0.16443660112093,51020,864,11519,10656,15
"chr3",12003250,12003351,-0.0822055820043987,0.164411164008797,59316,115378,267623,152246,2
"chr2",62706689,62707072,-0.0821819280235339,0.164363856047068,48784,103488,283841,180354,2
"chr1",99766468,99766521,-0.082172313590151,0.164344627180302,4201,33685,125275,91591,7
"chr15",58750263,58750283,0.0821168598876388,0.164233719775278,29016,215057,265223,50167,12
"chr22",23391067,23391351,-0.0821162138385794,0.164232427677159,57186,278144,290147,12004,2
"chr2",219562584,219562620,-0.0821101456099816,0.164220291219963,52217,4635,146979,142345,4
"chr5",134758282,134758392,0.082097660640104,0.164195321280208,69606,161313,165458,4146,10
"chr6",41780030,41780805,0.0820945654867773,0.164189130973555,73293,18269,20905,2637,11
"chr16",30698457,30698972,-0.0820822044982958,0.164164408996592,32677,139626,200090,60465,14
"chr14",23414983,23414987,0.0820711701624867,0.164142340324973,25062,230939,240958,10020,3
"chr12",56688660,56689185,0.082057501551829,0.164115003103658,20428,127225,187004,59780,17
"chr3",152268900,152270189,0.0820558260554991,0.164111652110998,62951,162441,166430,3990,27
"chr1",817115,817316,0.0820546584507809,0.164109316901562,5,136319,262696,126378,2
"chr6",107070301,107070385,0.0820463556347554,0.164092711269511,74403,167991,174854,6864,3
"chr6",27872290,27872434,0.0820395398580246,0.164079079716049,72061,97666,97684,19,10
"chr5",73120441,73120642,0.0820339952675828,0.164067990535166,68607,28449,31898,3450,15
"chr3",40457149,40457180,0.0820214900805882,0.164042980161176,59989,39227,78558,39332,11
"chr2",202375451,202377383,-0.0820136063996391,0.164027212799278,51642,166700,248456,81757,17
"chr3",38009983,38009985,0.0820117962942028,0.164023592588406,59874,134372,138525,4154,2
"chr11",122882337,122882620,0.0820096914007479,0.164019382801496,17524,259715,280854,21140,20
"chr5",119355161,119355711,-0.0820092010506013,0.164018402101203,69307,255665,263629,7965,17
"chr22",31495762,31495844,0.0819825618291685,0.163965123658337,57709,220005,225155,5151,16
"chr17",59138918,59139123,0.0819743619548494,0.163948723909699,38530,197092,311292,114201,3
"chr18",55586085,55587156,0.0819733002761187,0.163946600552237,41088,116184,118024,1841,10
"chr6",52994538,52994862,0.0819666438506823,0.163933287701365,73761,40649,61219,20571,17
"chr10",26437875,26437908,0.0819403971893503,0.163880794378701,9547,219394,225539,6146,16
"chr12",56040774,56041885,0.0819296509324956,0.163859301864991,20309,274001,293699,19699,12
"chr18",46098547,46098617,-0.081916929095191,0.163833858190382,40890,193584,196065,2482,15
"chr2",47176857,47177196,-0.0818755719472745,0.163751143894549,48519,163314,223298,59985,13
"chr11",992514,992652,0.081875199018764,0.163750398037528,12758,17043,43938,26896,4
"chr12",64222448,64222479,0.0818655872526694,0.163731174505339,20706,45216,66320,21105,12
"chr9",128881986,128882260,-0.0818614073595968,0.163722814719194,85921,63832,64715,884,14
"chr17",79784770,79784964,0.0818356983114831,0.163671396622966,39691,199572,209110,9539,9
"chr20",40688075,40689797,0.0818292847518936,0.163658569503787,54496,211445,288414,76970,15
"chr15",55319226,55319292,0.0818264583143869,0.163652916628774,28923,126485,136099,9615,15
"chr15",26866902,26867050,0.081817889609586,0.163635779219172,27938,8219,13566,5348,15
"chr22",43151772,43151797,-0.08181176105784,0.16362352211568,58543,60290,66114,5825,17
"chr6",31197137,31197175,-0.0818092164410224,0.163618432882045,72456,171941,172183,243,14
"chr20",54174439,54175002,-0.0818054796215341,0.163610959243068,55123,206556,232245,25690,13
"chr6",85449254,85449513,0.0818047362515092,0.163609472503018,74114,131116,132371,1256,14
"chr3",184006048,184006100,0.0818036801312671,0.163607360262534,63495,225187,230066,4880,6
"chr12",99156012,99156328,-0.0817997105724372,0.163599421144874,21339,269606,276911,7306,4
"chr6",32967248,32969611,0.0817912377154964,0.163582475430993,72763,182813,183907,1095,102
"chr2",134918074,134918897,0.0817763392170891,0.163552678434178,50415,66339,87736,21398,11
"chr13",30464273,30464353,-0.0817637584820898,0.16352751696418,23268,255792,269352,13561,6
"chr1",167328353,167328882,-0.0817487740652345,0.163497548130469,6355,227354,231342,3989,7
"chr5",41869302,41871227,0.0544966305091204,0.163489891527361,68148,159220,226761,67542,18
"chr12",121580544,121581101,-0.0817392237146526,0.163478447429305,22292,168316,177783,9468,23
"chr6",13614562,13615301,0.081721908567014,0.163443817134028,71739,191737,244663,52927,13
"chr1",8352648,8352789,0.0817182145609666,0.163436429121933,661,156766,286065,129300,4
"chr11",65917637,65919749,0.0817053537426577,0.163410707485315,15451,176749,178725,1977,20
"chr3",122261836,122261995,-0.0816983548143146,0.163396709628629,62010,82853,123092,40240,3
"chr6",170289679,170290590,0.0816902605690401,0.16338052113808,75929,259913,264028,4116,16
"chr2",236580889,236581277,-0.081671208271139,0.163342416542278,52713,32689,39256,6568,4
"chr8",9902917,9903359,-0.0816559400737232,0.163311880147446,80472,127794,174411,46618,8
"chr10",75029456,75029553,0.0816532713133644,0.163306542626729,10641,168155,170234,2080,3
"chr1",173603042,173603231,0.0816476234623611,0.163295246924722,6561,105644,163795,58152,5
"chr18",50195371,50195529,0.0816441806837742,0.163288361367548,41002,72798,194210,121413,3
"chr17",28344435,28344469,-0.0816421778784344,0.163284355756869,36388,204915,218757,13843,3
"chr10",97373667,97373847,-0.0816398806439805,0.163279761287961,11250,255172,260376,5205,4
"chr1",179881404,179882084,0.0816316961683811,0.163263392336762,6737,165560,238901,73342,17
"chr12",75334664,75334691,0.0816279104562438,0.163255820912488,20971,11693,16661,4969,8
"chr19",35040493,35041193,0.0816167024046865,0.163233404809373,44402,18034,74861,56828,16
"chr1",46132261,46133330,0.0816043144001997,0.163208628800399,3056,88108,90015,1908,18
"chr13",33817562,33817908,-0.0816013589683047,0.163202717936609,23355,192834,207421,14588,9
"chr19",2328554,2328981,-0.0544002817077875,0.163200845123362,41918,56132,72493,16362,21
"chr14",21025132,21025694,-0.0815940869997038,0.163188173999408,24861,64622,69179,4558,34
"chr20",9507041,9507241,0.0815935411594642,0.163187082318928,53530,73859,288411,214553,2
"chr3",126180704,126181052,-0.0815909848786961,0.163181969757392,62178,36192,39205,3014,20
"chr17",76453105,76453522,0.0815683225983384,0.163136645196677,39394,208935,210309,1375,14
"chr7",50308599,50308889,-0.0815578405843187,0.163115681168637,77396,245019,302413,57395,4
"chr2",219219000,219219111,-0.0815567127092651,0.16311342541853,52137,147868,150321,2454,12
"chr4",54100020,54100851,-0.0543610527832966,0.16308315834989,65298,13374,33158,19785,16
"chr10",99430839,99431167,0.0815349178928476,0.163069835785695,11340,185796,187048,1253,14
"chr5",16617143,16617279,0.0815072746539582,0.163014549307916,67793,3705,13076,9372,17
"chr16",75235324,75235666,0.0814833872455132,0.162966774491026,34018,55661,83318,27658,3
"chr19",36849308,36850873,0.0814756455340991,0.162951291068198,44661,123395,124013,619,30
"chr3",48635196,48635542,-0.0814748313667478,0.162949662733496,60450,28115,33057,4943,14
"chr3",152269393,152269531,0.0814708712459128,0.162941742491826,62951,130852,137919,7068,27
"chr6",133951901,133952038,0.0814671191440614,0.162934238288123,74970,247739,252266,4528,17
"chr2",190342688,190343445,0.0814611504455537,0.162922300891107,51347,163374,224476,61103,12
"chr13",109784746,109786559,-0.081445900877139,0.162891801754278,24442,4541,7019,2479,15
"chr8",116756647,116756927,0.0814315642034313,0.162863128406863,82511,237911,242274,4364,11
"chr2",238081767,238082090,0.0814244646611951,0.16284892932239,52765,17860,145774,127915,3
"chr11",68684359,68684361,0.0814170417703493,0.162834083540699,15802,86093,107437,21345,12
"chr20",46651346,46651598,0.0813840355304314,0.162768071060863,54878,10827,14261,3435,11
"chr11",1586245,1586346,0.0813809442378183,0.162761888475637,12868,255982,265874,9893,2
"chr8",18209907,18209925,0.081372481680391,0.162744963360782,80676,106291,186481,80191,5
"chr22",24495252,24495370,-0.0813723023841979,0.162744604768396,57283,10878,59359,48482,19
"chr1",45521845,45523996,0.0813707916426377,0.162741583285275,3025,165204,219530,54327,18
"chr1",209757989,209758112,-0.0813668903266251,0.16273378065325,7718,232334,245438,13105,3
"chr19",45493586,45493643,0.0813606264444964,0.162721252888993,45616,82396,108483,26088,7
"chr9",128393540,128393735,0.0813550646172317,0.162710129234463,85853,173734,260517,86784,3
"chr19",44904603,44904864,-0.0813530957144137,0.162706191428827,45518,220580,295314,74735,4
"chr14",103123411,103123778,-0.0813521544220557,0.162704308844111,27452,70070,105595,35526,7
"chr10",124093661,124094923,0.0813392758894406,0.162678551778881,12204,222986,233551,10566,14
"chr22",40819820,40819935,-0.0813334244625593,0.162666848925119,58300,294403,299921,5519,13
"chr1",159587156,159587842,-0.05420673327175,0.16262019981525,5978,158895,253263,94369,6
"chr14",64879915,64879968,-0.0812908664875662,0.162581732975132,26002,197625,199730,2106,10
"chr4",2818741,2818752,0.0812783673675209,0.162556734735042,64386,86124,89595,3472,3
"chr15",80694807,80694856,-0.0812654456035554,0.162530891207111,30002,106766,111180,4415,6
"chr6",151493797,151493859,0.0812651046813168,0.162530209362634,75396,182148,182379,232,11
"chr1",161706409,161706476,-0.0812559503625546,0.162511900725109,6211,163831,271661,107831,5
"chr17",36486106,36486609,-0.0812536760028704,0.162507352005741,36848,202387,209230,6844,12
"chr20",38723969,38724515,0.0812376012402808,0.162475202480562,54472,94217,204537,110321,8
"chr16",80540656,80540683,-0.0812363452757358,0.162472690551472,34101,196693,207272,10580,9
"chr8",47960066,47960973,-0.081215419528402,0.162430839056804,81494,8135,23876,15742,15
"chr6",30907975,30908066,0.0812150120164316,0.162430024032863,72398,45455,46863,1409,14
"chr1",67054551,67054669,0.0811922957261692,0.162384591452338,3667,141798,145514,3717,9
"chr20",47501700,47501840,0.0811766942298235,0.162353388459647,54911,63097,72791,9695,12
"chr2",64654157,64654942,0.0811763266390834,0.162352653278167,48834,164548,288631,124084,6
"chr11",59755354,59755444,-0.0811738767438843,0.162347753487769,14689,5527,26634,21108,16
"chr1",110210037,110211382,-0.081139933364983,0.162279866729966,4460,31722,63092,31371,21
"chr1",224330128,224330232,-0.0811379694989367,0.162275938997873,8064,71499,95242,23744,15
"chr5",116085455,116085497,0.0811351897183501,0.1622703794367,69271,147489,151810,4322,14
"chr8",143597537,143597591,-0.0811296169612058,0.162259233922412,83184,59908,62052,2145,25
"chr8",33484669,33484675,-0.081123766134318,0.162247532268636,81180,177794,273543,95750,8
"chr2",53860415,53860604,-0.0811225206259198,0.16224504125184,48608,160291,240175,79885,12
"chr21",37073491,37074284,-0.0811215978822912,0.162243195764582,56175,193106,215452,22347,16
"chr6",32973013,32973024,-0.0811107337869678,0.162221467573936,72763,42475,42513,39,102
"chr9",88387985,88388480,0.0811001018931864,0.162200203786373,84562,61359,91180,29822,8
"chr6",13614670,13615338,0.0810885631716805,0.162177126343361,71739,87082,100465,13384,13
"chr10",133276863,133277493,-0.0810867106638816,0.162173421327763,12520,14775,28041,13267,10
"chr5",58582388,58582699,0.0810820203473508,0.162164040694702,68391,159508,165805,6298,14
"chr17",50373303,50373384,-0.0810727121791447,0.162145424358289,38206,57522,101215,43694,15
"chr7",24283254,24283509,0.081065838378642,0.162131676757284,76737,121345,213870,92526,9
"chr10",73252540,73252739,0.0810595706216154,0.162119141243231,10544,185907,187586,1680,18
"chr3",130892910,130893150,0.0810571898883073,0.162114379776615,62417,243007,259477,16471,18
"chr19",17511531,17511553,0.0810558989012512,0.162111797802502,43769,101884,129404,27521,11
"chr2",204545265,204545664,-0.0810489687983228,0.162097937596646,51691,154754,161724,6971,9
"chr7",151057951,151058156,-0.0810482850599575,0.162096570119915,79995,13037,20552,7516,36
"chr3",45146647,45146694,0.0810464774011552,0.16209295480231,60164,152822,163459,10638,6
"chr21",17792055,17792258,-0.0810330296958372,0.162066059391674,55749,238806,273670,34865,2
"chr1",35557553,35557813,0.0810312186005905,0.162062437201181,2373,139204,139571,368,20
"chr17",8186009,8186788,0.0810262212624091,0.162052442524818,35716,106556,121232,14677,9
"chr7",75070651,75070707,-0.0810212126275994,0.162042425255199,77767,289951,304833,14883,3
"chr8",1701869,1702006,0.0810185178306169,0.162037035661234,80335,121702,170704,49003,4
"chr11",43580870,43581415,0.0540092627792906,0.162027788337872,14148,44564,130832,86269,12
"chr14",66507333,66507445,0.0810007031853541,0.162001406370708,26035,95255,99680,4426,17
"chr19",40519432,40519751,0.0809937945244011,0.161987589048802,45053,77324,205470,128147,5
"chr16",67944313,67944542,-0.0809935740330637,0.161987148066127,33610,205068,206282,1215,10
"chr22",29306165,29307190,-0.0809779001956869,0.161955800391374,57482,202473,226524,24052,18
"chr3",4978046,4979000,-0.0809774010236959,0.161954802047392,59076,276510,286310,9801,20
"chr6",108847894,108847947,0.0809713579469261,0.161942715893852,74447,212857,262814,49958,9
"chr17",77404992,77405117,-0.0809640734379569,0.161928146875914,39476,259691,281852,22162,4
"chr11",85854432,85854887,0.0809566075159835,0.161913215031967,16463,166957,172225,5269,15
"chr17",49415164,49415430,0.0809408448654108,0.161881689730822,38103,73760,91820,18061,14
"chr14",67819703,67819791,-0.0809355134907221,0.161871026981444,26096,242898,295711,52814,4
"chr8",95269657,95269732,-0.080931035743977,0.161862071487954,82209,168330,182167,13838,12
"chr16",89921789,89921901,0.0809172596333299,0.16183451926666,34763,234166,246542,12377,10
"chr17",50373120,50373234,0.0809155186163952,0.16183103723279,38206,7162,11640,4479,15
"chr9",112379481,112379483,0.0808914450144914,0.161782890028983,85210,221956,223866,1911,10
"chr16",66959808,66960245,0.0808834056691672,0.161766811338334,33445,196004,199831,3828,3
"chr2",112837077,112837386,-0.0808672984694577,0.161734596938915,50017,122980,133668,10689,5
"chr8",143715759,143716374,0.0808516910028731,0.161703382005746,83212,70649,116718,46070,9
"chr3",179072203,179072991,-0.0808473786102741,0.161694757220548,63335,246323,262354,16032,17
"chr3",186362226,186362234,-0.0808404061547497,0.161680812309499,63669,92546,160636,68091,8
"chr15",25179952,25180342,-0.0808312413210856,0.161662482642171,27850,197851,210838,12988,5
"chr3",148991324,148991564,-0.0808178797726996,0.161635759545399,62823,23430,60676,37247,12
"chr10",102394393,102395528,-0.0808086630843154,0.161617326168631,11548,168617,173778,5162,26
"chr5",95823423,95823910,-0.0807917206349031,0.161583441269806,69005,155873,242470,86598,5
"chr19",40690619,40690672,-0.0807609153037188,0.161521830607438,45088,16064,22726,6663,15
"chr19",53787180,53787763,0.0807550984458346,0.161510196891669,46699,207550,208245,696,13
"chr16",50266496,50266581,-0.0807320410860072,0.161464082172014,32957,3962,112568,108607,8
"chr17",6120541,6120675,-0.0807218771624523,0.161443754324905,35369,83704,211584,127881,4
"chr16",4847920,4848225,0.0807199048509939,0.161439809701988,31640,198169,201200,3032,12
"chr11",5509083,5509314,-0.0807170122549065,0.161434024509813,13176,95217,289357,194141,2
"chr18",8367100,8367377,-0.0807006426688487,0.161401285337697,40385,54976,76984,22009,8
"chr4",1385902,1386231,-0.0806965496262206,0.161393099252441,64282,112191,163691,51501,3
"chr2",222300028,222300112,0.0806858020364911,0.161371604072982,52247,90634,144925,54292,8
"chr17",40772303,40772932,-0.0806774788671781,0.161354957734356,37216,203402,205021,1620,7
"chr12",120529212,120529262,0.0806763855661558,0.161352771132312,22202,180949,183368,2420,15
"chr1",200620995,200621346,0.0806576488230262,0.161315297646052,7084,126648,141693,15046,14
"chr12",49325753,49325911,0.0806557087262836,0.161311417452567,19610,187690,271284,83595,2
"chr6",144187434,144187548,-0.0806486627390095,0.161297325478019,75227,108746,172437,63692,6
"chr16",58559948,58561019,0.080644551259434,0.161289102518868,33356,205985,207540,1556,4
"chr2",12716718,12716844,-0.0806406751746687,0.161281350349337,47602,25476,27353,1878,20
"chr11",60184084,60184879,0.0806382644634835,0.161276528926967,14723,92164,116476,24313,7
"chr12",30794937,30795702,0.0806362221680856,0.161272444336171,19197,11272,14978,3707,10
"chr3",136194491,136194845,0.0806325768566174,0.161265153713235,62559,163483,166107,2625,26
"chr13",112331149,112331971,0.0806260295504236,0.161252059100847,24544,75010,75265,256,12
"chr20",20390895,20391076,-0.0806203209148376,0.161240641829675,53720,220431,277152,56722,2
"chr3",184134993,184135372,0.0806197150244985,0.161239430048997,63512,155557,159852,4296,17
"chr19",12945015,12945254,0.0806180875427071,0.161236175085414,43293,97894,116921,19028,11
"chr1",44674415,44674448,0.0806148308721078,0.161229661744216,2949,35819,59952,24134,16
"chr3",184185514,184186864,0.0806106171669329,0.161221234333866,63530,155547,157085,1539,12
"chr19",52095400,52095779,0.0806050772743804,0.161210154548761,46534,14196,15872,1677,10
"chr9",78235879,78236014,-0.0806044493558964,0.161208898711793,84449,68910,78299,9390,11
"chr16",72094001,72094847,0.0806026028541811,0.161205205708362,33915,193190,201828,8639,28
"chr12",113221049,113221348,0.0806014347403515,0.161202869480703,21936,89122,101518,12397,14
"chr1",47231910,47232404,0.0805782145548047,0.161156429109609,3155,255991,260971,4981,21
"chr2",46541805,46542092,0.080577022297416,0.161154044594832,48488,87563,124446,36884,11
"chr16",89815920,89815985,-0.0805759205937864,0.161151841187573,34741,129186,299461,170276,2
"chr12",6199859,6200351,0.0805722000846132,0.161144400169226,18271,182136,214585,32450,10
"chr1",155320823,155320850,-0.0805702146165072,0.161140429233014,5616,65397,82027,16631,11
"chr6",127459430,127460153,0.0805673961352511,0.161134792270502,74832,179728,231316,51589,5
"chr13",77696908,77698695,0.080565251666629,0.161130503333258,24043,225367,229512,4146,23
"chr16",83807808,83807811,0.0805609137724392,0.161121827544878,34234,235289,295669,60381,14
"chr2",88128042,88128308,-0.0805594425718111,0.161118885143622,49423,99004,100772,1769,10
"chr22",35539754,35540798,0.0805500575544699,0.16110011510894,57838,269126,271891,2766,14
"chr7",148940944,148941010,0.0805453458690212,0.161090691738042,79795,117204,126624,9421,6
"chr3",38024779,38025286,-0.0805160857292349,0.16103217145847,59876,146628,155922,9295,11
"chr9",137034901,137035396,0.0805062517295484,0.161012503459097,86669,224571,306856,82286,3
"chr12",69239272,69239429,0.0804994782602002,0.1609989565204,20863,89769,185096,95328,10
"chr12",92145845,92146037,-0.0804954118521586,0.160990823704317,21173,209172,247845,38674,19
"chr15",56733618,56733620,-0.0804941168329477,0.160988233665895,28964,10067,139861,129795,14
"chr20",2800792,2801039,-0.0804526407215511,0.160905281443102,53282,118737,202405,83669,13
"chr5",126423117,126423599,0.0804506806915952,0.16090136138319,69384,86037,96612,10576,12
"chr11",62393322,62393387,0.0804474538515296,0.160894907703059,14920,226279,239177,12899,2
"chr3",72100449,72100598,0.0804453601459798,0.16089072029196,61364,260260,276470,16211,10
"chr20",44884423,44885351,-0.0804407498455242,0.160881499691048,54685,98897,298686,199790,7
"chr6",44257713,44257748,0.0804393118921457,0.160878623784291,73556,179223,186309,7087,19
"chr6",147508777,147509036,0.0804176606756058,0.160835321351212,75275,182716,188992,6277,12
"chr1",100352304,100352894,0.0804015749866445,0.160803149973289,4231,159349,261605,102257,10
"chr11",73218122,73218262,0.0804006789960934,0.160801357992187,16073,169541,170481,941,12
"chr13",39038180,39038538,0.0803970500223914,0.160794100044783,23432,52144,73450,21307,20
"chr1",201399786,201399818,0.080392867137189,0.160785734274378,7145,5408,20404,14997,10
"chr1",45751615,45751915,-0.0803909983230585,0.160781996646117,3044,235053,243872,8820,12
"chr20",62816138,62816967,-0.0803782391919923,0.160756478383985,55453,198116,199082,967,37
"chr21",35049560,35049815,0.0803753516530088,0.160750703306018,56110,276831,311465,34635,8
"chr22",41285650,41286339,-0.0803736451433222,0.160747290286644,58358,15576,55117,39542,17
"chr3",197298992,197299225,0.0803480015608099,0.16069600312162,64083,153551,153633,83,28
"chr9",34729285,34729358,-0.0803439189431564,0.160687837886313,84054,124285,186206,61922,3
"chr17",7219806,7220234,-0.0803343622321647,0.160668724464329,35465,58278,58567,290,17
"chr16",1781698,1782655,0.0803326779244291,0.160665355848858,31085,140310,192950,52641,25
"chr3",149377496,149378242,0.0803171971634334,0.160634394326867,62844,90322,99723,9402,11
"chr4",156971237,156971606,-0.0803150142980069,0.160630028596014,66888,92456,108427,15972,15
"chr15",101652566,101652587,0.0803143461037445,0.160628692207489,30725,198974,204644,5671,8
"chr17",81126487,81126882,-0.0803014183084834,0.160602836616967,39877,295395,298051,2657,16
"chr13",30734372,30734895,0.0802858470028365,0.160571694005673,23275,198880,204629,5750,7
"chr19",43596230,43596278,0.0802821345473475,0.160564269094695,45389,52417,52981,565,19
"chr1",23751175,23751483,-0.0802813752435539,0.160562750487108,1603,13044,283219,270176,2
"chr18",35267676,35267678,0.0802738095729054,0.160547619145811,40779,310306,311343,1038,2
"chr6",151807336,151807402,0.0802632907464457,0.160526581492891,75401,44787,50932,6146,36
"chr2",11592779,11592954,-0.0802325350306233,0.160465070061247,47569,33014,113943,80930,3
"chr8",93740578,93741017,-0.0802248569181329,0.160449713836266,82151,182389,182722,334,22
"chr1",117294858,117295016,0.080212900408487,0.160425800816974,4763,127205,213214,86010,3
"chr14",77041118,77041191,-0.080210566691645,0.16042113338329,26539,196558,209394,12837,10
"chr4",71784371,71784447,-0.0801962406161653,0.160392481232331,65571,101721,240336,138616,2
"chr14",23969744,23969942,-0.0801940735277058,0.160388147055412,25108,71018,71512,495,2
"chr14",36582834,36583481,0.0801935667724717,0.160387133544943,25403,287858,289618,1761,14
"chr12",93568705,93568711,0.0801905079788341,0.160381015957668,21210,53029,207052,154024,2
"chr5",58490529,58490622,0.0801698897346738,0.160339779469348,68383,97838,112672,14835,5
"chr4",148443391,148443548,0.0801692795710653,0.160338559142131,66725,147217,163013,15797,4
"chr19",35868425,35868654,-0.0801688513301559,0.160337702660312,44566,24097,51925,27829,8
"chr20",46709483,46709688,0.080157945503149,0.160315891006298,54882,57452,63768,6317,9
"chr19",40613444,40613447,0.080149144436526,0.160298288873052,45079,123745,280324,156580,6
"chr13",51066179,51066812,0.0801471484336294,0.160294296867259,23765,93896,136491,42596,8
"chr15",76012376,76012463,0.080143027135446,0.160286054270892,29809,257411,263245,5835,7
"chr19",57167497,57168222,0.0801381916047743,0.160276383209549,47078,197348,200091,2744,10
"chr18",79989374,79989720,0.080123512292723,0.160247024585446,41480,90972,125091,34120,7
"chr8",66428306,66429071,0.0801166963928845,0.160233392785769,81760,90044,109622,19579,15
"chr16",66844907,66844968,0.0801024497201194,0.160204899440239,33421,10901,52894,41994,16
"chr7",120988059,120988820,0.0800987016192998,0.1601974032386,79012,121334,124484,3151,17
"chr2",191020499,191021036,-0.0800722865155524,0.160144573031105,51377,70208,128313,58106,7
"chr3",4493270,4493337,0.0800646493368288,0.160129298673658,59062,143105,144622,1518,14
"chr1",228457262,228457416,-0.080064042515151,0.160128085030302,8294,148477,150971,2495,18
"chr17",5116316,5116343,0.0800442156786399,0.16008843135728,35313,16553,17240,688,10
"chr7",26291638,26292423,-0.0800427705092404,0.160085541018481,76773,188642,249764,61123,10
"chr12",79936544,79936894,0.0800330704022035,0.160066140804407,21037,236384,250437,14054,2
"chr11",61791969,61792490,0.0800303424890128,0.160060684978026,14872,169465,171429,1965,24
"chr3",17742487,17743423,0.0800048360355527,0.160009672071105,59574,160085,164498,4414,15
"chr11",66256111,66256133,0.0799996185810074,0.159999237162015,15487,179410,271431,92022,2
"chr17",42760950,42761058,-0.0799898785043057,0.159979757008611,37517,57062,57119,58,13
"chr6",137220250,137220680,-0.0799711005395217,0.159942201079043,75070,252820,273405,20586,2
"chr19",23762401,23762839,0.0799659497853402,0.15993189957068,44189,195001,297765,102765,3
"chr14",31944880,31944892,-0.0799619136614604,0.159923827322921,25328,279098,287365,8268,4
"chr20",46027733,46027920,-0.079952686809684,0.159905373619368,54825,102246,207211,104966,2
"chr11",57515977,57515990,-0.0799504972707531,0.159900994541506,14567,46176,92908,46733,11
"chr3",171900467,171900776,0.0799320776618249,0.15986415532365,63270,239700,266811,27112,5
"chr2",74507633,74507927,0.0799301357220966,0.159860271444193,49178,86846,88935,2090,15
"chr19",1985892,1986014,0.079906161916846,0.159812323833692,41853,207120,295555,88436,4
"chr16",65571813,65571907,-0.0799038137579545,0.159807627515909,33375,233363,256222,22860,3
"chr19",15244393,15244752,0.0799024943812071,0.159804988762414,43523,79926,302794,222869,2
"chr6",90587633,90587797,-0.0798952726666565,0.159790545333313,74242,192093,192550,458,14
"chr17",41098175,41098187,-0.0798929535519419,0.159785907103884,37275,117086,199793,82708,3
"chr1",53061920,53062021,-0.0798874476518673,0.159774895303735,3311,10074,31663,21590,8
"chr2",202912064,202912114,-0.0798788897462071,0.159757779492414,51659,99116,104512,5397,11
"chr1",64691579,64692066,-0.0532518599859507,0.159755579957852,3605,158303,286162,127860,3
"chr5",147509973,147509975,0.0798363586292603,0.159672717258521,70231,23606,26297,2692,12
"chr1",9292604,9292693,-0.0798261844227352,0.15965236884547,707,30973,37973,7001,8
"chr20",35092996,35093068,-0.0798188028780609,0.159637605756122,54205,194849,298319,103471,12
"chr22",39521187,39521263,-0.0798103303777692,0.159620660755538,58225,194216,306181,111966,3
"chr4",121952026,121952368,0.0798102904986533,0.159620580997307,66415,163101,234736,71636,8
"chr16",30572400,30572532,-0.0798085577668706,0.159617115533741,32653,300038,309674,9637,25
"chr15",96327029,96327696,0.0798015545504656,0.159603109100931,30555,128396,219489,91094,10
"chr6",109441276,109441400,0.0798007570230257,0.159601514046051,74469,254286,257540,3255,10
"chr19",50376302,50376379,0.0797724706866288,0.159544941373258,46283,210603,211579,977,8
"chr7",94394245,94394557,0.0797541377822792,0.159508275564558,78129,9985,10273,289,12
"chr20",47413219,47413264,0.0797452949991071,0.159490589998214,54910,250613,263999,13387,3
"chr17",2401376,2402432,0.0797421282016707,0.159484256403341,35027,91827,122510,30684,17
"chr2",20666418,20666647,0.0797336908643737,0.159467381728747,47703,31129,34069,2941,12
"chr12",55728853,55730177,-0.0797289158140504,0.159457831628101,20259,41615,43353,1739,31
"chr11",86244630,86244767,0.0797261780488772,0.159452356097754,16469,171175,181329,10155,14
"chr17",36017958,36018512,0.0797250725363072,0.159450145072614,36841,203845,233379,29535,6
"chr11",9139216,9139591,0.0797132963991557,0.159426592798311,13451,215588,224387,8800,3
"chr8",113436769,113437258,-0.0796988573621518,0.159397714724304,82498,232383,287743,55361,16
"chr7",159144802,159145368,-0.079692145181274,0.159384290362548,80295,48986,50976,1991,5
"chr2",9422948,9424119,0.0796697671289542,0.159339534257908,47479,89747,99812,10066,18
"chr7",143885406,143885537,0.0796552217520418,0.159310443504084,79740,126198,171000,44803,11
"chr4",184009752,184009823,-0.0796549579716067,0.159309915943213,67185,161540,163134,1595,16
"chr17",50468936,50469070,0.0796408986583202,0.15928179731664,38218,10845,14863,4019,16
"chr9",16726146,16726862,0.0796272137385694,0.159254427477139,83743,185894,258714,72821,4
"chr2",30446997,30447149,0.0796220245092408,0.159244049018482,48121,29967,87661,57695,12
"chr12",113421622,113422450,0.0796179201098914,0.159235840219783,21963,256565,260782,4218,8
"chr8",109362334,109362637,0.0796171717204332,0.159234343440866,82461,133643,172422,38780,10
"chr20",20052448,20052826,0.0796130116261211,0.159226023252242,53707,140866,203418,62553,22
"chr1",78046029,78046172,0.0796042830642041,0.159208566128408,3838,31837,78996,47160,13
"chr17",7078801,7078826,-0.0795862953950894,0.159172590790179,35446,230021,292522,62502,2
"chr19",55179481,55180384,-0.0795851517894098,0.15917030357882,46881,210139,250970,40832,18
"chr12",7189578,7190175,0.0795811078619831,0.159162215723966,18465,109786,175545,65760,27
"chr6",7389565,7389850,-0.0795732559403389,0.159146511880678,71588,137632,137744,113,15
"chr12",76559988,76560015,0.0795562905158394,0.159112581031679,20998,41365,51345,9981,10
"chr22",30289914,30289977,-0.0795501670507229,0.159100334101446,57567,197823,236021,38199,9
"chr19",1885608,1885718,-0.0795472007162853,0.159094401432571,41837,249844,260693,10850,5
"chr13",114027864,114027869,0.0795322705009515,0.159064541001903,24729,288009,294181,6173,3
"chr17",48794346,48794901,-0.0795202815726962,0.159040563145392,38052,118919,195710,76792,7
"chr4",13544545,13545153,-0.0795128384837752,0.15902567696755,64729,15696,17973,2278,14
"chr18",24272363,24272369,0.0794836864555078,0.158967372911016,40645,105807,111346,5540,6
"chr2",55693929,55693990,0.0794755307664183,0.158951061532837,48678,158164,164544,6381,12
"chr1",94417913,94417990,0.0794691515315881,0.158938303063176,4132,37665,86888,49224,13
"chr17",28727229,28727497,0.0794629997294109,0.158925999458822,36456,58724,73044,14321,13
"chr16",30783358,30783946,-0.0794461267626938,0.158892253525388,32703,79090,139494,60405,3
"chr6",31462898,31463083,0.0794360350129873,0.158872070025975,72468,169353,172067,2715,10
"chr11",35662653,35663097,-0.052954151691744,0.158862455075232,14092,28265,46671,18407,10
"chr13",52129226,52129704,0.0794309777727612,0.158861955545522,23831,198147,226629,28483,19
"chr4",15963120,15963189,-0.0794260490289356,0.158852098057871,64782,99728,105466,5739,11
"chr1",1373781,1374097,0.0794247020246747,0.158849404049349,145,29938,159354,129417,2
"chr10",14837989,14838009,0.0794182810271608,0.158836562054322,9318,138385,140878,2494,16
"chr22",30246991,30246999,-0.0794130604367133,0.158826120873427,57559,278329,294130,15802,12
"chr9",124809965,124810222,-0.0794078457768905,0.158815691553781,85608,42190,46719,4530,4
"chr5",71455396,71455575,0.0794075099916897,0.158815019983379,68572,154545,162801,8257,8
"chr19",35665382,35665454,0.0793922647286131,0.158784529457226,44509,90649,192722,102074,5
"chr4",1986553,1986624,-0.0793791969181442,0.158758393836288,64331,157768,159260,1493,7
"chr2",240625207,240625235,0.0793656434933352,0.15873128698667,52917,224602,259599,34998,8
"chr1",1891533,1891940,0.0793625554485813,0.158725110897163,227,106577,140384,33808,12
"chr2",74472912,74472935,0.0793408980114126,0.158681796022825,49167,161986,164411,2426,13
"chr20",1186014,1186416,-0.0793336541722345,0.158667308344469,53184,229983,304920,74938,4
"chr22",28772147,28772284,0.0793143106056745,0.158628621211349,57441,271126,292744,21619,14
"chr10",3832930,3833283,-0.0793056144226712,0.158611228845342,8997,256545,257259,715,3
"chr17",3590269,3590324,0.0793031169387524,0.158606233877505,35095,116401,197870,81470,6
"chr1",15456663,15456695,-0.0793012089943333,0.158602417988667,1027,93082,126870,33789,2
"chr11",69704669,69705206,0.0792994059779022,0.158598811955804,15868,81790,88942,7153,15
"chr1",178093303,178094185,0.0792941326270633,0.158588265254127,6674,138904,141948,3045,17
"chr2",96305443,96305966,-0.0792895911208259,0.158579182241652,49518,92672,92741,70,12
"chr10",134643,134667,-0.0792830747747093,0.158566149549419,8866,248247,259881,11635,25
"chr19",36054731,36055389,0.0792616342400098,0.15852326848002,44601,203708,206651,2944,18
"chr3",71584045,71584135,0.0792544308027597,0.158508861605519,61353,65369,70831,5463,13
"chr10",102419721,102419727,-0.0792502158887944,0.158500431777589,11559,25060,26100,1041,24
"chr9",19033258,19033664,0.0792493443747016,0.158498688749403,83761,249435,261213,11779,10
"chr10",104315310,104315978,0.079245026481067,0.158490052962134,11730,40165,50798,10634,4
"chr8",115668409,115668966,0.0792301638643351,0.15846032772867,82505,46821,98108,51288,17
"chr6",27132336,27133052,0.079228807536891,0.158457615073782,72014,122672,129738,7067,14
"chr14",24335445,24336183,0.0792194548538276,0.158438909707655,25213,223640,230092,6453,13
"chr7",2518797,2519257,0.0791968009045307,0.158393601809061,76182,16480,178724,162245,7
"chr6",33271483,33271558,0.0791873115183752,0.15837462303675,72820,111852,115694,3843,39
"chr11",448822,448827,-0.079183318853538,0.158366637707076,12636,127190,132385,5196,2
"chr1",62688616,62688997,0.0791757685144419,0.158351537028884,3567,140695,143119,2425,7
"chr6",33116993,33117063,0.0791751640300355,0.158350328060071,72780,123203,124878,1676,12
"chr15",42208144,42208304,-0.0791730740997217,0.158346148199443,28469,76495,98289,21795,12
"chr3",47250675,47250736,0.0791722467050815,0.158344493410163,60321,155112,263295,108184,4
"chr5",179589564,179589621,0.0791653322665311,0.158330664533062,71207,265723,271557,5835,2
"chr1",1407415,1407750,-0.0791609325953614,0.158321865190723,156,91081,149623,58543,12
"chr19",35502077,35502691,0.0791562890012047,0.158312578002409,44470,258044,271925,13882,7
"chr19",3880546,3880616,0.0791513299102047,0.158302659820409,42147,211191,242013,30823,5
"chr5",15266562,15266825,-0.079149840266453,0.158299680532906,67767,222885,246162,23278,2
"chr3",173395601,173396678,-0.079149359803813,0.158298719607626,63293,140971,144362,3392,22
"chr12",88545786,88545814,0.0791432992579997,0.158286598515999,21124,177917,278623,100707,2
"chr16",1088344,1088415,0.0791265239007239,0.158253047801448,30945,73163,73936,774,4
"chr15",48811086,48811172,-0.0791180351056787,0.158236070211357,28742,198308,199523,1216,14
"chr11",108008675,108009211,-0.0791156985214476,0.158231397042895,16796,65535,89587,24053,13
"chr3",48633904,48634009,-0.0791032454584682,0.158206490916936,60449,163533,245428,81896,3
"chr18",31447695,31447922,-0.0790930836432008,0.158186167286402,40711,89890,206413,116524,6
"chr19",45815375,45815490,0.07908273522945,0.1581654704589,45679,57638,89246,31609,11
"chr16",30011900,30012753,0.0790806481340847,0.158161296268169,32569,54887,64844,9958,19
"chr6",32069120,32070268,-0.0790800030386123,0.158160006077225,72642,183879,183959,81,22
"chr6",127918466,127918583,-0.0790791818293833,0.158158363658767,74844,104799,236073,131275,2
"chr14",102974095,102974095,0.0790456855945905,0.158091371189181,27434,52986,80433,27448,2
"chr5",140346471,140346881,0.0790403678639988,0.158080735727998,69872,95015,139689,44675,4
"chr14",94130260,94130687,0.0790219723419417,0.158043944683883,26962,116330,195542,79213,13
"chr3",122976608,122976775,0.0790178056416836,0.158035611283367,62058,219496,274567,55072,3
"chr6",110180407,110180696,-0.0790169121092135,0.158033824218427,74503,89563,102826,13264,14
"chr14",52706842,52707003,0.0526741312423017,0.158022393726905,25642,252876,274386,21511,8
"chr17",49969297,49969434,0.0790003221880909,0.158000644376182,38142,105895,124815,18921,13
"chr3",171901827,171902093,0.0789903341055117,0.157980668211023,63271,221790,233676,11887,3
"chr3",49020610,49022238,0.0789842817624432,0.157968563524886,60504,97407,100351,2945,35
"chr2",176079025,176079545,0.0789842257865439,0.157968451573088,51060,148511,158997,10487,6
"chr3",42502038,42502568,0.0526455008166923,0.157936502450077,60027,31920,34683,2764,11
"chr5",100902951,100903318,0.0789659801267855,0.157931960253571,69091,17159,89083,71925,15
"chr1",179575938,179576323,0.0789610793491354,0.157922158698271,6723,35016,97767,62752,10
"chr3",138472913,138473058,-0.078939650081569,0.157879300163138,62620,249147,258300,9154,3
"chr1",116418509,116418564,0.0789126705900443,0.157825341180089,4718,166482,268764,102283,12
"chr3",101676084,101677648,0.0789055326470053,0.157811065294011,61606,258386,277770,19385,24
"chr14",67695860,67696369,0.0788994377749446,0.157798875549889,26082,55467,98663,43197,10
"chr17",42849927,42851335,-0.0788909941558163,0.157781988311633,37538,140248,192594,52347,11
"chr1",2412673,2412987,0.0788890615342018,0.157778123068404,313,29614,30462,849,24
"chr18",26226225,26226299,-0.0788858707801471,0.157771741560294,40665,198374,203514,5141,11
"chr16",66508221,66508298,-0.0788769937750265,0.157753987550053,33389,249640,265562,15923,3
"chr6",98834810,98835428,-0.0788767958584949,0.15775359171699,74288,42436,65366,22931,5
"chr2",178112254,178112354,-0.0788741768511793,0.157748353702359,51137,82533,119794,37262,5
"chr14",68793936,68794676,0.0788720111939379,0.157744022387876,26112,207195,207310,116,17
"chr17",9576348,9576648,0.0788694303734569,0.157738860746914,35811,298701,309591,10891,22
"chr2",230925180,230925272,0.0788519674945428,0.157703934989086,52434,106306,121090,14785,7
"chr3",50611838,50611867,0.0788502613048548,0.15770052260971,60740,24234,28001,3768,18
"chr5",151081054,151081604,-0.0788462284994469,0.157692456998894,70447,97834,120274,22441,15
"chr17",75667352,75667471,0.0788289015471311,0.157657803094262,39255,7341,22310,14970,12
"chr16",28974607,28974660,-0.0788240385608967,0.157648077121793,32480,57417,72642,15226,16
"chr19",56121473,56121500,-0.0788184033155486,0.157636806631097,47017,25412,62413,37002,12
"chr5",149141791,149141887,0.0788009036624267,0.157601807324853,70291,122959,130351,7393,16
"chr7",98281496,98281544,0.0787677255297177,0.157535451059435,78221,19008,19166,159,10
"chr8",109608197,109608305,-0.0787620980015424,0.157524196003085,82472,223724,264797,41074,2
"chr20",63706883,63709312,-0.0787617925422993,0.157523585084599,55592,86608,89817,3210,26
"chr2",96335073,96335186,-0.0787612477158715,0.157522495431743,49522,4580,93214,88635,8
"chr14",20683477,20684199,0.078757815222069,0.157515630444138,24832,195445,198906,3462,20
"chr12",106138713,106140089,0.0787435007481398,0.15748700149628,21512,75938,77957,2020,15
"chr9",109321678,109321725,0.0787339207460499,0.1574678414921,85128,214159,219068,4910,3
"chr13",46387683,46387736,0.0787316177382984,0.157463235476597,23627,200257,206612,6356,15
"chr10",72009369,72010070,0.0524819039683501,0.15744571190505,10480,180600,309190,128591,4
"chr16",2019393,2020205,0.0787186256833837,0.157437251366767,31145,197159,199917,2759,8
"chr1",172532800,172533282,0.0786950740705651,0.15739014814113,6540,149264,155659,6396,18
"chr1",34758450,34758463,0.0786875593412739,0.157375118682548,2317,158981,159889,909,4
"chr15",64911635,64911800,0.0786816121280747,0.157363224256149,29226,107417,203017,95601,9
"chr1",919444,919458,-0.078678937231775,0.15735787446355,10,159420,160887,1468,13
"chr2",64227963,64228081,0.078678543036047,0.157357086072094,48815,232642,233248,607,6
"chr2",96895480,96895992,-0.0786566293884089,0.157313258776818,49576,214713,247005,32293,6
"chr13",21670574,21670950,0.0786560401415154,0.157312080283031,23007,110409,197158,86750,21
"chr2",42369111,42369408,-0.0786530395348399,0.15730607906968,48383,248848,260733,11886,3
"chr14",71585935,71586441,0.0786481124271917,0.157296224854383,26224,251950,260469,8520,7
"chr1",211831066,211831440,0.0786471207871901,0.15729424157438,7784,143290,147196,3907,19
"chr12",123616666,123616745,-0.0786301961295175,0.157260392259035,22492,225640,257546,31907,3
"chr1",219928386,219928678,-0.0786301874637814,0.157260374927563,7927,26367,67920,41554,18
"chr2",189783427,189783843,-0.0786178962500247,0.157235792500049,51330,255903,260459,4557,21
"chr6",36678109,36678763,0.0524109183393796,0.157232755018139,73066,78100,86477,8378,16
"chr18",65749903,65750149,0.0786143739151387,0.157228747830277,41289,122644,212130,89487,9
"chr12",65602675,65602735,-0.0785964292075137,0.157192858415027,20759,254990,276300,21311,5
"chr1",165445346,165445374,0.0785918274500793,0.157183654900159,6299,15913,94268,78356,15
"chr10",100987347,100987418,0.078572573326745,0.15714514665349,11438,138676,172150,33475,25
"chr4",1655229,1655465,-0.0785607703733711,0.157121540746742,64288,36570,39309,2740,5
"chr2",219254457,219254517,0.0785411615039536,0.157082323007907,52153,39296,98124,58829,16
"chr17",7674953,7675180,-0.0785325308700366,0.157065061740073,35601,312264,312268,5,179
"chr5",77086556,77087449,0.0785239521888293,0.157047904377659,68717,155840,157425,1586,15
"chr1",155688423,155688640,0.0785218705758419,0.157043741151684,5635,72135,79587,7453,13
"chr3",139344373,139344405,0.0785196704072743,0.157039340814549,62657,140832,150197,9366,13
"chr11",60906695,60906799,0.0785145022864792,0.157029004572958,14771,180417,185581,5165,10
"chr14",22835944,22836376,0.0785098474879147,0.157019694975829,24961,112790,121770,8981,11
"chr1",237784115,237784135,-0.0784996758273762,0.156999351654752,8576,145603,164056,18454,4
"chr19",39032518,39032525,0.0784926370875869,0.156985274175174,44858,913,5036,4124,9
"chr9",137459509,137459591,0.0784898132480608,0.156979626496122,86776,177680,177824,145,5
"chr13",95433489,95433498,0.0784712235161523,0.156942447032305,24159,257571,269175,11605,16
"chr15",62822698,62823928,-0.0784653095337333,0.156930619067467,29119,205280,206961,1682,9
"chr3",187745506,187745795,0.0784362196338202,0.15687243926764,63764,154068,163444,9377,13
"chr7",44490815,44491065,-0.0784300038760815,0.156860007752163,77239,126230,167596,41367,12
"chr6",106629599,106630799,0.0784214911432508,0.156842982286502,74385,98146,111671,13526,15
"chr8",80874714,80874845,0.0784158845180279,0.156831769036056,81999,266226,288517,22292,10
"chr16",3672762,3672778,-0.0784114077630989,0.156822815526198,31501,123606,134338,10733,2
"chr1",109076188,109076198,-0.0784104497834285,0.156820899566857,4318,32659,34474,1816,8
"chr7",140603747,140603828,-0.0784021645514402,0.15680432910288,79579,230022,266793,36772,3
"chr4",83010560,83011017,-0.0783966486745676,0.156793297349135,65820,34090,89749,55660,12
"chr5",140174722,140174930,0.0783963589250072,0.156792717850014,69867,124176,141495,17320,13
"chr12",7109374,7109717,-0.0783588425106341,0.156717685021268,18454,88256,123436,35181,10
"chr16",3305384,3305547,0.0783578304867385,0.156715660973477,31450,117680,120364,2685,20
"chr7",193229,193580,-0.0783537981400704,0.156707596280141,75956,46773,110211,63439,5
"chr16",22007406,22007427,0.0783534816589047,0.156706963317809,32191,83648,102199,18552,7
"chr9",137462023,137462305,0.078349285329439,0.156698570658878,86778,116087,184755,68669,2
"chr7",16646021,16647146,0.0783440283887726,0.156688056777545,76590,92528,167736,75209,21
"chr21",36134376,36134882,0.0783210200371202,0.15664204007424,56132,232777,251526,18750,10
"chr17",7650057,7650681,0.0783149580935158,0.156629916187032,35594,217186,229044,11859,16
"chr11",8785247,8785338,-0.0783030925207538,0.156606185041508,13421,65020,255700,190681,3
"chr6",32109307,32109320,-0.0783023940545779,0.156604788109156,72651,138534,138699,166,6
"chr4",151409063,151409240,0.0782911078801472,0.156582215760294,66762,162410,163139,730,8
"chr9",114931390,114931975,0.078272140104798,0.156544280209596,85328,131625,219422,87798,3
"chr17",59220261,59220396,0.0782556107318284,0.156511221463657,38540,204430,209149,4720,14
"chr15",36579219,36579648,0.0782534580907751,0.15650691618155,28152,131255,216799,85545,12
"chr15",39579985,39581057,-0.0782456328430143,0.156491265686029,28188,138412,192604,54193,21
"chr18",12254121,12254149,0.0782454784722289,0.156490956944458,40478,105762,108016,2255,19
"chr5",40678916,40679353,0.0782370811499709,0.156474162299942,68111,253173,278462,25290,16
"chr2",218399251,218399554,-0.078235255268369,0.156470510536738,52034,144687,144830,144,27
"chr17",9644803,9645581,0.078228893724504,0.156457787449008,35814,83723,201204,117482,14
"chr15",90932648,90932688,0.0782260220865132,0.156452044173026,30452,75682,77685,2004,7
"chr7",29145929,29146223,0.078220032035048,0.156440064070096,76876,217720,227649,9930,16
"chr7",129434238,129434487,0.0781968833759117,0.156393766751823,79250,171769,185037,13269,8
"chr18",5630349,5630952,0.0781894969779575,0.156378993955915,40336,195562,198444,2883,18
"chr7",156640975,156641953,-0.0781861848238439,0.156372369647688,80208,175350,176014,665,16
"chr9",93952765,93952974,0.0781851439909598,0.15637028798192,84733,42728,131760,89033,2
"chr2",42047470,42047479,0.0781812900117195,0.156362580023439,48369,30870,35378,4509,6
"chr1",100132822,100133469,0.0781745690148642,0.156349138029728,4215,94713,141565,46853,12
"chr1",231161871,231161991,0.0781724262721884,0.156344852544377,8398,131773,141373,9601,18
"chr4",54229042,54229279,0.0781694969633528,0.156338993926706,65301,140379,142397,2019,7
"chr6",49550366,49550862,0.0781646553817153,0.156329310763431,73675,71664,87335,15672,15
"chr11",14973301,14973341,0.0781519991728326,0.156303998345665,13632,185972,186522,551,35
"chr4",2262109,2262305,0.078146686329919,0.156293372659838,64355,87260,140816,53557,12
"chr1",246565916,246566270,-0.078140457217145,0.15628091443429,8729,156377,165086,8710,14
"chr5",140841146,140841772,0.0781401613927937,0.156280322785587,69940,111655,117667,6013,10
"chr20",32819532,32819731,0.0781390085674542,0.156278017134908,54054,113274,198106,84833,10
"chr12",19439966,19440522,-0.0781304328592977,0.156260865718595,18970,9859,19330,9472,11
"chr14",23071526,23071683,0.0781223481266319,0.156244696253264,25016,194159,194434,276,9
"chr6",109978282,109979370,0.0781184527996433,0.156236905599287,74499,4731,10520,5790,9
"chr10",18260562,18261300,-0.0781157614037357,0.156231522807471,9406,233566,238125,4560,14
"chr13",27424301,27424881,-0.0781069117487217,0.156213823497443,23143,287408,300409,13002,9
"chr6",36139875,36140335,-0.0781035975846364,0.156207195169273,73025,279715,300539,20825,5
"chr9",34458854,34458893,0.0781008776848108,0.156201755369622,84014,191248,240428,49181,10
"chr22",28742073,28742279,-0.0780895385748143,0.156179077149629,57439,93339,140108,46770,14
"chr9",19229620,19229815,0.078087847986856,0.156175695973712,83774,125288,234356,109069,5
"chr15",56701032,56701175,0.0780721914964652,0.15614438299293,28963,253095,263182,10088,2
"chr3",57078929,57079982,0.0780624717010625,0.156124943402125,61068,107456,126435,18980,11
"chr1",12061984,12062117,0.0780456049808213,0.156091209961643,926,255115,310886,55772,3
"chr12",110467779,110469372,0.0520198073391407,0.156059422017422,21760,114274,138160,23887,26
"chr16",30657799,30658269,0.0780232035353746,0.156046407070749,32669,232523,234666,2144,7
"chr2",170816476,170816600,-0.0780225195189043,0.156045039037809,50908,34380,61669,27290,9
"chr17",441226,441712,-0.078012512531774,0.156025025063548,34816,134597,197746,63150,13
"chr3",197949905,197950784,-0.0779945478144582,0.155989095628916,64123,166060,233350,67291,13
"chr2",61017204,61017735,0.0779681075124186,0.155936215024837,48733,114801,115841,1041,30
"chr15",89362046,89362073,0.0779674537532119,0.155934907506424,30309,124695,208167,83473,9
"chr12",132329424,132329853,0.0779639809372309,0.155927961874462,22801,13550,44585,31036,10
"chr13",39038239,39038481,-0.0779636788357814,0.155927357671563,23432,211459,242327,30869,20
"chr3",155079520,155080290,0.0779619193610711,0.155923838722142,62984,108807,114026,5220,19
"chr1",28436784,28436974,0.0779389921421736,0.155877984284347,1992,239678,311253,71576,2
"chr12",121839533,121839945,0.0779323311502291,0.155864662300458,22321,178764,296154,117391,3
"chr17",79730979,79731180,-0.0779286090375519,0.155857218075104,39683,55958,72424,16467,4
"chr1",233613484,233613911,0.0779280317621973,0.155856063524395,8465,223430,264295,40866,11
"chr8",120445357,120445695,-0.0779247683732151,0.15584953674643,82590,61295,93379,32085,17
"chr8",74314913,74315329,-0.0779187172020091,0.155837434404018,81914,128021,172006,43986,5
"chr19",50803817,50803891,0.0778999728156517,0.155799945631303,46358,57043,220776,163734,3
"chr5",34043376,34044622,-0.0778506943590459,0.155701388718092,67944,109246,122948,13703,12
"chr2",201642838,201643057,0.0778457020065513,0.155691404013103,51605,160362,165516,5155,19
"chr5",115816723,115817088,0.0778257091680306,0.155651418336061,69264,81829,94808,12980,14
"chr14",100986660,100986662,-0.0778140266134058,0.155628053226812,27293,281311,288432,7122,6
"chr1",153357724,153358282,0.0778124103141358,0.155624820628272,5323,33443,90806,57364,13
"chr4",74038958,74039048,0.0778103158677938,0.155620631735588,65629,161469,163039,1571,7
"chr12",123268304,123268406,0.0777981668524333,0.155596333704867,22457,258983,266149,7167,7
"chr8",17026688,17026755,-0.0777953433343667,0.155590686668733,80622,127819,173282,45464,11
"chr11",68459832,68460344,-0.0777672776600515,0.155534555320103,15797,80905,91936,11032,11
"chr17",76391318,76391400,0.0777666623788282,0.155533324757656,39390,200916,208413,7498,7
"chr5",141638108,141638230,-0.0777541381008211,0.155508276201642,70099,155746,164194,8449,16
"chr1",162023752,162024340,-0.0777538961027814,0.155507792205563,6227,95823,141270,45448,16
"chr3",38953629,38953708,-0.0777482525012438,0.155496505002488,59932,244778,247204,2427,2
"chr3",44975845,44976348,-0.0777413203737576,0.155482640747515,60152,141943,146481,4539,19
"chr16",84368552,84368554,-0.0777389942380265,0.155477988476053,34296,9393,118599,109207,9
"chr7",14842010,14842405,-0.0777386210690054,0.155477242138011,76567,256766,263482,6717,5
"chr2",178450927,178450933,0.0777380693161108,0.155476138632222,51154,65006,65452,447,28
"chr6",32148876,32149156,-0.0777331907629929,0.155466381525986,72661,47147,48432,1286,25
"chr15",45433017,45433025,0.0777178133083506,0.155435626616701,28686,236499,241330,4832,7
"chr1",178871002,178871163,-0.0777005362827579,0.155401072565516,6692,98879,145942,47064,4
"chr5",115180131,115180522,0.0777002332538691,0.155400466507738,69247,146817,155049,8233,17
"chr1",91022308,91022338,-0.0776909539107765,0.155381907821553,4036,239373,254846,15474,19
"chr17",8124142,8124184,0.0776832094013831,0.155366418802766,35700,75131,76449,1319,9
"chr20",5470378,5471254,-0.077676509055217,0.155353018110434,53455,203583,204484,902,11
"chr10",35090302,35090759,-0.0776688367664856,0.155337673532971,9727,78143,94311,16169,12
"chr17",6637820,6638274,0.077666259001811,0.155332518003622,35394,19507,288046,268540,2
"chr12",52022753,52022816,0.0776588037760316,0.155317607552063,19844,103125,104574,1450,8
"chr4",56434912,56435187,0.0776423933588845,0.155284786717769,65395,136942,139318,2377,5
"chr14",75002433,75002439,0.0776344001039176,0.155268800207835,26426,126963,132790,5828,13
"chr15",39782812,39782853,0.0776221749283509,0.155244349856702,28199,54523,58247,3725,18
"chr1",19312221,19312671,-0.0776221327337404,0.155244265467481,1303,15588,29688,14101,9
"chr22",19524561,19525653,0.0775965510245704,0.155193102049141,56922,210768,295571,84804,15
"chr5",154938107,154938326,-0.0775896885447277,0.155179377089455,70553,32388,33710,1323,9
"chr6",125918901,125919131,0.0775848063106714,0.155169612621343,74810,269844,273148,3305,7
"chr2",130755388,130756151,0.0775842852213769,0.155168570442754,50339,29399,39763,10365,23
"chr8",143829312,143829574,-0.0775750426042736,0.155150085208547,83242,11834,44163,32330,11
"chr7",150800241,150800650,0.077567350811228,0.155134701622456,79951,111757,138348,26592,20
"chr19",35719790,35720011,-0.0775613966627491,0.155122793325498,44522,194484,204143,9660,3
"chr5",132866477,132867335,-0.077555721302733,0.155111442605466,69541,258150,265031,6882,31
"chr15",34338013,34338155,-0.0775479682652563,0.155095936530513,28114,60842,74780,13939,20
"chr15",43370941,43371159,0.0775347905862377,0.155069581172475,28548,21840,22001,162,15
"chr17",45410467,45410560,-0.0775220737701497,0.155044147540299,37851,235476,261474,25999,4
"chr5",102498658,102499479,-0.077514187264725,0.15502837452945,69095,254918,265269,10352,12
"chr12",52291566,52291640,0.0775133647958432,0.155026729591686,19873,255081,260448,5368,4
"chr3",101849344,101849351,-0.0775080573031908,0.155016114606382,61625,40027,151644,111618,14
"chr15",50424125,50424628,-0.0775064187280627,0.155012837456125,28788,99005,292240,193236,7
"chr7",83642058,83642338,-0.0775051750922615,0.155010350184523,77940,247319,269031,21713,2
"chr21",39313703,39313713,-0.0774904364327891,0.154980872865578,56254,60129,60181,53,15
"chr14",61697476,61697866,0.0774902682482864,0.154980536496573,25873,237082,240209,3128,4
"chr6",30556560,30556667,-0.0774647968154203,0.154929593630841,72319,235194,275643,40450,67
"chr3",149086690,149086933,-0.0774617285126209,0.154923457025242,62830,143974,146422,2449,31
"chr19",17267153,17267168,-0.0774608963284439,0.154921792656888,43720,204737,206206,1470,13
"chr19",47778353,47778501,0.0774607478154202,0.15492149563084,45894,96758,105336,8579,12
"chr20",34280653,34280825,-0.0774483416054755,0.154896683210951,54147,195328,312511,117184,2
"chr4",40055925,40057390,0.0774430471027309,0.154886094205462,65072,31658,31991,334,18
"chr5",37249990,37250140,0.0774325129194433,0.154865025838887,68024,162809,228385,65577,6
"chr1",156193853,156194220,0.0774183744937017,0.154836748987403,5703,81095,99088,17994,11
"chr7",130441074,130441242,0.0774172650192478,0.154834530038496,79307,20466,43362,22897,15
"chr20",10218562,10218888,0.0774117850992733,0.154823570198547,53546,91571,94521,2951,13
"chr14",56117767,56118156,0.0773959344720603,0.154791868944121,25722,112166,209943,97778,8
"chr20",45909972,45910036,0.0773803126807459,0.154760625361492,54803,194359,199417,5059,5
"chr1",37860393,37860656,0.0773769242242253,0.154753848448451,2526,166229,214808,48580,8
"chr2",176129909,176130828,0.0773705728554821,0.154741145710964,51078,106211,119405,13195,23
"chr6",139374259,139374730,0.0773704072257234,0.154740814451447,75154,48483,49843,1361,23
"chr12",13096054,13096195,0.0773673834046701,0.15473476680934,18826,168243,239933,71691,5
"chr18",11752090,11752100,0.0773622863611556,0.154724572722311,40459,16004,24388,8385,6
"chr18",28177238,28178466,0.0773598530673593,0.154719706134719,40690,197443,207606,10164,11
"chr11",842140,842945,-0.0773459203882682,0.154691840776536,12738,78652,289360,210709,13
"chr19",12836420,12836721,0.0773409255277264,0.154681851055453,43262,289813,295898,6086,14
"chr20",49935445,49935455,0.0773363323481127,0.154672664696225,54991,135283,207304,72022,2
"chr4",76251098,76251135,0.0773331610396425,0.154666322079285,65703,243410,258935,15526,11
"chr6",42959545,42960732,-0.0773252529075053,0.154650505815011,73371,186934,189174,2241,28
"chr17",74356758,74357122,0.0773233851211077,0.154646770242215,39069,2626,8999,6374,9
"chr16",67846443,67847612,-0.077322852743697,0.154645705487394,33587,65094,65177,84,15
"chr19",17871950,17872436,0.0773226814288022,0.154645362857604,43837,51352,51957,606,10
"chr9",2844307,2844394,0.0773183156987341,0.154636631397468,83519,174165,183629,9465,9
"chr6",33206391,33208027,0.0773125208118014,0.154625041623603,72807,171644,174144,2501,29
"chr7",946083,946148,0.077312487803731,0.154624975607462,76026,40273,41781,1509,7
"chr19",2251838,2252433,0.0773048658473576,0.154609731694715,41900,18694,55997,37304,8
"chr6",10722795,10723025,-0.0772871990672484,0.154574398134497,71655,48592,168873,120282,10
"chr7",155456833,155457248,0.0772822990153736,0.154564598030747,80167,181980,275011,93032,11
"chr16",76452,77773,-0.0772817344649219,0.154563468929844,30744,59059,83370,24312,15
"chr17",8435504,8435523,0.0772794662701518,0.154558932540304,35763,104070,204187,100118,11
"chr16",88651220,88651347,0.0772783761758116,0.154556752351623,34522,53177,86403,33227,12
"chr19",13839143,13839799,-0.0772763501895863,0.154552700379173,43362,80731,307744,227014,4
"chr17",74430701,74432251,0.0772746014841706,0.154549202968341,39075,297321,299158,1838,20
"chr11",106022449,106022966,0.0772722231016506,0.154544446203301,16767,221699,227826,6128,17
"chr7",2718758,2719429,0.0772689380908725,0.154537876181745,76222,44789,45270,482,8
"chr5",177312171,177312546,-0.0772557820641619,0.154511564128324,71054,161253,162555,1303,13
"chr1",1308440,1309206,-0.0772521381694954,0.154504276338991,119,66217,70561,4345,24
"chr3",36992663,36993349,-0.0772370901670888,0.154474180334178,59816,89350,90036,687,42
"chr11",17208159,17208184,-0.0772290401397874,0.154458080279575,13682,187330,275525,88196,8
"chr11",45771379,45771413,0.0772282611509526,0.154456522301905,14226,189110,203092,13983,7
"chr19",18866596,18867005,0.0772278471706934,0.154455694341387,43988,122356,198703,76348,2
"chr2",70086640,70087287,0.0772048540942533,0.154409708188507,48963,162088,234430,72343,19
"chr10",71395956,71396670,-0.0771987141231831,0.154397428246366,10436,187564,242476,54913,7
"chr16",1339570,1339573,-0.0771921551995089,0.154384310399018,30974,285992,291297,5306,2
"chr3",133573194,133574597,0.0771915799367492,0.154383159873498,62487,213688,215131,1444,23
"chr11",7088212,7088575,0.077191342285982,0.154382684571964,13325,271051,310903,39853,10
"chr12",62192787,62192874,0.0771861593805486,0.154372318761097,20670,113317,114426,1110,18
"chr14",59464392,59465532,-0.0771772643451558,0.154354528690312,25797,211486,214556,3071,13
"chr20",45913106,45913268,0.0771118813219698,0.15422376264394,54805,247899,271380,23482,4
"chr11",20387387,20387394,0.0771097821574272,0.154219564314854,13837,174725,176544,1820,15
"chr15",64151693,64151771,-0.0770900669614954,0.154180133922991,29192,76552,76871,320,10
"chr8",144614642,144614653,0.0770788487463358,0.154157697492672,83432,179158,190934,11777,3
"chr13",36818643,36819017,0.0770728735102319,0.154145747020464,23393,132990,207261,74272,15
"chr1",179877851,179878024,0.0770615454869929,0.154123090973986,6736,148315,150837,2523,14
"chr4",170090113,170090476,-0.0770527506280075,0.154105501256015,67045,97845,106197,8353,15
"chr5",1524450,1524825,-0.0770526900065983,0.154105380013197,67535,151245,239162,87918,8
"chr1",24112585,24112797,0.0770451548782642,0.154090309756528,1648,113775,137163,23389,7
"chr1",28328837,28329128,0.0770429992418153,0.154085998483631,1988,99136,121450,22315,12
"chr17",44070315,44070664,0.0770389587592344,0.154077917518469,37670,112781,122348,9568,15
"chr2",201232370,201232450,0.0770369045234692,0.154073809046938,51586,112540,117685,5146,7
"chr17",1830151,1830688,0.0770340920492444,0.154068184098489,34971,122604,194609,72006,10
"chr7",144410416,144410962,-0.0770318000687777,0.154063600137555,79759,272805,278442,5638,6
"chr12",110613709,110614331,0.0770253172911785,0.154050634582357,21770,186830,195485,8656,13
"chr6",29612563,29612583,0.0770249407226946,0.154049881445389,72198,169627,174648,5022,4
"chr12",53379538,53379998,0.0770197243715105,0.154039448743021,20053,188087,191538,3452,12
"chr7",100119437,100119557,0.0770122349774232,0.154024469954846,78383,183461,190320,6860,25
"chr12",132610499,132610516,0.0769943465802304,0.153988693160461,22816,233587,276170,42584,7
"chr11",19350465,19350735,0.0769941714601103,0.153988342920221,13815,114393,121041,6649,5
"chr15",92899487,92899738,0.076972117652395,0.15394423530479,30511,236448,267464,31017,6
"chr2",38665094,38665704,0.0769219004350013,0.153843800870003,48304,166327,263798,97472,11
"chr6",167122558,167123033,-0.0769172641749549,0.15383452834991,75790,87332,90710,3379,8
"chr2",9474399,9474593,0.0769122567519383,0.153824513503877,47484,152333,153578,1246,15
"chr21",25561242,25561538,-0.0769095479167073,0.153819095833415,55788,201927,216133,14207,7
"chr17",17237283,17237459,-0.0768950279461571,0.153790055892314,36083,90987,119196,28210,12
"chr15",65045172,65045579,-0.0768898894272874,0.153779778854575,29236,125554,202719,77166,7
"chr5",176528104,176529343,0.0768806111051203,0.153761222210241,70985,14687,22372,7686,11
"chr6",107028047,107028086,-0.0768747576445217,0.153749515289043,74399,49062,92936,43875,10
"chr6",78867290,78867352,0.0768730760785952,0.15374615215719,74038,181837,182550,714,10
"chr1",119711949,119711996,0.0768693183970579,0.153738636794116,4817,131478,142146,10669,11
"chr4",5888697,5889024,0.07686419436376,0.15372838872752,64515,110508,145435,34928,18
"chr2",241701434,241701438,0.0768571667787969,0.153714333557594,53052,150214,272008,121795,8
"chr4",3508956,3508996,0.0768569021933667,0.153713804386733,64462,30084,34741,4658,4
"chr12",112937756,112938156,0.0768482115292984,0.153696423058597,21894,219508,226088,6581,10
"chr17",39980485,39980564,-0.0768416576934113,0.153683315386823,37120,57871,97173,39303,17
"chr13",109785941,109786588,-0.0768384992310867,0.153676998462173,24442,27073,51894,24822,15
"chr11",18321874,18322690,-0.0768382803837004,0.153676560767401,13757,102202,103510,1309,17
"chr1",18064768,18064796,0.0768369063111093,0.153673812622219,1232,237739,245731,7993,2
"chr14",60980863,60981563,0.0768122157263856,0.153624431452771,25853,197401,198252,852,17
"chr3",35679502,35679545,-0.0767568096585816,0.153513619317163,59788,144253,152972,8720,14
"chr4",106316834,106317007,0.0767566477450838,0.153513295490168,66147,165949,218106,52158,21
"chr5",151771762,151772593,-0.0767494204553869,0.153498840910774,70496,244984,260703,15720,28
"chr11",15114665,15114799,-0.076738687244627,0.153477374489254,13640,126767,130432,3666,12
"chr17",81228172,81228427,0.07673681493526,0.15347362987052,39892,130063,133765,3703,9
"chr3",21751917,21752269,-0.0767344031998533,0.153468806399707,59610,235591,276922,41332,11
"chr1",28887163,28887178,0.0767284520321313,0.153456904064263,2033,20259,23456,3198,10
"chr6",116571020,116571211,0.0767242946341403,0.153448589268281,74660,178585,191549,12965,13
"chr20",63707083,63709318,-0.0767194905767091,0.153438981153418,55592,216759,221496,4738,26
"chr19",49556680,49556689,-0.0767177260026978,0.153435452005396,46167,8934,10759,1826,3
"chr21",33554740,33555010,0.0767118722344074,0.153423744468815,56047,126405,283461,157057,3
"chr21",33641889,33642433,-0.0767053567204051,0.15341071344081,56055,61325,73457,12133,18
"chr16",2980655,2980952,-0.0767004417793728,0.153400883558746,31371,208143,257705,49563,8
"chr9",96566940,96566945,0.0766990614870834,0.153398122974167,84842,63465,67661,4197,13
"chr14",101046255,101046700,-0.0766917249924468,0.153383449984894,27308,54515,112543,58029,17
"chr5",172042425,172042656,-0.0766816041011225,0.153363208202245,70843,162854,290216,127363,2
"chr6",30071221,30071250,0.076669960059081,0.153339920118162,72261,15788,16807,1020,31
"chr1",66923838,66924015,-0.076667440432952,0.153334880865904,3661,163778,216194,52417,17
"chr6",17987426,17987472,-0.0766597022995855,0.153319404599171,71800,23901,66420,42520,4
"chr2",64989161,64989346,-0.0766546210053457,0.153309242010691,48840,11229,71295,60067,4
"chr2",169362509,169362720,0.0766543809720422,0.153308761944084,50867,93895,141021,47127,12
"chr8",132059796,132060418,-0.0766336373264454,0.153267274652891,82813,167245,169604,2360,6
"chr1",6603704,6603748,-0.0766219401478746,0.153243880295749,591,118407,123648,5242,17
"chr19",41363783,41364735,0.0766137236734831,0.153227447346966,45156,205090,206408,1319,20
"chr16",55323341,55323930,0.0766010895079423,0.153202179015885,33078,207950,218868,10919,14
"chr18",46333028,46333792,-0.0765954593301647,0.153190918660329,40895,73784,123724,49941,12
"chr1",11761926,11762096,0.0765949715702509,0.153189943140502,881,78298,117300,39003,8
"chr1",64743792,64745054,0.0765912277260406,0.153182455452081,3606,11289,155807,144519,7
"chr2",239401418,239402525,0.0765862123336095,0.153172424667219,52848,124263,127787,3525,21
"chr7",37449375,37449388,-0.0765742589777313,0.153148517955463,77077,259033,259624,592,18
"chr2",219514322,219514369,-0.0765649061746705,0.153129812349341,52199,4832,7110,2279,13
"chr9",133554629,133554638,0.0765631358107998,0.1531262716216,86306,185450,302500,117051,5
"chr1",110071311,110071828,-0.076557261987967,0.153114523975934,4446,86049,87970,1922,8
"chr2",71466655,71466886,-0.0765568671086701,0.15311373421734,49031,141483,150895,9413,13
"chr12",42238327,42238534,0.0765558720205464,0.153111744041093,19320,68045,78719,10675,13
"chr1",3412315,3412432,-0.0765469487664522,0.153093897532904,378,106319,159314,52996,4
"chr7",520038,520103,-0.0765386083240199,0.15307721664804,75972,12915,41715,28801,8
"chr19",49581147,49581158,-0.0765384084459392,0.153076816891878,46168,67899,69709,1811,14
"chr8",42207726,42208223,0.0765307021163337,0.153061404232667,81414,168181,172847,4667,9
"chr16",3235272,3235403,0.0765304695915865,0.153060939183173,31436,75508,88936,13429,11
"chr2",27356174,27357159,0.0765278549391519,0.153055709878304,47987,147752,156163,8412,16
"chr3",169821987,169822509,-0.0765230960967849,0.15304619219357,63209,147513,156787,9275,4
"chr12",9116389,9117113,-0.0765189727154673,0.153037945430935,18585,229575,236471,6897,10
"chr16",89817629,89818031,0.0765152257227782,0.153030451445556,34743,119000,263525,144526,6
"chr1",25338389,25338983,-0.0765078171721607,0.153015634344321,1709,138399,154815,16417,6
"chr18",9333976,9334051,0.076485391134035,0.15297078226807,40409,99479,114020,14542,10
"chr11",34438635,34438751,0.0764834386166017,0.152966877233203,14050,4683,7100,2418,11
"chr17",68290157,68290230,0.0764760204481295,0.152952040896259,38902,206361,207933,1573,15
"chr17",39666527,39667985,0.0764751725378702,0.15295034507574,37061,203294,293616,90323,13
"chr1",228274285,228274372,0.0764718658029636,0.152943731605927,8253,145210,286902,141693,4
"chr6",26155168,26158087,-0.0764672772342685,0.152934554468537,71959,237316,254090,16775,20
"chr8",38230983,38231977,0.0764494662946734,0.152898932589347,81264,184703,185292,590,20
"chr5",76623417,76623463,0.0764474163278789,0.152894832655758,68692,130076,143815,13740,7
"chr1",34792993,34793016,0.0764407524288717,0.152881504857743,2323,11804,37998,26195,7
"chr2",64524948,64525472,0.0764386075043166,0.152877215008633,48823,142624,286170,143547,4
"chr14",23436591,23436607,-0.0764376474957265,0.152875294991453,25069,218112,225556,7445,4
"chr1",207052767,207052863,-0.0764121897895659,0.152824379579132,7632,166508,226358,59851,31
"chr21",39314620,39314748,-0.0764112625811829,0.152822525162366,56254,266437,309862,43426,15
"chr5",72816099,72816181,0.0764004087467076,0.152800817493415,68599,93844,141117,47274,15
"chr14",102229126,102229334,0.0763951298082036,0.152790259616407,27374,128720,135073,6354,7
"chr2",176002448,176002681,0.0763907307479245,0.152781461495849,51057,119225,150771,31547,8
"chr19",42199611,42199611,0.0763737485474065,0.152747497094813,45260,297727,302767,5041,5
"chr3",8571351,8571674,-0.0763301580616172,0.152660316123234,59099,152096,230168,78073,4
"chr19",45940543,45940792,0.0763111845254483,0.152622369050897,45697,11182,51200,40019,5
"chr15",89751337,89751531,-0.0763041915802714,0.152608383160543,30348,83430,90157,6728,9
"chr13",41194832,41194842,0.0763026864754614,0.152605372950923,23482,82092,87379,5288,10
"chr19",4769641,4769678,0.0762987863701043,0.152597572740209,42296,7035,7338,304,18
"chr7",23014280,23014405,-0.0762913178792646,0.152582635758529,76699,131958,135639,3682,11
"chr17",2401117,2401292,-0.076290157629837,0.152580315259674,35027,71193,71600,408,17
"chr11",60056035,60056229,0.0762833605774092,0.152566721154818,14714,265149,268862,3714,7
"chr8",47959899,47960716,0.0762767674984155,0.152553534996831,81494,114907,130089,15183,15
"chr6",2764797,2765265,-0.076275700064115,0.15255140012823,71430,47206,47621,416,14
"chr10",99535643,99535967,-0.0762455888101752,0.15249117762035,11344,43122,48272,5151,8
"chr2",95159567,95159863,-0.0762396844986469,0.152479368997294,49463,38989,39016,28,11
"chr11",85647716,85647978,0.0762392817393518,0.152478563478704,16444,185550,187800,2251,10
"chr6",33248841,33249644,-0.0762297633492151,0.15245952669843,72811,48965,49497,533,39
"chr19",42325260,42326176,0.0762285744784894,0.152457148956979,45299,193463,194221,759,15
"chr10",87094106,87094129,-0.0762149080781903,0.152429816156381,10887,263623,271662,8040,7
"chr19",39924526,39924688,0.0762053453201973,0.152410690640395,44969,209534,297069,87536,2
"chr10",125005578,125005653,0.0761929909757219,0.152385981951444,12238,167677,173222,5546,7
"chr11",117231912,117232480,-0.0761891331690141,0.152378266338028,17127,248729,275977,27249,15
"chr7",29806363,29806643,0.0761862902769711,0.152372580553942,76896,40720,64818,24099,8
"chr12",25051398,25051738,-0.0761824721818071,0.152364944363614,19071,94078,199525,105448,4
"chr19",35328872,35329082,-0.0761791180012235,0.152358236002447,44451,112677,193253,80577,5
"chr1",156077265,156077270,0.0761733685836717,0.152346737167343,5680,245654,271905,26252,9
"chr1",35557174,35558291,0.076166312806183,0.152332625612366,2373,38722,39083,362,20
"chr14",51094156,51095663,0.0761598092025989,0.152319618405198,25593,208875,209235,361,22
"chr1",145859122,145859252,-0.0761577642082962,0.152315528416592,4883,60348,61400,1053,11
"chr3",31830209,31830215,-0.0761555137217928,0.152311027443586,59718,243625,272922,29298,3
"chr3",197736898,197737007,0.0761263735969724,0.152252747193945,64102,61118,64741,3624,11
"chr14",99480966,99481145,-0.0761219365109064,0.152243873021813,27135,76165,91917,15753,17
"chr1",229508664,229509231,0.0761203761287499,0.1522407522575,8331,156903,158511,1609,17
"chr1",15060243,15060302,0.0761008374120702,0.15220167482414,995,10596,141158,130563,2
"chr17",7420286,7420336,-0.076092582143072,0.152185164286144,35532,200467,217181,16715,11
"chr2",70978434,70978761,-0.0760901020506539,0.152180204101308,49014,34043,87816,53774,10
"chr9",136926543,136926543,-0.076068342024987,0.152136684049974,86629,286647,301921,15275,2
"chr15",100878943,100879038,0.0760619454129377,0.152123890825875,30678,293038,294037,1000,13
"chr11",1037640,1037836,-0.076061114493238,0.152122228986476,12780,9927,46872,36946,5
"chr9",100098050,100098148,0.0760518393729199,0.15210367874584,84967,220275,229340,9066,4
"chr19",57633098,57633716,0.0760400953456695,0.152080190691339,47134,89259,111438,22180,11
"chr16",2751913,2752529,-0.0760333385754445,0.152066677150889,31318,117338,134158,16821,17
"chr1",155244512,155245068,0.076019945506127,0.152039891012254,5591,5349,95638,90290,10
"chr15",75648437,75648732,0.0760149986650683,0.152029997330137,29785,68265,68565,301,17
"chr1",14598674,14598702,0.0760103509010275,0.152020701802055,990,17746,18199,454,13
"chr12",95073746,95073796,-0.0760095639315474,0.152019127863095,21241,86424,113384,26961,10
"chr2",38778016,38778122,0.0760042010961094,0.152008402192219,48313,89859,149531,59673,7
"chr11",68007258,68008560,0.0759903798956391,0.151980759791278,15753,180312,184716,4405,11
"chr8",26864634,26865346,0.0759678406073192,0.151935681214638,80987,239639,285738,46100,19
"chr10",86943038,86943387,-0.0759525304070091,0.151905060814018,10874,46498,179592,133095,6
"chr7",117872948,117873902,0.0759357264627947,0.151871452925589,78995,187562,190352,2791,12
"chr5",81751365,81751369,0.0759352802607766,0.151870560521553,68837,101342,113707,12366,9
"chr22",17359490,17359663,0.0759268202532816,0.151853640506563,56809,236523,246740,10218,3
"chr12",93377527,93377708,-0.0759216534751235,0.151843306950247,21196,117990,118306,317,6
"chr16",23596434,23596494,-0.0759215774205639,0.151843154841128,32268,207776,210595,2820,7
"chr16",84294732,84295113,0.0759214892389554,0.151842978477911,34293,92076,194021,101946,11
"chr2",186849175,186849276,0.0759188575224894,0.151837715044979,51286,32391,32546,156,10
"chr5",73120073,73120448,0.0759148456710751,0.15182969134215,68607,119387,145660,26274,15
"chr3",43106079,43106095,0.0759130541748009,0.151826108349602,60083,24770,27845,3076,13
"chr6",31826525,31827367,-0.0759076775432807,0.151815355086561,72587,182520,184589,2070,19
"chr3",14947162,14947624,-0.0759028766072284,0.151805753214457,59467,91433,137595,46163,15
"chr11",122422841,122422914,0.0758961633457712,0.151792326691542,17511,234167,289175,55009,2
"chr18",24397983,24398145,0.0758675853475516,0.151735170695103,40650,88590,200011,111422,12
"chr12",123151223,123152001,-0.075858262345094,0.151716524690188,22446,17955,174760,156806,8
"chr10",100987572,100988391,-0.0758579641742673,0.151715928348535,11438,79116,84387,5272,25
"chr2",206274707,206274747,-0.0758540980344604,0.151708196068921,51727,33228,39952,6725,11
"chr8",102238889,102239205,0.0758527107517732,0.151705421503546,82347,103432,114759,11328,11
"chr16",31569269,31569668,-0.0758400226208253,0.151680045241651,32824,2725,15269,12545,7
"chr22",37848760,37848895,0.0758266550738807,0.151653310147761,58042,246387,250064,3678,12
"chr4",38109189,38109752,-0.0758119187642171,0.151623837528434,64996,140285,213161,72877,18
"chr1",27604354,27604992,0.0758066969525626,0.151613393905125,1927,163604,165679,2076,9
"chr2",197786241,197786324,0.0757857483335953,0.151571496667191,51482,13926,13944,19,26
"chr2",29921757,29921972,0.0757790793610318,0.151558158722064,48108,157168,160760,3593,14
"chr2",224039630,224039966,0.075772845309217,0.151545690618434,52293,133482,139137,5656,14
"chr16",89657550,89657777,-0.0757691550603381,0.151538310120676,34691,71183,72112,930,16
"chr3",196215752,196216495,-0.0757493289845101,0.15149865796902,64009,132168,145540,13373,11
"chr16",89093090,89093110,0.0757446695197358,0.151489339039472,34598,236161,251827,15667,12
"chr19",8578853,8578914,-0.0757438712489696,0.151487742497939,42742,206147,213395,7249,4
"chr20",2862919,2863128,-0.075729073518963,0.151458147037926,53293,109025,208892,99868,6
"chr8",26044884,26045693,0.0757176924496892,0.151435384899378,80966,170092,176537,6446,13
"chr17",81891553,81891562,-0.075708328809273,0.151416657618546,40011,139173,208302,69130,14
"chr19",50365750,50365881,-0.07570400793452,0.15140801586904,46280,299378,310318,10941,3
"chr4",185018372,185018800,0.0757027570254568,0.151405514050914,67240,163690,231954,68265,19
"chr10",99732690,99732702,0.0756812689175252,0.15136253783505,11353,188501,192271,3771,17
"chr19",45974015,45974080,0.0756764992202053,0.151352998440411,45699,75283,97154,21872,9
"chr2",100562857,100562863,-0.0756719320423213,0.151343864084643,49694,156035,161699,5665,12
"chr11",27635222,27636078,-0.0756702087512851,0.15134041750257,13898,181885,218645,36761,4
"chr15",34754564,34755210,0.0756651396335545,0.151330279267109,28128,104327,201695,97369,9
"chr5",176646996,176647032,0.0756577575386037,0.151315515077207,71010,155493,162558,7066,11
"chr10",73246233,73247423,0.0756383258066521,0.151276651613304,10541,190500,233364,42865,12
"chr19",7629710,7629802,0.0756381694971336,0.151276338994267,42583,139217,192758,53542,14
"chr2",112137982,112138257,0.0756290149611425,0.151258029922285,49967,64278,94956,30679,6
"chr15",41919322,41919383,-0.0756169529093464,0.151233905818693,28439,495,7245,6751,6
"chr6",33200534,33204431,-0.0756096658730555,0.151219331746111,72806,103681,106559,2879,85
"chr9",124941033,124941338,-0.0755983413239572,0.151196682647914,85623,69491,98145,28655,9
"chr8",67951944,67952534,0.0755939418492593,0.151187883698519,81814,113455,114076,622,10
"chr2",70258016,70258171,0.0755889623015659,0.151177924603132,48981,87473,142985,55513,13
"chr21",44339548,44339850,0.0755848925614541,0.151169785122908,56524,106333,201701,95369,11
"chr16",229346,230047,0.0755787405643276,0.151157481128655,30765,63240,92194,28955,10
"chr14",75546598,75546959,-0.0755646433188417,0.151129286637683,26466,59381,117935,58555,6
"chr7",81770364,81770431,0.0755485137476168,0.151097027495234,77919,184639,198861,14223,11
"chr1",205568624,205568749,0.0755476043744037,0.151095208748807,7507,30074,30899,826,11
"chr3",119035250,119035529,0.0755458054142984,0.151091610828597,61890,130854,160604,29751,12
"chr3",3109995,3110517,-0.075526674556177,0.151053349112354,59040,243247,262758,19512,9
"chr9",128946917,128948108,-0.0755176735518422,0.151035347103684,85930,177377,213646,36270,21
"chr2",81466998,81467075,0.0755070277303073,0.151014055460615,49262,225278,238316,13039,8
"chr2",165794372,165794423,-0.0754777250740855,0.150955450148171,50789,6910,18347,11438,14
"chr16",30535009,30535279,0.075476038830375,0.15095207766075,32648,78503,83991,5489,15
"chr17",3668590,3669017,0.0754741514663281,0.150948302932656,35109,6599,9270,2672,18
"chr1",50423553,50423622,0.0754738156079281,0.150947631215856,3215,11141,33532,22392,12
"chr21",29939773,29939836,0.0754713972277385,0.150942794455477,55869,81926,97520,15595,17
"chr1",109283344,109283795,-0.0754643732529557,0.150928746505911,4356,69775,97072,27298,13
"chr11",60913794,60914014,0.0754556375201355,0.150911275040271,14773,118525,119188,664,11
"chr5",93584790,93584792,-0.0754522871280222,0.150904574256044,68955,11203,20186,8984,3
"chr1",69567909,69567941,-0.0754427628145776,0.150885525629155,3701,28608,29990,1383,16
"chr8",73747727,73748094,0.0754374552760894,0.150874910552179,81898,221822,258098,36277,14
"chr19",18929449,18929555,0.0754348058902578,0.150869611780516,44003,74566,207970,133405,4
"chr4",141636238,141636409,0.0754279786671285,0.150855957334257,66623,91190,93184,1995,15
"chr2",224401939,224402084,0.075425192108701,0.150850384217402,52295,100131,113576,13446,14
"chr7",2526310,2526393,-0.075423659482895,0.15084731896579,76184,43319,43328,10,12
"chr6",111567449,111567480,0.0754165414837874,0.150833082967575,74546,112114,115117,3004,7
"chr1",25246484,25247502,0.0754154382936997,0.150830876587399,1706,138141,150630,12490,15
"chr21",39445688,39445924,-0.0754120578842018,0.150824115768404,56265,262478,266104,3627,14
"chr3",50358821,50359743,0.0754108814896582,0.150821762979316,60719,143781,152612,8832,14
"chr15",72320256,72320940,-0.0753694742442143,0.150738948488429,29573,264963,266314,1352,17
"chr3",44712610,44712637,0.075361311712391,0.150722623424782,60131,32461,33703,1243,13
"chr7",128862587,128863221,0.0753589319994104,0.150717863998821,79202,174190,183441,9252,15
"chr6",150025651,150025785,-0.0753519627605904,0.150703925521181,75354,105050,120069,15020,12
"chr1",29259902,29259906,-0.0753498431190459,0.150699686238092,2055,14575,18412,3838,2
"chr14",104793913,104794315,-0.07534292741198,0.15068585482396,27595,124185,206109,81925,15
"chr5",77957554,77957731,0.0753336892717212,0.150667378543442,68738,36427,79833,43407,8
"chr12",57216564,57216672,-0.075325619998322,0.150651239996644,20513,46796,47001,206,7
"chr6",26204415,26205016,0.075319488060877,0.150638976121754,71966,172531,173439,909,11
"chr12",112012843,112013796,0.0753010699541513,0.150602139908303,21838,86355,94033,7679,11
"chr19",45902760,45903133,0.0752998366066785,0.150599673213357,45691,75328,76662,1335,11
"chr3",109410048,109410135,-0.0752958185463558,0.150591637092712,61705,127858,150203,22346,4
"chr1",32199380,32200269,-0.0752931632787745,0.150586326557549,2167,165774,247227,81454,11
"chr15",96332601,96333138,0.0752909190550072,0.150581838110014,30559,199746,203828,4083,13
"chr15",82986085,82986119,0.0752838323848227,0.150567664769645,30100,52625,54083,1459,11
"chr8",143915973,143916476,0.075280858015088,0.150561716030176,83260,167635,185253,17619,4
"chr18",21112260,21112377,0.0752661219440175,0.150532243888035,40558,220135,233434,13300,19
"chr11",67373951,67374321,0.0752601844703624,0.150520368940725,15662,45921,46410,490,15
"chr17",70167986,70168058,0.0752527259938901,0.15050545198778,38977,228371,230054,1684,9
"chr11",124897905,124898658,0.0752406456569172,0.150481291313834,17650,46687,112391,65705,12
"chr19",18669489,18669610,-0.0752343970968276,0.150468794193655,43968,216340,289023,72684,4
"chr11",73928354,73928383,0.0752242453752902,0.15044849075058,16126,69369,273806,204438,2
"chr8",144507807,144509986,0.0752230153274591,0.150446030654918,83414,172379,179120,6742,18
"chr3",23947291,23947451,0.0752209327186401,0.15044186543728,59627,223073,261950,38878,3
"chr1",27391717,27391765,-0.0752104783824283,0.150420956764857,1916,147345,156723,9379,7
"chr17",76736366,76737578,0.0752071421800602,0.15041428436012,39449,69428,75479,6052,27
"chr8",124171517,124171549,-0.0752050564240249,0.15041011284805,82673,47680,100840,53161,5
"chr2",231781497,231781547,0.0752042991087527,0.150408598217505,52492,234422,246904,12483,15
"chr11",43897246,43897255,0.0751937845253865,0.150387569050773,14154,44624,122631,78008,6
"chr9",1051165,1052573,0.0751866230725498,0.1503732461451,83493,139637,186867,47231,23
"chr15",88467214,88467230,0.0751739472339875,0.150347894467975,30239,196940,200478,3539,21
"chr4",17577051,17577115,-0.0751732983915015,0.150346596783003,64808,33902,37167,3266,10
"chr13",96053675,96053850,0.0751677981196486,0.150335596239297,24175,206594,292960,86367,10
"chr17",58192457,58192888,-0.0751673012580638,0.150334602516128,38448,92219,208045,115827,8
"chr1",204411196,204411444,0.0751656864208955,0.150331372841791,7407,164025,289060,125036,19
"chr16",71626119,71626125,0.0751584359455772,0.150316871891154,33863,280,17634,17355,11
"chr21",36966592,36967195,0.0751574966703499,0.1503149933407,56168,266732,300812,34081,8
"chr17",67377827,67377933,0.075148566917406,0.150297133834812,38874,51360,56860,5501,17
"chr18",50287942,50288094,0.0751443811360841,0.150288762272168,41014,81710,99059,17350,6
"chr19",39480590,39480709,0.0751388422830204,0.150277684566041,44925,202333,240482,38150,7
"chr19",58033633,58033754,0.0751345495888461,0.150269099177692,47180,111046,112645,1600,9
"chr1",111990344,111990512,-0.0751306592342771,0.150261318468554,4559,146778,153857,7080,10
"chr13",114234693,114235038,0.0751283659620467,0.150256731924093,24742,70873,73168,2296,12
"chr6",83430964,83431515,-0.0751148075063193,0.150229615012639,74091,16827,19765,2939,13
"chr20",3204630,3204723,-0.0750826627459292,0.150165325491858,53329,118558,195055,76498,10
"chr1",19596996,19597507,-0.0750781548779767,0.150156309755953,1314,139597,143099,3503,14
"chr6",50713284,50713784,0.0750751970564547,0.150150394112909,73699,103550,124932,21383,5
"chr19",40442389,40445153,-0.0750747251889587,0.150149450377917,45042,201049,205940,4892,21
"chr5",173790957,173791138,-0.0750602649766098,0.15012052995322,70917,226918,233612,6695,7
"chr1",202710613,202710627,0.0750510809231687,0.150102161846337,7258,14400,31100,16701,8
"chr17",74431239,74431392,0.0750453758775092,0.150090751755018,39075,246600,249882,3283,20
"chr17",2054383,2054572,0.0750405938966377,0.150081187793275,34992,198316,199123,808,54
"chr1",81799110,81799475,0.0750390739371195,0.150078147874239,3861,226044,234231,8188,10
"chr2",199955431,199956078,0.0750370063892151,0.15007401277843,51511,99053,99161,109,19
"chr13",77075070,77075076,0.0750265407774375,0.150053081554875,24027,84379,270038,185660,2
"chr17",80543779,80543902,0.075002167118848,0.150004334237696,39818,244209,249604,5396,14
"chr1",18365400,18365496,-0.074987954906164,0.149975909812328,1236,31950,33571,1622,5
"chr21",25572939,25573604,-0.0749879193940059,0.149975838788012,55789,278351,292111,13761,4
"chr14",34713683,34714409,0.0749797665621203,0.149959533124241,25356,268548,295968,27421,21
"chr11",112164165,112164202,0.0749783844221459,0.149956768844292,16949,251565,302577,51013,10
"chr2",43877593,43877918,0.0749683631599334,0.149936726319867,48430,146927,148116,1190,4
"chr16",31135856,31135878,-0.0749600803603745,0.149920160720749,32758,111008,200419,89412,11
"chr7",100823674,100823695,0.0749585687327793,0.149917137465559,78522,182243,189510,7268,5
"chr17",58514389,58514740,0.0749580525125399,0.14991610502508,38498,55115,110134,55020,4
"chr19",35139202,35139508,0.0749491208835836,0.149898241767167,44424,70318,102330,32013,16
"chr19",57363620,57363646,-0.0749472249694471,0.149894449938894,47095,128250,202709,74460,10
"chr12",4537866,4538870,0.0749468706017206,0.149893741203441,18221,94497,122701,28205,12
"chr16",85026356,85027216,0.0749463693923098,0.14989273878462,34339,116707,223734,107028,9
"chr4",87608082,87608364,-0.0749300786798191,0.149860157359638,65911,120100,130275,10176,5
"chr7",94509431,94509635,0.0749148203455404,0.149829640691081,78136,48551,87109,38559,9
"chr11",123653925,123654954,0.0748995394738625,0.149799078947725,17568,46316,50383,4068,12
"chr19",40443421,40444616,0.0748949402732643,0.149789880546529,45042,27683,54202,26520,21
"chr16",85902803,85902874,0.0748892186498487,0.149778437299697,34383,119386,130179,10794,9
"chr8",64379125,64379146,0.0748888605676508,0.149777721135302,81728,117085,117146,62,11
"chr2",6876378,6876838,0.0748833436951393,0.149766687390279,47428,148918,217449,68532,3
"chr17",47841399,47842053,-0.0748800460417922,0.149760092083584,37962,206586,218747,12162,10
"chr5",38845498,38846438,0.0748781828880215,0.149756365776043,68062,92819,96759,3941,14
"chr2",69437479,69438826,0.0748745918752893,0.149749183750579,48935,215291,263742,48452,14
"chr17",45161245,45161803,0.0748524029183193,0.149704805836639,37828,293183,294583,1401,15
"chr3",192727599,192727725,0.0748489665045403,0.149697933009081,63861,142801,143561,761,10
"chr6",10434110,10434134,-0.0748379877248418,0.149675975449684,71641,250765,270842,20078,9
"chr16",75251635,75251749,-0.0748377785110609,0.149675557022122,34022,2234,3938,1705,11
"chr10",101228494,101229558,0.0748354387810052,0.14967087756201,11476,44420,44928,509,19
"chr1",247530969,247532026,-0.0748236461347203,0.149647292269441,8783,32068,144489,112422,9
"chr11",68030464,68030469,-0.0748152691988374,0.149630538397675,15758,177557,200976,23420,12
"chr14",23513269,23513320,0.0748132659528316,0.149626531905663,25076,194513,206745,12233,3
"chr4",155667235,155667526,0.0748121754069897,0.149624350813979,66873,275865,300630,24766,17
"chr1",20553885,20554170,-0.0748096630299482,0.149619326059896,1394,141958,144842,2885,4
"chr11",66678463,66678473,0.0748076798239817,0.149615359647963,15573,215350,227095,11746,11
"chr16",30407043,30407465,0.0748058021581942,0.149611604316388,32625,273669,294486,20818,13
"chr6",45378030,45378349,-0.0748056263987296,0.149611252797459,73586,79859,79897,39,28
"chr15",66781103,66781604,0.0748045662715422,0.149609132543084,29360,197464,203613,6150,4
"chr8",68331669,68331917,0.074802482541077,0.149604965082154,81818,169162,170331,1170,20
"chr1",156420448,156421518,-0.0747936408472594,0.149587281694519,5746,31408,38643,7236,13
"chr15",34318628,34318808,0.0747900868228983,0.149580173645797,28112,86260,97827,11568,6
"chr2",66439927,66440880,0.0747853430148,0.1495706860296,48870,38419,79241,40823,19
"chr17",75784648,75784729,0.0747756375966873,0.149551275193375,39287,254033,260203,6171,20
"chr12",14843591,14843809,0.0747711511612658,0.149542302322532,18869,133444,176312,42869,14
"chr20",23568858,23568888,0.0747629114803775,0.149525822960755,53810,58579,215499,156921,4
"chr3",71288340,71288573,-0.0747560086143359,0.149512017228672,61347,244605,259061,14457,3
"chr11",10294914,10295008,0.0747539186747455,0.149507837349491,13494,173745,173830,86,14
"chr6",52419975,52420634,0.0747285417618174,0.149457083523635,73737,40105,43405,3301,14
"chr19",4182748,4183453,0.0747077000638817,0.149415400127763,42195,194767,206022,11256,11
"chr4",94252129,94253065,-0.0746938527401018,0.149387705480204,65995,254136,270377,16242,6
"chr13",110152362,110152380,-0.074693350396387,0.149386700792774,24450,126451,211161,84711,3
"chr16",14630139,14630366,0.0746850255365823,0.149370051073165,31940,60227,118402,58176,7
"chr10",132186863,132186873,-0.0746810765323835,0.149362153064767,12403,25182,25903,722,13
"chr8",11769475,11770303,0.0746790963463094,0.149358192692619,80552,86278,96238,9961,11
"chr8",143987066,143987150,-0.0746774670332006,0.149354934066401,83285,168977,175703,6727,9
"chr17",48614898,48615191,0.0746741146068148,0.14934822921363,38039,122342,126551,4210,16
"chr1",166154869,166156034,0.0746679893499208,0.149335978699842,6320,32015,143173,111159,8
"chr8",37849767,37849806,0.0746606180840353,0.149321236168071,81238,100519,175369,74851,6
"chr2",74503430,74504249,-0.0746519745625849,0.14930394912517,49176,166146,288263,122118,24
"chr14",49598338,49599252,0.0746300190701877,0.149260038140375,25503,74143,80976,6834,15
"chr3",18443919,18444037,-0.0746270177515068,0.149254035503014,59585,37348,149970,112623,6
"chr1",205943518,205943714,0.0746249487710172,0.149249897542034,7549,159325,166234,6910,4
"chr5",177598877,177599965,0.0746168246019554,0.149233649203911,71126,249394,259455,10062,11
"chr19",36214805,36215543,-0.0746098512427247,0.149219702485449,44622,281248,297800,16553,25
"chr1",209625903,209626008,-0.0746054358434079,0.149210871686816,7702,31282,164743,133462,2
"chr16",90030048,90030137,0.0745909106340781,0.149181821268156,34787,203441,239033,35593,4
"chr6",30719596,30720165,0.0745835795085096,0.149167159017019,72370,168699,174101,5403,23
"chr12",47080013,47080034,-0.0745757034621107,0.149151406924221,19403,57726,58088,363,24
"chr16",276049,276083,-0.0745602358606445,0.149120471721289,30776,14069,19644,5576,10
"chr12",71584098,71584131,-0.0745595187686733,0.149119037537347,20924,275951,276566,616,4
"chr20",37519973,37520717,0.0745524056394328,0.149104811278866,54403,203005,206794,3790,40
"chr10",96829577,96830015,0.0745500166055964,0.149100033211193,11209,270141,271951,1811,3
"chr3",137764664,137765378,-0.0745440923988571,0.149088184797714,62583,117588,155678,38091,17
"chr10",31318770,31319278,0.0745379018367869,0.149075803673574,9667,100638,115543,14906,21
"chr2",85186358,85186374,-0.0745306290684509,0.149061258136902,49292,240465,248678,8214,3
"chr16",87959740,87959758,0.0745263818468759,0.149052763693752,34474,12047,13886,1840,11
"chr11",33161562,33161667,0.0745118575957197,0.149023715191439,13991,170937,184956,14020,12
"chr11",208399,209206,0.0745043176760703,0.149008635352141,12586,170032,186782,16751,13
"chr11",65183170,65183517,0.0745024349284929,0.149004869856986,15292,231285,305953,74669,3
"chr8",64798717,64799855,0.0744951328488653,0.148990265697731,81736,138312,172791,34480,13
"chr5",77087222,77088232,0.0744936984144501,0.1489873968289,68717,17143,22096,4954,15
"chr8",144685857,144685875,-0.0744902668060091,0.148980533612018,83433,24894,27600,2707,6
"chr9",127263383,127263434,0.0744898871615451,0.14897977432309,85690,95011,229796,134786,7
"chr11",68903397,68903408,0.0744809618858072,0.148961923771614,15818,185015,189564,4550,16
"chr15",97560705,97560932,-0.0744626094566484,0.148925218913297,30570,120782,223048,102267,3
"chr13",93225867,93225982,0.0744545679923179,0.148909135984636,24130,221832,276820,54989,4
"chr2",131104813,131104999,-0.0744539737652213,0.148907947530443,50356,142791,145432,2642,14
"chr17",7922837,7923095,0.0744461251659197,0.148892250331839,35665,112970,134001,21032,5
"chr6",53148849,53149391,-0.0744430159177517,0.148886031835503,73772,92477,121131,28655,8
"chr3",43080837,43080978,0.0744408084013642,0.148881616802728,60082,34365,148799,114435,5
"chr8",143553139,143553691,0.0744377751401065,0.148875550280213,83163,190207,197216,7010,11
"chr3",165196649,165196683,-0.0744331560976253,0.148866312195251,63162,90715,95996,5282,15
"chr3",151446503,151446919,0.0744329341547629,0.148865868309526,62934,234423,235821,1399,5
"chr4",175787372,175787450,-0.0744304147961782,0.148860829592356,67089,260266,269013,8748,2
"chr15",80404467,80404478,-0.0744261046355632,0.148852209271126,29991,78721,79181,461,12
"chr10",43076965,43077173,-0.0744245364273148,0.14884907285463,9796,46341,47289,949,9
"chr19",41999240,41999260,0.0744193368259144,0.148838673651829,45233,12520,108093,95574,5
"chr1",67685048,67685477,0.0744161840646771,0.148832368129354,3682,108239,125197,16959,9
"chr3",62373305,62373745,0.0743851313802255,0.148770262760451,61201,87074,88851,1778,13
"chr11",17015097,17015258,0.0743597558501624,0.148719511700325,13675,121606,174161,52556,11
"chr3",156675041,156676239,0.074358060251695,0.14871612050339,63023,157049,157054,6,33
"chr3",101779221,101779572,0.0743487688708616,0.148697537741723,61618,61091,85469,24379,16
"chr11",59754989,59755084,0.0743432476714468,0.148686495342894,14689,260732,261373,642,16
"chr14",23555660,23555662,0.0743375541812447,0.148675108362489,25085,213153,221378,8226,16
"chr22",25219159,25219571,-0.0743312740038748,0.14866254800775,57339,135126,210699,75574,10
"chr4",140373368,140373875,-0.0743278890253155,0.148655778050631,66593,38553,141617,103065,12
"chr18",63318726,63320823,0.0743139728089287,0.148627945617857,41243,294118,295895,1778,36
"chr6",16761654,16762347,-0.0742899567395261,0.148579913479052,71783,139324,169813,30490,20
"chr12",56265746,56265924,-0.0742893748616846,0.148578749723369,20362,267224,309769,42546,4
"chr2",201451522,201452017,0.0742816437702115,0.148563287540423,51601,7736,20257,12522,23
"chr5",6706077,6706464,0.0742813299901783,0.148562659980357,67618,123100,282882,159783,2
"chr14",103733095,103733436,-0.074261374004818,0.148522748009636,27508,279371,294199,14829,2
"chr17",56833163,56834496,0.0742185695199349,0.14843713903987,38377,195010,198054,3045,10
"chr3",185490389,185490651,-0.0742104619344047,0.148420923868809,63631,283394,285850,2457,4
"chr1",156816809,156816851,-0.0742091714657348,0.14841834293147,5808,94993,97842,2850,9
"chr1",36149425,36149845,0.0741928302376632,0.148385660475326,2425,93900,98615,4716,13
"chr7",102468648,102468989,-0.0741906950315633,0.148381390063127,78677,45589,135692,90104,2
"chr7",122144302,122144542,0.074181137488316,0.148362274976632,79028,168638,169004,367,9
"chr6",29429303,29429525,-0.0741589441966813,0.148317888393363,72167,126713,226367,99655,3
"chr6",43509806,43511091,0.0741437775504798,0.14828755510096,73477,45896,50775,4880,15
"chr6",165987168,165987976,0.074135583922709,0.148271167845418,75737,85160,124749,39590,20
"chr1",1274293,1275231,0.0741342659999901,0.14826853199998,103,96880,107883,11004,8
"chr1",26472239,26472246,0.0741332672796106,0.148266534559221,1816,248708,266814,18107,11
"chr9",14322985,14323194,-0.074103940061749,0.148207880123498,83701,184255,196752,12498,5
"chr7",1493866,1493900,-0.0741026714566005,0.148205342913201,76084,18527,107711,89185,2
"chr16",21157858,21158490,0.0740990419869162,0.148198083973832,32153,197311,200390,3080,11
"chr22",48576519,48576537,0.074095319367678,0.148190638735356,58817,16227,116412,100186,3
"chr7",149774795,149774960,-0.0740907252395047,0.148181450479009,79861,47339,135609,88271,5
"chr14",46651304,46651914,-0.0740881094932674,0.148176218986535,25490,202903,204593,1691,8
"chr16",29663106,29663776,0.074078272148448,0.148156544296896,32494,66811,84824,18014,15
"chr11",119334166,119334663,0.0740615735047528,0.148123147009506,17385,92709,97508,4800,11
"chr17",45844874,45845057,0.0740465854291717,0.148093170858343,37871,294491,294950,460,15
"chr17",78106357,78106369,0.0740335274345148,0.14806705486903,39508,14764,16461,1698,4
"chr17",50707894,50707969,0.074021048314703,0.148042096629406,38272,299469,300746,1278,12
"chr12",13000078,13000496,0.0740108713285083,0.148021742657017,18817,85947,113845,27899,16
"chr13",33015864,33016355,-0.0740030436195862,0.148006087239172,23342,56458,56742,285,14
"chr22",36160950,36161152,-0.073982888165488,0.147965776330976,57864,275439,310677,35239,4
"chr7",70789824,70791017,0.073981027803186,0.147962055606372,77649,125401,176358,50958,7
"chr14",101023703,101023849,-0.0739787929419561,0.147957585883912,27299,127829,193050,65222,32
"chr16",1309165,1309178,0.0739607131880995,0.147921426376199,30966,102758,195276,92519,14
"chr4",158680768,158682275,0.0739596660996283,0.147919332199257,66913,234718,240151,5434,6
"chr8",38468435,38468982,-0.0739322728692752,0.14786454573855,81304,61998,79773,17776,13
"chr5",136132178,136133797,-0.0739282115398179,0.147856423079636,69667,260007,265087,5081,12
"chr9",78295972,78296917,0.0739184418250926,0.147836883650185,84452,170137,225509,55373,12
"chr17",69414482,69414547,-0.0739093042497439,0.147818608499488,38959,123504,194367,70864,11
"chr2",60881196,60881867,-0.0739071685980585,0.147814337196117,48729,158027,164404,6378,13
"chr22",50281859,50282384,-0.0739062478446645,0.147812495689329,58918,197695,207401,9707,3
"chr5",149550811,149551524,-0.0738970909808447,0.147794181961689,70316,91922,98791,6870,22
"chr9",22447680,22447695,0.0738887968159987,0.147777593631997,83849,172555,184948,12394,2
"chr6",127516590,127516680,0.0738763593397063,0.147752718679413,74837,254593,285360,30768,4
"chr12",49791630,49791820,0.0738762041815625,0.147752408363125,19658,52610,59559,6950,3
"chr14",24340091,24340236,-0.0738707947823534,0.147741589564707,25216,121586,192633,71048,12
"chr11",36510374,36510873,0.0738669859259717,0.147733971851943,14114,171988,180634,8647,17
"chr12",64609252,64609340,0.0738540783157813,0.147708156631563,20720,98076,179334,81259,3
"chr3",62374487,62374565,0.0738513007849965,0.147702601569993,61201,149127,154242,5116,13
"chr4",158805520,158805960,0.0738465399828391,0.147693079965678,66918,226296,251847,25552,4
"chr6",27147060,27147062,0.0738417836399641,0.147683567279928,72017,227953,230371,2419,9
"chr16",30113482,30113911,0.0738363749441862,0.147672749888372,32597,54566,73087,18522,10
"chr8",100649539,100650562,0.0738362412468636,0.147672482493727,82320,183491,183884,394,12
"chr11",115217927,115217929,-0.0738340473771176,0.147668094754235,17062,169462,177137,7676,3
"chr5",138213240,138213455,0.0738327135728319,0.147665427145664,69737,90689,94716,4028,11
"chr20",833395,833480,-0.0738260585680397,0.147652117136079,53164,216077,265894,49818,5
"chr1",206556225,206556792,-0.073818222251904,0.147636444503808,7583,162057,164126,2070,20
"chr20",36746344,36746478,-0.0738149130469462,0.147629826093892,54342,98515,193384,94870,9
"chr10",73167655,73167995,-0.0738111659382315,0.147622331876463,10537,176289,183303,7015,16
"chr17",49360907,49361084,0.0738050812225341,0.147610162445068,38098,236862,237485,624,7
"chr7",109960368,109960676,-0.0738001171808547,0.147600234361709,78865,192104,310117,118014,4
"chr18",63320537,63320671,-0.073799639649688,0.147599279299376,41243,55368,72546,17179,36
"chr5",82278475,82278589,-0.0737985544907823,0.147597108981565,68843,154531,159533,5003,17
"chr1",42658077,42658422,0.0737907138972012,0.147581427794402,2772,24481,33051,8571,11
"chr6",28923274,28924641,-0.0737827413116114,0.147565482623223,72141,177430,178375,946,40
"chr16",2090691,2092061,-0.0737804379540338,0.147560875908068,31187,233460,257491,24032,12
"chr7",128940655,128940738,0.0737796413261404,0.147559282652281,79217,15026,45375,30350,9
"chr11",117327015,117327708,-0.0737688272005315,0.147537654401063,17140,169991,172181,2191,13
"chr12",111842051,111842961,-0.0737577668143808,0.147515533628762,21830,265981,272887,6907,25
"chr16",18801607,18801655,0.0737535223232234,0.147507044646447,32044,59584,60563,980,14
"chr2",156332887,156333457,0.0737450017662634,0.147490003532527,50622,69354,144035,74682,12
"chr5",179023505,179024175,0.0737380326457608,0.147476065291522,71191,154781,159468,4688,8
"chr19",51477547,51477654,-0.0737362250785708,0.147472450157142,46472,235871,253792,17922,2
"chr3",10505495,10505900,0.073726567947726,0.147453135895452,59267,165057,165995,939,9
"chr3",51982812,51983110,-0.0737217861373969,0.147443572274794,60805,260888,265596,4709,15
"chr8",96492731,96493560,-0.0737191902903703,0.147438380580741,82228,118224,172189,53966,11
"chr6",44247001,44247065,0.0737129963226419,0.147425992645284,73551,40547,40927,381,23
"chr6",26537994,26538228,0.0737123820567004,0.147424764113401,72001,172537,174311,1775,14
"chr12",109814791,109814898,0.0737060827358743,0.147412165471749,21704,232507,235690,3184,12
"chr2",185745460,185745552,-0.0737049190380962,0.147409838076192,51269,309974,310818,845,2
"chr1",28088651,28088800,0.073702852726944,0.147405705453888,1971,1381,28427,27047,10
"chr22",23751246,23751639,0.0736776287851677,0.147355257570335,57206,77195,91756,14562,9
"chr3",186570541,186570982,-0.0736716935744641,0.147343387148928,63684,96140,99025,2886,15
"chr5",69093851,69094025,-0.0736689556325269,0.147337911265054,68535,151836,161662,9827,12
"chr7",2762740,2762920,0.0736646652804451,0.14732933056089,76228,6542,8903,2362,10
"chr13",21176761,21177094,-0.0736629731518255,0.147325946303651,22989,225674,258584,32911,18
"chr7",99499860,99500012,-0.0736596115854854,0.147319223170971,78310,91898,167043,75146,9
"chr19",48271144,48271319,0.0736508829169193,0.147301765833839,45937,58343,64727,6385,8
"chr6",30058510,30058858,-0.0736485452547632,0.147297090509526,72254,169336,170165,830,4
"chr19",51338979,51339082,0.0736471301434005,0.147294260286801,46444,2909,56213,53305,2
"chr20",56391332,56391345,0.0736377882444461,0.147275576488892,55144,114637,212858,98222,3
"chr19",4217348,4217988,0.0736370580928135,0.147274116185627,42201,109725,201853,92129,5
"chr11",134252967,134253399,0.0736291680528625,0.147258336105725,17954,46611,47419,809,12
"chr2",200510314,200510477,0.0736053807833097,0.147210761566619,51521,160336,221265,60930,11
"chr16",29815605,29815974,-0.0736008077988889,0.147201615597778,32521,196395,203599,7205,18
"chr19",45691509,45692477,0.0736003970307223,0.147200794061445,45649,219476,293914,74439,19
"chr1",40531544,40531634,0.0735947699152906,0.147189539830581,2684,148220,155255,7036,14
"chr6",30541690,30542523,-0.0735730780629505,0.147146156125901,72316,113424,167675,54252,14
"chr2",73828929,73829163,-0.0735726878014691,0.147145375602938,49104,88411,122256,33846,14
"chr12",10674413,10674795,0.073570346483158,0.147140692966316,18689,125142,128646,3505,13
"chr9",95508190,95509349,-0.0735647451061524,0.147129490212305,84807,91752,97192,5441,17
"chr19",4182694,4182805,0.0735517292474185,0.147103458494837,42195,83820,100969,17150,11
"chr11",615170,615635,0.0735388438800063,0.147077687760013,12679,254086,289730,35645,13
"chr6",44257702,44257706,-0.0735358393417771,0.147071678683554,73556,50168,61526,11359,19
"chr11",18698757,18698760,-0.0735031259583918,0.147006251916784,13782,20339,21919,1581,11
"chr15",66497458,66497909,0.0734919259496488,0.146983851899298,29344,120784,130328,9545,12
"chr1",145823837,145824104,-0.0734850797169213,0.146970159433843,4873,12457,24690,12234,14
"chr3",49411012,49412166,-0.073483059746683,0.146966119493366,60572,93621,101174,7554,20
"chr12",90917443,90918012,0.0734695014963308,0.146939002992662,21147,256821,266684,9864,3
"chr19",41844562,41845064,0.073460144331527,0.146920288663054,45204,197891,199474,1584,22
"chr7",37259259,37259341,0.0734540389495113,0.146908077899023,77072,112551,290948,178398,2
"chr11",62839712,62839748,0.0734521703631924,0.146904340726385,15001,214071,238024,23954,4
"chr1",27604132,27604146,-0.073434130289226,0.146868260578452,1927,27283,28817,1535,9
"chr9",129036298,129036540,0.0734224688194862,0.146844937638972,85941,96150,113856,17707,9
"chr19",7910489,7910527,0.0734190443690038,0.146838088738008,42641,224682,225281,600,4
"chr5",173329069,173329555,-0.073417084722332,0.146834169444664,70907,32984,134012,101029,12
"chr4",47915023,47915056,0.0734125671794235,0.146825134358847,65200,113230,127139,13910,19
"chr6",39934557,39934609,0.0734095226569089,0.146819045313818,73226,49942,143237,93296,13
"chr7",27130933,27131273,-0.0734030986494592,0.146806197298918,76809,13117,14799,1683,22
"chr1",35268623,35268803,-0.07340190875798,0.14680381751596,2355,138617,159633,21017,8
"chr1",32251206,32251226,-0.073398855656055,0.14679771131211,2185,251209,260650,9442,9
"chr5",98927396,98927884,0.0733841212548096,0.146768242509619,69081,246759,256526,9768,6
"chr16",50681349,50681789,0.0733811050257031,0.146762210051406,32984,119104,137827,18724,10
"chr1",162369736,162369815,-0.0733805099742495,0.146761019948499,6237,283505,290433,6929,3
"chr11",46936337,46936627,-0.0733783263805833,0.146756652761167,14321,180090,184325,4236,11
"chr6",27139240,27139503,-0.0733756516109756,0.146751303221951,72016,112685,115159,2475,7
"chr1",20717648,20718198,0.0733617976749217,0.146723595349843,1410,30965,31516,552,15
"chr1",202967320,202967322,0.073354479669538,0.146708959339076,7284,32782,38803,6022,11
"chr1",197775627,197775657,-0.0733446810532977,0.146689362106595,7042,140709,148524,7816,15
"chr17",58417789,58417922,-0.0733425339087559,0.146685067817512,38491,202816,249692,46877,7
"chr14",20333458,20334055,-0.0733232003353957,0.146646400670791,24787,107897,242756,134860,8
"chr2",201115265,201116251,0.0733224490636468,0.146644898127294,51566,238121,245136,7016,16
"chr10",37976287,37976836,0.0733120577651491,0.146624115530298,9760,86473,86849,377,11
"chr1",43969835,43969891,0.0733117260802647,0.146623452160529,2905,154971,155640,670,13
"chr6",33316072,33316632,-0.0733013681542903,0.146602736308581,72832,192171,200776,8606,68
"chr20",57266842,57267015,0.0732971040934785,0.146594208186957,55172,10792,17294,6503,18
"chr19",57230620,57230764,0.0732957323523143,0.146591464704629,47081,56277,83975,27699,13
"chr15",89367629,89368067,-0.0732941010722871,0.146588202144574,30311,118036,137077,19042,7
"chr2",127526582,127527299,0.0732940624116022,0.146588124823204,50243,165476,307484,142009,13
"chr14",91417684,91417705,-0.0732919399445598,0.14658387988912,26829,16311,21283,4973,10
"chr22",47631582,47631977,-0.0732894147119171,0.146578829423834,58809,209238,212961,3724,11
"chr3",27723792,27723993,-0.0732742201953337,0.146548440390667,59682,95651,110212,14562,23
"chr10",100188998,100189229,-0.0732586803254635,0.146517360650927,11383,242444,256495,14052,2
"chr3",69084775,69084797,0.0732524358989719,0.146504871797944,61319,85981,145481,59501,5
"chr22",31945392,31945416,-0.0732516934236188,0.146503386847238,57749,86557,108820,22264,12
"chr22",20017717,20017777,0.0732399079588967,0.146479815917793,56964,126680,129672,2993,10
"chr2",86563491,86563609,0.0732378836646151,0.14647576732923,49398,123101,129679,6579,12
"chr19",12669665,12669748,0.0732337180545474,0.146467436109095,43214,297870,311480,13611,21
"chr4",76036908,76036973,-0.0732039037463323,0.146407807492665,65692,99674,147506,47833,3
"chr11",126303673,126304059,0.0732037392292835,0.146407478458567,17743,50480,79004,28525,15
"chr11",31818080,31818242,0.0731885079608808,0.146377015921762,13949,15523,15904,382,8
"chr2",108052759,108053038,-0.0731819413826776,0.146363882765355,49880,129501,227748,98248,3
"chr1",44212519,44213282,0.0731791728411926,0.146358345682385,2926,130282,160582,30301,14
"chr1",46132603,46132784,-0.0731775283792654,0.146355056758531,3056,138985,144558,5574,18
"chr1",155063713,155064101,0.0731773843483603,0.146354768696721,5556,149915,150789,875,19
"chr6",32167141,32169364,0.0731772046258483,0.146354409251697,72666,178429,182149,3721,48
"chr1",202160737,202161600,-0.0731747184246448,0.14634943684929,7227,24723,33216,8494,11
"chr1",240091688,240092714,0.0731596848348182,0.146319369669636,8597,123783,148142,24360,13
"chr1",175192649,175192908,0.0731588239555731,0.146317647911146,6627,90161,93783,3623,18
"chr5",34914823,34916990,-0.0731571672761678,0.146314334552336,67955,250829,277525,26697,20
"chr3",186806576,186806961,0.0731543993778377,0.146308798755675,63708,158218,163471,5254,20
"chr3",49167628,49167829,-0.0731507867418979,0.146301573483796,60541,149373,254902,105530,2
"chr12",29497778,29497862,-0.0731440198889323,0.146288039777865,19183,39912,43833,3922,11
"chr16",51150672,51151496,0.0731400069106811,0.146280013821362,33013,195012,201339,6328,22
"chr11",68050199,68050551,-0.0731266388965792,0.146253277793158,15767,240790,268374,27585,6
"chr6",110815709,110816266,-0.0731237291773993,0.146247458354799,74514,192513,228059,35547,16
"chr7",8261805,8262671,0.0731164604316222,0.146232920863244,76511,90520,100854,10335,13
"chr3",69866255,69866298,-0.0731158233769404,0.146231646753881,61330,157095,162670,5576,7
"chr19",45405866,45406600,-0.0731070874209109,0.146214174841822,45602,86630,94913,8284,17
"chr9",34663029,34663051,-0.0731013497133272,0.146202699426654,84042,242879,272229,29351,5
"chr16",66696489,66696905,0.0730882515467254,0.146176503093451,33410,73443,75563,2121,8
"chr20",44247139,44247293,-0.0730845747402476,0.146169149480495,54635,23271,56866,33596,15
"chr2",160062523,160062636,-0.0730830781898984,0.146166156379797,50700,21311,28129,6819,14
"chr1",156619239,156619445,0.0730681901837248,0.14613638036745,5776,302748,303682,935,10
"chr16",566827,566838,-0.0730648586553907,0.146129717310781,30830,63048,72433,9386,4
"chr16",759910,759972,0.0730631128525902,0.14612622570518,30901,198773,206129,7357,17
"chr12",114406002,114406358,-0.0730602831630095,0.146120566326019,21989,129756,134755,5000,13
"chr11",86800154,86800336,0.0730601293902622,0.146120258780524,16484,112754,185508,72755,7
"chr1",1914562,1914607,-0.0730538513222254,0.146107702644451,229,33526,35335,1810,10
"chr15",90995114,90995345,-0.0730524304149086,0.146104860829817,30469,110081,120109,10029,11
"chr1",10653887,10654103,0.0730293107466526,0.146058621493305,801,38658,111353,72696,3
"chr14",103685721,103685901,0.0730287468311411,0.146057493662282,27491,124070,196515,72446,6
"chr13",48302814,48303455,-0.0730234657386829,0.146046931477366,23658,196712,202716,6005,26
"chr1",32169941,32170009,0.0730225193174528,0.146045038634906,2161,252468,268851,16384,2
"chr15",67825569,67825579,0.0730121165974205,0.146024233194841,29389,256121,297630,41510,8
"chr8",68331163,68331251,0.0730099845645542,0.146019969129108,81818,41496,46894,5399,20
"chr3",111071741,111072326,-0.0729887768040878,0.145977553608176,61709,70832,71700,869,14
"chr19",35995057,35995701,0.0729754326663146,0.145950865332629,44592,75607,106861,31255,7
"chr19",47472151,47472186,-0.072975344029886,0.145950688059772,45857,246195,270565,24371,8
"chr8",119832936,119833153,0.0729748969861113,0.145949793972223,82575,242190,272017,29828,10
"chr14",47343312,47343989,0.0729583112310105,0.145916622462021,25495,66172,210453,144282,7
"chr17",59619885,59619918,-0.0729551692974213,0.145910338594843,38550,19242,27647,8406,16
"chr22",37245444,37245466,0.0729488477781195,0.145897695556239,57970,195099,258864,63766,3
"chr4",153790128,153790477,0.0729419323634432,0.145883864726886,66831,152710,153607,898,38
"chr21",46635454,46635605,-0.0729406648763324,0.145881329752665,56752,280175,295554,15380,17
"chr19",57351042,57351597,-0.0729406267729102,0.14588125354582,47091,286247,294897,8651,13
"chr1",214645010,214645494,0.0729385103947585,0.145877020789517,7872,132357,312499,180143,2
"chr20",1393272,1393706,0.0729382724180815,0.145876544836163,53211,200462,203766,3305,12
"chr10",122374269,122374504,0.072910988610396,0.145821977220792,12130,5916,47342,41427,11
"chr10",133378424,133378534,-0.0728900264062869,0.145780052812574,12549,47729,48407,679,23
"chr10",73252772,73252891,-0.0728860622829913,0.145772124565983,10544,190817,191110,294,18
"chr6",30071425,30071665,0.0728815645237841,0.145763129047568,72261,4097,5262,1166,31
"chr14",85621167,85622352,0.0728774144997527,0.145754828999505,26679,196401,198121,1721,13
"chr6",30743245,30743364,0.0728770779473167,0.145754155894633,72376,106243,106388,146,73
"chr20",44311402,44311573,0.0728765684994622,0.145753136998924,54641,107205,118226,11022,10
"chr1",25616336,25616484,-0.0728739815769587,0.145747963153917,1723,36371,82814,46444,4
"chr11",17544338,17544504,-0.0728727503420301,0.14574550068406,13705,18767,43539,24773,10
"chr16",29664721,29664750,0.0728670065228183,0.145734013045637,32495,4122,4792,671,4
"chr10",14572318,14572386,-0.0728438734343958,0.145687746868792,9310,136577,220501,83925,10
"chr14",92748791,92748862,-0.0728315740322443,0.145663148064489,26873,101041,122991,21951,13
"chr3",141737463,141737884,-0.0728260647183091,0.145652129436618,62718,163291,212726,49436,9
"chr5",138213344,138213347,0.0728234634606048,0.14564692692121,69737,142311,142392,82,11
"chr17",75289452,75289590,0.0728043161841197,0.145608632368239,39202,297239,298931,1693,8
"chr6",63571534,63571732,0.0728004382257902,0.14560087645158,73873,127318,162896,35579,13
"chr7",99466233,99466388,0.0727970655687059,0.145594131137412,78298,204341,242826,38486,9
"chr10",101061670,101062091,0.0727955281992893,0.145591056398579,11462,89191,94801,5611,12
"chr4",183099557,183100149,0.0727939974847163,0.145587994969433,67157,98776,107882,9107,5
"chr11",57657041,57657664,0.0727929076725482,0.145585815345096,14588,186918,189681,2764,16
"chr7",77798332,77799532,-0.0727860681785431,0.145572136357086,77876,177203,180336,3134,30
"chr17",17792943,17793078,-0.0727855910411527,0.145571182082305,36112,119154,294000,174847,2
"chr4",143184928,143184943,0.0727835321118982,0.145567064223796,66639,101317,106258,4942,10
"chr18",44680145,44680165,-0.0727689916318577,0.145537983263715,40854,19271,20524,1254,17
"chr22",37745827,37746155,-0.0727675035012746,0.145535007002549,58024,56807,57627,821,12
"chr22",31081105,31081259,0.0727668377944332,0.145533675588866,57658,24516,26587,2072,15
"chr1",1116277,1116917,0.0727620791043455,0.145524158208691,64,92866,145830,52965,11
"chr7",28685849,28685849,0.0727595422499989,0.145519084499998,76865,84590,84955,366,9
"chr12",6663340,6663471,0.0727520141691049,0.14550402833821,18348,72977,86651,13675,9
"chr14",20333519,20333653,-0.0727510776223661,0.145502155244732,24787,272465,275004,2540,8
"chr1",231241357,231241435,0.0727479519713861,0.145495903942772,8406,154970,156436,1467,17
"chr13",102798982,102799087,-0.0727478877817306,0.145495775563461,24358,199296,245652,46357,14
"chr12",104986199,104986393,0.0727391747939986,0.145478349587997,21477,109507,117704,8198,9
"chr10",43126628,43126758,0.0727351879622994,0.145470375924599,9813,285604,305302,19699,3
"chr11",65872904,65873703,-0.0727225770099272,0.145445154019854,15438,46841,50362,3522,12
"chr11",624908,625052,-0.0727162622159952,0.14543252443199,12683,43352,47714,4363,7
"chr4",122826676,122826894,-0.0727139858220004,0.145427971644001,66436,9385,63194,53810,11
"chr14",24313862,24314064,0.0727129574370339,0.145425914874068,25204,235067,260642,25576,3
"chr14",81220052,81221377,-0.072695039976332,0.145390079952664,26647,133704,194137,60434,25
"chr6",26055940,26056478,0.0726896954328978,0.145379390865796,71949,94877,177914,83038,14
"chr4",52712192,52712386,0.072673931867808,0.145347863735616,65268,5765,32120,26356,14
"chr20",31485734,31485743,0.0726724864526754,0.145344972905351,53921,5364,5378,15,6
"chr9",128322386,128323501,-0.0726722928021791,0.145344585604358,85838,254002,260689,6688,21
"chr3",48663624,48664120,0.0726638351960603,0.145327670392121,60462,163266,257729,94464,8
"chr20",56628784,56629295,-0.0726625431634699,0.14532508632694,55167,139210,201951,62742,11
"chr2",74002648,74002697,0.0726548857723754,0.145309771544751,49116,20192,25394,5203,3
"chr17",9576382,9577111,-0.0726467786251055,0.145293557250211,35811,128123,131755,3633,22
"chr6",87590124,87590488,0.0726363397604452,0.14527267952089,74159,83959,94949,10991,18
"chr17",40647947,40648354,0.0726225422307253,0.145245084461451,37207,81331,83950,2620,15
"chr3",43303108,43303316,0.0726216308976508,0.145243261795302,60086,261751,280483,18733,2
"chr14",34874007,34874656,-0.072613408816288,0.145226817632576,25361,195042,205200,10159,13
"chr21",25734826,25736220,0.0726100821141455,0.145220164228291,55797,269992,281899,11908,31
"chr4",78926659,78926711,0.0726088388625258,0.145217677725052,65760,221740,243210,21471,2
"chr15",52295823,52295860,0.0726031117554087,0.145206223510817,28880,53043,53131,89,11
"chr5",135033426,135034623,0.0726004456487374,0.145200891297475,69626,161112,164171,3060,19
"chr3",111070743,111070941,0.0725908830029741,0.145181766005948,61708,156803,159829,3027,9
"chr4",73837013,73837064,0.0725888932695451,0.14517778653909,65616,287092,288291,1200,4
"chr6",43170442,43171125,0.0725792504816887,0.145158500963377,73415,175315,254357,79043,21
"chr7",44490778,44491131,0.0725783101099207,0.145156620219841,77239,181276,185433,4158,12
"chr19",35748349,35748687,0.0725705288808023,0.145141057761605,44537,97879,119701,21823,12
"chr9",124010382,124011794,0.0725685512571306,0.145137102514261,85567,5584,10915,5332,14
"chr12",31729692,31730181,0.0725654208430134,0.145130841686027,19224,191139,217988,26850,13
"chr2",104872389,104873191,0.0725650178183047,0.145130035636609,49823,38862,39019,158,12
"chr2",229232161,229232877,0.0725488219701693,0.145097643940339,52384,257423,272139,14717,5
"chr3",9933472,9933763,0.0725458677536494,0.145091735507299,59205,99433,126615,27183,12
"chr19",19121020,19121159,0.0725087911927453,0.145017582385491,44025,54921,76023,21103,2
"chr19",42081043,42081305,0.0725029477095093,0.145005895419019,45247,134639,195355,60717,9
"chr9",128683461,128683549,-0.0724888992820542,0.144977798564108,85882,277485,281935,4451,7
"chr2",65056009,65056303,-0.0724836518385474,0.144967303677095,48846,31667,31899,233,8
"chr11",8594128,8594190,-0.0724705585156742,0.144941117031348,13400,10887,16025,5139,19
"chr20",59676599,59676701,-0.0724704331062108,0.144940866212422,55295,275174,275798,625,5
"chr3",73624742,73625015,0.0724682993706737,0.144936598741347,61399,18726,33147,14422,17
"chr17",4968023,4968081,-0.0724481882114569,0.144896376422914,35286,109509,194913,85405,15
"chr19",50431508,50432797,0.0724346538475634,0.144869307695127,46296,195516,210734,15219,11
"chr16",88703753,88703953,-0.0724324514951229,0.144864902990246,34534,266864,270762,3899,12
"chr19",57769559,57769626,-0.072419868575309,0.144839737150618,47151,202752,203733,982,7
"chr3",143848538,143849352,0.0724168638454374,0.144833727690875,62777,256995,266493,9499,7
"chr17",40779502,40779594,-0.0724086868891746,0.144817373778349,37217,75655,236345,160691,3
"chr16",19521716,19522088,-0.0724076681948751,0.14481533638975,32080,73116,90193,17078,9
"chr17",48891801,48892219,0.0723855095769115,0.144771019153823,38065,108047,135651,27605,11
"chr1",165356312,165356320,0.0723709396543597,0.144741879308719,6295,273313,276710,3398,14
"chr4",155207752,155208573,0.0723594276300137,0.144718855260027,66864,102356,103840,1485,13
"chr10",4825738,4825759,-0.0723433442023922,0.144686688404784,9008,216158,223251,7094,13
"chr1",66532880,66534068,0.0723379784404045,0.144675956880809,3649,156151,235948,79798,19
"chr16",67236690,67237069,0.072328484875224,0.144656969750448,33499,16438,57002,40565,5
"chr1",74732984,74733497,0.0723284064388818,0.144656812877764,3759,266412,268159,1748,19
"chr15",82571862,82572041,0.0723282358937316,0.144656471787463,30076,52088,82044,29957,7
"chr19",10086243,10086254,-0.0723184251524855,0.144636850304971,42850,20892,28133,7242,9
"chr21",14215491,14216028,-0.0723179681306298,0.14463593626126,55702,104458,194208,89751,9
"chr19",10119891,10120051,-0.0723001357432041,0.144600271486408,42864,78543,97349,18807,5
"chr7",106867891,106867928,-0.0722961332553497,0.144592266510699,78793,200845,283247,82403,5
"chr17",44899747,44900118,-0.0722685802809846,0.144537160561969,37779,275634,292518,16885,18
"chr4",170090108,170090273,0.0722681178015255,0.144536235603051,67045,10782,17331,6550,15
"chr22",46533807,46534947,0.072266667969023,0.144533335938046,58773,215509,216479,971,30
"chr19",43414254,43414851,0.0722524252789969,0.144504850557994,45357,209041,221504,12464,9
"chr2",105037459,105038640,0.0722511344359582,0.144502268871916,49824,223891,225979,2089,17
"chr3",155854513,155855065,0.0722449416694294,0.144489883338859,63003,155966,228633,72668,15
"chr12",68807697,68807883,0.0722315785040354,0.144463157008071,20846,78316,95578,17263,20
"chr3",131026598,131027049,0.0722157315867466,0.144431463173493,62425,106515,110345,3831,16
"chr19",1556285,1556533,-0.0722125259821691,0.144425051964338,41789,56219,63517,7299,5
"chr15",64382514,64382519,-0.0722002169696043,0.144400433939209,29199,129631,198245,68615,13
"chr5",149580862,149580941,0.0721994997154934,0.144398999430987,70319,224560,236258,11699,8
"chr13",112069907,112070140,-0.0721948095968173,0.144389619193635,24534,127429,196953,69525,3
"chr11",55636939,55637138,-0.0721947105501671,0.144389421100334,14461,262572,269570,6999,2
"chr15",28111421,28111664,-0.0721766141688628,0.144353228337726,27957,201223,293335,92113,3
"chr12",130953257,130954081,0.0721746379715764,0.144349275943153,22699,177330,199946,22617,14
"chr5",139848021,139848025,-0.0721661230579775,0.144332246115955,69849,143818,151050,7233,8
"chr19",2235467,2236467,0.0721437167464479,0.144287433492896,41895,83420,93063,9644,21
"chr15",75626359,75627447,0.0721426547369071,0.144285309473814,29781,84048,101255,17208,19
"chr15",55994377,55994713,0.0721126427210283,0.144225285442057,28949,239668,291835,52168,11
"chr1",21669387,21669883,0.0721088778866007,0.144217755773201,1455,5934,30099,24166,7
"chr17",50707648,50707828,-0.0720989247212513,0.144197849442503,38272,53273,68484,15212,12
"chr11",114400357,114400389,0.0720940923599827,0.144188184719965,17042,86920,88065,1146,17
"chr10",85199011,85199290,-0.0720917941582198,0.14418358831644,10839,131252,190319,59068,2
"chr14",67674632,67675006,-0.0720608614501675,0.144121722900335,26078,16595,21366,4772,13
"chr7",4775082,4775690,-0.072058214580562,0.144116429161124,76294,167719,171071,3353,9
"chr20",47786021,47786122,-0.0720558624526101,0.14411172490522,54930,19285,19540,256,17
"chr11",18527048,18527506,0.0720492561697886,0.144098512339577,13771,172074,187901,15828,12
"chr19",38211354,38211354,-0.0720490393001068,0.144098078600214,44718,59634,79948,20315,2
"chr3",49104745,49105139,0.0720473215859293,0.144094643171859,60521,99008,112083,13076,13
"chr17",49764175,49764465,-0.0720372322684554,0.144074464536911,38129,79507,92745,13239,12
"chr12",120302254,120302363,0.0720268678372548,0.14405373567451,22179,193555,258464,64910,6
"chr1",156082414,156083157,0.0720060936630528,0.144012187326106,5681,28071,33187,5117,15
"chr1",36223697,36223876,0.0719983679005501,0.1439967358011,2435,113980,143409,29430,11
"chr19",2462520,2462963,0.071992898166127,0.143985796332254,41943,16407,51096,34690,5
"chr7",112940161,112940473,-0.071983628214628,0.143967256429256,78894,178652,179477,826,9
"chr6",13615179,13615306,-0.0719756447173818,0.143951289434764,71739,174540,191284,16745,13
"chr11",65572220,65572303,-0.0719638245983397,0.143927649196679,15367,88373,174009,85637,10
"chr14",96502303,96502966,0.0719543146133263,0.143908629226653,27099,194365,195731,1367,17
"chr1",154325398,154325509,-0.0719433595543982,0.143886719108796,5455,24640,32438,7799,10
"chr8",6835036,6835757,0.0719354576285934,0.143870915257187,80411,243263,287208,43946,18
"chr15",77820476,77820505,0.0719301385358695,0.143860277071739,29872,52614,81597,28984,7
"chr1",23168946,23169787,0.0719239873605746,0.143847974721149,1563,36016,85233,49218,13
"chr19",44890596,44891128,0.0719226369631981,0.143845273926396,45516,266670,293023,26354,12
"chr2",206086164,206086377,0.0719220231007224,0.143844046201445,51708,141728,159013,17286,9
"chr12",52813646,52814968,-0.0719171569855447,0.143834313971089,19952,214628,249422,34795,8
"chr16",3263282,3263752,0.0719089509767174,0.143817901953435,31443,215792,230890,15099,10
"chr12",84912869,84912948,-0.0719065721961919,0.143813144392384,21091,67270,77399,10130,17
"chr17",16380662,16381194,-0.0718855120242652,0.14377102404853,36025,98539,99165,627,16
"chr10",125776253,125776564,-0.0718720718657596,0.143744143731519,12265,250632,257728,7097,10
"chr2",47782727,47783223,0.0718709143265722,0.143741828653144,48552,6027,12951,6925,10
"chr16",1773874,1774176,0.0718680138208295,0.143736027641659,31077,99017,220138,121122,11
"chr3",194685555,194686316,-0.071864341999075,0.14372868399815,63941,142352,146690,4339,12
"chr1",165698633,165698669,0.0718569362325515,0.143713872465103,6307,37374,40073,2700,16
"chr1",12616755,12617258,0.0718441149582705,0.143688229916541,954,82466,101502,19037,20
"chr19",14419605,14419685,0.0718417196062241,0.143683439212448,43438,57272,98537,41266,14
"chr12",108514866,108514968,0.0718359174383637,0.143671834876727,21574,169398,174145,4748,9
"chr6",29005551,29005747,0.0718309412027304,0.143661882405461,72152,105499,114213,8715,15
"chr4",70591615,70591621,0.0718291084066179,0.143658216813236,65539,157902,236698,78797,7
"chr19",57477681,57477814,0.0718288236129332,0.143657647225866,47109,277684,298311,20628,12
"chr8",57278827,57279506,-0.0718228995623101,0.14364579912462,81641,41664,45892,4229,9
"chr6",31902648,31903193,0.0718178021497842,0.143635604299568,72609,174782,178818,4037,18
"chr14",65102594,65102625,-0.071815961101638,0.143631922203276,26022,78034,83750,5717,15
"chr3",193554772,193554989,-0.0718084883724379,0.143616976744876,63878,87331,94744,7414,11
"chr10",21518095,21518237,-0.0717970809679484,0.143594161935897,9451,186255,234439,48185,6
"chr18",76823279,76823678,0.0717921148103079,0.143584229620616,41416,224356,291605,67250,9
"chr2",85327656,85328451,0.0717776911568939,0.143555382313788,49298,87981,99995,12015,23
"chr1",201506823,201507162,-0.0717755012345893,0.143551002469179,7159,29097,39115,10019,23
"chr10",117548258,117548420,0.0717728660674108,0.143545732134822,11990,46874,176070,129197,3
"chr16",71880521,71880917,0.0717715507407544,0.143543101481509,33893,231966,297212,65247,2
"chr12",11649283,11649675,0.071765684345824,0.143531368691648,18745,90012,129099,39088,10
"chr16",1528558,1528572,0.0717573207391372,0.143514641478274,31033,234133,239099,4967,9
"chr17",28718170,28718530,0.0717436159332712,0.143487231866542,36452,69825,69909,85,42
"chr10",120456384,120456625,0.0717421325702829,0.143484265140566,12067,183513,222077,38565,9
"chr19",14006467,14006729,-0.0717399820953001,0.1434799641906,43392,199161,201863,2703,9
"chr1",119963634,119963685,-0.0717364502148442,0.143472900429688,4846,222581,284528,61948,2
"chr4",41257849,41258204,0.0717359042846085,0.143471808569217,65116,164282,165918,1637,2
"chr2",174487522,174488049,0.0717308715435314,0.143461743087063,51028,162223,220716,58494,11
"chr15",48331225,48332058,0.0717252608240096,0.143450521648019,28726,199323,204673,5351,21
"chr11",17077911,17078141,0.0717150792702627,0.143430158540525,13679,98719,174341,75623,7
"chr6",32969550,32972878,0.0717149705590594,0.143429941118119,72763,130414,138511,8098,102
"chr1",32251172,32251216,-0.0717003633892847,0.143400726778569,2185,65331,84595,19265,9
"chr11",64370275,64370704,0.0717000380844332,0.143400076168866,15150,187555,190758,3204,2
"chr1",27830550,27831161,-0.0716983805875521,0.143396761175104,1947,100635,100894,260,14
"chr6",34236770,34236778,-0.0716843943359248,0.14336878867185,72912,71132,189275,118144,8
"chr14",56810487,56812778,-0.0716837860378444,0.143367572075689,25731,124103,203471,79369,18
"chr6",3324167,3324819,-0.0716772689023845,0.143354537804769,71500,237409,244636,7228,6
"chr2",41876779,41877511,-0.0716772451296972,0.143354490259394,48363,227318,235639,8322,6
"chr13",79481513,79481691,-0.071675696737833,0.143351393475666,24076,199688,199798,111,13
"chr11",69819566,69819880,0.0716755497498768,0.143351099499754,15876,14275,42244,27970,15
"chr5",93618268,93618271,0.0716724808734845,0.143344961746969,68959,165453,290600,125148,2
"chr17",8002724,8003529,-0.0716685633759437,0.143337126751887,35674,54350,56715,2366,11
"chr12",132829487,132829723,0.0716678841077381,0.143335768215476,22869,218620,226738,8119,11
"chr7",45921503,45922179,0.0716628232895483,0.143325646579097,77328,94574,101111,6538,34
"chr1",156741123,156741206,0.0716617672769908,0.143323534553982,5797,85362,91165,5804,11
"chr18",158292,158294,0.0716517552391012,0.143303510478202,40222,201511,205385,3875,8
"chr11",6926980,6927034,0.071648232759221,0.143296465518442,13317,192037,289342,97306,15
"chr13",76886163,76886187,0.0716328399858457,0.143265679971691,24012,99355,112020,12666,16
"chr16",4884049,4884474,-0.0716244254866497,0.143248850973299,31647,2506,2747,242,3
"chr8",27614742,27614940,-0.0716198744480478,0.143239748896096,81030,138227,167892,29666,16
"chr20",62386395,62386984,0.0716182172567832,0.143236434513566,55407,101026,231782,130757,10
"chr6",7314343,7314613,0.0716159008149293,0.143231801629859,71586,224834,306327,81494,10
"chr1",42335345,42335410,-0.0716149993566269,0.143229998713254,2758,30365,33823,3459,18
"chr1",85062189,85062194,-0.0716144072109723,0.143228814421945,3919,261624,274097,12474,12
"chr1",28235857,28236197,-0.0716133126338678,0.143226625267736,1983,90395,97118,6724,12
"chr4",22712733,22713240,-0.0716067863827898,0.14321357276558,64862,128594,133427,4834,6
"chr17",45132092,45132736,0.0715966304005397,0.143193260801079,37818,118582,138655,20074,8
"chr2",70125125,70125186,-0.0715910564809036,0.143182112961807,48966,38100,147376,109277,3
"chr7",87151864,87152257,-0.0715804541859797,0.143160908371959,77966,259935,286157,26223,15
"chr19",17419853,17420561,0.0715731834040642,0.143146366808128,43754,200096,210685,10590,15
"chr3",47513761,47513973,0.0715603610810748,0.14312072216215,60339,146653,160466,13814,13
"chr9",131009084,131009475,0.0715585819284669,0.143117163856934,86085,66949,82003,15055,8
"chr17",73092568,73092764,0.071538291746389,0.143076583492778,39005,86953,98252,11300,11
"chr3",128507055,128507656,-0.0715222990727748,0.14304459814555,62279,161373,309888,148516,6
"chr7",149976,150023,-0.0715189544285149,0.14303790885703,75949,13055,18384,5330,11
"chr12",6967690,6967702,0.071508421360686,0.143016842721372,18429,76031,185004,108974,3
"chr4",121800827,121801435,-0.0714958218805471,0.142991643761094,66403,91312,106070,14759,11
"chr19",43983969,43984029,-0.0714947417234813,0.142989483446963,45441,15563,56148,40586,12
"chr7",134459310,134459354,0.0714925313408385,0.142985062681677,79386,140795,174358,33564,13
"chr6",27472846,27473257,-0.0714898389769369,0.142979677953874,72039,27063,91028,63966,8
"chr18",50729680,50729867,0.0714894603078871,0.142978920615774,41023,52419,209655,157237,3
"chr16",67149822,67150659,0.0714720765019772,0.142944153003954,33465,195309,204144,8836,13
"chr10",35090693,35090703,0.0714711742052245,0.142942348410449,9727,189709,234140,44432,12
"chr22",42090884,42090955,0.0714699551725295,0.142939910345059,58459,23861,76988,53128,14
"chr2",215942853,215943028,0.0714622796353339,0.142924559270668,51910,267283,270636,3354,2
"chr17",15685544,15685573,0.0714606837882291,0.142921367576458,35966,257693,260209,2517,2
"chr2",120252297,120252645,0.0714565538834194,0.142913107766839,50157,230383,238465,8083,9
"chr14",104924763,104924781,0.0714368681339892,0.142873736267978,27616,260064,261703,1640,7
"chr11",44726224,44726777,-0.0714330500426699,0.14286610008534,14181,175865,231288,55424,3
"chr16",3058452,3060503,-0.071425417936067,0.142850835872134,31400,231156,257591,26436,8
"chr6",157823240,157823243,-0.071425255719976,0.142850511439952,75544,23644,66264,42621,9
"chr18",12947067,12947633,0.0714252260545656,0.142850452109131,40509,197879,203652,5774,12
"chr12",53321644,53321710,0.071422444984724,0.142844889969448,20047,42668,49086,6419,11
"chr12",32755888,32755971,-0.0714136522236072,0.142827304447214,19258,104590,131306,26717,18
"chr17",16569402,16569552,0.0714095737506375,0.142819147501275,36040,92010,126391,34382,13
"chr11",8682934,8682954,-0.0713829628652055,0.142765925730411,13409,24238,25310,1073,18
"chr2",15940248,15941044,0.071375001088806,0.142750002177612,47624,164396,229717,65322,14
"chr17",2017802,2017815,-0.0713738540809571,0.142747708161914,34982,223825,249592,25768,7
"chr17",7685954,7686544,0.0713730893844541,0.142746178768908,35602,268536,299874,31339,15
"chr10",68901203,68901252,0.0713727728013827,0.142745545602765,10291,180002,181886,1885,10
"chr7",120858208,120858576,0.071371717781734,0.142743435563468,79007,225446,243860,18415,9
"chr9",74497137,74497287,-0.0713666832043975,0.142733366408795,84391,46555,59700,13146,8
"chr16",85902222,85902536,0.0713649808425607,0.142729961685121,34383,235873,239154,3282,9
"chr15",72686416,72686484,0.0713629106899338,0.142725821379868,29590,95243,118920,23678,21
"chr14",24094226,24094369,0.0713626576607424,0.142725315321485,25129,95596,102755,7160,13
"chr14",68978578,68979787,0.071360461811816,0.142720923623632,26123,293794,297274,3481,17
"chr17",63940989,63941048,-0.0713593338959298,0.14271866779186,38747,195565,205708,10144,4
"chr3",122534215,122534522,-0.0713520120880818,0.142704024176164,62025,157056,308804,151749,2
"chr19",18203998,18204096,-0.071350216084535,0.14270043216907,43895,13553,22116,8564,14
"chr10",58268947,58269209,0.0713462659076027,0.142692531815205,10089,21761,40404,18644,13
"chr17",41424919,41425660,-0.071340853046596,0.142681706093192,37322,254496,292697,38202,5
"chr8",94436988,94437141,0.0713280648966078,0.142656129793216,82168,264859,268306,3448,8
"chr20",18288145,18288409,0.0713255596517466,0.142651119303493,53658,59214,67030,7817,14
"chr18",32091655,32092495,-0.0713181492390514,0.142636298478103,40728,192567,199527,6961,11
"chr7",29989774,29990192,0.0713091009777698,0.14261820195554,76903,29317,41176,11860,15
"chr3",138936151,138936496,-0.0713042375706859,0.142608475141372,62637,17178,31477,14300,12
"chr9",98119517,98119649,-0.071285517300756,0.142571034601512,84914,241490,270228,28739,10
"chr6",41548748,41548765,0.0712636022220431,0.142527204444086,73277,40130,69886,29757,8
"chr3",101686889,101687503,-0.0712549765298305,0.142509953059661,61609,39586,147114,107529,10
"chr16",20741957,20742155,0.0712539860623758,0.142507972124752,32129,206179,207343,1165,8
"chr1",32179554,32180426,0.0712494404079484,0.142498880815897,2164,153834,158530,4697,19
"chr14",37197284,37197789,0.0712464769885816,0.142492953977163,25415,209563,216555,6993,15
"chr6",149963431,149963935,0.0712446239735119,0.142489247947024,75350,170016,175307,5292,9
"chr7",122886354,122886634,-0.0712433732276689,0.142486746455338,79044,82230,103834,21605,17
"chr17",7929845,7932965,0.0712381520016608,0.142476304003322,35667,275272,292151,16880,33
"chr20",59995145,59995468,-0.0712213894593801,0.14244277891876,55313,203456,206834,3379,4
"chr1",84893423,84893451,0.0712206948499626,0.142441389699925,3910,121577,142030,20454,6
"chr6",42784431,42784620,-0.0711862410699203,0.142372482139841,73357,308824,311442,2619,3
"chr6",43635686,43635809,0.0711793004934327,0.142358600986865,73503,173805,173897,93,11
"chr11",12376588,12377357,-0.0711662581768133,0.142332516353627,13578,187737,231326,43590,15
"chr21",39612626,39612683,0.0711614500808765,0.142322900161753,56270,127245,136813,9569,12
"chr18",3450344,3451608,0.0711425662257376,0.142285132451475,40302,74398,126456,52059,36
"chr1",84996800,84997209,0.0711383686175371,0.142276737235074,3915,145552,162270,16719,7
"chr1",33182253,33182332,0.071128653462158,0.142257306924316,2265,102631,104983,2353,17
"chr22",26506396,26506775,0.0711224180910595,0.142244836182119,57377,228714,237419,8706,3
"chr15",75043122,75043152,0.0711220469419318,0.142244093883864,29745,7435,115183,107749,6
"chr14",92323675,92323753,-0.0711096607245647,0.142219321449129,26857,11797,66550,54754,4
"chr10",62816472,62816496,0.0711077095061468,0.142215419012294,10187,169263,169605,343,16
"chr1",29121459,29121601,0.0710931594147812,0.142186318829562,2040,127592,284879,157288,2
"chr4",155376790,155377052,0.0710862762173455,0.142172552434691,66870,86056,92040,5985,12
"chr7",99976316,99976723,-0.0710845794344583,0.142169158868917,78349,265275,281579,16305,6
"chr15",69298855,69299018,-0.0710834399855695,0.142166879971139,29458,73538,92724,19187,9
"chr17",4143569,4144280,0.0710817199560854,0.142163439912171,35174,94784,97671,2888,18
"chr19",54173290,54173380,0.0710800255761242,0.142160051152248,46769,129146,209872,80727,6
"chr2",85577353,85577523,0.0710769613467158,0.142153922693432,49324,142974,252531,109558,7
"chr19",15419044,15419819,-0.0710730678907411,0.142146135781482,43552,52698,106331,53634,17
"chr1",46719480,46719564,0.0710696536222739,0.142139307244548,3131,135123,161970,26848,10
"chr11",45665727,45665893,0.0710645477746858,0.142129095549372,14217,41459,44060,2602,9
"chr4",158172733,158173933,-0.0710439192810453,0.142087838562091,66899,112450,117322,4873,12
"chr12",122835353,122835357,-0.0710432197916985,0.142086439583397,22403,59298,70250,10953,5
"chr4",154743802,154744680,0.0710427152985609,0.142085430597122,66859,115732,130748,15017,10
"chr16",86513022,86513025,0.0710205727483809,0.142041145496762,34399,293354,297106,3753,7
"chr17",15651801,15651929,0.0710184572073682,0.142036914414736,35963,280491,295630,15140,2
"chr6",83853500,83853502,0.0710170431501419,0.142034086300284,74098,59859,70725,10867,17
"chr10",87862624,87863579,-0.0710136749727423,0.142027349945485,10901,5859,11932,6074,54
"chr15",40038940,40039353,0.0710100809328688,0.142020161865738,28216,202338,212804,10467,15
"chr12",48957754,48958082,0.0710061584556897,0.142012316911379,19545,199333,275369,76037,8
"chr12",96193956,96194432,0.0710032080258094,0.142006416051619,21282,85474,88468,2995,7
"chr19",47264618,47264814,-0.070996998018346,0.141993996036692,45826,52104,53440,1337,2
"chr5",140547198,140547573,0.0709949042334174,0.141989808466835,69884,161679,247359,85681,12
"chr2",61537786,61538345,-0.0709900642425616,0.141980128485123,48764,64541,78906,14366,15
"chr4",8366759,8366874,-0.0709813183057839,0.141962636611568,64661,161411,162938,1528,4
"chr19",56839954,56841174,-0.070970983401085,0.14194196680217,47066,56767,73162,16396,25
"chr9",14308067,14308248,0.0709689543334182,0.141937908666836,83697,175108,214740,39633,4
"chr1",162497835,162498121,0.0709478251709428,0.141895650341886,6248,30607,31094,488,17
"chr10",88582981,88583435,-0.0709203220511139,0.141840644102228,10912,110938,119646,8709,15
"chr18",24138494,24138860,-0.0709176595218357,0.141835319043671,40643,102111,111388,9278,21
"chr10",104219951,104220306,-0.0709135578508493,0.141827115701699,11715,173037,287799,114763,3
"chr3",50611460,50612023,-0.0709027779044463,0.141805555808893,60740,146339,148632,2294,18
"chr18",67516115,67516508,-0.0708984741909706,0.141796948381941,41297,52872,76652,23781,3
"chr1",3900421,3900432,-0.0708950514212111,0.141790102842422,456,259304,264103,4800,13
"chr4",41981689,41981699,0.0708900364045916,0.141780072809183,65140,33620,67144,33525,9
"chr3",179071438,179071811,-0.0708890262928174,0.141778052585635,63335,102561,116810,14250,17
"chr14",32939198,32939254,-0.0708859205381122,0.141771841076224,25339,53355,59635,6281,11
"chr3",56557078,56557091,0.0708856234988287,0.141771246997657,61048,246969,251263,4295,11
"chr1",163071912,163071983,0.0708697660525308,0.141739532105062,6274,156680,271202,114523,2
"chr1",15152864,15153734,0.0708619905841792,0.141723981168358,1001,29190,30546,1357,18
"chr1",161201593,161202465,0.0708536286224108,0.141707257244822,6168,152635,155524,2890,16
"chr6",26383069,26383167,0.0708530987401158,0.141706197480232,71979,3552,91259,87708,7
"chr6",151807348,151807393,0.0708390397097318,0.141678079419464,75401,116686,117376,691,36
"chr5",93582854,93583142,0.0708332372102273,0.141666474420455,68954,128547,141220,12674,12
"chr17",60078998,60079852,0.0708270936532986,0.141654187306597,38570,108687,129286,20600,13
"chr7",5427735,5427847,0.0708107703354341,0.141621540670868,76360,103664,308013,204350,2
"chr16",726658,726762,0.0708031673249918,0.141606334649984,30893,245200,265841,20642,20
"chr16",66844348,66844357,0.0708031509565562,0.141606301913112,33421,62271,70130,7860,16
"chr19",10713003,10713192,-0.0707972403842309,0.141594480768462,42982,15750,82502,66753,4
"chr4",109703381,109703890,0.0707952811677909,0.141590562335582,66205,264934,270967,6034,11
"chr5",76401834,76401917,-0.0707917644347427,0.141583528869485,68683,254830,283710,28881,2
"chr12",109783165,109783652,-0.0707871248173755,0.141574249634751,21697,15719,183341,167623,2
"chr7",153887056,153887663,-0.0707455408762108,0.141491081752422,80134,113944,118382,4439,15
"chr15",62823066,62823141,-0.0707389542706486,0.141477908541297,29119,212750,296046,83297,9
"chr14",102139604,102139931,0.0707378795829224,0.141475759165845,27368,192709,210751,18043,15
"chr1",151059875,151060531,-0.0707112256686482,0.141422451337296,5089,141384,154731,13348,15
"chr2",157256716,157256807,-0.0706914567358564,0.141382913471713,50630,221769,259741,37973,2
"chr7",27151230,27151733,0.0706887991429756,0.141377598285951,76814,185822,191220,5399,20
"chr19",2250902,2250957,0.0706853042725929,0.141370608545186,41899,7418,11238,3821,4
"chr8",33512494,33512559,0.0706786511547359,0.141357302309472,81184,41688,50706,9019,19
"chr7",139230659,139231130,0.0706726294481522,0.141345258896304,79511,192318,222365,30048,9
"chr13",102774109,102774822,0.0706577676633406,0.141315535326681,24354,126739,240083,113345,13
"chr3",184193104,184193570,-0.0706557730628222,0.141311546125644,63533,238908,289713,50806,3
"chr11",13496247,13496374,0.0706544826568361,0.141308965313672,13602,269781,275112,5332,4
"chr1",20633397,20633517,-0.070650006418644,0.141300012837288,1399,8525,11021,2497,11
"chr8",132127878,132127953,0.0706386451572611,0.141277290314522,82819,114656,181432,66777,2
"chr8",6708039,6708325,-0.0706270789598761,0.141254157919752,80404,176056,176724,669,13
"chr10",58999133,58999426,0.0706077259304666,0.141215451860933,10102,240242,247766,7525,3
"chr17",82698847,82699713,0.0706071401074513,0.141214280214903,40170,126045,201528,75484,6
"chr1",212608124,212608425,0.070606390546937,0.141212781093874,7812,158863,165287,6425,12
"chr20",57266840,57267291,0.0706026160675412,0.141205232135082,55172,122711,123676,966,18
"chr2",196171916,196172051,-0.0706024216670446,0.141204843334089,51415,162080,166153,4074,11
"chr9",35910947,35910959,0.070601075219695,0.14120215043939,84176,80875,301423,220549,2
"chr1",32703124,32703226,-0.0705954160545975,0.141190832109195,2219,65601,69547,3947,8
"chr1",161165821,161166316,-0.0705889968377702,0.14117799367554,6150,159654,160159,506,15
"chr11",86672515,86672654,0.0705702646285545,0.141140529257109,16479,11222,11586,365,18
"chr19",1523443,1523918,0.0705600933147108,0.141120186629422,41783,72871,198579,125709,9
"chr6",144150296,144150506,0.0705498363783901,0.14109967275678,75226,49979,137764,87786,4
"chr16",760667,760695,-0.0705174360322263,0.141034872064453,30901,245145,271415,26271,17
"chr7",6154155,6154343,0.070510029905702,0.141020059811404,76419,5952,104678,98727,2
"chr1",63321612,63323670,0.0704883571562544,0.140976714312509,3574,38705,60572,21868,15
"chr20",32855492,32855663,0.0704841530413716,0.140968306082743,54056,113173,120569,7397,4
"chr5",147906521,147907154,-0.0704730981623357,0.140946196324671,70248,161250,249992,88743,5
"chr14",41607858,41608117,0.0704563184235042,0.140912636847008,25460,115641,199217,83577,10
"chr2",111884053,111884161,0.070448776997117,0.140897553994234,49959,19795,30193,10399,11
"chr10",46020058,46020119,0.0704445527083518,0.140889105416704,9917,102503,173565,71063,8
"chr7",141973782,141973914,-0.0704441583949513,0.140888316789903,79640,182841,189622,6782,6
"chr2",229271032,229271434,0.0704405652490351,0.14088113049807,52385,155283,157661,2379,10
"chr9",95086330,95086491,-0.0704358288634967,0.140871657726993,84782,285868,291214,5347,13
"chr4",2009997,2010123,0.070433597944127,0.140867195888254,64335,157814,261236,103423,13
"chr1",40838433,40838483,0.070422420021021,0.140844840042042,2704,15937,132401,116465,3
"chr4",40196509,40196861,-0.0704166449610054,0.140833289922011,65079,144557,147055,2499,14
"chr19",48619125,48619247,-0.0704130421208501,0.1408260842417,45992,18992,20795,1804,23
"chr17",17180609,17180648,0.0703949973979177,0.140789994795835,36062,278071,290885,12815,2
"chr13",114280804,114281770,-0.0703851386319765,0.140770277263953,24745,96431,138717,42287,11
"chr1",37859989,37860302,-0.0703835287536254,0.140767057507251,2526,31245,34387,3143,8
"chr12",21501612,21501761,0.0703657368397736,0.140731473679547,19007,40789,42816,2028,16
"chr6",10585593,10585656,-0.0703636476268475,0.140727295253695,71651,188238,257882,69645,5
"chr1",90851165,90851444,0.0703586981259189,0.140717396251838,4033,158796,164055,5260,10
"chr6",29486846,29487755,-0.0703572192841588,0.140714438568318,72176,90150,99437,9288,12
"chr6",106510428,106510513,-0.0703534749403509,0.140706949880702,74375,189227,189322,96,4
"chr9",71447158,71447171,0.0703523685313491,0.140704737062698,84358,122751,123024,274,4
"chr19",10983899,10983982,0.0703513751332968,0.140702750266594,43008,202701,232781,30081,5
"chr2",105241323,105241857,-0.0703422382420802,0.14068447648416,49831,164366,224714,60349,17
"chr12",7504800,7504830,-0.0703412534811919,0.140682506962384,18481,96455,309415,212961,2
"chr8",138152392,138152455,-0.0703369771837169,0.140673954367434,82908,89498,251214,161717,3
"chr1",52033321,52034019,0.070336084699613,0.140672169399226,3257,141174,146330,5157,14
"chr3",122577182,122577538,0.0703348281193324,0.140669656238665,62030,163519,241135,77617,10
"chr8",92965784,92966146,0.0703230376219832,0.140646075243966,82139,40586,112842,72257,13
"chr7",99408726,99409235,-0.0703209097110082,0.140641819422016,78290,172097,172430,334,15
"chr12",123163967,123164051,0.0703204904421819,0.140640980884364,22450,264027,273249,9223,2
"chr17",75765393,75765629,0.0703141467183966,0.140628293436793,39279,115358,196982,81625,9
"chr4",112818093,112818191,0.0703067663360647,0.140613532672129,66269,139482,141817,2336,13
"chr6",29887333,29887658,-0.0703011378076821,0.140602275615364,72234,169136,174977,5842,6
"chr12",113135616,113135806,0.0702985292484093,0.140597058496819,21919,49372,54713,5342,15
"chr5",140925505,140925898,0.0702983724280014,0.140596744856003,69961,134909,212668,77760,18
"chr4",1870508,1870889,-0.0702893643503149,0.14057872870063,64310,29778,30672,895,6
"chr1",231187730,231188306,-0.0702734160220524,0.140546832044105,8399,62431,132037,69607,10
"chr3",120094717,120094842,-0.0702724082314873,0.140544816462975,61945,141989,142585,597,15
"chr8",60911796,60911911,0.0702660207488482,0.140532041497696,81687,279387,306658,27272,3
"chr2",64453948,64454003,0.0702598725289839,0.140519745057968,48818,104701,154446,49746,4
"chr6",152381328,152381525,-0.0702582587843834,0.140516517568767,75423,190505,191351,847,7
"chr12",106955046,106956699,-0.0702554834467049,0.14051096689341,21535,180527,180661,135,20
"chr3",180989434,180990119,0.0702534046861634,0.140506809372327,63410,84514,147760,63247,13
"chr2",29920719,29921785,0.0702455114089746,0.140491022817949,48108,38844,148498,109655,14
"chr1",44784203,44784227,0.0702416711333524,0.140483342266705,2967,17564,107552,89989,3
"chr18",12658351,12658612,-0.0702319139242261,0.140463827848452,40496,69449,112566,43118,12
"chr2",88169488,88170273,0.0702237709787499,0.1404475419575,49425,105708,156193,50486,9
"chr15",55743002,55743173,-0.070223072207688,0.140446144415376,28940,8222,56492,48271,7
"chr5",83077048,83077403,0.0702194396956594,0.140438879391319,68851,39846,97893,58048,20
"chr6",10694674,10694811,-0.0702171376697235,0.140434275339447,71654,174286,188013,13728,18
"chr21",39387648,39387760,0.0702093815235161,0.140418763047032,56258,706,13545,12840,6
"chr14",23468756,23468938,0.0702080918671388,0.140416183734278,25070,198494,198776,283,13
"chr15",29822448,29822626,0.0701959571371402,0.14039191427428,28004,11151,13866,2716,21
"chr5",96661896,96661950,-0.0701838285568403,0.140367657113681,69021,262597,273045,10449,19
"chr6",166997873,166998305,0.0701785011440596,0.140357002288119,75781,130545,137172,6628,16
"chr5",132673938,132674039,-0.070172039260813,0.140344078521626,69519,121920,259720,137801,5
"chr1",150578858,150579906,0.0701618226519084,0.140323645303817,5045,166235,233547,67313,19
"chr12",58919473,58920391,0.0701439182028593,0.140287836405719,20664,119211,135066,15856,19
"chr13",113074511,113075036,-0.070132120802445,0.14026424160489,24590,205866,205878,13,5
"chr19",35248043,35248859,0.0701277942970571,0.140255588594114,44435,51193,90947,39755,11
"chr7",967204,967921,-0.0701115279995345,0.140223055999069,76031,172100,190132,18033,5
"chr4",112285975,112286262,-0.0700897559562162,0.140179511912432,66255,132805,141751,8947,8
"chr12",118016613,118016719,0.0700742838395086,0.140148567679017,22076,28593,43401,14809,13
"chr3",71754188,71754322,-0.0700684129593567,0.140136825918713,61360,3268,5306,2039,19
"chr9",99819958,99821863,0.0700673844663672,0.140134768932734,84963,71338,91125,19788,12
"chr6",41027409,41028353,0.0700605610354332,0.140121122070866,73237,46605,85101,38497,8
"chr19",49142900,49142922,0.0700560658481041,0.140112131696208,46103,59137,295975,236839,5
"chr16",3282748,3283448,-0.0700557591152517,0.140111518230503,31446,238848,246057,7210,14
"chr2",169573693,169573963,0.0700465945368702,0.14009318907374,50875,159169,159581,413,12
"chr1",27490167,27490270,-0.0700413196736779,0.140082639347356,1920,89898,131072,41175,13
"chr1",27935179,27935195,0.0700381064009671,0.140076212801934,1963,158537,159962,1426,6
"chr2",181680482,181681044,0.0700376686921214,0.140075337384243,51225,148708,164356,15649,12
"chr22",46364065,46364608,-0.0700374736306723,0.140074947261345,58759,7967,52753,44787,4
"chr3",120450936,120450974,0.0700370506789105,0.140074101357821,61956,6337,10893,4557,3
"chr20",13220335,13221015,0.0700168911373238,0.140033782274648,53591,24672,26456,1785,30
"chr10",74826385,74826561,-0.070013336800506,0.140026673601012,10634,188967,265311,76345,10
"chr16",28491909,28491985,-0.0700108524791007,0.140021704958201,32424,244073,248869,4797,13
"chr2",119158153,119158934,0.0700032886278711,0.140006577255742,50112,11069,17303,6235,16
"chr1",170145340,170145805,-0.0699886898311968,0.139977379662394,6461,144414,146518,2105,9
"chr2",74549155,74549704,0.0699781759811291,0.139956351962258,49189,147848,166161,18314,20
"chr17",76537894,76538100,0.0699770586133014,0.139954117226603,39412,55650,66683,11034,16
"chr14",88824339,88824614,-0.0699638756214143,0.139927751242829,26727,73685,83506,9822,17
"chr3",98733904,98734035,0.0699598836131518,0.139919767226304,61533,140979,288338,147360,4
"chr8",89757901,89758228,-0.0699547413393357,0.139909482678671,82076,174980,256269,81290,7
"chr4",1248623,1250716,0.0699541833889367,0.139908366777873,64264,140084,143083,3000,17
"chr11",46617001,46617715,-0.0699466392652599,0.13989327853052,14287,110779,115176,4398,15
"chr22",50582531,50582989,0.0699456179424996,0.139891235884999,58988,137916,138166,251,14
"chr4",48016565,48017538,0.0699454933772825,0.139890986754565,65206,37882,85349,47468,9
"chr2",55269248,55269943,-0.0699423512576436,0.139884702515287,48662,102009,129160,27152,14
"chr1",162561377,162561434,0.0699317978424478,0.139863595684896,6250,148796,149862,1067,14
"chr7",93890580,93890871,0.0699300277964353,0.139860055592871,78119,94733,96639,1907,21
"chr11",59143103,59143110,0.0699294398039722,0.139858879607944,14655,233718,257153,23436,21
"chr22",41923345,41924001,0.0699109806922792,0.139821961384558,58426,235684,263857,28174,3
"chr16",57802701,57803038,-0.0699076614768905,0.139815322953781,33283,3171,68330,65160,12
"chr15",90903281,90903715,-0.0698926083413698,0.13978521668274,30440,111433,195416,83984,9
"chr3",183450887,183451080,0.0698889611181803,0.139777922236361,63456,133817,265461,131645,2
"chr9",92974448,92974574,-0.069869034039315,0.13973806807863,84692,219759,225244,5486,8
"chr21",29940015,29940217,0.0698482615812799,0.13969652316256,55869,109060,112734,3675,17
"chr1",9715697,9715927,0.0698462417355855,0.139692483471171,732,305,1134,830,8
"chr10",102419214,102419297,-0.0698328969236767,0.139665793847353,11559,170570,172102,1533,24
"chr6",104859961,104860369,0.069826908115778,0.139653816231556,74340,192069,229824,37756,13
"chr11",30016763,30017241,0.0698245736958979,0.139649147391796,13918,94071,95682,1612,14
"chr3",134250996,134251079,-0.0698232192725257,0.139646438545051,62520,64757,152187,87431,8
"chr19",7628573,7629792,0.0698183385492275,0.139636677098455,42583,284049,292968,8920,14
"chr4",66275534,66275579,-0.0698007425060936,0.139601485012187,65443,242024,274374,32351,3
"chr14",77444260,77444319,-0.0698003839728585,0.139600767945717,26583,241279,311321,70043,2
"chr5",3595793,3595849,0.0697951262793309,0.139590252558662,67576,123726,131976,8251,4
"chr6",33296028,33296108,-0.0697901458541102,0.13958029170822,72827,43964,45751,1788,25
"chr16",89629783,89630160,-0.0697856536920355,0.139571307384071,34685,3765,217305,213541,5
"chr22",31753470,31753747,-0.0697837273641714,0.139567454728343,57733,270437,292197,21761,10
"chr6",136550743,136550762,0.0697745135420988,0.139549027084198,75044,189583,195194,5612,14
"chr10",114993600,114993613,0.0697736802079702,0.13954736041594,11930,243191,274421,31231,3
"chr14",101055175,101056094,-0.0697718209834775,0.139543641966955,27313,207993,214489,6497,20
"chr3",53130409,53130603,-0.0697629869231636,0.139525973846327,60975,25870,32244,6375,11
"chr5",39425076,39425416,0.0697621592449725,0.139524318489945,68104,237094,256341,19248,13
"chr15",90528815,90528829,-0.0697574555446182,0.139514911089236,30409,202958,232480,29523,2
"chr2",85754572,85754581,0.0697482590182805,0.139496518036561,49351,248780,267487,18708,4
"chr7",65372456,65372591,0.0697471161867309,0.139494232373462,77579,181498,270146,88649,2
"chr10",4651018,4651151,0.0697242814848194,0.139448562969639,9003,177351,282841,105491,2
"chr5",151771528,151772696,0.069718842234008,0.139437684468016,70496,153782,160952,7171,28
"chr10",105820360,105820425,-0.0697031406578306,0.139406281315661,11749,126298,130508,4211,2
"chr1",25818946,25819705,0.0696974657328586,0.139394931465717,1736,153133,155187,2055,21
"chr7",78346654,78347105,-0.0696953457840846,0.139390691568169,77890,41631,175243,133613,7
"chr6",27891698,27891700,-0.0696935541539896,0.139387108307979,72064,239182,309748,70567,5
"chr10",7410429,7411549,-0.0696929442105952,0.13938588842119,9133,43613,43671,59,23
"chr19",45973725,45973738,-0.0696912608636432,0.139382521727286,45699,61871,64890,3020,9
"chr19",22422432,22422987,-0.0696878337497191,0.139375667499438,44161,104371,118455,14085,5
"chr15",24675193,24675843,-0.0696823663404437,0.139364732680887,27776,193610,204892,11283,15
"chr22",29306345,29306499,-0.0696769918540947,0.139353983708189,57482,101256,116967,15712,18
"chr16",72094425,72094460,0.0696687894153038,0.139337578830608,33915,274509,274594,86,28
"chr6",33188429,33189149,-0.0696680694015529,0.139336138803106,72803,144900,170903,26004,13
"chr11",5510005,5510315,0.0696677497808824,0.139335499561765,13177,186638,272696,86059,6
"chr11",65558737,65558780,0.0696537581582115,0.139307516316423,15364,129050,173777,44728,13
"chr10",7412580,7412797,-0.069649086060468,0.139298172120936,9134,180772,228826,48055,3
"chr5",127702348,127702757,-0.0696366362522109,0.139273272504422,69419,238586,256465,17880,3
"chr12",65827887,65828009,-0.069636324563622,0.139272649127244,20765,191947,219411,27465,3
"chr16",171802,171812,0.0696342812017195,0.139268562403439,30756,218906,255555,36650,3
"chr5",115840729,115840959,-0.069629202395413,0.139258404790826,69265,220202,232591,12390,18
"chr16",1954822,1955061,-0.0696277902873717,0.139255580574743,31118,100943,111824,10882,7
"chr10",22345213,22345270,-0.0696277798836958,0.139255559767392,9479,7814,14809,6996,13
"chr2",17540333,17540536,0.0696170849580875,0.139234169916175,47635,32979,34004,1026,17
"chr10",68407254,68407457,-0.0696084931223851,0.13921698624477,10260,49586,77874,28289,10
"chr19",43574953,43575735,0.0696022018382585,0.139204403676517,45383,203503,206118,2616,10
"chr1",215083105,215083292,0.0696011049335865,0.139202209867173,7879,37992,113629,75638,6
"chr15",62060420,62060628,-0.0695904763426443,0.139180952685289,29088,27303,54098,26796,14
"chr2",72916405,72917154,0.069590362633221,0.139180725266442,49049,38853,39014,162,11
"chr22",30387748,30387757,0.0695876729454214,0.139175345890843,57587,106214,227018,120805,11
"chr1",85259019,85259705,-0.0695826885250792,0.139165377050158,3924,69478,86586,17109,10
"chr19",19643746,19644227,-0.0695817656863331,0.139163531372666,44096,113993,198280,84288,11
"chr14",95094127,95094139,-0.0695777156419152,0.13915543128383,27004,311634,311675,42,6
"chr6",13328430,13328791,0.0695685408012963,0.139137081602593,71721,7401,10433,3033,11
"chr10",132307289,132307291,-0.0695601655174722,0.139120331034944,12413,3641,65566,61926,4
"chr17",45242004,45242015,0.0695558012612045,0.139111602522409,37835,19474,20556,1083,4
"chr11",86807929,86808540,0.0695269995407479,0.139053999081496,16485,280250,286673,6424,4
"chr12",4272565,4272626,0.069511497958315,0.13902299591663,18200,180421,184929,4509,37
"chr20",58309480,58309947,0.0695088123385941,0.139017624677188,55214,139327,202928,63602,8
"chr14",31207592,31208239,0.069507848184954,0.139015696369908,25309,66586,198693,132108,10
"chr17",7582740,7584101,-0.0695001971836622,0.139000394367324,35577,262052,273591,11540,26
"chr2",191848194,191848249,-0.0694983876734417,0.138996775346883,51396,149617,152091,2475,13
"chr15",90930339,90930890,0.0694943610274052,0.13898872205481,30451,299782,308268,8487,13
"chr14",24195660,24196239,-0.0694858326408549,0.13897166528171,25168,78176,103009,24834,12
"chr9",78296169,78296929,0.0694845308832665,0.138969061766533,84452,266602,274488,7887,12
"chr18",49460506,49460823,-0.0694817604390572,0.138963520878114,40984,72900,93835,20936,10
"chr11",65978821,65979691,-0.0694713141969515,0.138942628393903,15460,174718,278808,104091,4
"chr18",12378045,12378337,0.0694674425872188,0.138934885174438,40486,86519,240471,153953,13
"chr12",125326142,125326221,-0.0694441891664471,0.138888378332894,22607,106150,121325,15176,6
"chr8",41578179,41578183,-0.0694365004414024,0.138873000882805,81365,19859,26413,6555,12
"chr1",183185981,183186019,0.0694359189613327,0.138871837922665,6857,36331,79016,42686,9
"chr4",56504608,56505423,0.0694177756250018,0.138835551250004,65400,64886,161398,96513,11
"chr10",25016766,25017436,-0.06941715086654,0.13883430173308,9526,178170,192186,14017,14
"chr7",30682374,30682817,0.0694163949968201,0.13883278999364,76937,68281,81510,13230,15
"chr11",66001993,66002040,0.0694033287990947,0.138806657598189,15464,140239,172889,32651,28
"chr9",69672236,69673153,0.0694018944489389,0.138803788897878,84330,102979,104082,1104,15
"chr2",242088296,242088584,-0.0693849217272997,0.138769843454599,53098,35684,264805,229122,3
"chr5",15500140,15500161,-0.0693839848193787,0.138767969638757,67769,23764,27400,3637,10
"chr11",107590216,107590913,-0.0693824540291633,0.138764908058327,16786,49798,124560,74763,10
"chr3",123584874,123585163,0.0693807266433339,0.138761453286668,62080,29789,31076,1288,13
"chr4",74099203,74099545,0.0693776013988283,0.138755202797657,65633,118668,152818,34151,8
"chr20",57265577,57266837,0.0693763466711988,0.138752693342398,55172,205118,212049,6932,18
"chr20",675596,675914,-0.0693756894259778,0.138751378851956,53157,26884,53257,26374,9
"chr1",18902624,18903139,-0.0693621234832961,0.138724246966592,1258,81346,103291,21946,17
"chr1",152112660,152112711,-0.0693599164476052,0.13871983289521,5214,13077,16028,2952,3
"chr15",40553878,40554081,-0.0693540432094019,0.138708086418804,28287,101236,200259,99024,3
"chr7",128410221,128410250,0.0693486025960405,0.138697205192081,79161,171536,185416,13881,14
"chr6",122471493,122472250,0.0693462896169532,0.138692579233906,74757,260910,270400,9491,15
"chr1",92961424,92962290,-0.0693239704444892,0.138647940888978,4085,82932,106709,23778,11
"chr6",45377807,45377864,0.0693217221877566,0.138643444375513,73586,22224,25487,3264,28
"chr14",73490746,73490825,0.0693152302505666,0.138630460501133,26295,121246,130055,8810,7
"chr19",18001231,18001233,0.0693106329044722,0.138621265808944,43856,24025,27525,3501,9
"chr1",40515128,40515148,-0.0693059891288434,0.138611978257687,2683,243423,276059,32637,4
"chr16",88743987,88744150,0.0693027250612125,0.138605450122425,34556,302519,307851,5333,3
"chr2",219435018,219435178,-0.0693010814359726,0.138602162871945,52181,8237,9574,1338,13
"chr1",161153971,161153984,-0.0692928547950797,0.138585709590159,6144,27088,92992,65905,10
"chr1",55217664,55217682,0.0692825757360428,0.138565151472086,3450,129561,258984,129424,3
"chr12",6863331,6864102,-0.0692803881871165,0.138560776374233,18396,75667,263697,188031,3
"chr7",15686237,15687024,0.0692786781916295,0.138557356383259,76575,92687,99795,7109,15
"chr5",65925709,65926448,-0.0692447412832461,0.138489482566492,68487,24341,24993,653,15
"chr3",52770928,52771056,-0.0692433204396626,0.138486640879325,60937,171,32608,32438,10
"chr12",123253744,123253744,-0.0692407733015486,0.138481546603097,22455,114611,303075,188465,3
"chr16",70346944,70347151,-0.06923365397934,0.13846730795868,33775,233100,262132,29033,10
"chr15",56886690,56887050,0.0692329535372173,0.138465907074435,28965,200290,284873,84584,4
"chr8",1764517,1764841,-0.0692296591023089,0.138459318204618,80341,233010,242054,9045,11
"chr6",12749746,12749746,0.0692280404733619,0.138456080946724,71708,10045,80335,70291,6
"chr8",71842401,71845221,0.0692184881078105,0.138436976215621,81868,125318,135196,9879,35
"chr12",4272269,4273712,0.0692145339242466,0.138429067848493,18200,195776,195972,197,37
"chr21",33125103,33125110,0.0692063105766471,0.138412621153294,56014,213642,264529,50888,3
"chr21",33027764,33027903,-0.0691998092109836,0.138399618421967,56007,9743,53227,43485,9
"chr3",129278150,129278693,0.0691994803029976,0.138398960605995,62330,263246,300740,37495,11
"chr13",112968372,112968919,0.0691710848606306,0.138342169721261,24580,113960,131182,17223,12
"chr1",179954458,179954710,0.069161106257951,0.138322212515902,6738,145831,155543,9713,11
"chr2",15942355,15942805,0.0691579715458932,0.138315943091786,47625,103585,132478,28894,13
"chr6",136822501,136822524,-0.0691518579058946,0.138303715811789,75054,179836,181100,1265,11
"chr12",53005462,53006213,0.0691470254214292,0.138294050842858,19969,41486,45835,4350,15
"chr13",20526321,20526759,0.0691372070436982,0.138274414087396,22960,137007,203416,66410,6
"chr13",105465674,105465988,-0.0691285609008557,0.138257121801711,24384,244317,272943,28627,2
"chr14",30874394,30874722,-0.0691144575883951,0.13822891517679,25292,68985,71812,2828,13
"chr6",112053224,112054121,0.06910981120433,0.13821962240866,74573,175048,183539,8492,10
"chr17",7857538,7857839,-0.0690969196701565,0.138193839340313,35643,271651,281780,10130,22
"chr10",133246971,133247667,-0.0690835376913264,0.138167075382653,12512,46469,48237,1769,11
"chr19",9435353,9435452,0.0690806025719892,0.138161205143978,42797,55182,72472,17291,15
"chr6",87589858,87590134,-0.0690700541676962,0.138140108335392,74159,13308,21920,8613,18
"chr10",11164357,11164929,0.0690689129745669,0.138137825949134,9187,180534,183082,2549,12
"chr6",29005186,29005689,0.0690647495099434,0.138129499019887,72152,125650,125799,150,15
"chr17",70168327,70168680,-0.0690578089160792,0.138115617832158,38977,202622,211802,9181,9
"chr2",222299916,222300135,0.0690529988664362,0.138105997732872,52247,36119,39768,3650,8
"chr17",73227939,73228126,-0.0690411096022255,0.138082219204451,39016,216071,259681,43611,5
"chr11",66958434,66958762,-0.0690396743397918,0.138079348679584,15616,50773,138188,87416,9
"chr11",119174016,119174065,0.0690376942479154,0.138075388495831,17352,108585,131571,22987,5
"chr3",196431201,196431344,-0.0690179496748677,0.138035899349735,64030,263730,268689,4960,5
"chr4",1113699,1113918,0.0690117160370027,0.138023432074005,64244,13664,29528,15865,11
"chr6",130018681,130019711,-0.0690107227861315,0.138021445572263,74866,172926,182639,9714,12
"chr20",44745760,44745765,-0.0689855594854052,0.13797111897081,54676,55814,56569,756,12
"chr2",218216987,218217191,-0.0689823752699143,0.137964750539829,51998,13738,25036,11299,17
"chr16",1586139,1586264,-0.0689763603090974,0.137952720618195,31042,216007,286885,70879,2
"chr2",64485401,64485866,-0.0689763259141182,0.137952651828236,48820,136307,242727,106421,6
"chr19",2327954,2328495,0.0689690877400338,0.137938175480068,41918,248345,250080,1736,21
"chr12",111685883,111687375,0.0689690704097663,0.137938140819533,21820,253193,262397,9205,16
"chr2",74499506,74499708,0.0689643054327085,0.137928610865417,49174,62018,70249,8232,12
"chr3",160399050,160400822,0.0689642520948814,0.137928504189763,63119,97061,97182,122,27
"chr11",65134994,65135306,-0.0689600963328287,0.137920192665657,15287,183874,189755,5882,8
"chr1",24642655,24643479,-0.0689550086879278,0.137910017375856,1684,70990,90459,19470,11
"chr3",120742032,120742624,-0.0689517473915242,0.137903494783048,61967,155440,155783,344,17
"chr12",46372511,46372941,-0.0689443097620511,0.137888619524102,19396,27475,50506,23032,15
"chr8",41653469,41654063,0.0689372044621445,0.137874408924289,81376,179002,181904,2903,5
"chr11",127000826,127000924,0.0689367768962135,0.137873553792427,17764,59736,68024,8289,13
"chr19",36214193,36215959,0.0689309601535472,0.137861920307094,44622,225573,240172,14600,25
"chr11",63671643,63672122,-0.0689221345689844,0.137844269137969,15054,40685,65699,25015,20
"chr7",84195301,84195655,0.0689164359015876,0.137832871803175,77944,269257,278443,9187,10
"chr19",13286605,13286830,0.0689147760078599,0.13782955201572,43336,196274,208719,12446,4
"chr14",21023484,21025934,0.0689011501914695,0.137802300382939,24861,108500,114235,5736,34
"chr2",68138767,68138833,0.0688845931526257,0.137769186305251,48891,84993,214430,129438,2
"chr22",45284819,45284998,-0.0688764555019101,0.13775291100382,58658,10939,75802,64864,8
"chr16",69726661,69727025,-0.0688735496680086,0.137747099336017,33743,195268,295145,99878,12
"chr12",14365385,14365817,0.0688669590011842,0.137733918002368,18842,270961,301665,30705,12
"chr14",94026251,94026413,-0.0688615065953384,0.137723013190677,26948,2495,5160,2666,9
"chr9",127715566,127715830,-0.0688415919683528,0.137683183936706,85733,178811,183671,4861,19
"chr11",65786290,65787457,0.0688310388752745,0.137662077750549,15421,175624,176757,1134,11
"chr1",164774833,164775073,-0.068829692384314,0.137659384768628,6288,93387,113246,19860,5
"chr19",45584752,45585078,0.0688162398739753,0.137632479747951,45629,93265,210437,117173,12
"chr14",24232459,24233084,-0.0688140020063491,0.137628004012698,25174,209386,209774,389,22
"chr5",43515085,43515092,0.0688058060269934,0.137611612053987,68196,119266,124460,5195,15
"chr14",64387813,64388305,0.0687993667365455,0.137598733473091,25956,138606,204233,65628,13
"chr1",200891371,200891406,-0.0687985152481458,0.137597030496292,7097,23498,69764,46267,10
"chr10",129466803,129467141,-0.0687918334356504,0.137583666871301,12346,43373,44173,801,45
"chr5",115297307,115297735,0.0687869595542441,0.137573919108488,69254,229758,233696,3939,19
"chr11",63813147,63813156,0.0687867696131729,0.137573539226346,15066,178943,250791,71849,6
"chr16",4474374,4474522,0.0687785486496494,0.137557097299299,31586,69046,72488,3443,13
"chr9",97938269,97938859,-0.0687736881507611,0.137547376301522,84903,224518,241504,16987,4
"chr4",119212412,119213073,0.068760478259932,0.137520956519864,66357,39332,69492,30161,17
"chr1",112619325,112619382,0.0687604190678085,0.137520838135617,4576,245291,246469,1179,19
"chr3",156673905,156674628,-0.0687479986826849,0.13749599736537,63023,86913,87197,285,33
"chr1",110407917,110408452,-0.06874540504251,0.13749081008502,4469,121862,141681,19820,17
"chr2",70086815,70088357,0.0687448423782568,0.137489684756514,48963,144809,154055,9247,19
"chr16",29807760,29807775,0.0687414145980466,0.137482829196093,32516,136063,200071,64009,8
"chr1",224330524,224330642,0.0687330488543626,0.137466097708725,8064,165730,215847,50118,15
"chr11",27699730,27701002,0.0687198891807198,0.13743977836144,13902,46613,46985,373,36
"chr19",8486055,8486156,0.0687195295878953,0.137439059175791,42719,204872,281908,77037,4
"chr1",170531937,170532070,-0.0687102042841634,0.137420408568327,6467,245710,300481,54772,13
"chr3",79018446,79019210,0.0687100243555806,0.137420048711161,61428,118066,133280,15215,13
"chr17",7404209,7404382,0.0686874691184848,0.13737493823697,35526,247983,264405,16423,15
"chr1",47415732,47416065,-0.0686842246295203,0.137368449259041,3165,147721,156677,8957,4
"chr16",73048503,73048535,-0.0686739118398284,0.137347823679657,33950,62769,68159,5391,10
"chr2",165204125,165204146,-0.0686616856796994,0.137323371359399,50774,64590,70930,6341,4
"chr7",779984,780110,-0.0686580096205015,0.137316019241003,75995,111691,172326,60636,2
"chr12",120581540,120582357,0.0686522758810107,0.137304551762021,22212,135155,177037,41883,11
"chr11",124021646,124022166,-0.0686425934714248,0.13728518694285,17583,175131,176406,1276,3
"chr2",219254210,219254771,0.068640019288981,0.137280038577962,52153,216170,251463,35294,16
"chr7",116287777,116288040,-0.0686398987274179,0.137279797454836,78932,112925,251861,138937,2
"chr6",33418009,33418479,0.0686071044071742,0.137214208814348,72843,187020,187467,448,57
"chr3",44712454,44712639,0.0685964867601908,0.137192973520382,60131,147745,152977,5233,13
"chr9",109321123,109321176,0.0685782142796328,0.137156428559266,85127,98106,288755,190650,4
"chr7",158541764,158541836,0.0685729950426032,0.137145990085206,80260,243228,285119,41892,2
"chr1",116986997,116987096,-0.0685624005355026,0.137124801071005,4745,165165,286927,121763,5
"chr10",87862774,87862816,0.0685595716394174,0.137119143278835,10901,49104,49221,118,54
"chr10",72273856,72273998,-0.0685573011929652,0.13711460238593,10502,181992,184305,2314,12
"chr6",28525874,28525884,-0.0685550309930272,0.137110061986054,72122,186382,186539,158,9
"chr3",121546514,121546814,-0.0685396814508861,0.137079362901772,61981,224854,258829,33976,14
"chr2",85867763,85868185,0.0685372881130019,0.137074576226004,49362,164083,166184,2102,5
"chr12",51048189,51048273,0.0685346180059025,0.137069236011805,19760,95192,110741,15550,13
"chr8",9151837,9151891,-0.0685319089885617,0.137063817977123,80456,129804,134824,5021,17
"chr1",246722972,246723425,0.0685207658507949,0.13704153170159,8735,247416,283967,36552,5
"chr20",1895175,1895485,0.0685194846544381,0.137038969308876,53234,56885,140823,83939,4
"chr10",75402993,75403005,0.0684979393116132,0.136995878623226,10667,66338,68022,1685,15
"chr9",98806310,98806693,-0.0684967958960935,0.136993591792187,84947,188535,218503,29969,4
"chr17",38967385,38967416,0.0684926709293747,0.136985341858749,36989,16243,55610,39368,13
"chr22",30080827,30081281,-0.068487104518643,0.136974209037286,57550,208022,263366,55345,16
"chr1",1173440,1173864,0.0684839606582286,0.136967921316457,72,107250,128283,21034,11
"chr1",154982095,154982409,-0.0684704594347875,0.136940918869575,5528,158859,239026,80168,3
"chr5",161546998,161548345,0.0684640348439915,0.136928069687983,70689,38932,62442,23511,23
"chr9",5450413,5450442,0.068457222454115,0.13691444490823,83585,254096,287465,33370,6
"chr17",75153401,75154659,0.0684541410501961,0.136908282100392,39182,234346,234946,601,24
"chr4",6782123,6782443,-0.0684529812475407,0.136905962495081,64577,98344,310020,211677,7
"chr6",30555637,30555649,-0.0684468949403646,0.136893789880729,72319,179382,179419,38,67
"chr7",840185,840365,0.0684467698929265,0.136893539785853,76003,11531,184859,173329,2
"chr15",59135077,59135472,-0.0684446432285325,0.136889286457065,29029,215075,282539,67465,2
"chr16",1071907,1072047,-0.0684438068780364,0.136887613756073,30940,53113,205355,152243,4
"chr11",117505580,117505616,-0.0684414457176469,0.136882891435294,17154,47294,170624,123331,3
"chr9",128772117,128772192,0.0684343835420213,0.136868767084043,85901,196750,228958,32209,14
"chr6",31498088,31498184,0.068433670389652,0.136867340779304,72476,169579,169725,147,11
"chr20",41137145,41137321,0.0684258209554181,0.136851641910836,54517,62785,63489,705,16
"chr1",151539739,151540244,0.0684230238159145,0.136846047631829,5158,160229,235563,75335,8
"chr10",100346997,100347000,0.068418517340519,0.136837034681038,11395,4283,40719,36437,11
"chr3",187200400,187200859,-0.0684149303939182,0.136829860787836,63728,150227,151151,925,6
"chr3",167381081,167381399,-0.0684089593063893,0.136817918612779,63169,236644,309434,72791,12
"chr19",57584056,57584077,0.0684083178088215,0.136816635617643,47123,125853,128797,2945,11
"chr14",21409885,21409985,0.0684069795062186,0.136813959012437,24913,220488,287666,67179,2
"chr15",65068032,65068160,0.0684041797150669,0.136808359430134,29241,68076,92624,24549,10
"chr17",60677181,60677894,-0.0683930842822655,0.136786168564531,38594,99184,101968,2785,15
"chr14",36661007,36661839,0.0683876724229963,0.136775344845993,25407,118576,235752,117177,6
"chr22",23839083,23839478,0.0683773761873696,0.136754752374739,57228,130293,207151,76859,9
"chr19",41575998,41576117,0.0683751674618573,0.136750334923715,45188,84013,250049,166037,3
"chr5",138467508,138467680,0.0683650971917642,0.136730194383528,69765,143677,280412,136736,4
"chr16",90006294,90006368,-0.0683560144161932,0.136712028832386,34781,196866,296933,100068,3
"chr22",46793588,46793789,-0.0683500133101023,0.136700026620205,58792,59255,211480,152226,3
"chr6",26272868,26273328,0.0683461722668934,0.136692344533787,71975,180692,181419,728,19
"chr10",100972376,100972399,-0.068344608633646,0.136689217267292,11430,179451,180727,1277,15
"chr4",112411913,112411916,-0.0683388591742965,0.136677718348593,66259,130581,162402,31822,4
"chr13",44142360,44142591,0.068334183307926,0.136668366615852,23547,230097,273353,43257,8
"chr16",21232743,21233680,0.0683252292534887,0.136650458506977,32160,259980,292750,32771,8
"chr1",247758185,247758370,-0.0683211010627634,0.136642202125527,8801,143802,144303,502,3
"chr22",40857164,40857178,-0.0683101691020189,0.136620338204038,58302,235134,235257,124,6
"chr1",40861220,40862508,0.0682984434905164,0.136596886981033,2707,33398,34635,1238,13
"chr13",112066177,112067111,-0.0682945513552375,0.136589102710475,24531,195733,206312,10580,16
"chr3",114624221,114624932,-0.0682866968257191,0.136573393651438,61861,81463,92001,10539,9
"chr19",6425627,6425726,-0.0682824496402258,0.136564899280452,42441,201136,206638,5503,6
"chr1",167125842,167126356,-0.0682753848092628,0.136550769618526,6350,2059,225402,223344,5
"chr19",16111700,16111882,0.0682668606516847,0.136533721303369,43620,81099,82052,954,12
"chr10",43791575,43791684,-0.0682438832479423,0.136487766495885,9850,81928,189278,107351,2
"chr6",29099182,29099749,-0.068242722399023,0.136485444798046,72157,213671,231841,18171,3
"chr7",93889908,93890860,-0.0682368030520837,0.136473606104167,78119,177273,182783,5511,21
"chr17",50691170,50691394,0.0682299178449519,0.136459835689904,38268,195735,288568,92834,2
"chr15",82809503,82809615,-0.0682136311493798,0.13642726229876,30094,292115,294586,2472,14
"chr4",1338440,1338477,-0.068203798947836,0.136407597895672,64273,114517,285505,170989,2
"chr7",130733497,130733722,0.0681966381000837,0.136393276200167,79324,4463,11126,6664,3
"chr8",124728184,124728287,0.0681961049491786,0.136392209898357,82697,248620,273961,25342,12
"chr5",141968893,141968974,0.0681923200356,0.1363846400712,70133,159442,161058,1617,14
"chr20",23048650,23049817,0.068190630866909,0.136381261733818,53777,70643,80200,9558,12
"chr1",119710854,119711049,-0.0681773154748815,0.136354630949763,4816,157357,212486,55130,4
"chr11",64283580,64284396,0.0681757859812054,0.136351571962411,15126,254907,255766,860,32
"chr7",601700,601776,-0.0681704879767183,0.136340975953437,75982,190708,255455,64748,4
"chr17",32142101,32142151,-0.0681617033718048,0.13632340674361,36676,124772,198520,73749,10
"chr10",61900436,61901199,0.0681516132355657,0.136303226471131,10162,175398,177935,2538,17
"chr12",57016449,57017004,0.0681470904337104,0.136294180867421,20455,94661,182790,88130,3
"chr6",131199557,131199565,0.0681400513994579,0.136280102798916,74893,219852,234466,14615,2
"chr16",23642368,23642379,-0.0681381060478295,0.136276212095659,32273,217830,225250,7421,3
"chr10",61452468,61453104,0.0681281484978642,0.136256296995728,10156,18670,41989,23320,16
"chr11",64241152,64241551,-0.0681270401309251,0.13625408026185,15109,67164,71091,3928,20
"chr15",75579898,75579931,0.0681261359697012,0.136252271939402,29779,243442,254983,11542,15
"chr14",100983502,100983924,0.0681229803880462,0.136245960776092,27289,194874,196907,2034,3
"chr4",98260242,98260769,0.0680965054414593,0.136193010882919,66024,96128,148938,52811,9
"chr1",145918819,145919175,-0.0680939852187682,0.136187970437536,4900,156722,156774,53,21
"chr5",57481506,57481836,0.0680846580216467,0.136169316043293,68366,149278,149694,417,4
"chr14",23567915,23569298,-0.0680686852628909,0.136137370525782,25094,126988,128567,1580,21
"chr21",32087278,32087563,-0.0680651747926851,0.13613034958537,55958,244952,260687,15736,2
"chr1",228321863,228322061,-0.068065156730708,0.136130313461416,8268,165249,165647,399,5
"chr10",62373927,62374124,0.068054548869914,0.136109097739828,10175,131598,187898,56301,13
"chr5",149064181,149064384,-0.0680492695496874,0.136098539099375,70289,161321,241114,79794,12
"chr16",55324505,55324546,-0.0680469964251924,0.136093992850385,33078,52321,59880,7560,14
"chr4",129093738,129093743,0.0680458325940334,0.136091665188067,66502,85072,87236,2165,12
"chr11",102798359,102798560,0.0680260779596362,0.136052155919272,16715,91576,187156,95581,5
"chr1",94542485,94542561,0.0680137447578099,0.13602748951562,4137,92407,132901,40495,14
"chr8",42696051,42696380,-0.0680102646985853,0.136020529397171,81436,184583,226395,41813,4
"chr14",60091228,60091703,0.0680062793715972,0.136012558743194,25814,137111,207878,70768,13
"chr15",58066045,58066112,0.0679996209366275,0.135999241873255,28999,10412,11389,978,17
"chr17",15943722,15944098,0.067992897548814,0.135985795097628,35970,94832,270506,175675,3
"chr6",31815096,31815587,0.067989653535422,0.135979307070844,72585,90057,102399,12343,28
"chr17",59565192,59565297,-0.0679674488566534,0.135934897713307,38548,257656,268395,10740,13
"chr2",61017173,61018327,-0.0679668182630097,0.135933636526019,48733,30132,32428,2297,30
"chr1",21508931,21509127,0.067956900435753,0.135913800871506,1441,155434,159335,3902,8
"chr11",687962,688397,0.0679386219037369,0.135877243807474,12691,138790,184686,45897,2
"chr11",3855332,3856246,-0.0679360700755755,0.135872140151151,13069,89544,95864,6321,19
"chr15",65102232,65102535,-0.0679285651555577,0.135857130311115,29247,7309,196160,188852,2
"chr5",135579352,135579395,0.0679249273231482,0.135849854646296,69644,114697,148739,34043,13
"chr19",45639115,45639474,-0.0679239798329331,0.135847959665866,45638,239281,267214,27934,16
"chr7",151058233,151058747,-0.0679227695087878,0.135845539017576,79995,189021,189838,818,36
"chr21",41508304,41508521,-0.0679222039516276,0.135844407903255,56340,55694,67175,11482,8
"chr16",82170391,82170796,0.0679215174928147,0.135843034985629,34217,292632,296900,4269,8
"chr10",110919011,110919466,-0.0679205556514795,0.135841111302959,11802,171238,172380,1143,18
"chr6",31972406,31972836,0.0679159534766422,0.135831906953284,72629,175923,176120,198,104
"chr14",77140647,77141183,0.067914875471979,0.135829750943958,26550,196899,197656,758,16
"chr9",108861699,108862659,0.0679130080605999,0.1358260161212,85104,101554,128097,26544,8
"chr17",42194430,42194598,-0.0679010451710688,0.135802090342138,37443,247945,298564,50620,8
"chr5",172006856,172007413,0.0679010267675775,0.135802053535155,70842,152329,157550,5222,12
"chr18",46946373,46946467,0.0678982536248012,0.135796507249602,40925,208409,212318,3910,10
"chr1",161165833,161166216,-0.0678963312259319,0.135792662451864,6150,111622,127913,16292,15
"chr2",216372313,216372317,0.0678950449854883,0.135790089970977,51924,15666,16620,955,15
"chr3",46027440,46027874,0.0678944806264767,0.135788961252953,60217,93039,95265,2227,3
"chr15",31231691,31231898,-0.0678902536053781,0.135780507210756,28040,226065,256690,30626,6
"chr10",125159649,125160174,0.0678424921840079,0.135684984368016,12245,5564,46906,41343,5
"chr14",64539970,64540317,0.0678150596545162,0.135630119309032,25975,135220,203920,68701,28
"chr18",37566083,37566515,-0.0677967601320723,0.135593520264145,40831,14043,51588,37546,27
"chr2",240558000,240558182,0.0677627080931759,0.135525416186352,52891,110696,131683,20988,12
"chr9",101435980,101436262,-0.0677585695246502,0.1355171390493,85000,81264,270660,189397,2
"chr2",61888545,61888823,-0.0677368698752229,0.135473739750446,48768,17474,29115,11642,10
"chr6",54111327,54111538,-0.0677341831183849,0.13546836623677,73799,257481,285453,27973,5
"chr6",32153178,32154060,0.0677223622716836,0.135444724543367,72663,186704,186820,117,77
"chr11",132943676,132943682,0.0677218564557277,0.135443712911455,17917,16010,64402,48393,7
"chr18",11856430,11857785,0.0677213863954147,0.135442772790829,40462,276616,285084,8469,9
"chr12",14843338,14843653,0.0677188335976576,0.135437667195315,18869,92476,125280,32805,14
"chr7",18289939,18290432,0.0677101922490325,0.135420384498065,76615,200857,284088,83232,6
"chr15",52018838,52020002,0.0677043265608193,0.135408653121639,28862,211840,293169,81330,17
"chr11",18117029,18117472,0.0676966424113702,0.13539328482274,13741,186228,286408,100181,4
"chr8",26292936,26293004,-0.0676920214801491,0.135384042960298,80968,225206,229536,4331,5
"chr11",62622298,62622305,0.0676824500446121,0.135364900089224,14947,61024,97716,36693,10
"chr19",34172095,34172639,-0.0676724859076305,0.135344971815261,44338,102004,103017,1014,13
"chr6",26499794,26499855,0.067671690030504,0.135343380061008,71995,102340,260322,157983,3
"chr8",25344986,25345394,-0.0676625917051183,0.135325183410237,80950,178077,282269,104193,2
"chr11",2377173,2377546,0.0676614743096773,0.135322948619355,12937,139451,167429,27979,33
"chr4",93828714,93828791,0.0676500421083596,0.135300084216719,65993,18403,33547,15145,16
"chr1",155308718,155308895,-0.0676216630849386,0.135243326169877,5613,38482,79464,40983,15
"chr15",47718395,47718611,0.0676103973662911,0.135220794732582,28707,65712,105344,39633,11
"chr3",38305034,38305626,-0.0676103932568154,0.135220786513631,59901,150547,262169,111623,6
"chr19",5719476,5719936,-0.0676009926585623,0.135201985317125,42375,298265,305659,7395,20
"chr20",34704090,34704334,-0.0675902574362954,0.135180514872591,54168,23083,55680,32598,9
"chr14",29928202,29928480,0.0675900087451374,0.135180017490275,25286,5286,9187,3902,9
"chr11",10801583,10801712,0.0675826544456062,0.135165308891212,13529,42797,184707,141911,8
"chr5",139560972,139561781,0.0675676862890587,0.135135372578117,69826,139776,165532,25757,9
"chr14",31207609,31208401,0.0675615201129846,0.135123040225969,25309,294247,298902,4656,10
"chr16",1528618,1528645,-0.0675574557537913,0.135114911507583,31033,243483,251338,7856,9
"chr18",5197331,5197334,0.0675267803492875,0.135053560698575,40325,18669,70244,51576,11
"chr7",99444792,99444796,0.0675208847120755,0.135041769424151,78297,244861,271111,26251,2
"chr17",50482236,50482696,-0.0675109911588074,0.135021982317615,38223,135386,285612,150227,3
"chr1",214551462,214552256,0.0675073967449939,0.135014793489988,7867,101192,142593,41402,11
"chr7",95485581,95485724,-0.0674989485061925,0.134997897012385,78157,260318,274658,14341,11
"chr8",85106952,85107076,-0.067494420715986,0.134988841431972,82033,176074,177125,1052,15
"chr2",219627112,219627411,-0.0674806224696551,0.13496124493931,52229,71041,95949,24909,13
"chr11",117876675,117876724,-0.0674768310083989,0.134953662016798,17167,22615,60121,37507,21
"chr3",50350761,50351228,-0.0674736433097742,0.134947286619548,60716,156863,158225,1363,22
"chr10",131093056,131093078,0.0674718760096504,0.134943752019301,12367,5552,9027,3476,6
"chr1",184051573,184051579,0.0674564453885478,0.134912890777096,6901,65055,85768,20714,11
"chr8",38176649,38177664,0.067453970379742,0.134907940759484,81263,139682,175759,36078,19
"chr18",2655453,2656306,0.0674438034301871,0.134887606860374,40266,201946,292156,90211,13
"chr20",9984884,9985216,-0.0674415625157916,0.134883125031583,53539,230245,248881,18637,2
"chr8",144853124,144853610,-0.067412604082191,0.134825208164382,83452,64178,66305,2128,16
"chr19",48468916,48469081,0.067400117524265,0.13480023504853,45970,95759,113894,18136,13
"chr11",65711838,65712024,0.0673981743078648,0.13479634861573,15405,87155,87503,349,14
"chr17",20008960,20009117,0.0673823574763312,0.134764714952662,36291,211523,270522,59000,7
"chr12",57619541,57619675,0.0673460824227756,0.134692164845551,20598,50930,52839,1910,19
"chr15",50354997,50355625,0.0673427878243703,0.134685575648741,28785,79547,98736,19190,21
"chr7",149028703,149029058,0.0673362101445071,0.134672420289014,79804,139382,175433,36052,12
"chr7",76047378,76048513,0.0673352718593068,0.134670543718614,77816,255802,282097,26296,22
"chr14",23352941,23353027,-0.0673303093932162,0.134660618786432,25049,60547,62408,1862,16
"chr10",73505318,73505553,0.0673181266971218,0.134636253394244,10563,187339,267769,80431,2
"chr9",1050015,1050550,0.067316252609992,0.134632505219984,83493,222883,245425,22543,23
"chr2",12716296,12717526,-0.0672837569561828,0.134567513912366,47602,100145,106006,5862,20
"chr19",2276323,2276472,0.0672728163769495,0.134545632753899,41907,54953,57842,2890,3
"chr6",136920947,136921009,-0.0672714694769357,0.134542938953871,75055,177243,181500,4258,3
"chr19",1508043,1508556,0.0672677488377645,0.134535497675529,41780,57213,130807,73595,3
"chr5",157731433,157731874,0.0672656249938129,0.134531249987626,70608,138509,141897,3389,10
"chr7",151277288,151277305,-0.067259895133133,0.134519790266266,80041,139012,166941,27930,10
"chr16",89907253,89907308,0.067257872203826,0.134515744407652,34758,201548,299794,98247,2
"chr1",112955631,112956180,0.067247795412981,0.134495590825962,4602,265019,283230,18212,16
"chr6",25753504,25754320,-0.0672451156019981,0.134490231203996,71919,105739,310967,205229,4
"chr19",35510499,35510546,0.0672444658372917,0.134488931674583,44473,192707,199460,6754,14
"chr7",142885529,142885659,-0.0672421855604707,0.134484371120941,79668,250706,304271,53566,8
"chr4",187995572,187995789,0.0672420071609555,0.134484014321911,67355,15598,92360,76763,8
"chr10",122954441,122954582,0.0672356668719872,0.134471333743974,12167,63620,118178,54559,12
"chr5",113433190,113433441,0.0672095822343386,0.134419164468677,69224,162522,240369,77848,3
"chr21",30216036,30216266,-0.0671952697784876,0.134390539556975,55874,120397,196555,76159,5
"chr5",149960295,149960714,-0.0671908821038625,0.134381764207725,70336,158498,159210,713,13
"chr1",164558568,164558675,0.0671878192922316,0.134375638584463,6285,234975,256758,21784,13
"chr13",110150298,110150402,-0.0671749361021338,0.134349872204268,24449,199632,201226,1595,7
"chr8",37716874,37717121,-0.067169055275034,0.134338110550068,81216,128866,217416,88551,6
"chr3",180413807,180414048,-0.0671573913370024,0.134314782674005,63395,132124,248516,116393,2
"chr8",81686373,81686566,0.0671539318527261,0.134307863705452,82014,101630,181465,79836,5
"chr12",57744412,57744997,0.0671496003720218,0.134299200744044,20621,137446,177218,39773,12
"chr15",90716793,90717372,0.067149058023658,0.134298116047316,30419,89579,93268,3690,16
"chr20",46008719,46008872,0.0671485275310679,0.134297055062136,54815,89371,103386,14016,7
"chr20",35698272,35700166,0.0671279430751184,0.134255886150237,54277,217304,219042,1739,15
"chr1",203127442,203127771,0.0671076297557103,0.134215259511421,7302,39571,109429,69859,9
"chr17",19362785,19363161,-0.0671055448890034,0.134211089778007,36241,76414,110419,34006,14
"chr7",7970035,7970081,0.0670990080007304,0.134198016001461,76503,249457,254459,5003,7
"chr6",33276978,33277713,-0.0670818024576391,0.134163604915278,72822,8414,8611,198,57
"chr20",1393303,1394054,-0.0670626755045849,0.13412535100917,53211,234281,288557,54277,12
"chr19",53906776,53906849,-0.0670607898074193,0.134121579614839,46718,114227,210055,95829,4
"chr7",140602880,140602927,-0.0670559339312213,0.134111867862443,79578,187755,188744,990,3
"chr16",680976,681069,0.0670296998837617,0.134059399767523,30872,215767,257446,41680,17
"chr6",44270488,44270676,0.0670183683935066,0.134036736787013,73562,69509,104024,34516,5
"chr7",30505299,30505327,-0.0670045094907385,0.134009018981477,76928,44658,46321,1664,13
"chr7",73682243,73684288,0.0669889388684615,0.133977877736923,77697,225099,244537,19439,21
"chr12",98895254,98895415,0.0669836590466298,0.13396731809326,21335,66452,69407,2956,15
"chr15",37098920,37102639,0.0669804666234628,0.133960933246926,28163,199191,200558,1368,39
"chr14",96796534,96797306,-0.0669733858380951,0.13394677167619,27108,74474,111673,37200,12
"chr13",26557025,26557619,-0.0669729377035199,0.13394587540704,23121,110526,221193,110668,10
"chr15",45129414,45130355,0.0669723877876226,0.133944775575245,28654,105102,195824,90723,18
"chr1",48776841,48777085,-0.0669697317740181,0.133939463548036,3194,31469,35187,3719,9
"chr10",48684816,48685361,0.0669687771683431,0.133937554336686,9986,10623,21338,10716,17
"chr2",182715467,182715535,0.0669384886953103,0.133876977390621,51244,238183,260048,21866,12
"chr7",159007856,159008178,-0.0669344066526754,0.133868813305351,80286,183479,187209,3731,6
"chr22",19179030,19179607,0.0669331148744217,0.133866229748843,56902,203966,208432,4467,14
"chr1",19208978,19209794,-0.0669318168135479,0.133863633627096,1289,130427,145753,15327,13
"chr17",1605138,1605953,0.0669304953923252,0.13386099078465,34922,63791,221114,157324,11
"chr1",153357834,153357874,0.0669268600734873,0.133853720146975,5323,267612,276942,9331,13
"chr15",74127966,74129989,-0.0669265480499937,0.133853096099987,29653,109318,111930,2613,33
"chr10",86366347,86366542,-0.0669145511210582,0.133829102242116,10850,77851,169163,91313,6
"chr11",86672719,86672783,0.0669115281848333,0.133823056369667,16479,191346,291257,99912,18
"chr22",31210944,31212036,0.0669000396744675,0.133800079348935,57677,94408,116212,21805,12
"chr17",65055957,65056508,0.0668802527879235,0.133760505575847,38816,273024,280275,7252,17
"chr2",24793027,24793188,-0.0668593399882904,0.133718679976581,47777,61282,68072,6791,22
"chr11",64287800,64287911,0.0668591058497931,0.133718211699586,15127,179846,184422,4577,4
"chr17",82023208,82023388,-0.0668503295091245,0.133700659018249,40050,76699,79578,2880,17
"chr8",143246330,143246733,-0.0668473353441662,0.133694670688332,83116,71881,95095,23215,21
"chr16",25146276,25146289,0.0668463238648833,0.133692647729767,32331,236941,242126,5186,6
"chr6",36027469,36027590,0.0668415739045675,0.133683147809135,73021,172560,174572,2013,17
"chr2",74148016,74148776,-0.0668330615595118,0.133666123119024,49126,31955,35899,3945,10
"chr9",126614229,126614242,0.0668319852175002,0.133663970435,85667,46840,70529,23690,5
"chr3",7535432,7536200,-0.0668304691318987,0.133660938263797,59092,266661,269321,2661,4
"chr5",177446331,177446645,-0.0668103127705338,0.133620625541068,71085,94123,153245,59123,6
"chr17",80036544,80036677,-0.0668018239657651,0.13360364793153,39727,57230,57516,287,13
"chr15",29968770,29969176,0.0667956840054241,0.133591368010848,28006,58469,116407,57939,3
"chr7",124764377,124765706,-0.0667922981465244,0.133584596293049,79086,27440,41708,14269,18
"chr1",11803539,11803755,0.0667898487543137,0.133579697508627,890,221461,266137,44677,5
"chr3",101676260,101678053,-0.0667770110061317,0.133554022012263,61606,29636,32013,2378,24
"chr1",153645927,153646094,0.0667644729754469,0.133528945950894,5356,229005,229188,184,2
"chr1",227563455,227563490,0.0667625306636916,0.133525061327383,8191,242247,268240,25994,11
"chr1",24642512,24642937,-0.0667518025939266,0.133503605187853,1684,149975,156089,6115,11
"chr1",229508653,229509028,0.0667500716503997,0.133500143300799,8331,101149,142140,40992,17
"chr5",141100923,141101683,0.0667435774949189,0.133487154989838,69974,148662,151036,2375,16
"chr13",99200304,99200902,-0.0667425111358406,0.133485022271681,24244,116542,194218,77677,22
"chr3",179562858,179562942,-0.0667310150135382,0.133462030027076,63371,98346,138740,40395,7
"chr6",31653021,31653522,-0.0667191616822505,0.133438323364501,72525,122017,130286,8270,58
"chr3",122383880,122384073,-0.0667189637475104,0.133437927495021,62017,68946,88798,19853,9
"chr15",82647627,82648211,0.0667090166663415,0.133418033332683,30078,208684,246804,38121,22
"chr12",106357436,106357639,0.066706901037932,0.133413802075864,21522,86822,104823,18002,15
"chr2",61888216,61888555,-0.066697043144532,0.133394086289064,48768,163350,237293,73944,10
"chr10",59907066,59907329,-0.066684836140088,0.133369672280176,10117,185961,230591,44631,11
"chr6",139374687,139375984,-0.0666785641267569,0.133357128253514,75154,128536,172486,43951,23
"chr20",50794273,50794291,0.0666706554609309,0.133341310921862,55045,131536,203472,71937,12
"chr6",135218627,135218969,0.0666698341456549,0.13333966829131,75015,122529,301283,178755,2
"chr6",99424910,99425292,-0.0666690012786716,0.133338002557343,74308,25562,40876,15315,20
"chr4",184649634,184649825,0.0666588688186186,0.133317737637237,67215,39330,94979,55650,8
"chr20",38302755,38303121,0.0666543631609003,0.133308726321801,54440,255638,294886,39249,5
"chr13",33286095,33286324,-0.0666461249784853,0.133292249956971,23350,268769,281707,12939,12
"chr17",44556776,44557048,0.0666397091585544,0.133279418317109,37742,81957,97225,15269,12
"chr15",40929345,40930078,-0.0666234224541771,0.133246844908354,28339,9990,14181,4192,16
"chr2",86808486,86808575,-0.0666133411049976,0.133226682209995,49410,151160,158020,6861,13
"chr20",1994092,1994336,-0.066604139235187,0.133208278470374,53243,117764,195922,78159,12
"chr8",11867983,11868534,-0.0665949686836987,0.133189937367397,80566,171140,178481,7342,12
"chr1",203026345,203026347,-0.0665939160984404,0.133187832196881,7289,113776,116776,3001,4
"chr12",69239177,69239372,0.0665885560974638,0.133177112194928,20863,209994,214589,4596,10
"chr22",29334271,29334670,0.0665828437530179,0.133165687506036,57491,198704,208175,9472,3
"chr16",84190864,84191474,0.066576378973084,0.133152757946168,34283,51604,76425,24822,7
"chr14",91272582,91272875,0.0665706267644714,0.133141253528943,26818,287052,292596,5545,4
"chr5",138339119,138339729,0.066562971127699,0.133125942255398,69748,124494,151631,27138,4
"chr6",68634810,68635174,-0.0665577372320789,0.133115474464158,73897,27888,49742,21855,16
"chr19",35154653,35154707,-0.0665481608063408,0.133096321612682,44428,74600,106045,31446,12
"chr1",15834557,15834615,0.0665477330146904,0.133095466029381,1078,284314,284360,47,3
"chr1",40097170,40097599,0.0665396396729765,0.133079279345953,2658,92435,148648,56214,9
"chr17",59841139,59841321,-0.0665393496028536,0.133078699205707,38560,110969,113072,2104,7
"chr17",40703790,40704843,-0.0665359639211789,0.133071927842358,37211,115569,207031,91463,9
"chr11",65613886,65615058,-0.0665342058220209,0.133068411644042,15380,48472,93018,44547,20
"chr2",202376384,202376599,0.0664944931889323,0.132988986377865,51642,160282,166640,6359,17
"chr17",7028106,7028106,-0.0664833918093851,0.13296678361877,35439,4076,84601,80526,3
"chr17",3597080,3597089,0.0664786340774346,0.132957268154869,35098,12933,17099,4167,4
"chr1",24506821,24506830,-0.066478038663708,0.132956077327416,1672,165080,272705,107626,2
"chr1",202967883,202968182,-0.0664748224101545,0.132949644820309,7284,159311,223212,63902,11
"chr8",141507374,141507394,-0.0664673856172244,0.132934771234449,83031,187514,190472,2959,6
"chr1",156054786,156055317,-0.0664667480403905,0.132933496080781,5673,151931,215019,63089,18
"chr15",45279398,45279438,-0.0664557262248294,0.132911452449659,28677,197454,198576,1123,6
"chr6",150403872,150403872,0.0664520777562789,0.132904155512558,75360,286499,301743,15245,3
"chr2",158100778,158101120,-0.0664488792480941,0.132897758496188,50651,156495,230605,74111,3
"chr2",33599779,33599789,0.0664451824964075,0.132890364992815,48210,157219,232956,75738,15
"chr13",110879611,110879702,-0.0664428941586455,0.132885788317291,24497,130064,132731,2668,4
"chr3",61561611,61562270,0.0664405418467204,0.132881083693441,61190,100813,120657,19845,12
"chr2",62195948,62196014,-0.0664367941655468,0.132873588331094,48774,30415,31295,881,13
"chr1",236739352,236739407,0.0664361368549265,0.132872273709853,8561,111347,121901,10555,3
"chr4",38688881,38688936,-0.066424188190299,0.132848376380598,65018,12820,16161,3342,13
"chr19",43982977,43984268,0.0664190978562643,0.132838195712529,45441,194414,194435,22,12
"chr3",13479676,13479723,0.0663954272398252,0.13279085447965,59392,145654,150462,4809,34
"chr1",205680677,205680813,-0.0663816859157217,0.132763371831443,7521,102647,146816,44170,9
"chr21",31251841,31251958,-0.0663750146778844,0.132750029355769,55940,17579,110599,93021,4
"chr5",95555193,95556029,-0.0663649124756483,0.132729824951297,68990,222634,300299,77666,17
"chr19",23116949,23117087,-0.0663568308085481,0.132713661617096,44180,60604,73696,13093,4
"chr13",24763845,24764008,-0.0663484264496417,0.132696852899283,23077,205580,271484,65905,11
"chr10",14837982,14838067,-0.0663478033499121,0.132695606699824,9318,174124,175732,1609,16
"chr1",20661512,20661640,-0.0663464059763163,0.132692811952633,1403,9025,14150,5126,13
"chr6",15244647,15245851,-0.0663400293870164,0.132680058774033,71755,258859,309676,50818,16
"chr1",202348599,202349067,-0.0663396097990192,0.132679219598038,7244,159315,159766,452,12
"chr16",75207227,75207318,-0.0663387484219917,0.132677496843983,34009,199569,208688,9120,7
"chr12",56467451,56467753,0.0663355343496878,0.132671068699376,20397,251979,252861,883,3
"chr6",57171665,57172428,-0.0663348663277255,0.132669732655451,73854,46520,65265,18746,13
"chr7",22665672,22665714,0.0663295194382821,0.132659038876564,76687,16980,46612,29633,6
"chr10",128126110,128126436,-0.0663288480035132,0.132657696007026,12341,40241,46107,5867,7
"chr4",48016563,48016937,0.0663148888305076,0.132629777661015,65206,163000,233536,70537,9
"chr10",62268941,62269245,0.066306862379343,0.132613724758686,10173,98317,104306,5990,13
"chr10",122210445,122210943,-0.0662940616584839,0.132588123316968,12119,185768,247810,62043,4
"chr1",211259837,211259842,-0.066285541568743,0.132571083137486,7759,64205,64331,127,19
"chr11",75668579,75668667,0.0662814662484499,0.1325629324969,16235,8568,17656,9089,17
"chr19",56174968,56174970,0.0662764895121687,0.132552979024337,47021,109070,239599,130530,7
"chr11",72752628,72753158,0.0662719408279628,0.132543881655926,16057,43683,171785,128103,8
"chr17",17577617,17577735,-0.0662704349924903,0.132540869984981,36099,193254,207063,13810,11
"chr6",95577345,95577803,-0.0662566954178729,0.132513390835746,74260,92425,102971,10547,13
"chr17",80198512,80198814,-0.066249849010198,0.132499698020396,39763,197003,208100,11098,3
"chr13",23418877,23418960,0.0662314252720662,0.132462850544132,23031,208525,210495,1971,4
"chr8",93754660,93754807,-0.06622371702097,0.13244743404194,82153,44516,50547,6032,13
"chr1",244968777,244968832,0.0662193819931533,0.132438763986307,8698,122826,300743,177918,2
"chr16",85661518,85661665,0.0662186340168484,0.132437268033697,34363,205792,210891,5100,3
"chr11",2423014,2423421,-0.0661963725455607,0.132392745091121,12950,188547,282248,93702,3
"chr8",61714839,61715333,0.0661961600966142,0.132392320193228,81701,176144,177842,1699,11
"chr8",94719401,94719913,0.0661952835909111,0.132390567181822,82178,79415,135847,56433,9
"chr22",45309153,45309826,-0.0661895230482488,0.132379046096498,58661,6155,6258,104,17
"chr6",152381252,152381309,0.0661894448769862,0.132378889753972,75423,120052,127026,6975,7
"chr1",98661357,98661673,-0.06618868121683,0.13237736243366,4187,39091,61887,22797,14
"chr19",571802,572309,0.0661785727455342,0.132357145491068,41540,295653,298137,2485,15
"chr12",119334576,119334728,0.0661784963252003,0.132356992650401,22119,3643,99951,96309,14
"chr3",57201227,57201303,-0.0661725692522093,0.132345138504419,61080,163247,250745,87499,3
"chr14",85530151,85530529,-0.0661687542426862,0.132337508485372,26675,75935,78274,2340,16
"chr7",1746848,1747674,0.0661677203655123,0.132335440731025,76127,633,104718,104086,5
"chr4",137533742,137533804,-0.0661646670349505,0.132329334069901,66538,254756,269622,14867,2
"chr19",34254314,34254383,0.066164077688445,0.13232815537689,44340,203223,291647,88425,4
"chr1",32816975,32818481,0.0661637316373584,0.132327463274717,2229,258244,290425,32182,22
"chr2",240879908,240879935,0.0661623972832819,0.132324794566564,52941,33152,155344,122193,3
"chr6",46167657,46168082,-0.0661586632590377,0.132317326518075,73605,247849,272631,24783,5
"chr5",132369420,132369627,0.0661480438661235,0.132296087732247,69495,139704,149878,10175,14
"chr5",160339689,160339836,-0.0661446977528385,0.132289395505677,70661,268666,278852,10187,5
"chr12",46372765,46373900,0.0661432175724596,0.132286435144919,19396,79294,124605,45312,15
"chr18",26703732,26704013,-0.0661405613128662,0.132281122625732,40675,139088,217153,78066,6
"chr12",48525661,48525688,0.0661387612075873,0.132277522415175,19488,116775,188284,71510,4
"chr5",112707162,112707491,-0.0661183650692645,0.132236730138529,69194,118171,122482,4312,14
"chr15",74022838,74023198,-0.0661129510801252,0.13222590216025,29646,123400,202451,79052,5
"chr1",18902804,18902816,0.0661017643085937,0.132203528617187,1258,242200,254981,12782,17
"chr6",30103622,30103726,0.0660991395228746,0.132198279045749,72264,107544,109733,2190,26
"chr5",177134095,177134192,-0.0660946714930604,0.132189342986121,71045,61401,65291,3891,3
"chr17",41734780,41735069,0.0660928609738889,0.132185721947778,37362,120544,202415,81872,11
"chr4",186533694,186533737,0.066075466306785,0.13215093261357,67320,161531,163090,1560,6
"chr3",40453381,40453483,-0.0660746037824025,0.132149207564805,59987,161369,162720,1352,5
"chr10",28303011,28303163,-0.0660741606812185,0.132148321362437,9598,77842,112915,35074,4
"chr10",43574527,43574728,0.0660723251492771,0.132144650298554,9837,61573,184291,122719,7
"chr6",57221545,57222486,0.0660714328047635,0.132142865609527,73858,252937,256887,3951,20
"chr15",42358026,42358464,0.0660632987415415,0.132126597483083,28477,204017,222074,18058,5
"chr7",112790510,112790717,-0.0660565256386398,0.13211305127728,78892,89121,105449,16329,7
"chr12",49389289,49389409,-0.0660512057765924,0.132102411553185,19619,43332,56446,13115,4
"chr1",201896868,201897225,-0.0660420619764101,0.13208412395282,7188,249019,255655,6637,3
"chr12",102959405,102959584,0.0660358844607614,0.132071768921523,21423,175723,180086,4364,17
"chr1",18956188,18956670,0.0660256819355809,0.132051363871162,1263,105133,143200,38068,9
"chr16",67561940,67562229,-0.0660054005806739,0.132010801161348,33546,55670,67703,12034,8
"chr6",127518677,127519385,0.0660014622654091,0.132002924530818,74838,168859,179578,10720,17
"chr2",44945033,44945062,0.0659966139354595,0.131993227870919,48456,163335,285146,121812,5
"chr2",61889887,61889978,0.0659841575562897,0.131968315112579,48769,222674,227371,4698,4
"chr7",101308077,101308191,0.0659806174382618,0.131961234876524,78618,123396,242571,119176,3
"chr6",122610009,122610075,-0.0659764918735226,0.131952983747045,74758,174034,174380,347,14
"chr16",10580600,10580611,0.0659703450728918,0.131940690145784,31759,6442,23598,17157,7
"chr6",73362538,73362597,0.0659642453064247,0.131928490612849,73967,168746,168990,245,13
"chr14",39264857,39265186,0.0659522901741943,0.131904580348389,25452,123342,305738,182397,2
"chr17",44668150,44668180,-0.0659326895866718,0.131865379173344,37751,212551,228641,16091,2
"chr19",48603592,48603626,-0.0659234753745964,0.131846950749193,45987,10439,75923,65485,4
"chr13",33676848,33677514,0.0659220476136491,0.131844095227298,23352,210740,242888,32149,5
"chr14",24115117,24115131,0.0659083689034463,0.131816737806893,25138,91154,112850,21697,20
"chr21",44581801,44582049,-0.0659058618369121,0.131811723673824,56555,128958,200466,71509,4
"chr16",51151221,51151483,-0.0659034605036566,0.131806921007313,33013,97587,107044,9458,22
"chr3",50246705,50246873,-0.0658994641074874,0.131798928214975,60678,136010,162466,26457,9
"chr19",38852705,38852866,0.0658790817892558,0.131758163578512,44831,295770,296425,656,5
"chr11",100687227,100687369,-0.0658780556033314,0.131756111206663,16650,12994,15422,2429,11
"chr21",45258609,45258655,-0.0658762597396124,0.131752519479225,56614,128927,285295,156369,2
"chr19",5903966,5904108,0.065868166923152,0.131736333846304,42402,77117,87498,10382,17
"chr2",210476848,210477072,0.0658633643951832,0.131726728790366,51844,98896,108352,9457,14
"chr18",69400657,69401032,-0.0658455176795094,0.131691035359019,41305,116,7862,7747,7
"chr22",30473125,30473374,-0.0658444304344222,0.131688860868844,57599,196336,200044,3709,4
"chr20",50958550,50958781,0.0658197215657294,0.131639443131459,55056,201981,204812,2832,15
"chr22",41997542,41997569,0.0658171762954757,0.131634352590951,58444,256538,272358,15821,11
"chr1",150293807,150293893,-0.0658109954812,0.1316219909624,5015,32380,34695,2316,15
"chr6",31680499,31680923,0.0658107403900222,0.131621480780044,72536,171559,174438,2880,34
"chr3",147388421,147388702,0.0658078001431013,0.131615600286203,62798,13579,120545,106967,6
"chr7",135211605,135211659,0.0658065958187822,0.131613191637564,79419,48571,50625,2055,12
"chr1",212791046,212791676,0.0657908422357943,0.131581684471589,7823,160868,232988,72121,20
"chr6",32853599,32853965,0.0657881105818531,0.131576221163706,72747,114734,123543,8810,51
"chr7",73433719,73434373,-0.0657842789953212,0.131568557990642,77676,14055,44975,30921,5
"chr2",219206204,219206328,0.0657799664456008,0.131559932891202,52132,156445,158046,1602,10
"chr11",62269749,62269909,0.0657781159356896,0.131556231871379,14911,184214,254026,69813,5
"chr7",56051853,56052434,-0.0657731690115276,0.131546338023055,77507,187861,276061,88201,10
"chr10",72692100,72692570,0.0657619278359074,0.131523855671815,10516,47566,62506,14941,15
"chr18",31343494,31343610,-0.0657427460079091,0.131485492015818,40705,117957,227365,109409,4
"chr9",137422437,137422709,0.0657399607867492,0.131479921573498,86760,190958,272199,81242,3
"chr19",17718687,17719163,0.0657328229381086,0.131465645876217,43800,198618,207765,9148,15
"chr17",38578585,38578658,0.0657316095091511,0.131463219018302,36939,79545,110035,30491,3
"chr16",89738669,89740822,0.0657243226148654,0.131448645229731,34715,284630,305004,20375,15
"chr5",141321009,141321109,-0.0657231592335714,0.131446318467143,70016,121096,162535,41440,15
"chr16",81895820,81895889,0.0657224118622164,0.131444823724433,34183,80386,301437,221052,6
"chr12",103957202,103957522,0.0657173842439783,0.131434768487957,21453,59688,167147,107460,9
"chr6",43060028,43060266,0.065701485979433,0.131402971958866,73402,196827,255794,58968,20
"chr2",218387810,218387891,0.0657001527865471,0.131400305573094,52030,130347,148978,18632,3
"chr8",56010750,56010793,-0.0656982327760576,0.131396465552115,81619,189638,288957,99320,2
"chr6",26285393,26285600,-0.0656967000949451,0.13139340018989,71976,44854,49636,4783,12
"chr2",54850138,54850184,0.0656896005382265,0.131379201076453,48641,115714,117974,2261,3
"chr1",156124728,156125033,-0.0656850964741423,0.131370192948285,5683,118855,131679,12825,5
"chr6",87256046,87256544,-0.0656786514051518,0.131357302810304,74137,284704,288463,3760,2
"chr1",19882224,19882533,-0.0656760648460709,0.131352129692142,1335,30975,33521,2547,11
"chr22",50170898,50170904,0.0656705659365728,0.131341131873146,58883,93772,296849,203078,7
"chr13",43879072,43879726,0.0656676049372542,0.131335209874508,23537,194117,201106,6990,20
"chr1",27872358,27872422,-0.0656669664127973,0.131333932825595,1953,39517,65949,26433,10
"chr4",143513805,143513971,-0.0656567133828788,0.131313426765758,66644,21706,22945,1240,16
"chr17",40648514,40648531,-0.0656517673832319,0.131303534766464,37207,253646,264981,11336,15
"chr3",197002761,197002766,-0.0656486663649965,0.131297332729993,64072,30901,68001,37101,3
"chr9",129027969,129028615,0.0656388901233099,0.13127778024662,85939,102699,172432,69734,9
"chr4",17781582,17782437,-0.065638155992483,0.131276311984966,64819,154269,264683,110415,12
"chr7",94908581,94908921,-0.0656351548487565,0.131270309697513,78146,49663,98384,48722,13
"chr2",17878473,17878485,0.0656267615747368,0.131253523149474,47656,14438,15597,1160,17
"chr12",124324551,124325388,0.0656181648622984,0.131236329724597,22546,8736,47781,39046,9
"chr1",109538939,109539936,-0.0656010984576918,0.131202196915384,4386,164934,272138,107205,8
"chr5",178894666,178894769,-0.0655976890289896,0.131195378057979,71180,251784,267079,15296,2
"chr2",62705347,62705618,0.0655958367700011,0.131191673540002,48783,117246,165499,48254,10
"chr1",95233757,95234259,0.0655891682207771,0.131178336441554,4160,159436,160231,796,19
"chr11",2132902,2133025,0.0655883071611815,0.131176614322363,12913,27357,47971,20615,7
"chr14",100291488,100291540,-0.0655747152161915,0.131149430432383,27184,241544,258593,17050,6
"chr2",176121298,176122683,0.0655459487517036,0.131091897503407,51076,110396,113411,3016,19
"chr1",168178842,168179061,-0.0655436167666369,0.131087233533274,6395,37239,100286,63048,15
"chr2",174334736,174335075,0.0655397392189819,0.131079478437964,51020,144872,151543,6672,15
"chr11",27720672,27721929,0.0655388380298488,0.131077676059698,13904,121236,121837,602,28
"chr12",120250574,120250870,-0.0655247169151742,0.131049433830348,22169,211310,261991,50682,5
"chr5",32709290,32710508,-0.0655240571615869,0.131048114323174,67913,149796,150442,647,28
"chr6",31794867,31795658,0.065506569418655,0.13101313883731,72581,4367,8602,4236,23
"chr6",33271917,33273087,-0.0655023003290035,0.131004600658007,72820,90765,101209,10445,39
"chr12",132618475,132618508,0.0655009631470124,0.131001926294025,22819,49650,52479,2830,10
"chr13",113549659,113549764,-0.0654925100069607,0.130985020013921,24676,193634,202854,9221,4
"chr6",32043798,32043820,-0.0654788576807525,0.130957715361505,72634,219,47475,47257,3
"chr1",218344975,218345066,0.0654742899575996,0.130948579915199,7920,257766,265295,7530,17
"chr8",89901668,89902054,-0.0654638104730261,0.130927620946052,82078,169503,179274,9772,15
"chr8",67062089,67062139,0.0654613706911897,0.130922741382379,81798,180895,186449,5555,16
"chr1",13786677,13786708,-0.065460568131539,0.130921136263078,985,303377,304847,1471,6
"chr12",5945450,5945458,-0.0654464158552215,0.130892831710443,18260,11166,12440,1275,11
"chr2",30446731,30447304,-0.0654404704807903,0.130880940961581,48121,102784,107557,4774,12
"chr1",222736258,222736318,-0.0654391153555559,0.130878230711112,8005,128810,236111,107302,5
"chr10",68988505,68988893,0.0654223584847143,0.130844716969429,10297,50142,95662,45521,12
"chr6",166167784,166168700,0.0654193568614321,0.130838713722864,75744,117224,161199,43976,16
"chr15",69452490,69452873,0.0654147403032969,0.130829480606594,29477,13506,55471,41966,11
"chr4",71187081,71187323,0.0654058444137018,0.130811688827404,65567,19137,21426,2290,9
"chr3",96814571,96814980,0.0654025638570096,0.130805127714019,61486,71589,82226,10638,13
"chr21",23386037,23386110,-0.0654024814667341,0.130804962933468,55777,252767,271018,18252,3
"chr16",27269492,27269734,0.0653960059796369,0.130792011959274,32361,210200,223739,13540,11
"chr22",44245599,44246230,-0.065395712619909,0.130791425239818,58611,277148,277266,119,7
"chr1",33080381,33080932,-0.0653951428084033,0.130790285616807,2254,158890,164129,5240,21
"chr8",144082443,144083177,-0.0653871869636645,0.130774373927329,83304,120619,174164,53546,15
"chr15",89399460,89400200,0.0653801778569426,0.130760355713885,30318,11140,55334,44195,5
"chr11",8964547,8965142,-0.0653729293060404,0.130745858612081,13436,226440,240140,13701,18
"chr19",42255075,42255079,-0.0653631785779876,0.130726357155975,45275,20663,21690,1028,7
"chr19",49867924,49867940,-0.0653626911966523,0.130725382393305,46228,196397,293156,96760,6
"chr15",90102735,90102925,0.0653609244832929,0.130721848966586,30380,87772,196036,108265,12
"chr16",67892704,67893059,0.0653579784617086,0.130715956923417,33599,105548,205724,100177,10
"chr12",44876048,44876050,0.065356909600474,0.130713819200948,19356,245926,265586,19661,35
"chr7",129188279,129188924,0.0653522739625725,0.130704547925145,79233,93498,95586,2089,11
"chr22",29767002,29767719,0.0653449194018723,0.130689838803745,57534,298655,311409,12755,14
"chr15",23039759,23039895,0.0653329998850441,0.130665999770088,27759,91615,120809,29195,9
"chr17",6713334,6714151,0.06532876709155,0.1306575341831,35404,91619,106535,14917,13
"chr1",33333656,33334102,-0.0653274387902235,0.130654877580447,2279,8345,286678,278334,2
"chr11",64245983,64246365,0.0653270778813106,0.130654155762621,15110,184386,242972,58587,7
"chr20",46689280,46689637,-0.065313432194353,0.130626864388706,54880,97751,117522,19772,14
"chr14",91509587,91510911,-0.0653114967879941,0.130622993575988,26833,2307,12468,10162,22
"chr3",186611753,186612247,-0.0653054323942775,0.130610864788555,63687,237414,248256,10843,5
"chr8",109643867,109644063,0.0653036063839287,0.130607212767857,82476,109627,133003,23377,7
"chr1",3650205,3650545,-0.0653012983737152,0.13060259674743,420,152538,153988,1451,43
"chr5",128538287,128538785,0.0652988064324589,0.130597612864918,69429,31013,33577,2565,17
"chr1",217631340,217631535,0.0652899918645809,0.130579983729162,7909,158918,166443,7526,12
"chr4",56435731,56435806,0.0652858426940678,0.130571685388136,65396,147938,262652,114715,9
"chr1",1915152,1915176,-0.0652824075013285,0.130564815002657,229,166550,264180,97631,10
"chr2",108719171,108719330,0.0652799511945141,0.130559902389028,49911,13541,86060,72520,7
"chr12",66170058,66170126,0.0652719137173993,0.130543827434799,20779,42634,56603,13970,7
"chr2",131093599,131093608,-0.0652678712709879,0.130535742541976,50355,82718,86664,3947,9
"chr5",175870346,175870570,-0.0652673926574197,0.130534785314839,70952,146180,165002,18823,4
"chr15",75023515,75023533,-0.0652605805700763,0.130521161140153,29744,51560,72606,21047,7
"chr2",208129805,208129875,-0.0652524732519938,0.130504946503988,51794,146994,166647,19654,8
"chr13",27969309,27969318,0.0652498508985881,0.130499701797176,23166,110369,124865,14497,11
"chr14",101925263,101925390,0.0652272197292901,0.13045443945858,27339,196684,211080,14397,4
"chr17",8398283,8398379,-0.0652235808695485,0.130447161739097,35760,220585,297216,76632,6
"chr4",95839984,95840226,0.0652196346795973,0.130439269359195,66018,89241,143111,53871,11
"chr19",35619685,35619752,0.0652029956364013,0.130405991272803,44496,275353,280375,5023,2
"chr22",50085257,50085695,0.065195479451859,0.130390958903718,58875,87355,96055,8701,16
"chr6",32195630,32195810,0.0651938090964095,0.130387618192819,72680,47891,49900,2010,55
"chr11",66345188,66345190,-0.0651911510977414,0.130382302195483,15515,180314,186105,5792,8
"chr15",24674453,24674589,-0.0651882914755189,0.130376582951038,27776,209807,261575,51769,15
"chr15",73995316,73995349,-0.065175423376479,0.130350846752958,29644,243569,267235,23667,16
"chr17",56885167,56885194,0.0651717602370235,0.130343520474047,38383,193040,284505,91466,3
"chr12",56360357,56360391,0.0651603337886724,0.130320667577345,20387,127472,211831,84360,13
"chr1",25618023,25618221,0.0651594231589396,0.130318846317879,1724,1937,5256,3320,12
"chr16",67326966,67327251,-0.0651580084461561,0.130316016892312,33517,109036,121569,12534,15
"chr22",35399959,35400196,0.0651551516161833,0.130310303232367,57833,52318,206245,153928,4
"chr6",122399516,122399784,0.0651546177355722,0.130309235471144,74753,95088,100830,5743,11
"chr17",81082317,81083692,-0.0651487943140892,0.130297588628178,39866,289967,293292,3326,8
"chr22",35541011,35541448,-0.0651248777269164,0.130249755453833,57838,91308,96716,5409,14
"chr3",184298836,184299648,-0.0651147845531193,0.130229569106239,63548,230620,234521,3902,8
"chr11",126403163,126403229,-0.065112681651091,0.130225363302182,17750,225652,236554,10903,8
"chr1",67307445,67307728,0.0651104597074916,0.130220919414983,3673,61471,81355,19885,15
"chr10",126388341,126388513,0.0651016248933486,0.130203249786697,12289,15911,22587,6677,12
"chr9",35690247,35690462,0.0651015898616615,0.130203179723323,84126,68825,95463,26639,13
"chr17",82065946,82066045,-0.0650729477515637,0.130145895503127,40070,18609,76243,57635,7
"chr1",241848441,241848747,0.0650631382091068,0.130126276418214,8631,149445,154122,4678,20
"chr5",42565250,42565370,-0.0650506766794948,0.13010135335899,68161,218013,255708,37696,6
"chr19",49877275,49878436,0.0650499278599981,0.130099855719996,46232,110052,128155,18104,35
"chr14",64823256,64823302,-0.0650227009144969,0.130045401828994,26001,251425,275380,23956,11
"chr4",1346500,1347019,-0.0649880693100781,0.129976138620156,64276,155252,157910,2659,23
"chr14",21526892,21527593,-0.0649867368574528,0.129973473714906,24928,212852,213090,239,11
"chr5",138543557,138543634,0.0649759148221,0.1299518296442,69769,98943,152582,53640,13
"chr6",26027347,26028505,0.0649583042614965,0.129916608522993,71944,169086,175266,6181,13
"chr10",18400337,18400808,-0.0649504648232979,0.129900929646596,9408,245711,275304,29594,14
"chr12",109093609,109093634,0.064939608933347,0.129879217866694,21636,44961,58386,13426,8
"chr8",109334156,109334323,-0.0649387479517103,0.129877495903421,82458,13171,91343,78173,14
"chr12",6376957,6377535,0.0649340633833592,0.129868126766718,18290,57431,109195,51765,9
"chr5",175444633,175445032,0.0649319203887196,0.129863840777439,70937,100409,130482,30074,14
"chr6",30161569,30161786,0.0649292535740215,0.129858507148043,72284,169950,175145,5196,2
"chr14",105300641,105301444,-0.064905261305793,0.129810522611586,27671,64935,65557,623,21
"chr7",103074682,103074698,-0.0648869684169651,0.12977393683393,78692,176990,189095,12106,15
"chr11",119664055,119664522,0.0648743413962411,0.129748682792482,17405,80679,168144,87466,5
"chr11",62854762,62856115,-0.0648727517678578,0.129745503535716,15003,104289,112552,8264,33
"chr14",21105242,21105249,0.0648636431059493,0.129727286211899,24888,246901,299197,52297,5
"chr17",16653943,16654101,0.0648627722005239,0.129725544401048,36043,251689,257172,5484,11
"chr12",57522561,57522628,-0.0648589761005099,0.12971795220102,20569,47280,67478,20199,6
"chr1",198638418,198639253,-0.0648484667157082,0.129696933431416,7057,91378,163803,72426,5
"chr22",38681734,38681752,-0.0648401190765204,0.129680238153041,58128,200338,210527,10190,7
"chr2",96760537,96761290,0.0648368101723466,0.129673620344693,49555,96138,98609,2472,17
"chr3",100401136,100401391,0.0648319564969735,0.129663912993947,61570,152524,153054,531,17
"chr12",39625730,39626198,0.0648259618654811,0.129651923730962,19283,170334,183679,13346,11
"chr1",92029440,92029811,0.0648237611605753,0.129647522321151,4052,188,17805,17618,12
"chr5",141245301,141245436,-0.0648141779335428,0.129628355867086,70011,13302,15487,2186,14
"chr12",132144422,132144446,-0.0648055619695582,0.129611123939116,22782,27739,28140,402,11
"chr21",37072869,37072871,0.0648038221776634,0.129607644355327,56175,54729,59775,5047,16
"chr3",77040610,77040614,-0.0648006885569188,0.129601377113838,61416,113534,232600,119067,3
"chr14",23352226,23352387,0.0647977683851799,0.12959553677036,25049,52238,54649,2412,16
"chr1",150272641,150272651,0.0647927587772552,0.12958551755451,5011,158852,246546,87695,4
"chr9",87706362,87706411,0.0647911790897929,0.129582358179586,84543,183693,281453,97761,3
"chr15",90087176,90087479,-0.0647738360286112,0.129547672057222,30375,219317,300935,81619,4
"chr11",6405475,6406134,0.0647678542814933,0.129535708562987,13248,265333,269491,4159,15
"chr5",134412091,134412145,0.0647580606179332,0.129516121235866,69586,109249,142588,33340,9
"chr1",151059835,151060247,0.0647411298718863,0.129482259743773,5089,36129,71181,35053,15
"chr12",128267037,128268028,-0.0647244758276615,0.129448951655323,22645,48685,135518,86834,6
"chr17",50834714,50835086,0.0647151419588003,0.129430283917601,38282,284217,293153,8937,26
"chr13",48037479,48037551,0.0647030164877302,0.12940603297546,23651,73079,102659,29581,13
"chr12",57110367,57110447,0.0646972984727444,0.129394596945489,20480,60251,64452,4202,7
"chr11",34641681,34642134,0.0646860210232575,0.129372042046515,14062,224702,231045,6344,3
"chr14",52313129,52314211,0.0646814294519459,0.129362858903892,25630,255886,256617,732,14
"chr5",58460197,58460975,-0.064659014657981,0.129318029315962,68382,6616,7157,542,14
"chr15",43106322,43106628,0.0646469576705893,0.129293915341179,28520,206650,254312,47663,10
"chr7",2843895,2844387,0.0646445440983041,0.129289088196608,76232,4638,21895,17258,10
"chr6",33201329,33205705,-0.0646203357591882,0.129240671518376,72806,171143,172356,1214,85
"chr18",3874904,3875029,0.0646167158410017,0.129233431682003,40316,243427,255631,12205,9
"chr18",11148770,11149436,0.0646163834262447,0.129232766852489,40447,27616,51936,24321,13
"chr8",52714809,52715211,-0.0646145941330234,0.129229188266047,81554,129310,180533,51224,14
"chr1",160080485,160080591,-0.064599637839698,0.129199275679396,6024,159799,276689,116891,8
"chr20",63696379,63696731,0.064591182884783,0.129182365769566,55588,200571,204862,4292,12
"chr6",25138677,25138723,0.0645890276412855,0.129178055282571,71904,183081,186883,3803,10
"chr6",109094694,109094697,0.0645847585425343,0.129169517085069,74456,69526,70727,1202,23
"chr13",107865804,107868133,0.0645746902472062,0.129149380494412,24411,132335,132960,626,20
"chr2",132645426,132645436,-0.0645679509581716,0.129135901916343,50389,1891,154445,152555,4
"chr12",123458032,123458528,-0.0645658054261495,0.129131610852299,22476,85635,89558,3924,9
"chr10",44291977,44292816,-0.0645564579866939,0.129112915973388,9859,257757,268193,10437,6
"chr2",38874795,38875741,0.0645387545666492,0.129077509133298,48321,99032,124423,25392,12
"chr21",42974326,42974613,0.0645342232411138,0.129068446482228,56456,100960,138541,37582,8
"chr1",150876924,150877904,0.0645217444095021,0.129043488819004,5061,87781,116744,28964,9
"chr19",44448477,44448537,0.0645059408915887,0.129011881783177,45469,17051,18330,1280,15
"chr15",89575574,89575750,-0.0644906908467587,0.128981381693517,30326,292801,295032,2232,15
"chr3",148864014,148864050,-0.0644900611704953,0.128980122340991,62819,89142,160404,71263,3
"chr9",116153628,116154214,-0.0644880623558702,0.12897612471174,85343,90918,109828,18911,6
"chr12",561546,561726,-0.0644847405807766,0.128969481161553,18040,191188,195469,4282,5
"chr5",177357549,177357687,-0.0644809690487684,0.128961938097537,71060,157545,160927,3383,12
"chr15",38073121,38073172,0.0644664744556034,0.128932948911207,28169,202462,212785,10324,8
"chr10",69571902,69572383,0.0644657102820143,0.128931420564029,10341,46536,124641,78106,3
"chr5",53479872,53480591,-0.0644528477940553,0.128905695588111,68247,35584,60651,25068,12
"chr3",128879009,128879846,0.0644509142149429,0.128901828429886,62295,155969,156507,539,11
"chr10",6580471,6580604,-0.0644469316028749,0.12889386320575,9114,173166,189961,16796,8
"chr13",102402496,102402510,0.0644457119453146,0.128891423890629,24339,98831,125106,26276,9
"chr6",125790334,125790622,-0.0644445116923674,0.128889023384735,74804,60937,168193,107257,4
"chr15",58065693,58066186,0.0644403867687331,0.128880773537466,28999,26665,58156,31492,17
"chr1",6784973,6785024,0.064436570120829,0.128873140241658,608,60080,65743,5664,16
"chr19",55624950,55624973,0.0644331328491079,0.128866265698216,46971,131915,217954,86040,11
"chr17",81385206,81385347,-0.0644284367620307,0.128856873524061,39915,245564,253881,8318,11
"chr14",74921304,74921402,-0.0644242749430358,0.128848549886072,26422,100714,196688,95975,2
"chr6",145687280,145687283,0.0644201061109139,0.128840212221828,75243,269880,274906,5027,4
"chr17",79022345,79022690,-0.0644162974599474,0.128832594919895,39648,226800,227619,820,22
"chr8",69492481,69492624,0.0644096955394474,0.128819391078895,81824,109034,115090,6057,11
"chr19",54012087,54012557,-0.0644009060880712,0.128801812176142,46735,216303,298963,82661,4
"chr22",31108285,31108287,-0.0644008095353509,0.128801619070702,57667,309844,311464,1621,9
"chr19",38256561,38256715,0.0643986666888727,0.128797333377745,44724,16301,17795,1495,14
"chr12",56934622,56934860,-0.0643888297532692,0.128777659506538,20440,89158,207490,118333,4
"chr12",53999941,54000332,0.0643836772883767,0.128767354576753,20118,75126,91450,16325,23
"chr16",68022692,68023123,0.0643830275537089,0.128766055107418,33635,77854,100721,22868,27
"chr3",39154408,39154668,-0.0643824641789913,0.128764928357983,59949,234529,235298,770,7
"chr10",24207667,24208038,0.0643695582406887,0.128739116481377,9506,234731,236580,1850,5
"chr1",70244706,70244739,0.0643593660037862,0.128718732007572,3720,19700,143797,124098,2
"chr13",113098291,113098343,-0.06435321582843,0.12870643165686,24600,193086,296314,103229,6
"chr12",24902507,24904146,0.0643517354172904,0.128703470834581,19061,237626,238372,747,22
"chr4",2243230,2243413,-0.0643515712576968,0.128703142515394,64351,161617,227380,65764,4
"chr6",83193220,83193269,0.064351310040165,0.12870262008033,74088,26034,48892,22859,28
"chr17",42679016,42679331,-0.0643504584991499,0.1287009169983,37501,279718,295060,15343,3
"chr21",42316626,42316904,-0.0643388743456343,0.128677748691269,56412,211184,295047,83864,3
"chr15",40953356,40953718,0.0643337138033024,0.128667427606605,28344,205991,210821,4831,16
"chr16",66549621,66550264,-0.0643242274204201,0.12864845484084,33395,253704,275505,21802,17
"chr7",130141312,130141756,0.0643146750290752,0.12862935005815,79279,123379,189163,65785,4
"chr15",78620805,78620814,0.0643063998713585,0.128612799742717,29923,77197,85959,8763,13
"chr1",177700250,177700327,0.0643050333869938,0.128610066773988,6664,250113,251620,1508,2
"chr1",114695836,114695873,-0.0643041973240862,0.128608394648172,4661,99528,144658,45131,4
"chr19",7069349,7069482,-0.0643014757208826,0.128602951441765,42511,244224,281436,37213,13
"chr11",107858708,107859763,-0.0642957360772731,0.128591472154546,16792,85938,87526,1589,14
"chr6",6007179,6007892,0.0642931717334711,0.128586343466942,71559,91170,102686,11517,18
"chr20",56411832,56412199,-0.0642801028502973,0.128560205700595,55149,211409,259394,47986,10
"chr6",44127718,44127832,-0.064269610372406,0.128539220744812,73528,69929,184065,114137,14
"chr3",170222408,170222588,-0.0642689919498133,0.128537983899627,63228,28008,66656,38649,12
"chr22",46296147,46296665,-0.0642644221656555,0.128528844331311,58748,263890,298106,34217,17
"chr2",130755413,130755417,0.0642551975418219,0.128510395083644,50339,10012,10181,170,23
"chr5",140833851,140834036,0.0642482426731161,0.128496485346232,69937,261957,270614,8658,8
"chr3",49673714,49673830,-0.064234129976578,0.128468259953156,60599,86452,165049,78598,14
"chr2",219547750,219547884,-0.064231123529723,0.128462247059446,52210,5998,151586,145589,3
"chr13",96090833,96090916,-0.064229001547627,0.128458003095254,24178,100331,103915,3585,11
"chr18",79964395,79964422,0.0642240155302736,0.128448031060547,41476,61782,72822,11041,14
"chr3",137771386,137771859,0.064218120017658,0.128436240035316,62584,30448,71650,41203,9
"chr6",30556208,30556226,-0.0642147011343201,0.12842940226864,72319,25071,25245,175,67
"chr6",151807276,151808923,-0.0642132952049289,0.128426590409858,75401,174930,175195,266,36
"chr7",10973734,10973738,-0.0642077827813208,0.128415565562642,76523,44705,47603,2899,12
"chr19",2427710,2429211,-0.0642028953248431,0.128405790649686,41936,6468,28185,21718,13
"chr1",54407119,54407686,0.0642010891470947,0.128402178294189,3390,152503,160878,8376,4
"chr3",100635040,100635777,0.0641883830899647,0.128376766179929,61576,266219,277342,11124,6
"chr13",45713642,45713727,-0.0641862280698854,0.128372456139771,23599,202856,207009,4154,5
"chr20",60055373,60055724,0.0641814074633336,0.128362814926667,55316,228739,271275,42537,8
"chr2",31138821,31139360,0.0641768620961107,0.128353724192221,48136,162110,165486,3377,16
"chr7",7640707,7641047,0.0641731299239088,0.128346259847818,76498,86223,128275,42053,11
"chr15",78629524,78629938,-0.0641525000142446,0.128305000028489,29925,136048,278267,142220,5
"chr19",12847994,12848057,0.0641471899404741,0.128294379880948,43266,118522,136585,18064,3
"chr12",123972871,123973122,-0.0641425474977049,0.12828509499541,22536,21154,25058,3905,8
"chr19",9140293,9140393,-0.0641305472030714,0.128261094406143,42780,14728,65614,50887,11
"chr11",68214210,68214277,0.0641293912805473,0.128258782561095,15775,191673,222937,31265,10
"chr5",83721181,83722102,0.0641269754063481,0.128253950812696,68864,13969,31998,18030,12
"chr21",46132429,46132714,0.064115789021534,0.128231578043068,56693,76145,202147,126003,5
"chr16",2767310,2767355,0.0641110042932123,0.128222008586425,31326,236761,247959,11199,10
"chr16",67199099,67199750,-0.0641106537283489,0.128221307456698,33488,66967,72265,5299,12
"chr14",37902286,37902717,-0.0641057778269027,0.128211555653805,25429,134295,226331,92037,4
"chr10",95907321,95907400,-0.0641037311858473,0.128207462371695,11174,172349,179129,6781,11
"chr2",241315921,241316006,-0.0640999508333797,0.128199901666759,53017,79371,79399,29,28
"chr19",47608014,47608050,-0.0640959571689971,0.128191914337994,45872,90552,210946,120395,11
"chr7",8262464,8262605,0.0640923228557795,0.128184645711559,76511,15424,22440,7017,13
"chr2",5692750,5692885,-0.0640815885408883,0.128163177081777,47395,117051,119673,2623,4
"chr4",121380569,121381110,-0.0640797366874382,0.128159473374876,66394,9261,10934,1674,15
"chr3",179451679,179452312,0.0640749798960117,0.128149959792023,63368,264048,307206,43159,10
"chr12",42483738,42483743,-0.0640646525658498,0.1281293051317,19332,28704,70895,42192,15
"chr3",129121817,129121837,-0.0640634165727409,0.128126833145482,62317,21496,25671,4176,20
"chr17",76586083,76586227,0.0640397538337001,0.1280795076674,39421,56402,69583,13182,6
"chr6",137219020,137219529,0.0640238660224855,0.128047732044971,75069,40168,40802,635,9
"chr16",58515156,58515308,0.0640210441484591,0.128042088296918,33345,130110,194000,63891,10
"chr19",14980487,14980822,-0.0640204692827112,0.128040938565422,43484,213683,230415,16733,12
"chr2",28927340,28927646,0.0640200762927399,0.12804015258548,48084,220608,238329,17722,5
"chr5",55765491,55766893,-0.0640169830602744,0.128033966120549,68313,241930,272416,30487,6
"chr7",144108222,144108263,-0.0640136616006871,0.128027323201374,79751,167406,173922,6517,2
"chr4",84498351,84499897,0.0640115959066518,0.128023191813304,65844,116489,154721,38233,19
"chr1",161165506,161166273,-0.0640102688179448,0.12802053763589,6150,37416,37462,47,15
"chr12",111683193,111683216,0.0640013327396249,0.12800266547925,21819,210693,276069,65377,2
"chr13",96090651,96091329,0.0639978667809096,0.127995733561819,24178,625,12659,12035,11
"chr2",47782958,47782966,-0.0639974569397329,0.127994913879466,48552,16853,31402,14550,10
"chr17",3636205,3637300,-0.0639900495951898,0.12798009919038,35103,107605,203901,96297,17
"chr19",57578911,57578989,0.0639880888764442,0.127976177752888,47121,118122,205130,87009,11
"chr3",122563810,122563810,0.06398178556091,0.12796357112182,62027,258908,308803,49896,21
"chr19",42218028,42218037,-0.063979757871981,0.127959515743962,45262,273140,292490,19351,11
"chr9",132161747,132161936,0.0639680486071532,0.127936097214306,86168,139873,140262,390,11
"chr17",81911242,81911542,-0.0639604588664223,0.127920917732845,40018,70216,72386,2171,22
"chr13",52849805,52849914,-0.0639506311233019,0.127901262246604,23866,105875,204948,99074,4
"chr2",74548830,74549718,0.0639267704898827,0.127853540979765,49189,1987,61986,60000,20
"chr2",54456181,54456183,0.0639200665558385,0.127840133111677,48622,64561,70054,5494,11
"chr7",32942968,32943341,-0.0639158302837286,0.127831660567457,76994,42744,49886,7143,6
"chr1",51101684,51102138,0.063912830821069,0.127825661642138,3222,128056,148418,20363,5
"chr6",28224811,28225086,0.0639116275535721,0.127823255107144,72089,232562,248078,15517,11
"chr2",84971211,84971439,0.0639063974983874,0.127812794996775,49283,138610,139053,444,3
"chr4",177442553,177443188,-0.0638790483425037,0.127758096685007,67117,94029,156349,62321,6
"chr1",161168110,161168486,0.063876236844819,0.127752473689638,6151,221612,244003,22392,3
"chr12",44914275,44915189,0.0638708207798908,0.127741641559782,19357,173268,241464,68197,5
"chr12",6766281,6766287,-0.0638705560122993,0.127741112024599,18365,26837,61070,34234,8
"chr14",24442983,24442992,-0.0638696308756071,0.127739261751214,25241,222442,245690,23249,19
"chr19",10491905,10492037,0.0638516299814838,0.127703259962968,42935,302837,312209,9373,7
"chr6",33211165,33211174,0.0638479721509326,0.127695944301865,72809,180976,181787,812,3
"chr7",74338692,74338996,-0.0638463981956285,0.127692796391257,77748,48415,124152,75738,3
"chr3",143341831,143342085,-0.0638408531724677,0.127681706344935,62776,121760,229549,107790,4
"chr3",42599722,42601404,0.0638208754282965,0.127641750856593,60042,233865,307940,74076,19
"chr6",31897982,31898291,-0.0638054172066659,0.127610834413332,72607,178358,178949,592,37
"chr7",75813875,75813966,0.0638023700591055,0.127604740118211,77790,189887,255216,65330,9
"chr19",16829204,16829329,-0.0637970818707392,0.127594163741478,43673,291996,297812,5817,10
"chr15",76862472,76862520,-0.0637891721347316,0.127578344269463,29830,273195,311451,38257,3
"chr1",153678487,153678849,0.0637876145618381,0.127575229123676,5364,11076,20160,9085,16
"chr1",26900517,26900892,-0.0637852976228181,0.127570595245636,1863,163992,166411,2420,10
"chr19",1241378,1241591,0.063766695895122,0.127533391790244,41702,99843,205320,105478,7
"chr8",6708329,6708355,-0.0637581865620174,0.127516373124035,80404,46645,47893,1249,13
"chr17",20896198,20896213,0.0637580579837391,0.127516115967478,36304,196026,204422,8397,5
"chr11",113475454,113475479,-0.0637563248336446,0.127512649667289,16993,43826,45320,1495,9
"chr12",95790385,95790391,-0.0637459105971852,0.12749182119437,21263,62414,64634,2221,15
"chr10",94545497,94545841,0.0637393150419607,0.127478630083921,11125,79299,96293,16995,10
"chr2",74421627,74422322,0.063738996795184,0.127477993590368,49155,78631,84997,6367,13
"chr6",34392968,34393628,0.0637368340845914,0.127473668169183,72921,41331,42116,786,10
"chr5",174335601,174336052,-0.0637326472636456,0.127465294527291,70928,216687,229261,12575,3
"chr4",182140677,182142244,0.0637126690028604,0.127425338005721,67130,29525,29766,242,17
"chr19",45769402,45769895,0.0636975037068606,0.127395007413721,45667,91034,102834,11801,19
"chr12",67648665,67649019,-0.0636933546145353,0.127386709229071,20805,4438,10688,6251,10
"chr14",77709105,77709127,-0.0636898801518581,0.127379760303716,26601,85845,136940,51096,2
"chr15",41827486,41828000,-0.0636735418360255,0.127347083672051,28415,65785,192776,126992,9
"chr11",67507774,67508824,0.0636732205148831,0.127346441029766,15719,172578,176714,4137,19
"chr19",41843771,41844912,-0.0636717336014266,0.127343467202853,45204,254012,260401,6390,22
"chr10",1737238,1737473,0.0636414652218442,0.127282930443688,8950,100777,111643,10867,11
"chr21",25733937,25735317,0.0636355569777795,0.127271113955559,55797,232660,236356,3697,31
"chr4",158671466,158672467,0.0635868830243679,0.127173766048736,66912,82854,87008,4155,19
"chr1",116111709,116111723,-0.0635863073001011,0.127172614600202,4704,232513,241740,9228,3
"chr13",113449481,113449742,-0.0635844430065245,0.127168886013049,24663,196917,197125,209,6
"chr6",31665191,31666396,0.0635820345194599,0.12716406903892,72532,170944,172208,1265,69
"chr3",23805208,23805989,-0.0635452762324982,0.127090552464996,59618,93088,123924,30837,11
"chr7",99558521,99559011,0.0635446749544738,0.127089349908948,78322,246808,300166,53359,19
"chr7",92833904,92837072,0.0635403636258171,0.127080727251634,78094,139054,139883,830,37
"chr2",177265248,177265584,0.0635313329927095,0.127062665985419,51114,226655,264486,37832,12
"chr17",44220611,44221771,-0.0635297475004313,0.127059495000863,37701,205288,209992,4705,9
"chr2",191682500,191682520,0.0635182419450896,0.127036483890179,51391,84875,282017,197143,3
"chr14",32328281,32328566,-0.0635075242551778,0.127015048510356,25335,215737,224423,8687,5
"chr16",84907432,84907491,-0.063506463192087,0.127012926384174,34332,207497,292623,85127,4
"chr19",33373467,33373572,0.063490643449526,0.126981286899052,44322,57535,58699,1165,15
"chr8",144465905,144466240,-0.0634874575620198,0.12697491512404,83395,63290,68670,5381,16
"chr8",144354941,144355251,-0.0634701778319908,0.126940355663982,83357,186341,187853,1513,12
"chr18",74457448,74457556,0.0634699277941398,0.12693985558828,41357,77508,105104,27597,10
"chr15",24675326,24676605,-0.0634667993936781,0.126933598787356,27776,52430,58090,5661,15
"chr12",112012752,112013373,-0.0634666628793943,0.126933325758789,21838,138310,292723,154414,11
"chr19",41959542,41959623,-0.0634642961479193,0.126928592295839,45225,73023,73568,546,11
"chr8",32440066,32440660,0.0634631156135009,0.126926231227002,81163,243141,257578,14438,4
"chr5",115816788,115816797,0.0634610939979567,0.126922187995913,69264,15948,30820,14873,14
"chr17",18363461,18363679,-0.0634557674466393,0.126911534893279,36196,61645,74044,12400,10
"chr1",26170290,26170332,0.0634504457204419,0.126900891440884,1772,144258,152578,8321,13
"chr12",127284243,127284380,-0.0634176724021522,0.126835344804304,22631,113567,123852,10286,4
"chr18",44679595,44680829,-0.0634128191978787,0.126825638395757,40854,75582,77675,2094,17
"chr1",87168367,87168709,-0.0634122217409097,0.126824443481819,3967,229002,307676,78675,2
"chr9",6015698,6015781,-0.0634102097218961,0.126820419443792,83612,66243,71624,5382,7
"chr7",4762362,4763143,-0.0634026440279126,0.126805288055825,76286,48065,50968,2904,8
"chr2",95025076,95025501,0.0634005742834762,0.126801148566952,49455,16385,31263,14879,6
"chr15",89087655,89088103,-0.0633994376722698,0.12679887534454,30283,212780,227630,14851,16
"chr12",121209380,121209414,-0.0633986607804335,0.126797321560867,22257,87765,88671,907,14
"chr5",1524134,1524835,-0.0633984209025918,0.126796841805184,67535,29100,35451,6352,8
"chr18",80046208,80046783,-0.0633938165802918,0.126787633160584,41482,228512,232753,4242,5
"chr22",17638428,17638492,0.0633741527522451,0.12674830550449,56823,86621,138634,52014,14
"chr2",85328589,85328896,-0.0633730453883727,0.126746090776745,49298,260314,265753,5440,23
"chr8",66020418,66021559,0.0633671596815941,0.126734319363188,81750,222175,252512,30338,6
"chr12",55966897,55966931,0.0633558222017266,0.126711644403453,20292,6594,43987,37394,25
"chr20",47383951,47383986,0.0633540364781322,0.126708072956264,54907,223909,301180,77272,2
"chr5",146878888,146878983,-0.0633523516371369,0.126704703274274,70216,162549,286887,124339,19
"chr1",228487116,228487208,0.0633497752291586,0.126699550458317,8297,148560,150369,1810,13
"chr20",46090129,46090309,-0.0633478460800983,0.126695692160197,54838,211625,231236,19612,10
"chr2",169694290,169694299,0.0633384512929793,0.126676902585959,50879,156157,160361,4205,23
"chr1",155378354,155378381,-0.0633350161820709,0.126670032364142,5624,85257,140209,54953,2
"chr2",86807540,86808635,0.0633313664971985,0.126662732994397,49410,111732,141882,30151,13
"chr14",73027122,73027243,-0.0633132584124456,0.126626516824891,26260,74457,92185,17729,14
"chr1",202861367,202861588,0.0633120244302699,0.12662404886054,7270,35339,36904,1566,8
"chr16",69330434,69330635,-0.0633061155233809,0.126612231046762,33714,29409,57242,27834,9
"chr6",27867413,27868240,0.063288541248326,0.126577082496652,72060,85994,86562,569,12
"chr14",61927676,61927776,-0.0632756270356358,0.126551254071272,25887,211481,288302,76822,2
"chr8",56073998,56075353,0.0632742861903065,0.126548572380613,81621,310102,310508,407,13
"chr2",40513494,40513815,-0.0632688540819415,0.126537708163883,48361,270605,311229,40625,3
"chr19",34926975,34927007,-0.0632657263477407,0.126531452695481,44385,115656,193375,77720,10
"chr12",49189215,49190198,-0.0632638441973932,0.126527688394786,19598,123861,132102,8242,17
"chr2",37230884,37231695,0.0632602589169542,0.126520517833908,48256,300828,309391,8564,19
"chr16",89697559,89697847,-0.0632580548173008,0.126516109634602,34700,203662,298721,95060,6
"chr4",108167081,108167623,-0.0632565731384018,0.126513146276804,66175,145804,147392,1589,28
"chr3",79767799,79767998,0.0632550853839258,0.126510170767852,61430,131137,235013,103877,11
"chr19",48993321,48993869,0.0632470986677246,0.126494197335449,46071,28763,54934,26172,16
"chr4",127966091,127966257,-0.0632461667095781,0.126492333419156,66482,126580,151519,24940,28
"chr16",75622591,75623497,0.0632408073768019,0.126481614753604,34047,208555,213712,5158,15
"chr5",150639352,150640041,-0.063231362780002,0.126462725560004,70409,97661,155474,57814,5
"chr6",31138000,31138745,-0.063220129143727,0.126440258287454,72439,176607,176701,95,21
"chr1",156656957,156657047,0.0632196878728309,0.126439375745662,5784,39560,127281,87722,2
"chr2",38751512,38751652,-0.0632130146138112,0.126426029227622,48310,147101,149621,2521,11
"chr12",117190664,117190715,0.0631954632101908,0.126390926420382,22049,99733,178630,78898,8
"chr17",2054235,2054674,0.0631925416536013,0.126385083307203,34992,58426,58523,98,54
"chr13",30466333,30466987,0.0631857785994038,0.126371557198808,23269,195444,206120,10677,15
"chr3",194685829,194685843,0.0631804977261223,0.126360995452245,63941,19760,20038,279,12
"chr16",47461040,47461259,-0.0631553820412482,0.126310764082496,32883,59815,61616,1802,17
"chr3",98593179,98594554,-0.0631551947329107,0.126310389465821,61529,35698,133105,97408,15
"chr6",29553361,29553495,0.06314984980991,0.12629969961982,72182,48594,49704,1111,26
"chr12",57229328,57230410,-0.0631462331070832,0.126292466214166,20516,261831,267585,5755,16
"chr10",75209920,75210915,0.0631444478123642,0.126288895624728,10654,41468,42956,1489,14
"chr7",54759494,54759738,0.0631313462006237,0.126262692401247,77444,100738,173886,73149,12
"chr7",28435270,28435646,-0.0631140781273774,0.126228156254755,76862,166833,179687,12855,7
"chr11",10801064,10802367,0.0631105146564591,0.126221029312918,13529,249130,267599,18470,8
"chr2",180979634,180979953,0.0631078320763939,0.126215664152788,51214,255284,273681,18398,10
"chr5",150701354,150701358,0.0631042548650465,0.126208509730093,70422,157617,161664,4048,9
"chr19",409495,409888,0.0630985087773162,0.126197017554632,41515,209187,233445,24259,8
"chr19",37467095,37467551,-0.063096007255896,0.126192014511792,44686,85617,86617,1001,14
"chr1",186296265,186296291,-0.0630932553224487,0.126186510644897,6941,101103,118128,17026,3
"chr2",19868600,19868677,0.0630892350301352,0.12617847006027,47671,227821,287560,59740,5
"chr11",63916634,63916692,0.0630865815618258,0.126173163123652,15076,102990,178177,75188,7
"chr11",64878084,64878491,-0.0630812572426822,0.126162514485364,15224,137720,161907,24188,11
"chr1",183591778,183591788,0.063068637842134,0.126137275684268,6883,92776,158871,66096,2
"chr14",59630826,59630832,0.063067595209756,0.126135190419512,25805,14135,17650,3516,13
"chr3",143972883,143972936,0.0630663168662352,0.12613263373247,62778,271860,278830,6971,26
"chr11",10808035,10808072,-0.0630576817193906,0.126115363438781,13533,21281,23959,2679,23
"chr8",17676394,17676461,0.0630554632212007,0.126110926442401,80646,221192,258855,37664,2
"chr3",112560985,112561239,-0.0630499402700366,0.126099880540073,61761,227147,235223,8077,16
"chr18",26226049,26226283,-0.0630435461507655,0.126087092301531,40665,211053,223658,12606,11
"chr6",30687695,30687790,-0.0630410143807495,0.126082028761499,72357,170336,172025,1690,41
"chr7",130734914,130735171,0.0630306698170313,0.126061339634063,79325,123009,126589,3581,15
"chr4",7068006,7068116,-0.0630245827523375,0.126049165504675,64599,5308,32720,27413,14
"chr5",98768192,98768464,0.063018978835341,0.126037957670682,69066,234709,264238,29530,14
"chr12",22624475,22624856,0.063011603691088,0.126023207382176,19040,188862,199303,10442,16
"chr1",31645359,31645944,0.0630008011909712,0.126001602381942,2122,155109,156397,1289,19
"chr19",55614374,55614668,0.0629978312203172,0.125995662440634,46967,52723,195388,142666,2
"chr5",664248,664444,-0.0629896314712366,0.125979262942473,67438,119335,146321,26987,6
"chr6",32761665,32761721,-0.0629739828478657,0.125947965695731,72724,10736,40128,29393,6
"chr3",111071542,111071736,-0.0629500139790867,0.125900027958173,61709,88737,236755,148019,14
"chr15",45523145,45523207,0.0629420902896799,0.12588418057936,28690,212784,212816,33,15
"chr1",40709221,40709255,0.062941096776756,0.125882193553512,2690,84376,106448,22073,9
"chr16",3500730,3500792,0.0629199115673419,0.125839823134684,31469,199646,205330,5685,8
"chr1",169794836,169795178,-0.0629135117473801,0.12582702349476,6448,131250,154389,23140,12
"chr9",113410666,113410809,0.06291093595507,0.12582187191014,85246,273602,276916,3315,18
"chr2",70900443,70900649,0.062899740160411,0.125799480320822,49007,32680,36507,3828,23
"chr11",43680553,43680785,0.0628968249952879,0.125793649990576,14150,24466,45193,20728,9
"chr19",57350874,57351244,0.062891767228046,0.125783534456092,47091,131583,198052,66470,13
"chr10",61900877,61901606,0.0628816178869603,0.125763235773921,10162,197232,225818,28587,17
"chr10",133087704,133087990,-0.0628805657357652,0.12576113147153,12482,67719,176380,108662,10
"chr3",35639024,35639554,-0.0628795128728359,0.125759025745672,59784,64466,67195,2730,21
"chr22",37486040,37487218,-0.0628761483907526,0.125752296781505,57986,98649,132163,33515,10
"chr7",135510884,135510925,0.0628740923713769,0.125748184742754,79431,177075,179288,2214,13
"chr4",8269068,8269642,-0.0628530770750345,0.125706154150069,64654,86820,143215,56396,11
"chr1",38872808,38872813,0.0628482934766119,0.125696586953224,2559,147343,158259,10917,4
"chr4",99950158,99951010,0.062844411547143,0.125688823094286,66069,95477,100477,5001,16
"chr2",240136772,240137184,0.0628388501681062,0.125677700336212,52868,36155,37314,1160,27
"chr17",7884628,7884966,-0.0628330974888477,0.125666194977695,35646,62778,76333,13556,7
"chr15",41501683,41502095,0.0628285758550505,0.125657151710101,28379,54177,118987,64811,2
"chr1",9356120,9356244,0.0628284378050212,0.125656875610042,708,10034,33753,23720,4
"chr10",96129912,96129915,0.0628234116730765,0.125646823346153,11180,3446,3461,16,22
"chr1",159801921,159802372,-0.0627859352379952,0.12557187047599,5988,151642,158567,6926,8
"chr1",155241854,155241945,0.0627848016088227,0.125569603217645,5590,164798,234976,70179,7
"chr17",42682467,42682485,-0.0627847889216744,0.125569577843349,37503,60681,63669,2989,13
"chr3",181710541,181710678,0.0627801500480532,0.125560300096106,63418,7708,15582,7875,13
"chr13",36131309,36131338,-0.0627767737545822,0.125553547509164,23376,20501,22762,2262,9
"chr19",56404153,56404281,-0.0627763802798212,0.125552760559642,47038,76520,76623,104,14
"chr3",126523647,126524130,0.0627737802877887,0.125547560575577,62194,29381,97685,68305,10
"chr12",2959729,2959975,-0.0627732821406109,0.125546564281222,18169,40171,138189,98019,3
"chr16",10934142,10934142,0.0627692585473063,0.125538517094613,31785,135922,303827,167906,2
"chr17",44354259,44354380,0.062764610029346,0.125529220058692,37728,11610,114271,102662,6
"chr6",42048648,42048746,0.0627512946409032,0.125502589281806,73313,64364,138239,73876,10
"chr7",30283651,30283671,0.0627420235937151,0.12548404718743,76914,200837,224621,23785,9
"chr3",154324572,154324677,-0.0627406447889951,0.12548128957799,62977,151330,160648,9319,14
"chr8",28562979,28563230,0.062730824800671,0.125461649601342,81077,273584,310616,37033,5
"chr2",62672411,62672638,-0.0627298141833076,0.125459628366615,48780,149978,236207,86230,2
"chr7",86643742,86644704,0.0627263124904684,0.125452624980937,77953,120811,169650,48840,13
"chr1",29182074,29182076,0.0627241582401195,0.125448316480239,2044,993,3994,3002,12
"chr13",102862381,102862685,0.0627173462734976,0.125434692546995,24370,204499,296033,91535,6
"chr6",39791077,39791222,-0.0627173158480229,0.125434631696046,73212,129746,235319,105574,2
"chr5",111223733,111223883,0.0627147933674893,0.125429586734979,69160,90346,141321,50976,11
"chr14",23095706,23095843,0.0627070476814814,0.125414095362963,25020,210174,249803,39630,22
"chr5",11082818,11082830,0.0626908943994308,0.125381788798862,67706,155231,155875,645,2
"chr17",1187575,1187611,-0.0626891616905216,0.125378323381043,34875,12962,14833,1872,13
"chr5",10278893,10279242,0.0626818251103517,0.125363650220703,67673,160988,264153,103166,2
"chr4",39639120,39639168,-0.062677484730719,0.125354969461438,65062,31785,63098,31314,12
"chr9",129080991,129081050,-0.0626768605369949,0.12535372107399,85947,65924,71190,5267,11
"chr5",29143083,29143160,-0.0626760204714273,0.125352040942855,67868,260902,310580,49679,2
"chr6",30717466,30717469,0.0626751549192226,0.125350309838445,72369,181877,186928,5052,23
"chr6",125956558,125956564,-0.0626741320119523,0.125348264023905,74812,176186,187905,11720,12
"chr7",127593580,127593595,-0.0626609851465665,0.125321970293133,79119,50197,66816,16620,8
"chr4",6987016,6987383,0.0626607910832209,0.125321582166442,64584,260579,272431,11853,17
"chr6",47655726,47656015,-0.0626478303800727,0.125295660760145,73656,128908,173693,44786,5
"chr4",53376771,53377136,-0.0626305655217742,0.125261131043548,65278,161380,246709,85330,11
"chr9",122264232,122265121,0.0626250238201834,0.125250047640367,85481,179320,228281,48962,20
"chr17",29590873,29590964,0.0626216658796164,0.125243331759233,36537,136827,212278,75452,2
"chr1",229434147,229434441,0.0626158692272674,0.125231738454535,8327,107659,124997,17339,14
"chr2",99141374,99141711,0.0626139574471669,0.125227914894334,49643,1354,30251,28898,17
"chr21",33491189,33491945,0.0626120221239103,0.125224044247821,56037,194935,198055,3121,19
"chr18",63367323,63367712,0.06261180640668,0.12522361281336,41246,6817,13556,6740,12
"chr6",10585934,10586034,0.0626099831531441,0.125219966306288,71651,6829,84948,78120,5
"chr3",26622394,26622817,0.0626042669097801,0.12520853381956,59664,116127,118211,2085,14
"chr10",131982058,131983019,-0.0625997674681813,0.125199534936363,12383,9328,14184,4857,12
"chr12",50082386,50082787,-0.0625779832152384,0.125155966430477,19700,129586,242057,112472,2
"chr12",123151628,123152170,0.0625752636510819,0.125150527302164,22446,181428,210482,29055,8
"chr15",64094238,64094462,0.0625614687952473,0.125122937590495,29183,210609,212845,2237,14
"chr14",93538070,93538210,0.0625507896160252,0.12510157923205,26915,203931,298053,94123,3
"chr12",67268809,67269699,0.0625282722955418,0.125056544591084,20797,74254,87973,13720,15
"chr12",120686740,120688034,-0.0625156082537537,0.125031216507507,22218,275162,296398,21237,15
"chr16",19167909,19168134,-0.0625152064969518,0.125030412993904,32061,97820,198257,100438,9
"chr19",44757021,44757096,0.0625093671412881,0.125018734282576,45499,106446,121126,14681,7
"chr11",58927477,58927704,0.0624970637523646,0.124994127504729,14645,168694,235386,66693,5
"chr17",14303924,14304651,0.0624969200232526,0.124993840046505,35941,124729,199712,74984,14
"chr2",26345987,26347006,0.062493572250659,0.124987144501318,47861,144949,147299,2351,23
"chr20",49936307,49936550,-0.0624756890105863,0.124951378021173,54992,4997,52780,47784,6
"chr3",58164252,58164911,0.0624725021954823,0.124945004390965,61127,227701,229048,1348,8
"chr16",71537710,71537974,-0.0624453587191218,0.124890717438244,33855,290390,291591,1202,3
"chr6",28988482,28988491,0.0624400271328675,0.124880054265735,72146,5268,16014,10747,9
"chr14",59870907,59870956,0.0624309699984906,0.124861939996981,25808,206656,210085,3430,12
"chr5",139894,140174,-0.0624253960438612,0.124850792087722,67376,103796,112416,8621,9
"chr1",6385572,6386035,-0.0624185933897395,0.124837186779479,548,143070,146871,3802,11
"chr1",178512747,178512891,-0.0624151990915402,0.12483039818308,6683,13542,35497,21956,9
"chr11",66002345,66002683,-0.0624100268927231,0.124820053785446,15464,67559,68650,1092,28
"chr1",15876264,15876415,0.0624096855460606,0.124819371092121,1084,134251,147119,12869,6
"chr11",61581429,61581450,0.0623985461589231,0.124797092317846,14848,42128,100016,57889,4
"chr17",76312923,76312953,-0.0623963474647202,0.12479269492944,39382,84812,121197,36386,4
"chr15",67542335,67543287,-0.0623932948906812,0.124786589781362,29384,223404,276532,53129,11
"chr10",96720697,96721141,-0.0623919486004289,0.124783897200858,11207,62213,84251,22039,10
"chr7",150368081,150368166,-0.062389758089364,0.124779516178728,79907,138010,138132,123,19
"chr8",96644983,96645325,-0.0623799596887589,0.124759919377518,82232,11603,20701,9099,11
"chr9",84669401,84670786,0.0623776926492954,0.124755385298591,84498,132501,135306,2806,23
"chr7",90119706,90119784,0.0623604200358752,0.12472084007175,78008,302666,304494,1829,27
"chr6",30686782,30688722,-0.0623596573424663,0.124719314684933,72357,47754,47903,150,41
"chr3",40505855,40505953,-0.0623283832755853,0.124656766551171,59994,145678,146552,875,14
"chr6",26596772,26596932,-0.0623258878713457,0.124651775742691,72007,27501,99337,71837,3
"chr11",65134718,65135093,0.0623229871948835,0.124645974389767,15287,88450,103775,15326,8
"chr11",47407782,47408322,0.0623177997049502,0.1246355994099,14368,135531,140458,4928,8
"chr11",7986886,7987178,-0.0623173228881602,0.12463464577632,13376,171097,175536,4440,12
"chr22",23142087,23142313,-0.0623126224217908,0.124625244843582,57168,194771,195340,570,11
"chr13",49585652,49585693,0.0622980861583643,0.124596172316729,23722,72431,75021,2591,12
"chr1",1627387,1628315,-0.0622978191888698,0.12459563837774,199,68815,112022,43208,8
"chr5",38444670,38445510,0.0622782456253421,0.124556491250684,68044,60372,149041,88670,9
"chr7",76302571,76302615,0.0622763805553614,0.124552761110723,77826,102275,102306,32,10
"chr14",101048305,101049048,0.0622615861620504,0.124523172324101,27309,286786,295198,8413,8
"chr5",96432138,96434534,-0.0622557606760666,0.124511521352133,69019,108774,108811,38,21
"chr4",6640715,6640723,0.0622549593609861,0.124509918721972,64563,140763,147315,6553,10
"chr3",129605856,129606277,0.0622527551905909,0.124505510381182,62370,159819,283022,123204,5
"chr6",88964022,88964414,0.0622527444206897,0.124505488841379,74181,66073,85193,19121,17
"chr16",1765102,1765153,-0.0622482350935451,0.12449647018709,31071,53454,196301,142848,3
"chr6",33248871,33249365,0.0622426395194693,0.124485279038939,72811,42798,42984,187,39
"chr11",24496682,24496902,0.0622424029047456,0.124484805809491,13863,139292,173612,34321,14
"chr1",53220825,53220875,0.0622304136876539,0.124460827375308,3324,146547,150928,4382,9
"chr17",32494809,32494829,0.0622243070620974,0.124448614124195,36702,51874,124177,72304,3
"chr9",94726648,94726654,-0.0622113107496183,0.124422621499237,84765,8156,67360,59205,5
"chr10",93482435,93482526,0.0622037100936671,0.124407420187334,11077,138146,191500,53355,10
"chr12",4588953,4589151,0.0622032022740583,0.124406404548117,18226,185724,199485,13762,3
"chr13",31162072,31162259,0.0621820673817165,0.124364134763433,23288,76654,96913,20260,19
"chr11",824762,825246,-0.0621740590100197,0.124348118020039,12729,236163,245426,9264,6
"chr6",18264847,18265068,-0.0621625651488914,0.124325130297783,71810,252293,263517,11225,13
"chr11",102831554,102831683,0.0621586645295819,0.124317329059164,16717,17718,50631,32914,4
"chr17",8435821,8435829,-0.0621525938950198,0.12430518779004,35763,8197,17525,9329,11
"chr3",156120528,156120610,-0.0621523146352235,0.124304629270447,63007,163547,163739,193,7
"chr2",189440840,189441162,0.062134447627626,0.124268895255252,51314,34666,37080,2415,12
"chr7",116671442,116672543,0.0621344168230341,0.124268833646068,78940,125082,172817,47736,11
"chr20",58514957,58515066,-0.0621289137910798,0.12425782758216,55231,11300,15727,4428,14
"chr6",166168709,166169097,0.0621210693175133,0.124242138635027,75744,100335,104241,3907,16
"chr1",206497815,206498438,-0.0621151356748591,0.124230271349718,7581,248637,248864,228,7
"chr13",40771420,40771531,-0.0621149310696378,0.124229862139276,23461,197136,249974,52839,12
"chr19",571120,571177,0.0621142417391313,0.124228483478263,41540,240135,251770,11636,15
"chr6",143863281,143863420,-0.0621110006337875,0.124222001267575,75212,176241,183839,7599,6
"chr19",19211831,19211969,-0.062097503774191,0.124195007548382,44040,76955,114493,37539,8
"chr19",1057001,1057340,-0.0620897007122037,0.124179401424407,41651,218205,226027,7823,3
"chr3",46464716,46465029,0.0620892591170512,0.124178518234102,60241,17549,35739,18191,15
"chr11",65575859,65576362,0.0620778227244525,0.124155645448905,15370,106462,120493,14032,11
"chr13",32428275,32428460,0.0620691123930087,0.124138224786017,23327,107871,128474,20604,14
"chr4",188104846,188105528,0.062032744662094,0.124065489324188,67358,145710,161412,15703,6
"chr15",28099331,28099342,-0.0620306732133854,0.124061346426771,27955,6452,7306,855,9
"chr4",2963245,2964657,0.0620278382762292,0.124055676552458,64406,98094,101429,3336,20
"chr4",83284915,83285046,0.0620229190561917,0.124045838112383,65829,128008,148086,20079,9
"chr10",86653199,86653215,0.0619941563209842,0.123988312641968,10857,181804,185815,4012,3
"chr3",58007665,58007996,0.0619940321837465,0.123988064367493,61115,229390,262149,32760,9
"chr10",114938139,114938165,0.0619816107828895,0.123963221565779,11929,185369,188888,3520,12
"chr21",30394904,30395151,-0.061979674502877,0.123959349005754,55889,211126,260162,49037,4
"chr6",106098879,106098949,-0.0619775294113246,0.123955058822649,74365,174291,174795,505,15
"chr5",170861762,170861784,-0.0619685557969347,0.123937111593869,70821,12528,18614,6087,13
"chr17",4948815,4949282,0.0619637563620192,0.123927512724038,35280,111686,139867,28182,11
"chr16",2708467,2708506,0.061960271490383,0.123920542980766,31311,209743,290780,81038,3
"chr16",2968990,2969061,-0.0619541017607757,0.123908203521551,31365,103468,258693,155226,7
"chr1",10639774,10639918,0.0619474919088498,0.1238949838177,796,39033,39701,669,4
"chr10",117168501,117169055,0.0619447145089234,0.123889429017847,11976,12935,18829,5895,7
"chr17",4738752,4738761,0.0619426535042395,0.123885307008479,35235,98955,101148,2194,17
"chr1",74198066,74198143,0.0619373516601976,0.123874703320395,3746,94032,106723,12692,20
"chr1",206970525,206971467,0.0619345143840993,0.123869028768199,7623,154773,159704,4932,8
"chr15",82710026,82710058,-0.0619331654954385,0.123866330990877,30085,137983,138955,973,9
"chr6",56851814,56852304,0.0619116342512002,0.1238232685024,73843,182417,191553,9137,9
"chr20",3209366,3209486,-0.0619085003978293,0.123817000795659,53330,74841,81105,6265,13
"chr12",6470958,6471331,0.0619026768486111,0.123805353697222,18303,85420,104340,18921,12
"chr7",44962688,44962887,0.061900350108876,0.123800700217752,77286,4545,4676,132,2
"chr6",31728705,31729503,0.0618991941672134,0.123798388334427,72559,190348,191813,1466,50
"chr14",77498780,77498970,-0.0618968461504425,0.123793692300885,26591,56002,57283,1282,8
"chr15",79897592,79898289,-0.0618966469748227,0.123793293949645,29972,244387,245206,820,11
"chr12",95217215,95217595,0.0618921278328807,0.123784255665761,21245,138465,180475,42011,17
"chr16",3443534,3444155,0.0618856053680111,0.123771210736022,31460,295148,297295,2148,15
"chr3",4303393,4303490,-0.0618797334541729,0.123759466908346,59056,17943,19971,2029,14
"chr6",117264652,117265755,0.0618735224771852,0.12374704495437,74675,96776,98635,1860,11
"chr6",31972107,31972227,-0.0618730022165348,0.12374600443307,72629,10160,11979,1820,104
"chr15",57591840,57591850,-0.061869728011549,0.123739456023098,28990,54476,58557,4082,7
"chr13",41132787,41132840,-0.0618693819323602,0.12373876386472,23479,22159,24028,1870,8
"chr2",55282117,55282122,-0.0618651462788318,0.123730292557664,48663,7737,12357,4621,8
"chr4",4321285,4321594,-0.0618643472327574,0.123728694465515,64483,142441,150718,8278,4
"chr5",172338649,172338982,-0.0618597002264286,0.123719400452857,70861,10322,23922,13601,13
"chr10",113165764,113165947,0.0618288294058364,0.123657658811673,11859,49105,50966,1862,3
"chr3",113441684,113441884,-0.061819569231397,0.123639138462794,61800,249430,252887,3458,11
"chr5",151223978,151224132,0.0618119242252553,0.123623848450511,70461,144500,148464,3965,10
"chr8",2728685,2729042,-0.0618021502496114,0.123604300499223,80383,167921,229246,61326,4
"chr10",32346430,32347160,0.0618006601442227,0.123601320288445,9692,257890,272451,14562,17
"chr1",5992117,5992612,0.0617873176976305,0.123574635395261,491,165214,249774,84561,13
"chr13",37059259,37059910,0.0617802448797377,0.123560489759475,23402,295582,297075,1494,17
"chr3",196711669,196712004,0.0617651881322225,0.123530376264445,64047,127107,147102,19996,12
"chr17",81977337,81977382,-0.0617608854923293,0.123521770984659,40041,51364,53932,2569,7
"chr12",53298324,53298386,0.0617546702643498,0.1235093405287,20042,256536,269128,12593,16
"chr10",15169210,15170067,-0.061753020298473,0.123506040596946,9340,135316,190074,54759,10
"chr17",35766204,35766735,0.0617525312464271,0.123505062492854,36816,202734,299793,97060,6
"chr5",77492232,77492351,-0.0617348365497182,0.123469673099436,68731,227625,274529,46905,10
"chr2",27494438,27494438,0.0617340237714546,0.123468047542909,48019,290477,309398,18922,11
"chr6",33251558,33251877,0.0617282083052822,0.123456416610564,72813,183942,188558,4617,4
"chr6",167668201,167668482,-0.0617279852489528,0.123455970497906,75803,161170,190249,29080,5
"chr2",218959673,218960534,0.0617253998083329,0.123450799616666,52092,118090,123477,5388,23
"chr13",111893339,111893557,0.0617217373896255,0.123443474779251,24530,2612,109589,106978,6
"chr19",40443284,40444265,-0.0617141623392906,0.123428324678581,45042,102108,126872,24765,21
"chr4",73740400,73740475,0.0616900831642783,0.123380166328557,65613,85647,120327,34681,3
"chr16",70473191,70473201,0.0616865567572182,0.123373113514436,33788,53855,77478,23624,3
"chr11",65858470,65858491,-0.0616829526837507,0.123365905367501,15428,45474,47142,1669,27
"chr11",67391647,67391950,-0.0616808755129363,0.123361751025873,15664,15740,26466,10727,14
"chr17",39197853,39197879,0.0616757512576291,0.123351502515258,37007,52764,53180,417,5
"chr17",1716558,1717481,0.0616701973216525,0.123340394643305,34946,296806,297264,459,18
"chr13",28003501,28003908,-0.0616695021389876,0.123339004277975,23171,199099,301537,102439,2
"chr11",69985704,69985939,0.0616649550612087,0.123329910122417,15879,41363,45607,4245,4
"chr7",149499,149614,-0.0616389257678057,0.123277851535611,75949,59807,61252,1446,11
"chr11",66480500,66481150,0.061634973488804,0.123269946977608,15537,102316,134310,31995,17
"chr17",75521954,75522149,-0.0616247392252218,0.123249478450444,39223,59139,76193,17055,4
"chr1",219173768,219173998,0.0616213319786913,0.123242663957383,7926,82882,86141,3260,19
"chr11",368638,368847,0.0616176147912681,0.123235229582536,12612,179722,183496,3775,22
"chr1",16352491,16352654,-0.0616164780831532,0.123232956166306,1140,37449,62056,24608,12
"chr18",48950757,48950803,-0.0616161363397829,0.123232272679566,40977,73890,75224,1335,20
"chr13",49995882,49997566,0.06161086712479,0.12322173424958,23734,81894,197058,115165,12
"chr11",65027269,65027568,-0.0616107311705772,0.123221462341154,15255,100992,109906,8915,10
"chr9",100429398,100429476,0.061609287284554,0.123218574569108,84979,286944,288729,1786,6
"chr6",29659390,29659618,-0.0615979716814416,0.123195943362883,72210,47818,169628,121811,7
"chr1",177171461,177171544,0.061591604233124,0.123183208466248,6658,64190,90692,26503,14
"chr21",32728128,32729102,0.0615915578606527,0.123183115721305,55991,138649,206764,68116,19
"chr19",46471715,46471923,0.0615908719101391,0.123181743820278,45743,208353,298598,90246,8
"chr18",74499068,74499089,-0.0615906458017791,0.123181291603558,41360,201245,212214,10970,7
"chr2",181984508,181985956,0.0615872207771225,0.123174441554245,51238,35362,63774,28413,10
"chr5",75337115,75337197,0.06158056516204,0.12316113032408,68654,24482,30474,5993,11
"chr3",38137252,38137807,-0.0615791744871045,0.123158348974209,59889,130691,144076,13386,8
"chr8",86097603,86098407,0.0615742941240828,0.123148588248166,82050,198811,252392,53582,5
"chr14",37266971,37266989,-0.0615676939063949,0.12313538781279,25416,219934,233091,13158,3
"chr19",3572518,3572959,-0.0615652433115937,0.123130486623187,42079,79251,122778,43528,10
"chr19",46148044,46148296,-0.0615539741068908,0.123107948213782,45713,209512,268370,58859,5
"chr5",173144422,173144563,0.0615529745552078,0.123105949110416,70898,31105,95481,64377,10
"chr22",43015077,43015179,-0.0615523245526357,0.123104649105271,58528,19139,19409,271,12
"chr6",28225271,28225302,0.0615037819984001,0.1230075639968,72089,19138,42346,23209,11
"chr4",110616414,110616751,0.061495691882062,0.122991383764124,66233,161427,161592,166,2
"chr19",45639415,45639453,-0.0614890292605655,0.122978058521131,45638,966,8095,7130,16
"chr5",141412944,141413903,0.0614846781787551,0.12296935635751,70058,154704,161309,6606,12
"chr19",2235104,2235128,0.061482576188598,0.122965152377196,41895,210090,293557,83468,21
"chr2",105851230,105851744,0.0614618772315371,0.122923754463074,49849,149644,153036,3393,10
"chr8",9555872,9556187,0.0614586986227628,0.122917397245526,80464,109566,179461,69896,15
"chr6",135850372,135851617,-0.0614585748885275,0.122917149777055,75026,130812,172394,41583,10
"chr12",101279487,101279982,0.0614468014846688,0.122893602969338,21385,132867,170988,38122,11
"chr4",75991001,75991098,-0.0614431577532232,0.122886315506446,65684,145199,145793,595,11
"chr14",24369163,24369196,0.0614368210873485,0.122873642174697,25217,253546,264262,10717,37
"chr1",118988054,118988309,0.0614326924554587,0.122865384910917,4791,10536,14033,3498,7
"chr17",75917820,75918201,-0.0614288048892867,0.122857609778573,39320,2665,56326,53662,3
"chr8",73972517,73972675,0.0614182066001425,0.122836413200285,81905,193032,228305,35274,14
"chr1",1615399,1615499,-0.0614178340630134,0.122835668126027,194,19937,24273,4337,8
"chr8",41798155,41798271,-0.0614085737932844,0.122817147586569,81390,45201,50253,5053,6
"chr1",6180980,6181119,-0.0613988867171439,0.122797773434288,515,33370,93960,60591,3
"chr6",85677430,85679122,0.0613896071902003,0.122779214380401,74129,190821,191502,682,15
"chr17",10698422,10698717,0.0613854207981962,0.122770841596392,35872,261652,271414,9763,3
"chr15",72231228,72232224,-0.0613807727580995,0.122761545516199,29561,134860,140492,5633,16
"chr12",64451459,64451671,-0.0613711453619727,0.122742290723945,20715,123055,168941,45887,12
"chr19",55545702,55545911,-0.0613676734123461,0.122735346824692,46956,60104,69072,8969,10
"chr7",143902429,143903380,0.0613640015993253,0.122728003198651,79741,267945,311355,43411,14
"chr19",41262175,41262452,0.0613614546870317,0.122722909374063,45138,195148,203642,8495,11
"chr5",171456813,171457343,0.0613574723308196,0.122714944661639,70835,1832,30183,28352,7
"chr8",144773215,144773327,0.0613546014073357,0.122709202814671,83438,159102,187553,28452,2
"chr8",105318938,105319089,0.0613442945436867,0.122688589087373,82425,43323,121899,78577,10
"chr16",58684288,58684817,0.0613417946674557,0.122683589334911,33360,248148,252377,4230,15
"chr17",80209518,80209947,0.0613397147923109,0.122679429584622,39768,2213,271565,269353,2
"chr13",83882412,83882442,0.0613217148368206,0.122643429673641,24088,121414,123534,2121,20
"chr1",150293229,150293677,-0.0613198964830565,0.122639792966113,5015,163598,235147,71550,15
"chr5",135248661,135249467,-0.0613134478396519,0.122626895679304,69632,251092,253143,2052,4
"chr10",123891854,123891875,0.0613119570903144,0.122623914180629,12194,15685,49158,33474,10
"chr11",33742974,33742974,0.0613062672396459,0.122612534479292,14022,247598,305173,57576,2
"chr2",16050228,16050291,-0.0613050146592036,0.122610029318407,47628,240849,241245,397,4
"chr12",55727306,55730356,-0.0612925302252768,0.122585060450554,20259,245705,248766,3062,31
"chr7",151520191,151520489,0.0612881857921167,0.122576371584233,80061,168637,172323,3687,14
"chr12",132837708,132837748,-0.0612872861076213,0.122574572215243,22874,127,6019,5893,4
"chr10",100987589,100987674,-0.0612826030137661,0.122565206027532,11438,45767,46989,1223,25
"chr15",44677046,44677283,-0.0612785867895395,0.122557173579079,28633,294269,296193,1925,6
"chr6",166999148,166999453,-0.0612713290462204,0.122542658092441,75781,61757,63072,1316,16
"chr12",132066853,132066938,-0.0612601761931239,0.122520352386248,22771,15829,186640,170812,2
"chr20",48921926,48921965,0.0612390826593323,0.122478165318665,54945,54922,73432,18511,2
"chr2",97664889,97665140,0.0612346987658315,0.122469397531663,49589,246370,260737,14368,17
"chr7",157009503,157009515,0.0612336852450346,0.122467370490069,80225,47410,49148,1739,9
"chr8",66667373,66667381,0.0612296314521665,0.122459262904333,81784,177420,192081,14662,16
"chr1",113871690,113871718,0.0612282743402758,0.122456548680552,4624,90051,96645,6595,6
"chr12",108828539,108828571,0.0612179051680212,0.122435810336042,21615,134801,184109,49309,11
"chr20",37693892,37693981,-0.0612131696307309,0.122426339261462,54413,2575,14160,11586,13
"chr1",206556285,206557511,-0.0612126598362006,0.122425319672401,7583,6811,8413,1603,20
"chr11",76670104,76670406,-0.0612077922884087,0.122415584576817,16275,168207,181807,13601,19
"chr1",172144366,172144907,0.0612050413704662,0.122410082740932,6530,84908,141741,56834,10
"chr10",103276738,103278039,0.0612045446562756,0.122409089312551,11634,114919,121814,6896,13
"chr8",112643332,112643486,-0.0611940860798714,0.122388172159743,82494,70327,166881,96555,3
"chr1",173477103,173477321,-0.0611901088685202,0.12238021773704,6557,147417,156755,9339,13
"chr15",67165629,67166060,0.0611832875746211,0.122366575149242,29368,292972,296235,3264,10
"chr7",5231914,5232577,0.0611825217800071,0.122365043560014,76339,16091,46590,30500,12
"chr6",73461214,73461867,-0.0611820249014951,0.12236404980299,73973,88617,166809,78193,15
"chr11",74085735,74085864,0.061180815075593,0.122361630151186,16145,221752,268813,47062,2
"chr14",68979586,68979902,-0.0611664920285342,0.122332984057068,26123,59824,59860,37,17
"chr10",110497796,110497859,-0.0611661663129103,0.122332332625821,11784,43564,47444,3881,7
"chr6",169750571,169750582,0.0611659764601657,0.122331952920331,75907,219803,229008,9206,2
"chr12",123712360,123712387,-0.0611573823043596,0.122314764608719,22507,4983,22757,17775,11
"chr1",163068883,163069316,0.0611534333196826,0.122306866639365,6272,265772,274500,8729,20
"chr15",50907691,50908650,-0.0611508446767957,0.122301689353591,28801,285128,293950,8823,13
"chr11",6404799,6405593,-0.0611454785832217,0.122290957166443,13248,82293,98512,16220,15
"chr22",29205570,29205871,0.0611356694449376,0.122271338889875,57471,77726,103235,25510,11
"chr5",35048243,35048672,-0.0611274011740207,0.122254802348041,67966,272316,311200,38885,10
"chr4",1720331,1720838,0.0611254506722537,0.122250901344507,64295,267770,276267,8498,15
"chr7",4135704,4136023,-0.0611215762752038,0.122243152550408,76270,170869,172354,1486,12
"chr3",136195703,136195933,0.0611203011275315,0.122240602255063,62559,21800,29337,7538,26
"chr3",133783720,133783858,0.0611193658987473,0.122238731797495,62499,14081,16002,1922,14
"chr2",949737,950011,-0.0611163261974684,0.122232652394937,47302,135434,142471,7038,5
"chr2",127700827,127700860,0.0611097658690067,0.122219531738013,50274,160752,251189,90438,10
"chr15",42491178,42491442,-0.0610980353418782,0.122196070683756,28488,206268,274746,68479,7
"chr14",101023159,101025560,-0.06109228720675,0.1221845744135,27299,199570,200673,1104,32
"chr11",11841332,11841871,0.0610856175143075,0.122171235028615,13548,18792,61328,42537,13
"chr6",37257226,37257730,0.0610817427661009,0.122163485532202,73115,129114,138974,9861,17
"chr5",112737701,112737709,-0.0610795421770442,0.122159084354088,69195,16542,18061,1520,15
"chr15",65303660,65304649,-0.0610729425431101,0.12214588508622,29266,198095,198580,486,7
"chr7",100101176,100102022,-0.0610704268932519,0.122140853786504,78378,104164,168743,64580,27
"chr11",18527162,18527259,-0.061067457166896,0.122134914333792,13771,47428,89118,41691,12
"chr12",47773056,47773082,0.0610628954635121,0.122125790927024,19431,257658,267171,9514,9
"chr1",68497378,68498309,0.0610544671195663,0.122108934239133,3698,215942,242021,26080,10
"chr3",45684194,45684421,-0.0610461009531986,0.122092201906397,60180,136563,281007,144445,2
"chr17",42785344,42785347,-0.0610447871603533,0.122089574320707,37525,5899,72676,66778,2
"chr6",110958308,110958442,-0.06103165113769,0.12206330227538,74521,41170,46094,4925,15
"chr5",140043040,140043237,-0.0610235863462327,0.122047172692465,69852,19159,32232,13074,13
"chr3",52779797,52779817,0.061005960221773,0.122011920443546,60940,162690,163257,568,7
"chr19",50432291,50432801,0.0610032261143065,0.122006452228613,46296,54736,60195,5460,11
"chr17",39941454,39941527,0.0609940142057816,0.121988028411563,37116,260727,292479,31753,2
"chr16",80541029,80541064,0.0609889106592344,0.121977821318469,34101,55912,63038,7127,9
"chr7",112790559,112790652,0.0609619768803773,0.121923953760755,78892,170320,300216,129897,7
"chr12",100593491,100593550,-0.0609605488346554,0.121921097669311,21372,117932,275842,157911,2
"chr13",35847747,35847812,-0.060955838777557,0.121911677555114,23372,194690,195652,963,3
"chr6",45422003,45422288,-0.0609556965064737,0.121911393012947,73588,65140,78824,13685,15
"chr18",13464995,13465095,0.0609477652094355,0.121895530418871,40524,281646,309187,27542,3
"chr6",10414999,10415398,0.0609462196535988,0.121892439307198,71637,50396,97809,47414,20
"chr8",67746173,67746331,0.0609430014358284,0.121886002871657,81812,114219,189974,75756,7
"chr17",44198955,44199257,0.0609286646646145,0.121857329329229,37693,72426,74494,2069,5
"chr13",110687812,110688003,0.0609246434692535,0.121849286938507,24484,215748,298485,82738,2
"chr3",141745268,141745729,-0.0609244682151894,0.121848936430379,62720,241077,251423,10347,4
"chr7",156949530,156949541,-0.0609213871936926,0.121842774387385,80220,49657,177678,128022,6
"chr6",113860306,113860510,0.0609192466440246,0.121838493288049,74597,19108,191765,172658,3
"chr19",36605208,36605220,-0.0609154453617429,0.121830890723486,44643,15875,16584,710,20
"chr6",42781333,42781864,-0.060906750665439,0.121813501330878,73355,248054,260397,12344,6
"chr10",97714523,97715069,-0.0609053361195578,0.121810672239116,11292,63674,63909,236,15
"chr1",11012204,11012542,0.0608992491900899,0.12179849838018,813,236317,270743,34427,7
"chr14",67359859,67360249,-0.0608853319080189,0.121770663816038,26049,114369,115375,1007,19
"chr2",201071251,201071264,0.0608820556957921,0.121764111391584,51564,161698,222867,61170,18
"chr2",196799808,196800526,-0.0608808536048094,0.121761707209619,51442,240013,280136,40124,13
"chr17",30970362,30970419,0.0608777766170669,0.121755553234134,36595,129681,137257,7577,17
"chr6",132618377,132619171,0.0608732945546066,0.121746589109213,74938,214846,252232,37387,5
"chr10",96587655,96588110,0.0608717669099559,0.121743533819912,11202,178479,219051,40573,7
"chr6",17102099,17102305,0.0608616855026183,0.121723371005237,71787,3829,46218,42390,11
"chr21",44353411,44353686,-0.0608598552872773,0.121719710574555,56526,72909,99763,26855,7
"chr1",116571130,116571202,-0.0608506062210099,0.12170121244202,4724,30550,36914,6365,6
"chr9",112379575,112379597,-0.0608476678636103,0.121695335727221,85210,104254,132563,28310,10
"chr2",43224284,43224636,-0.0608476670242928,0.121695334048586,48405,138405,158648,20244,7
"chr1",64966663,64966703,-0.0608432147776757,0.121686429555351,3615,4330,34141,29812,6
"chr10",74826093,74826496,0.0608413464378127,0.121682692875625,10634,174063,176835,2773,10
"chr13",78602437,78602473,-0.0608234661990917,0.121646932398183,24064,54689,116256,61568,2
"chr18",3247015,3247529,0.0608214552460431,0.121642910492086,40290,224908,299305,74398,11
"chr19",7068662,7069496,0.060812846915466,0.121625693830932,42511,114275,197002,82728,13
"chr10",125574205,125574282,-0.0607967159968108,0.121593431993622,12247,173616,179593,5978,5
"chr18",3452304,3452319,0.0607966240702836,0.121593248140567,40303,9247,13622,4376,5
"chr7",54758774,54759140,0.0607941006226772,0.121588201245354,77444,181643,185619,3977,12
"chr17",48101553,48101565,-0.0607645016013537,0.121529003202707,37997,51781,55221,3441,13
"chr10",91628948,91629329,-0.0607491461519238,0.121498292303848,11016,175995,279545,103551,2
"chr9",12775219,12775701,0.0607434695665234,0.121486939133047,83683,183989,219919,35931,11
"chr5",177006888,177006890,-0.0607410120568,0.1214820241136,71033,66310,91819,25510,12
"chr5",115817241,115817555,-0.0607396148547275,0.121479229709455,69264,155429,225781,70353,14
"chr17",42799138,42799240,0.0607261499625333,0.121452299925067,37528,57360,98710,41351,13
"chr17",43022380,43022454,0.0607210656259789,0.121442131251958,37565,138274,138799,526,7
"chr11",113773841,113774106,-0.0607162853522539,0.121432570704508,17001,167733,172166,4434,13
"chr14",100973232,100973641,-0.0607009952810411,0.121401990562082,27282,208202,212905,4704,3
"chr5",141199546,141199725,0.0606977052633129,0.121395410526626,69993,108745,110374,1630,10
"chr3",160449719,160450001,0.0606942421686337,0.121388484337267,63127,34011,34283,273,15
"chr16",67661066,67662072,0.0606930753071849,0.12138615061437,33561,55501,58442,2942,28
"chr1",32765508,32765566,-0.0606904732345155,0.121380946469031,2223,107601,138006,30406,11
"chr12",52601574,52601918,0.0606845580694154,0.121369116138831,19923,193419,216960,23542,10
"chr19",15469499,15469572,-0.0606658224188165,0.121331644837633,43567,207463,294906,87444,7
"chr9",86259752,86259885,0.0606611948375713,0.121322389675143,84518,167649,181211,13563,6
"chr17",27471947,27471992,-0.0606545211352679,0.121309042270536,36351,93730,98475,4746,8
"chr5",87268213,87268835,0.0606520768100278,0.121304153620056,68878,246440,258868,12429,22
"chr1",207088458,207088975,-0.0606489146347439,0.121297829269488,7639,267203,270599,3397,6
"chr1",51422569,51422902,0.0606339877863767,0.121267975572753,3240,164936,239978,75043,6
"chr20",45547318,45547390,-0.0606291232807218,0.121258246561444,54758,89202,101966,12765,4
"chr16",69351811,69352288,0.0606210892636318,0.121242178527264,33722,129182,130549,1368,7
"chr11",125777338,125777487,0.0606208481278952,0.12124169625579,17702,173347,282832,109486,2
"chr6",30627085,30627178,0.0606109119060156,0.121221823812031,72337,184222,190338,6117,15
"chr2",225400198,225400724,0.0606103141993717,0.121220628398743,52318,235220,246497,11278,13
"chr18",11856651,11857431,0.0606027778575726,0.121205555715145,40462,255985,265932,9948,9
"chr9",22446472,22446642,0.0605908137501473,0.121181627500295,83848,263695,271102,7408,6
"chr1",36398137,36398337,0.0605754465677979,0.121150893135596,2450,95357,141121,45765,11
"chr2",101697621,101698149,-0.0605384605395721,0.121076921079144,49737,242862,300292,57431,14
"chr1",209806142,209806227,0.0605363688593054,0.121072737718611,7735,21618,34286,12669,12
"chr6",26247025,26247727,-0.0605279358443967,0.121055871688793,71972,86410,118918,32509,12
"chr14",101044806,101045088,0.0605276641503896,0.121055328300779,27307,293702,296589,2888,4
"chr7",7968309,7968726,0.0605229556531844,0.121045911306369,76502,172484,176299,3816,10
"chr18",27992675,27992710,-0.0605038026785329,0.121007605357066,40686,217152,299910,82759,3
"chr7",2526629,2527277,0.0604888679362962,0.120977735872592,76184,44360,136741,92382,12
"chr11",74171082,74171127,-0.0604873926645406,0.120974785329081,16149,178345,182869,4525,26
"chr19",47419652,47420074,0.0604725183063822,0.120945036612764,45847,77466,86660,9195,8
"chr1",230642334,230642537,-0.0604674084261177,0.120934816852235,8365,20572,36831,16260,12
"chr7",2733438,2733493,0.0604622618658162,0.120924523731632,76227,167579,177295,9717,5
"chr22",17209573,17209678,0.0604421373537241,0.120884274707448,56800,87815,192575,104761,2
"chr19",57167519,57168189,0.0604325691375386,0.120865138275077,47078,251535,267777,16243,10
"chr7",90596162,90596464,-0.0604189749414397,0.120837949882879,78032,10966,14956,3991,17
"chr1",75724269,75724355,0.0604155057043371,0.120831011408674,3775,31525,33046,1522,16
"chr1",155033774,155033936,-0.060371914200991,0.120743828401982,5544,234816,272885,38070,7
"chr1",65148588,65148831,0.060369446550881,0.120738893101762,3622,38732,165278,126547,2
"chr2",39779174,39779194,0.060366464077356,0.120732928154712,48346,6968,26684,19717,8
"chr17",82734741,82734864,0.0603594351116193,0.120718870223239,40176,237284,253460,16177,6
"chr16",2766724,2767619,0.0603452535256169,0.120690507051234,31326,207282,217395,10114,10
"chr12",57148316,57148438,0.0603232427624242,0.120646485524848,20486,129870,247119,117250,4
"chr12",50504839,50504901,-0.0603199977291163,0.120639995458233,19735,127876,181735,53860,12
"chr14",93788639,93789147,0.06030748993211,0.12061497986422,26925,8679,57026,48348,10
"chr6",131063265,131063499,0.060293193408232,0.120586386816464,74889,269035,274563,5529,12
"chr19",20923196,20923314,0.0602837591845393,0.120567518369079,44133,97580,193400,95821,3
"chr10",100330594,100330649,-0.0602801800244615,0.120560360048923,11393,188413,189343,931,10
"chr5",142744212,142744672,0.0602759401487864,0.120551880297573,70157,267333,278853,11521,2
"chr6",160080142,160080234,-0.0602698533129784,0.120539706625957,75656,43886,124238,80353,4
"chr9",34612492,34613046,-0.0602687683128338,0.120537536625668,84022,101128,188688,87561,7
"chr11",68409994,68410056,0.0602643678166735,0.120528735633347,15784,126196,171695,45500,2
"chr2",101252654,101252887,-0.0602511531692428,0.120502306338486,49718,19034,32474,13441,10
"chr6",36840431,36840638,0.060246393878236,0.120492787756472,73084,187819,191337,3519,11
"chr2",27071837,27071845,-0.0602349684316546,0.120469936863309,47926,25281,27030,1750,11
"chr9",69120750,69120785,0.0602340826712142,0.120468165342428,84308,178385,186344,7960,17
"chr2",241187494,241187581,-0.0602329431737604,0.120465886347521,52989,156520,257642,101123,3
"chr2",98936274,98936364,-0.0602297284643588,0.120459456928718,49640,32168,34612,2445,10
"chr12",57479921,57480097,-0.0602195121162657,0.120439024232531,20556,177772,223200,45429,3
"chr6",160005062,160005369,-0.0601972318361613,0.120394463672323,75647,284298,288777,4480,6
"chr13",108214763,108214896,0.0601895437648794,0.120379087529759,24412,63088,96537,33450,5
"chr3",136819014,136819021,-0.0601823362458328,0.120364672491666,62569,1511,28134,26624,13
"chr8",29351231,29351513,0.0601790221482861,0.120358044296572,81111,186783,192429,5647,12
"chr11",117877377,117877417,0.060161344006555,0.12032268801311,17167,255750,303782,48033,21
"chr20",18467417,18467996,-0.0601541599887517,0.120308319977503,53667,284428,292005,7578,15
"chr19",43951024,43951160,-0.0601532045577355,0.120306409115471,45439,205892,206976,1085,9
"chr17",10518760,10518872,-0.0601430362171847,0.120286072434369,35856,296841,297957,1117,4
"chr14",51238967,51240006,0.0601419773648096,0.120283954729619,25594,254536,268170,13635,12
"chr15",84981547,84982156,-0.0601411707201998,0.1202823414404,30169,89422,138479,49058,9
"chr16",81444754,81445160,-0.0601380373715819,0.120276074743164,34154,20048,28614,8567,7
"chr14",101030014,101030073,0.0601316033023064,0.120263206604613,27301,227106,293144,66039,10
"chr9",135700501,135701165,-0.0601259115049522,0.120251823009904,86428,127824,170286,42463,11
"chr12",19440101,19440525,0.060125844368837,0.120251688737674,18970,20114,70920,50807,11
"chr13",94549491,94549989,-0.0601191332575222,0.120238266515044,24140,51980,74401,22422,6
"chr6",36241899,36242025,0.0601140983252208,0.120228196650442,73033,214244,232999,18756,4
"chr15",88802974,88803038,-0.0601127220931003,0.120225444186201,30264,8500,209965,201466,2
"chr5",62404049,62404130,0.0601103014737645,0.120220602947529,68446,157953,309451,151499,8
"chr8",49910564,49910817,0.0600906575977937,0.120181315195587,81519,47308,50470,3163,20
"chr6",32148448,32149217,0.0600825757555627,0.120165151511125,72661,41824,46273,4450,25
"chr12",56300384,56300402,-0.0600781764108824,0.120156352821765,20368,24941,42392,17452,12
"chr1",42152642,42153492,-0.0600776503902792,0.120155300780558,2746,86365,88775,2411,11
"chr20",3846700,3846707,-0.0600445473419989,0.120089094683998,53396,77196,77532,337,10
"chr7",50793775,50794137,-0.0600318812541845,0.120063762508369,77424,131476,132984,1509,26
"chr17",15262730,15262745,0.0600111382257531,0.120022276451506,35950,2426,52818,50393,14
"chr7",37919880,37920578,-0.0600083207130457,0.120016641426091,77085,180841,238010,57170,13
"chr17",35735274,35735302,-0.05999541259659,0.11999082519318,36806,4268,17953,13686,3
"chr1",224218318,224218582,-0.0599879883910607,0.119975976782121,8056,217614,225905,8292,3
"chr16",80570181,80570251,-0.0599854519586769,0.119970903917354,34105,263445,268469,5025,8
"chr11",73597946,73598807,0.0599843969546088,0.119968793909218,16105,137599,175815,38217,13
"chr13",95676671,95677101,0.0599760531108411,0.119952106221682,24170,54808,56045,1238,14
"chr16",22092028,22092068,0.0599738825432606,0.119947765086521,32195,237118,270498,33381,6
"chr12",4445297,4445457,-0.05996759531937,0.11993519063874,18214,194904,212212,17309,12
"chr22",35299019,35299668,-0.0599603263006391,0.119920652601278,57824,236347,294947,58601,13
"chr5",138352401,138352538,0.0599515342107368,0.119903068421474,69752,104176,110791,6616,11
"chr12",49707781,49708501,-0.0599391783296745,0.119878356659349,19654,192439,227196,34758,11
"chr6",116616247,116616398,-0.0599379062227204,0.119875812445441,74662,219941,240118,20178,13
"chr2",188287820,188288454,-0.059926025165957,0.119852050331914,51291,250390,251405,1016,4
"chr11",66842765,66843493,-0.0599209901075913,0.119841980215183,15596,48445,62696,14252,13
"chr15",79091516,79091638,0.0599188245550629,0.119837649110126,29952,121582,195993,74412,23
"chr4",70688366,70688408,0.0599182301314297,0.119836460262859,65548,147703,152190,4488,14
"chr1",100895107,100896184,0.0599059133815769,0.119811826763154,4243,133363,141911,8549,18
"chr19",33796220,33796635,-0.0599045253847127,0.119809050769425,44333,88984,103402,14419,5
"chr9",128067532,128067612,0.0598618342303005,0.119723668460601,85802,280731,310587,29857,17
"chr2",9631041,9631212,0.0598615386432183,0.119723077286437,47492,61077,61622,546,13
"chr12",66678989,66679282,-0.059861398438657,0.119722796877314,20789,100243,177848,77606,11
"chr13",110715223,110715478,0.0598597485455503,0.119719497091101,24488,207177,239352,32176,12
"chr2",224570121,224570414,-0.0598561014902361,0.119712202980472,52301,152712,155250,2539,4
"chr10",91798062,91798917,0.0598528979945394,0.119705795989079,11020,185965,189422,3458,16
"chr3",62372559,62372566,0.0598336343343279,0.119667268668656,61200,77907,78473,567,4
"chr1",211578847,211579169,-0.0598287011961105,0.119657402392221,7776,3379,23326,19948,12
"chr17",41528573,41528986,0.0598178210256923,0.119635642051385,37340,257073,296999,39927,9
"chr17",4264137,4264370,0.0598166056653622,0.119633211330724,35183,216895,264314,47420,14
"chr18",62716909,62717137,0.0598076804654615,0.119615360930923,41231,139967,206375,66409,4
"chr4",70840847,70841193,-0.0598047793387917,0.119609558677583,65562,83982,274754,190773,2
"chr8",65668805,65668809,-0.0597942163276863,0.119588432655373,81742,84408,168203,83796,4
"chr19",1467953,1467980,-0.0597865135642121,0.119573027128424,41763,13391,17607,4217,7
"chr3",101827540,101827745,0.0597757137485651,0.11955142749713,61624,152468,217394,64927,12
"chr11",405970,406901,0.0597731552808512,0.119546310561702,12625,44097,110144,66048,6
"chr11",64352841,64353184,-0.05975603554551,0.11951207109102,15142,890,41663,40774,4
"chr17",48864343,48865049,0.0597479853282869,0.119495970656574,38064,238160,269944,31785,3
"chr2",74653723,74654040,0.0597469136969779,0.119493827393956,49197,65975,84279,18305,11
"chr11",842963,842977,-0.0597462214208865,0.119492442841773,12738,18883,27031,8149,13
"chr10",13707888,13707953,0.059743411718262,0.119486823436524,9290,237767,249469,11703,11
"chr8",99537548,99537621,-0.0597376279132164,0.119475255826433,82278,174632,177757,3126,3
"chr16",81779106,81779160,-0.0597337991169218,0.119467598233844,34172,70099,71837,1739,8
"chr11",64448005,64448462,0.0597330131264428,0.119466026252886,15153,213466,222832,9367,9
"chr8",124971886,124972093,0.0597318563789865,0.119463712757973,82705,249367,251173,1807,10
"chr3",50674665,50675012,-0.0597287945980324,0.119457589196065,60744,12729,91790,79062,5
"chr12",109451644,109451703,0.0597255019974493,0.119451003994899,21672,53699,85212,31514,3
"chr6",31779164,31779433,-0.0597252500939504,0.119450500187901,72578,173534,174643,1110,20
"chr20",18567352,18567375,-0.059722198902823,0.119444397805646,53677,59245,74383,15139,12
"chr6",39927678,39927684,0.0597150533844578,0.119430106768916,73224,187692,240705,53014,7
"chr3",197299283,197299373,-0.0597089012617995,0.119417802523599,64083,243849,247306,3458,28
"chr18",63886732,63886769,-0.0597065463401714,0.119413092680343,41273,100238,194551,94314,3
"chr8",38104979,38105459,0.0597011314676857,0.119402262935371,81254,42717,42878,162,22
"chr5",168291478,168292209,0.0596917916980643,0.119383583396129,70736,90380,90911,532,13
"chr6",30571067,30571282,-0.0596897197612353,0.119379439522471,72322,48495,87821,39327,23
"chr1",35631658,35631690,0.0596852937512305,0.119370587502461,2383,109120,259182,150063,2
"chr17",36486541,36486732,0.0596813285426786,0.119362657085357,36848,83366,96011,12646,12
"chr8",38901187,38901216,0.0596775193103691,0.119355038620738,81323,22215,27957,5743,7
"chr18",48137778,48138059,0.0596724014068597,0.119344802813719,40961,213102,245214,32113,7
"chr6",143450741,143450767,0.0596558460549645,0.119311692109929,75188,26566,26869,304,23
"chr13",41194682,41195349,-0.0596539737425148,0.11930794748503,23482,199795,217895,18101,10
"chr2",27409844,27409856,-0.0596461617460715,0.119292323492143,47999,64273,65413,1141,14
"chr19",53520478,53520639,0.059645831513512,0.119291663027024,46638,202583,205911,3329,20
"chr12",56093427,56094528,-0.0596385254238578,0.119277050847716,20318,276473,305494,29022,5
"chr5",98927599,98928043,-0.0596376139011446,0.119275227802289,69081,157957,246611,88655,6
"chr12",8697155,8697368,0.0596375090354844,0.119275018070969,18546,260105,292237,32133,9
"chr10",24543931,24543950,-0.0596277819652393,0.119255563930479,9516,169637,169917,281,4
"chr15",74175091,74175550,0.0596215716840085,0.119243143368017,29657,196164,197001,838,16
"chr1",237041874,237042150,0.0596145915128136,0.119229183025627,8570,13023,38670,25648,9
"chr7",100642141,100642471,-0.059609186778919,0.119218373557838,78479,176773,187304,10532,12
"chr4",56530430,56530724,-0.0595981037252211,0.119196207450442,65401,68486,113528,45043,12
"chr2",65071892,65072060,-0.0595961229275567,0.119192245855113,48847,144508,303248,158741,3
"chr20",16729973,16729976,0.0595953529007718,0.119190705801544,53622,12605,56064,43460,12
"chr12",103929710,103929912,-0.0595858933747401,0.11917178674948,21449,220743,230688,9946,15
"chr10",114178474,114178753,0.059571869766116,0.119143739532232,11893,177529,184461,6933,11
"chr3",12351260,12351522,-0.0595629227751304,0.119125845550261,59328,259317,268450,9134,4
"chr7",968675,969084,0.0595623935293497,0.119124787058699,76032,185652,191716,6065,5
"chr14",69258755,69259602,-0.0595503273324,0.1191006546648,26136,202257,202673,417,19
"chr19",10381159,10381213,-0.0595433625270367,0.119086725054073,42918,209143,214999,5857,11
"chr9",128203195,128203482,0.0595314642986478,0.119062928597296,85823,89075,100944,11870,7
"chr11",119067496,119068103,-0.0595298855803132,0.119059771160626,17318,188116,220119,32004,12
"chr6",30687420,30688753,-0.0595124267199463,0.119024853439893,72357,167615,168721,1107,41
"chr16",31712897,31713223,0.0595093011863091,0.119018602372618,32830,228224,267818,39595,14
"chr5",77086830,77087375,-0.0594914763301081,0.118982952660216,68717,87116,117493,30378,15
"chr12",124993133,124993459,0.0594839348388568,0.118967869677714,22593,190359,194279,3921,14
"chr1",159923881,159924271,0.0594667855032245,0.118933571006449,6002,125905,127140,1236,24
"chr14",100537320,100537494,0.0594665593948725,0.118933118789745,27206,73136,111947,38812,3
"chr6",31399261,31399941,-0.0594369980155734,0.118873996031147,72463,45294,61107,15814,9
"chr19",35959994,35960014,0.0594332237264004,0.118866447452801,44589,14693,211042,196350,2
"chr8",66775121,66775239,-0.0594298413599604,0.118859682719921,81789,50380,79158,28779,12
"chr16",3065132,3065808,-0.0594160747470252,0.11883214949405,31402,6879,73935,67057,11
"chr4",186266023,186266109,-0.0594148019517865,0.118829603903573,67314,147905,246652,98748,4
"chr14",94388751,94388865,-0.0594102056079824,0.118820411215965,26975,203505,221208,17704,9
"chr8",144518297,144518568,0.0594047342561937,0.118809468512387,83417,105601,262081,156481,14
"chr3",18424714,18424989,-0.0594038857076467,0.118807771415293,59582,39179,226860,187682,3
"chr7",88221062,88221074,0.0593966369103691,0.118793273820738,77997,285155,309793,24639,12
"chr19",38647662,38647682,-0.0593709771160397,0.118741954232079,44805,24034,27151,3118,10
"chr19",49489868,49489960,-0.0593584016194459,0.118716803238892,46153,197952,208761,10810,7
"chr11",108593974,108594330,-0.0593520202454966,0.118704040490993,16862,266058,269523,3466,9
"chr21",41801220,41801596,0.0593516597686783,0.118703319537357,56354,108982,198118,89137,6
"chr16",90020657,90020955,-0.0593406551738347,0.118681310347669,34785,274111,275517,1407,12
"chr20",3795656,3795710,-0.0593387461175983,0.118677492235197,53386,76730,86082,9353,14
"chr3",113838562,113838811,0.0593126840423717,0.118625368084743,61815,37216,70356,33141,11
"chr22",20507653,20507657,-0.0593123118225133,0.118624623645027,57015,22804,28323,5520,15
"chr14",92687972,92688139,0.0593120341318072,0.118624068263614,26872,2476,73330,70855,3
"chr19",36604779,36605419,-0.059309847334555,0.11861969466911,44643,128772,132877,4106,20
"chr11",118893192,118893294,-0.0593002444793744,0.118600488958749,17290,167684,173355,5672,11
"chr19",2858946,2859108,-0.0592993929726053,0.118598785945211,41982,4953,73645,68693,4
"chr5",54517015,54517112,0.0592941803473878,0.118588360694776,68265,132193,132529,337,11
"chr19",50418488,50418933,-0.0592929438943315,0.118585887788663,46294,53265,54882,1618,10
"chr8",73747822,73747958,-0.0592819109450849,0.11856382189017,81898,127316,177835,50520,14
"chr15",78564782,78565660,0.0592746944958667,0.118549388991733,29920,105551,112912,7362,7
"chr1",154870291,154870574,0.0592539461978127,0.118507892395625,5510,17236,37535,20300,10
"chr1",1390824,1391238,-0.0592470146997207,0.118494029399441,150,144250,234514,90265,5
"chr6",3140426,3140466,0.059217318518814,0.118434637037628,71478,168956,280428,111473,3
"chr20",31604727,31605798,-0.0591943888639551,0.11838877772791,53929,200104,280426,80323,19
"chr12",54391271,54391387,-0.0591921629376942,0.118384325875388,20171,9815,10819,1005,6
"chr6",34237888,34238623,-0.0591917865969393,0.118383573193879,72913,43367,82264,38898,8
"chr3",108222616,108222723,0.0591856407448164,0.118371281489633,61675,34811,144048,109238,10
"chr3",15796523,15796967,0.0591831353635063,0.118366270727013,59530,272976,309421,36446,3
"chr6",30160477,30160749,-0.0591544316526654,0.118308863305331,72283,181788,189029,7242,12
"chr20",3230597,3230796,-0.059152962239794,0.118305924479588,53337,226915,294330,67416,2
"chr6",30684599,30684622,-0.0591463936514752,0.11829278730295,72356,14999,18142,3144,25
"chr3",49020966,49023414,0.0591390204779886,0.118278040955977,60504,82694,82717,24,35
"chr21",42781363,42781438,0.0591305748739538,0.118261149747908,56444,80517,306070,225554,2
"chr1",44800180,44800614,-0.0591297793132923,0.118259558626585,2971,36733,59912,23180,14
"chr20",13220558,13220702,0.0591198317894907,0.118239663578981,53591,200660,204919,4260,30
"chr22",30299522,30299547,-0.0591194303548864,0.118238860709773,57571,229525,235922,6398,3
"chr11",110354706,110355004,-0.0591095497045262,0.118219099409052,16876,176271,232794,56524,5
"chr10",30433357,30433573,0.0591002855439371,0.118200571087874,9653,6795,10714,3920,24
"chr15",88604734,88605502,0.0590991116020724,0.118198223204145,30246,119731,128692,8962,11
"chr17",49512875,49512910,-0.0590975157463968,0.118195031492794,38109,12296,14625,2330,4
"chr12",53973224,53973466,0.0590878916331762,0.118175783266352,20110,50565,85201,34637,9
"chr16",88663345,88663510,-0.059087085110021,0.118174170220042,34526,18973,19582,610,18
"chr7",44582342,44582359,-0.0590708160538151,0.11814163210763,77255,23556,25991,2436,14
"chr17",31094833,31095033,-0.0590618946115677,0.118123789223135,36598,55105,55595,491,14
"chr6",32323591,32323593,0.0590539730094265,0.118107946018853,72695,48096,173888,125793,2
"chr3",156673605,156674257,0.0590500374571433,0.118100074914287,63023,268241,291114,22874,33
"chr12",82358226,82358609,-0.0590491309817717,0.118098261963543,21085,96730,108641,11912,21
"chr4",82753462,82753541,0.0590465759790677,0.118093151958135,65804,135930,141002,5073,8
"chr1",54547844,54548036,0.0590351763976281,0.118070352795256,3393,101888,106385,4498,7
"chr17",31901878,31901905,-0.0590280181861556,0.118056036372311,36658,55811,62723,6913,10
"chr17",76969220,76969532,0.0590253039827396,0.118050607965479,39458,220066,230085,10020,7
"chr12",91179358,91179567,-0.0590174888990258,0.118034977798052,21166,128925,172174,43250,11
"chr8",144477666,144478458,-0.058962536947373,0.117925073894746,83403,180670,183585,2916,5
"chr19",40717018,40717031,-0.0589560286054914,0.117912057210983,45093,28636,61817,33182,14
"chr22",43197979,43198333,-0.0589458141325731,0.117891628265146,58551,133818,243850,110033,4
"chr17",48047409,48048136,0.0589395165244501,0.1178790330489,37991,211913,298173,86261,15
"chr1",42533750,42533768,-0.0589333474927897,0.117866694985579,2768,162286,228732,66447,3
"chr16",67163737,67164923,-0.0589314905467343,0.117862981093469,33472,202478,207850,5373,18
"chr13",78603381,78603790,0.0589074180034667,0.117814836006933,24065,93146,99708,6563,9
"chr3",129278452,129278789,0.0588987571535976,0.117797514307195,62330,78872,99885,21014,11
"chr1",181483537,181483915,0.0588888210509279,0.117777642101856,6792,36341,61472,25132,12
"chr11",17014943,17015275,-0.0588860941455371,0.117772188291074,13675,307213,310368,3156,11
"chr14",35404477,35404971,0.0588847793666729,0.117769558733346,25376,87350,89378,2029,8
"chr17",42609551,42609800,0.0588636137230624,0.117727227446125,37490,224300,292145,67846,21
"chr16",28958402,28958434,0.0588578431950829,0.117715686390166,32477,220442,223714,3273,3
"chr5",12575000,12575027,0.0588535301358032,0.117707060271606,67714,228296,248916,20621,5
"chr1",19105085,19105111,-0.0588457335772561,0.117691467154512,1272,124771,272009,147239,2
"chr19",42302032,42302076,0.0588424778049992,0.117684955609998,45290,7620,12852,5233,25
"chr4",2962512,2962937,0.0588399892047421,0.117679978409484,64406,122869,123982,1114,20
"chr3",87227076,87227227,-0.0588224285380228,0.117644857076046,61455,14501,34965,20465,13
"chr19",27793790,27794065,-0.0588065347901749,0.11761306958035,44198,129843,137994,8152,8
"chr3",101677200,101677814,-0.0587939673585422,0.117587934717084,61606,150385,157237,6853,24
"chr7",66920254,66920269,0.058791290125267,0.117582580250534,77633,178308,191096,12789,2
"chr19",50827009,50827043,-0.0587894159939699,0.11757883198794,46363,75499,135495,59997,2
"chr11",76783058,76783661,0.0587875566910314,0.117575113382063,16280,96713,101106,4394,15
"chr21",29748899,29748925,-0.058783889795579,0.117567779591158,55867,261285,273777,12493,3
"chr19",45692581,45692707,0.0587786866741727,0.117557373348345,45649,99225,101775,2551,19
"chr15",40894275,40894328,0.0587724942744593,0.117544988548919,28331,200598,207594,6997,12
"chr1",54052480,54054759,0.0587668729549079,0.117533745909816,3368,95828,100795,4968,26
"chr22",42947886,42947986,0.0587617684151395,0.117523536830279,58526,124658,196959,72302,6
"chr3",142963449,142963840,-0.0587566012754998,0.117513202551,62764,22986,26445,3460,20
"chr9",113536178,113536454,0.0587465232928939,0.117493046585788,85258,237994,267159,29166,5
"chr1",231338824,231339281,0.0587389638927646,0.117477927785529,8409,150676,310431,159756,2
"chr8",140510774,140511343,0.0587357005832397,0.117471401166479,82945,21016,50986,29971,10
"chr11",65213826,65213845,0.0587348967199826,0.117469793439965,15298,107335,107816,482,9
"chr8",93166763,93167948,-0.0587246794914405,0.117449358982881,82141,260590,260592,3,5
"chr7",92836764,92836766,-0.05871999972628,0.11743999945256,78094,25239,27236,1998,37
"chr2",234496042,234497719,0.058718953453782,0.117437906907564,52663,108233,132456,24224,16
"chr1",43991303,43991376,-0.0587074722088463,0.117414944417693,2916,247505,259811,12307,13
"chr2",210592908,210592960,0.0586971032842712,0.117394206568542,51850,157201,166679,9479,5
"chr11",2317925,2317964,-0.0586938489623843,0.117387697924769,12935,184926,187045,2120,2
"chr17",49230939,49231098,0.0586895909038066,0.117379181807613,38092,57202,58923,1722,10
"chr4",110623135,110623625,-0.0586881145851317,0.117376229170263,66236,146939,225894,78956,12
"chr6",30686985,30688915,-0.0586844528324908,0.117368905664982,72357,115366,119577,4212,41
"chr13",23888699,23888912,0.0586807350227551,0.11736147004551,23045,265291,291643,26353,11
"chr20",35148286,35148374,0.0586793722652289,0.117358744530458,54207,246502,261878,15377,14
"chr5",127030366,127031049,0.0586616124815314,0.117323224963063,69403,165362,268354,102993,9
"chr3",43690610,43691546,0.0586598259816197,0.117319651963239,60094,105488,124229,18742,16
"chr11",118530521,118531627,-0.0586415635803336,0.117283127160667,17257,99049,112339,13291,17
"chr16",1984049,1984197,-0.0586359946606077,0.117271989321215,31133,66850,139996,73147,10
"chr2",85414131,85414156,-0.0586335513599544,0.117267102719909,49310,72024,151477,79454,6
"chr17",74923609,74924183,0.0586302607892799,0.11726052157856,39147,98143,105699,7557,18
"chr3",48473434,48473600,0.058628684518852,0.117257369037704,60409,254424,261918,7495,10
"chr10",133373834,133373978,-0.0586239637149333,0.117247927429867,12547,119775,268304,148530,8
"chr11",66480329,66480398,0.0586200941987313,0.117240188397463,15537,48152,49386,1235,17
"chr20",45293534,45293809,0.058611323961465,0.11722264792293,54720,74157,197601,123445,2
"chr4",689045,689317,-0.0585982354673245,0.117196470934649,64174,6913,8644,1732,12
"chr17",43530478,43530537,0.0585972149077855,0.117194429815571,37611,236760,241552,4793,8
"chr3",149812507,149813191,-0.058592474362133,0.117184948724266,62863,96962,121562,24601,15
"chr1",13704722,13704888,-0.0585648622563456,0.117129724512691,978,91124,266627,175504,2
"chr21",39656067,39656214,-0.0585628619928724,0.117125723985745,56273,252945,272437,19493,5
"chr2",200889273,200889545,0.0585595452693051,0.11711909053861,51553,158996,162102,3107,17
"chr3",88156246,88156862,0.0585562656484999,0.117112531297,61468,249090,258844,9755,4
"chr4",106368752,106368799,0.058535706602516,0.117071413205032,66150,217454,246466,29013,2
"chr9",104093797,104094095,0.0585328820464596,0.117065764092919,85027,102104,168221,66118,12
"chr4",54277390,54277899,0.0585287454094652,0.11705749081893,65312,138338,304420,166083,5
"chr12",114679531,114679546,0.0585113095753697,0.117022619150739,21999,171766,303750,131985,3
"chr5",135447385,135447496,-0.0585110589198099,0.11702211783962,69638,89098,95999,6902,9
"chr3",38165119,38165239,-0.0585087546558631,0.117017509311726,59892,78087,86364,8278,13
"chr14",57390259,57390398,-0.0584944430451456,0.116988886090291,25738,70355,72640,2286,12
"chr10",95656968,95657080,0.0584915630321021,0.116983126064204,11163,87376,107591,20216,13
"chr22",20773452,20773649,-0.0584401915985168,0.116880383197034,57026,131729,269905,138177,4
"chr1",44808360,44808841,0.0584270896931071,0.116854179386214,2976,7942,31058,23117,18
"chr7",139339654,139339852,0.0584226723306567,0.116845344661313,79514,222594,224049,1456,24
"chr20",20052381,20052881,-0.0584189888038598,0.11683797760772,53707,123877,140202,16326,22
"chr11",6320121,6321001,0.0584156615857629,0.116831323171526,13242,81978,91725,9748,15
"chr1",27772470,27772605,0.0584117530013068,0.116823506002614,1945,225971,233838,7868,9
"chr10",133358209,133358527,-0.0584083092115542,0.116816618423108,12544,167629,189384,21756,8
"chr5",53560480,53560700,0.0583944525478244,0.116788905095649,68252,98494,129532,31039,12
"chr16",2531617,2531832,-0.0583938937221261,0.116787787444252,31293,9371,53170,43800,14
"chr2",5982675,5982682,-0.0583920768201479,0.116784153640296,47410,36934,82946,46013,11
"chr8",58552852,58553050,-0.0583875384268804,0.116775076853761,81659,102708,241562,138855,16
"chr3",63911825,63912922,-0.0583777697460826,0.116755539492165,61226,70304,107357,37054,13
"chr11",106077456,106077758,0.0583766005869671,0.116753201173934,16771,87138,87583,446,28
"chr2",169069443,169069496,0.0583738718094967,0.116747743618993,50856,259453,270630,11178,3
"chr11",44936682,44936682,0.058369670717143,0.116739341434286,14187,289743,305171,15429,5
"chr7",141738350,141738648,-0.0583643277416914,0.116728655483383,79623,92798,98190,5393,17
"chr13",26760586,26760945,-0.0583593713176339,0.116718742635268,23127,11600,17983,6384,10
"chr2",197499861,197500415,-0.0583467931057537,0.116693586211507,51470,25650,28312,2663,24
"chr7",101245088,101245467,0.0583405363426364,0.116681072685273,78615,11862,49714,37853,11
"chr8",7056898,7057027,-0.0583310451903782,0.116662090380756,80420,186377,191781,5405,3
"chr11",47247138,47247407,-0.0583297035328958,0.116659407065792,14337,216498,282219,65722,2
"chr6",149400289,149400321,-0.0583098539663675,0.116619707932735,75301,38385,46311,7927,8
"chr2",31233881,31234100,-0.0583006137600681,0.116601227520136,48140,111284,137635,26352,15
"chr11",60924411,60924439,-0.058283949496204,0.116567898992408,14775,48658,78360,29703,10
"chr3",51942229,51942238,-0.0582830417419769,0.116566083483954,60790,31982,32273,292,19
"chr19",35747404,35747460,0.0582801719806137,0.116560343961227,44536,227774,236873,9100,3
"chr11",83071604,83072285,0.0582770580796358,0.116554116159272,16417,235028,282229,47202,20
"chr19",4007108,4007181,0.0582634184955615,0.116526836991123,42174,95443,207076,111634,8
"chr1",46719063,46719379,-0.058254566981792,0.116509133963584,3131,26544,29509,2966,10
"chr7",73624652,73625482,0.0582490286070545,0.116498057214109,77692,41553,87247,45695,11
"chr19",11549388,11550033,-0.0582462265548785,0.116492453109757,43124,285685,295864,10180,4
"chr6",32175904,32178818,0.0582447682264539,0.116489536452908,72669,48709,49567,859,44
"chr10",1049036,1049614,-0.0582399393300613,0.116479878660123,8921,89607,100576,10970,13
"chr5",1050591,1050811,-0.0582345945069588,0.116469189013918,67464,278798,290575,11778,2
"chr14",92923208,92923212,0.0582301913409782,0.116460382681956,26879,431,9899,9469,16
"chr9",83957336,83957351,0.0582258633234236,0.116451726646847,84486,219727,223490,3764,12
"chr2",75560912,75561083,0.0582254855094911,0.116450971018982,49216,7872,28944,21073,12
"chr17",7415601,7415755,-0.0582227799202455,0.116445559840491,35528,57157,72668,15512,4
"chr13",41194684,41195169,0.0582219933094895,0.116443986618979,23482,270140,296225,26086,10
"chr5",141370168,141370230,0.0582063088685994,0.116412617737199,70034,117960,119243,1284,11
"chr16",72008449,72008692,-0.0582026921698198,0.11640538433964,33905,104608,193631,89024,6
"chr5",132750978,132751094,-0.0582019472814128,0.116403894562826,69525,130243,222331,92089,3
"chr4",162164083,162164259,0.058198757634259,0.116397515268518,66941,155013,157708,2696,12
"chr1",6423866,6424812,-0.058197791824272,0.116395583648544,556,704,9078,8375,8
"chr4",7043010,7043136,-0.058186102580618,0.116372205161236,64593,28752,30114,1363,10
"chr19",19668758,19668814,-0.0581829051718356,0.116365810343671,44106,73888,74406,519,10
"chr14",104884095,104884360,0.058177131932464,0.116354263864928,27608,58722,83742,25021,3
"chr16",68737078,68737297,-0.0581656510800714,0.116331302160143,33678,98688,101588,2901,11
"chr3",142149240,142149680,-0.0581640663033006,0.116328132606601,62736,61974,65212,3239,9
"chr17",79940781,79941070,-0.058158168100859,0.116316336201718,39718,58010,75419,17410,6
"chr2",37924163,37924856,0.0581465277143278,0.116293055428656,48276,232335,278976,46642,9
"chr1",9040257,9040447,-0.0581432851793834,0.116286570358767,684,38610,82985,44376,3
"chr14",21437447,21438352,-0.0581336713678342,0.116267342735668,24916,270269,273869,3601,11
"chr6",49463310,49463404,0.0581221490076679,0.116244298015336,73669,28024,40211,12188,17
"chr7",106284873,106285526,-0.0581196187277917,0.116239237455583,78784,171666,178495,6830,11
"chr16",691271,691350,0.0580979288708344,0.116195857741669,30878,237564,275320,37757,2
"chr20",25585547,25586108,0.0580955895675809,0.116191179135162,53876,66091,66347,257,7
"chr17",70169999,70170100,0.0580916329538219,0.116183265907644,38978,115977,194032,78056,9
"chr11",122116346,122116495,-0.0580884387304835,0.116176877460967,17500,167397,170842,3446,8
"chr1",23742941,23743206,0.0580847049026645,0.116169409805329,1602,160055,274107,114053,11
"chr11",45846479,45847498,-0.0580759914986243,0.116151982997249,14233,77815,127242,49428,13
"chr4",46994247,46994717,-0.0580743394222513,0.116148678844503,65184,100546,115135,14590,12
"chr16",71725569,71726201,-0.058062323789421,0.116124647578842,33878,125980,254836,128857,5
"chr8",61714433,61714717,0.0580607827938897,0.116121565587779,81701,67388,90762,23375,11
"chr20",2508911,2508918,-0.0580588820071784,0.116117764014357,53264,23023,28786,5764,14
"chr8",54329785,54330500,-0.0580559518558312,0.116111903711662,81584,247733,274717,26985,6
"chr11",2400516,2402949,0.0580515532895649,0.11610310657913,12940,110094,123746,13653,40
"chr20",4783588,4783607,-0.0580476500092579,0.116095300018516,53429,108792,128455,19664,5
"chr11",32434794,32435711,-0.0580395875515501,0.1160791751031,13967,43047,50200,7154,21
"chr5",141338772,141339164,0.0580304043754195,0.116060808750839,70020,150150,151613,1464,18
"chr19",48249744,48249883,0.0580165795463499,0.1160331590927,45932,67258,70053,2796,3
"chr1",40862465,40862606,0.0580059039968186,0.116011807993637,2707,144957,147713,2757,13
"chr17",39460520,39460703,0.0579903561082322,0.115980712216464,37032,83196,255744,172549,2
"chr2",219277888,219278425,-0.0579791824577194,0.115958364915439,52156,142870,219013,76144,5
"chr20",1491452,1492765,-0.0579686642872339,0.115937328574468,53218,202971,257722,54752,8
"chr2",237591139,237591746,-0.0579609211303458,0.115921842260692,52743,125581,141349,15769,14
"chr7",155069996,155070242,0.0579594139703601,0.11591882794072,80153,235518,250831,15314,17
"chr6",28529561,28529593,-0.0579506170498862,0.115901234099772,72124,48232,82395,34164,4
"chr12",95858899,95859682,0.0579499870705984,0.115899974141197,21266,179685,205041,25357,20
"chr1",39756140,39756503,-0.0579490142580427,0.115898028516085,2635,228119,281277,53159,2
"chr2",61492589,61493049,-0.0579427657006781,0.115885531401356,48760,287396,311027,23632,2
"chr1",226061515,226061673,0.0579426327356669,0.115885265471334,8120,220820,233045,12226,9
"chr6",54110455,54110593,-0.0579319633450813,0.115863926690163,73798,262521,268622,6102,3
"chr11",14891805,14892435,-0.057928626207433,0.115857252414866,13630,46772,48438,1667,16
"chr6",31630608,31631983,0.0579246944562061,0.115849388912412,72514,164574,167481,2908,54
"chr5",76818427,76818859,0.0579238159173594,0.115847631834719,68701,287837,303280,15444,22
"chr6",125818856,125819187,-0.0579135491541488,0.115827098308298,74806,226430,256124,29695,2
"chr1",150364143,150364330,0.0579115509974528,0.115823101994906,5019,137792,146128,8337,22
"chr6",85449385,85449479,-0.057903553730594,0.115807107461188,74114,106303,121038,14736,14
"chr17",4710257,4710345,0.0579006500309652,0.11580130006193,35227,197511,204022,6512,11
"chr3",151770218,151770282,-0.0578909957386216,0.115781991477243,62940,271974,309821,37848,2
"chr18",37565510,37566628,0.0578815875625002,0.115763175125,40831,196047,200472,4426,27
"chr1",228059079,228059236,0.0578761402037274,0.115752280407455,8212,4060,6489,2430,3
"chr13",57630867,57630977,0.057874526459416,0.115749052918832,23878,205175,296229,91055,3
"chr20",36863878,36864781,0.0578723106294653,0.115744621258931,54362,129755,138979,9225,11
"chr17",61591210,61591243,-0.0578678660578793,0.115735732115759,38615,75692,87752,12061,11
"chr4",20699045,20699260,0.057862798270222,0.115725596540444,64837,122726,213595,90870,3
"chr5",14871627,14871799,-0.0578617367210846,0.115723473442169,67766,100171,101508,1338,13
"chr14",59484621,59485002,0.0578590914556042,0.115718182911208,25800,251465,260117,8653,19
"chr8",1826077,1826086,0.0578500307327275,0.115700061465455,80351,235703,273767,38065,2
"chr8",13514974,13514982,-0.057831764516418,0.115663529032836,80602,126332,127956,1625,10
"chr19",47713193,47713356,0.0578277262082806,0.115655452416561,45881,79200,95053,15854,5
"chr18",67517161,67517363,-0.057824009565251,0.115648019130502,41298,98206,200107,101902,6
"chr1",43974801,43974941,-0.0578197499246471,0.115639499849294,2908,65909,67610,1702,15
"chr12",54032699,54033744,0.0578162823186105,0.115632564637221,20129,118439,119578,1140,19
"chr16",66925499,66925826,0.0578008658495822,0.115601731699164,33437,88684,120173,31490,8
"chr12",54549318,54549339,-0.0577972899027518,0.115594579805504,20186,15484,43420,27937,15
"chr1",1964990,1965031,-0.0577942247574886,0.115588449514977,243,32974,39119,6146,2
"chr3",187734947,187735092,0.0577927515015349,0.11558550300307,63760,258047,274019,15973,14
"chr19",45639526,45639656,-0.0577882724033569,0.115576544806714,45638,85871,94508,8638,16
"chr10",93073457,93073901,0.0577814835360058,0.115562967072012,11067,49375,80982,31608,16
"chr4",185143096,185143414,0.0577665106610184,0.115533021322037,67245,154662,155605,944,11
"chr16",57091762,57092316,0.0577611276790979,0.115522255358196,33202,71708,112441,40734,5
"chr20",840678,840707,0.0577477244167013,0.115495448833403,53166,217453,222941,5489,8
"chr16",679998,680244,-0.0577448065436188,0.115489613087238,30871,60527,60808,282,10
"chr5",157575809,157575968,0.0577368309790218,0.115473661958044,70602,68324,77644,9321,8
"chr15",58988032,58988241,-0.0577337764031937,0.115467552806387,29025,250020,255243,5224,16
"chr3",11808399,11808490,0.0577234301665632,0.115446860333126,59312,231460,288366,56907,3
"chr10",49188637,49189573,-0.0577101025732789,0.115420205146558,10012,189558,233785,44228,10
"chr3",13479678,13479870,0.0577094417182389,0.115418883436478,59392,98704,100467,1764,34
"chr3",52706216,52706737,-0.0577026021901602,0.11540520438032,60933,254814,261539,6726,25
"chr12",109097957,109097960,0.0576988588639155,0.115397717727831,21638,68771,71598,2828,21
"chr2",41876087,41876137,0.0576881861762186,0.115376372352437,48362,244310,274180,29871,2
"chr3",71785489,71786369,0.0576797108599135,0.115359421719827,61362,94227,136950,42724,9
"chr6",30617899,30618042,-0.057677209710594,0.115354419421188,72333,41931,42406,476,41
"chr1",45339666,45340829,-0.0576767315133898,0.11535346302678,3011,81148,90519,9372,25
"chr6",142146920,142147078,-0.0576659728469459,0.115331945693892,75161,268848,275195,6348,12
"chr3",179604691,179605080,-0.0576584624080218,0.115316924816044,63376,89843,95411,5569,15
"chr22",20016846,20017358,0.0576558865172654,0.115311773034531,56964,79258,98745,19488,10
"chr1",20717864,20718168,-0.0576469288204505,0.115293857640901,1410,64019,67963,3945,15
"chr12",292794,293108,0.0576362877276257,0.115272575455251,18005,274995,289158,14164,3
"chr7",92833947,92833954,-0.057634583584686,0.115269167169372,78094,23024,23129,106,37
"chr14",102362840,102363451,0.0576309798930272,0.115261959786054,27393,51215,87107,35893,16
"chr2",85584084,85584113,-0.057619742425289,0.115239484850578,49326,271836,278832,6997,10
"chr11",2869419,2869480,0.0576094687776564,0.115218937555313,12995,15119,16786,1668,33
"chr6",31664700,31665112,-0.0576059043450404,0.115211808690081,72532,174950,176345,1396,69
"chr17",8295309,8295405,0.0576001795685971,0.115200359137194,35739,100634,120146,19513,8
"chr7",131107048,131108184,0.0575889701814354,0.115177940362871,79334,182192,182731,540,14
"chr12",123232715,123233564,0.0575750620650329,0.115150124130066,22454,268973,272664,3692,25
"chr17",18315017,18315264,0.057548032724342,0.115096065448684,36189,20029,21845,1817,16
"chr5",43313282,43313308,-0.0575479101813982,0.115095820362796,68189,7327,24676,17350,11
"chr10",112282260,112282292,0.0575467829530748,0.11509356590615,11819,135770,273018,137249,3
"chr19",17932971,17932973,0.0575445713313377,0.115089142662675,43843,18774,130059,111286,9
"chr19",45645334,45645581,-0.0575434717224656,0.115086943444931,45641,64060,64382,323,9
"chr14",104707306,104707449,-0.0575282118393402,0.11505642367868,27573,24017,127764,103748,5
"chr1",28552970,28553051,0.0575246037778446,0.115049207555689,2006,32055,38616,6562,8
"chr19",58059059,58059123,0.0575195894784456,0.115039178956891,47184,117043,128538,11496,10
"chr20",31607148,31607211,-0.0574987396365022,0.114997479273004,53930,80930,309266,228337,2
"chr17",41481073,41481711,-0.0574809055267714,0.114961811053543,37328,94024,97514,3491,7
"chr5",174751644,174751690,-0.0574659641929445,0.114931928385889,70932,36544,145000,108457,6
"chr5",123511497,123511909,0.0574511609815871,0.114902321963174,69362,215581,232247,16667,15
"chr17",17302981,17303238,-0.0574329083530161,0.114865816706032,36090,120096,193129,73034,8
"chr2",219161552,219161568,0.0574314967391656,0.114862993478331,52121,108574,152427,43854,3
"chr10",46550533,46550713,-0.0574314945477383,0.114862989095477,9935,80767,187563,106797,3
"chr6",11779678,11779708,0.057429684362393,0.114859368724786,71692,90511,117881,27371,3
"chr19",12754897,12755752,-0.0574264832324112,0.114852966464822,43239,83732,203865,120134,5
"chr12",22045903,22046457,0.0574224755701282,0.114844951140256,19026,214579,242747,28169,7
"chr19",3185549,3185765,0.0574173471664939,0.114834694332988,42030,127857,195899,68043,10
"chr19",41959458,41959540,0.0573991609708959,0.114798321941792,45225,274987,293370,18384,11
"chr9",97039089,97039248,0.0573905900617154,0.114781180123431,84860,69316,89008,19693,11
"chr4",56977621,56977670,0.0573889861190259,0.114777972238052,65410,19850,38573,18724,12
"chr19",18099207,18099387,0.0573876935853369,0.114775387170674,43869,10869,57091,46223,12
"chr10",118342363,118342540,0.0573873007512286,0.114774601502457,12003,190789,216021,25233,14
"chr4",158170206,158171284,0.0573685021421672,0.114737004284334,66898,249494,262173,12680,11
"chr1",160286014,160286373,0.0573345004601999,0.1146690009204,6063,166587,237230,70644,7
"chr12",118376307,118376356,-0.0573191504189913,0.114638300837983,22103,273039,292951,19913,7
"chr2",206765682,206765873,0.0573122369138735,0.114624473827747,51739,150730,160795,10066,17
"chr5",73565577,73565784,-0.0573071828222838,0.114614365644568,68626,161654,161666,13,23
"chr1",2073529,2073538,-0.0572978977667333,0.114595795533467,260,124918,128499,3582,21
"chr17",80545282,80545392,-0.0572836952161082,0.114567390432216,39818,93882,117038,23157,14
"chr2",118846694,118848726,0.0572825666593592,0.114565133318718,50106,38356,38417,62,18
"chr19",10451482,10451493,0.0572770161140262,0.114554032228052,42927,60783,243384,182602,3
"chr19",42302051,42302856,-0.0572667601443703,0.114533520288741,45290,73010,78337,5328,25
"chr16",75464727,75464906,-0.0572617131237277,0.114523426247455,34028,67416,68961,1546,8
"chr17",50508497,50508613,0.0572613141927669,0.114522628385534,38224,21861,26444,4584,13
"chr17",7675098,7676040,-0.0572598255091612,0.114519651018322,35601,312095,312100,6,179
"chr18",48950776,48950880,-0.0572596841128778,0.114519368225756,40977,51344,51452,109,20
"chr20",45517019,45517058,0.0572591328074142,0.114518265614828,54754,276578,284859,8282,2
"chr18",74407975,74408462,0.0572557684717431,0.114511536943486,41354,248356,273254,24899,3
"chr3",111998946,111998959,0.0572476200217641,0.114495240043528,61736,140778,142301,1524,13
"chr4",174829432,174829716,0.0572421665689225,0.114484333137845,67082,125386,152624,27239,13
"chr6",33299097,33299865,0.0572237075247251,0.11444741504945,72828,48698,62100,13403,42
"chr11",111936574,111937319,0.0572047101767303,0.114409420353461,16934,128769,225638,96870,11
"chr8",42541597,42542233,-0.0571663729379659,0.114332745875932,81433,69970,70637,668,27
"chr7",40129243,40129405,0.0571660892586358,0.114332178517272,77125,241655,242605,951,3
"chr7",29563711,29564820,-0.0571619635449365,0.114323927089873,76890,47080,48833,1754,15
"chr11",2700832,2700843,0.0571592514633701,0.11431850292674,12988,50742,50813,72,40
"chr7",45104572,45104669,0.0571498535861363,0.114299707172273,77304,189868,190495,628,14
"chr6",30172202,30172241,0.0571413279052853,0.114282655810571,72289,11427,11948,522,15
"chr22",29388705,29388824,0.0571310633046503,0.114262126609301,57497,192883,197387,4505,10
"chr2",162344022,162344161,-0.0571273521964982,0.114254704392996,50746,154710,258243,103534,11
"chr10",111076713,111076966,0.0571255186510066,0.114251037302013,11810,189333,191648,2316,9
"chr20",45405758,45406101,0.0571247709529464,0.114249541905893,54739,239395,253185,13791,16
"chr6",10886340,10886952,0.0571227769786298,0.11424555395726,71667,247324,302567,55244,16
"chr13",52128709,52129799,-0.0571181204792875,0.114236240958575,23831,297709,302914,5206,19
"chr19",5892100,5892302,0.057111356690676,0.114222713381352,42400,97504,106009,8506,5
"chr20",49246439,49246793,-0.0571094100157728,0.114218820031546,54960,291761,301179,9419,2
"chr2",127388555,127388898,-0.0571055673515331,0.114211134703066,50234,126137,127549,1413,10
"chr22",19941591,19942914,-0.0571020294754487,0.114204058950897,56949,99868,108695,8828,20
"chr7",74375947,74376091,-0.0570994366905824,0.114198873381165,77749,7751,9820,2070,5
"chr1",42420755,42421532,0.0570984170271144,0.114196834054229,2763,135135,230504,95370,4
"chr16",56190592,56192438,0.0570692907760352,0.11413858155207,33116,208830,208906,77,19
"chr20",10435179,10435304,-0.0570665848433604,0.114133169686721,53557,107464,115859,8396,17
"chr12",95473455,95473790,0.0570650316893067,0.114130063378613,21248,99498,168338,68841,13
"chr3",57692787,57693210,0.0570612693621501,0.1141225387243,61105,161340,161526,187,13
"chr5",91873,91893,-0.0570605138570375,0.114121027714075,67375,154289,162516,8228,7
"chr10",122560511,122560628,0.0570542843440635,0.114108568688127,12148,257505,268983,11479,5
"chr9",137114543,137114943,-0.0570490621720596,0.114098124344119,86697,6687,18892,12206,8
"chr7",100585599,100586371,0.0570469068140442,0.114093813628088,78464,90219,124540,34322,19
"chr1",244730269,244731061,0.0570454701603905,0.114090940320781,8688,144394,144546,153,8
"chr1",208243960,208244592,0.0570447423319493,0.114089484663899,7683,157319,165324,8006,10
"chr17",38562313,38562313,0.057035603735029,0.114071207470058,36936,16475,79877,63403,5
"chr9",97039375,97039979,0.0570256378289235,0.114051275657847,84860,255535,271103,15569,11
"chr3",48983895,48983937,0.0569865420294646,0.113973084058929,60489,238147,256434,18288,2
"chr12",22196747,22196792,-0.0569812981705821,0.113962596341164,19029,251891,310151,58261,3
"chr7",24283642,24283940,0.0569499243058462,0.113899848611692,76737,81472,108979,27508,9
"chr4",165113195,165113212,-0.0569400518591557,0.113880103718311,66974,212580,257547,44968,8
"chr16",1994041,1994229,-0.056898277362062,0.113796554724124,31138,134277,294578,160302,2
"chr21",43362554,43362617,-0.0568949854907608,0.113789970981522,56461,124773,207975,83203,13
"chr6",30556476,30557210,-0.0568900344910443,0.113780068982089,72319,28015,28485,471,67
"chr1",23484323,23484378,-0.0568453648689018,0.113690729737804,1590,27249,79146,51898,10
"chr3",3799377,3799446,-0.0568341264187712,0.113668252837542,59048,28074,31270,3197,12
"chr3",85828251,85828584,-0.0568171681961678,0.113634336392336,61450,249982,265367,15386,4
"chr15",63049015,63049834,0.0568170517347157,0.113634103469431,29126,201291,207365,6075,21
"chr3",26622060,26622752,0.056816836183887,0.113633672367774,59664,266914,310043,43130,14
"chr12",48351353,48351460,0.0568079183571258,0.113615836714252,19482,7593,98480,90888,12
"chr2",10302710,10302827,0.056801809246212,0.113603618492424,47512,37960,38837,878,16
"chr3",107248792,107248816,0.056794157644716,0.113588315289432,61647,153866,159557,5692,2
"chr13",113319474,113319581,-0.0567888050283646,0.113577610056729,24639,201078,206504,5427,2
"chr2",63048824,63050695,-0.0567799231700222,0.113559846340044,48791,18021,18097,77,51
"chr5",55170566,55170754,0.0567772461139793,0.113554492227959,68281,146090,238722,92633,3
"chr1",225824252,225824806,-0.0567609161869224,0.113521832373845,8094,151579,164336,12758,10
"chr4",121072968,121073257,0.056758335743614,0.113516671487228,66382,161580,231277,69698,4
"chr8",58147507,58147956,-0.0567570725969229,0.113514145193846,81653,168865,174050,5186,4
"chr19",30372353,30372442,0.0567510333232722,0.113502066646544,44247,88956,89868,913,5
"chr14",72892293,72894165,-0.05674081587291,0.11348163174582,26250,2732,55963,53232,29
"chr17",38853720,38854399,-0.0567104607027067,0.113420921405413,36973,298505,299418,914,19
"chr17",81035085,81035095,-0.0567060961153156,0.113412192230631,39863,25465,25592,128,15
"chr5",93581343,93581365,0.0566996416023261,0.113399283204652,68953,63880,70375,6496,12
"chr17",39672043,39672310,0.0566951011477663,0.113390202295533,37064,128627,302123,173497,4
"chr18",32471213,32471220,-0.0566856338873212,0.113371267774642,40734,76019,76317,299,28
"chr16",87780227,87780572,-0.056670357405467,0.113340714810934,34461,193991,231628,37638,3
"chr19",39532869,39534309,0.0566663255011471,0.113332651002294,44936,294415,294907,493,15
"chr17",77286790,77287750,-0.0566658608696878,0.113331721739376,39468,107965,120776,12812,10
"chr1",226675206,226675258,-0.056648936633504,0.113297873267008,8167,59770,64742,4973,4
"chr2",159616528,159616985,-0.0566346511499616,0.113269302299923,50681,258309,278824,20516,19
"chr11",368351,369810,0.0566255204711652,0.11325104094233,12612,172513,172654,142,22
"chr19",36838596,36838858,0.0566184078160194,0.113236815632039,44660,107268,115762,8495,19
"chr16",87951420,87951441,-0.0565983944141419,0.113196788828284,34473,5553,25091,19539,9
"chr15",43207232,43207392,-0.0565977576751,0.1131955153502,28528,132637,262219,129583,2
"chr21",36156470,36156674,-0.0565971661092781,0.113194332218556,56135,195334,245553,50220,5
"chr1",159854748,159855076,-0.0565951024431668,0.113190204886334,5994,15387,34645,19259,13
"chr13",60013056,60013560,-0.0565892185585234,0.113178437117047,23890,200054,207281,7228,7
"chr12",75511592,75511824,-0.0565861263862108,0.113172252772422,20979,92884,96928,4045,8
"chr12",15545281,15545761,-0.0565818165819292,0.113163633163858,18897,167685,203701,36017,2
"chr22",24011457,24011525,0.0565742097213266,0.113148419442653,57246,90010,192920,102911,10
"chr19",38618816,38618979,0.0565685159471748,0.11313703189435,44801,23045,51822,28778,16
"chr1",228139979,228140077,-0.0565598012377837,0.113119602475567,8231,37422,37691,270,15
"chr9",34458535,34458570,0.0565560341202307,0.113112068240461,84014,68702,94541,25840,10
"chr6",166862267,166862871,-0.0565555486646922,0.113111097329384,75773,42011,42641,631,13
"chr5",176365132,176365289,-0.0565547555091096,0.113109511018219,70968,122577,249096,126520,12
"chr1",204072721,204073198,0.0565490421386502,0.1130980842773,7371,113050,138729,25680,9
"chr1",20786228,20787627,-0.0565191356009734,0.113038271201947,1417,141040,142556,1517,8
"chr3",126524201,126524218,0.0565185373401095,0.113037074680219,62194,139714,140233,520,10
"chr7",27151070,27152295,-0.0565018881147082,0.113003776229416,76814,41912,42072,161,20
"chr11",96507392,96507395,0.0564833906438267,0.112966781287653,16641,124455,270784,146330,3
"chr1",241520051,241520578,-0.0564804499382742,0.112960899876548,8616,257977,310897,52921,12
"chr4",40630282,40630841,0.0564726410585284,0.112945282117057,65096,125033,132930,7898,18
"chr9",79571854,79573023,-0.0564724164121294,0.112944832824259,84454,138167,161846,23680,18
"chr12",120533515,120533555,0.0564686564398101,0.11293731287962,22203,125775,173411,47637,11
"chr13",21140508,21140586,0.0564656143551947,0.112931228710389,22986,91162,104845,13684,13
"chr16",20327530,20327713,-0.0564631600368944,0.112926320073789,32108,253423,254227,805,6
"chr12",109021247,109021522,-0.0564356313128154,0.112871262625631,21629,268745,272092,3348,11
"chr1",225889587,225889603,0.0564348653747185,0.112869730749437,8106,156604,165663,9060,3
"chr6",44342491,44342594,0.056401726302331,0.112803452604662,73577,47921,81165,33245,9
"chr12",55990694,55990724,0.0563919520671415,0.112783904134283,20298,259169,276936,17768,2
"chr17",996542,997045,-0.0563596835292682,0.112719367058536,34851,74158,76769,2612,11
"chr13",23354949,23355410,-0.0563508820568182,0.112701764113636,23027,219695,232912,13218,5
"chr9",128066930,128068207,-0.0563485274140023,0.112697054828005,85802,47341,63208,15868,17
"chr6",52418967,52419311,-0.0563447681378628,0.112689536275726,73736,190750,220388,29639,2
"chr6",42782965,42782967,0.0563401270377247,0.112680254075449,73356,277339,285829,8491,6
"chr8",122781238,122781253,-0.0563379005202733,0.112675801040547,82603,168747,169270,524,16
"chr11",22673577,22673644,0.0563378309863483,0.112675661972697,13857,263865,266681,2817,2
"chr6",30160781,30160909,0.0563087230428048,0.11261744608561,72283,189460,196845,7386,12
"chr12",990176,991329,0.0562954861986783,0.112590972397357,18074,238719,300286,61568,16
"chr5",1462930,1463447,0.0562864287096256,0.112572857419251,67525,39428,141668,102241,8
"chr1",166974894,166974946,-0.0562781991229919,0.112556398245984,6341,241354,274286,32933,9
"chr5",34915763,34916313,0.0562683899650711,0.112536779930142,67955,154312,159543,5232,20
"chr6",37432888,37432892,-0.0562560306241225,0.112512061248245,73121,188773,191420,2648,8
"chr11",35419290,35419465,-0.0562405662668117,0.112481132533623,14084,8978,14487,5510,20
"chr6",116765438,116766422,0.056196870084733,0.112393740169466,74669,189082,234219,45138,12
"chr12",112791812,112792260,0.056179364854516,0.112358729709032,21882,173318,181009,7692,17
"chr17",77088567,77088636,-0.0561786577451725,0.112357315490345,39459,299011,299112,102,17
"chr10",37124682,37125578,-0.0561748832374288,0.112349766474858,9753,43949,46268,2320,7
"chr1",160864056,160864073,0.0561625896504628,0.112325179300926,6107,116509,232858,116350,9
"chr14",90397457,90398276,0.0561606138536466,0.112321227707293,26765,85810,110319,24510,16
"chr19",55738377,55738525,-0.0561551746268155,0.112310349253631,46996,207258,294436,87179,3
"chr6",30690716,30690835,0.0561409137095489,0.112281827419098,72359,88164,96963,8800,20
"chr7",151227438,151227549,0.0561335667025376,0.112267133405075,80028,268003,274331,6329,14
"chr17",65057084,65057878,0.0561177489274946,0.112235497854989,38816,199464,199868,405,17
"chr1",43649532,43649816,0.0561067177788098,0.11221343555762,2885,144643,158392,13750,8
"chr17",2416156,2416235,-0.0561052650791473,0.112210530158295,35030,68240,107627,39388,5
"chr11",62754340,62754483,0.0560882200918029,0.112176440183606,14979,171264,173094,1831,14
"chr8",1823914,1823918,-0.0560856142430366,0.112171228486073,80350,67140,186165,119026,3
"chr12",121399925,121400206,0.0560851372764835,0.112170274552967,22278,89431,101800,12370,11
"chr7",50093428,50093616,0.0560773815795292,0.112154763159058,77388,183563,190012,6450,11
"chr6",93419283,93420152,-0.0560707104621447,0.112141420924289,74258,301327,308027,6701,18
"chr10",34110626,34110730,-0.0560643641207383,0.112128728241477,9718,105906,133226,27321,7
"chr11",86244415,86244959,-0.0560556545370891,0.112111309074178,16469,46812,65584,18773,14
"chr17",68101388,68101669,-0.0560528104645385,0.112105620929077,38891,120312,201178,80867,7
"chr2",173075299,173075511,0.0560514624376366,0.112102924875273,50992,246249,248856,2608,13
"chr3",69052512,69052533,0.0560202349488172,0.112040469897634,61315,150504,150833,330,12
"chr11",74592249,74592741,0.056017042344334,0.112034084688668,16166,98907,130631,31725,13
"chr1",21290126,21290332,-0.0560012212141807,0.112002442428361,1434,24578,38475,13898,13
"chr15",89333296,89333546,0.0559967692641099,0.11199353852822,30305,211327,235629,24303,6
"chr5",177436163,177436530,-0.0559895903371563,0.111979180674313,71079,36515,39133,2619,5
"chr16",89711839,89711893,0.0559609219207315,0.111921843841463,34707,79372,137848,58477,3
"chr4",173529990,173531344,0.0559595989947296,0.111919197989459,67068,126895,131061,4167,31
"chr15",63388747,63388785,-0.0559359386712914,0.111871877342583,29149,261865,263185,1321,3
"chr19",12484884,12485314,0.0559024728883507,0.111804945776701,43195,296022,297896,1875,14
"chr4",24799803,24800179,0.0559000190536897,0.111800038107379,64881,13827,31913,18087,2
"chr5",129460475,129461763,0.0558812978308769,0.111762595661754,69438,89983,123121,33139,20
"chr3",131361639,131361672,0.0558735029337288,0.111747005867458,62430,115018,123528,8511,9
"chr1",151327876,151328145,0.0558675311792013,0.111735062358403,5124,118304,126945,8642,16
"chr12",20694403,20694424,0.0558552286402368,0.111710457280474,18981,118200,252897,134698,3
"chr2",95165167,95165267,-0.0558489871598161,0.111697974319632,49465,82633,99984,17352,13
"chr1",3623632,3624385,0.0558434423428735,0.111686884685747,411,126599,278649,152051,11
"chr11",75525414,75525562,0.0558312866143878,0.111662573228776,16224,86797,168113,81317,8
"chr7",141737522,141738543,-0.055817808230633,0.111635616461266,79623,190861,231644,40784,17
"chr6",127117281,127117601,-0.055817070130991,0.111634140261982,74822,217916,224931,7016,11
"chr6",31703469,31703515,0.0558156114137361,0.111631222827472,72543,44206,44923,718,43
"chr9",105244499,105244843,-0.055810380377082,0.111620760754164,85061,43042,66983,23942,9
"chr7",107469941,107470043,0.0558007335973977,0.111601467194795,78807,264638,274978,10341,2
"chr2",188291115,188292786,0.0557948594070699,0.11158971881414,51292,264362,270151,5790,23
"chr21",30497346,30497620,-0.0557785611036258,0.111557122207252,55902,233758,262144,28387,4
"chr9",112749998,112750342,-0.0557700254327818,0.111540050865564,85214,215354,221499,6146,12
"chr5",147453704,147454102,-0.0557655544946433,0.111531108989287,70230,34355,60430,26076,11
"chr11",65595478,65596273,-0.0557600233202291,0.111520046640458,15375,90415,106097,15683,7
"chr10",13099275,13100132,0.0557268636111691,0.111453727222338,9254,103032,116801,13770,19
"chr16",10930096,10930133,0.0557253526513635,0.111450705302727,31784,80523,306109,225587,2
"chr11",117178533,117179386,0.0557212264513629,0.111442452902726,17109,182989,203112,20124,11
"chr17",18950585,18952246,-0.0557157110503522,0.111431422100704,36217,273220,283151,9932,16
"chr11",94020928,94021241,0.0557009222537357,0.111401844507471,16569,191601,237687,46087,10
"chr2",189580470,189581154,0.0556983255351524,0.111396651070305,51318,31716,35082,3367,12
"chr2",163736045,163737300,0.0556854514934486,0.111370902986897,50756,165470,253100,87631,12
"chr8",11702977,11703270,0.055681945396552,0.111363890793104,80544,188067,188665,599,27
"chr3",161220636,161220934,-0.0556810169180576,0.111362033836115,63146,164557,234533,69977,9
"chr19",49818038,49818210,-0.0556756675387174,0.111351335077435,46215,21506,22867,1362,9
"chr3",43690833,43690837,0.055665462646831,0.111330925293662,60094,32047,32054,8,16
"chr17",29141025,29141316,-0.0556612124185651,0.11132242483713,36510,227873,242688,14816,6
"chr7",103347544,103347624,-0.0556398059156499,0.1112796118313,78707,89170,172693,83524,4
"chr17",59151212,59151279,-0.0556332940223956,0.111266588044791,38531,262672,295477,32806,3
"chr5",170312745,170312827,0.055630990375223,0.111261980750446,70801,215306,234502,19197,4
"chr10",25063693,25063704,-0.0556305137897401,0.11126102757948,9532,82297,248990,166694,2
"chr4",44678103,44678723,0.0556141695219589,0.111228339043918,65167,156576,246543,89968,10
"chr4",82430447,82430705,-0.0556024296604989,0.111204859320998,65795,22178,22448,271,15
"chr10",131146568,131146641,0.0555994978310089,0.111198995662018,12369,167600,168987,1388,3
"chr11",94740730,94740959,-0.055539802524043,0.111079605048086,16601,172823,178861,6039,11
"chr11",68981059,68981115,-0.0555327596382217,0.111065519276443,15824,161924,167853,5930,6
"chr1",2184246,2184548,-0.0555308970647359,0.111061794129472,272,250073,266889,16817,7
"chr3",121834514,121835319,0.0555246331033664,0.111049266206733,61991,146776,152197,5422,13
"chr5",170681183,170681518,0.0555227265268837,0.111045453053767,70813,129164,225898,96735,8
"chr2",218961115,218962083,0.0555190171604281,0.111038034320856,52092,111999,114653,2655,23
"chr11",18527342,18527431,0.0555058091208589,0.111011618241718,13771,254285,268716,14432,12
"chr2",151974151,151975366,-0.0554952812312727,0.110990562462545,50586,162484,218099,55616,12
"chr8",54459269,54460009,0.0554942968055519,0.110988593611104,81587,104920,121044,16125,4
"chr6",28648591,28648901,0.0554808532960359,0.110961706592072,72132,171170,177524,6355,2
"chr5",136132661,136132666,0.055478003434755,0.11095600686951,69667,161303,242129,80827,12
"chr16",56657662,56657937,-0.0554761141161776,0.110952228232355,33158,58043,58097,55,7
"chr16",1984024,1984187,0.0554749590446933,0.110949918089387,31133,25749,27908,2160,10
"chr2",208025737,208025772,0.0554702470773139,0.110940494154628,51791,144633,153480,8848,12
"chr4",1346418,1347193,-0.0554540459255032,0.110908091851006,64276,1394,7643,6250,23
"chr20",18137714,18138005,-0.0554379554340641,0.110875910868128,53652,204186,252183,47998,15
"chr17",21253401,21253417,-0.0554228478325132,0.110845695665026,36327,3049,16537,13489,10
"chr2",119678463,119679323,-0.0554093722726545,0.110818744545309,50136,4855,16689,11835,13
"chr4",155377014,155377137,0.0554056622937044,0.110811324587409,66870,145320,147862,2543,12
"chr18",21110882,21112043,0.0553938660711811,0.110787732142362,40558,97450,121055,23606,19
"chr19",10361589,10361775,-0.0553841358029456,0.110768271605891,42914,220169,277597,57429,5
"chr19",54188248,54188454,0.0553631021271191,0.110726204254238,46774,203665,254681,51017,2
"chr6",43308832,43308920,-0.0553595134697535,0.110719026939507,73447,48159,92713,44555,12
"chr8",53879859,53880730,0.0553556727487659,0.110711345497532,81572,119341,181760,62420,11
"chr11",122654936,122655240,0.0553468769711433,0.110693753942287,17513,239873,259973,20101,10
"chr9",126914435,126915438,0.0553463617474336,0.110692723494867,85680,69124,94156,25033,14
"chr11",5624203,5624873,0.0553364094303938,0.110672818860788,13191,135281,172902,37622,7
"chr2",173359332,173359434,-0.0553358739586185,0.110671747917237,51002,164525,284198,119674,3
"chr11",121292185,121292800,0.0553289566319846,0.110657913263969,17477,121868,185234,63367,12
"chr1",201947517,201947775,-0.0553261283271073,0.110652256654215,7192,230649,248013,17365,2
"chr17",43388598,43389844,-0.0553256600805396,0.110651320161079,37597,113068,122990,9923,10
"chr8",133572903,133573083,0.0553137641279872,0.110627528255974,82874,135091,213497,78407,11
"chr16",1872148,1872154,0.0553120529934476,0.110624105986895,31103,8218,26312,18095,5
"chr4",4862761,4862805,0.0552954703495421,0.110590940699084,64496,6446,6631,186,8
"chr1",216723519,216723521,0.05527584885375,0.1105516977075,7897,163821,164933,1113,10
"chr1",223393327,223393831,0.0552734508138116,0.110546901627623,8023,14200,15323,1124,13
"chr14",96244002,96244102,0.0552713612061903,0.110542722412381,27080,223063,271545,48483,3
"chr17",7499126,7499311,0.0552665469231102,0.11053309384622,35553,210843,212083,1241,7
"chr4",48494140,48494387,-0.055259178251829,0.110518356503658,65225,157787,247979,90193,4
"chr6",168054935,168055256,-0.0552580918203408,0.110516183640682,75837,283422,287167,3746,2
"chr11",108008601,108009356,0.0552487629510357,0.110497525902071,16796,177199,252510,75312,13
"chr1",19339011,19339263,-0.0552460172516134,0.110492034503227,1307,36272,146102,109831,3
"chr8",22275050,22275152,0.0552400630471217,0.110480126094243,80803,99474,177859,78386,13
"chr4",1991623,1991682,0.0551928741379327,0.110385748275865,64334,157879,159272,1394,3
"chr4",84498558,84498615,0.0551865409835109,0.110373081967022,65844,244617,257168,12552,19
"chr3",195907973,195910023,-0.0551757594734298,0.11035151894686,63995,127867,149560,21694,14
"chr22",17108621,17109201,-0.0551749414226838,0.110349882845368,56781,77113,205485,128373,3
"chr1",46043473,46043723,0.0551664467596696,0.110332893519339,3054,165749,279925,114177,2
"chr12",26194663,26195160,-0.0551659536639366,0.110331907327873,19102,168507,175020,6514,14
"chr13",45417440,45418538,-0.0551513945196679,0.110302789039336,23587,206415,210096,3682,20
"chr14",102363532,102363581,0.0551455426122321,0.110291085224464,27393,199705,211920,12216,16
"chr1",110872610,110873159,-0.0551444483908536,0.110288896781707,4495,99453,140328,40876,6
"chr2",105399412,105399800,0.0551437467296697,0.110287493459339,49841,160813,163366,2554,16
"chr2",223945495,223945997,-0.0551416116156148,0.11028322323123,52284,147291,148757,1467,8
"chr11",122203381,122203725,-0.0551064803466335,0.110212960693267,17507,104626,111404,6779,5
"chr17",81846451,81846546,-0.0551028139479008,0.110205627895802,39999,2769,53264,50496,2
"chr19",28964689,28964966,-0.0550976963087831,0.110195392617566,44206,197798,213297,15500,4
"chr12",53938425,53939395,-0.0550918169439962,0.110183633887992,20101,101228,103110,1883,17
"chr2",24360642,24360741,0.0550903372898384,0.110180674579677,47771,91145,139396,48252,10
"chr17",63972920,63973359,-0.0550827588931684,0.110165517786337,38753,219975,293381,73407,8
"chr1",27850369,27850542,0.0550580136595482,0.110116027319096,1952,152116,312419,160304,2
"chr6",37500281,37500535,-0.0550520000610115,0.110104000122023,73131,135491,167184,31694,11
"chr2",40451478,40451936,-0.0550363757725208,0.110072751545042,48358,160761,160779,19,8
"chr5",38257926,38258249,-0.0550230071197212,0.110046014239442,68037,165017,270954,105938,15
"chr16",28863454,28863659,-0.0550185171169394,0.110037034233879,32455,129864,192637,62774,18
"chr14",102044023,102044352,-0.0550101473475719,0.110020294695144,27358,298376,299785,1410,8
"chr8",66431955,66432066,0.0550019021573335,0.110003804314667,81764,254315,275899,21585,9
"chr7",88306967,88307070,0.0549994713037742,0.109998942607548,78003,50435,102530,52096,10
"chr2",217281320,217281707,-0.0549742413528336,0.109948482705667,51960,157153,232457,75305,2
"chr2",241970526,241970944,-0.0549740813001028,0.109948162600206,53092,233016,238876,5861,5
"chr1",26318082,26318822,-0.0549659423095853,0.109931884619171,1793,144911,153212,8302,13
"chr7",120950490,120950607,-0.0549616433472304,0.109923286694461,79010,180402,187688,7287,10
"chr10",70382907,70383068,-0.0549565506383121,0.109913101276624,10381,173081,187133,14053,17
"chr3",48717465,48717537,0.0549542797793472,0.109908559558694,60474,159814,161367,1554,12
"chr12",132329025,132329790,0.0549198852618262,0.109839770523652,22801,71871,106465,34595,10
"chr3",196568493,196568640,-0.0549063938841496,0.109812787768299,64038,20521,22263,1743,15
"chr1",54741759,54741759,0.0549039394057654,0.109807878811531,3408,123960,303918,179959,2
"chr6",19180487,19180851,-0.0548946794241258,0.109789358848252,71819,180528,191436,10909,4
"chr6",108123445,108123587,-0.0548855952891287,0.109771190578257,74431,103267,161776,58510,8
"chr1",155320627,155321022,0.0548783651250232,0.109756730250046,5616,147212,165121,17910,11
"chr1",240612101,240612165,0.054867813732184,0.109735627464368,8606,65826,146699,80874,3
"chr6",151807193,151807231,0.0548414273884128,0.109682854776826,75401,101250,109591,8342,36
"chr19",7916483,7916802,-0.0548314512684451,0.10966290253689,42645,69464,216347,146884,10
"chr4",5887605,5888562,0.0548218449383978,0.109643689876796,64515,23128,31200,8073,18
"chr4",14111591,14111841,-0.0548205207083291,0.109641041416658,64742,110653,154892,44240,2
"chr15",90902554,90902571,-0.0548049363098061,0.109609872619612,30439,20885,29449,8565,4
"chr3",32817049,32817624,0.054788336007946,0.109576672015892,59742,130022,137775,7754,13
"chr3",183825792,183825892,0.054783676627686,0.109567353255372,63483,64295,86467,22173,9
"chr8",104223378,104223487,-0.054772180888097,0.109544361776194,82406,11092,40848,29757,8
"chr6",31652282,31652452,-0.054764308530777,0.109528617061554,72525,23443,23609,167,58
"chr1",204979454,204979501,0.0547240782405406,0.109448156481081,7440,31893,39156,7264,4
"chr9",137788760,137789345,0.0547172654831133,0.109434530966227,86808,17050,48724,31675,5
"chr2",38665745,38666109,0.0547031054472789,0.109406210894558,48304,6821,101853,95033,11
"chr17",44123839,44123843,0.0546980059761832,0.109396011952366,37679,56550,57214,665,13
"chr10",75099036,75099166,-0.0546811067318551,0.10936221346371,10648,235561,261062,25502,8
"chr19",45692426,45692670,-0.0546727114376998,0.1093454228754,45649,138154,199141,60988,19
"chr2",241137141,241137225,0.054655523703071,0.109311047406142,52983,145530,281622,136093,3
"chr1",156893337,156893568,0.0546303579690656,0.109260715938131,5830,105337,113918,8582,5
"chr9",125707276,125707315,-0.0546258475504762,0.109251695100952,85650,69836,70604,769,7
"chr19",2354292,2354561,0.0546221490438493,0.109244298087699,41924,209770,297263,87494,5
"chr16",68695820,68695834,-0.0546132951221775,0.109226590244355,33676,79012,259941,180930,2
"chr17",4900389,4901079,0.0546130855896454,0.109226171179291,35266,6677,10094,3418,22
"chr16",25257152,25257426,0.0546088156052585,0.109217631210517,32340,293218,299420,6203,2
"chr16",30875019,30875421,-0.0546054597125807,0.109210919425161,32706,54619,56573,1955,14
"chr6",131807904,131807963,-0.0546034943564848,0.10920698871297,74912,44059,46614,2556,11
"chr3",9809733,9810166,0.0546023595218743,0.109204719043749,59180,152859,214745,61887,15
"chr7",28299006,28299065,0.0545984003352017,0.109196800670403,76859,107188,116969,9782,6
"chr11",7251815,7251818,-0.054587202276911,0.109174404553822,13329,14228,16427,2200,8
"chr1",66924753,66925076,-0.0545780091425227,0.109156018285045,3661,88555,99665,11111,17
"chr11",8682324,8682341,0.0545759671971635,0.109151934394327,13409,172851,182876,10026,18
"chr2",160062389,160062873,-0.0545755651028738,0.109151130205748,50700,119330,141448,22119,14
"chr14",105498819,105499042,-0.0545692457254693,0.109138491450939,27707,194083,208869,14787,5
"chr2",33475782,33476053,-0.0545484965689316,0.109096993137863,48199,154997,158197,3201,10
"chr4",143621042,143621087,-0.054535617030797,0.109071234061594,66651,250058,282156,32099,3
"chr6",31651736,31652770,0.0545151637614371,0.109030327522874,72525,187314,188719,1406,58
"chr4",113763062,113763164,-0.054510252085895,0.10902050417179,66300,212337,228469,16133,21
"chr8",118951905,118952397,-0.0545060962176852,0.10901219243537,82550,100401,103242,2842,12
"chr7",65373762,65373873,-0.0545039015360455,0.109007803072091,77581,176176,237007,60832,5
"chr15",75346865,75347092,0.0544949581268701,0.10898991625374,29759,95410,120666,25257,15
"chr20",51003916,51004142,0.0544824807208956,0.108964961441791,55058,5371,54568,49198,6
"chr2",162244421,162244482,-0.0544609138133094,0.108921827626619,50743,243975,264839,20865,6
"chr1",34977238,34977362,-0.0544480560609785,0.108896112121957,2337,104711,150138,45428,2
"chr1",151841452,151841595,0.0544306400676278,0.108861280135256,5199,252036,272707,20672,4
"chr16",19168111,19168190,0.0544252283487357,0.108850456697471,32061,209078,212832,3755,9
"chr10",17228095,17228251,-0.0544180698013091,0.108836139602618,9381,190326,192013,1688,18
"chr1",224434808,224434896,0.0544110464307236,0.108822092861447,8072,122939,156590,33652,12
"chr12",21335913,21336113,-0.0543714812615495,0.108742962523099,18994,224248,228304,4057,2
"chr16",31150630,31150961,0.0543610507660717,0.108722101532143,32765,210934,248996,38063,2
"chr6",33010363,33010941,-0.0543549997095538,0.108709999419108,72770,179773,180492,720,21
"chr4",112636949,112637394,0.054349991889593,0.108699983779186,66263,24043,30589,6547,20
"chr1",36320684,36321176,0.054334697278393,0.108669394556786,2439,81986,127986,46001,2
"chr19",14496082,14496090,-0.054311020071757,0.108622040143514,43451,23163,28147,4985,9
"chr4",18022228,18022822,-0.0542945939847219,0.108589187969444,64827,143270,163905,20636,13
"chr19",8831614,8832038,0.0542835441715532,0.108567088343106,42762,132033,292334,160302,5
"chr9",113220978,113222739,0.054247088116993,0.108494176233986,85230,257052,284774,27723,14
"chr22",50578521,50578572,0.0542418503418558,0.108483700683712,58985,2749,9809,7061,16
"chr1",236795130,236795673,-0.0542393856868296,0.108478771373659,8566,37364,66210,28847,18
"chr17",30970396,30970498,0.0542392599795085,0.108478519959017,36595,112190,114255,2066,17
"chr5",129460406,129460573,0.0542232752406985,0.108446550481397,69438,151801,151838,38,20
"chr1",212949683,212950623,0.0541888670616394,0.108377734123279,7832,154108,160193,6086,8
"chr19",3482643,3482745,0.0541829036347866,0.108365807269573,42058,58123,279646,221524,5
"chr1",206930315,206930335,0.054180793582619,0.108361587165238,7617,14885,84981,70097,2
"chr6",154733127,154733406,-0.0541379224830758,0.108275844966152,75478,60596,65309,4714,8
"chr4",7068209,7068922,0.054134226712978,0.108268453425956,64599,156326,157834,1509,14
"chr3",37174726,37175307,0.0541057100157771,0.108211420031554,59836,273304,279264,5961,7
"chr16",8868793,8868811,0.0540979717829886,0.108195943565977,31712,68736,71923,3188,26
"chr19",48320341,48320962,0.0540810117948178,0.108162023589636,45940,233147,263521,30375,9
"chr19",36573473,36573478,-0.0540706300717396,0.108141260143479,44641,14646,17237,2592,20
"chr10",101843535,101843731,0.0540651061113121,0.108130212222624,11511,47445,93587,46143,14
"chr15",73926374,73927607,-0.0540188108863182,0.108037621772636,29637,139535,192906,53372,24
"chr12",132206025,132206147,0.0540176864849298,0.10803537296986,22791,167316,175375,8060,7
"chr7",150368128,150369067,-0.0539945061211263,0.107989012242253,79907,22499,24852,2354,19
"chr11",67398236,67398745,0.0539932566766393,0.107986513353279,15666,186492,187713,1222,6
"chr7",101218092,101218430,-0.0539885417770077,0.107977083554015,78607,125778,129944,4167,22
"chr11",78786913,78786990,0.0539877180760512,0.107975436152102,16393,41742,44043,2302,2
"chr10",125719486,125720220,0.0539828538592468,0.107965707718494,12254,173956,180653,6698,15
"chr13",100944367,100944373,-0.0539821890461033,0.107964378092207,24312,221568,274231,52664,2
"chr15",88610861,88610965,-0.0539519290255567,0.107903858051113,30249,302609,305204,2596,7
"chr12",97491575,97491891,-0.053950574043121,0.107901148086242,21302,126443,187252,60810,7
"chr3",128153282,128154049,-0.0539364330885307,0.107872866177061,62266,165986,215401,49416,11
"chr19",57709294,57709350,0.0539225562009971,0.107845112401994,47144,88561,107567,19007,11
"chr15",80990058,80990093,-0.0538947124707868,0.107789424941574,30022,121140,200646,79507,12
"chr4",169612720,169612732,-0.053885382249634,0.107770764499268,67027,65172,70401,5230,18
"chr10",32445640,32446880,-0.0538785646255825,0.107757129251165,9695,253534,307990,54457,14
"chr6",14115898,14116886,0.0538775041112235,0.107755008222447,71748,229980,258974,28995,13
"chr20",25390775,25391064,0.0538673771687986,0.107734754337597,53867,58886,62273,3388,10
"chr14",75128049,75128072,0.0538526842774414,0.107705368554883,26447,116028,231345,115318,2
"chr5",15501260,15501272,0.0537959107952586,0.107591821590517,67770,238270,247628,9359,4
"chr4",4858430,4858928,0.0537737691219064,0.107547538243813,64495,303825,304318,494,32
"chr1",10647877,10648034,0.053765709966507,0.107531419933014,799,18551,36952,18402,6
"chr5",123423635,123423942,-0.0537422786168594,0.107484557233719,69360,136985,142284,5300,13
"chr18",78979013,78979120,-0.0537318377312085,0.107463675462417,41431,64157,67104,2948,10
"chr11",62338148,62338154,0.0537169342580971,0.107433868516194,14917,252681,257479,4799,3
"chr6",33164386,33164404,-0.0536754856020467,0.107350971204093,72785,46495,46706,212,10
"chr12",53963746,53963820,-0.0536565206788866,0.107313041357773,20106,8542,9083,542,4
"chr20",46364579,46364648,0.0536350687148086,0.107270137429617,54859,194265,197059,2795,14
"chr9",35756730,35757643,-0.0536339901762056,0.107267980352411,84148,228547,290078,61532,5
"chr3",54901446,54901489,-0.0536251016833906,0.107250203366781,61021,213149,221422,8274,3
"chr5",16936818,16937270,-0.0536088851406771,0.107217770281354,67803,149929,157970,8042,12
"chr16",57752901,57753463,-0.0535421258275518,0.107084251655104,33269,199617,207248,7632,5
"chr5",143403814,143404283,-0.0535396473593265,0.107079294718653,70171,39424,66411,26988,24
"chr14",54567898,54567928,-0.0535286417916728,0.107057283583346,25677,23716,51273,27558,15
"chr6",43308909,43309018,-0.0535244864200792,0.107048972840158,73447,183445,190587,7143,12
"chr4",70839552,70839873,-0.0535096265697622,0.107019253139524,65561,28514,38065,9552,13
"chr1",24555949,24555968,0.0535018184232066,0.107003636846413,1681,268944,273446,4503,11
"chr7",143477981,143478035,0.0534698686987973,0.106939737397595,79732,190984,288955,97972,2
"chr6",30552502,30552628,-0.0534665083629173,0.106933016725835,72317,46305,173857,127553,2
"chr17",75878542,75878554,0.0534527480522011,0.106905496104402,39306,199675,202009,2335,7
"chr4",1981557,1981882,-0.053414532954909,0.106829065909818,64329,163022,278656,115635,5
"chr12",63779830,63779892,-0.0533925361869228,0.106785072373846,20693,25459,29247,3789,16
"chr2",162318745,162319090,0.0533756363053987,0.106751272610797,50744,237769,257907,20139,13
"chr3",63897690,63898421,0.0533511433762557,0.106702286752511,61225,118378,226840,108463,4
"chr12",85279492,85280137,-0.0533163019617744,0.106632603923549,21097,49321,75946,26626,15
"chr1",2392324,2392785,0.0533147443689896,0.106629488737979,308,154884,165308,10425,15
"chr19",39514971,39515985,-0.0532985117466166,0.106597023493233,44934,115604,120979,5376,16
"chr2",74465048,74465056,-0.0532647718439178,0.106529543687836,49165,97736,279370,181635,9
"chr6",33320957,33321164,0.0532645659396869,0.106529131879374,72833,128380,130197,1818,63
"chr5",140799908,140800290,0.0532637477864824,0.106527495572965,69922,246352,249580,3229,12
"chr17",5419617,5419620,0.0532614595394437,0.106522919078887,35336,20592,23061,2470,28
"chr3",64561302,64561343,-0.0532419958127527,0.106483991625505,61257,214268,259447,45180,8
"chr19",44071986,44072112,0.053229318677888,0.106458637355776,45448,198450,204875,6426,12
"chr5",150671850,150672352,-0.0532241768998261,0.106448353799652,70417,144016,161287,17272,4
"chr17",74768212,74768658,-0.0532206487656309,0.106441297531262,39118,290162,308457,18296,3
"chr17",34980493,34980499,-0.0531994487136267,0.106398897427253,36742,28168,51758,23591,13
"chr16",88101893,88102088,0.0531948291434254,0.106389658286851,34481,277073,280401,3329,2
"chr13",48975248,48976855,0.0531841837905579,0.106368367581116,23693,242730,252286,9557,21
"chr5",33984555,33984663,0.0531485141381527,0.106297028276305,67938,92361,148797,56437,11
"chr13",27251215,27251220,-0.0531394082921894,0.106278816584379,23136,309514,310963,1450,11
"chr12",48980484,48980537,0.0531370411532532,0.106274082306506,19551,45867,65015,19149,2
"chr17",8210330,8211411,-0.0531264296396723,0.106252859279345,35720,233660,237383,3724,14
"chr1",239907802,239909201,-0.0531176198981095,0.106235239796219,8592,127134,146135,19002,8
"chr8",30082875,30083261,-0.0531017588944041,0.106203517788808,81126,103809,190883,87075,11
"chr9",125746430,125746723,-0.0530804222379748,0.10616084447595,85651,101108,103044,1937,7
"chr1",230065835,230066633,-0.0530800234473256,0.106160046894651,8347,131881,147176,15296,5
"chr2",201071378,201071639,-0.0530792231086078,0.106158446217216,51564,16001,31326,15326,18
"chr9",37465525,37465715,0.0530566468266898,0.10611329365338,84217,99264,174913,75650,4
"chr10",121520098,121520162,0.0530551832046719,0.106110366409344,12087,80828,304224,223397,5
"chr14",36663086,36663285,0.0530224303784226,0.106044860756845,25408,111275,203007,91733,3
"chr16",2148776,2148780,0.0529952633024594,0.105990526604919,31197,121107,218956,97850,9
"chr14",73830232,73830266,0.0529816287724707,0.105963257544941,26333,253993,256890,2898,5
"chr2",79161188,79161221,0.0529771860701729,0.105954372140346,49245,251019,254206,3188,2
"chr16",87317425,87317501,0.0529538815545793,0.105907763109159,34426,242840,276382,33543,13
"chr1",26772500,26772939,-0.0529497245566892,0.105899449113378,1839,218552,233032,14481,3
"chr15",26970310,26970815,-0.0529496922997012,0.105899384599402,27944,120468,120556,89,16
"chr22",28916853,28916919,0.0529302207378118,0.105860441475624,57452,121222,128805,7584,6
"chr1",50960013,50960128,-0.0529152534981412,0.105830506996282,3218,21003,25124,4122,16
"chr2",238426267,238426804,0.0529047816004244,0.105809563200849,52807,105684,106478,795,10
"chr2",231926575,231927022,0.0528885643754771,0.105777128750954,52501,166664,267860,101197,13
"chr14",55412005,55412040,-0.0528828640130649,0.10576572802613,25709,271542,295466,23925,9
"chr6",6622910,6623010,-0.052876008393584,0.105752016787168,71568,175426,180544,5119,3
"chr16",68021644,68021772,-0.0528577854581287,0.105715570916257,33634,217730,219296,1567,3
"chr17",6713325,6713548,0.0528289026728168,0.105657805345634,35404,208320,209603,1284,13
"chr8",141002672,141002894,-0.0528175051578386,0.105635010315677,82982,219836,243456,23621,6
"chr7",101154254,101154322,0.0528054270795706,0.105610854159141,78583,179162,193298,14137,6
"chr14",102907570,102908856,-0.05280163441967,0.10560326883934,27421,12283,76966,64684,11
"chr9",77178411,77178904,0.0527851895852302,0.10557037917046,84438,189815,267835,78021,13
"chr8",17576417,17577032,0.0527845221251214,0.105569044250243,80642,45855,47183,1329,17
"chr7",6654742,6655805,-0.0527659910304224,0.105531982060845,76480,191905,285609,93705,6
"chr13",20701600,20702706,-0.0527584592471387,0.105516918494277,22963,224365,228559,4195,13
"chr4",140642973,140643117,0.0527560782893253,0.105512156578651,66606,119659,157462,37804,3
"chr17",47290960,47290984,-0.0527409182975782,0.105481836595156,37924,218455,256174,37720,2
"chr6",151239920,151240033,0.0527405766954807,0.105481153390961,75379,110698,114458,3761,10
"chr17",7264213,7264608,-0.0527400607464046,0.105480121492809,35484,229649,238082,8434,5
"chr12",10212850,10212865,-0.0527303202879984,0.105460640575997,18653,240187,246783,6597,13
"chr7",95435162,95435609,0.0527168994370626,0.105433798874125,78155,175843,177890,2048,13
"chr9",131502741,131502807,-0.0527166573093942,0.105433314618788,86141,177631,285960,108330,4
"chr15",40331513,40331642,0.052704569985577,0.105409139971154,28250,277801,282647,4847,6
"chr17",78278525,78279052,-0.052672408922244,0.105344817844488,39546,52149,120017,67869,4
"chr17",80178400,80178433,0.0526126094924655,0.105225218984931,39756,67953,201248,133296,8
"chr16",29987648,29987684,-0.0526105768601229,0.105221153720246,32555,129750,201473,71724,4
"chr1",100344144,100344179,0.0525776916249169,0.105155383249834,4228,233919,246638,12720,2
"chr8",143744426,143744578,-0.0525677932490331,0.105135586498066,83221,84262,135203,50942,2
"chr21",39312825,39313282,-0.0525200556624073,0.105040111324815,56254,138889,139059,171,15
"chr7",148697796,148698089,0.052513212513826,0.105026425027652,79775,95046,117840,22795,7
"chr18",56651259,56651318,-0.0524868085374065,0.104973617074813,41105,56929,63029,6101,13
"chr19",49064779,49064849,0.0524793411261713,0.104958682252343,46086,95224,208051,112828,7
"chr12",108339476,108339484,-0.0524423681612989,0.104884736322598,21571,79817,80093,277,15
"chr11",33891991,33892169,0.0523939379550953,0.104787875910191,14029,101693,138051,36359,6
"chr22",27801808,27802230,0.0523636979711284,0.104727395942257,57420,2121,94938,92818,6
"chr2",181891501,181891625,0.0523622762180762,0.104724552436152,51228,156560,213972,57413,5
"chr14",101064433,101064468,-0.0523461761138183,0.104692352227637,27316,118772,194908,76137,9
"chr9",127930896,127930902,0.0523161921514772,0.104632384302954,85790,62959,65203,2245,9
"chr2",27380966,27381019,0.0523004741766495,0.104600948353299,47994,161740,164442,2703,14
"chr15",85795194,85795197,-0.0522868380969777,0.104573676193955,30193,85036,99970,14935,16
"chr19",10096070,10096494,-0.0522376136489548,0.10447522729791,42853,166,76159,75994,2
"chr4",56530406,56530421,0.0522252324719674,0.104450464943935,65401,245980,287528,41549,12
"chr16",27550238,27550406,-0.0522116527605409,0.104423305521082,32389,98425,110912,12488,15
"chr14",81220513,81221615,0.0521860134331964,0.104372026866393,26647,293758,297972,4215,25
"chr4",2262093,2262113,-0.0521485967290136,0.104297193458027,64355,23976,25188,1213,12
"chr15",90184328,90184795,-0.0521376612868864,0.104275322573773,30381,4923,7496,2574,11
"chr3",4983076,4983278,-0.0521176822872326,0.104235364574465,59078,120370,160462,40093,4
"chr5",79991295,79991365,0.0520933160494321,0.104186632098864,68781,69688,148156,78469,8
"chr13",107868043,107868714,0.052073658309498,0.104147316618996,24411,209601,294622,85022,20
"chr16",30922146,30923335,-0.052066068750146,0.104132137500292,32709,76564,76608,45,20
"chr17",7281696,7281715,-0.0520563016364653,0.104112603272931,35485,22553,78663,56111,16
"chr2",158456978,158458152,-0.052024880575943,0.104049761151886,50654,61151,69288,8138,13
"chr11",2301287,2302708,0.0519704574038671,0.103940914807734,12933,49027,49231,205,38
"chr17",82457544,82457846,-0.0519547306831939,0.103909461366388,40151,295144,298493,3350,15
"chr2",118847325,118847865,-0.0519508867681311,0.103901773536262,50106,39264,87281,48018,18
"chr16",12901154,12902481,0.0518588851406948,0.10371777028139,31895,202005,296196,94192,14
"chr2",101151159,101152479,0.0518478091628724,0.103695618325745,49716,32544,32825,282,12
"chr15",69414200,69414484,-0.0518450417257416,0.103690083451483,29469,54843,60133,5291,18
"chr15",90871363,90871614,0.0518123915251018,0.103624783050204,30425,9732,57970,48239,11
"chr1",63623032,63623149,-0.0517475824760827,0.103495164952165,3587,241830,275464,33635,2
"chr10",129768844,129770754,-0.051623996297954,0.103247992595908,12351,45370,48742,3373,15
"chr5",115816734,115816795,-0.0515974768824339,0.103194953764868,69264,33100,33328,229,14
"chr10",13348394,13348458,0.0515338747141484,0.103067749428297,9269,190179,280850,90672,12
"chr6",158819251,158819534,-0.0515082378068408,0.103016475613682,75594,40900,41217,318,12
"chr1",114625626,114625815,0.0514595233509122,0.102919046701824,4657,244049,258550,14502,5
"chr12",8844933,8844959,0.0514222516387983,0.102844503277597,18557,271914,272357,444,6
"chr19",55038354,55038378,0.0513874333531205,0.102774866706241,46856,55074,113853,58780,10
"chr1",85404501,85405394,-0.0513586701307804,0.102717340261561,3928,248370,248875,506,6
"chr1",156295696,156295958,0.0513417075110103,0.102683415022021,5731,243085,247704,4620,10
"chr1",204257699,204257764,0.0513177302217066,0.102635460443413,7397,14722,38473,23752,7
"chr1",186680198,186680499,0.05117812601971,0.10235625203942,6957,94338,97458,3121,16
"chr12",10029838,10031481,0.0511276716756819,0.102255343351364,18638,185086,218609,33524,11
"chr15",26866288,26866972,0.0511196584003923,0.102239316800785,27938,77684,103805,26122,15
"chr4",2792889,2792910,-0.0511030141444395,0.102206028288879,64382,31681,39337,7657,9
"chr19",14581947,14582051,0.0510844098540779,0.102168819708156,43458,198349,211291,12943,7
"chr22",41800206,41800672,-0.0510560076466708,0.102112015293342,58407,296139,299237,3099,13
"chr12",82358614,82358729,-0.0510029006327015,0.102005801265403,21085,172984,195495,22512,21
"chr22",37806619,37806652,0.0509420588879642,0.101884117775928,58031,77233,203774,126542,3
"chr3",186439833,186440293,-0.0509412157952754,0.101882431590551,63672,241127,251276,10150,4
"chr4",187309236,187309434,-0.0509390501692146,0.101878100338429,67347,129858,150917,21060,2
"chr4",133148233,133148884,0.0509358542866794,0.101871708573359,66512,115169,126685,11517,16
"chr2",183078778,183078823,-0.0509054588957963,0.101810917791593,51258,89660,115678,26019,15
"chr15",39781869,39783100,0.0507179841867714,0.101435968373543,28199,205500,241752,36253,18
"chr2",177392589,177392998,0.0507069338538377,0.101413867707675,51118,35365,36840,1476,14
"chr18",9334490,9334701,-0.0506509481142089,0.101301896228418,40409,7777,23749,15973,10
"chr11",111347529,111347784,-0.0505155710498725,0.101031142099745,16892,286255,289739,3485,3
"chr5",24644879,24644984,0.0505072045713861,0.101014409142772,67849,141806,143863,2058,10
"chr2",58046285,58046899,0.0501945862514091,0.100389172502818,48697,95498,114620,19123,16
