term,perturbagen,cell_line,time,dose,n_up,n_down,k_downNdisUP,k_upNdisDOWN,p_rev_up,p_rev_down,or_rev_up,or_rev_down,reversal_score,mimic_score,net_score,p_combined,directional,fdr,z_vs_null,emp_p,library
CPC001 HA1E 24H-hemado-10.0,hemado,HA1E,24H,10.0,74,46,0,2,1.0,0.4858340389150258,0.0,1.242063492063492,0.3135120605578806,0.1932981984307902,0.1202138621270904,0.8365518973642119,True,1.0,-0.35304257801829975,0.5438187270909697,chem
CPC001 HA1E 24H-ici-89406-10.0,ici-89406,HA1E,24H,10.0,40,56,0,1,1.0,0.5892759104577799,0.0,1.1443898890707402,0.2296813124583833,0.906470724046693,-0.6767894115883097,0.9009208199692085,True,1.0,-0.5138260517502456,0.6151282905698101,chem
CPC001 HA1E 24H-n-benzylnaltrindole hydrochloride-10.0,n-benzylnaltrindole hydrochloride,HA1E,24H,10.0,110,101,0,2,1.0,0.7002958569376848,0.0,0.8232804232804233,0.1547184430000367,0.04798057836708278,0.10673786463295393,0.949777923000205,False,1.0,-0.6576013469214411,0.676107964011996,chem
CPC001 HA1E 24H-cilnidipine-10.0,cilnidipine,HA1E,24H,10.0,11,50,1,0,0.47259539417038376,1.0,1.598135550516503,0.0,0.3255105152388468,0.1729651157231477,0.15254539951569906,0.8268130429458003,True,1.0,-0.33003010029674357,0.5368210596467844,chem
CPC001 HA1E 24H-norketamine hydrochloride-10.0,norketamine hydrochloride,HA1E,24H,10.0,72,53,0,2,1.0,0.4714545127331613,0.0,1.2779591836734694,0.3265602028671769,0.4886055304624651,-0.16204532759528817,0.8259565562453897,True,1.0,-0.3280168482735593,0.5351549483505498,chem
CPC001 HA1E 24H-sdz 21009-10.0,sdz 21009,HA1E,24H,10.0,60,13,0,2,1.0,0.3805671096433224,0.0,1.5453201970443349,0.419568748150007,-0.0,0.419568748150007,0.7482302332463664,True,1.0,-0.14963078663923532,0.46217927357547484,chem
CPC001 HA1E 24H-brefeldin a-10.0,brefeldin a,HA1E,24H,10.0,102,211,3,1,0.5033974149280042,0.8977353449218803,1.129016553067186,0.4375394986307141,0.344940694776105,1.1731795023958262,-0.8282388076197212,0.8108556429213943,True,1.0,-0.2927639201413683,0.5188270576474509,chem
CPC001 HA1E 24H-trichostatin a-10.0,trichostatin a,HA1E,24H,10.0,198,200,0,3,1.0,0.8155528537087638,0.0,0.6792473713337023,0.08854788829598817,0.16992595620196532,-0.08137806790597715,0.9818351483241615,False,1.0,-0.7845133915504509,0.7257580806397868,chem
CPC001 HA1E 24H-geldanamycin-10.0,geldanamycin,HA1E,24H,10.0,122,166,1,3,0.8827685532033326,0.5038615951497613,0.4659184436962215,1.126836346049211,0.3518418888298439,0.010548883148500282,0.34129300568134363,0.8051405302950688,True,1.0,-0.27952775109822164,0.5114961679440186,chem
CPC001 HA1E 24H-vinblastine sulfate-10.0,vinblastine sulfate,HA1E,24H,10.0,140,175,2,2,0.6553250806369563,0.8176164573812933,0.8986994219653179,0.6412008281573499,0.2709935858149177,0.34690288323501306,-0.07590929742009533,0.8701390098321911,False,1.0,-0.4345910339481422,0.5844718427190936,chem
CPC001 HA1E 24H-taxol-10.0,taxol,HA1E,24H,10.0,112,116,0,2,1.0,0.7097304673085031,0.0,0.808051948051948,0.14890655097803113,0.9555952248420975,-0.8066886738640664,0.9530757558504807,False,1.0,-0.6687482853591603,0.6794401866044651,chem
CPC001 HA1E 24H-dpn-10.0,dpn,HA1E,24H,10.0,47,18,0,0,1.0,1.0,0.0,0.0,-0.0,-0.0,0.0,1.0,False,1.0,-0.9543441206638258,1.0,chem
CPC001 HA1E 24H-genistin-10.0,genistin,HA1E,24H,10.0,76,98,3,1,0.12718051458842247,0.8164888153230178,2.5171219187208527,0.5916784869976359,0.9836291822106904,0.2573301811929142,0.7262990010177762,0.3390309582257358,True,1.0,0.9322108769396888,0.15761412862379207,chem
CPC001 HA1E 24H-cyclosporine-10.0,cyclosporine,HA1E,24H,10.0,122,133,1,0,0.8196724897584244,1.0,0.5854844743733633,0.0,0.08635964066866184,0.24986690663599417,-0.16350726596733234,0.9826647096257128,False,1.0,-0.7887103486680188,0.7280906364545152,chem
CPC001 HA1E 24H-estradiol valerate-10.0,estradiol valerate,HA1E,24H,10.0,107,90,1,4,0.6850167188736285,0.20757260950986084,0.8743237619642114,1.7529196566765162,0.8471287836485059,0.06247474198817105,0.7846540416603348,0.41954592755303155,True,1.0,0.670409464639579,0.20359880039986672,chem
CPC001 HA1E 24H-lfm-a12-10.0,lfm-a12,HA1E,24H,10.0,62,79,3,0,0.07809505115713353,1.0,3.155896069287142,0.0,1.1073764862666928,0.0817388138362365,1.0256376724304563,0.2772240453046335,True,1.0,1.1695524474511743,0.12162612462512495,chem
CPC001 HA1E 24H-ro 60-0175-10.0,ro 60-0175,HA1E,24H,10.0,42,39,0,5,1.0,0.002094558255726707,0.0,6.209311501282304,2.6789075561484004,0.617941969997564,2.0609655861508362,0.015014657800784436,True,1.0,4.183675907179402,0.003998667110963012,chem
CPC001 HA1E 24H-kf 38789-10.0,kf 38789,HA1E,24H,10.0,95,94,0,0,1.0,1.0,0.0,0.0,-0.0,0.8212315029003774,-0.8212315029003774,1.0,False,1.0,-0.9543441206638258,1.0,chem
CPC001 HA1E 24H-lobelanidine hydrochloride-10.0,lobelanidine hydrochloride,HA1E,24H,10.0,85,60,1,1,0.5362204462844031,0.8500731001258712,1.325172630257376,0.5275244849712935,0.3412003567297059,0.665877599497775,-0.32467724276806914,0.8139434706196184,True,1.0,-0.29993771445509715,0.5208263912029324,chem
CPC001 HA1E 24H-fluticasone propionate-10.0,fluticasone propionate,HA1E,24H,10.0,20,58,0,1,1.0,0.35867553496041954,0.0,2.356476297125793,0.44529824527564915,0.13948074947219694,0.3058174958034522,0.7264388683586092,True,1.0,-0.10028280849251912,0.4428523825391536,chem
CPC001 HA1E 24H-rimcazole dihydrochloride-10.0,rimcazole dihydrochloride,HA1E,24H,10.0,87,20,0,3,1.0,0.29800421783834874,0.0,1.605344295991778,0.5257775890413382,-0.0,0.5257775890413382,0.6587823205039529,True,1.0,0.054072827687143034,0.38020659780073307,chem
CPC001 HA1E 24H-clobetasol propionate-10.0,clobetasol propionate,HA1E,24H,10.0,46,54,1,4,0.49901872549289583,0.01775226822874442,1.4765897973445143,4.340924775707385,2.052629306064479,0.15515819823734667,1.8974711078271325,0.0507281306975505,True,1.0,2.9825033678177855,0.013995334888370544,chem
CPC001 HA1E 24H-ginsenoside-rc-10.0,ginsenoside-rc,HA1E,24H,10.0,69,62,1,5,0.5480039676880454,0.017293054547214384,1.2813195709370573,3.574361313868613,2.023344585734525,0.12561615495840892,1.8977284307761162,0.05362770418317019,True,1.0,2.926336637010014,0.015661446184605132,chem
CPC001 HA1E 24H-bw-b 70c-10.0,bw-b 70c,HA1E,24H,10.0,47,57,1,1,0.5179739744277554,0.6487051647006395,1.3968253968253967,0.9691643539932162,0.4736447052050048,-0.0,0.4736447052050048,0.7024699394510747,True,1.0,-0.04591561747048719,0.41886037987337554,chem
CPC001 HA1E 24H-wortmannin-10.0,wortmannin,HA1E,24H,10.0,136,100,0,4,1.0,0.348807515995116,0.0,1.3614404918752745,0.4574141655971621,0.18755221079487303,0.26986195480228903,0.7161838137176086,True,1.0,-0.07704503713874057,0.4335221592802399,chem
CPC001 HA1E 24H-pd 166793-10.0,pd 166793,HA1E,24H,10.0,67,62,0,2,1.0,0.4344938346499571,0.0,1.3773626373626373,0.3620163816928742,0.3650545765724078,-0.0030381948795336067,0.7966763915144026,True,1.0,-0.260013547264119,0.5031656114628457,chem
CPC001 HA1E 24H-fr 139317-10.0,fr 139317,HA1E,24H,10.0,44,54,1,2,0.49901872549289583,0.2511692107532274,1.4765897973445143,2.139455782312925,0.9019167564201653,-0.0,0.9019167564201653,0.38563287695285,True,1.0,0.7754902468187315,0.18393868710429856,chem
CPC001 HA1E 24H-u 18666a-10.0,u 18666a,HA1E,24H,10.0,105,62,1,2,0.5480039676880454,0.6756058419855224,1.2813195709370573,0.8639389736477116,0.43152290082817735,0.25603498787745915,0.1754879129507182,0.7381065998397129,True,1.0,-0.12670327809741666,0.4525158280573142,chem
CPC001 HA1E 24H-sdz nkt 343-10.0,sdz nkt 343,HA1E,24H,10.0,51,56,0,1,1.0,0.6787445310778502,0.0,0.8910638297872341,0.16829365667717439,-0.0,0.16829365667717439,0.9417651400069137,False,1.0,-0.6315647188208182,0.6657780739753415,chem
CPC001 HA1E 24H-naltrindole hydrochloride-10.0,naltrindole hydrochloride,HA1E,24H,10.0,59,49,0,0,1.0,1.0,0.0,0.0,-0.0,0.5344919444562709,-0.5344919444562709,1.0,False,1.0,-0.9543441206638258,1.0,chem
CPC001 HA1E 24H-tenidap-10.0,tenidap,HA1E,24H,10.0,27,43,2,2,0.1026086474695751,0.11753764457351683,3.872560975609756,3.604,1.918639053674569,-0.0,1.918639053674569,0.06534107791652828,True,1.0,2.725516299064678,0.020993002332555816,chem
CPC001 HA1E 24H-sarmentogenin-10.0,sarmentogenin,HA1E,24H,10.0,143,256,2,3,0.8417207179818271,0.6120793371279276,0.6041338582677165,0.954573484069887,0.2880242644140104,0.2502412995211683,0.03778296489284211,0.856880600240876,False,1.0,-0.4019269849297027,0.571142952349217,chem
CPC001 HA1E 24H-ntncb hydrochloride-10.0,ntncb hydrochloride,HA1E,24H,10.0,131,45,0,2,1.0,0.7875586762202808,0.0,0.6869324473975637,0.10371707968518042,0.28771877785702094,-0.18400169817184053,0.9756413928606702,False,1.0,-0.7554195883749825,0.7194268577140953,chem
CPC001 HA1E 24H-ebpc-10.0,ebpc,HA1E,24H,10.0,42,45,1,1,0.4376233415150166,0.6072067945410671,1.7811447811447811,1.0882200311364816,0.5755628994969924,0.5802084966066449,-0.004645597109652511,0.6178923714840479,True,1.0,0.1495587363466107,0.34755081639453517,chem
"CPC001 HA1E 24H-l-732,138-10.0","l-732,138",HA1E,24H,10.0,76,65,0,4,1.0,0.08498648384953789,0.0,2.5201288244766507,1.070650138477656,0.377445042062586,0.6932050964150701,0.2945005221202495,True,1.0,1.0991130214782558,0.13328890369876709,chem
CPC001 HA1E 24H-ro 08-2750-10.0,ro 08-2750,HA1E,24H,10.0,97,146,2,1,0.5560250025873382,0.8855433919286201,1.0847222222222221,0.46069739952718675,0.3076958325810609,0.660713268161673,-0.35301743558061205,0.8412364701487847,True,1.0,-0.36419783261557565,0.5494835054981673,chem
CPC001 HA1E 24H-gr 32191 hydrochloride-10.0,gr 32191 hydrochloride,HA1E,24H,10.0,25,46,0,0,1.0,1.0,0.0,0.0,-0.0,0.7566261046292201,-0.7566261046292201,1.0,False,1.0,-0.9543441206638258,1.0,chem
CPC001 HA1E 24H-o-2050-10.0,o-2050,HA1E,24H,10.0,46,45,0,2,1.0,0.2675399479808848,0.0,2.0415584415584416,0.5726113617087648,0.19883252618512057,0.3737788355236442,0.6202877269843359,True,1.0,0.14389782422067948,0.3515494835054982,chem
CPC001 HA1E 24H-rottlerin ncgc00025228-11-10.0,rottlerin ncgc00025228-11,HA1E,24H,10.0,139,177,4,0,0.18580961120323025,1.0,1.8434859937750112,0.0,0.7309318254092728,1.3051528845759002,-0.5742210591666274,0.49853326751167004,True,1.0,0.44754910604399856,0.2562479173608797,chem
CPC001 HA1E 24H-jak3 inhibitor vi-10.0,jak3 inhibitor vi,HA1E,24H,10.0,145,240,3,1,0.5914646735716034,0.961323743286769,0.9862201570261176,0.30476753349093777,0.24520152049967475,0.18143006294860892,0.06377145755106584,0.8896129048966913,False,1.0,-0.484059014970858,0.6057980673108964,chem
CPC001 HA1E 24H-zk 164015-10.0,zk 164015,HA1E,24H,10.0,40,49,0,1,1.0,0.5892759104577799,0.0,1.1443898890707402,0.2296813124583833,0.9320386354179626,-0.7023573229595793,0.9009208199692085,True,1.0,-0.5138260517502456,0.6151282905698101,chem
CPC001 HA1E 24H-isoeugenitol-10.0,isoeugenitol,HA1E,24H,10.0,61,54,1,2,0.49901872549289583,0.3884098485330607,1.4765897973445143,1.5188861985472155,0.7125929239702835,-0.0,0.7125929239702835,0.5118509909784055,True,1.0,0.41237594649770837,0.26491169610129955,chem
CPC001 HA1E 24H-r(-)-n-allylnorapomorphine-10.0,r(-)-n-allylnorapomorphine,HA1E,24H,10.0,56,47,0,0,1.0,1.0,0.0,0.0,-0.0,0.8504752935578621,-0.8504752935578621,1.0,False,1.0,-0.9543441206638258,1.0,chem
CPC001 HA1E 24H-angiogenesis inhibitor-10.0,angiogenesis inhibitor,HA1E,24H,10.0,70,71,0,0,1.0,1.0,0.0,0.0,-0.0,-0.0,0.0,1.0,False,1.0,-0.9543441206638258,1.0,chem
CPC001 HA1E 24H-mibefradil dihydrochloride-10.0,mibefradil dihydrochloride,HA1E,24H,10.0,85,42,0,2,1.0,0.5604415890053939,0.0,1.0755593803786574,0.25146964425462504,0.216663377403777,0.03480626685084803,0.8849542247521202,True,1.0,-0.4720370453004158,0.6004665111629457,chem
CPC001 HA1E 24H-ic 261-10.0,ic 261,HA1E,24H,10.0,101,116,3,2,0.18139298908858134,0.6546948815405835,2.110115380306934,0.8994227994227995,0.9253405570219536,1.3805220624408883,-0.45518150541893465,0.3717898077648522,True,1.0,0.8204160063299072,0.1749416861046318,chem
CPC001 HA1E 24H-benzo[a]pyrene-10.0,benzo[a]pyrene,HA1E,24H,10.0,51,52,0,0,1.0,1.0,0.0,0.0,-0.0,0.16377284357838476,-0.16377284357838476,1.0,False,1.0,-0.9543441206638258,1.0,chem
CPC001 HA1E 24H-cdc-10.0,cdc,HA1E,24H,10.0,41,58,0,0,1.0,1.0,0.0,0.0,-0.0,0.5288156047426402,-0.5288156047426402,1.0,False,1.0,-0.9543441206638258,1.0,chem
CPC001 HA1E 24H-gbr 13069 dihydrochloride-10.0,gbr 13069 dihydrochloride,HA1E,24H,10.0,61,26,0,2,1.0,0.3884098485330607,0.0,1.5188861985472155,0.410709766639067,-0.0,0.410709766639067,0.7557267841575523,True,1.0,-0.1666219009182758,0.4708430523158947,chem
CPC001 HA1E 24H-gr 127935 hydrochloride-10.0,gr 127935 hydrochloride,HA1E,24H,10.0,134,112,0,2,1.0,0.7980288380697089,0.0,0.670995670995671,0.09798141442840695,0.03697596390601147,0.061005450522395484,0.9780725585564618,False,1.0,-0.7664203274242526,0.7224258580473175,chem
CPC001 HA1E 24H-dichlorobenzamil-10.0,dichlorobenzamil,HA1E,24H,10.0,129,110,1,3,0.7568751309894344,0.5416612129686181,0.7116321214180541,1.0630352860568688,0.38724802641362577,0.1547184430000367,0.23252958341358906,0.7755283920511719,True,1.0,-0.21162042686207078,0.485838053982006,chem
CPC001 HA1E 24H-cyclosporin a-10.0,cyclosporin a,HA1E,24H,10.0,87,68,0,2,1.0,0.5731589146951137,0.0,1.0499159663865547,0.2417249483526789,-0.0,0.2417249483526789,0.8921747319014167,True,1.0,-0.4907269185640632,0.6101299566811063,chem
CPC001 HA1E 24H-cosmosiin-10.0,cosmosiin,HA1E,24H,10.0,25,62,1,1,0.5480039676880454,0.42621022100959977,1.2813195709370573,1.864066193853428,0.6315924367192804,0.12561615495840892,0.5059762817608715,0.57323722405072,True,1.0,0.25702078136499296,0.3065644785071643,chem
CPC001 HA1E 24H-syrosingopine-10.0,syrosingopine,HA1E,24H,10.0,47,43,0,1,1.0,0.6487051647006395,0.0,0.9691643539932162,0.18795264439741394,0.5554829157605377,-0.3675302713631237,0.9294498119856278,False,1.0,-0.5938596952182346,0.6511162945684772,chem
"CPC001 HA1E 24H-ly-165,163-10.0","ly-165,163",HA1E,24H,10.0,54,47,0,1,1.0,0.6995871145504498,0.0,0.8402248093135287,0.15515819823734667,0.5595209518507488,-0.4043627536134021,0.9495250730711686,False,1.0,-0.6567579168406003,0.6757747417527491,chem
CPC001 HA1E 24H-ag 556-10.0,ag 556,HA1E,24H,10.0,74,62,0,2,1.0,0.4858340389150258,0.0,1.242063492063492,0.3135120605578806,-0.0,0.3135120605578806,0.8365518973642119,True,1.0,-0.35304257801829975,0.5438187270909697,chem
CPC001 HA1E 24H-fit-10.0,fit,HA1E,24H,10.0,137,107,0,3,1.0,0.5827896057307156,0.0,0.9982819714377752,0.23448820263651793,0.16388298632504048,0.07060521631147745,0.8974546380013391,False,1.0,-0.5046066600806025,0.6134621792735755,chem
CPC001 HA1E 24H-am 404-10.0,am 404,HA1E,24H,10.0,61,39,0,0,1.0,1.0,0.0,0.0,-0.0,0.6768239820868034,-0.6768239820868034,1.0,False,1.0,-0.9543441206638258,1.0,chem
CPC001 HA1E 24H-digoxin-10.0,digoxin,HA1E,24H,10.0,171,269,5,6,0.25398504358357354,0.17268666623872503,1.507280598189689,1.6489304812834225,1.3579330515085073,0.19294766014943493,1.1649853913590724,0.18099883609035972,True,1.0,1.6501082797587883,0.07664111962679107,chem
CPC001 HA1E 24H-arecaidine propargyl ester tosylate-10.0,arecaidine propargyl ester tosylate,HA1E,24H,10.0,44,49,1,1,0.4657772989980638,0.6243601472782201,1.631687242798354,1.037275276265875,0.5363865074935213,0.1777939356962094,0.35859257179731197,0.6499885485438872,True,1.0,0.07442023958494016,0.37387537487504163,chem
CPC001 HA1E 24H-sb 269970 hydrochloride-10.0,sb 269970 hydrochloride,HA1E,24H,10.0,90,58,1,1,0.5241335714508069,0.8660146882025537,1.372103097249296,0.49748983982787476,0.34303276425677764,0.30377957823385465,0.03925318602292299,0.8124316144191535,True,1.0,-0.29642324209054804,0.5201599466844385,chem
CPC001 HA1E 24H-levcromakalim-10.0,levcromakalim,HA1E,24H,10.0,47,43,0,2,1.0,0.27572684290809535,0.0,1.9958730158730158,0.5595209518507488,0.2105049319006799,0.3490160199500689,0.6309580328570098,True,1.0,0.11879102728444477,0.36054648450516497,chem
CPC001 HA1E 24H-resveratrol-10.0,resveratrol,HA1E,24H,10.0,81,88,1,1,0.6767684038226862,0.8359751513899556,0.8947069675039023,0.5542553191489362,0.2473665567144563,0.23700831763891578,0.01035823907554051,0.8880094836490883,False,1.0,-0.4799065762623917,0.6034655114961679,chem
CPC001 HA1E 24H-pdgf receptor tyrosine kinase inhibitor i-10.0,pdgf receptor tyrosine kinase inhibitor i,HA1E,24H,10.0,57,103,1,1,0.7337864634203204,0.7190863678527015,0.7613168724279835,0.7948328267477204,0.27764924853256656,0.045750584156238075,0.2318986643763285,0.8649920382013496,False,1.0,-0.42182578258164266,0.5784738420526491,chem
CPC001 HA1E 24H-h 89 dihydrochloride-10.0,h 89 dihydrochloride,HA1E,24H,10.0,88,71,0,2,1.0,0.5794175992733966,0.0,1.0375415282392026,0.23700831763891578,0.26935360461699687,-0.03234528697808109,0.8956242197497757,True,1.0,-0.49977319678132953,0.6121292902365878,chem
CPC001 HA1E 24H-zuclopenthixol hydrochloride-10.0,zuclopenthixol hydrochloride,HA1E,24H,10.0,65,42,0,1,1.0,0.7651538606375023,0.0,0.6945921985815603,0.1162512261443165,0.216663377403777,-0.1004121512594605,0.9699689761746659,False,1.0,-0.7313796787516905,0.7074308563812063,chem
CPC001 HA1E 24H-isoflupredone acetate-10.0,isoflupredone acetate,HA1E,24H,10.0,31,44,0,2,1.0,0.14733099266807473,0.0,3.1049261083743844,0.8317058850046023,0.6899547343511891,0.14175115065341315,0.4294806831467698,True,1.0,0.6408290627560199,0.21159613462179275,chem
CPC001 HA1E 24H-syk inhibitor-10.0,syk inhibitor,HA1E,24H,10.0,62,95,1,0,0.7047388892260853,1.0,0.8271604938271605,0.0,0.1519717624032751,1.5422621175093116,-1.3902903551060366,0.9513466991168715,False,1.0,-0.6628693524873144,0.676441186271243,chem
CPC001 HA1E 24H-nsc 693868-10.0,nsc 693868,HA1E,24H,10.0,63,43,0,1,1.0,0.754393433432854,0.0,0.7172271791352093,0.12240210054152371,1.8502478638650357,-1.727845763323512,0.9670126232559566,False,1.0,-0.7195825878931181,0.7030989670109964,chem
CPC001 HA1E 24H-ag 494-10.0,ag 494,HA1E,24H,10.0,35,51,1,2,0.4793275202099277,0.1784514501209019,1.565925925925926,2.726839826839827,1.0678475541762766,0.16829365667717439,0.8995538974991022,0.29585515043104543,True,1.0,1.093737795208444,0.13428857047650783,chem
CPC001 HA1E 24H-bapta-am-10.0,bapta-am,HA1E,24H,10.0,25,69,0,0,1.0,1.0,0.0,0.0,-0.0,0.1049698316977878,-0.1049698316977878,1.0,False,1.0,-0.9543441206638258,1.0,chem
CPC001 HA1E 24H-tms-10.0,tms,HA1E,24H,10.0,42,65,0,2,1.0,0.23483059403922776,0.0,2.2471428571428573,0.6292453232810424,0.377445042062586,0.25180028121845643,0.5750745050714916,True,1.0,0.252519127015029,0.311562812395868,chem
CPC001 HA1E 24H-aloisine-10.0,aloisine,HA1E,24H,10.0,47,34,0,0,1.0,1.0,0.0,0.0,-0.0,0.2753470641431871,-0.2753470641431871,1.0,False,1.0,-0.9543441206638258,1.0,chem
CPC001 HA1E 24H-oxindole i-10.0,oxindole i,HA1E,24H,10.0,28,36,0,0,1.0,1.0,0.0,0.0,-0.0,0.5218764302807071,-0.5218764302807071,1.0,False,1.0,-0.9543441206638258,1.0,chem
CPC001 HA1E 24H-jak3 inhibitor ii-10.0,jak3 inhibitor ii,HA1E,24H,10.0,55,69,0,0,1.0,1.0,0.0,0.0,-0.0,1.4940109924367098,-1.4940109924367098,1.0,False,1.0,-0.9543441206638258,1.0,chem
CPC001 HA1E 24H-metergoline-10.0,metergoline,HA1E,24H,10.0,71,30,0,2,1.0,0.4641759411062928,0.0,1.296687370600414,0.3333173733922878,-0.0,0.3333173733922878,0.8204270838871247,True,1.0,-0.3150569096560849,0.5288237254248583,chem
CPC001 HA1E 24H-cyclopamine-10.0,cyclopamine,HA1E,24H,10.0,46,45,0,2,1.0,0.2675399479808848,0.0,2.0415584415584416,0.5726113617087648,1.123644132625014,-0.5510327709162491,0.6202877269843359,True,1.0,0.14389782422067948,0.3515494835054982,chem
CPC001 HA1E 24H-ag-879-10.0,ag-879,HA1E,24H,10.0,51,61,1,0,0.5421496516795823,1.0,1.302880658436214,0.0,0.26588081691603516,0.410709766639067,-0.14482894972303184,0.8740608278188708,True,1.0,-0.4443970867698982,0.590803065644785,chem
CPC001 HA1E 24H-sb 225002-10.0,sb 225002,HA1E,24H,10.0,75,145,0,2,1.0,0.49293320212056363,0.0,1.224853228962818,0.3072119284224398,1.0062902428904184,-0.6990783144679786,0.8416250826695822,True,1.0,-0.3651259382729903,0.5521492835721427,chem
CPC001 HA1E 24H-vegf receptor 2 kinase inhibitor iv-10.0,vegf receptor 2 kinase inhibitor iv,HA1E,24H,10.0,47,36,2,1,0.07569943541980848,0.6487051647006395,4.675,0.9691643539932162,1.308860003932693,1.9307215986086994,-0.6218615946760064,0.1971022412288195,True,1.0,1.5559884581571988,0.08430523158947018,chem
CPC001 HA1E 24H-t 98475-10.0,t 98475,HA1E,24H,10.0,104,71,0,2,1.0,0.6704756738798134,0.0,0.8725490196078431,0.17361697454827255,0.09979367928482703,0.07382329526344551,0.9385102975229462,False,1.0,-0.6213548428683973,0.6604465178273908,chem
CPC001 HA1E 24H-lylamine hydrochloride-10.0,lylamine hydrochloride,HA1E,24H,10.0,148,112,0,2,1.0,0.8411014494298962,0.0,0.6052837573385519,0.07515161862491054,0.21862590254541686,-0.14347428392050632,0.986648164818503,False,1.0,-0.8102068133747361,0.7357547484171942,chem
CPC001 HA1E 24H-BRD-K62310379 (fluticasone propionate)-10.0,brd-k62310379 (fluticasone propionate),HA1E,24H,10.0,29,62,0,1,1.0,0.47511335427849205,0.0,1.596757852077001,0.3232027624497683,0.4020754070002483,-0.07887264455047999,0.8286935975885885,True,1.0,-0.3344562627532951,0.538487170943019,chem
CPC001 HA1E 24H-austricine hydrate-10.0,austricine hydrate,HA1E,24H,10.0,37,61,0,2,1.0,0.1943705538999421,0.0,2.570204081632653,0.7113695277194034,-0.0,0.7113695277194034,0.5127473578703943,True,1.0,0.4100295294201263,0.2652449183605465,chem
CPC001 HA1E 24H-cfm 1571 hydrochloride-10.0,cfm 1571 hydrochloride,HA1E,24H,10.0,52,19,0,2,1.0,0.31652561375974103,0.0,1.794857142857143,0.49959114041938535,-0.0,0.49959114041938535,0.6806412056898324,True,1.0,0.0038484378350625544,0.4031989336887704,chem
CPC001 HA1E 24H-diphenyleneiodonium chloride-10.0,diphenyleneiodonium chloride,HA1E,24H,10.0,74,97,2,3,0.34879505489622675,0.22091957808218016,1.6571052631578946,1.9032323437025027,1.1131954758570892,0.41150094963197503,0.7016945262251142,0.27456681901789076,True,1.0,1.1807129986947766,0.12095968010663112,chem
CPC001 HA1E 24H-lawsone-10.0,lawsone,HA1E,24H,10.0,43,43,0,2,1.0,0.24299369171813912,0.0,2.19198606271777,0.6144050008361067,-0.0,0.6144050008361067,0.5867616776915617,True,1.0,0.22405607917049664,0.31922692435854716,chem
"CPC001 HA1E 24H-ici-162,846-10.0","ici-162,846",HA1E,24H,10.0,52,50,0,1,1.0,0.6858468627899699,0.0,0.8734529272701989,0.16377284357838476,0.48635141259271647,-0.3225785690143317,0.9444803376759113,False,1.0,-0.6402354279650758,0.6704431856047984,chem
CPC001 HA1E 24H-gsk-3b inhibitor viii-10.0,gsk-3b inhibitor viii,HA1E,24H,10.0,69,86,1,2,0.6683067962120237,0.4494461875405671,0.9160493827160494,1.335820895522388,0.5223464215379643,0.06884464880481618,0.4535017727331481,0.6616346075130266,True,1.0,0.047492008087467605,0.38487170943018995,chem
CPC001 HA1E 24H-tyrphostin ag 1478-10.0,tyrphostin ag 1478,HA1E,24H,10.0,74,85,1,0,0.663994311241259,1.0,0.9271017048794826,0.0,0.1778356414258281,0.07054372650188606,0.10729191492394205,0.9358878285735732,False,1.0,-0.6132636361158793,0.6561146284571809,chem
CPC001 HA1E 24H-w-9 hydrochloride-10.0,w-9 hydrochloride,HA1E,24H,10.0,52,54,0,1,1.0,0.6858468627899699,0.0,0.8734529272701989,0.16377284357838476,1.2548159214993837,-1.091043077920999,0.9444803376759113,False,1.0,-0.6402354279650758,0.6704431856047984,chem
CPC001 HA1E 24H-cdk2/5 inhibitor-10.0,cdk2/5 inhibitor,HA1E,24H,10.0,54,68,1,2,0.5816087129141987,0.33271882252510226,1.1654689515386032,1.7252747252747254,0.7132917256449187,1.0303162443412157,-0.317024518696297,0.5113394300375935,True,1.0,0.4137162155904307,0.26457847384205263,chem
CPC001 HA1E 24H-peucedanin-10.0,peucedanin,HA1E,24H,10.0,37,37,0,0,1.0,1.0,0.0,0.0,-0.0,-0.0,0.0,1.0,False,1.0,-0.9543441206638258,1.0,chem
CPC001 HA1E 24H-jak3 inhibitor i-10.0,jak3 inhibitor i,HA1E,24H,10.0,46,50,0,1,1.0,0.6407694557263302,0.0,0.9908589440504334,0.1932981984307902,-0.0,0.1932981984307902,0.9259666814856249,False,1.0,-0.5836071713413398,0.6467844051982673,chem
CPC001 HA1E 24H-arp 101-10.0,arp 101,HA1E,24H,10.0,146,108,1,3,0.7504881416164202,0.6262048296497553,0.7251644167532018,0.9340946822961211,0.3279397527863548,0.11235976555662637,0.21557998722972843,0.8248298825797774,False,1.0,-0.32537093572690295,0.5321559480173276,chem
CPC001 HA1E 24H-purmorphamine-10.0,purmorphamine,HA1E,24H,10.0,33,47,0,0,1.0,1.0,0.0,0.0,-0.0,-0.0,0.0,1.0,False,1.0,-0.9543441206638258,1.0,chem
CPC001 HA1E 24H-imd 0354-10.0,imd 0354,HA1E,24H,10.0,141,189,1,2,0.9132808344702007,0.8207121089750633,0.4074074074074074,0.6364850976361768,0.12520481493269198,0.2988665800857228,-0.17366176515303083,0.9656292639252524,False,1.0,-0.714207112117145,0.700433188937021,chem
CPC001 HA1E 24H-homoharringtonine-10.0,homoharringtonine,HA1E,24H,10.0,183,251,1,7,0.9617387415223011,0.10679170469294277,0.30330864197530866,1.8136363636363637,0.988405369891182,0.2606479414671343,0.7277574284240477,0.33645238024143975,True,1.0,0.941371382647615,0.15661446184605132,chem
CPC001 HA1E 24H-gangleoidin acetate-10.0,gangleoidin acetate,HA1E,24H,10.0,38,56,0,0,1.0,1.0,0.0,0.0,-0.0,-0.0,0.0,1.0,False,1.0,-0.9543441206638258,1.0,chem
CPC001 HA1E 24H-leflunomide-10.0,leflunomide,HA1E,24H,10.0,31,40,0,2,1.0,0.14733099266807473,0.0,3.1049261083743844,0.8317058850046023,0.2296813124583833,0.602024572546219,0.4294806831467698,True,1.0,0.6408290627560199,0.21159613462179275,chem
CPC001 HA1E 24H-herniarin-10.0,herniarin,HA1E,24H,10.0,44,44,0,2,1.0,0.2511692107532274,0.0,2.139455782312925,0.6000335990889489,0.20456482561205844,0.39546877347689047,0.5981917306989533,True,1.0,0.19649239940274754,0.3338887037654115,chem
CPC001 HA1E 24H-BRD-K81209512 (ag 494)-10.0,brd-k81209512 (ag 494),HA1E,24H,10.0,50,51,0,1,1.0,0.6714827869538534,0.0,0.9093935446519034,0.1729651157231477,0.16829365667717439,0.004671459045973325,0.9389121529512973,False,1.0,-0.6226050777602773,0.6624458513828724,chem
CPC001 HA1E 24H-vorinostat-10.0,vorinostat,HA1E,24H,10.0,243,187,0,6,1.0,0.4433867385954649,0.0,1.1345867460908414,0.3532173004884234,0.12216839796587928,0.23104890252254415,0.8039988886571481,True,1.0,-0.27688977554281613,0.5104965011662779,chem
CPC001 HA1E 24H-halcinonide-10.0,halcinonide,HA1E,24H,10.0,45,45,0,3,1.0,0.0752239037430385,0.0,3.2322713257965057,1.123644132625014,0.19883252618512057,0.9248116064398934,0.2698496740351043,True,1.0,1.2007530361400565,0.11896034655114962,chem
CPC001 HA1E 24H-pd 407824-10.0,pd 407824,HA1E,24H,10.0,158,154,0,3,1.0,0.6791614646460962,0.0,0.8601067533070318,0.16802696376283446,0.6690334417766973,-0.5010064780138629,0.9419265780988276,False,1.0,-0.6320762234197795,0.6657780739753415,chem
CPC001 HA1E 24H-fk 888-10.0,fk 888,HA1E,24H,10.0,30,51,0,1,1.0,0.4866779630748387,0.0,1.5414526779163609,0.31275831829660106,-0.0,0.31275831829660106,0.8371603837039141,True,1.0,-0.3544882205995071,0.5474841719426857,chem
CPC001 HA1E 24H-r(+)-skf-81297-10.0,r(+)-skf-81297,HA1E,24H,10.0,82,58,1,1,0.5241335714508069,0.8396184375627423,1.372103097249296,0.5473251028806584,0.3564760553836847,0.6945209184919089,-0.3380448631082242,0.8012907202669449,True,1.0,-0.2706396353021586,0.509830056647784,chem
CPC001 HA1E 24H-strophanthidin-10.0,strophanthidin,HA1E,24H,10.0,67,184,1,1,0.9073983126015337,0.7754460309199388,0.41887607097078866,0.6733290350311627,0.1526504552783058,0.4770673450172308,-0.324416889738925,0.9509607545508886,False,1.0,-0.6615676511364562,0.676107964011996,chem
CPC001 HA1E 24H-caffeic acid phenethyl ester-10.0,caffeic acid phenethyl ester,HA1E,24H,10.0,136,102,1,2,0.7303159530865316,0.8047547894910038,0.768976897689769,0.6607675906183369,0.2308256424225992,0.46654270956934724,-0.23571706714674803,0.9000987003362977,False,1.0,-0.5116312801310802,0.6147950683105632,chem
CPC001 HA1E 24H-mdm2 inhibitor-10.0,mdm2 inhibitor,HA1E,24H,10.0,54,88,1,2,0.6767684038226862,0.33271882252510226,0.8947069675039023,1.7252747252747254,0.6474825549185348,1.1976743359283188,-0.550191781009784,0.5608812113945043,True,1.0,0.2874972886133238,0.29656781072975674,chem
CPC001 HA1E 24H-nnc 05-2090 hydrochloride-10.0,nnc 05-2090 hydrochloride,HA1E,24H,10.0,87,45,3,1,0.018969221976527027,0.8566640097411657,5.741410488245931,0.5150915388421573,1.7891399596948427,0.3710985222096044,1.4180414374852384,0.08319554244114537,True,1.0,2.477143063143085,0.029656781072975674,chem
CPC001 HA1E 24H-cabergoline-10.0,cabergoline,HA1E,24H,10.0,50,70,1,1,0.592252218742723,0.6714827869538534,1.1313293970298801,0.9093935446519034,0.4004584193365064,-0.0,0.4004584193365064,0.7643903690415428,True,1.0,-0.18628350799092214,0.47550816394535156,chem
CPC001 HA1E 24H-olvanil-10.0,olvanil,HA1E,24H,10.0,107,107,1,2,0.7472327760814235,0.685672945132456,0.7321220591660843,0.8472108843537415,0.29042707310419363,0.5052692545156562,-0.21484218141146255,0.8549875565956919,False,1.0,-0.39731850967832555,0.5674775074975008,chem
CPC001 HA1E 24H-rs 504393-10.0,rs 504393,HA1E,24H,10.0,69,43,0,4,1.0,0.06422243114711439,0.0,2.794648829431438,1.1923132581934983,-0.0,1.1923132581934983,0.2405388692343518,True,1.0,1.3324572234142995,0.10529823392202599,chem
CPC001 HA1E 24H-mpmq hydrochloride-10.0,mpmq hydrochloride,HA1E,24H,10.0,71,25,0,3,1.0,0.20373137868582933,0.0,1.9881506559458315,0.6909420758570222,-0.0,0.6909420758570222,0.5278584113147143,True,1.0,0.3708506273539349,0.2745751416194602,chem
CPC001 HA1E 24H-piretanide-10.0,piretanide,HA1E,24H,10.0,95,75,0,2,1.0,0.6213536046765916,0.0,0.9583717357910906,0.2066611778354322,0.45918369082571486,-0.25252251299028267,0.9170277915371142,False,1.0,-0.5579775986988922,0.6331222925691437,chem
CPC001 HA1E 24H-xaliproden hydrochloride-10.0,xaliproden hydrochloride,HA1E,24H,10.0,50,62,0,0,1.0,1.0,0.0,0.0,-0.0,-0.0,0.0,1.0,False,1.0,-0.9543441206638258,1.0,chem
CPC001 HA1E 24H-emd 41000-10.0,emd 41000,HA1E,24H,10.0,25,22,0,1,1.0,0.42621022100959977,0.0,1.864066193853428,0.3703761396174927,-0.0,0.3703761396174927,0.789691920411482,True,1.0,-0.24397992059192203,0.4971676107964012,chem
CPC001 HA1E 24H-ag 592-10.0,ag 592,HA1E,24H,10.0,157,200,2,5,0.7262216472407699,0.2614262263995196,0.782070707070707,1.483864771417595,0.7215816557121048,0.25204060143642243,0.4695410542756823,0.5052953842215533,True,1.0,0.42961591568156077,0.26124625124958345,chem
CPC001 HA1E 24H-tws119-10.0,tws119,HA1E,24H,10.0,120,133,0,4,1.0,0.2692697359387905,0.0,1.553223388305847,0.5698124555501524,0.24986690663599417,0.31994554891415816,0.6225628488704069,True,1.0,0.13852965245752968,0.3535488170609797,chem
CPC001 HA1E 24H-mevastatin-10.0,mevastatin,HA1E,24H,10.0,153,137,1,1,0.8288230065445203,0.9677477168408208,0.5679012345679012,0.2883538633818589,0.0957760468629571,0.451206490585717,-0.3554304437227599,0.9789788301188961,False,1.0,-0.7706501197864529,0.7240919693435521,chem
CPC001 HA1E 24H-y 134-10.0,y 134,HA1E,24H,10.0,106,63,0,3,1.0,0.4121923705851255,0.0,1.305231542921003,0.38490005099311,0.7966751163001377,-0.4117750653070277,0.777504091245046,True,1.0,-0.2161237344539306,0.4878373875374875,chem
CPC001 HA1E 24H-BRD-K94841585-10.0,brd-k94841585,HA1E,24H,10.0,46,37,0,1,1.0,0.6407694557263302,0.0,0.9908589440504334,0.1932981984307902,-0.0,0.1932981984307902,0.9259666814856249,False,1.0,-0.5836071713413398,0.6467844051982673,chem
CPC001 HA1E 24H-dehydroisoandosterone 3-acetate-10.0,dehydroisoandosterone 3-acetate,HA1E,24H,10.0,37,39,1,2,0.3926227282495143,0.1943705538999421,2.064327485380117,2.570204081632653,1.11739409117258,0.4238359719820018,0.6935581191905782,0.27266296903444437,True,1.0,1.1887657474843676,0.11996001332889036,chem
CPC001 HA1E 24H-sr 49059-10.0,sr 49059,HA1E,24H,10.0,41,57,1,3,0.5179739744277554,0.06013912660815709,1.3968253968253967,3.574782279439606,1.5065349441932787,0.14321894434703947,1.3633159998462392,0.13920925608977383,True,1.0,1.9351197946344698,0.05664778407197601,chem
CPC001 HA1E 24H-src kinase inhibitor ii-10.0,src kinase inhibitor ii,HA1E,24H,10.0,86,103,1,1,0.7337864634203204,0.853405330487763,0.7613168724279835,0.5212348769294952,0.20327495299034326,0.3520192250961801,-0.14874427210583685,0.9193232093317252,False,1.0,-0.5644722203714153,0.6381206264578474,chem
CPC001 HA1E 24H-pi 828-10.0,pi 828,HA1E,24H,10.0,104,152,2,3,0.5781009506325909,0.40033485559437765,1.0403333333333333,1.3315050929553387,0.6355729123900383,0.6184906724313792,0.017082239958659096,0.5701284697028728,True,1.0,0.2646551484672685,0.3052315894701766,chem
"CPC001 HA1E 6H-cp 55,940-10.0","cp 55,940",HA1E,6H,10.0,51,48,0,0,1.0,1.0,0.0,0.0,-0.0,2.0082204708746065,-2.0082204708746065,1.0,False,1.0,-0.9543441206638258,1.0,chem
CPC001 HA1E 6H-n-benzylnaltrindole hydrochloride-10.0,n-benzylnaltrindole hydrochloride,HA1E,6H,10.0,67,35,1,0,0.3606648044546297,1.0,2.308641975308642,0.0,0.44289623632572833,-0.0,0.44289623632572833,0.7284730339492311,True,1.0,-0.10488974987928945,0.44518493835388206,chem
CPC001 HA1E 6H-ub 165 fumarate-10.0,ub 165 fumarate,HA1E,6H,10.0,40,39,1,1,0.3926227282495143,0.5892759104577799,2.064327485380117,1.1443898890707402,0.6357058759115598,-0.0,0.6357058759115598,0.5700247800796238,True,1.0,0.2649101663139956,0.3052315894701766,chem
CPC001 HA1E 6H-brefeldin a-10.0,brefeldin a,HA1E,6H,10.0,103,77,1,1,0.627440793597535,0.9000143124393147,1.0259909031838856,0.4331803643443193,0.24817783285098388,0.7194762013509999,-0.471298368500016,0.887407090125907,True,1.0,-0.47835058638583805,0.6021326224591803,chem
CPC001 HA1E 6H-trichostatin a-10.0,trichostatin a,HA1E,6H,10.0,142,103,1,4,0.7337864634203204,0.37892968055996984,0.7613168724279835,1.3009871875656376,0.5558716804397562,0.12166861727131618,0.43420306316844004,0.6339457418173722,True,1.0,0.11179189453957564,0.3608797067644119,chem
CPC001 HA1E 6H-geldanamycin-10.0,geldanamycin,HA1E,6H,10.0,99,61,0,1,1.0,0.8905843608057327,0.0,0.45115067303517153,0.05032493560880137,1.2723078618543762,-1.2219829262455748,0.9937830024632113,False,1.0,-0.8578232360724583,0.7470843052315894,chem
CPC001 HA1E 6H-vinblastine sulfate-10.0,vinblastine sulfate,HA1E,6H,10.0,119,37,2,1,0.07938717791350901,0.930317669755902,4.5407142857142855,0.37348238971030173,1.1316183665526311,0.10586412482093058,1.0257542417317005,0.266296163528961,True,1.0,1.2160472457266356,0.1169610129956681,chem
CPC001 HA1E 6H-cyclosporine-10.0,cyclosporine,HA1E,6H,10.0,78,42,0,2,1.0,0.5138589275695541,0.0,1.17593984962406,0.2891560938204769,0.199134210242939,0.0900218835775379,0.855989547373036,True,1.0,-0.3997561887985783,0.5704765078307231,chem
CPC001 HA1E 6H-estradiol valerate-10.0,estradiol valerate,HA1E,6H,10.0,83,71,0,0,1.0,1.0,0.0,0.0,-0.0,0.09979367928482703,-0.09979367928482703,1.0,False,1.0,-0.9543441206638258,1.0,chem
CPC001 HA1E 6H-cucurbitacin i-10.0,cucurbitacin i,HA1E,6H,10.0,85,51,1,1,0.4793275202099277,0.8500731001258712,1.565925925925926,0.5275244849712935,0.3899113621205674,0.16829365667717439,0.221617705443393,0.773285766033192,True,1.0,-0.2065122729163592,0.48450516494501833,chem
CPC001 HA1E 6H-kf 38789-10.0,kf 38789,HA1E,6H,10.0,62,50,0,0,1.0,1.0,0.0,0.0,-0.0,0.1729651157231477,-0.1729651157231477,1.0,False,1.0,-0.9543441206638258,1.0,chem
CPC001 HA1E 6H-rimcazole dihydrochloride-10.0,rimcazole dihydrochloride,HA1E,6H,10.0,62,52,1,0,0.4859747478827887,1.0,1.5349794238683128,0.0,0.31338629686956876,0.4249891406801726,-0.11160284381060381,0.8366534531329213,True,1.0,-0.3532837869199801,0.5451516161279574,chem
CPC001 HA1E 6H-wortmannin-10.0,wortmannin,HA1E,6H,10.0,76,63,0,1,1.0,0.8164888153230178,0.0,0.5916784869976359,0.08804976007215684,-0.0,0.08804976007215684,0.9820254437778243,False,1.0,-0.7854687783030118,0.7280906364545152,chem
CPC001 HA1E 6H-fr 139317-10.0,fr 139317,HA1E,6H,10.0,42,57,0,0,1.0,1.0,0.0,0.0,-0.0,-0.0,0.0,1.0,False,1.0,-0.9543441206638258,1.0,chem
CPC001 HA1E 6H-sarmentogenin-10.0,sarmentogenin,HA1E,6H,10.0,122,93,0,3,1.0,0.5038615951497613,0.0,1.126836346049211,0.29768874275589374,0.39532314741665725,-0.09763440466076351,0.8492353703950241,True,1.0,-0.3833909652132751,0.5598133955348217,chem
CPC001 HA1E 6H-ntncb hydrochloride-10.0,ntncb hydrochloride,HA1E,6H,10.0,53,37,1,2,0.3768461025365561,0.3246343487509062,2.179698216735254,1.7593837535014005,0.9124415024444669,1.550965142856324,-0.6385236404118572,0.37936446724107614,True,1.0,0.7956762199168749,0.1792735754748417,chem
CPC001 HA1E 6H-dibutyrylcyclic amp-10.0,dibutyrylcyclic amp,HA1E,6H,10.0,84,19,0,3,1.0,0.2799624355993186,0.0,1.6656008526512123,0.5529002368947883,0.18070193790869757,0.3721982989860907,0.6363825685150029,True,1.0,0.10609280409854478,0.36254581806064645,chem
"CPC001 HA1E 6H-l-732,138-10.0","l-732,138",HA1E,6H,10.0,61,31,0,0,1.0,1.0,0.0,0.0,-0.0,-0.0,0.0,1.0,False,1.0,-0.9543441206638258,1.0,chem
CPC001 HA1E 6H-talniflumate-10.0,talniflumate,HA1E,6H,10.0,60,17,0,0,1.0,1.0,0.0,0.0,-0.0,-0.0,0.0,1.0,False,1.0,-0.9543441206638258,1.0,chem
CPC001 HA1E 6H-esculin hydrate-10.0,esculin hydrate,HA1E,6H,10.0,65,24,1,0,0.26396306020823945,1.0,3.418679549114332,0.0,0.5784568453658027,-0.0,0.5784568453658027,0.6155476311933638,True,1.0,0.15510918985118016,0.34588470509830055,chem
CPC001 HA1E 6H-ro 08-2750-10.0,ro 08-2750,HA1E,6H,10.0,52,43,1,0,0.4230017123766502,1.0,1.866549088771311,0.0,0.37365787452986343,-0.0,0.37365787452986343,0.7869435245693329,True,1.0,-0.2376857057478399,0.493835388203932,chem
CPC001 HA1E 6H-o-2050-10.0,o-2050,HA1E,6H,10.0,55,68,0,0,1.0,1.0,0.0,0.0,-0.0,-0.0,0.0,1.0,False,1.0,-0.9543441206638258,1.0,chem
CPC001 HA1E 6H-rottlerin ncgc00025228-11-10.0,rottlerin ncgc00025228-11,HA1E,6H,10.0,80,49,0,1,1.0,0.8322496989743087,0.0,0.5613609839303348,0.0797463532560896,0.19274439605369217,-0.11299804279760257,0.9850696892279829,False,1.0,-0.801394326171346,0.7337554148617128,chem
CPC001 HA1E 6H-jak3 inhibitor vi-10.0,jak3 inhibitor vi,HA1E,6H,10.0,149,151,2,2,0.5744768279694653,0.8438378208771122,1.04748322147651,0.6010689990281827,0.31446849767940827,0.43407261955687315,-0.11960412187746489,0.8357791926357069,True,1.0,-0.35120817612768457,0.5434855048317228,chem
CPC001 HA1E 6H-zk 164015-10.0,zk 164015,HA1E,6H,10.0,67,32,2,0,0.06154225736877681,1.0,5.301666666666667,0.0,1.2108265778834364,-0.0,1.2108265778834364,0.23312399278133478,True,1.0,1.3679649090492334,0.10129956681106297,chem
CPC001 HA1E 6H-ryuvidine-10.0,ryuvidine,HA1E,6H,10.0,58,36,0,0,1.0,1.0,0.0,0.0,-0.0,-0.0,0.0,1.0,False,1.0,-0.9543441206638258,1.0,chem
CPC001 HA1E 6H-r(-)-n-allylnorapomorphine-10.0,r(-)-n-allylnorapomorphine,HA1E,6H,10.0,58,17,0,0,1.0,1.0,0.0,0.0,-0.0,-0.0,0.0,1.0,False,1.0,-0.9543441206638258,1.0,chem
CPC001 HA1E 6H-selinidin-10.0,selinidin,HA1E,6H,10.0,63,43,0,1,1.0,0.754393433432854,0.0,0.7172271791352093,0.12240210054152371,0.2105049319006799,-0.08810283135915618,0.9670126232559566,False,1.0,-0.7195825878931181,0.7030989670109964,chem
CPC001 HA1E 6H-ag 825-10.0,ag 825,HA1E,6H,10.0,51,23,0,0,1.0,1.0,0.0,0.0,-0.0,-0.0,0.0,1.0,False,1.0,-0.9543441206638258,1.0,chem
CPC001 HA1E 6H-angiogenesis inhibitor-10.0,angiogenesis inhibitor,HA1E,6H,10.0,106,108,2,2,0.3989086638367877,0.680671485666299,1.4825471698113208,0.8554945054945055,0.5661889734632467,0.16910160790476425,0.39708736555848245,0.625513412583087,True,1.0,0.13157998243613492,0.35421526157947353,chem
CPC001 HA1E 6H-mibefradil dihydrochloride-10.0,mibefradil dihydrochloride,HA1E,6H,10.0,38,55,0,0,1.0,1.0,0.0,0.0,-0.0,0.1510527550752136,-0.1510527550752136,1.0,False,1.0,-0.9543441206638258,1.0,chem
CPC001 HA1E 6H-ic 261-10.0,ic 261,HA1E,6H,10.0,40,42,0,1,1.0,0.5892759104577799,0.0,1.1443898890707402,0.2296813124583833,-0.0,0.2296813124583833,0.9009208199692085,True,1.0,-0.5138260517502456,0.6151282905698101,chem
CPC001 HA1E 6H-saquinavir mesylate-10.0,saquinavir mesylate,HA1E,6H,10.0,84,17,0,0,1.0,1.0,0.0,0.0,-0.0,-0.0,0.0,1.0,False,1.0,-0.9543441206638258,1.0,chem
CPC001 HA1E 6H-cdc-10.0,cdc,HA1E,6H,10.0,92,38,0,1,1.0,0.8719093541651274,0.0,0.48640012469799704,0.05952866304010019,0.4029506144325386,-0.3434219513924384,0.991421805527956,False,1.0,-0.8401709151611637,0.7447517494168611,chem
CPC001 HA1E 6H-gbr 13069 dihydrochloride-10.0,gbr 13069 dihydrochloride,HA1E,6H,10.0,83,22,0,1,1.0,0.8431813571287766,0.0,0.5405639162774607,0.07407900434405931,-0.0,0.07407900434405931,0.9870055087593451,False,1.0,-0.812264037650548,0.7374208597134289,chem
CPC001 HA1E 6H-gr 127935 hydrochloride-10.0,gr 127935 hydrochloride,HA1E,6H,10.0,113,91,0,3,1.0,0.45307946040599706,0.0,1.2207979071288424,0.3438256253832172,0.6076143527490907,-0.2637887273658735,0.8117769233341258,True,1.0,-0.29490257134638775,0.5198267244251916,chem
CPC001 HA1E 6H-er 27319 maleate-10.0,er 27319 maleate,HA1E,6H,10.0,140,207,1,0,0.9315596765850828,1.0,0.3707299532542251,0.0,0.030789318565438914,0.3496535318765181,-0.31886421331107917,0.997602624032628,False,1.0,-0.8952916404579329,0.7560813062312562,chem
CPC001 HA1E 6H-dichlorobenzamil-10.0,dichlorobenzamil,HA1E,6H,10.0,68,28,0,1,1.0,0.7804228786816634,0.0,0.6631734942309728,0.10767000742262935,0.3341469962601578,-0.22647698883752848,0.9739048146533101,False,1.0,-0.747838056926831,0.716427857380873,chem
CPC001 HA1E 6H-cosmosiin-10.0,cosmosiin,HA1E,6H,10.0,93,41,0,2,1.0,0.6097068788929911,0.0,0.9797488226059654,0.21487890511189192,0.3798181500817268,-0.1649392449698349,0.9113757971844759,False,1.0,-0.5422163802003676,0.6264578473842053,chem
CPC001 HA1E 6H-syrosingopine-10.0,syrosingopine,HA1E,6H,10.0,90,70,0,4,1.0,0.13486839544216853,0.0,2.1051567239635998,0.8700898093581667,-0.0,0.8700898093581667,0.40507126784444764,True,1.0,0.7144476434432098,0.19826724425191602,chem
CPC001 HA1E 6H-ag 556-10.0,ag 556,HA1E,6H,10.0,64,25,0,1,1.0,0.759833479050158,0.0,0.7057300461555781,0.1192815748949867,-0.0,0.1192815748949867,0.968526285004875,False,1.0,-0.7255676108673179,0.7060979673442186,chem
CPC001 HA1E 6H-ikk 16-10.0,ikk 16,HA1E,6H,10.0,147,129,0,4,1.0,0.4039454205216824,0.0,1.2544846457889935,0.3936773110467009,0.02483433911959801,0.3688429719271029,0.7701120507392654,True,1.0,-0.19928935812712006,0.4805064978340553,chem
CPC001 HA1E 6H-z-leu3-vs-10.0,z-leu3-vs,HA1E,6H,10.0,75,79,0,2,1.0,0.49293320212056363,0.0,1.224853228962818,0.3072119284224398,0.0817388138362365,0.22547311458620328,0.8416250826695822,True,1.0,-0.3651259382729903,0.5521492835721427,chem
CPC001 HA1E 6H-fit-10.0,fit,HA1E,6H,10.0,61,33,0,0,1.0,1.0,0.0,0.0,-0.0,0.7435994996474524,-0.7435994996474524,1.0,False,1.0,-0.9543441206638258,1.0,chem
CPC001 HA1E 6H-digoxin-10.0,digoxin,HA1E,6H,10.0,121,95,0,8,1.0,0.004920612456831591,0.0,3.285695416721701,2.307980838275664,0.10280093193602176,2.2051799063396422,0.031070332833609927,True,1.0,3.472255723635488,0.007664111962679107,chem
CPC001 HA1E 6H-sb 269970 hydrochloride-10.0,sb 269970 hydrochloride,HA1E,6H,10.0,66,50,0,1,1.0,0.7703571921696406,0.0,0.6837970540098199,0.11330785843939327,-0.0,0.11330785843939327,0.9713441429952586,False,1.0,-0.7370249210380446,0.7110963012329223,chem
CPC001 HA1E 6H-levcromakalim-10.0,levcromakalim,HA1E,6H,10.0,56,22,0,0,1.0,1.0,0.0,0.0,-0.0,0.4127517643182056,-0.4127517643182056,1.0,False,1.0,-0.9543441206638258,1.0,chem
CPC001 HA1E 6H-resveratrol-10.0,resveratrol,HA1E,6H,10.0,39,54,1,1,0.49901872549289583,0.5800080222144941,1.4765897973445143,1.1746920492721165,0.5384491569072563,1.5213589714423548,-0.9829098145350985,0.6482834448936444,True,1.0,0.07837630517364089,0.37320893035654784,chem
CPC001 HA1E 6H-wr 216174-10.0,wr 216174,HA1E,6H,10.0,167,77,1,1,0.627440793597535,0.9765431202953275,1.0259909031838856,0.26343672562590786,0.2127358239148465,0.13929279966421165,0.07344302425063484,0.9128606518557413,True,1.0,-0.5463267102065081,0.6271242919026991,chem
CPC001 HA1E 6H-pdgf receptor tyrosine kinase inhibitor i-10.0,pdgf receptor tyrosine kinase inhibitor i,HA1E,6H,10.0,100,62,0,2,1.0,0.6493035677401624,0.0,0.9087463556851312,0.18755221079487303,0.5661731262982657,-0.3786209155033926,0.9297085111163362,False,1.0,-0.5946277082334485,0.6514495168277241,chem
CPC001 HA1E 6H-h 89 dihydrochloride-10.0,h 89 dihydrochloride,HA1E,6H,10.0,51,50,1,1,0.47259539417038376,0.6787445310778502,1.598135550516503,0.8910638297872341,0.49380417191602116,0.1729651157231477,0.32083905619287345,0.6854971594750625,True,1.0,-0.0072506984537359185,0.4068643785404865,chem
CPC001 HA1E 6H-arachidonamide-10.0,arachidonamide,HA1E,6H,10.0,75,40,0,1,1.0,0.8123241056819546,0.0,0.5997699827487062,0.09027065890486403,0.2296813124583833,-0.13941065355351928,0.9811704422572142,False,1.0,-0.7812091976929704,0.7254248583805398,chem
CPC001 HA1E 6H-syk inhibitor-10.0,syk inhibitor,HA1E,6H,10.0,31,51,0,0,1.0,1.0,0.0,0.0,-0.0,0.4853899087391307,-0.4853899087391307,1.0,False,1.0,-0.9543441206638258,1.0,chem
CPC001 HA1E 6H-ag 494-10.0,ag 494,HA1E,6H,10.0,69,28,0,0,1.0,1.0,0.0,0.0,-0.0,0.2313882898700793,-0.2313882898700793,1.0,False,1.0,-0.9543441206638258,1.0,chem
CPC001 HA1E 6H-bapta-am-10.0,bapta-am,HA1E,6H,10.0,83,106,1,4,0.7439354626290973,0.10861910515663105,0.739212228101117,2.2942579343239773,1.092558517835555,-0.0,1.092558517835555,0.2840889865709991,True,1.0,1.1411322735648464,0.12495834721759413,chem
CPC001 HA1E 6H-oxindole i-10.0,oxindole i,HA1E,6H,10.0,60,34,0,0,1.0,1.0,0.0,0.0,-0.0,-0.0,0.0,1.0,False,1.0,-0.9543441206638258,1.0,chem
CPC001 HA1E 6H-jak3 inhibitor ii-10.0,jak3 inhibitor ii,HA1E,6H,10.0,56,55,1,0,0.5054175517404941,1.0,1.4490169181527206,0.0,0.2963496803193755,0.9526070756677094,-0.6562573953483339,0.8502995065599512,True,1.0,-0.38595922465230376,0.5604798400533155,chem
CPC001 HA1E 6H-ag-879-10.0,ag-879,HA1E,6H,10.0,72,33,0,0,1.0,1.0,0.0,0.0,-0.0,-0.0,0.0,1.0,False,1.0,-0.9543441206638258,1.0,chem
CPC001 HA1E 6H-sb 225002-10.0,sb 225002,HA1E,6H,10.0,69,51,0,2,1.0,0.4494461875405671,0.0,1.335820895522388,0.3473222991548074,0.6626870763640594,-0.31536477720925205,0.8088858988600576,True,1.0,-0.2881961137726538,0.514495168277241,chem
CPC001 HA1E 6H-lylamine hydrochloride-10.0,lylamine hydrochloride,HA1E,6H,10.0,65,29,0,0,1.0,1.0,0.0,0.0,-0.0,-0.0,0.0,1.0,False,1.0,-0.9543441206638258,1.0,chem
CPC001 HA1E 6H-fluticasone propionate-10.0,fluticasone propionate,HA1E,6H,10.0,43,32,0,0,1.0,1.0,0.0,0.0,-0.0,0.9888160369818758,-0.9888160369818758,1.0,False,1.0,-0.9543441206638258,1.0,chem
CPC001 HA1E 6H-zd 2079 hydrochloride-10.0,zd 2079 hydrochloride,HA1E,6H,10.0,104,42,0,1,1.0,0.9022428429107663,0.0,0.4289058734421263,0.044676554318817056,0.13240710330854585,-0.08773054898972879,0.9950579788604937,False,1.0,-0.8686565685352478,0.7510829723425525,chem
CPC001 HA1E 6H-lawsone-10.0,lawsone,HA1E,6H,10.0,72,29,1,2,0.30958910347272567,0.4714545127331613,2.8059964726631392,1.2779591836734694,0.8357745363374168,-0.0,0.8357745363374168,0.42684330549267746,True,1.0,0.6486325466748036,0.20793068977007664,chem
CPC001 HA1E 6H-gsk-3b inhibitor viii-10.0,gsk-3b inhibitor viii,HA1E,6H,10.0,60,48,1,2,0.4588721505929316,0.3805671096433224,1.6666666666666667,1.5453201970443349,0.7578770474194589,0.45344387998094926,0.3044331674385097,0.47937721429920765,True,1.0,0.4992287879446566,0.24358547150949683,chem
CPC001 HA1E 6H-tyrphostin ag 1478-10.0,tyrphostin ag 1478,HA1E,6H,10.0,95,61,0,1,1.0,0.8802718869613024,0.0,0.4706503696997133,0.05538316788419342,0.46912153551542773,-0.41373836763123434,0.9925280811585249,False,1.0,-0.8481217819566569,0.7454181939353549,chem
CPC001 HA1E 6H-arp 101-10.0,arp 101,HA1E,6H,10.0,116,59,1,0,0.5302154054815167,1.0,1.3482332907620265,0.0,0.27554765793371394,0.4286604236299346,-0.15311276569622068,0.8666221968838379,True,1.0,-0.4258565355512437,0.5801399533488837,chem
CPC001 HA1E 6H-imd 0354-10.0,imd 0354,HA1E,6H,10.0,151,59,2,1,0.17138719766964133,0.9662486678688389,2.7785087719298245,0.2922931442080378,0.7809327140746767,0.06682558418651979,0.7141071298881569,0.46338338187410066,True,1.0,0.5434484836776824,0.23225591469510162,chem
CPC001 HA1E 6H-homoharringtonine-10.0,homoharringtonine,HA1E,6H,10.0,152,167,0,4,1.0,0.4287830513657125,0.0,1.2111241676459068,0.3677623894622528,0.36569229936790043,0.0020700900943523837,0.7918783383242494,True,1.0,-0.24899297175696827,0.49883372209263577,chem
CPC001 HA1E 6H-rs 17053 hydrochloride-10.0,rs 17053 hydrochloride,HA1E,6H,10.0,96,42,0,2,1.0,0.6270766769139553,0.0,0.9480243161094225,0.20267935179351512,0.46322997687524803,-0.2605506250817329,0.9197248677101375,False,1.0,-0.5656145557502107,0.639786737754082,chem
CPC001 HA1E 6H-pyrrolidinedithiocarbamate ammonium-10.0,pyrrolidinedithiocarbamate ammonium,HA1E,6H,10.0,72,19,0,0,1.0,1.0,0.0,0.0,-0.0,0.463125985490834,-0.463125985490834,1.0,False,1.0,-0.9543441206638258,1.0,chem
CPC001 HA1E 6H-BRD-K81209512 (ag 494)-10.0,brd-k81209512 (ag 494),HA1E,6H,10.0,55,24,1,0,0.26396306020823945,1.0,3.418679549114332,0.0,0.5784568453658027,0.6800910173979723,-0.10163417203216962,0.6155476311933638,True,1.0,0.15510918985118016,0.34588470509830055,chem
CPC001 HA1E 6H-sch 58261-10.0,sch 58261,HA1E,6H,10.0,75,56,0,1,1.0,0.8123241056819546,0.0,0.5997699827487062,0.09027065890486403,0.1470746859789352,-0.05680402707407116,0.9811704422572142,False,1.0,-0.7812091976929704,0.7254248583805398,chem
CPC001 HA1E 6H-vorinostat-10.0,vorinostat,HA1E,6H,10.0,207,149,0,7,1.0,0.16887135497531044,0.0,1.5897777777777777,0.7724440119518128,0.5894176569598493,0.1830263549919635,0.4692289979488323,True,1.0,0.5271675480337598,0.23492169276907698,chem
CPC001 HA1E 6H-halcinonide-10.0,halcinonide,HA1E,6H,10.0,56,38,0,2,1.0,0.3488038208789939,0.0,1.6608465608465608,0.4574187663496356,-0.0,0.4574187663496356,0.7161799218722633,True,1.0,-0.07703621310959566,0.4335221592802399,chem
CPC001 HA1E 6H-pd 407824-10.0,pd 407824,HA1E,6H,10.0,99,71,0,3,1.0,0.37043599849059783,0.0,1.401978417266187,0.4312868157639813,0.44609505885683826,-0.014808243092856943,0.738306576843817,True,1.0,-0.12715607826415995,0.4525158280573142,chem
CPC001 HA1E 6H-strophanthidin-10.0,strophanthidin,HA1E,6H,10.0,83,64,1,2,0.5594916574926359,0.5474590331479379,1.2402508328434254,1.1024691358024692,0.5138547587147271,1.057500201801393,-0.543645443086666,0.6687097132619468,True,1.0,0.031205393958007286,0.38953682105964677,chem
CPC001 HA1E 6H-caffeic acid phenethyl ester-10.0,caffeic acid phenethyl ester,HA1E,6H,10.0,80,36,0,0,1.0,1.0,0.0,0.0,-0.0,0.7295858103630471,-0.7295858103630471,1.0,False,1.0,-0.9543441206638258,1.0,chem
CPC001 HA1E 6H-mdm2 inhibitor-10.0,mdm2 inhibitor,HA1E,6H,10.0,93,28,0,1,1.0,0.8747593810702592,0.0,0.48103607770582796,0.05811139137126125,0.3341469962601578,-0.27603560488889656,0.9918078052783759,False,1.0,-0.8428891762682618,0.7447517494168611,chem
CPC001 HA1E 6H-nnc 05-2090 hydrochloride-10.0,nnc 05-2090 hydrochloride,HA1E,6H,10.0,71,63,0,0,1.0,1.0,0.0,0.0,-0.0,0.12240210054152371,-0.12240210054152371,1.0,False,1.0,-0.9543441206638258,1.0,chem
CPC001 HA1E 6H-olvanil-10.0,olvanil,HA1E,6H,10.0,77,22,1,1,0.24488981103905827,0.8205617425227882,3.7454438565549677,0.5837999253452781,0.6969180191242095,0.4127517643182056,0.2841662548060039,0.523409818803547,True,1.0,0.38231220844567243,0.2715761412862379,chem
CPC001 HA1E 6H-ag 592-10.0,ag 592,HA1E,6H,10.0,116,50,1,1,0.47259539417038376,0.9254314151292528,1.598135550516503,0.3834104224483503,0.35916627706037246,0.6331726837162817,-0.2740064066559092,0.7990516727275482,True,1.0,-0.2654799153176315,0.5041652782405864,chem
CPC001 HA1E 6H-tws119-10.0,tws119,HA1E,6H,10.0,69,111,2,1,0.4122826862258731,0.78529018296315,1.4410550458715596,0.6533166458072591,0.4897747346709811,0.1517835995625991,0.33799113510838197,0.6888829831530748,True,1.0,-0.014978971577023355,0.40819726757747415,chem
CPC001 HA1E 6H-mevastatin-10.0,mevastatin,HA1E,6H,10.0,41,31,0,0,1.0,1.0,0.0,0.0,-0.0,0.3027797890710162,-0.3027797890710162,1.0,False,1.0,-0.9543441206638258,1.0,chem
CPC001 HA1E 6H-y 134-10.0,y 134,HA1E,6H,10.0,63,41,1,1,0.40800468005173895,0.754393433432854,1.960493827160494,0.7172271791352093,0.511736955811967,0.25665933834520666,0.25507761746676033,0.6704776440898317,True,1.0,0.027143546543962702,0.39086971009663446,chem
CPC001 HA1E 6H-ftt-10.0,ftt,HA1E,6H,10.0,80,21,0,1,1.0,0.8322496989743087,0.0,0.5613609839303348,0.0797463532560896,0.4285405625261831,-0.3487942092700935,0.9850696892279829,False,1.0,-0.801394326171346,0.7337554148617128,chem
CPC001 HA1E 6H-pi 828-10.0,pi 828,HA1E,6H,10.0,85,65,1,3,0.5651268656183144,0.2859660234980394,1.220679012345679,1.645025443060186,0.7915396099135265,-0.0,0.7915396099135265,0.45615009976539733,True,1.0,0.5637920162972299,0.22459180273242252,chem
CPC001 HCC515 24H-hemado-10.0,hemado,HCC515,24H,10.0,81,41,0,1,1.0,0.8359751513899556,0.0,0.5542553191489362,0.07780663138228645,0.2230514587851949,-0.14524482740290845,0.9857454412722926,False,1.0,-0.8051146224589772,0.7354215261579473,chem
CPC001 HCC515 24H-n-benzylnaltrindole hydrochloride-10.0,n-benzylnaltrindole hydrochloride,HCC515,24H,10.0,139,93,1,3,0.6970008515701811,0.5927048257681895,0.8454106280193237,0.983283961066441,0.38392822804272775,0.47592944762638306,-0.09200121958365531,0.7783214328914979,False,1.0,-0.21798764564829842,0.4888370543152283,chem
CPC001 HCC515 24H-skf 81297 hydrobromide-10.0,skf 81297 hydrobromide,HCC515,24H,10.0,115,62,0,2,1.0,0.7234197483874949,0.0,0.7862199747155499,0.14060963975652596,0.4020754070002483,-0.26146576724372234,0.957638220995633,False,1.0,-0.6846613749794015,0.6854381872709097,chem
CPC001 HCC515 24H-brefeldin a-10.0,brefeldin a,HCC515,24H,10.0,86,237,2,0,0.8085377839539483,1.0,0.655,0.0,0.09229968017405067,0.22216455159552453,-0.12986487142147385,0.9803745950977057,False,1.0,-0.7773176293206039,0.7250916361212929,chem
CPC001 HCC515 24H-trichostatin a-10.0,trichostatin a,HCC515,24H,10.0,139,218,4,3,0.2981086548831183,0.5927048257681895,1.4804696860771627,0.983283961066441,0.7527869518124723,0.3595972496007833,0.39318970221168903,0.4829578721887987,True,1.0,0.4894662214416394,0.246917694101966,chem
CPC001 HCC515 24H-vinpocetine-10.0,vinpocetine,HCC515,24H,10.0,173,95,0,3,1.0,0.7373517206131002,0.0,0.7823106220905628,0.13232530198586392,-0.0,0.13232530198586392,0.9620156138137066,False,1.0,-0.7005503493060399,0.692102632455848,chem
CPC001 HCC515 24H-geldanamycin-10.0,geldanamycin,HCC515,24H,10.0,94,183,2,1,0.6794551288353612,0.8775464313583057,0.8578729281767956,0.4757873865629528,0.22456911430557724,0.9714624808842194,-0.7468933665786421,0.9045698052356531,False,1.0,-0.523631009907587,0.6184605131622792,chem
CPC001 HCC515 24H-vinblastine sulfate-10.0,vinblastine sulfate,HCC515,24H,10.0,80,67,1,1,0.5761845096666045,0.8322496989743087,1.1833146277590723,0.5613609839303348,0.31918477487008845,0.11044842259476602,0.20873635227532245,0.8319595561499089,True,1.0,-0.3421625759512399,0.5408197267577474,chem
CPC001 HCC515 24H-taxol-10.0,taxol,HCC515,24H,10.0,75,80,1,1,0.6415870714529841,0.8123241056819546,0.9865604000625098,0.5997699827487062,0.2830150549585562,0.48700217192785805,-0.20398711696930183,0.8608098714902077,False,1.0,-0.4115344155581747,0.5768077307564146,chem
CPC001 HCC515 24H-rutin-10.0,rutin,HCC515,24H,10.0,82,47,1,0,0.4518788513570958,1.0,1.703166935050993,0.0,0.3449779838598578,0.18795264439741394,0.15702533946244385,0.8108248237003656,True,1.0,-0.2926924014140042,0.5188270576474509,chem
CPC001 HCC515 24H-cyclosporine-10.0,cyclosporine,HCC515,24H,10.0,154,210,2,3,0.7509872353461342,0.6621436725977277,0.7432692307692308,0.8834627662108724,0.30341521139141603,0.7505966809663575,-0.4471814695749414,0.8446678559484031,False,1.0,-0.3724078648555934,0.5524825058313896,chem
CPC001 HCC515 24H-estradiol valerate-10.0,estradiol valerate,HCC515,24H,10.0,162,116,1,2,0.7750828448278925,0.8757345111939545,0.6738593666129898,0.5510714285714285,0.16827941054709045,0.033655761821525666,0.1346236487255648,0.9417737676290132,False,1.0,-0.6315920422353655,0.6657780739753415,chem
CPC001 HCC515 24H-lfm-a12-10.0,lfm-a12,HCC515,24H,10.0,95,34,0,1,1.0,0.8802718869613024,0.0,0.4706503696997133,0.05538316788419342,0.1519717624032751,-0.09658859451908167,0.9925280811585249,False,1.0,-0.8481217819566569,0.7454181939353549,chem
CPC001 HCC515 24H-cucurbitacin i-10.0,cucurbitacin i,HCC515,24H,10.0,129,204,0,4,1.0,0.31374637875481076,0.0,1.439304347826087,0.5034212780874129,0.31486498579289557,0.1885562922945173,0.6774318722841305,True,1.0,0.011194463644186097,0.39786737754081974,chem
CPC001 HCC515 24H-kf 38789-10.0,kf 38789,HCC515,24H,10.0,63,49,0,1,1.0,0.754393433432854,0.0,0.7172271791352093,0.12240210054152371,0.1777939356962094,-0.055391835154685695,0.9670126232559566,False,1.0,-0.7195825878931181,0.7030989670109964,chem
CPC001 HCC515 24H-fluticasone propionate-10.0,fluticasone propionate,HCC515,24H,10.0,73,104,3,6,0.14454272599735368,0.0051054902723299414,2.3653340017546056,4.125329236172081,3.131966305930101,1.2333453046870275,1.8986210012430735,0.006059858469596122,True,1.0,5.052621505852774,0.0006664445184938354,chem
CPC001 HCC515 24H-rimcazole dihydrochloride-10.0,rimcazole dihydrochloride,HCC515,24H,10.0,82,77,2,3,0.2549995603446593,0.2679948788549785,2.1056666666666666,1.7083143611692924,1.1653340732257846,0.2950380010995917,0.870296072126193,0.2517101703883195,True,1.0,1.2807124021415939,0.10963012329223593,chem
CPC001 HCC515 24H-pd 123319 ditrifluoroacetate-10.0,pd 123319 ditrifluoroacetate,HCC515,24H,10.0,62,61,1,0,0.5421496516795823,1.0,1.302880658436214,0.0,0.26588081691603516,0.2612162971017878,0.00466451981424737,0.8740608278188708,True,1.0,-0.4443970867698982,0.590803065644785,chem
CPC001 HCC515 24H-clobetasol propionate-10.0,clobetasol propionate,HCC515,24H,10.0,54,128,0,1,1.0,0.6995871145504498,0.0,0.8402248093135287,0.15515819823734667,0.41167574203933865,-0.256517543801992,0.9495250730711686,False,1.0,-0.6567579168406003,0.6757747417527491,chem
CPC001 HCC515 24H-nemonapride-10.0,nemonapride,HCC515,24H,10.0,73,45,0,1,1.0,0.8037110802824048,0.0,0.6166272655634357,0.09490004427342848,0.19883252618512057,-0.10393248191169209,0.9793343503907191,False,1.0,-0.7723302519877715,0.7240919693435521,chem
CPC001 HCC515 24H-bw-b 70c-10.0,bw-b 70c,HCC515,24H,10.0,79,55,1,1,0.5054175517404941,0.8284402406749884,1.4490169181527206,0.5686488452445899,0.37808849415561196,-0.0,0.37808849415561196,0.7832276458196568,True,1.0,-0.22918798348765818,0.49183605464845054,chem
CPC001 HCC515 24H-wortmannin-10.0,wortmannin,HCC515,24H,10.0,77,97,1,1,0.7122816607457296,0.8205617425227882,0.8096707818930041,0.5837999253452781,0.23323697261063386,0.4456330128464072,-0.21239604023577335,0.8983600917904133,False,1.0,-0.5070064610433779,0.6134621792735755,chem
CPC001 HCC515 24H-pd 166793-10.0,pd 166793,HCC515,24H,10.0,92,62,2,1,0.1850363751633298,0.8719093541651274,2.638333333333333,0.48640012469799704,0.7922715509622713,0.15923101237265452,0.6330405385896167,0.4556538785828984,True,1.0,0.5651958451673303,0.22459180273242252,chem
CPC001 HCC515 24H-kn-62-10.0,kn-62,HCC515,24H,10.0,154,65,1,4,0.5651268656183144,0.43864886539329556,1.220679012345679,1.1945893719806764,0.6057370358934583,0.1162512261443165,0.4894858097491418,0.5936427297693669,True,1.0,0.20743132578034887,0.3258913695434855,chem
CPC001 HCC515 24H-u 18666a-10.0,u 18666a,HCC515,24H,10.0,93,32,0,4,1.0,0.14684523922258017,0.0,2.033219345383488,0.833140128902015,0.29323652981680803,0.539903599085207,0.4285496279092458,True,1.0,0.643579875807708,0.21026324558480505,chem
CPC001 HCC515 24H-cgs 21680 hydrochloride-10.0,cgs 21680 hydrochloride,HCC515,24H,10.0,117,69,0,2,1.0,0.7322427189998177,0.0,0.7722981366459627,0.1353449379992799,0.1049698316977878,0.030375106301492108,0.960441209961838,False,1.0,-0.6947588279531962,0.6901032989003666,chem
CPC001 HCC515 24H-clofarabine-10.0,clofarabine,HCC515,24H,10.0,160,185,2,5,0.6852720392361825,0.274051040618932,0.848224043715847,1.4544384271250295,0.7263055325887339,0.897900961687513,-0.17159542909877912,0.5018717240176901,True,1.0,0.4386760917019987,0.25924691769410196,chem
CPC001 HCC515 24H-sarmentogenin-10.0,sarmentogenin,HCC515,24H,10.0,218,211,3,6,0.5033974149280042,0.3445948333960799,1.129016553067186,1.2735849056603774,0.7607802573273178,0.4190476456303175,0.3417326116970003,0.4773429338101294,True,1.0,0.5047970094450126,0.24225258247250916,chem
CPC001 HCC515 24H-ntncb hydrochloride-10.0,ntncb hydrochloride,HCC515,24H,10.0,100,136,2,3,0.5174875104403993,0.376440303204988,1.1675373134328357,1.387302529110732,0.710404012891328,0.5981315417958915,0.11227247109543659,0.5134554731525701,True,1.0,0.4081777169107901,0.2659113628790403,chem
CPC001 HCC515 24H-dibutyrylcyclic amp-10.0,dibutyrylcyclic amp,HCC515,24H,10.0,92,68,0,3,1.0,0.3282040419466988,0.0,1.5139439010589282,0.48385607476269943,0.10767000742262935,0.3761860673400701,0.6938626585647172,True,1.0,-0.026330685852101295,0.4145284905031656,chem
CPC001 HCC515 24H-esculin hydrate-10.0,esculin hydrate,HCC515,24H,10.0,43,36,0,0,1.0,1.0,0.0,0.0,-0.0,-0.0,0.0,1.0,False,1.0,-0.9543441206638258,1.0,chem
CPC001 HCC515 24H-gr 32191 hydrochloride-10.0,gr 32191 hydrochloride,HCC515,24H,10.0,177,111,0,1,1.0,0.9813232504432079,0.0,0.24806576402321084,0.008187911315790254,-0.0,0.008187911315790254,0.9998244934512689,False,1.0,-0.9386400877903585,0.76107964011996,chem
CPC001 HCC515 24H-o-2050-10.0,o-2050,HCC515,24H,10.0,73,42,0,4,1.0,0.07572396238836776,0.0,2.6309598823776517,1.1207666688976303,0.216663377403777,0.9041032914938534,0.2711418104572886,True,1.0,1.1952341946157352,0.11962679106964345,chem
CPC001 HCC515 24H-rottlerin ncgc00025228-11-10.0,rottlerin ncgc00025228-11,HCC515,24H,10.0,94,279,4,2,0.4738555995352982,0.6155637042819571,1.1406993006993007,0.968944099378882,0.5350809785231296,0.7998213611037789,-0.26474038258064925,0.6510685716512199,True,1.0,0.07191629577343875,0.3748750416527824,chem
CPC001 HCC515 24H-jak3 inhibitor vi-10.0,jak3 inhibitor vi,HCC515,24H,10.0,133,230,5,3,0.16594360599937483,0.5625136860451732,1.7797979797979797,1.0296624239070282,1.029906383441756,0.3487156234062183,0.6811907600355376,0.3147095807780636,True,1.0,1.0209683953587285,0.14261912695768078,chem
CPC001 HCC515 24H-sericetin-10.0,sericetin,HCC515,24H,10.0,81,47,2,3,0.1189984689319847,0.2620344426225369,3.526111111111111,1.7304925290536801,1.5061002462374398,-0.0,1.5061002462374398,0.13931745376684868,True,1.0,1.9342860641841462,0.05664778407197601,chem
CPC001 HCC515 24H-isoeugenitol-10.0,isoeugenitol,HCC515,24H,10.0,172,102,0,3,1.0,0.7337452335809269,0.0,0.7870673875101103,0.1344547069180604,0.046851675783073976,0.08760303113498644,0.9609079179910522,False,1.0,-0.6964662497394449,0.6901032989003666,chem
CPC001 HCC515 24H-selinidin-10.0,selinidin,HCC515,24H,10.0,129,56,1,1,0.5117356325563969,0.9444210553679332,1.4224466891133558,0.34375,0.3157886808267113,0.1470746859789352,0.1687139948477761,0.8347115535020434,True,1.0,-0.3486761262868097,0.542485838053982,chem
CPC001 HCC515 24H-angiogenesis inhibitor-10.0,angiogenesis inhibitor,HCC515,24H,10.0,98,68,1,2,0.5816087129141987,0.6383228619654419,1.1654689515386032,0.9279761904761905,0.43032869679930946,1.250159873638746,-0.8198311768394366,0.7391181477727562,True,1.0,-0.1289937058516599,0.45284905031656114,chem
CPC001 HCC515 24H-mibefradil dihydrochloride-10.0,mibefradil dihydrochloride,HCC515,24H,10.0,113,117,2,4,0.4385914984930246,0.2355599635026629,1.3645652173913043,1.6548331338917697,0.9858383124333447,0.25102887972909965,0.7348094327042451,0.3378363161019614,True,1.0,0.9364478859033095,0.15728090636454514,chem
CPC001 HCC515 24H-ic 261-10.0,ic 261,HCC515,24H,10.0,61,51,0,3,1.0,0.14920631239604587,0.0,2.334656412800794,0.826212802997538,0.5108918539281119,0.3153209490694261,0.4330601736042704,True,1.0,0.6302935870909095,0.21326224591802734,chem
CPC001 HCC515 24H-cdc-10.0,cdc,HCC515,24H,10.0,139,63,0,3,1.0,0.5927048257681895,0.0,0.983283961066441,0.22716153674619585,0.12240210054152371,0.10475943620467214,0.9027242818486423,False,1.0,-0.5186588643066843,0.6177940686437854,chem
CPC001 HCC515 24H-zd 7155 hydrochloride-10.0,zd 7155 hydrochloride,HCC515,24H,10.0,104,91,1,1,0.6890625567577704,0.9022428429107663,0.8644718792866941,0.4289058734421263,0.20641790306222466,0.22344974684536567,-0.017031843783141015,0.9171933655221403,False,1.0,-0.5584441883929414,0.6334555148283906,chem
CPC001 HCC515 24H-bu 239 hydrochloride-10.0,bu 239 hydrochloride,HCC515,24H,10.0,62,99,0,1,1.0,0.7488310518614769,0.0,0.7291012672945006,0.12561615495840892,0.7327428879221711,-0.6071267329637622,0.9654243574822806,False,1.0,-0.7134181810898177,0.7000999666777741,chem
CPC001 HCC515 24H-gr 127935 hydrochloride-10.0,gr 127935 hydrochloride,HCC515,24H,10.0,145,76,1,1,0.6226038944643802,0.961323743286769,1.0398353909465021,0.30476753349093777,0.22291849819790543,-0.0,0.22291849819790543,0.905739530630424,True,1.0,-0.5267968147895188,0.6214595134955015,chem
CPC001 HCC515 24H-mek1/2 inhibitor-10.0,mek1/2 inhibitor,HCC515,24H,10.0,100,48,0,2,1.0,0.6493035677401624,0.0,0.9087463556851312,0.18755221079487303,0.14071737619872932,0.04683483459614371,0.9297085111163362,False,1.0,-0.5946277082334485,0.6514495168277241,chem
CPC001 HCC515 24H-zaprinast-10.0,zaprinast,HCC515,24H,10.0,108,54,0,2,1.0,0.6906105767089603,0.0,0.8390835579514825,0.1607667747106249,0.15515819823734667,0.005608576473278226,0.9462602329329548,False,1.0,-0.646000928163908,0.6717760746417861,chem
CPC001 HCC515 24H-dichlorobenzamil-10.0,dichlorobenzamil,HCC515,24H,10.0,168,104,0,3,1.0,0.7189332982550265,0.0,0.8066710268149118,0.14331140105460097,0.17361697454827255,-0.030305573493671578,0.9561717217924582,False,1.0,-0.679479522538058,0.6817727424191936,chem
CPC001 HCC515 24H-cosmosiin-10.0,cosmosiin,HCC515,24H,10.0,136,90,0,2,1.0,0.8047547894910038,0.0,0.6607675906183369,0.09433642993489394,0.0827154653101294,0.011620964624764543,0.9795617395606587,False,1.0,-0.7734112380608906,0.7240919693435521,chem
"CPC001 HCC515 24H-ly-165,163-10.0","ly-165,163",HCC515,24H,10.0,81,64,1,2,0.5594916574926359,0.5342135057225317,1.2402508328434254,1.1307414104882458,0.5244915213527388,0.1192815748949867,0.4052099464577521,0.6598509598058353,True,1.0,0.05160620970847482,0.38020659780073307,chem
CPC001 HCC515 24H-ikk 16-10.0,ikk 16,HCC515,24H,10.0,156,141,0,1,1.0,0.9698732044239708,0.0,0.28263555250514755,0.013285039154772608,0.7055551987106746,-0.692270159555902,0.9995415608798734,False,1.0,-0.9288640337936234,0.7607464178607131,chem
CPC001 HCC515 24H-jnj 10191584 maleate-10.0,jnj 10191584 maleate,HCC515,24H,10.0,151,61,1,2,0.5421496516795823,0.8491836300887747,1.302880658436214,0.5928092042186002,0.33687920333756893,0.12892725616443745,0.20795194717313148,0.8175017425937586,True,1.0,-0.3082254855733001,0.5238253915361546,chem
CPC001 HCC515 24H-z-leu3-vs-10.0,z-leu3-vs,HCC515,24H,10.0,131,266,6,2,0.11996570144759901,0.7875586762202808,1.8619433198380566,0.6869324473975637,1.0246599819808946,0.15461667552900119,0.8700433064518934,0.3173930727562,True,1.0,1.0109060415017825,0.14395201599466845,chem
CPC001 HCC515 24H-fit-10.0,fit,HCC515,24H,10.0,131,46,0,2,1.0,0.7875586762202808,0.0,0.6869324473975637,0.10371707968518042,0.28218445010269055,-0.17846737041751015,0.9756413928606702,False,1.0,-0.7554195883749825,0.7194268577140953,chem
CPC001 HCC515 24H-am 404-10.0,am 404,HCC515,24H,10.0,129,68,0,2,1.0,0.7803180399310861,0.0,0.6979752530933633,0.10772835264878554,0.3545804515002124,-0.24685209885142684,0.9738788160558718,False,1.0,-0.7477261534981996,0.7147617460846385,chem
CPC001 HCC515 24H-pdgf receptor tyrosine kinase inhibitor i-10.0,pdgf receptor tyrosine kinase inhibitor i,HCC515,24H,10.0,94,100,1,2,0.7232403102257315,0.6155637042819571,0.7847611921685996,0.968944099378882,0.3514443717559458,0.524244454715144,-0.17280008295919824,0.805470326876216,False,1.0,-0.2802901703472213,0.5131622792402533,chem
CPC001 HCC515 24H-isoflupredone acetate-10.0,isoflupredone acetate,HCC515,24H,10.0,177,103,0,4,1.0,0.5475971753771579,0.0,1.0319175672279468,0.2615388007156912,0.09223475113103302,0.16930404958465817,0.8773685965930201,True,1.0,-0.4527248717833768,0.5921359546817727,chem
CPC001 HCC515 24H-arachidonamide-10.0,arachidonamide,HCC515,24H,10.0,76,49,1,0,0.4657772989980638,1.0,1.631687242798354,0.0,0.3318216818814629,-0.0,0.3318216818814629,0.8216533535553789,True,1.0,-0.31792557637078944,0.5311562812395868,chem
CPC001 HCC515 24H-bd 1063 dihydrochloride-10.0,bd 1063 dihydrochloride,HCC515,24H,10.0,144,131,1,3,0.8149176954067295,0.6168267366568227,0.594681861348528,0.947650390326037,0.29872306151410977,0.10371707968518042,0.19500598182892936,0.8484123778242659,False,1.0,-0.38140718996776846,0.558813728757081,chem
CPC001 HCC515 24H-syk inhibitor-10.0,syk inhibitor,HCC515,24H,10.0,175,115,0,6,1.0,0.1857565580627245,0.0,1.608858336233902,0.7310558446996801,0.14060963975652596,0.5904462049431541,0.49844396976532646,True,1.0,0.4477869692716747,0.2562479173608797,chem
CPC001 HCC515 24H-bapta-am-10.0,bapta-am,HCC515,24H,10.0,161,88,1,3,0.6767684038226862,0.6915077590276416,0.8947069675039023,0.8433658136781714,0.3297628678803548,0.06557692554351893,0.2641859423368359,0.8233391724347252,False,1.0,-0.3218742858165555,0.5318227257580806,chem
CPC001 HCC515 24H-valyltryptophan-10.0,valyltryptophan,HCC515,24H,10.0,55,80,1,0,0.6415870714529841,1.0,0.9865604000625098,0.0,0.19274439605369217,0.37609603357546506,-0.1833516375217729,0.9263300690179654,False,1.0,-0.5846693385290302,0.6471176274575141,chem
CPC001 HCC515 24H-obaa-10.0,obaa,HCC515,24H,10.0,108,40,0,2,1.0,0.6906105767089603,0.0,0.8390835579514825,0.1607667747106249,0.2296813124583833,-0.06891453774775841,0.9462602329329548,False,1.0,-0.646000928163908,0.6717760746417861,chem
CPC001 HCC515 24H-aloisine-10.0,aloisine,HCC515,24H,10.0,47,60,0,1,1.0,0.6487051647006395,0.0,0.9691643539932162,0.18795264439741394,0.13233909927834112,0.05561354511907282,0.9294498119856278,False,1.0,-0.5938596952182346,0.6511162945684772,chem
CPC001 HCC515 24H-oxindole i-10.0,oxindole i,HCC515,24H,10.0,87,49,0,6,1.0,0.011809395405588948,0.0,3.4046840958605666,1.9277723359798569,0.1777939356962094,1.7499784002836474,0.06422964644763086,True,1.0,2.743033509502497,0.02032655781406198,chem
CPC001 HCC515 24H-jak3 inhibitor ii-10.0,jak3 inhibitor ii,HCC515,24H,10.0,106,127,1,3,0.8050335131788985,0.4121923705851255,0.6139525769155398,1.305231542921003,0.47908609076721415,1.3512656991835637,-0.8721796084163496,0.697880989213024,True,1.0,-0.03547929318087819,0.41686104631789406,chem
CPC001 HCC515 24H-mmpx-10.0,mmpx,HCC515,24H,10.0,91,33,0,2,1.0,0.5977922125178159,0.0,1.0020866773675763,0.22344974684536567,0.2841007277695349,-0.06065098092416921,0.9053635129125419,True,1.0,-0.5257779046057199,0.6197934021992669,chem
CPC001 HCC515 24H-ag-879-10.0,ag-879,HCC515,24H,10.0,96,239,4,2,0.35893099427529185,0.6270766769139553,1.3435897435897435,0.9480243161094225,0.6476683898059457,1.5849145715175301,-0.9372461817115845,0.5607375720072576,True,1.0,0.2878537112794205,0.29656781072975674,chem
CPC001 HCC515 24H-sb 225002-10.0,sb 225002,HCC515,24H,10.0,73,66,0,1,1.0,0.8037110802824048,0.0,0.6166272655634357,0.09490004427342848,0.3696358895286629,-0.2747358452552344,0.9793343503907191,False,1.0,-0.7723302519877715,0.7240919693435521,chem
CPC001 HCC515 24H-t 98475-10.0,t 98475,HCC515,24H,10.0,106,81,2,1,0.273869084079129,0.906553002549182,1.9977848101265823,0.4206011482607227,0.6050637899983873,0.27228513655683023,0.33277865344155705,0.5941788317015761,True,1.0,0.20614007148357444,0.3258913695434855,chem
CPC001 HCC515 24H-BRD-K62310379 (fluticasone propionate)-10.0,brd-k62310379 (fluticasone propionate),HCC515,24H,10.0,95,134,0,2,1.0,0.6213536046765916,0.0,0.9583717357910906,0.2066611778354322,0.17407910215246072,0.03258207568297147,0.9170277915371142,False,1.0,-0.5579775986988922,0.6331222925691437,chem
CPC001 HCC515 24H-jte 907-10.0,jte 907,HCC515,24H,10.0,82,102,0,3,1.0,0.2679948788549785,0.0,1.7083143611692924,0.5718735048752182,0.6018918448027859,-0.03001833992756775,0.6208871605799575,True,1.0,0.14248264915062428,0.352215928023992,chem
CPC001 HCC515 24H-zd 2079 hydrochloride-10.0,zd 2079 hydrochloride,HCC515,24H,10.0,145,71,0,2,1.0,0.8326320616892533,0.0,0.6182817182817183,0.0795468699966425,0.3333173733922878,-0.2537705033956453,0.9851398119051225,False,1.0,-0.8017769257798715,0.7337554148617128,chem
CPC001 HCC515 24H-diphenyleneiodonium chloride-10.0,diphenyleneiodonium chloride,HCC515,24H,10.0,76,41,0,4,1.0,0.08498648384953789,0.0,2.5201288244766507,1.070650138477656,0.2230514587851949,0.8475986796924613,0.2945005221202495,True,1.0,1.0991130214782558,0.13328890369876709,chem
CPC001 HCC515 24H-lawsone-10.0,lawsone,HCC515,24H,10.0,152,103,1,5,0.7337864634203204,0.24071842188432863,0.7613168724279835,1.5355777347435324,0.7529209766169063,0.045750584156238075,0.7071703924606682,0.4828633631520778,True,1.0,0.48972327477960503,0.246917694101966,chem
"CPC001 HCC515 24H-ici-162,846-10.0","ici-162,846",HCC515,24H,10.0,208,132,1,7,0.817310372212129,0.17175391589131986,0.5900480633305061,1.5816104661875807,0.8527063420495022,0.05353150674831944,0.7991748353011828,0.4159950583195412,True,1.0,0.6811069620970825,0.20226591136287905,chem
CPC001 HCC515 24H-gsk-3b inhibitor viii-10.0,gsk-3b inhibitor viii,HCC515,24H,10.0,222,136,0,3,1.0,0.8712593121407675,0.0,0.6024440721395486,0.059852567069271445,0.02510093536166065,0.034751631707610794,0.9913324620138746,False,1.0,-0.8395496823063153,0.7447517494168611,chem
CPC001 HCC515 24H-tyrphostin ag 1478-10.0,tyrphostin ag 1478,HCC515,24H,10.0,122,152,1,2,0.8592316510504144,0.7532665405295056,0.5102608126890688,0.7395238095238095,0.18894105661660882,0.7197970955520211,-0.5308560389354122,0.9288099133593527,False,1.0,-0.5919639665782774,0.6484505164945018,chem
CPC001 HCC515 24H-gw 9508-10.0,gw 9508,HCC515,24H,10.0,117,46,1,0,0.44479629002890175,1.0,1.741289437585734,0.0,0.3518388437881739,0.1932981984307902,0.1585406453573837,0.8051430568568094,True,1.0,-0.2795335913464415,0.5131622792402533,chem
CPC001 HCC515 24H-jak3 inhibitor i-10.0,jak3 inhibitor i,HCC515,24H,10.0,103,103,0,1,1.0,0.9000143124393147,0.0,0.4331803643443193,0.045750584156238075,0.47018878440764617,-0.4244382002514081,0.9948259719442275,False,1.0,-0.866596629287809,0.7494168610463179,chem
CPC001 HCC515 24H-arp 101-10.0,arp 101,HCC515,24H,10.0,156,190,2,2,0.6994425484907528,0.861832282358211,0.825,0.5730983302411874,0.21982519443882131,0.45524694998917137,-0.23542175555035005,0.9079202601561464,False,1.0,-0.5327296274503736,0.6227924025324891,chem
CPC001 HCC515 24H-imd 0354-10.0,imd 0354,HCC515,24H,10.0,118,275,3,1,0.6837618907198788,0.9287253152508068,0.8544303797468354,0.37673516396920653,0.19720782441327855,0.9335849691339355,-0.736377144720657,0.9233849785903284,False,1.0,-0.5761086906441251,0.6444518493835388,chem
CPC001 HCC515 24H-homoharringtonine-10.0,homoharringtonine,HCC515,24H,10.0,183,242,0,8,1.0,0.047456351960115044,0.0,2.1004690831556503,1.323705649694004,0.37668617394578974,0.9470194757482143,0.19210069772333263,True,1.0,1.5844617158748149,0.08230589803398868,chem
CPC001 HCC515 24H-rs 17053 hydrochloride-10.0,rs 17053 hydrochloride,HCC515,24H,10.0,131,207,2,3,0.7437636776124342,0.5521580550805475,0.7545121951219512,1.0460881294964028,0.38650162243929176,0.6236018161356767,-0.2371001936963849,0.7761565963426645,True,1.0,-0.21305199495040889,0.485838053982006,chem
CPC001 HCC515 24H-gw 583340 dihydrochloride-10.0,gw 583340 dihydrochloride,HCC515,24H,10.0,84,64,0,0,1.0,1.0,0.0,0.0,-0.0,0.2999835128036843,-0.2999835128036843,1.0,False,1.0,-0.9543441206638258,1.0,chem
CPC001 HCC515 24H-l-cis-diltiazem-10.0,l-cis-diltiazem,HCC515,24H,10.0,146,83,0,2,1.0,0.8354991065786908,0.0,0.6138888888888889,0.07805401017292628,-0.0,0.07805401017292628,0.9856600192353976,False,1.0,-0.8046401614504762,0.7340886371209597,chem
CPC001 HCC515 24H-herniarin-10.0,herniarin,HCC515,24H,10.0,190,112,2,4,0.41670917269004626,0.6041875383886215,1.4277272727272727,0.9577684276141499,0.5989951761249394,0.07583392653072585,0.5231612495942135,0.5990217550564063,True,1.0,0.194500752481521,0.33455514828390537,chem
CPC001 HCC515 24H-sch 58261-10.0,sch 58261,HCC515,24H,10.0,138,103,0,3,1.0,0.5877660138038459,0.0,0.9907274180655475,0.23079552960089206,0.045750584156238075,0.185044945444654,0.9001203588159558,False,1.0,-0.5116890351217931,0.6151282905698101,chem
CPC001 HCC515 24H-vorinostat-10.0,vorinostat,HCC515,24H,10.0,134,251,4,3,0.3938135295576131,0.5676375950099587,1.2758226928267413,1.0216376517106924,0.6506382163050497,1.024828804936004,-0.3741905886309542,0.5584448249875799,True,1.0,0.29354970030173483,0.2952349216927691,chem
CPC001 HCC515 24H-halcinonide-10.0,halcinonide,HCC515,24H,10.0,92,170,0,3,1.0,0.3282040419466988,0.0,1.5139439010589282,0.48385607476269943,0.4969845898112369,-0.013128515048537459,0.6938626585647172,True,1.0,-0.026330685852101295,0.4145284905031656,chem
CPC001 HCC515 24H-cp 93129 dihydrochloride-10.0,cp 93129 dihydrochloride,HCC515,24H,10.0,125,68,0,2,1.0,0.7651920116746977,0.0,0.7211382113821139,0.11622957249694692,-0.0,0.11622957249694692,0.9699791874298843,False,1.0,-0.7314212094396776,0.7077640786404532,chem
CPC001 HCC515 24H-pd 407824-10.0,pd 407824,HCC515,24H,10.0,113,222,1,1,0.9438414904598882,0.9202051071949088,0.34472934472934474,0.39387031408308004,0.06121629606512434,1.3186008003733387,-1.2573845043082144,0.9909517249930391,False,1.0,-0.8369341135543584,0.7444185271576141,chem
CPC001 HCC515 24H-strophanthidin-10.0,strophanthidin,HCC515,24H,10.0,190,214,1,8,0.9375901971395575,0.056838001779897465,0.3581406132266852,2.0173855994751517,1.2733481407265774,0.44956069885005134,0.8237874418765261,0.20953883944781962,True,1.0,1.487878357097428,0.09196934355214928,chem
CPC001 HCC515 24H-caffeic acid phenethyl ester-10.0,caffeic acid phenethyl ester,HCC515,24H,10.0,40,70,2,1,0.2221000339543677,0.5892759104577799,2.325,1.1443898890707402,0.8831326875155221,0.49989192766173046,0.38324075985379163,0.3970174694406745,True,1.0,0.7394632767894985,0.19026991002999,chem
CPC001 HCC515 24H-nnc 05-2090 hydrochloride-10.0,nnc 05-2090 hydrochloride,HCC515,24H,10.0,88,104,3,2,0.14454272599735368,0.5794175992733966,2.3653340017546056,1.0375415282392026,1.077012076621502,-0.0,1.077012076621502,0.29144471150632495,True,1.0,1.111314922780881,0.13095634788403865,chem
CPC001 HCC515 24H-dnqx disodium salt-10.0,dnqx disodium salt,HCC515,24H,10.0,98,51,0,1,1.0,0.8880920571859723,0.0,0.45587482635080795,0.05154201411361645,0.16829365667717439,-0.11675164256355794,0.9934907100656264,False,1.0,-0.8554889361378282,0.7470843052315894,chem
CPC001 HCC515 24H-BRD-K85318537 (obaa)-10.0,brd-k85318537 (obaa),HCC515,24H,10.0,159,101,2,3,0.36719552576557996,0.6833165749490091,1.5891414141414142,0.8544548976203652,0.6004806639001629,0.04798057836708278,0.55250008553308,0.5978345548765138,True,1.0,0.19734984890618007,0.3315561479506831,chem
CPC001 HCC515 24H-olvanil-10.0,olvanil,HCC515,24H,10.0,139,66,0,3,1.0,0.5927048257681895,0.0,0.983283961066441,0.22716153674619585,-0.0,0.22716153674619585,0.9027242818486423,False,1.0,-0.5186588643066843,0.6177940686437854,chem
CPC001 HCC515 24H-rs 504393-10.0,rs 504393,HCC515,24H,10.0,158,89,0,2,1.0,0.8666162980260946,0.0,0.5655677655677656,0.06217314766231694,0.06400574671470423,-0.0018325990523872862,0.9906801885632758,False,1.0,-0.8350989167187058,0.7444185271576141,chem
CPC001 HCC515 24H-piretanide-10.0,piretanide,HCC515,24H,10.0,197,81,1,6,0.6461835462951568,0.2637108044199694,0.9740740740740741,1.4184631967970434,0.7685161810600925,0.11310676238704731,0.6554094186730451,0.4719508549079533,True,1.0,0.5196341511678164,0.23492169276907698,chem
CPC001 HCC515 24H-l 655240-10.0,l 655240,HCC515,24H,10.0,127,63,0,3,1.0,0.5310264992223007,0.0,1.0805291250870273,0.27488380626529535,-0.0,0.27488380626529535,0.8671361930278945,True,1.0,-0.42712977215846576,0.5821392869043652,chem
CPC001 HCC515 24H-ag 592-10.0,ag 592,HCC515,24H,10.0,104,111,0,2,1.0,0.6704756738798134,0.0,0.8725490196078431,0.17361697454827255,0.7742880033451774,-0.6006710287969049,0.9385102975229462,False,1.0,-0.6213548428683973,0.6604465178273908,chem
CPC001 HCC515 24H-mammea a/ba + a/bb-10.0,mammea a/ba + a/bb,HCC515,24H,10.0,46,46,0,1,1.0,0.6407694557263302,0.0,0.9908589440504334,0.1932981984307902,0.1932981984307902,0.0,0.9259666814856249,False,1.0,-0.5836071713413398,0.6467844051982673,chem
CPC001 HCC515 24H-tws119-10.0,tws119,HCC515,24H,10.0,120,152,1,1,0.8592316510504144,0.9318746942869267,0.5102608126890688,0.3702842839263365,0.09653221515813305,0.41499710566080655,-0.3184648905026735,0.9786698978904271,False,1.0,-0.7691998241851296,0.7240919693435521,chem
CPC001 HCC515 24H-mevastatin-10.0,mevastatin,HCC515,24H,10.0,72,132,0,1,1.0,0.7992585201226767,0.0,0.6254120467485765,0.09731272543783062,1.6861920199025853,-1.5888792944647547,0.9783490408718478,False,1.0,-0.767702841790265,0.7240919693435521,chem
CPC001 HCC515 24H-y 134-10.0,y 134,HCC515,24H,10.0,71,41,0,1,1.0,0.7947056866867112,0.0,0.6344478216818642,0.09979367928482703,-0.0,0.09979367928482703,0.977315891807183,False,1.0,-0.7629444877646601,0.7220926357880706,chem
CPC001 HCC515 24H-ml 3163-10.0,ml 3163,HCC515,24H,10.0,150,117,2,3,0.4385914984930246,0.6444904570230783,1.3645652173913043,0.9080898546468947,0.5487232996578852,0.3224599697458825,0.22626332991200276,0.6398140353318718,True,1.0,0.09808163285488014,0.3665444851716095,chem
CPC001 HCC515 24H-coumarinic acid methyl ether-10.0,coumarinic acid methyl ether,HCC515,24H,10.0,88,43,0,2,1.0,0.5794175992733966,0.0,1.0375415282392026,0.23700831763891578,-0.0,0.23700831763891578,0.8956242197497757,True,1.0,-0.49977319678132953,0.6121292902365878,chem
CPC001 HCC515 24H-dihydro-beta-tubaic acid-10.0,dihydro-beta-tubaic acid,HCC515,24H,10.0,154,87,0,1,1.0,0.9684722579274532,0.0,0.28642284336902607,0.013912815214962187,-0.0,0.013912815214962187,0.99949769372464,False,1.0,-0.9276599885241807,0.7600799733422192,chem
CPC001 HCC515 24H-ftt-10.0,ftt,HCC515,24H,10.0,125,77,0,2,1.0,0.7651920116746977,0.0,0.7211382113821139,0.11622957249694692,-0.0,0.11622957249694692,0.9699791874298843,False,1.0,-0.7314212094396776,0.7077640786404532,chem
CPC001 HCC515 24H-pi 828-10.0,pi 828,HCC515,24H,10.0,114,156,2,2,0.5923755618152671,0.7189177545851785,1.0126623376623376,0.7933673469387755,0.3707236572061774,0.17855575468377893,0.19216790252239846,0.7894010463787485,True,1.0,-0.2433133980288005,0.4955014995001666,chem
CPC001 HCC515 6H-cgp 52432-10.0,cgp 52432,HCC515,6H,10.0,57,58,1,0,0.5241335714508069,1.0,1.372103097249296,0.0,0.2805580222686066,0.4379932820723121,-0.15743525980370549,0.8627284289456304,True,1.0,-0.41624688991775183,0.5774741752749084,chem
CPC001 HCC515 6H-brefeldin a-10.0,brefeldin a,HCC515,6H,10.0,82,61,0,2,1.0,0.5408689713942205,0.0,1.1164285714285713,0.2669079324769538,0.5973144213916064,-0.3304064889146526,0.8732752646151595,True,1.0,-0.4424271269216021,0.5891369543485505,chem
CPC001 HCC515 6H-trichostatin a-10.0,trichostatin a,HCC515,6H,10.0,110,118,0,3,1.0,0.4356850840326678,0.0,1.2556310092113225,0.36082730816888536,0.43831499038492727,-0.07748768221604191,0.7976677539295958,True,1.0,-0.2622941349487559,0.5034988337220926,chem
CPC001 HCC515 6H-geldanamycin-10.0,geldanamycin,HCC515,6H,10.0,63,54,0,1,1.0,0.754393433432854,0.0,0.7172271791352093,0.12240210054152371,0.7345819679315716,-0.6121798673900479,0.9670126232559566,False,1.0,-0.7195825878931181,0.7030989670109964,chem
CPC001 HCC515 6H-vinblastine sulfate-10.0,vinblastine sulfate,HCC515,6H,10.0,61,56,0,1,1.0,0.7431436031873149,0.0,0.741371158392435,0.12892725616443745,0.4574187663496356,-0.3284915101851981,0.9637576558347487,False,1.0,-0.7070676430610809,0.6954348550483173,chem
CPC001 HCC515 6H-cyclosporine-10.0,cyclosporine,HCC515,6H,10.0,58,63,2,0,0.18962158648499267,1.0,2.594672131147541,0.0,0.722112224183196,1.1712616488913863,-0.4491494247081903,0.5049101090785814,True,1.0,0.43063352131873633,0.26124625124958345,chem
CPC001 HCC515 6H-cucurbitacin i-10.0,cucurbitacin i,HCC515,6H,10.0,72,103,0,2,1.0,0.4714545127331613,0.0,1.2779591836734694,0.3265602028671769,0.8124981189057062,-0.4859379160385293,0.8259565562453897,True,1.0,-0.3280168482735593,0.5351549483505498,chem
CPC001 HCC515 6H-kf 38789-10.0,kf 38789,HCC515,6H,10.0,42,51,0,0,1.0,1.0,0.0,0.0,-0.0,0.16829365667717439,-0.16829365667717439,1.0,False,1.0,-0.9543441206638258,1.0,chem
CPC001 HCC515 6H-fluticasone propionate-10.0,fluticasone propionate,HCC515,6H,10.0,67,75,2,4,0.24557543774505536,0.05884411340681371,2.164041095890411,2.8842880147227974,1.8401120493372383,0.8839589674749365,0.9561530818623017,0.0756783636818826,True,1.0,2.5749051590551173,0.026324558480506497,chem
CPC001 HCC515 6H-rimcazole dihydrochloride-10.0,rimcazole dihydrochloride,HCC515,6H,10.0,68,53,0,3,1.0,0.18688175891338424,0.0,2.080907581627006,0.7284330870099992,0.4886055304624651,0.23982755654753413,0.5003346399045383,True,1.0,0.4427566420747426,0.2582472509163612,chem
CPC001 HCC515 6H-wortmannin-10.0,wortmannin,HCC515,6H,10.0,76,76,0,1,1.0,0.8164888153230178,0.0,0.5916784869976359,0.08804976007215684,0.2938379271514546,-0.20578816707929778,0.9820254437778243,False,1.0,-0.7854687783030118,0.7280906364545152,chem
CPC001 HCC515 6H-clofarabine-10.0,clofarabine,HCC515,6H,10.0,55,54,0,3,1.0,0.11919804789072416,0.0,2.606530160486995,0.9237308569886403,-0.0,0.9237308569886403,0.37272858884288906,True,1.0,0.8173286765745368,0.17627457514161946,chem
CPC001 HCC515 6H-sdz nkt 343-10.0,sdz nkt 343,HCC515,6H,10.0,50,74,0,0,1.0,1.0,0.0,0.0,-0.0,-0.0,0.0,1.0,False,1.0,-0.9543441206638258,1.0,chem
CPC001 HCC515 6H-rottlerin ncgc00025228-11-10.0,rottlerin ncgc00025228-11,HCC515,6H,10.0,56,58,0,0,1.0,1.0,0.0,0.0,-0.0,1.4225946074132905,-1.4225946074132905,1.0,False,1.0,-0.9543441206638258,1.0,chem
CPC001 HCC515 6H-jak3 inhibitor vi-10.0,jak3 inhibitor vi,HCC515,6H,10.0,105,101,2,1,0.36719552576557996,0.9044220448427397,1.5891414141414142,0.4247135842880524,0.47873147974904984,0.5980495135906809,-0.11931803384163109,0.6981798903807906,True,1.0,-0.03615942061164391,0.4171942685771409,chem
CPC001 HCC515 6H-ryuvidine-10.0,ryuvidine,HCC515,6H,10.0,116,51,0,2,1.0,0.7278612478474529,0.0,0.7791979949874687,0.13795140233181388,0.9096731592837641,-0.7717217569519502,0.9590626193304743,False,1.0,-0.6897597506570491,0.6874375208263912,chem
CPC001 HCC515 6H-angiogenesis inhibitor-10.0,angiogenesis inhibitor,HCC515,6H,10.0,80,105,0,1,1.0,0.8322496989743087,0.0,0.5613609839303348,0.0797463532560896,1.2723060700155686,-1.192559716759479,0.9850696892279829,False,1.0,-0.801394326171346,0.7337554148617128,chem
"CPC001 HCC515 6H-na-tosyl-lys chloromethyl ketone, hydrochloride-10.0","na-tosyl-lys chloromethyl ketone, hydrochloride",HCC515,6H,10.0,78,105,0,3,1.0,0.24426832983492683,0.0,1.8005755395683454,0.6121328370361013,0.1703066037263896,0.4418262333097117,0.5885615962025932,True,1.0,0.21969817473882863,0.3205598133955348,chem
CPC001 HCC515 6H-er 27319 maleate-10.0,er 27319 maleate,HCC515,6H,10.0,53,214,1,2,0.9375901971395575,0.3246343487509062,0.3581406132266852,1.7593837535014005,0.516592472477926,0.7224021710305555,-0.20580969855262954,0.6664262655626025,True,1.0,0.03645620155438506,0.388870376541153,chem
CPC001 HCC515 6H-mek1/2 inhibitor-10.0,mek1/2 inhibitor,HCC515,6H,10.0,83,82,2,0,0.27858634849951014,1.0,1.9725,0.0,0.555040169019712,0.450532379087067,0.10450778993264498,0.6346272847787762,True,1.0,0.11019709433090022,0.3615461512829057,chem
CPC001 HCC515 6H-ikk 16-10.0,ikk 16,HCC515,6H,10.0,69,74,1,2,0.6127432468373719,0.4494461875405671,1.0686622695755117,1.335820895522388,0.5600437656483606,-0.0,0.5600437656483606,0.6305304549544934,True,1.0,0.11979375981875594,0.35888037320893035,chem
CPC001 HCC515 6H-z-leu3-vs-10.0,z-leu3-vs,HCC515,6H,10.0,54,82,0,2,1.0,0.33271882252510226,0.0,1.7252747252747254,0.47792262958636494,0.2669079324769538,0.21101469710941112,0.6988617536468926,True,1.0,-0.037710757583261686,0.4178607130956348,chem
CPC001 HCC515 6H-piperacetazine-10.0,piperacetazine,HCC515,6H,10.0,46,51,0,2,1.0,0.2675399479808848,0.0,2.0415584415584416,0.5726113617087648,-0.0,0.5726113617087648,0.6202877269843359,True,1.0,0.14389782422067948,0.3515494835054982,chem
CPC001 HCC515 6H-isoflupredone acetate-10.0,isoflupredone acetate,HCC515,6H,10.0,73,71,1,4,0.5974732240617563,0.07572396238836776,1.1149911816578484,2.6309598823776517,1.3444482218762728,0.6909420758570222,0.6535061460192506,0.18530220980403353,True,1.0,1.6242450040502043,0.07864045318227257,chem
CPC001 HCC515 6H-arachidonamide-10.0,arachidonamide,HCC515,6H,10.0,114,87,1,4,0.6725645987653445,0.24031317998899585,0.905254091300603,1.6395256916996048,0.7914884056636835,0.2417249483526789,0.5497634573110046,0.4561848279421119,True,1.0,0.5636938089288569,0.22459180273242252,chem
CPC001 HCC515 6H-syk inhibitor-10.0,syk inhibitor,HCC515,6H,10.0,65,68,2,2,0.2127628920777679,0.41932905746011573,2.396212121212121,1.4215419501133786,1.0495491570258157,0.9762871332558115,0.07326202377000424,0.30482786964902747,True,1.0,1.0586423210026557,0.137620793068977,chem
CPC001 HCC515 6H-bis-tyrphostin-10.0,bis-tyrphostin,HCC515,6H,10.0,54,99,1,0,0.7196340342744381,1.0,0.7928949357520786,0.0,0.1428883053764367,0.05032493560880137,0.09256336976763534,0.9564026139673064,False,1.0,-0.6802910003597218,0.6844385204931689,chem
CPC001 HCC515 6H-bapta-am-10.0,bapta-am,HCC515,6H,10.0,116,77,0,3,1.0,0.47025427916987306,0.0,1.1878143502896799,0.32766724381286805,0.9849711255010036,-0.6573038816881356,0.8250525323540464,True,1.0,-0.32589359525665357,0.5328223925358214,chem
CPC001 HCC515 6H-ag-879-10.0,ag-879,HCC515,6H,10.0,55,78,0,1,1.0,0.7062317609264366,0.0,0.8245337536117678,0.1510527550752136,-0.0,0.1510527550752136,0.9518675165134086,False,1.0,-0.6646319657758832,0.6794401866044651,chem
CPC001 HCC515 6H-BRD-K62310379 (fluticasone propionate)-10.0,brd-k62310379 (fluticasone propionate),HCC515,6H,10.0,80,92,1,4,0.6930570531303011,0.09815434510397959,0.8548365215031881,2.3859649122807016,1.1673214826300797,0.19274439605369217,0.9745770865763875,0.25087223283201665,True,1.0,1.2845241608935358,0.10963012329223593,chem
CPC001 HCC515 6H-methyl 7-desoxypurpurogallin-7-carboxylate trimethyl ether-10.0,methyl 7-desoxypurpurogallin-7-carboxylate trimethyl ether,HCC515,6H,10.0,92,52,1,1,0.4859747478827887,0.8719093541651274,1.5349794238683128,0.48640012469799704,0.37291495990966894,0.16377284357838476,0.20914211633128418,0.7875660054010537,True,1.0,-0.23911058141731797,0.49416861046317895,chem
"CPC001 HCC515 6H-ici-162,846-10.0","ici-162,846",HCC515,6H,10.0,76,67,1,1,0.5761845096666045,0.8164888153230178,1.1833146277590723,0.5916784869976359,0.3274881816861557,-0.0,0.3274881816861557,0.8251988079054984,True,1.0,-0.3262370280829058,0.5328223925358214,chem
CPC001 HCC515 6H-jak3 inhibitor i-10.0,jak3 inhibitor i,HCC515,6H,10.0,47,87,2,3,0.3021357766264235,0.0833348121186535,1.855,3.0843688685415303,1.5989713852004592,0.4121674622013851,1.1868039229990741,0.11787955117531675,True,1.0,2.112408586891373,0.044318560479840056,chem
CPC001 HCC515 6H-arp 101-10.0,arp 101,HCC515,6H,10.0,109,35,1,2,0.3606648044546297,0.6954847519757756,2.308641975308642,0.8311081441922563,0.6006086235007154,0.3897527074756364,0.21085591602507903,0.5977323421656966,True,1.0,0.19759526946534978,0.3315561479506831,chem
CPC001 HCC515 6H-imd 0354-10.0,imd 0354,HCC515,6H,10.0,70,47,0,2,1.0,0.4568394745592374,0.0,1.3159663865546218,0.3402363766480224,-0.0,0.3402363766480224,0.8147381216998828,True,1.0,-0.3017865833922742,0.5218260579806732,chem
CPC001 HCC515 6H-homoharringtonine-10.0,homoharringtonine,HCC515,6H,10.0,164,120,1,7,0.7864660812272108,0.06831402725183788,0.6507936507936508,2.039396083982071,1.2698101142855684,0.4933769438499805,0.776433170435588,0.21081515216113314,True,1.0,1.4810925870281246,0.0923025658113962,chem
CPC001 HCC515 6H-gw 583340 dihydrochloride-10.0,gw 583340 dihydrochloride,HCC515,6H,10.0,62,62,0,2,1.0,0.3962092340634282,0.0,1.4933333333333334,0.4020754070002483,0.3868324520601967,0.015242954940051623,0.7630248296592255,True,1.0,-0.18318220089952464,0.47517494168610463,chem
CPC001 HCC515 6H-pyrrolidinedithiocarbamate ammonium-10.0,pyrrolidinedithiocarbamate ammonium,HCC515,6H,10.0,82,69,1,0,0.5869643303886037,1.0,1.1481481481481481,0.0,0.2313882898700793,0.3473222991548074,-0.11593400928472808,0.8996937761511941,True,1.0,-0.5105521485100085,0.6144618460513163,chem
CPC001 HCC515 6H-vorinostat-10.0,vorinostat,HCC515,6H,10.0,140,132,0,2,1.0,0.8176164573812933,0.0,0.6412008281573499,0.087450375431049,0.1017684557519518,-0.014318080320902801,0.9822532859296391,False,1.0,-0.7866183701518703,0.7280906364545152,chem
CPC001 HCC515 6H-halcinonide-10.0,halcinonide,HCC515,6H,10.0,73,73,0,3,1.0,0.21515601867064685,0.0,1.9307297019527236,0.6672465006672248,0.5362579489811834,0.1309885516860414,0.54571997132861,True,1.0,0.3254036168301796,0.28490503165611464,chem
CPC001 HCC515 6H-cp 93129 dihydrochloride-10.0,cp 93129 dihydrochloride,HCC515,6H,10.0,49,73,1,1,0.6077179178677024,0.6640580783349529,1.083676268861454,0.9284869976359338,0.39409189448406956,0.09490004427342848,0.2991918502106411,0.769762485928914,True,1.0,-0.19849420638717916,0.4805064978340553,chem
CPC001 HCC515 6H-pd 407824-10.0,pd 407824,HCC515,6H,10.0,114,93,0,3,1.0,0.4588299004172677,0.0,1.2096052887419795,0.3383482883228557,1.5899115777986177,-1.251563289475762,0.8162931377054466,True,1.0,-0.3054078489364243,0.5224925024991669,chem
CPC001 HCC515 6H-strophanthidin-10.0,strophanthidin,HCC515,6H,10.0,56,71,1,2,0.5974732240617563,0.3488038208789939,1.1149911816578484,1.6608465608465608,0.6811003193282781,-0.0,0.6811003193282781,0.5352343595295298,True,1.0,0.3519745963248736,0.27924025324891705,chem
CPC001 HCC515 6H-ag 592-10.0,ag 592,HCC515,6H,10.0,85,69,0,0,1.0,1.0,0.0,0.0,-0.0,0.1049698316977878,-0.1049698316977878,1.0,False,1.0,-0.9543441206638258,1.0,chem
CPC001 HCC515 6H-tws119-10.0,tws119,HCC515,6H,10.0,66,108,1,1,0.7504881416164202,0.7703571921696406,0.7251644167532018,0.6837970540098199,0.2379640240469666,0.1607667747106249,0.0771972493363417,0.89492774111779,False,1.0,-0.49794019636515874,0.611462845718094,chem
CPC001 HCC515 6H-bml-190-10.0,bml-190,HCC515,6H,10.0,46,36,0,1,1.0,0.6407694557263302,0.0,0.9908589440504334,0.1932981984307902,0.3518388437881739,-0.1585406453573837,0.9259666814856249,False,1.0,-0.5836071713413398,0.6467844051982673,chem
CPC001 HCC515 6H-dehydroisoandosterone 3-acetate-10.0,dehydroisoandosterone 3-acetate,HCC515,6H,10.0,52,70,1,0,0.592252218742723,1.0,1.1313293970298801,0.0,0.22749330361335865,0.41573153356960757,-0.18823822995624892,0.902487368919322,True,1.0,-0.5180225508944707,0.6174608463845385,chem
CPC001 HCC515 6H-pi 828-10.0,pi 828,HCC515,6H,10.0,69,45,1,2,0.4376233415150166,0.4494461875405671,1.7811447811447811,1.335820895522388,0.7062218212480227,0.19883252618512057,0.5073892950629021,0.5165297797165854,True,1.0,0.4001564679601633,0.26724425191602796,chem
CPC001 PC3 24H-hemado-10.0,hemado,PC3,24H,10.0,6,9,0,0,1.0,1.0,0.0,0.0,-0.0,-0.0,0.0,1.0,False,1.0,-0.9543441206638258,1.0,chem
"CPC001 PC3 24H-cp 55,940-10.0","cp 55,940",PC3,24H,10.0,8,10,0,0,1.0,1.0,0.0,0.0,-0.0,-0.0,0.0,1.0,False,1.0,-0.9543441206638258,1.0,chem
CPC001 PC3 24H-n-benzylnaltrindole hydrochloride-10.0,n-benzylnaltrindole hydrochloride,PC3,24H,10.0,43,8,0,1,1.0,0.6158785350844703,0.0,1.0621411685241473,0.2105049319006799,0.7887279586179001,-0.5782230267172203,0.9143982595785249,True,1.0,-0.5506054572735489,0.631789403532156,chem
CPC001 PC3 24H-cilnidipine-10.0,cilnidipine,PC3,24H,10.0,25,12,1,1,0.14195119829236505,0.42621022100959977,7.161616161616162,1.864066193853428,1.2182370766086263,0.5633279061984299,0.6549091704101965,0.230212220631172,True,1.0,1.3821779007513717,0.09963345551482838,chem
CPC001 PC3 24H-ub 165 fumarate-10.0,ub 165 fumarate,PC3,24H,10.0,2,10,0,0,1.0,1.0,0.0,0.0,-0.0,-0.0,0.0,1.0,False,1.0,-0.9543441206638258,1.0,chem
CPC001 PC3 24H-brefeldin a-10.0,brefeldin a,PC3,24H,10.0,110,237,3,2,0.5828163158025473,0.7002958569376848,0.9993508601103538,0.8232804232804233,0.3891867417623627,0.16766528790421206,0.2215214538581506,0.7738960823017036,False,1.0,-0.20790206104267722,0.4851716094635122,chem
CPC001 PC3 24H-trichostatin a-10.0,trichostatin a,PC3,24H,10.0,218,283,4,5,0.4850158580352434,0.5243733486925332,1.1236099623196398,1.0484561872451252,0.5946034509765459,0.33747269996601675,0.2571307510105291,0.6025381260464509,True,1.0,0.18607762801892438,0.33655448183938685,chem
CPC001 PC3 24H-geldanamycin-10.0,geldanamycin,PC3,24H,10.0,87,114,1,1,0.769168495400468,0.8566640097411657,0.6860045886594559,0.5150915388421573,0.18116799080672266,0.8581461341469646,-0.676978143340242,0.9337901214784906,False,1.0,-0.6068723450765483,0.6551149616794402,chem
CPC001 PC3 24H-vinblastine sulfate-10.0,vinblastine sulfate,PC3,24H,10.0,64,59,1,2,0.5302154054815167,0.41167055954271353,1.3482332907620265,1.444700460829493,0.6609978482238646,0.13585556839436858,0.525142279829496,0.5504880388865194,True,1.0,0.3134189922292561,0.2902365878040653,chem
CPC001 PC3 24H-taxol-10.0,taxol,PC3,24H,10.0,30,40,0,1,1.0,0.4866779630748387,0.0,1.5414526779163609,0.31275831829660106,0.2296813124583833,0.08307700583821775,0.8371603837039141,True,1.0,-0.3544882205995071,0.5474841719426857,chem
CPC001 PC3 24H-heat hydrochloride-10.0,heat hydrochloride,PC3,24H,10.0,13,2,0,0,1.0,1.0,0.0,0.0,-0.0,-0.0,0.0,1.0,False,1.0,-0.9543441206638258,1.0,chem
CPC001 PC3 24H-genistin-10.0,genistin,PC3,24H,10.0,32,9,1,1,0.10845014617432895,0.50905354969512,9.851851851851851,1.441546556851979,1.2580063881031873,0.7422119064117775,0.5157944816914098,0.21512301614565757,True,1.0,1.4584535895050268,0.0939686771076308,chem
CPC001 PC3 24H-cyclosporine-10.0,cyclosporine,PC3,24H,10.0,135,117,3,1,0.18457457247617423,0.9514814618598719,2.0912724850099935,0.32804064782470627,0.7554277976946541,0.9350011326496108,-0.17957333495495675,0.4810979270008253,True,1.0,0.49453124095004136,0.24425191602799068,chem
CPC001 PC3 24H-estradiol valerate-10.0,estradiol valerate,PC3,24H,10.0,29,13,0,1,1.0,0.47511335427849205,0.0,1.596757852077001,0.3232027624497683,-0.0,0.3232027624497683,0.8286935975885885,True,1.0,-0.3344562627532951,0.538487170943019,chem
CPC001 PC3 24H-lfm-a12-10.0,lfm-a12,PC3,24H,10.0,13,18,0,0,1.0,1.0,0.0,0.0,-0.0,-0.0,0.0,1.0,False,1.0,-0.9543441206638258,1.0,chem
CPC001 PC3 24H-meclocycline sulfosalicylate-10.0,meclocycline sulfosalicylate,PC3,24H,10.0,12,5,0,0,1.0,1.0,0.0,0.0,-0.0,0.8478609369911335,-0.8478609369911335,1.0,False,1.0,-0.9543441206638258,1.0,chem
CPC001 PC3 24H-kf 38789-10.0,kf 38789,PC3,24H,10.0,54,48,1,0,0.4588721505929316,1.0,1.6666666666666667,0.0,0.338308299269452,0.48467040708434583,-0.14636210781489384,0.8163260518464907,True,1.0,-0.30548454607993386,0.5238253915361546,chem
CPC001 PC3 24H-lobelanidine hydrochloride-10.0,lobelanidine hydrochloride,PC3,24H,10.0,10,1,0,0,1.0,1.0,0.0,0.0,-0.0,-0.0,0.0,1.0,False,1.0,-0.9543441206638258,1.0,chem
CPC001 PC3 24H-fluticasone propionate-10.0,fluticasone propionate,PC3,24H,10.0,13,19,0,1,1.0,0.2506766783838304,0.0,3.735224586288416,0.6008860685960127,0.463125985490834,0.13776008310517868,0.5975107507456399,True,1.0,0.19812739624702705,0.3312229256914362,chem
CPC001 PC3 24H-rimcazole dihydrochloride-10.0,rimcazole dihydrochloride,PC3,24H,10.0,16,3,0,1,1.0,0.2990120381303704,0.0,2.986761229314421,0.5243113267647002,-0.0,0.5243113267647002,0.6600007335052211,True,1.0,0.051260604874098746,0.3822059313562146,chem
CPC001 PC3 24H-clobetasol propionate-10.0,clobetasol propionate,PC3,24H,10.0,5,7,0,0,1.0,1.0,0.0,0.0,-0.0,-0.0,0.0,1.0,False,1.0,-0.9543441206638258,1.0,chem
CPC001 PC3 24H-ginsenoside-rc-10.0,ginsenoside-rc,PC3,24H,10.0,14,9,0,1,1.0,0.26714532281495496,0.0,3.447354064375341,0.5732524250499975,-0.0,0.5732524250499975,0.619767127893641,True,1.0,0.14512735387682985,0.3505498167277574,chem
CPC001 PC3 24H-bw-b 70c-10.0,bw-b 70c,PC3,24H,10.0,22,3,0,0,1.0,1.0,0.0,0.0,-0.0,-0.0,0.0,1.0,False,1.0,-0.9543441206638258,1.0,chem
CPC001 PC3 24H-wortmannin-10.0,wortmannin,PC3,24H,10.0,131,150,4,2,0.12183190238053965,0.7875586762202808,2.1938883034773444,0.6869324473975637,1.0179560540019492,0.10414593752533326,0.9138101164766159,0.32084936204599845,True,1.0,0.9980482196101743,0.14595134955014996,chem
CPC001 PC3 24H-pd 166793-10.0,pd 166793,PC3,24H,10.0,33,16,0,1,1.0,0.519875405631676,0.0,1.3962765957446808,0.2841007277695349,-0.0,0.2841007277695349,0.8599602725684471,True,1.0,-0.40945214562926635,0.5761412862379207,chem
CPC001 PC3 24H-fr 139317-10.0,fr 139317,PC3,24H,10.0,5,10,0,0,1.0,1.0,0.0,0.0,-0.0,-0.0,0.0,1.0,False,1.0,-0.9543441206638258,1.0,chem
CPC001 PC3 24H-kn-62-10.0,kn-62,PC3,24H,10.0,16,1,0,0,1.0,1.0,0.0,0.0,-0.0,-0.0,0.0,1.0,False,1.0,-0.9543441206638258,1.0,chem
CPC001 PC3 24H-u 18666a-10.0,u 18666a,PC3,24H,10.0,25,5,0,1,1.0,0.42621022100959977,0.0,1.864066193853428,0.3703761396174927,-0.0,0.3703761396174927,0.789691920411482,True,1.0,-0.24397992059192203,0.4971676107964012,chem
CPC001 PC3 24H-clofarabine-10.0,clofarabine,PC3,24H,10.0,69,74,0,3,1.0,0.19245718290276026,0.0,2.0490516677567037,0.7156658754926478,0.7552404788048646,-0.03957460331221674,0.5096038288682874,True,1.0,0.41826972451564026,0.26291236254581807,chem
CPC001 PC3 24H-sdz nkt 343-10.0,sdz nkt 343,PC3,24H,10.0,13,3,0,0,1.0,1.0,0.0,0.0,-0.0,-0.0,0.0,1.0,False,1.0,-0.9543441206638258,1.0,chem
CPC001 PC3 24H-tenidap-10.0,tenidap,PC3,24H,10.0,26,14,0,1,1.0,0.4388444509082874,0.0,1.7892198581560284,0.35768938883102475,-0.0,0.35768938883102475,0.800281240870174,True,1.0,-0.26831251821348673,0.5091636121292903,chem
CPC001 PC3 24H-sarmentogenin-10.0,sarmentogenin,PC3,24H,10.0,199,129,2,6,0.48925263080999687,0.2712099393056536,1.233267716535433,1.4033069186223712,0.8771612288577955,0.24820831936366977,0.6289529094941257,0.40068961667953307,True,1.0,0.7280102969700122,0.1939353548817061,chem
CPC001 PC3 24H-gr 89696 fumarate-10.0,gr 89696 fumarate,PC3,24H,10.0,6,11,0,0,1.0,1.0,0.0,0.0,-0.0,-0.0,0.0,1.0,False,1.0,-0.9543441206638258,1.0,chem
CPC001 PC3 24H-ntncb hydrochloride-10.0,ntncb hydrochloride,PC3,24H,10.0,42,8,1,0,0.09699853464336017,1.0,11.261022927689595,0.0,1.0132348265699376,-0.0,1.0132348265699376,0.323301878393414,True,1.0,0.9889931251012188,0.1506164611796068,chem
CPC001 PC3 24H-pnu 96415e-10.0,pnu 96415e,PC3,24H,10.0,4,6,0,0,1.0,1.0,0.0,0.0,-0.0,-0.0,0.0,1.0,False,1.0,-0.9543441206638258,1.0,chem
CPC001 PC3 24H-BRD-A95445494-10.0,brd-a95445494,PC3,24H,10.0,8,2,0,0,1.0,1.0,0.0,0.0,-0.0,1.3626103748969798,-1.3626103748969798,1.0,False,1.0,-0.9543441206638258,1.0,chem
"CPC001 PC3 24H-l-732,138-10.0","l-732,138",PC3,24H,10.0,6,5,0,0,1.0,1.0,0.0,0.0,-0.0,-0.0,0.0,1.0,False,1.0,-0.9543441206638258,1.0,chem
CPC001 PC3 24H-o-2050-10.0,o-2050,PC3,24H,10.0,17,8,0,0,1.0,1.0,0.0,0.0,-0.0,-0.0,0.0,1.0,False,1.0,-0.9543441206638258,1.0,chem
CPC001 PC3 24H-rottlerin ncgc00025228-11-10.0,rottlerin ncgc00025228-11,PC3,24H,10.0,137,176,3,3,0.38629416902535846,0.5827896057307156,1.3651130460232677,0.9982819714377752,0.6475700499647066,0.4089296535407553,0.2386403964239513,0.5608135803720062,True,1.0,0.2876651000402377,0.29656781072975674,chem
CPC001 PC3 24H-jak3 inhibitor vi-10.0,jak3 inhibitor vi,PC3,24H,10.0,83,117,0,0,1.0,1.0,0.0,0.0,-0.0,1.3799601715472756,-1.3799601715472756,1.0,False,1.0,-0.9543441206638258,1.0,chem
CPC001 PC3 24H-zk 164015-10.0,zk 164015,PC3,24H,10.0,102,28,0,3,1.0,0.38841448371220477,0.0,1.3588402005668192,0.41070458391591746,0.42973025954682315,-0.01902567563090568,0.7557311675918637,True,1.0,-0.16663184114009494,0.4708430523158947,chem
CPC001 PC3 24H-sericetin-10.0,sericetin,PC3,24H,10.0,25,3,0,0,1.0,1.0,0.0,0.0,-0.0,-0.0,0.0,1.0,False,1.0,-0.9543441206638258,1.0,chem
CPC001 PC3 24H-ryuvidine-10.0,ryuvidine,PC3,24H,10.0,59,88,0,1,1.0,0.731382275965789,0.0,0.7671802396674003,0.13585556839436858,0.06557692554351893,0.07027864285084964,0.960172552967361,False,1.0,-0.6937794626179611,0.6897700766411197,chem
CPC001 PC3 24H-ag 825-10.0,ag 825,PC3,24H,10.0,3,8,0,0,1.0,1.0,0.0,0.0,-0.0,-0.0,0.0,1.0,False,1.0,-0.9543441206638258,1.0,chem
CPC001 PC3 24H-angiogenesis inhibitor-10.0,angiogenesis inhibitor,PC3,24H,10.0,15,4,0,0,1.0,1.0,0.0,0.0,-0.0,-0.0,0.0,1.0,False,1.0,-0.9543441206638258,1.0,chem
CPC001 PC3 24H-mibefradil dihydrochloride-10.0,mibefradil dihydrochloride,PC3,24H,10.0,25,6,0,1,1.0,0.42621022100959977,0.0,1.864066193853428,0.3703761396174927,-0.0,0.3703761396174927,0.789691920411482,True,1.0,-0.24397992059192203,0.4971676107964012,chem
CPC001 PC3 24H-ic 261-10.0,ic 261,PC3,24H,10.0,47,74,0,0,1.0,1.0,0.0,0.0,-0.0,0.3135120605578806,-0.3135120605578806,1.0,False,1.0,-0.9543441206638258,1.0,chem
CPC001 PC3 24H-bu 239 hydrochloride-10.0,bu 239 hydrochloride,PC3,24H,10.0,7,6,1,1,0.07365766682373491,0.14385787876763215,15.77037037037037,7.4775413711583925,1.9748483897566187,-0.0,1.9748483897566187,0.058780036995666,True,1.0,2.8333231899290166,0.017994001999333556,chem
CPC001 PC3 24H-gr 127935 hydrochloride-10.0,gr 127935 hydrochloride,PC3,24H,10.0,47,9,0,1,1.0,0.6487051647006395,0.0,0.9691643539932162,0.18795264439741394,-0.0,0.18795264439741394,0.9294498119856278,False,1.0,-0.5938596952182346,0.6511162945684772,chem
CPC001 PC3 24H-er 27319 maleate-10.0,er 27319 maleate,PC3,24H,10.0,244,176,3,6,0.38629416902535846,0.4473118458636493,1.3651130460232677,1.129634206623826,0.762471447869828,0.9431568665145604,-0.18068541864473242,0.476160601099911,True,1.0,0.5080406342048045,0.24158613795401532,chem
CPC001 PC3 24H-dichlorobenzamil-10.0,dichlorobenzamil,PC3,24H,10.0,56,33,0,1,1.0,0.7127304507454809,0.0,0.8094132817537073,0.1470746859789352,0.2841007277695349,-0.13702604179059968,0.9540980287345754,False,1.0,-0.6722617171802987,0.6814395201599467,chem
CPC001 PC3 24H-cyclosporin a-10.0,cyclosporin a,PC3,24H,10.0,22,8,0,1,1.0,0.38658788127807586,0.0,2.131374535629855,0.4127517643182056,-0.0,0.4127517643182056,0.7539994803439586,True,1.0,-0.1627054443954878,0.4688437187604132,chem
CPC001 PC3 24H-cosmosiin-10.0,cosmosiin,PC3,24H,10.0,18,21,1,0,0.2351709230317128,1.0,3.933333333333333,0.0,0.6286163762503125,0.4285405625261831,0.20007581372412941,0.5755673581597309,True,1.0,0.25131283587858194,0.31356214595134957,chem
"CPC001 PC3 24H-ly-165,163-10.0","ly-165,163",PC3,24H,10.0,15,0,0,0,1.0,1.0,0.0,0.0,-0.0,-0.0,0.0,1.0,False,1.0,-0.9543441206638258,1.0,chem
CPC001 PC3 24H-ag 556-10.0,ag 556,PC3,24H,10.0,19,3,0,0,1.0,1.0,0.0,0.0,-0.0,-0.0,0.0,1.0,False,1.0,-0.9543441206638258,1.0,chem
CPC001 PC3 24H-ikk 16-10.0,ikk 16,PC3,24H,10.0,67,141,4,1,0.10306179294417234,0.7754460309199388,2.3413812464907355,0.6733290350311627,1.0973507290749185,0.9449936203246735,0.152357108750245,0.28185330840949674,True,1.0,1.1503235117130213,0.12395868043985338,chem
"CPC001 PC3 24H-l-733,060 hydrochloride-10.0","l-733,060 hydrochloride",PC3,24H,10.0,5,7,0,0,1.0,1.0,0.0,0.0,-0.0,-0.0,0.0,1.0,False,1.0,-0.9543441206638258,1.0,chem
CPC001 PC3 24H-z-leu3-vs-10.0,z-leu3-vs,PC3,24H,10.0,138,171,1,2,0.890194975998616,0.8112825324187476,0.45185185185185184,0.6508403361344538,0.141342735717698,0.328102292626863,-0.18675955690916501,0.9572421605127351,False,1.0,-0.6832553310410102,0.6844385204931689,chem
CPC001 PC3 24H-fit-10.0,fit,PC3,24H,10.0,33,11,0,1,1.0,0.519875405631676,0.0,1.3962765957446808,0.2841007277695349,-0.0,0.2841007277695349,0.8599602725684471,True,1.0,-0.40945214562926635,0.5761412862379207,chem
CPC001 PC3 24H-am 404-10.0,am 404,PC3,24H,10.0,10,0,0,0,1.0,1.0,0.0,0.0,-0.0,-0.0,0.0,1.0,False,1.0,-0.9543441206638258,1.0,chem
CPC001 PC3 24H-digoxin-10.0,digoxin,PC3,24H,10.0,128,107,0,5,1.0,0.1495091455684822,0.0,1.8423238976915317,0.8253322404603387,0.13443898751574263,0.6908932529445961,0.43363598397679315,True,1.0,0.628604709122159,0.21326224591802734,chem
CPC001 PC3 24H-resveratrol-10.0,resveratrol,PC3,24H,10.0,20,9,0,0,1.0,1.0,0.0,0.0,-0.0,0.7422119064117775,-0.7422119064117775,1.0,False,1.0,-0.9543441206638258,1.0,chem
CPC001 PC3 24H-prostaglandin e2-10.0,prostaglandin e2,PC3,24H,10.0,6,11,0,1,1.0,0.12464001894863175,0.0,8.974468085106382,0.9043424936470758,-0.0,0.9043424936470758,0.3841811143138144,True,1.0,0.7801426979365558,0.18227257580806397,chem
CPC001 PC3 24H-pdgf receptor tyrosine kinase inhibitor i-10.0,pdgf receptor tyrosine kinase inhibitor i,PC3,24H,10.0,29,30,0,0,1.0,1.0,0.0,0.0,-0.0,-0.0,0.0,1.0,False,1.0,-0.9543441206638258,1.0,chem
CPC001 PC3 24H-h 89 dihydrochloride-10.0,h 89 dihydrochloride,PC3,24H,10.0,21,2,0,0,1.0,1.0,0.0,0.0,-0.0,-0.0,0.0,1.0,False,1.0,-0.9543441206638258,1.0,chem
CPC001 PC3 24H-syk inhibitor-10.0,syk inhibitor,PC3,24H,10.0,34,28,0,0,1.0,1.0,0.0,0.0,-0.0,-0.0,0.0,1.0,False,1.0,-0.9543441206638258,1.0,chem
CPC001 PC3 24H-nsc 693868-10.0,nsc 693868,PC3,24H,10.0,12,10,0,1,1.0,0.23384061641080872,0.0,4.075435203094777,0.6310800528359605,0.701073797866221,-0.06999374503026057,0.5736380458255381,True,1.0,0.25603805292093007,0.3092302565811396,chem
CPC001 PC3 24H-ag 494-10.0,ag 494,PC3,24H,10.0,27,4,0,0,1.0,1.0,0.0,0.0,-0.0,-0.0,0.0,1.0,False,1.0,-0.9543441206638258,1.0,chem
CPC001 PC3 24H-tms-10.0,tms,PC3,24H,10.0,5,9,0,0,1.0,1.0,0.0,0.0,-0.0,1.8083984565205349,-1.8083984565205349,1.0,False,1.0,-0.9543441206638258,1.0,chem
CPC001 PC3 24H-aloisine-10.0,aloisine,PC3,24H,10.0,15,17,0,0,1.0,1.0,0.0,0.0,-0.0,1.2806996526962109,-1.2806996526962109,1.0,False,1.0,-0.9543441206638258,1.0,chem
CPC001 PC3 24H-jak3 inhibitor ii-10.0,jak3 inhibitor ii,PC3,24H,10.0,69,36,0,1,1.0,0.78529018296315,0.0,0.6533166458072591,0.1049698316977878,0.4902839424638904,-0.3853141107661026,0.9750963669568261,False,1.0,-0.7530168683124985,0.7190936354548484,chem
CPC001 PC3 24H-ntzdpa-10.0,ntzdpa,PC3,24H,10.0,16,4,0,0,1.0,1.0,0.0,0.0,-0.0,-0.0,0.0,1.0,False,1.0,-0.9543441206638258,1.0,chem
CPC001 PC3 24H-ag-879-10.0,ag-879,PC3,24H,10.0,115,86,1,2,0.6683067962120237,0.7234197483874949,0.9160493827160494,0.7862199747155499,0.3156337621396828,0.36664292316548813,-0.05100916102580533,0.8348369005117919,False,1.0,-0.3489732531192802,0.5428190603132289,chem
CPC001 PC3 24H-sb 225002-10.0,sb 225002,PC3,24H,10.0,56,37,0,0,1.0,1.0,0.0,0.0,-0.0,0.7113695277194034,-0.7113695277194034,1.0,False,1.0,-0.9543441206638258,1.0,chem
CPC001 PC3 24H-t 98475-10.0,t 98475,PC3,24H,10.0,25,4,0,0,1.0,1.0,0.0,0.0,-0.0,-0.0,0.0,1.0,False,1.0,-0.9543441206638258,1.0,chem
CPC001 PC3 24H-lylamine hydrochloride-10.0,lylamine hydrochloride,PC3,24H,10.0,38,2,0,0,1.0,1.0,0.0,0.0,-0.0,-0.0,0.0,1.0,False,1.0,-0.9543441206638258,1.0,chem
CPC001 PC3 24H-BRD-K62310379 (fluticasone propionate)-10.0,brd-k62310379 (fluticasone propionate),PC3,24H,10.0,17,7,0,0,1.0,1.0,0.0,0.0,-0.0,-0.0,0.0,1.0,False,1.0,-0.9543441206638258,1.0,chem
CPC001 PC3 24H-dy131-10.0,dy131,PC3,24H,10.0,14,7,0,0,1.0,1.0,0.0,0.0,-0.0,-0.0,0.0,1.0,False,1.0,-0.9543441206638258,1.0,chem
CPC001 PC3 24H-scoulerine-10.0,scoulerine,PC3,24H,10.0,13,7,0,0,1.0,1.0,0.0,0.0,-0.0,-0.0,0.0,1.0,False,1.0,-0.9543441206638258,1.0,chem
CPC001 PC3 24H-jte 907-10.0,jte 907,PC3,24H,10.0,10,12,0,0,1.0,1.0,0.0,0.0,-0.0,0.6310800528359605,-0.6310800528359605,1.0,False,1.0,-0.9543441206638258,1.0,chem
CPC001 PC3 24H-cfm 1571 hydrochloride-10.0,cfm 1571 hydrochloride,PC3,24H,10.0,12,2,0,0,1.0,1.0,0.0,0.0,-0.0,-0.0,0.0,1.0,False,1.0,-0.9543441206638258,1.0,chem
CPC001 PC3 24H-ivachtin-10.0,ivachtin,PC3,24H,10.0,11,6,0,0,1.0,1.0,0.0,0.0,-0.0,-0.0,0.0,1.0,False,1.0,-0.9543441206638258,1.0,chem
CPC001 PC3 24H-diphenyleneiodonium chloride-10.0,diphenyleneiodonium chloride,PC3,24H,10.0,40,12,0,0,1.0,1.0,0.0,0.0,-0.0,-0.0,0.0,1.0,False,1.0,-0.9543441206638258,1.0,chem
CPC001 PC3 24H-lawsone-10.0,lawsone,PC3,24H,10.0,13,6,0,1,1.0,0.2506766783838304,0.0,3.735224586288416,0.6008860685960127,-0.0,0.6008860685960127,0.5975107507456399,True,1.0,0.19812739624702705,0.3312229256914362,chem
"CPC001 PC3 24H-ici-162,846-10.0","ici-162,846",PC3,24H,10.0,12,3,0,0,1.0,1.0,0.0,0.0,-0.0,-0.0,0.0,1.0,False,1.0,-0.9543441206638258,1.0,chem
CPC001 PC3 24H-gsk-3b inhibitor viii-10.0,gsk-3b inhibitor viii,PC3,24H,10.0,23,6,0,0,1.0,1.0,0.0,0.0,-0.0,-0.0,0.0,1.0,False,1.0,-0.9543441206638258,1.0,chem
CPC001 PC3 24H-w-9 hydrochloride-10.0,w-9 hydrochloride,PC3,24H,10.0,13,3,0,1,1.0,0.2506766783838304,0.0,3.735224586288416,0.6008860685960127,-0.0,0.6008860685960127,0.5975107507456399,True,1.0,0.19812739624702705,0.3312229256914362,chem
CPC001 PC3 24H-jak3 inhibitor i-10.0,jak3 inhibitor i,PC3,24H,10.0,2,15,0,0,1.0,1.0,0.0,0.0,-0.0,0.5478231629924638,-0.5478231629924638,1.0,False,1.0,-0.9543441206638258,1.0,chem
CPC001 PC3 24H-arp 101-10.0,arp 101,PC3,24H,10.0,138,44,0,3,1.0,0.5877660138038459,0.0,0.9907274180655475,0.23079552960089206,0.7992794869132882,-0.5684839573123961,0.9001203588159558,False,1.0,-0.5116890351217931,0.6151282905698101,chem
CPC001 PC3 24H-purmorphamine-10.0,purmorphamine,PC3,24H,10.0,24,4,0,1,1.0,0.41329358362585905,0.0,1.9454209065679926,0.3837413370785968,-0.0,0.3837413370785968,0.7784785882603942,True,1.0,-0.21834609382039896,0.4901699433522159,chem
CPC001 PC3 24H-imd 0354-10.0,imd 0354,PC3,24H,10.0,205,147,2,5,0.5597593888269763,0.4697290055212408,1.0770689655172414,1.118978102189781,0.5801512348107385,0.9767282662443886,-0.3965770314336501,0.6141766010778793,True,1.0,0.15835894995696123,0.34521826057980676,chem
CPC001 PC3 24H-ag-1296-10.0,ag-1296,PC3,24H,10.0,4,10,0,0,1.0,1.0,0.0,0.0,-0.0,0.701073797866221,-0.701073797866221,1.0,False,1.0,-0.9543441206638258,1.0,chem
CPC001 PC3 24H-homoharringtonine-10.0,homoharringtonine,PC3,24H,10.0,175,123,0,8,1.0,0.0380541963238034,0.0,2.203950308338547,1.4195974456007392,0.21210894375518632,1.2074885018455528,0.16244361904664337,True,1.0,1.7683777180316906,0.06864378540486504,chem
CPC001 PC3 24H-rs 17053 hydrochloride-10.0,rs 17053 hydrochloride,PC3,24H,10.0,50,49,2,1,0.1274250271465852,0.6714827869538534,3.375,0.9093935446519034,1.067710380940441,0.5344919444562709,0.53321843648417,0.2959215863820027,True,1.0,1.093474703325564,0.13428857047650783,chem
CPC001 PC3 24H-BRD-K81209512 (ag 494)-10.0,brd-k81209512 (ag 494),PC3,24H,10.0,12,4,0,0,1.0,1.0,0.0,0.0,-0.0,-0.0,0.0,1.0,False,1.0,-0.9543441206638258,1.0,chem
CPC001 PC3 24H-sch 58261-10.0,sch 58261,PC3,24H,10.0,3,10,0,0,1.0,1.0,0.0,0.0,-0.0,-0.0,0.0,1.0,False,1.0,-0.9543441206638258,1.0,chem
CPC001 PC3 24H-vorinostat-10.0,vorinostat,PC3,24H,10.0,253,243,5,6,0.19382699112607657,0.4823565172740706,1.679035250463822,1.0868659204572517,1.029217595167259,0.7515806151363618,0.2776369800308973,0.3150608237481893,True,1.0,1.019647331501491,0.1432855714761746,chem
CPC001 PC3 24H-halcinonide-10.0,halcinonide,PC3,24H,10.0,11,8,0,0,1.0,1.0,0.0,0.0,-0.0,-0.0,0.0,1.0,False,1.0,-0.9543441206638258,1.0,chem
CPC001 PC3 24H-pd 407824-10.0,pd 407824,PC3,24H,10.0,92,85,1,3,0.663994311241259,0.3282040419466988,0.9271017048794826,1.5139439010589282,0.6616917161885275,1.4234145512429248,-0.7617228350543973,0.5499574094372786,True,1.0,0.3147497986958452,0.2899033655448184,chem
CPC001 PC3 24H-fk 888-10.0,fk 888,PC3,24H,10.0,18,6,0,0,1.0,1.0,0.0,0.0,-0.0,-0.0,0.0,1.0,False,1.0,-0.9543441206638258,1.0,chem
CPC001 PC3 24H-r(+)-skf-81297-10.0,r(+)-skf-81297,PC3,24H,10.0,86,21,0,0,1.0,1.0,0.0,0.0,-0.0,1.4506610363147365,-1.4506610363147365,1.0,False,1.0,-0.9543441206638258,1.0,chem
CPC001 PC3 24H-strophanthidin-10.0,strophanthidin,PC3,24H,10.0,110,75,0,3,1.0,0.4356850840326678,0.0,1.2556310092113225,0.36082730816888536,0.4797806018874328,-0.11895329371854746,0.7976677539295958,True,1.0,-0.2622941349487559,0.5034988337220926,chem
CPC001 PC3 24H-caffeic acid phenethyl ester-10.0,caffeic acid phenethyl ester,PC3,24H,10.0,50,10,0,1,1.0,0.6714827869538534,0.0,0.9093935446519034,0.1729651157231477,-0.0,0.1729651157231477,0.9389121529512973,False,1.0,-0.6226050777602773,0.6624458513828724,chem
CPC001 PC3 24H-nnc 05-2090 hydrochloride-10.0,nnc 05-2090 hydrochloride,PC3,24H,10.0,16,2,0,0,1.0,1.0,0.0,0.0,-0.0,-0.0,0.0,1.0,False,1.0,-0.9543441206638258,1.0,chem
CPC001 PC3 24H-cabergoline-10.0,cabergoline,PC3,24H,10.0,9,7,0,0,1.0,1.0,0.0,0.0,-0.0,-0.0,0.0,1.0,False,1.0,-0.9543441206638258,1.0,chem
CPC001 PC3 24H-rs 504393-10.0,rs 504393,PC3,24H,10.0,26,6,0,0,1.0,1.0,0.0,0.0,-0.0,-0.0,0.0,1.0,False,1.0,-0.9543441206638258,1.0,chem
CPC001 PC3 24H-piretanide-10.0,piretanide,PC3,24H,10.0,6,8,1,0,0.09699853464336017,1.0,11.261022927689595,0.0,1.0132348265699376,-0.0,1.0132348265699376,0.323301878393414,True,1.0,0.9889931251012188,0.1506164611796068,chem
CPC001 PC3 24H-ag 592-10.0,ag 592,PC3,24H,10.0,138,79,1,4,0.6369316207732983,0.35885124243986627,0.9993668882557771,1.3406878650227125,0.6409927356073147,0.6764534751374662,-0.0354607395301515,0.5659100885748338,True,1.0,0.27505011718271505,0.3042319226924359,chem
CPC001 PC3 24H-mammea a/ba + a/bb-10.0,mammea a/ba + a/bb,PC3,24H,10.0,78,21,0,0,1.0,1.0,0.0,0.0,-0.0,0.585502163561407,-0.585502163561407,1.0,False,1.0,-0.9543441206638258,1.0,chem
CPC001 PC3 24H-tws119-10.0,tws119,PC3,24H,10.0,25,41,0,0,1.0,1.0,0.0,0.0,-0.0,1.9215381326733825,-1.9215381326733825,1.0,False,1.0,-0.9543441206638258,1.0,chem
CPC001 PC3 24H-mevastatin-10.0,mevastatin,PC3,24H,10.0,118,75,1,3,0.6177049739872678,0.4815714967214395,1.054054054054054,1.1667813575226775,0.5265581275833054,0.9981991911205832,-0.47164106353727775,0.6581340113571932,True,1.0,0.05556986428772557,0.3795401532822393,chem
CPC001 PC3 24H-y 134-10.0,y 134,PC3,24H,10.0,18,3,0,0,1.0,1.0,0.0,0.0,-0.0,1.1912580706028026,-1.1912580706028026,1.0,False,1.0,-0.9543441206638258,1.0,chem
CPC001 PC3 24H-pirfenidone-10.0,pirfenidone,PC3,24H,10.0,12,2,0,1,1.0,0.23384061641080872,0.0,4.075435203094777,0.6310800528359605,-0.0,0.6310800528359605,0.5736380458255381,True,1.0,0.25603805292093007,0.3092302565811396,chem
CPC001 PC3 24H-pi 828-10.0,pi 828,PC3,24H,10.0,98,96,1,5,0.7085343761493428,0.06356165441888145,0.8183235867446393,2.4483949454516916,1.3464438813791797,0.347777643296956,0.9986662380822238,0.18465961354311813,True,1.0,1.6280725861073597,0.07830723092302566,chem
CPC001 PC3 6H-hemado-10.0,hemado,PC3,6H,10.0,30,38,0,0,1.0,1.0,0.0,0.0,-0.0,0.7407830589605358,-0.7407830589605358,1.0,False,1.0,-0.9543441206638258,1.0,chem
CPC001 PC3 6H-n-benzylnaltrindole hydrochloride-10.0,n-benzylnaltrindole hydrochloride,PC3,6H,10.0,37,7,0,0,1.0,1.0,0.0,0.0,-0.0,0.4238359719820018,-0.4238359719820018,1.0,False,1.0,-0.9543441206638258,1.0,chem
CPC001 PC3 6H-skf 81297 hydrobromide-10.0,skf 81297 hydrobromide,PC3,6H,10.0,39,15,0,0,1.0,1.0,0.0,0.0,-0.0,-0.0,0.0,1.0,False,1.0,-0.9543441206638258,1.0,chem
CPC001 PC3 6H-ub 165 fumarate-10.0,ub 165 fumarate,PC3,6H,10.0,21,10,0,0,1.0,1.0,0.0,0.0,-0.0,-0.0,0.0,1.0,False,1.0,-0.9543441206638258,1.0,chem
CPC001 PC3 6H-sdz 21009-10.0,sdz 21009,PC3,6H,10.0,18,24,0,0,1.0,1.0,0.0,0.0,-0.0,-0.0,0.0,1.0,False,1.0,-0.9543441206638258,1.0,chem
CPC001 PC3 6H-brefeldin a-10.0,brefeldin a,PC3,6H,10.0,107,52,0,3,1.0,0.4180948636930668,0.0,1.2924737133370228,0.37872516773650305,0.40404081063225056,-0.025315642895747503,0.7826932041739421,True,1.0,-0.22796687318756245,0.49183605464845054,chem
CPC001 PC3 6H-trichostatin a-10.0,trichostatin a,PC3,6H,10.0,208,111,0,4,1.0,0.6751552977574594,0.0,0.8707019039499858,0.1705963202034193,0.12715004480229028,0.043446275401129025,0.9403647677431384,False,1.0,-0.6271483173335489,0.6631122959013662,chem
CPC001 PC3 6H-geldanamycin-10.0,geldanamycin,PC3,6H,10.0,130,64,2,3,0.19422261317621148,0.546927084643125,2.5524193548387095,1.054494986687815,0.9737707761251291,0.42612839909142564,0.5476423770337034,0.3444036104574181,True,1.0,0.913302912835451,0.161946017994002,chem
CPC001 PC3 6H-vinblastine sulfate-10.0,vinblastine sulfate,PC3,6H,10.0,22,10,0,0,1.0,1.0,0.0,0.0,-0.0,-0.0,0.0,1.0,False,1.0,-0.9543441206638258,1.0,chem
CPC001 PC3 6H-genistin-10.0,genistin,PC3,6H,10.0,68,44,0,2,1.0,0.4419972308843989,0.0,1.3562770562770563,0.3545804515002124,0.20456482561205844,0.15001562588815395,0.8028666045914017,True,1.0,-0.2742753153373971,0.5104965011662779,chem
CPC001 PC3 6H-cyclosporine-10.0,cyclosporine,PC3,6H,10.0,83,28,0,3,1.0,0.2739714703686665,0.0,1.6866906474820145,0.5622946594663188,0.18362444661011315,0.3786702128562057,0.6286909085694826,True,1.0,0.1241108694146712,0.3572142619126958,chem
CPC001 PC3 6H-estradiol valerate-10.0,estradiol valerate,PC3,6H,10.0,68,45,0,2,1.0,0.4419972308843989,0.0,1.3562770562770563,0.3545804515002124,-0.0,0.3545804515002124,0.8028666045914017,True,1.0,-0.2742753153373971,0.5104965011662779,chem
CPC001 PC3 6H-cucurbitacin i-10.0,cucurbitacin i,PC3,6H,10.0,111,68,0,4,1.0,0.22612532673516897,0.0,1.6863063795205202,0.6456507926067416,0.7806092165579348,-0.13495842395119317,0.5622981369334447,True,1.0,0.2839840537416535,0.29856714428523823,chem
"CPC001 PC3 6H-ici-185,282-10.0","ici-185,282",PC3,6H,10.0,38,13,1,0,0.15283946844712004,1.0,6.563786008230453,0.0,0.8157644813924487,-0.0,0.8157644813924487,0.43992810279416616,True,1.0,0.6102541924723512,0.21592802399200267,chem
CPC001 PC3 6H-kf 38789-10.0,kf 38789,PC3,6H,10.0,28,26,0,1,1.0,0.4632900827536739,0.0,1.6561597058050959,0.3341469962601578,0.5218764302807071,-0.18772943402054926,0.8197463491810851,True,1.0,-0.3134657316025945,0.5271576141286238,chem
CPC001 PC3 6H-skf 77434 hydrobromide-10.0,skf 77434 hydrobromide,PC3,6H,10.0,44,14,0,1,1.0,0.6243601472782201,0.0,1.037275276265875,0.20456482561205844,0.36616924479985585,-0.16160441918779742,0.9184512075361329,True,1.0,-0.5619983047080963,0.6371209596801066,chem
CPC001 PC3 6H-ginsenoside-rc-10.0,ginsenoside-rc,PC3,6H,10.0,33,20,1,2,0.22532848983783352,0.16275415972533228,4.14100064977258,2.9036866359447004,1.4356517967265536,-0.0,1.4356517967265536,0.15790396010968827,True,1.0,1.799169216390469,0.06597800733088971,chem
CPC001 PC3 6H-wortmannin-10.0,wortmannin,PC3,6H,10.0,114,69,1,5,0.5869643303886037,0.10484651012850867,1.1481481481481481,2.083640259827228,1.2108343105494535,0.4613008116200027,0.7495334989294508,0.23312093776513093,True,1.0,1.367979739942809,0.10096634455181606,chem
CPC001 PC3 6H-cgs 21680 hydrochloride-10.0,cgs 21680 hydrochloride,PC3,6H,10.0,52,8,0,0,1.0,1.0,0.0,0.0,-0.0,-0.0,0.0,1.0,False,1.0,-0.9543441206638258,1.0,chem
CPC001 PC3 6H-clofarabine-10.0,clofarabine,PC3,6H,10.0,67,57,1,2,0.5179739744277554,0.4344938346499571,1.3968253968253967,1.3773626373626373,0.6477084425004651,0.8249269701825876,-0.17721852768212254,0.5607066162929917,True,1.0,0.2879305304836285,0.29656781072975674,chem
CPC001 PC3 6H-sarmentogenin-10.0,sarmentogenin,PC3,6H,10.0,170,57,0,5,1.0,0.31696669747839623,0.0,1.3640787436407875,0.4989863651044306,0.051221436406532116,0.4477649286978985,0.6811482996502021,True,1.0,0.002688506924624498,0.40386537820726426,chem
CPC001 PC3 6H-ntncb hydrochloride-10.0,ntncb hydrochloride,PC3,6H,10.0,34,23,0,0,1.0,1.0,0.0,0.0,-0.0,-0.0,0.0,1.0,False,1.0,-0.9543441206638258,1.0,chem
"CPC001 PC3 6H-l-732,138-10.0","l-732,138",PC3,6H,10.0,29,27,0,1,1.0,0.47511335427849205,0.0,1.596757852077001,0.3232027624497683,-0.0,0.3232027624497683,0.8286935975885885,True,1.0,-0.3344562627532951,0.538487170943019,chem
CPC001 PC3 6H-o-2050-10.0,o-2050,PC3,6H,10.0,44,55,1,0,0.5054175517404941,1.0,1.4490169181527206,0.0,0.2963496803193755,-0.0,0.2963496803193755,0.8502995065599512,True,1.0,-0.38595922465230376,0.5604798400533155,chem
CPC001 PC3 6H-rottlerin ncgc00025228-11-10.0,rottlerin ncgc00025228-11,PC3,6H,10.0,58,42,1,2,0.4155507108671836,0.36475958920220486,1.9123757904245708,1.6010204081632653,0.8193692524938363,0.2805580222686066,0.5388112302252297,0.43754980951741695,True,1.0,0.6171679756942512,0.2149283572142619,chem
CPC001 PC3 6H-jak3 inhibitor vi-10.0,jak3 inhibitor vi,PC3,6H,10.0,132,135,3,2,0.24403877544723235,0.7911002909692584,1.800920598388953,0.6815384615384615,0.7143096186556802,0.3213486203839089,0.39296099827177133,0.5105948527771904,True,1.0,0.4156684870167033,0.26391202932355884,chem
CPC001 PC3 6H-zk 164015-10.0,zk 164015,PC3,6H,10.0,44,9,0,0,1.0,1.0,0.0,0.0,-0.0,-0.0,0.0,1.0,False,1.0,-0.9543441206638258,1.0,chem
CPC001 PC3 6H-ryuvidine-10.0,ryuvidine,PC3,6H,10.0,66,55,0,2,1.0,0.426937311048509,0.0,1.3991071428571429,0.3696358895286629,0.6915045953609432,-0.32186870583228033,0.7903113793783637,True,1.0,-0.24539968581423854,0.49850049983338884,chem
CPC001 PC3 6H-selinidin-10.0,selinidin,PC3,6H,10.0,38,11,0,2,1.0,0.2023980299630858,0.0,2.4984126984126984,0.6937937190077564,0.6642834066948583,0.029510312312898135,0.5257327435715693,True,1.0,0.3763199462138213,0.2735754748417194,chem
CPC001 PC3 6H-angiogenesis inhibitor-10.0,angiogenesis inhibitor,PC3,6H,10.0,45,63,2,1,0.18962158648499267,0.6326557707753426,2.594672131147541,1.0135396518375241,0.9209447503683166,0.12240210054152371,0.7985426498267929,0.3743578149424643,True,1.0,0.8119850537301891,0.17794068643785405,chem
CPC001 PC3 6H-zd 7155 hydrochloride-10.0,zd 7155 hydrochloride,PC3,6H,10.0,41,25,1,1,0.27332042905520476,0.5983406945291184,3.2757201646090537,1.1156028368794326,0.7863793649836248,-0.0,0.7863793649836248,0.4596592070885065,True,1.0,0.5538949066573098,0.22859046984338555,chem
CPC001 PC3 6H-gr 127935 hydrochloride-10.0,gr 127935 hydrochloride,PC3,6H,10.0,66,28,1,2,0.3006931742591438,0.426937311048509,2.910379515317787,1.3991071428571429,0.89151231980937,0.57774608427784,0.31376623553152994,0.391907533289187,True,1.0,0.7555350215770097,0.186271242919027,chem
CPC001 PC3 6H-er 27319 maleate-10.0,er 27319 maleate,PC3,6H,10.0,84,217,2,2,0.7671739841574294,0.5539833404052215,0.7182558139534884,1.088850174216028,0.37160942840598166,0.46448985883374105,-0.0928804304277594,0.7886594713268101,True,1.0,-0.2416145300875624,0.4951682772409197,chem
CPC001 PC3 6H-dichlorobenzamil-10.0,dichlorobenzamil,PC3,6H,10.0,46,18,0,1,1.0,0.6407694557263302,0.0,0.9908589440504334,0.1932981984307902,0.4821413797906146,-0.2888431813598244,0.9259666814856249,False,1.0,-0.5836071713413398,0.6467844051982673,chem
CPC001 PC3 6H-cyclosporin a-10.0,cyclosporin a,PC3,6H,10.0,31,17,1,0,0.19504431421926893,1.0,4.919753086419753,0.0,0.7098667053839154,-0.0,0.7098667053839154,0.5138498033701566,True,1.0,0.40714718611555584,0.26657780739753417,chem
CPC001 PC3 6H-cosmosiin-10.0,cosmosiin,PC3,6H,10.0,21,34,1,0,0.3524192105517165,1.0,2.3789749345304902,0.0,0.4529404260000321,0.2753470641431871,0.177593361856845,0.7199691427045483,True,1.0,-0.08562546149741368,0.4351882705764745,chem
CPC001 PC3 6H-syrosingopine-10.0,syrosingopine,PC3,6H,10.0,61,34,0,1,1.0,0.7431436031873149,0.0,0.741371158392435,0.12892725616443745,0.2753470641431871,-0.14641980797874965,0.9637576558347487,False,1.0,-0.7070676430610809,0.6954348550483173,chem
CPC001 PC3 6H-ikk 16-10.0,ikk 16,PC3,6H,10.0,117,72,1,6,0.6026281819919359,0.043126418570478345,1.099113197704747,2.4725755166931638,1.5852071686475182,-0.0,1.5852071686475182,0.12085169125600165,True,1.0,2.086009460070341,0.04498500499833389,chem
"CPC001 PC3 6H-l-733,060 hydrochloride-10.0","l-733,060 hydrochloride",PC3,6H,10.0,27,8,0,0,1.0,1.0,0.0,0.0,-0.0,0.7887279586179001,-0.7887279586179001,1.0,False,1.0,-0.9543441206638258,1.0,chem
CPC001 PC3 6H-z-leu3-vs-10.0,z-leu3-vs,PC3,6H,10.0,103,67,0,3,1.0,0.39438197285374427,0.0,1.3450359712230215,0.404082944818742,0.13443030418552707,0.2696526406332149,0.7613289077440375,True,1.0,-0.1793318367858396,0.47317560813062315,chem
CPC001 PC3 6H-digoxin-10.0,digoxin,PC3,6H,10.0,113,89,0,5,1.0,0.10194783480059079,0.0,2.1032711543660447,0.9916219934674118,0.179689688444524,0.8119323050228877,0.3347247163571216,True,1.0,0.9475407169789807,0.1562812395868044,chem
CPC001 PC3 6H-levcromakalim-10.0,levcromakalim,PC3,6H,10.0,42,7,0,0,1.0,1.0,0.0,0.0,-0.0,-0.0,0.0,1.0,False,1.0,-0.9543441206638258,1.0,chem
CPC001 PC3 6H-prostaglandin e2-10.0,prostaglandin e2,PC3,6H,10.0,35,22,0,0,1.0,1.0,0.0,0.0,-0.0,0.44289623632572833,-0.44289623632572833,1.0,False,1.0,-0.9543441206638258,1.0,chem
CPC001 PC3 6H-wr 216174-10.0,wr 216174,PC3,6H,10.0,18,21,0,2,1.0,0.058118138734671476,0.0,5.639285714285714,1.235688302670732,-0.0,1.235688302670732,0.2234803692025843,True,1.0,1.4156485402333976,0.09763412195934688,chem
CPC001 PC3 6H-pdgf receptor tyrosine kinase inhibitor i-10.0,pdgf receptor tyrosine kinase inhibitor i,PC3,6H,10.0,93,46,1,1,0.44479629002890175,0.8747593810702592,1.741289437585734,0.48103607770582796,0.4099502351594352,0.6744848346011387,-0.26453459944170354,0.7563691469305784,True,1.0,-0.16807864695087743,0.4708430523158947,chem
CPC001 PC3 6H-zuclopenthixol hydrochloride-10.0,zuclopenthixol hydrochloride,PC3,6H,10.0,38,19,0,0,1.0,1.0,0.0,0.0,-0.0,-0.0,0.0,1.0,False,1.0,-0.9543441206638258,1.0,chem
CPC001 PC3 6H-arachidonamide-10.0,arachidonamide,PC3,6H,10.0,37,11,0,0,1.0,1.0,0.0,0.0,-0.0,0.4238359719820018,-0.4238359719820018,1.0,False,1.0,-0.9543441206638258,1.0,chem
CPC001 PC3 6H-bd 1063 dihydrochloride-10.0,bd 1063 dihydrochloride,PC3,6H,10.0,88,24,0,3,1.0,0.30403547782894635,0.0,1.5862039779940753,0.517075735712501,1.0160756974218452,-0.49899996170934424,0.6660234259422864,True,1.0,0.03738307794930508,0.3882039320226591,chem
CPC001 PC3 6H-syk inhibitor-10.0,syk inhibitor,PC3,6H,10.0,48,25,1,0,0.27332042905520476,1.0,3.2757201646090537,0.0,0.5633279061984299,-0.0,0.5633279061984299,0.6278472108512141,True,1.0,0.12609258856399594,0.35688103965344886,chem
CPC001 PC3 6H-nsc 693868-10.0,nsc 693868,PC3,6H,10.0,57,60,0,1,1.0,0.7190863678527015,0.0,0.7948328267477204,0.14321894434703947,0.13233909927834112,0.010879845068698352,0.9562222164291826,False,1.0,-0.6796568502006229,0.6844385204931689,chem
CPC001 PC3 6H-ag 494-10.0,ag 494,PC3,6H,10.0,22,24,0,0,1.0,1.0,0.0,0.0,-0.0,-0.0,0.0,1.0,False,1.0,-0.9543441206638258,1.0,chem
CPC001 PC3 6H-bapta-am-10.0,bapta-am,PC3,6H,10.0,24,21,2,0,0.02847982596024548,1.0,8.385526315789473,0.0,1.545462668993607,0.4285405625261831,1.116922106467424,0.12982697559038875,True,1.0,2.009781359272416,0.050983005664778404,chem
CPC001 PC3 6H-obaa-10.0,obaa,PC3,6H,10.0,56,13,0,0,1.0,1.0,0.0,0.0,-0.0,0.29095434170711326,-0.29095434170711326,1.0,False,1.0,-0.9543441206638258,1.0,chem
CPC001 PC3 6H-oxindole i-10.0,oxindole i,PC3,6H,10.0,17,17,0,0,1.0,1.0,0.0,0.0,-0.0,-0.0,0.0,1.0,False,1.0,-0.9543441206638258,1.0,chem
CPC001 PC3 6H-jak3 inhibitor ii-10.0,jak3 inhibitor ii,PC3,6H,10.0,43,20,0,0,1.0,1.0,0.0,0.0,-0.0,0.8189561198055126,-0.8189561198055126,1.0,False,1.0,-0.9543441206638258,1.0,chem
CPC001 PC3 6H-mmpx-10.0,mmpx,PC3,6H,10.0,26,22,0,2,1.0,0.11035447354240814,0.0,3.7547619047619047,0.9572100567442597,0.5488889053617282,0.40832115138253156,0.3535820904777834,True,1.0,0.8815402237276807,0.16861046317894035,chem
CPC001 PC3 6H-ag-879-10.0,ag-879,PC3,6H,10.0,64,23,0,2,1.0,0.41167055954271353,0.0,1.444700460829493,0.3854501902901507,1.327996781842286,-0.9425465915521353,0.7770412978887299,True,1.0,-0.21506859288332603,0.48717094301899366,chem
CPC001 PC3 6H-lylamine hydrochloride-10.0,lylamine hydrochloride,PC3,6H,10.0,29,11,0,1,1.0,0.47511335427849205,0.0,1.596757852077001,0.3232027624497683,-0.0,0.3232027624497683,0.8286935975885885,True,1.0,-0.3344562627532951,0.538487170943019,chem
CPC001 PC3 6H-austricine hydrate-10.0,austricine hydrate,PC3,6H,10.0,35,22,0,0,1.0,1.0,0.0,0.0,-0.0,-0.0,0.0,1.0,False,1.0,-0.9543441206638258,1.0,chem
CPC001 PC3 6H-diphenyleneiodonium chloride-10.0,diphenyleneiodonium chloride,PC3,6H,10.0,10,46,1,0,0.44479629002890175,1.0,1.741289437585734,0.0,0.3518388437881739,0.1932981984307902,0.1585406453573837,0.8051430568568094,True,1.0,-0.2795335913464415,0.5131622792402533,chem
CPC001 PC3 6H-lawsone-10.0,lawsone,PC3,6H,10.0,40,17,1,2,0.19504431421926893,0.21856038072636244,4.919753086419753,2.366165413533835,1.3702952668523967,-0.0,1.3702952668523967,0.17713276740410927,True,1.0,1.6738184335039725,0.07464178607130956,chem
"CPC001 PC3 6H-ici-162,846-10.0","ici-162,846",PC3,6H,10.0,21,13,0,0,1.0,1.0,0.0,0.0,-0.0,-0.0,0.0,1.0,False,1.0,-0.9543441206638258,1.0,chem
CPC001 PC3 6H-fraxidin methyl ether-10.0,fraxidin methyl ether,PC3,6H,10.0,23,25,0,0,1.0,1.0,0.0,0.0,-0.0,-0.0,0.0,1.0,False,1.0,-0.9543441206638258,1.0,chem
CPC001 PC3 6H-gsk-3b inhibitor viii-10.0,gsk-3b inhibitor viii,PC3,6H,10.0,67,35,1,2,0.3606648044546297,0.4344938346499571,2.308641975308642,1.3773626373626373,0.8049126180186026,0.23943842161399886,0.5654741964046037,0.447143543008083,True,1.0,0.5894408235204175,0.22125958013995334,chem
CPC001 PC3 6H-tyrphostin ag 1478-10.0,tyrphostin ag 1478,PC3,6H,10.0,24,14,0,0,1.0,1.0,0.0,0.0,-0.0,-0.0,0.0,1.0,False,1.0,-0.9543441206638258,1.0,chem
CPC001 PC3 6H-jak3 inhibitor i-10.0,jak3 inhibitor i,PC3,6H,10.0,41,19,1,2,0.21536096059990822,0.22668454760421908,4.3717421124828535,2.305128205128205,1.3114111037145886,-0.0,1.3114111037145886,0.19623460093627326,True,1.0,1.56088134882165,0.08363878707097634,chem
CPC001 PC3 6H-arp 101-10.0,arp 101,PC3,6H,10.0,79,23,0,0,1.0,1.0,0.0,0.0,-0.0,-0.0,0.0,1.0,False,1.0,-0.9543441206638258,1.0,chem
CPC001 PC3 6H-imd 0354-10.0,imd 0354,PC3,6H,10.0,178,74,0,4,1.0,0.5520958354473097,0.0,1.0258204231217725,0.2579855288045718,0.4053830970369815,-0.14739756823240968,0.8800593302503726,True,1.0,-0.45953988195489337,0.5961346217927358,chem
CPC001 PC3 6H-homoharringtonine-10.0,homoharringtonine,PC3,6H,10.0,220,129,1,8,0.8100390974583673,0.10976164836961363,0.6041666666666666,1.7234581807941425,1.0510433983741052,0.5405611959304915,0.5104822024436138,0.30408678517794485,True,1.0,1.0615082063731016,0.1372875708097301,chem
CPC001 PC3 6H-rs 17053 hydrochloride-10.0,rs 17053 hydrochloride,PC3,6H,10.0,45,11,1,1,0.1309247131426979,0.6326557707753426,7.879012345679012,1.0135396518375241,1.0818108951539294,-0.0,1.0818108951539294,0.2891573137781506,True,1.0,1.1205188334096776,0.1279573475508164,chem
CPC001 PC3 6H-pyrrolidinedithiocarbamate ammonium-10.0,pyrrolidinedithiocarbamate ammonium,PC3,6H,10.0,40,18,0,0,1.0,1.0,0.0,0.0,-0.0,-0.0,0.0,1.0,False,1.0,-0.9543441206638258,1.0,chem
CPC001 PC3 6H-sch 58261-10.0,sch 58261,PC3,6H,10.0,43,11,0,1,1.0,0.6158785350844703,0.0,1.0621411685241473,0.2105049319006799,-0.0,0.2105049319006799,0.9143982595785249,True,1.0,-0.5506054572735489,0.631789403532156,chem
CPC001 PC3 6H-vorinostat-10.0,vorinostat,PC3,6H,10.0,180,122,1,4,0.791942366249837,0.5610233072693079,0.6398326701357004,1.0138339920948616,0.35232551906914,0.1735566613909293,0.1787688576782107,0.8047391953165466,True,1.0,-0.27860017080532545,0.5114961679440186,chem
CPC001 PC3 6H-rg-13022-10.0,rg-13022,PC3,6H,10.0,52,26,1,0,0.28256026853690286,1.0,3.1441975308641976,0.0,0.5488889053617282,0.6710756857005935,-0.12218678033886532,0.6396778533983358,True,1.0,0.09839925688827286,0.3665444851716095,chem
CPC001 PC3 6H-pd 407824-10.0,pd 407824,PC3,6H,10.0,59,42,1,2,0.4155507108671836,0.37268299449326364,1.9123757904245708,1.5726817042606516,0.8100363940514589,0.27554765793371394,0.534488736117745,0.44372630177433914,True,1.0,0.5992679875129104,0.21926024658447185,chem
CPC001 PC3 6H-fk 888-10.0,fk 888,PC3,6H,10.0,31,10,0,0,1.0,1.0,0.0,0.0,-0.0,-0.0,0.0,1.0,False,1.0,-0.9543441206638258,1.0,chem
CPC001 PC3 6H-r(+)-skf-81297-10.0,r(+)-skf-81297,PC3,6H,10.0,60,13,0,1,1.0,0.7373282957339664,0.0,0.7540569780021638,0.13233909927834112,0.2706566302278198,-0.1383175309494787,0.9620084761089149,False,1.0,-0.7005238867411354,0.692102632455848,chem
CPC001 PC3 6H-strophanthidin-10.0,strophanthidin,PC3,6H,10.0,58,30,1,4,0.31837322969696735,0.03779248005833353,2.7088122605363987,3.3698336017176596,1.9196580643139423,0.2805580222686066,1.6391000420453357,0.06521617568844947,True,1.0,2.7274707140506185,0.020659780073308896,chem
CPC001 PC3 6H-caffeic acid phenethyl ester-10.0,caffeic acid phenethyl ester,PC3,6H,10.0,23,9,0,0,1.0,1.0,0.0,0.0,-0.0,-0.0,0.0,1.0,False,1.0,-0.9543441206638258,1.0,chem
CPC001 PC3 6H-mdm2 inhibitor-10.0,mdm2 inhibitor,PC3,6H,10.0,29,15,0,0,1.0,1.0,0.0,0.0,-0.0,0.5478231629924638,-0.5478231629924638,1.0,False,1.0,-0.9543441206638258,1.0,chem
CPC001 PC3 6H-nnc 05-2090 hydrochloride-10.0,nnc 05-2090 hydrochloride,PC3,6H,10.0,22,17,0,0,1.0,1.0,0.0,0.0,-0.0,-0.0,0.0,1.0,False,1.0,-0.9543441206638258,1.0,chem
CPC001 PC3 6H-BRD-K85318537 (obaa)-10.0,brd-k85318537 (obaa),PC3,6H,10.0,26,8,0,1,1.0,0.4388444509082874,0.0,1.7892198581560284,0.35768938883102475,0.7887279586179001,-0.4310385697868754,0.800281240870174,True,1.0,-0.26831251821348673,0.5091636121292903,chem
CPC001 PC3 6H-rs 504393-10.0,rs 504393,PC3,6H,10.0,58,32,0,0,1.0,1.0,0.0,0.0,-0.0,0.2805580222686066,-0.2805580222686066,1.0,False,1.0,-0.9543441206638258,1.0,chem
CPC001 PC3 6H-piretanide-10.0,piretanide,PC3,6H,10.0,81,43,0,1,1.0,0.8359751513899556,0.0,0.5542553191489362,0.07780663138228645,-0.0,0.07780663138228645,0.9857454412722926,False,1.0,-0.8051146224589772,0.7354215261579473,chem
CPC001 PC3 6H-ag 592-10.0,ag 592,PC3,6H,10.0,44,22,0,1,1.0,0.6243601472782201,0.0,1.037275276265875,0.20456482561205844,-0.0,0.20456482561205844,0.9184512075361329,True,1.0,-0.5619983047080963,0.6371209596801066,chem
CPC001 PC3 6H-mammea a/ba + a/bb-10.0,mammea a/ba + a/bb,PC3,6H,10.0,43,19,0,0,1.0,1.0,0.0,0.0,-0.0,-0.0,0.0,1.0,False,1.0,-0.9543441206638258,1.0,chem
CPC001 PC3 6H-tws119-10.0,tws119,PC3,6H,10.0,41,54,0,0,1.0,1.0,0.0,0.0,-0.0,0.3893348552704433,-0.3893348552704433,1.0,False,1.0,-0.9543441206638258,1.0,chem
CPC001 PC3 6H-dihydro-beta-tubaic acid-10.0,dihydro-beta-tubaic acid,PC3,6H,10.0,75,36,0,0,1.0,1.0,0.0,0.0,-0.0,0.2588956525938111,-0.2588956525938111,1.0,False,1.0,-0.9543441206638258,1.0,chem
CPC001 PC3 6H-pi 828-10.0,pi 828,PC3,6H,10.0,97,77,2,3,0.2549995603446593,0.3583991633359604,2.1056666666666666,1.4322669523955305,1.0390935811969735,0.2950380010995917,0.7440555800973818,0.31005536787279825,True,1.0,1.0385890131205193,0.1409530156614462,chem
CPC001 VCAP 24H-sb 205607 dihydrobromide-10.0,sb 205607 dihydrobromide,VCAP,24H,10.0,17,14,0,0,1.0,1.0,0.0,0.0,-0.0,0.5732524250499975,-0.5732524250499975,1.0,False,1.0,-0.9543441206638258,1.0,chem
CPC001 VCAP 24H-ub 165 fumarate-10.0,ub 165 fumarate,VCAP,24H,10.0,7,9,0,0,1.0,1.0,0.0,0.0,-0.0,-0.0,0.0,1.0,False,1.0,-0.9543441206638258,1.0,chem
CPC001 VCAP 24H-bmy 14802 hydrochloride-10.0,bmy 14802 hydrochloride,VCAP,24H,10.0,5,12,0,0,1.0,1.0,0.0,0.0,-0.0,-0.0,0.0,1.0,False,1.0,-0.9543441206638258,1.0,chem
CPC001 VCAP 24H-sdz 21009-10.0,sdz 21009,VCAP,24H,10.0,28,19,0,0,1.0,1.0,0.0,0.0,-0.0,-0.0,0.0,1.0,False,1.0,-0.9543441206638258,1.0,chem
CPC001 VCAP 24H-brefeldin a-10.0,brefeldin a,VCAP,24H,10.0,79,135,0,1,1.0,0.8284402406749884,0.0,0.5686488452445899,0.0817388138362365,0.5992841907697086,-0.5175453769334721,0.9843614541111402,False,1.0,-0.7975728794991802,0.7317560813062313,chem
CPC001 VCAP 24H-trichostatin a-10.0,trichostatin a,VCAP,24H,10.0,173,145,0,3,1.0,0.7373517206131002,0.0,0.7823106220905628,0.13232530198586392,0.8294800774695223,-0.6971547754836585,0.9620156138137066,False,1.0,-0.7005503493060399,0.692102632455848,chem
CPC001 VCAP 24H-geldanamycin-10.0,geldanamycin,VCAP,24H,10.0,27,36,0,1,1.0,0.4512024049980868,0.0,1.7201309328968903,0.3456285941430332,0.7939829907144154,-0.44835439657138215,0.8102869879520673,True,1.0,-0.2914445611674814,0.5174941686104632,chem
CPC001 VCAP 24H-sb 205384-10.0,sb 205384,VCAP,24H,10.0,13,4,0,0,1.0,1.0,0.0,0.0,-0.0,-0.0,0.0,1.0,False,1.0,-0.9543441206638258,1.0,chem
CPC001 VCAP 24H-cgp 12177 hydrochloride-10.0,cgp 12177 hydrochloride,VCAP,24H,10.0,11,13,0,0,1.0,1.0,0.0,0.0,-0.0,-0.0,0.0,1.0,False,1.0,-0.9543441206638258,1.0,chem
CPC001 VCAP 24H-cyclosporine-10.0,cyclosporine,VCAP,24H,10.0,79,51,0,4,1.0,0.09477677470169578,0.0,2.4181642512077293,1.0232980746310203,0.7459781785981487,0.27731989603287155,0.3180927391296957,True,1.0,1.0082939665820412,0.1449516827724092,chem
CPC001 VCAP 24H-omdm-2-10.0,omdm-2,VCAP,24H,10.0,9,34,1,0,0.3524192105517165,1.0,2.3789749345304902,0.0,0.4529404260000321,0.2753470641431871,0.177593361856845,0.7199691427045483,True,1.0,-0.08562546149741368,0.4351882705764745,chem
CPC001 VCAP 24H-npc 15199-10.0,npc 15199,VCAP,24H,10.0,8,15,0,0,1.0,1.0,0.0,0.0,-0.0,-0.0,0.0,1.0,False,1.0,-0.9543441206638258,1.0,chem
CPC001 VCAP 24H-cucurbitacin i-10.0,cucurbitacin i,VCAP,24H,10.0,111,129,0,0,1.0,1.0,0.0,0.0,-0.0,1.3943959025838313,-1.3943959025838313,1.0,False,1.0,-0.9543441206638258,1.0,chem
CPC001 VCAP 24H-kf 38789-10.0,kf 38789,VCAP,24H,10.0,29,15,0,1,1.0,0.47511335427849205,0.0,1.596757852077001,0.3232027624497683,1.0570374964627036,-0.7338347340129353,0.8286935975885885,True,1.0,-0.3344562627532951,0.538487170943019,chem
CPC001 VCAP 24H-rimcazole dihydrochloride-10.0,rimcazole dihydrochloride,VCAP,24H,10.0,33,19,1,0,0.21536096059990822,1.0,4.3717421124828535,0.0,0.6668330203168664,-0.0,0.6668330203168664,0.5460347448621972,True,1.0,0.3246105807597915,0.28523825391536156,chem
CPC001 VCAP 24H-bw-b 70c-10.0,bw-b 70c,VCAP,24H,10.0,8,14,0,0,1.0,1.0,0.0,0.0,-0.0,0.5732524250499975,-0.5732524250499975,1.0,False,1.0,-0.9543441206638258,1.0,chem
CPC001 VCAP 24H-wortmannin-10.0,wortmannin,VCAP,24H,10.0,9,17,1,0,0.19504431421926893,1.0,4.919753086419753,0.0,0.7098667053839154,1.467252065179875,-0.7573853597959597,0.5138498033701566,True,1.0,0.40714718611555584,0.26657780739753417,chem
CPC001 VCAP 24H-kn-62-10.0,kn-62,VCAP,24H,10.0,17,9,0,0,1.0,1.0,0.0,0.0,-0.0,-0.0,0.0,1.0,False,1.0,-0.9543441206638258,1.0,chem
CPC001 VCAP 24H-u 18666a-10.0,u 18666a,VCAP,24H,10.0,31,6,0,0,1.0,1.0,0.0,0.0,-0.0,-0.0,0.0,1.0,False,1.0,-0.9543441206638258,1.0,chem
CPC001 VCAP 24H-clofarabine-10.0,clofarabine,VCAP,24H,10.0,19,14,0,0,1.0,1.0,0.0,0.0,-0.0,2.5017853508692944,-2.5017853508692944,1.0,False,1.0,-0.9543441206638258,1.0,chem
CPC001 VCAP 24H-naproxen-10.0,naproxen,VCAP,24H,10.0,11,23,0,0,1.0,1.0,0.0,0.0,-0.0,0.3978441791525614,-0.3978441791525614,1.0,False,1.0,-0.9543441206638258,1.0,chem
CPC001 VCAP 24H-sarmentogenin-10.0,sarmentogenin,VCAP,24H,10.0,82,61,0,1,1.0,0.8396184375627423,0.0,0.5473251028806584,0.07591803311507811,1.9093008276343981,-1.83338279451932,0.9863902318244947,False,1.0,-0.8087368660482326,0.7357547484171942,chem
CPC001 VCAP 24H-ntncb hydrochloride-10.0,ntncb hydrochloride,VCAP,24H,10.0,29,12,0,0,1.0,1.0,0.0,0.0,-0.0,-0.0,0.0,1.0,False,1.0,-0.9543441206638258,1.0,chem
CPC001 VCAP 24H-dibutyrylcyclic amp-10.0,dibutyrylcyclic amp,VCAP,24H,10.0,14,13,0,0,1.0,1.0,0.0,0.0,-0.0,0.6008860685960127,-0.6008860685960127,1.0,False,1.0,-0.9543441206638258,1.0,chem
CPC001 VCAP 24H-BRD-A95445494-10.0,brd-a95445494,VCAP,24H,10.0,12,7,0,0,1.0,1.0,0.0,0.0,-0.0,-0.0,0.0,1.0,False,1.0,-0.9543441206638258,1.0,chem
CPC001 VCAP 24H-nisoxetine hydrochloride-10.0,nisoxetine hydrochloride,VCAP,24H,10.0,9,13,0,0,1.0,1.0,0.0,0.0,-0.0,0.6008860685960127,-0.6008860685960127,1.0,False,1.0,-0.9543441206638258,1.0,chem
CPC001 VCAP 24H-ebpc-10.0,ebpc,VCAP,24H,10.0,13,19,0,0,1.0,1.0,0.0,0.0,-0.0,0.463125985490834,-0.463125985490834,1.0,False,1.0,-0.9543441206638258,1.0,chem
CPC001 VCAP 24H-u-74389g-10.0,u-74389g,VCAP,24H,10.0,21,9,0,0,1.0,1.0,0.0,0.0,-0.0,-0.0,0.0,1.0,False,1.0,-0.9543441206638258,1.0,chem
CPC001 VCAP 24H-o-2050-10.0,o-2050,VCAP,24H,10.0,21,16,0,0,1.0,1.0,0.0,0.0,-0.0,-0.0,0.0,1.0,False,1.0,-0.9543441206638258,1.0,chem
CPC001 VCAP 24H-rottlerin ncgc00025228-11-10.0,rottlerin ncgc00025228-11,VCAP,24H,10.0,91,21,0,1,1.0,0.868994937932384,0.0,0.49188337273443655,0.06098275339533326,0.1617413487434076,-0.10075859534807433,0.9910174507892915,False,1.0,-0.8373820375269452,0.7444185271576141,chem
CPC001 VCAP 24H-benoxinate hydrochloride-10.0,benoxinate hydrochloride,VCAP,24H,10.0,4,11,0,0,1.0,1.0,0.0,0.0,-0.0,0.6642834066948583,-0.6642834066948583,1.0,False,1.0,-0.9543441206638258,1.0,chem
CPC001 VCAP 24H-jak3 inhibitor vi-10.0,jak3 inhibitor vi,VCAP,24H,10.0,51,43,0,1,1.0,0.6787445310778502,0.0,0.8910638297872341,0.16829365667717439,1.4901469231378757,-1.3218532664607012,0.9417651400069137,False,1.0,-0.6315647188208182,0.6657780739753415,chem
CPC001 VCAP 24H-aminogenistein-10.0,aminogenistein,VCAP,24H,10.0,5,10,0,0,1.0,1.0,0.0,0.0,-0.0,0.701073797866221,-0.701073797866221,1.0,False,1.0,-0.9543441206638258,1.0,chem
CPC001 VCAP 24H-zk 164015-10.0,zk 164015,VCAP,24H,10.0,18,21,1,0,0.2351709230317128,1.0,3.933333333333333,0.0,0.6286163762503125,1.1165150327031619,-0.48789865645284936,0.5755673581597309,True,1.0,0.25131283587858194,0.31356214595134957,chem
CPC001 VCAP 24H-ryuvidine-10.0,ryuvidine,VCAP,24H,10.0,110,65,0,2,1.0,0.7002958569376848,0.0,0.8232804232804233,0.1547184430000367,1.6593882498535233,-1.5046698068534865,0.949777923000205,False,1.0,-0.6576013469214411,0.676107964011996,chem
CPC001 VCAP 24H-selinidin-10.0,selinidin,VCAP,24H,10.0,18,6,0,1,1.0,0.329502428825324,0.0,2.634543178973717,0.4821413797906146,-0.0,0.4821413797906146,0.6953066522222757,True,1.0,-0.029619391014022094,0.41686104631789406,chem
CPC001 VCAP 24H-hispidin-10.0,hispidin,VCAP,24H,10.0,21,7,0,2,1.0,0.0764689218968299,0.0,4.746616541353384,1.1165150327031619,-0.0,1.1165150327031619,0.2730606456927459,True,1.0,1.1870797542476288,0.12062645784738421,chem
CPC001 VCAP 24H-ag 825-10.0,ag 825,VCAP,24H,10.0,4,7,0,0,1.0,1.0,0.0,0.0,-0.0,-0.0,0.0,1.0,False,1.0,-0.9543441206638258,1.0,chem
CPC001 VCAP 24H-angiogenesis inhibitor-10.0,angiogenesis inhibitor,VCAP,24H,10.0,14,10,0,0,1.0,1.0,0.0,0.0,-0.0,-0.0,0.0,1.0,False,1.0,-0.9543441206638258,1.0,chem
CPC001 VCAP 24H-mibefradil dihydrochloride-10.0,mibefradil dihydrochloride,VCAP,24H,10.0,35,39,0,0,1.0,1.0,0.0,0.0,-0.0,0.23656599957603974,-0.23656599957603974,1.0,False,1.0,-0.9543441206638258,1.0,chem
CPC001 VCAP 24H-m-3m3fbs-10.0,m-3m3fbs,VCAP,24H,10.0,5,15,1,0,0.17420818834684237,1.0,5.624338624338624,0.0,0.7589314356069268,-0.0,0.7589314356069268,0.4786377309400268,True,1.0,0.5012510554215232,0.24358547150949683,chem
CPC001 VCAP 24H-ic 261-10.0,ic 261,VCAP,24H,10.0,45,14,0,1,1.0,0.6326557707753426,0.0,1.0135396518375241,0.19883252618512057,-0.0,0.19883252618512057,0.9223038099527754,True,1.0,-0.5729925882523731,0.6441186271242919,chem
CPC001 VCAP 24H-gbr 13069 dihydrochloride-10.0,gbr 13069 dihydrochloride,VCAP,24H,10.0,9,8,0,0,1.0,1.0,0.0,0.0,-0.0,-0.0,0.0,1.0,False,1.0,-0.9543441206638258,1.0,chem
CPC001 VCAP 24H-gr 127935 hydrochloride-10.0,gr 127935 hydrochloride,VCAP,24H,10.0,24,5,0,1,1.0,0.41329358362585905,0.0,1.9454209065679926,0.3837413370785968,-0.0,0.3837413370785968,0.7784785882603942,True,1.0,-0.21834609382039896,0.4901699433522159,chem
CPC001 VCAP 24H-gr 144053 trihydrochloride-10.0,gr 144053 trihydrochloride,VCAP,24H,10.0,2,8,0,0,1.0,1.0,0.0,0.0,-0.0,-0.0,0.0,1.0,False,1.0,-0.9543441206638258,1.0,chem
CPC001 VCAP 24H-dichlorobenzamil-10.0,dichlorobenzamil,VCAP,24H,10.0,13,10,0,0,1.0,1.0,0.0,0.0,-0.0,-0.0,0.0,1.0,False,1.0,-0.9543441206638258,1.0,chem
"CPC001 VCAP 24H-ly-165,163-10.0","ly-165,163",VCAP,24H,10.0,5,6,0,0,1.0,1.0,0.0,0.0,-0.0,-0.0,0.0,1.0,False,1.0,-0.9543441206638258,1.0,chem
CPC001 VCAP 24H-ag 556-10.0,ag 556,VCAP,24H,10.0,11,18,0,0,1.0,1.0,0.0,0.0,-0.0,-0.0,0.0,1.0,False,1.0,-0.9543441206638258,1.0,chem
CPC001 VCAP 24H-ikk 16-10.0,ikk 16,VCAP,24H,10.0,69,86,1,2,0.6683067962120237,0.4494461875405671,0.9160493827160494,1.335820895522388,0.5223464215379643,-0.0,0.5223464215379643,0.6616346075130266,True,1.0,0.047492008087467605,0.38487170943018995,chem
"CPC001 VCAP 24H-l-733,060 hydrochloride-10.0","l-733,060 hydrochloride",VCAP,24H,10.0,14,14,0,1,1.0,0.26714532281495496,0.0,3.447354064375341,0.5732524250499975,-0.0,0.5732524250499975,0.619767127893641,True,1.0,0.14512735387682985,0.3505498167277574,chem
CPC001 VCAP 24H-z-leu3-vs-10.0,z-leu3-vs,VCAP,24H,10.0,118,105,0,2,1.0,0.7365646366253071,0.0,0.7655172413793103,0.13278913599314193,1.4286729705920562,-1.2958838345989143,0.9617753767478717,False,1.0,-0.6996607372649228,0.6907697434188603,chem
CPC001 VCAP 24H-ibudilast-10.0,ibudilast,VCAP,24H,10.0,8,11,0,0,1.0,1.0,0.0,0.0,-0.0,0.6642834066948583,-0.6642834066948583,1.0,False,1.0,-0.9543441206638258,1.0,chem
CPC001 VCAP 24H-bd 1008 dihydrobromide-10.0,bd 1008 dihydrobromide,VCAP,24H,10.0,13,18,0,0,1.0,1.0,0.0,0.0,-0.0,-0.0,0.0,1.0,False,1.0,-0.9543441206638258,1.0,chem
CPC001 VCAP 24H-fit-10.0,fit,VCAP,24H,10.0,24,15,1,0,0.17420818834684237,1.0,5.624338624338624,0.0,0.7589314356069268,0.5478231629924638,0.21110827261446297,0.4786377309400268,True,1.0,0.5012510554215232,0.24358547150949683,chem
CPC001 VCAP 24H-dfb-10.0,dfb,VCAP,24H,10.0,6,5,0,0,1.0,1.0,0.0,0.0,-0.0,-0.0,0.0,1.0,False,1.0,-0.9543441206638258,1.0,chem
CPC001 VCAP 24H-resveratrol-10.0,resveratrol,VCAP,24H,10.0,22,11,1,1,0.1309247131426979,0.38658788127807586,7.879012345679012,2.131374535629855,1.2957301332870146,-0.0,1.2957301332870146,0.20162196257794116,True,1.0,1.5308059772665632,0.08497167610796401,chem
CPC001 VCAP 24H-odq-10.0,odq,VCAP,24H,10.0,12,28,0,0,1.0,1.0,0.0,0.0,-0.0,-0.0,0.0,1.0,False,1.0,-0.9543441206638258,1.0,chem
CPC001 VCAP 24H-prostaglandin e2-10.0,prostaglandin e2,VCAP,24H,10.0,16,11,0,0,1.0,1.0,0.0,0.0,-0.0,-0.0,0.0,1.0,False,1.0,-0.9543441206638258,1.0,chem
CPC001 VCAP 24H-pdgf receptor tyrosine kinase inhibitor i-10.0,pdgf receptor tyrosine kinase inhibitor i,VCAP,24H,10.0,10,11,0,0,1.0,1.0,0.0,0.0,-0.0,-0.0,0.0,1.0,False,1.0,-0.9543441206638258,1.0,chem
CPC001 VCAP 24H-bd 1063 dihydrochloride-10.0,bd 1063 dihydrochloride,VCAP,24H,10.0,27,9,1,1,0.10845014617432895,0.4512024049980868,9.851851851851851,1.7201309328968903,1.3103984524294123,-0.0,1.3103984524294123,0.1965786003458346,True,1.0,1.5589391307811225,0.08397200933022327,chem
CPC001 VCAP 24H-danazol-10.0,danazol,VCAP,24H,10.0,63,82,1,1,0.6507217833049797,0.754393433432854,0.9618960524310318,0.7172271791352093,0.3090067552940631,2.1962683221552055,-1.8872615668611425,0.8401828049230579,False,1.0,-0.36168354385674906,0.5494835054981673,chem
CPC001 VCAP 24H-sb 225002-10.0,sb 225002,VCAP,24H,10.0,55,14,0,1,1.0,0.7062317609264366,0.0,0.8245337536117678,0.1510527550752136,2.8747611378283593,-2.723708382753146,0.9518675165134086,False,1.0,-0.6646319657758832,0.6794401866044651,chem
CPC001 VCAP 24H-vegf receptor 2 kinase inhibitor iv-10.0,vegf receptor 2 kinase inhibitor iv,VCAP,24H,10.0,4,17,0,0,1.0,1.0,0.0,0.0,-0.0,-0.0,0.0,1.0,False,1.0,-0.9543441206638258,1.0,chem
CPC001 VCAP 24H-t 98475-10.0,t 98475,VCAP,24H,10.0,54,18,0,1,1.0,0.6995871145504498,0.0,0.8402248093135287,0.15515819823734667,0.30188315733121646,-0.1467249590938698,0.9495250730711686,False,1.0,-0.6567579168406003,0.6757747417527491,chem
CPC001 VCAP 24H-lylamine hydrochloride-10.0,lylamine hydrochloride,VCAP,24H,10.0,56,26,0,1,1.0,0.7127304507454809,0.0,0.8094132817537073,0.1470746859789352,-0.0,0.1470746859789352,0.9540980287345754,False,1.0,-0.6722617171802987,0.6814395201599467,chem
CPC001 VCAP 24H-dy131-10.0,dy131,VCAP,24H,10.0,14,7,0,1,1.0,0.26714532281495496,0.0,3.447354064375341,0.5732524250499975,-0.0,0.5732524250499975,0.619767127893641,True,1.0,0.14512735387682985,0.3505498167277574,chem
CPC001 VCAP 24H-scoulerine-10.0,scoulerine,VCAP,24H,10.0,32,25,0,1,1.0,0.50905354969512,0.0,1.441546556851979,0.29323652981680803,0.844539165818308,-0.5513026360015,0.8527675562589397,True,1.0,-0.39193010244357745,0.56647784071976,chem
CPC001 VCAP 24H-fraxidin methyl ether-10.0,fraxidin methyl ether,VCAP,24H,10.0,5,8,0,0,1.0,1.0,0.0,0.0,-0.0,-0.0,0.0,1.0,False,1.0,-0.9543441206638258,1.0,chem
CPC001 VCAP 24H-milrinone-10.0,milrinone,VCAP,24H,10.0,8,12,0,0,1.0,1.0,0.0,0.0,-0.0,-0.0,0.0,1.0,False,1.0,-0.9543441206638258,1.0,chem
CPC001 VCAP 24H-tyrphostin ag 1478-10.0,tyrphostin ag 1478,VCAP,24H,10.0,46,8,0,1,1.0,0.6407694557263302,0.0,0.9908589440504334,0.1932981984307902,0.3518388437881739,-0.1585406453573837,0.9259666814856249,False,1.0,-0.5836071713413398,0.6467844051982673,chem
CPC001 VCAP 24H-ryanodine-10.0,ryanodine,VCAP,24H,10.0,7,16,0,0,1.0,1.0,0.0,0.0,-0.0,-0.0,0.0,1.0,False,1.0,-0.9543441206638258,1.0,chem
CPC001 VCAP 24H-clobenpropit dihydrobromide-10.0,clobenpropit dihydrobromide,VCAP,24H,10.0,13,4,0,0,1.0,1.0,0.0,0.0,-0.0,-0.0,0.0,1.0,False,1.0,-0.9543441206638258,1.0,chem
CPC001 VCAP 24H-arp 101-10.0,arp 101,VCAP,24H,10.0,43,11,0,1,1.0,0.6158785350844703,0.0,1.0621411685241473,0.2105049319006799,-0.0,0.2105049319006799,0.9143982595785249,True,1.0,-0.5506054572735489,0.631789403532156,chem
CPC001 VCAP 24H-purmorphamine-10.0,purmorphamine,VCAP,24H,10.0,6,4,0,0,1.0,1.0,0.0,0.0,-0.0,1.0710412177150446,-1.0710412177150446,1.0,False,1.0,-0.9543441206638258,1.0,chem
"CPC001 VCAP 24H-l-689,560-10.0","l-689,560",VCAP,24H,10.0,12,14,0,0,1.0,1.0,0.0,0.0,-0.0,2.5017853508692944,-2.5017853508692944,1.0,False,1.0,-0.9543441206638258,1.0,chem
CPC001 VCAP 24H-imd 0354-10.0,imd 0354,VCAP,24H,10.0,141,129,0,2,1.0,0.8207121089750633,0.0,0.6364850976361768,0.085809158848892,0.6852157656458056,-0.5994066067969136,0.9828707793307666,False,1.0,-0.7897661471812781,0.728423858713762,chem
CPC001 VCAP 24H-dcb-10.0,dcb,VCAP,24H,10.0,13,23,0,0,1.0,1.0,0.0,0.0,-0.0,0.3978441791525614,-0.3978441791525614,1.0,False,1.0,-0.9543441206638258,1.0,chem
CPC001 VCAP 24H-rs 17053 hydrochloride-10.0,rs 17053 hydrochloride,VCAP,24H,10.0,51,11,0,1,1.0,0.6787445310778502,0.0,0.8910638297872341,0.16829365667717439,0.3193676356186813,-0.15107397894150693,0.9417651400069137,False,1.0,-0.6315647188208182,0.6657780739753415,chem
CPC001 VCAP 24H-pd 169316-10.0,pd 169316,VCAP,24H,10.0,8,11,0,0,1.0,1.0,0.0,0.0,-0.0,-0.0,0.0,1.0,False,1.0,-0.9543441206638258,1.0,chem
CPC001 VCAP 24H-ly 320135-10.0,ly 320135,VCAP,24H,10.0,16,4,0,0,1.0,1.0,0.0,0.0,-0.0,-0.0,0.0,1.0,False,1.0,-0.9543441206638258,1.0,chem
CPC001 VCAP 24H-ag 494-10.0,ag 494,VCAP,24H,10.0,10,10,0,0,1.0,1.0,0.0,0.0,-0.0,0.701073797866221,-0.701073797866221,1.0,False,1.0,-0.9543441206638258,1.0,chem
CPC001 VCAP 24H-vorinostat-10.0,vorinostat,VCAP,24H,10.0,177,166,2,5,0.6265047899471519,0.3475207478587476,0.949390243902439,1.3070785944661347,0.6620948660872736,0.9325703040474522,-0.2704754379601786,0.5496492378355607,True,1.0,0.3155230214407758,0.2899033655448184,chem
CPC001 VCAP 24H-pd 407824-10.0,pd 407824,VCAP,24H,10.0,34,33,0,1,1.0,0.5304603602039942,0.0,1.3537502686438856,0.2753470641431871,0.2841007277695349,-0.008753663626347774,0.8667775572045433,True,1.0,-0.4262412651067009,0.5821392869043652,chem
CPC001 VCAP 24H-fk 888-10.0,fk 888,VCAP,24H,10.0,22,7,0,0,1.0,1.0,0.0,0.0,-0.0,-0.0,0.0,1.0,False,1.0,-0.9543441206638258,1.0,chem
CPC001 VCAP 24H-sant-1-10.0,sant-1,VCAP,24H,10.0,11,7,0,0,1.0,1.0,0.0,0.0,-0.0,-0.0,0.0,1.0,False,1.0,-0.9543441206638258,1.0,chem
CPC001 VCAP 24H-r(+)-skf-81297-10.0,r(+)-skf-81297,VCAP,24H,10.0,17,27,0,0,1.0,1.0,0.0,0.0,-0.0,-0.0,0.0,1.0,False,1.0,-0.9543441206638258,1.0,chem
CPC001 VCAP 24H-strophanthidin-10.0,strophanthidin,VCAP,24H,10.0,104,89,0,1,1.0,0.9022428429107663,0.0,0.4289058734421263,0.044676554318817056,0.6516167320982102,-0.6069401777793932,0.9950579788604937,False,1.0,-0.8686565685352478,0.7510829723425525,chem
CPC001 VCAP 24H-mdm2 inhibitor-10.0,mdm2 inhibitor,VCAP,24H,10.0,9,5,0,0,1.0,1.0,0.0,0.0,-0.0,-0.0,0.0,1.0,False,1.0,-0.9543441206638258,1.0,chem
CPC001 VCAP 24H-dmp 543-10.0,dmp 543,VCAP,24H,10.0,10,14,0,0,1.0,1.0,0.0,0.0,-0.0,-0.0,0.0,1.0,False,1.0,-0.9543441206638258,1.0,chem
CPC001 VCAP 24H-ag 592-10.0,ag 592,VCAP,24H,10.0,104,52,0,2,1.0,0.6704756738798134,0.0,0.8725490196078431,0.17361697454827255,0.13240710330854585,0.04120987123972669,0.9385102975229462,False,1.0,-0.6213548428683973,0.6604465178273908,chem
CPC001 VCAP 24H-spironolactone-10.0,spironolactone,VCAP,24H,10.0,33,31,0,0,1.0,1.0,0.0,0.0,-0.0,1.5277418322277516,-1.5277418322277516,1.0,False,1.0,-0.9543441206638258,1.0,chem
CPC001 VCAP 24H-norethindrone-10.0,norethindrone,VCAP,24H,10.0,82,107,1,2,0.7472327760814235,0.5408689713942205,0.7321220591660843,1.1164285714285713,0.39345201925610696,2.082355853351716,-1.6889038340956093,0.7703019958735683,True,1.0,-0.19972145729736715,0.48250583138953684,chem
CPC001 VCAP 24H-mammea a/ba + a/bb-10.0,mammea a/ba + a/bb,VCAP,24H,10.0,6,9,1,1,0.10845014617432895,0.12464001894863175,9.851851851851851,8.974468085106382,1.869112351933455,-0.0,1.869112351933455,0.07169254337462333,True,1.0,2.63052638988516,0.023992002665778073,chem
CPC001 VCAP 24H-tws119-10.0,tws119,VCAP,24H,10.0,11,21,0,0,1.0,1.0,0.0,0.0,-0.0,0.4285405625261831,-0.4285405625261831,1.0,False,1.0,-0.9543441206638258,1.0,chem
CPC001 VCAP 24H-sr 49059-10.0,sr 49059,VCAP,24H,10.0,8,11,0,0,1.0,1.0,0.0,0.0,-0.0,0.6642834066948583,-0.6642834066948583,1.0,False,1.0,-0.9543441206638258,1.0,chem
CPC001 VCAP 24H-azacyclonol-10.0,azacyclonol,VCAP,24H,10.0,14,17,0,0,1.0,1.0,0.0,0.0,-0.0,0.502482206893496,-0.502482206893496,1.0,False,1.0,-0.9543441206638258,1.0,chem
CPC001 VCAP 24H-pi 828-10.0,pi 828,VCAP,24H,10.0,21,81,1,1,0.6461835462951568,0.3727858656135989,0.9740740740740741,2.2382978723404254,0.6181846670992704,1.2102579961603834,-0.592073329061113,0.5837736957812518,True,1.0,0.23130530317381376,0.31756081306231254,chem
CPC001 VCAP 6H-n-benzylnaltrindole hydrochloride-10.0,n-benzylnaltrindole hydrochloride,VCAP,6H,10.0,16,21,0,1,1.0,0.2990120381303704,0.0,2.986761229314421,0.5243113267647002,1.1165150327031619,-0.5922037059384617,0.6600007335052211,True,1.0,0.051260604874098746,0.3822059313562146,chem
CPC001 VCAP 6H-cilnidipine-10.0,cilnidipine,VCAP,6H,10.0,16,23,0,0,1.0,1.0,0.0,0.0,-0.0,-0.0,0.0,1.0,False,1.0,-0.9543441206638258,1.0,chem
CPC001 VCAP 6H-sb 205607 dihydrobromide-10.0,sb 205607 dihydrobromide,VCAP,6H,10.0,18,5,0,0,1.0,1.0,0.0,0.0,-0.0,0.6876813615975087,-0.6876813615975087,1.0,False,1.0,-0.9543441206638258,1.0,chem
"CPC001 VCAP 6H-ly-278,584-10.0","ly-278,584",VCAP,6H,10.0,7,3,0,0,1.0,1.0,0.0,0.0,-0.0,-0.0,0.0,1.0,False,1.0,-0.9543441206638258,1.0,chem
CPC001 VCAP 6H-brefeldin a-10.0,brefeldin a,VCAP,6H,10.0,109,40,0,2,1.0,0.6954847519757756,0.0,0.8311081441922563,0.1577123871749871,1.0267043022300602,-0.8689919150550731,0.9480473910339858,False,1.0,-0.6518591013191866,0.6737754081972676,chem
CPC001 VCAP 6H-trichostatin a-10.0,trichostatin a,VCAP,6H,10.0,142,118,0,4,1.0,0.37892968055996984,0.0,1.3009871875656376,0.42144137625422917,1.564289104534438,-1.1428477282802088,0.7466447972220895,True,1.0,-0.14603917307940456,0.4608463845384872,chem
CPC001 VCAP 6H-geldanamycin-10.0,geldanamycin,VCAP,6H,10.0,90,28,0,0,1.0,1.0,0.0,0.0,-0.0,0.8341687519860392,-0.8341687519860392,1.0,False,1.0,-0.9543441206638258,1.0,chem
CPC001 VCAP 6H-vinblastine sulfate-10.0,vinblastine sulfate,VCAP,6H,10.0,12,1,0,0,1.0,1.0,0.0,0.0,-0.0,0.8478609369911335,-0.8478609369911335,1.0,False,1.0,-0.9543441206638258,1.0,chem
CPC001 VCAP 6H-taxol-10.0,taxol,VCAP,6H,10.0,6,8,0,0,1.0,1.0,0.0,0.0,-0.0,-0.0,0.0,1.0,False,1.0,-0.9543441206638258,1.0,chem
CPC001 VCAP 6H-amt hydrochloride-10.0,amt hydrochloride,VCAP,6H,10.0,9,12,0,0,1.0,1.0,0.0,0.0,-0.0,-0.0,0.0,1.0,False,1.0,-0.9543441206638258,1.0,chem
CPC001 VCAP 6H-genistin-10.0,genistin,VCAP,6H,10.0,23,16,0,1,1.0,0.40008827198770297,0.0,2.0341715022566085,0.3978441791525614,0.5243113267647002,-0.12646714761213879,0.7665971658146649,True,1.0,-0.19129749900822096,0.47784071976007997,chem
CPC001 VCAP 6H-cyclosporine-10.0,cyclosporine,VCAP,6H,10.0,78,36,0,2,1.0,0.5138589275695541,0.0,1.17593984962406,0.2891560938204769,0.45802986283675007,-0.16887376901627316,0.855989547373036,True,1.0,-0.3997561887985783,0.5704765078307231,chem
CPC001 VCAP 6H-estradiol valerate-10.0,estradiol valerate,VCAP,6H,10.0,22,9,0,1,1.0,0.38658788127807586,0.0,2.131374535629855,0.4127517643182056,0.7422119064117775,-0.3294601420935719,0.7539994803439586,True,1.0,-0.1627054443954878,0.4688437187604132,chem
CPC001 VCAP 6H-lfm-a12-10.0,lfm-a12,VCAP,6H,10.0,11,2,0,0,1.0,1.0,0.0,0.0,-0.0,-0.0,0.0,1.0,False,1.0,-0.9543441206638258,1.0,chem
CPC001 VCAP 6H-ciprofibrate-10.0,ciprofibrate,VCAP,6H,10.0,24,14,0,1,1.0,0.41329358362585905,0.0,1.9454209065679926,0.3837413370785968,-0.0,0.3837413370785968,0.7784785882603942,True,1.0,-0.21834609382039896,0.4901699433522159,chem
CPC001 VCAP 6H-cucurbitacin i-10.0,cucurbitacin i,VCAP,6H,10.0,68,39,0,2,1.0,0.4419972308843989,0.0,1.3562770562770563,0.3545804515002124,0.47193509563459346,-0.11735464413438107,0.8028666045914017,True,1.0,-0.2742753153373971,0.5104965011662779,chem
CPC001 VCAP 6H-foliosidine-10.0,foliosidine,VCAP,6H,10.0,29,39,0,0,1.0,1.0,0.0,0.0,-0.0,1.2741394565004167,-1.2741394565004167,1.0,False,1.0,-0.9543441206638258,1.0,chem
"CPC001 VCAP 6H-ici-185,282-10.0","ici-185,282",VCAP,6H,10.0,8,4,0,0,1.0,1.0,0.0,0.0,-0.0,1.0710412177150446,-1.0710412177150446,1.0,False,1.0,-0.9543441206638258,1.0,chem
CPC001 VCAP 6H-kf 38789-10.0,kf 38789,VCAP,6H,10.0,7,14,1,0,0.16359123498284758,1.0,6.0579297245963915,0.0,0.786239969005513,-0.0,0.786239969005513,0.45975426003169206,True,1.0,0.5536275516581812,0.23092302565811396,chem
CPC001 VCAP 6H-fluticasone propionate-10.0,fluticasone propionate,VCAP,6H,10.0,12,5,0,0,1.0,1.0,0.0,0.0,-0.0,-0.0,0.0,1.0,False,1.0,-0.9543441206638258,1.0,chem
CPC001 VCAP 6H-rimcazole dihydrochloride-10.0,rimcazole dihydrochloride,VCAP,6H,10.0,32,8,0,2,1.0,0.15500487961332776,0.0,3.000952380952381,0.8096546298569003,-0.0,0.8096546298569003,0.44398027225324666,True,1.0,0.5985357815534126,0.21959346884371875,chem
CPC001 VCAP 6H-ro 04-5595-10.0,ro 04-5595,VCAP,6H,10.0,7,17,0,0,1.0,1.0,0.0,0.0,-0.0,-0.0,0.0,1.0,False,1.0,-0.9543441206638258,1.0,chem
CPC001 VCAP 6H-nemonapride-10.0,nemonapride,VCAP,6H,10.0,6,8,0,0,1.0,1.0,0.0,0.0,-0.0,-0.0,0.0,1.0,False,1.0,-0.9543441206638258,1.0,chem
CPC001 VCAP 6H-bw-b 70c-10.0,bw-b 70c,VCAP,6H,10.0,5,7,0,0,1.0,1.0,0.0,0.0,-0.0,-0.0,0.0,1.0,False,1.0,-0.9543441206638258,1.0,chem
CPC001 VCAP 6H-nafadotride-10.0,nafadotride,VCAP,6H,10.0,6,6,0,0,1.0,1.0,0.0,0.0,-0.0,0.9043424936470758,-0.9043424936470758,1.0,False,1.0,-0.9543441206638258,1.0,chem
CPC001 VCAP 6H-isoxsuprine hydrochloride-10.0,isoxsuprine hydrochloride,VCAP,6H,10.0,7,15,0,1,1.0,0.14385787876763215,0.0,7.4775413711583925,0.8420663478048985,0.5478231629924638,0.2942431848124347,0.42278815217554033,True,1.0,0.6606999482755567,0.20593135621459513,chem
CPC001 VCAP 6H-wortmannin-10.0,wortmannin,VCAP,6H,10.0,28,16,1,1,0.18469199831054556,0.4632900827536739,5.248559670781893,1.6561597058050959,1.0676989160059107,-0.0,1.0676989160059107,0.2959271396603413,True,1.0,1.093452714114664,0.13428857047650783,chem
CPC001 VCAP 6H-u 18666a-10.0,u 18666a,VCAP,6H,10.0,18,8,0,0,1.0,1.0,0.0,0.0,-0.0,-0.0,0.0,1.0,False,1.0,-0.9543441206638258,1.0,chem
CPC001 VCAP 6H-clofarabine-10.0,clofarabine,VCAP,6H,10.0,15,35,1,1,0.3606648044546297,0.2832545123134497,2.308641975308642,3.2006079027355625,0.9907193993181922,0.7484799185575953,0.24223948076059687,0.33520877910127034,True,1.0,0.9458095834036319,0.1562812395868044,chem
CPC001 VCAP 6H-sarmentogenin-10.0,sarmentogenin,VCAP,6H,10.0,14,40,0,0,1.0,1.0,0.0,0.0,-0.0,0.2296813124583833,-0.2296813124583833,1.0,False,1.0,-0.9543441206638258,1.0,chem
CPC001 VCAP 6H-ntncb hydrochloride-10.0,ntncb hydrochloride,VCAP,6H,10.0,31,6,0,1,1.0,0.49798952875506386,0.0,1.4898345153664303,0.3027797890710162,-0.0,0.3027797890710162,0.8451759903818608,True,1.0,-0.37362657529629517,0.5541486171276241,chem
CPC001 VCAP 6H-dibutyrylcyclic amp-10.0,dibutyrylcyclic amp,VCAP,6H,10.0,12,22,0,0,1.0,1.0,0.0,0.0,-0.0,0.4127517643182056,-0.4127517643182056,1.0,False,1.0,-0.9543441206638258,1.0,chem
"CPC001 VCAP 6H-l-732,138-10.0","l-732,138",VCAP,6H,10.0,8,5,0,0,1.0,1.0,0.0,0.0,-0.0,-0.0,0.0,1.0,False,1.0,-0.9543441206638258,1.0,chem
CPC001 VCAP 6H-u-74389g-10.0,u-74389g,VCAP,6H,10.0,27,22,0,0,1.0,1.0,0.0,0.0,-0.0,1.081217450537035,-1.081217450537035,1.0,False,1.0,-0.9543441206638258,1.0,chem
CPC001 VCAP 6H-esculin hydrate-10.0,esculin hydrate,VCAP,6H,10.0,4,7,0,1,1.0,0.08490998854377486,0.0,14.962174940898345,1.0710412177150446,-0.0,1.0710412177150446,0.2943119066329722,True,1.0,1.0998630932564193,0.13228923692102632,chem
CPC001 VCAP 6H-gr 32191 hydrochloride-10.0,gr 32191 hydrochloride,VCAP,6H,10.0,12,11,0,0,1.0,1.0,0.0,0.0,-0.0,-0.0,0.0,1.0,False,1.0,-0.9543441206638258,1.0,chem
CPC001 VCAP 6H-rottlerin ncgc00025228-11-10.0,rottlerin ncgc00025228-11,VCAP,6H,10.0,18,6,0,0,1.0,1.0,0.0,0.0,-0.0,1.5920238552445845,-1.5920238552445845,1.0,False,1.0,-0.9543441206638258,1.0,chem
CPC001 VCAP 6H-sb 222200-10.0,sb 222200,VCAP,6H,10.0,14,7,0,0,1.0,1.0,0.0,0.0,-0.0,-0.0,0.0,1.0,False,1.0,-0.9543441206638258,1.0,chem
CPC001 VCAP 6H-jak3 inhibitor vi-10.0,jak3 inhibitor vi,VCAP,6H,10.0,62,113,0,2,1.0,0.3962092340634282,0.0,1.4933333333333334,0.4020754070002483,0.3438256253832172,0.05824978161703109,0.7630248296592255,True,1.0,-0.18318220089952464,0.47517494168610463,chem
CPC001 VCAP 6H-zk 164015-10.0,zk 164015,VCAP,6H,10.0,20,2,0,0,1.0,1.0,0.0,0.0,-0.0,-0.0,0.0,1.0,False,1.0,-0.9543441206638258,1.0,chem
CPC001 VCAP 6H-ryuvidine-10.0,ryuvidine,VCAP,6H,10.0,31,20,0,1,1.0,0.49798952875506386,0.0,1.4898345153664303,0.3027797890710162,-0.0,0.3027797890710162,0.8451759903818608,True,1.0,-0.37362657529629517,0.5541486171276241,chem
CPC001 VCAP 6H-angiogenesis inhibitor-10.0,angiogenesis inhibitor,VCAP,6H,10.0,6,14,0,0,1.0,1.0,0.0,0.0,-0.0,-0.0,0.0,1.0,False,1.0,-0.9543441206638258,1.0,chem
CPC001 VCAP 6H-mibefradil dihydrochloride-10.0,mibefradil dihydrochloride,VCAP,6H,10.0,20,2,0,0,1.0,1.0,0.0,0.0,-0.0,-0.0,0.0,1.0,False,1.0,-0.9543441206638258,1.0,chem
"CPC001 VCAP 6H-mapp, l-erythro-10.0","mapp, l-erythro",VCAP,6H,10.0,9,5,0,1,1.0,0.18104564964237885,0.0,5.6063829787234045,0.7422119064117775,-0.0,0.7422119064117775,0.4904537641082757,True,1.0,0.46918377648029047,0.24925024991669442,chem
"CPC001 VCAP 6H-na-tosyl-lys chloromethyl ketone, hydrochloride-10.0","na-tosyl-lys chloromethyl ketone, hydrochloride",VCAP,6H,10.0,12,9,0,0,1.0,1.0,0.0,0.0,-0.0,0.7422119064117775,-0.7422119064117775,1.0,False,1.0,-0.9543441206638258,1.0,chem
CPC001 VCAP 6H-zd 7155 hydrochloride-10.0,zd 7155 hydrochloride,VCAP,6H,10.0,7,5,0,0,1.0,1.0,0.0,0.0,-0.0,-0.0,0.0,1.0,False,1.0,-0.9543441206638258,1.0,chem
CPC001 VCAP 6H-gr 127935 hydrochloride-10.0,gr 127935 hydrochloride,VCAP,6H,10.0,9,5,0,0,1.0,1.0,0.0,0.0,-0.0,-0.0,0.0,1.0,False,1.0,-0.9543441206638258,1.0,chem
CPC001 VCAP 6H-dichlorobenzamil-10.0,dichlorobenzamil,VCAP,6H,10.0,25,13,0,1,1.0,0.42621022100959977,0.0,1.864066193853428,0.3703761396174927,-0.0,0.3703761396174927,0.789691920411482,True,1.0,-0.24397992059192203,0.4971676107964012,chem
CPC001 VCAP 6H-cyclosporin a-10.0,cyclosporin a,VCAP,6H,10.0,18,5,0,0,1.0,1.0,0.0,0.0,-0.0,-0.0,0.0,1.0,False,1.0,-0.9543441206638258,1.0,chem
CPC001 VCAP 6H-cosmosiin-10.0,cosmosiin,VCAP,6H,10.0,9,6,0,0,1.0,1.0,0.0,0.0,-0.0,-0.0,0.0,1.0,False,1.0,-0.9543441206638258,1.0,chem
CPC001 VCAP 6H-ag 556-10.0,ag 556,VCAP,6H,10.0,12,2,0,0,1.0,1.0,0.0,0.0,-0.0,-0.0,0.0,1.0,False,1.0,-0.9543441206638258,1.0,chem
CPC001 VCAP 6H-ikk 16-10.0,ikk 16,VCAP,6H,10.0,44,25,0,1,1.0,0.6243601472782201,0.0,1.037275276265875,0.20456482561205844,-0.0,0.20456482561205844,0.9184512075361329,True,1.0,-0.5619983047080963,0.6371209596801066,chem
"CPC001 VCAP 6H-l-733,060 hydrochloride-10.0","l-733,060 hydrochloride",VCAP,6H,10.0,26,3,0,0,1.0,1.0,0.0,0.0,-0.0,-0.0,0.0,1.0,False,1.0,-0.9543441206638258,1.0,chem
CPC001 VCAP 6H-z-leu3-vs-10.0,z-leu3-vs,VCAP,6H,10.0,98,74,0,1,1.0,0.8880920571859723,0.0,0.45587482635080795,0.05154201411361645,1.1074844730224533,-1.0559424589088369,0.9934907100656264,False,1.0,-0.8554889361378282,0.7470843052315894,chem
CPC001 VCAP 6H-estriol-10.0,estriol,VCAP,6H,10.0,6,8,0,0,1.0,1.0,0.0,0.0,-0.0,-0.0,0.0,1.0,False,1.0,-0.9543441206638258,1.0,chem
CPC001 VCAP 6H-fit-10.0,fit,VCAP,6H,10.0,19,8,0,0,1.0,1.0,0.0,0.0,-0.0,-0.0,0.0,1.0,False,1.0,-0.9543441206638258,1.0,chem
CPC001 VCAP 6H-digoxin-10.0,digoxin,VCAP,6H,10.0,26,39,0,0,1.0,1.0,0.0,0.0,-0.0,0.23656599957603974,-0.23656599957603974,1.0,False,1.0,-0.9543441206638258,1.0,chem
CPC001 VCAP 6H-arecaidine propargyl ester tosylate-10.0,arecaidine propargyl ester tosylate,VCAP,6H,10.0,6,7,0,0,1.0,1.0,0.0,0.0,-0.0,-0.0,0.0,1.0,False,1.0,-0.9543441206638258,1.0,chem
CPC001 VCAP 6H-resveratrol-10.0,resveratrol,VCAP,6H,10.0,14,8,0,0,1.0,1.0,0.0,0.0,-0.0,0.7887279586179001,-0.7887279586179001,1.0,False,1.0,-0.9543441206638258,1.0,chem
CPC001 VCAP 6H-calpeptin-10.0,calpeptin,VCAP,6H,10.0,11,11,0,0,1.0,1.0,0.0,0.0,-0.0,-0.0,0.0,1.0,False,1.0,-0.9543441206638258,1.0,chem
CPC001 VCAP 6H-prostaglandin e2-10.0,prostaglandin e2,VCAP,6H,10.0,15,8,0,0,1.0,1.0,0.0,0.0,-0.0,-0.0,0.0,1.0,False,1.0,-0.9543441206638258,1.0,chem
CPC001 VCAP 6H-dmab-anabaseine dihydrochloride-10.0,dmab-anabaseine dihydrochloride,VCAP,6H,10.0,6,13,0,0,1.0,1.0,0.0,0.0,-0.0,-0.0,0.0,1.0,False,1.0,-0.9543441206638258,1.0,chem
CPC001 VCAP 6H-wr 216174-10.0,wr 216174,VCAP,6H,10.0,49,22,0,1,1.0,0.6640580783349529,0.0,0.9284869976359338,0.1777939356962094,0.3318216818814629,-0.15402774618525347,0.9359139369694509,False,1.0,-0.6133436257644824,0.6584471842719094,chem
CPC001 VCAP 6H-pdgf receptor tyrosine kinase inhibitor i-10.0,pdgf receptor tyrosine kinase inhibitor i,VCAP,6H,10.0,11,9,0,0,1.0,1.0,0.0,0.0,-0.0,0.8829783689688089,-0.8829783689688089,1.0,False,1.0,-0.9543441206638258,1.0,chem
CPC001 VCAP 6H-zuclopenthixol hydrochloride-10.0,zuclopenthixol hydrochloride,VCAP,6H,10.0,15,15,0,0,1.0,1.0,0.0,0.0,-0.0,-0.0,0.0,1.0,False,1.0,-0.9543441206638258,1.0,chem
"CPC001 VCAP 6H-l-750,667-10.0","l-750,667",VCAP,6H,10.0,10,3,0,1,1.0,0.1990335100833351,0.0,4.982663514578408,0.701073797866221,-0.0,0.701073797866221,0.5203297379452708,True,1.0,0.39028279868076066,0.27090969676774407,chem
CPC001 VCAP 6H-dictamnine-10.0,dictamnine,VCAP,6H,10.0,11,13,1,0,0.15283946844712004,1.0,6.563786008230453,0.0,0.8157644813924487,-0.0,0.8157644813924487,0.43992810279416616,True,1.0,0.6102541924723512,0.21592802399200267,chem
CPC001 VCAP 6H-arachidonamide-10.0,arachidonamide,VCAP,6H,10.0,11,10,0,0,1.0,1.0,0.0,0.0,-0.0,-0.0,0.0,1.0,False,1.0,-0.9543441206638258,1.0,chem
CPC001 VCAP 6H-bd 1063 dihydrochloride-10.0,bd 1063 dihydrochloride,VCAP,6H,10.0,9,25,0,0,1.0,1.0,0.0,0.0,-0.0,-0.0,0.0,1.0,False,1.0,-0.9543441206638258,1.0,chem
CPC001 VCAP 6H-syk inhibitor-10.0,syk inhibitor,VCAP,6H,10.0,6,14,0,0,1.0,1.0,0.0,0.0,-0.0,0.5732524250499975,-0.5732524250499975,1.0,False,1.0,-0.9543441206638258,1.0,chem
CPC001 VCAP 6H-bapta-am-10.0,bapta-am,VCAP,6H,10.0,12,6,0,0,1.0,1.0,0.0,0.0,-0.0,0.9043424936470758,-0.9043424936470758,1.0,False,1.0,-0.9543441206638258,1.0,chem
CPC001 VCAP 6H-obaa-10.0,obaa,VCAP,6H,10.0,11,8,0,0,1.0,1.0,0.0,0.0,-0.0,-0.0,0.0,1.0,False,1.0,-0.9543441206638258,1.0,chem
CPC001 VCAP 6H-danazol-10.0,danazol,VCAP,6H,10.0,62,46,0,2,1.0,0.3962092340634282,0.0,1.4933333333333334,0.4020754070002483,0.1932981984307902,0.20877720856945808,0.7630248296592255,True,1.0,-0.18318220089952464,0.47517494168610463,chem
CPC001 VCAP 6H-aloisine-10.0,aloisine,VCAP,6H,10.0,20,37,0,0,1.0,1.0,0.0,0.0,-0.0,-0.0,0.0,1.0,False,1.0,-0.9543441206638258,1.0,chem
CPC001 VCAP 6H-oxindole i-10.0,oxindole i,VCAP,6H,10.0,12,7,0,0,1.0,1.0,0.0,0.0,-0.0,0.8420663478048985,-0.8420663478048985,1.0,False,1.0,-0.9543441206638258,1.0,chem
CPC001 VCAP 6H-jak3 inhibitor ii-10.0,jak3 inhibitor ii,VCAP,6H,10.0,16,21,0,1,1.0,0.2990120381303704,0.0,2.986761229314421,0.5243113267647002,0.4285405625261831,0.09577076423851705,0.6600007335052211,True,1.0,0.051260604874098746,0.3822059313562146,chem
CPC001 VCAP 6H-mmpx-10.0,mmpx,VCAP,6H,10.0,5,16,0,1,1.0,0.10499388060355601,0.0,11.21985815602837,0.9788360123353402,-0.0,0.9788360123353402,0.34163467548358883,True,1.0,0.9230178001723024,0.1586137954015328,chem
CPC001 VCAP 6H-ag-879-10.0,ag-879,VCAP,6H,10.0,27,14,0,0,1.0,1.0,0.0,0.0,-0.0,0.5350873381206043,-0.5350873381206043,1.0,False,1.0,-0.9543441206638258,1.0,chem
CPC001 VCAP 6H-t 98475-10.0,t 98475,VCAP,6H,10.0,25,3,0,1,1.0,0.42621022100959977,0.0,1.864066193853428,0.3703761396174927,-0.0,0.3703761396174927,0.789691920411482,True,1.0,-0.24397992059192203,0.4971676107964012,chem
CPC001 VCAP 6H-lylamine hydrochloride-10.0,lylamine hydrochloride,VCAP,6H,10.0,50,5,0,2,1.0,0.3002473560088206,0.0,1.8702380952380953,0.5225208083241747,0.3255105152388468,0.19701029308532791,0.661489549258411,True,1.0,0.04782647382820727,0.3842052649116961,chem
"CPC001 VCAP 6H-ici-162,846-10.0","ici-162,846",VCAP,6H,10.0,15,9,0,1,1.0,0.2832545123134497,0.0,3.2006079027355625,0.5478231629924638,-0.0,0.5478231629924638,0.6405544305334788,True,1.0,0.09635521261909535,0.36854381872709097,chem
CPC001 VCAP 6H-milrinone-10.0,milrinone,VCAP,6H,10.0,14,3,0,0,1.0,1.0,0.0,0.0,-0.0,-0.0,0.0,1.0,False,1.0,-0.9543441206638258,1.0,chem
CPC001 VCAP 6H-tyrphostin ag 1478-10.0,tyrphostin ag 1478,VCAP,6H,10.0,21,6,0,0,1.0,1.0,0.0,0.0,-0.0,0.6286163762503125,-0.6286163762503125,1.0,False,1.0,-0.9543441206638258,1.0,chem
CPC001 VCAP 6H-w-9 hydrochloride-10.0,w-9 hydrochloride,VCAP,6H,10.0,16,5,0,0,1.0,1.0,0.0,0.0,-0.0,-0.0,0.0,1.0,False,1.0,-0.9543441206638258,1.0,chem
CPC001 VCAP 6H-peucedanin-10.0,peucedanin,VCAP,6H,10.0,14,9,0,0,1.0,1.0,0.0,0.0,-0.0,-0.0,0.0,1.0,False,1.0,-0.9543441206638258,1.0,chem
CPC001 VCAP 6H-arp 101-10.0,arp 101,VCAP,6H,10.0,50,31,0,0,1.0,1.0,0.0,0.0,-0.0,1.8532523474665985,-1.8532523474665985,1.0,False,1.0,-0.9543441206638258,1.0,chem
CPC001 VCAP 6H-irsogladine maleate-10.0,irsogladine maleate,VCAP,6H,10.0,11,8,0,0,1.0,1.0,0.0,0.0,-0.0,-0.0,0.0,1.0,False,1.0,-0.9543441206638258,1.0,chem
CPC001 VCAP 6H-imd 0354-10.0,imd 0354,VCAP,6H,10.0,74,26,0,0,1.0,1.0,0.0,0.0,-0.0,0.618219265139391,-0.618219265139391,1.0,False,1.0,-0.9543441206638258,1.0,chem
CPC001 VCAP 6H-dhpc8 buildingblockc04-10.0,dhpc8 buildingblockc04,VCAP,6H,10.0,12,13,0,1,1.0,0.23384061641080872,0.0,4.075435203094777,0.6310800528359605,-0.0,0.6310800528359605,0.5736380458255381,True,1.0,0.25603805292093007,0.3092302565811396,chem
CPC001 VCAP 6H-phtpp-10.0,phtpp,VCAP,6H,10.0,8,6,0,0,1.0,1.0,0.0,0.0,-0.0,-0.0,0.0,1.0,False,1.0,-0.9543441206638258,1.0,chem
CPC001 VCAP 6H-rs 17053 hydrochloride-10.0,rs 17053 hydrochloride,VCAP,6H,10.0,24,4,0,0,1.0,1.0,0.0,0.0,-0.0,0.5784568453658027,-0.5784568453658027,1.0,False,1.0,-0.9543441206638258,1.0,chem
CPC001 VCAP 6H-gangleoidin acetate-10.0,gangleoidin acetate,VCAP,6H,10.0,13,10,0,0,1.0,1.0,0.0,0.0,-0.0,-0.0,0.0,1.0,False,1.0,-0.9543441206638258,1.0,chem
CPC001 VCAP 6H-dibenzepine hydrochloride-10.0,dibenzepine hydrochloride,VCAP,6H,10.0,7,12,0,0,1.0,1.0,0.0,0.0,-0.0,0.6310800528359605,-0.6310800528359605,1.0,False,1.0,-0.9543441206638258,1.0,chem
CPC001 VCAP 6H-gw 583340 dihydrochloride-10.0,gw 583340 dihydrochloride,VCAP,6H,10.0,5,5,0,0,1.0,1.0,0.0,0.0,-0.0,-0.0,0.0,1.0,False,1.0,-0.9543441206638258,1.0,chem
CPC001 VCAP 6H-pyrrolidinedithiocarbamate ammonium-10.0,pyrrolidinedithiocarbamate ammonium,VCAP,6H,10.0,26,4,0,0,1.0,1.0,0.0,0.0,-0.0,-0.0,0.0,1.0,False,1.0,-0.9543441206638258,1.0,chem
CPC001 VCAP 6H-l-cis-diltiazem-10.0,l-cis-diltiazem,VCAP,6H,10.0,15,9,0,0,1.0,1.0,0.0,0.0,-0.0,0.7422119064117775,-0.7422119064117775,1.0,False,1.0,-0.9543441206638258,1.0,chem
CPC001 VCAP 6H-sch 58261-10.0,sch 58261,VCAP,6H,10.0,14,7,0,0,1.0,1.0,0.0,0.0,-0.0,0.8420663478048985,-0.8420663478048985,1.0,False,1.0,-0.9543441206638258,1.0,chem
CPC001 VCAP 6H-vorinostat-10.0,vorinostat,VCAP,6H,10.0,183,116,1,5,0.7750828448278925,0.3738654833365972,0.6738593666129898,1.2617895513819404,0.5379365040822657,0.7144689880279658,-0.1765324839457001,0.6487070876591099,True,1.0,0.07739306091196914,0.3735421526157947,chem
CPC001 VCAP 6H-aq-ra 741-10.0,aq-ra 741,VCAP,6H,10.0,9,11,0,0,1.0,1.0,0.0,0.0,-0.0,-0.0,0.0,1.0,False,1.0,-0.9543441206638258,1.0,chem
CPC001 VCAP 6H-rg-13022-10.0,rg-13022,VCAP,6H,10.0,17,18,0,1,1.0,0.31442552382028793,0.0,2.799645390070922,0.502482206893496,-0.0,0.502482206893496,0.6782183825747264,True,1.0,0.009393368794592719,0.40019993335554815,chem
CPC001 VCAP 6H-pd 407824-10.0,pd 407824,VCAP,6H,10.0,21,17,0,0,1.0,1.0,0.0,0.0,-0.0,1.1310985831438085,-1.1310985831438085,1.0,False,1.0,-0.9543441206638258,1.0,chem
CPC001 VCAP 6H-fk 888-10.0,fk 888,VCAP,6H,10.0,38,11,0,2,1.0,0.2023980299630858,0.0,2.4984126984126984,0.6937937190077564,0.41478257879929925,0.2790111402084572,0.5257327435715693,True,1.0,0.3763199462138213,0.2735754748417194,chem
CPC001 VCAP 6H-r(+)-skf-81297-10.0,r(+)-skf-81297,VCAP,6H,10.0,12,17,0,1,1.0,0.23384061641080872,0.0,4.075435203094777,0.6310800528359605,-0.0,0.6310800528359605,0.5736380458255381,True,1.0,0.25603805292093007,0.3092302565811396,chem
CPC001 VCAP 6H-strophanthidin-10.0,strophanthidin,VCAP,6H,10.0,20,29,0,0,1.0,1.0,0.0,0.0,-0.0,0.6471838939524771,-0.6471838939524771,1.0,False,1.0,-0.9543441206638258,1.0,chem
CPC001 VCAP 6H-caffeic acid phenethyl ester-10.0,caffeic acid phenethyl ester,VCAP,6H,10.0,27,8,0,2,1.0,0.11753764457351683,0.0,3.604,0.9298230166926931,0.5350873381206043,0.3947356785720888,0.36918534401780184,True,1.0,0.8290131553839685,0.17360879706764412,chem
CPC001 VCAP 6H-nnc 05-2090 hydrochloride-10.0,nnc 05-2090 hydrochloride,VCAP,6H,10.0,26,7,0,0,1.0,1.0,0.0,0.0,-0.0,-0.0,0.0,1.0,False,1.0,-0.9543441206638258,1.0,chem
CPC001 VCAP 6H-BRD-K85318537 (obaa)-10.0,brd-k85318537 (obaa),VCAP,6H,10.0,17,12,0,0,1.0,1.0,0.0,0.0,-0.0,-0.0,0.0,1.0,False,1.0,-0.9543441206638258,1.0,chem
CPC001 VCAP 6H-rs 504393-10.0,rs 504393,VCAP,6H,10.0,13,15,0,0,1.0,1.0,0.0,0.0,-0.0,-0.0,0.0,1.0,False,1.0,-0.9543441206638258,1.0,chem
CPC001 VCAP 6H-piretanide-10.0,piretanide,VCAP,6H,10.0,1,12,0,0,1.0,1.0,0.0,0.0,-0.0,-0.0,0.0,1.0,False,1.0,-0.9543441206638258,1.0,chem
CPC001 VCAP 6H-ag 592-10.0,ag 592,VCAP,6H,10.0,15,3,0,1,1.0,0.2832545123134497,0.0,3.2006079027355625,0.5478231629924638,-0.0,0.5478231629924638,0.6405544305334788,True,1.0,0.09635521261909535,0.36854381872709097,chem
CPC001 VCAP 6H-spironolactone-10.0,spironolactone,VCAP,6H,10.0,18,9,0,3,1.0,0.006621293947836912,0.0,9.089208633093525,2.179057131482856,0.7422119064117775,1.4368452250710786,0.03984340106153605,True,1.0,3.224986053562356,0.009996667777407531,chem
CPC001 VCAP 6H-norethindrone-10.0,norethindrone,VCAP,6H,10.0,39,34,1,2,0.3524192105517165,0.21046312660341557,2.3789749345304902,2.4305019305019306,1.1297644080868354,0.7680925008294601,0.3616719072573753,0.26711875490297027,True,1.0,1.212491439664502,0.1169610129956681,chem
CPC001 VCAP 6H-tws119-10.0,tws119,VCAP,6H,10.0,7,20,0,0,1.0,1.0,0.0,0.0,-0.0,0.44529824527564915,-0.44529824527564915,1.0,False,1.0,-0.9543441206638258,1.0,chem
CPC001 VCAP 6H-sch 39166 hydrobromide-10.0,sch 39166 hydrobromide,VCAP,6H,10.0,8,9,0,0,1.0,1.0,0.0,0.0,-0.0,-0.0,0.0,1.0,False,1.0,-0.9543441206638258,1.0,chem
CPC001 VCAP 6H-y 134-10.0,y 134,VCAP,6H,10.0,15,6,0,0,1.0,1.0,0.0,0.0,-0.0,-0.0,0.0,1.0,False,1.0,-0.9543441206638258,1.0,chem
CPC001 VCAP 6H-dehydroisoandosterone 3-acetate-10.0,dehydroisoandosterone 3-acetate,VCAP,6H,10.0,12,19,0,0,1.0,1.0,0.0,0.0,-0.0,0.463125985490834,-0.463125985490834,1.0,False,1.0,-0.9543441206638258,1.0,chem
CPC001 VCAP 6H-pi 828-10.0,pi 828,VCAP,6H,10.0,24,20,0,0,1.0,1.0,0.0,0.0,-0.0,0.44529824527564915,-0.44529824527564915,1.0,False,1.0,-0.9543441206638258,1.0,chem
CPC002 HA1E 24H-norethynodrel-10.0,norethynodrel,HA1E,24H,10.0,87,47,0,2,1.0,0.5731589146951137,0.0,1.0499159663865547,0.2417249483526789,0.18795264439741394,0.05377230395526497,0.8921747319014167,True,1.0,-0.4907269185640632,0.6101299566811063,chem
CPC002 HA1E 24H-cyclopiazonic acid-10.0,cyclopiazonic acid,HA1E,24H,10.0,118,54,0,3,1.0,0.4815714967214395,0.0,1.1667813575226775,0.31733922603371767,-0.0,0.31733922603371767,0.8334560644915748,True,1.0,-0.3457022527354845,0.5421526157947351,chem
CPC002 HA1E 24H-wiskostatin-10.0,wiskostatin,HA1E,24H,10.0,117,36,0,3,1.0,0.47592665658649147,0.0,1.1772056039379024,0.3224599697458825,0.7295858103630471,-0.40712584061716467,0.8292981629698655,True,1.0,-0.33588090459296666,0.538487170943019,chem
CPC002 HA1E 24H-trichostatin a-10.0,trichostatin a,HA1E,24H,10.0,156,176,0,2,1.0,0.861832282358211,0.0,0.5730983302411874,0.06457724221858362,0.32742329321309255,-0.2628460509945089,0.989982084781994,False,1.0,-0.8304879752360194,0.7427524158613795,chem
CPC002 HA1E 24H-medrysone-10.0,medrysone,HA1E,24H,10.0,143,70,1,5,0.592252218742723,0.20472671919586818,1.1313293970298801,1.638104305511478,0.9163187768176547,0.2638501000552883,0.6524686767623664,0.37707515711474143,True,1.0,0.8031126517329562,0.1786071309563479,chem
CPC002 HA1E 24H-danazol-10.0,danazol,HA1E,24H,10.0,93,66,0,2,1.0,0.6097068788929911,0.0,0.9797488226059654,0.21487890511189192,-0.0,0.21487890511189192,0.9113757971844759,False,1.0,-0.5422163802003676,0.6264578473842053,chem
CPC002 HA1E 24H-pheniramine maleate-10.0,pheniramine maleate,HA1E,24H,10.0,90,25,0,3,1.0,0.31611419473224045,0.0,1.549243363929546,0.5001560022449729,0.16429882876165772,0.33585717348331523,0.6801676618573138,True,1.0,0.004931816530296729,0.40153282239253585,chem
CPC002 HA1E 24H-camptothecin-10.0,camptothecin,HA1E,24H,10.0,232,161,1,6,0.8748463924204599,0.39995829991473464,0.4808641975308642,1.191957313899011,0.45605348105127935,0.0806466430875569,0.37540683796372243,0.7173349268817685,True,1.0,-0.07965476677733022,0.43385538153948683,chem
CPC002 HA1E 24H-cgp 37157-10.0,cgp 37157,HA1E,24H,10.0,134,31,0,3,1.0,0.5676375950099587,0.0,1.0216376517106924,0.24592884865382336,0.08512584002839398,0.1608030086254294,0.8890749284562605,True,1.0,-0.48266403341792874,0.6057980673108964,chem
CPC002 HA1E 24H-megestrol acetate-10.0,megestrol acetate,HA1E,24H,10.0,63,41,0,3,1.0,0.1597073426971617,0.0,2.256115107913669,0.7966751163001377,0.722112224183196,0.07456289211694167,0.45267644803705265,True,1.0,0.5736416785623444,0.22359213595468178,chem
CPC002 HA1E 24H-norethindrone-10.0,norethindrone,HA1E,24H,10.0,58,38,1,2,0.38478436874628147,0.36475958920220486,2.1204537871204536,1.6010204081632653,0.8527758608716114,0.974351741276363,-0.12157588040475165,0.4159509409228769,True,1.0,0.6812402959627806,0.20226591136287905,chem
CPC002 HA1E 24H-api-2-10.0,api-2,HA1E,24H,10.0,83,45,1,3,0.4376233415150166,0.2739714703686665,1.7811447811447811,1.6866906474820145,0.9211941815595341,0.7697336505727969,0.15146053098673729,0.374211730133158,True,1.0,0.8124634511474883,0.17760746417860712,chem
CPC002 HA1E 24H-skf 89976a hydrochloride-10.0,skf 89976a hydrochloride,HA1E,24H,10.0,76,54,0,0,1.0,1.0,0.0,0.0,-0.0,0.6015635496408298,-0.6015635496408298,1.0,False,1.0,-0.9543441206638258,1.0,chem
CPC002 HA1E 24H-sq 22536-10.0,sq 22536,HA1E,24H,10.0,98,53,0,1,1.0,0.8880920571859723,0.0,0.45587482635080795,0.05154201411361645,0.15939634780318535,-0.1078543336895689,0.9934907100656264,False,1.0,-0.8554889361378282,0.7470843052315894,chem
CPC002 HA1E 24H-siguazodan-10.0,siguazodan,HA1E,24H,10.0,161,55,2,6,0.153482108122576,0.14183353294940537,2.9900943396226416,1.7581593927893737,1.6621633233423159,-0.0,1.6621633233423159,0.10508445865006806,True,1.0,2.233607783566118,0.039986671109630126,chem
CPC002 HA1E 24H-niguldipine-10.0,niguldipine,HA1E,24H,10.0,132,81,0,2,1.0,0.7911002909692584,0.0,0.6815384615384615,0.1017684557519518,0.66925460947052,-0.5674861537185681,0.9764792407639653,False,1.0,-0.7591569583983281,0.7204265244918361,chem
CPC002 HA1E 24H-cyclosporin a-10.0,cyclosporin a,HA1E,24H,10.0,85,75,0,1,1.0,0.8500731001258712,0.0,0.5275244849712935,0.07054372650188606,0.3072119284224398,-0.2366682019205537,0.9881529670840907,False,1.0,-0.8190445360351926,0.7397534155281573,chem
CPC002 HA1E 24H-bromocriptine mesylate-10.0,bromocriptine mesylate,HA1E,24H,10.0,62,33,0,1,1.0,0.7488310518614769,0.0,0.7291012672945006,0.12561615495840892,-0.0,0.12561615495840892,0.9654243574822806,False,1.0,-0.7134181810898177,0.7000999666777741,chem
CPC002 HA1E 24H-naloxone hydrochloride-10.0,naloxone hydrochloride,HA1E,24H,10.0,66,22,0,3,1.0,0.1758649426315368,0.0,2.147653305926687,0.7548207252900666,0.4127517643182056,0.342068960971861,0.4815250628533836,True,1.0,0.4933669043285844,0.24525158280573142,chem
CPC002 HA1E 24H-cymarin-10.0,cymarin,HA1E,24H,10.0,156,266,2,5,0.8570402850988705,0.25724957980405805,0.5803030303030303,1.4939333881181418,0.6566440895744062,0.06993787319294897,0.5867062163814573,0.5538241583437548,True,1.0,0.3050686857448192,0.29323558813728756,chem
CPC002 HA1E 24H-kirromycin-10.0,kirromycin,HA1E,24H,10.0,81,52,2,2,0.14031890889401918,0.5342135057225317,3.171,1.1307414104882458,1.1251689375527454,-0.0,1.1251689375527454,0.26916707991810895,True,1.0,1.2036775410335743,0.11796067977340886,chem
CPC002 HA1E 24H-wortmannin-10.0,wortmannin,HA1E,24H,10.0,156,71,0,4,1.0,0.44846735654410813,0.0,1.1784897025171626,0.3482691632970602,0.16207732251661272,0.18619184078044748,0.8081020227392335,True,1.0,-0.2863800724108025,0.514161946017994,chem
CPC002 HA1E 24H-vincristine sulfate-10.0,vincristine sulfate,HA1E,24H,10.0,106,77,1,5,0.627440793597535,0.08282539372331812,1.0259909031838856,2.2515718725157186,1.2842637396498573,1.0545701074257166,0.22969363222414074,0.20564407390697864,True,1.0,1.5088139678671972,0.08763745418193936,chem
CPC002 HA1E 24H-ciglitazone-10.0,ciglitazone,HA1E,24H,10.0,110,49,1,0,0.4657772989980638,1.0,1.631687242798354,0.0,0.3318216818814629,0.29876970004741904,0.03305198183404384,0.8216533535553789,True,1.0,-0.31792557637078944,0.5311562812395868,chem
CPC002 HA1E 24H-pimozide-10.0,pimozide,HA1E,24H,10.0,90,37,0,2,1.0,0.591734328636421,0.0,1.0136363636363637,0.22787323500741302,0.25115733143770075,-0.023284096430287726,0.9022158598324803,True,1.0,-0.5172938601610494,0.6174608463845385,chem
CPC002 HA1E 24H-ha-1004-10.0,ha-1004,HA1E,24H,10.0,62,54,0,1,1.0,0.7488310518614769,0.0,0.7291012672945006,0.12561615495840892,0.15515819823734667,-0.029542043278937752,0.9654243574822806,False,1.0,-0.7134181810898177,0.7000999666777741,chem
CPC002 HA1E 24H-nobiletin-10.0,nobiletin,HA1E,24H,10.0,104,55,1,2,0.5054175517404941,0.6704756738798134,1.4490169181527206,0.8725490196078431,0.469966654867648,0.1510527550752136,0.3189138997924344,0.705574537923853,True,1.0,-0.05296994685687528,0.42019326891036324,chem
CPC002 HA1E 24H-isotretinoin-10.0,isotretinoin,HA1E,24H,10.0,58,66,1,1,0.5706908532949094,0.7253026271272716,1.2017094017094017,0.7807639666542242,0.38307983748987917,0.7776036617379353,-0.3945238242480561,0.7790347670422442,True,1.0,-0.21961481924821025,0.4901699433522159,chem
CPC002 HA1E 24H-roscovitine-10.0,roscovitine,HA1E,24H,10.0,101,56,0,1,1.0,0.8954048071235986,0.0,0.4419858156028369,0.04798057836708278,0.13858462838437927,-0.09060405001729649,0.9943285611860027,False,1.0,-0.8623196041657596,0.748750416527824,chem
CPC002 HA1E 24H-aminopurvalanol a-10.0,aminopurvalanol a,HA1E,24H,10.0,119,152,0,4,1.0,0.2643967226476617,0.0,1.5669817265280404,0.5777439324876731,0.3677623894622528,0.20998154302542027,0.6161248901571484,True,1.0,0.15374185612683042,0.3462179273575475,chem
CPC002 HA1E 24H-irinotecan hydrochloride trihydrate-10.0,irinotecan hydrochloride trihydrate,HA1E,24H,10.0,253,114,2,5,0.42551299213618554,0.6574828410623718,1.4017857142857142,0.8953378855662821,0.5532027519915743,0.3548390421733403,0.19836370981823404,0.636134316660872,True,1.0,0.10667301397642734,0.36221259580139953,chem
CPC002 HA1E 24H-pd 160170-10.0,pd 160170,HA1E,24H,10.0,65,51,0,1,1.0,0.7651538606375023,0.0,0.6945921985815603,0.1162512261443165,0.997333600619595,-0.8810823744752785,0.9699689761746659,False,1.0,-0.7313796787516905,0.7074308563812063,chem
CPC002 HA1E 24H-thm-i-94-10.0,thm-i-94,HA1E,24H,10.0,217,188,1,9,0.912134643049594,0.04849691567847965,0.409652076318743,1.9923366107576634,1.3542269302831291,0.2191586835539061,1.135068246729223,0.1821725352373496,True,1.0,1.6430001117154738,0.0773075641452849,chem
CPC002 HA1E 24H-pkc-412-10.0,pkc-412,HA1E,24H,10.0,130,91,0,3,1.0,0.546927084643125,0.0,1.054494986687815,0.2620705691837902,0.06098275339533326,0.20108781578845691,0.8769646475113203,True,1.0,-0.451704964607783,0.5914695101632789,chem
CPC002 HA1E 24H-fccp-10.0,fccp,HA1E,24H,10.0,93,89,1,0,0.6809188878324794,1.0,0.8843995510662177,0.0,0.16690461887254393,1.3440150278539806,-1.1771104089814366,0.9426042469435216,False,1.0,-0.6342288286902471,0.6671109630123292,chem
CPC002 HA1E 24H-bay 11-7821-10.0,bay 11-7821,HA1E,24H,10.0,129,106,2,3,0.389917177464807,0.5416612129686181,1.5115384615384615,1.0630352860568688,0.6752998939843234,1.0818364909551115,-0.40653659697078803,0.539610064777222,True,1.0,0.3408496504420462,0.28257247584138623,chem
CPC002 HA1E 24H-oxymetazoline hydrochloride-10.0,oxymetazoline hydrochloride,HA1E,24H,10.0,129,70,1,4,0.592252218742723,0.31374637875481076,1.1313293970298801,1.439304347826087,0.7309145817007715,-0.0,0.7309145817007715,0.4985456843376763,True,1.0,0.4475160334135412,0.2562479173608797,chem
CPC002 HA1E 24H-kb-r7943 mesylate-10.0,kb-r7943 mesylate,HA1E,24H,10.0,94,51,1,2,0.4793275202099277,0.6155637042819571,1.565925925925926,0.968944099378882,0.5300946311758978,0.16829365667717439,0.36180097449872345,0.65519919707149,True,1.0,0.06235271360463296,0.37787404198600466,chem
CPC002 HA1E 24H-digoxigenin-10.0,digoxigenin,HA1E,24H,10.0,105,188,2,4,0.6938377304392058,0.19847138698548042,0.8341397849462365,1.7882049074472666,0.8610441825026016,0.23447138340870988,0.6265727990938917,0.4107284962192712,True,1.0,0.6970985520788509,0.19926691102965677,chem
CPC002 HA1E 24H-u-0126-10.0,u-0126,HA1E,24H,10.0,147,79,0,3,1.0,0.6308352340065904,0.0,0.9274580335731415,0.20008405803923413,-0.0,0.20008405803923413,0.9214676938550823,False,1.0,-0.5705922083970993,0.6417860713095634,chem
CPC002 HA1E 24H-tranilast-10.0,tranilast,HA1E,24H,10.0,184,96,0,2,1.0,0.9164364128501955,0.0,0.4827315541601256,0.03789766327821128,0.042202032683539795,-0.004304369405328516,0.9964070319515119,False,1.0,-0.8816581660906619,0.7537487504165278,chem
CPC002 HA1E 24H-rs 56812 hydrochloride-10.0,rs 56812 hydrochloride,HA1E,24H,10.0,64,44,0,1,1.0,0.759833479050158,0.0,0.7057300461555781,0.1192815748949867,-0.0,0.1192815748949867,0.968526285004875,False,1.0,-0.7255676108673179,0.7060979673442186,chem
CPC002 HA1E 24H-ski ii-10.0,ski ii,HA1E,24H,10.0,97,62,0,0,1.0,1.0,0.0,0.0,-0.0,0.12561615495840892,-0.12561615495840892,1.0,False,1.0,-0.9543441206638258,1.0,chem
CPC002 HA1E 24H-palda-10.0,palda,HA1E,24H,10.0,132,140,1,3,0.8353834411765372,0.5573537175367291,0.5553779198863131,1.0378116111761753,0.3319832352859326,0.31119819315182806,0.020785042134104537,0.8215209634588782,True,1.0,-0.317615724459018,0.530156614461846,chem
CPC002 HA1E 24H-riluzole hydrochloride-10.0,riluzole hydrochloride,HA1E,24H,10.0,127,38,0,3,1.0,0.5310264992223007,0.0,1.0805291250870273,0.27488380626529535,0.5615726524807378,-0.2866888462154425,0.8671361930278945,True,1.0,-0.42712977215846576,0.5821392869043652,chem
CPC002 HA1E 24H-jlk 6-10.0,jlk 6,HA1E,24H,10.0,32,73,1,1,0.6077179178677024,0.50905354969512,1.083676268861454,1.441546556851979,0.5095344886046682,-0.0,0.5095344886046682,0.6723176362519065,True,1.0,0.02291931693372595,0.3935354881706098,chem
CPC002 HA1E 24H-t 0901317-10.0,t 0901317,HA1E,24H,10.0,103,68,0,4,1.0,0.18949817899420668,0.0,1.8249158249158248,0.722394959081489,0.10767000742262935,0.6147249516588597,0.5047048762117695,True,1.0,0.43117579369639475,0.26124625124958345,chem
CPC002 HA1E 24H-maprotiline hydrochloride-10.0,maprotiline hydrochloride,HA1E,24H,10.0,86,20,0,3,1.0,0.2919805138988895,0.0,1.624945826471353,0.5346461313891518,0.44529824527564915,0.0893478861135027,0.6514284431310037,True,1.0,0.07108227920638692,0.37554148617127625,chem
CPC002 HA1E 24H-piceatannol-10.0,piceatannol,HA1E,24H,10.0,63,73,0,0,1.0,1.0,0.0,0.0,-0.0,0.09490004427342848,-0.09490004427342848,1.0,False,1.0,-0.9543441206638258,1.0,chem
CPC002 HA1E 24H-d-64131-10.0,d-64131,HA1E,24H,10.0,131,119,1,2,0.7836747881713573,0.7875586762202808,0.6564134756225152,0.6869324473975637,0.209581204506111,0.5777439324876731,-0.3681627279815621,0.915032480011283,False,1.0,-0.5523771234300274,0.6321226257914029,chem
CPC002 HA1E 24H-cilostamide-10.0,cilostamide,HA1E,24H,10.0,162,85,2,5,0.2927261358055532,0.2825401824803733,1.9003012048192771,1.435445627411781,1.0824582789011248,-0.0,1.0824582789011248,0.28884988829198566,True,1.0,1.1217604853103398,0.12729090303232257,chem
"CPC002 HA1E 24H-pifithrin-a, cyclic--10.0","pifithrin-a, cyclic-",HA1E,24H,10.0,70,48,0,0,1.0,1.0,0.0,0.0,-0.0,-0.0,0.0,1.0,False,1.0,-0.9543441206638258,1.0,chem
CPC002 HA1E 24H-BRD-K32501161-10.0,brd-k32501161,HA1E,24H,10.0,79,60,0,1,1.0,0.8284402406749884,0.0,0.5686488452445899,0.0817388138362365,0.6154759379729853,-0.5337371241367488,0.9843614541111402,False,1.0,-0.7975728794991802,0.7317560813062313,chem
CPC002 HA1E 24H-cp 94253 hydrochloride-10.0,cp 94253 hydrochloride,HA1E,24H,10.0,113,61,0,2,1.0,0.7143548097752149,0.0,0.8006435006435006,0.14608602680430152,-0.0,0.14608602680430152,0.9546462715300791,False,1.0,-0.6741579194692953,0.6814395201599467,chem
CPC002 HA1E 24H-arvanil-10.0,arvanil,HA1E,24H,10.0,96,89,0,1,1.0,0.8829370996986431,0.0,0.4656215005599104,0.054070234391632666,0.23239193347812376,-0.1783216990864911,0.992863930278105,False,1.0,-0.8506399272971039,0.7467510829723426,chem
CPC002 HA1E 24H-tracazolate hydrochloride-10.0,tracazolate hydrochloride,HA1E,24H,10.0,101,28,0,3,1.0,0.3824335346193158,0.0,1.372926148876817,0.4174440325529268,-0.0,0.4174440325529268,0.7500288035606344,True,1.0,-0.1537058922792988,0.4628457180939687,chem
CPC002 HA1E 24H-gp 2a-10.0,gp 2a,HA1E,24H,10.0,118,71,0,3,1.0,0.4815714967214395,0.0,1.1667813575226775,0.31733922603371767,-0.0,0.31733922603371767,0.8334560644915748,True,1.0,-0.3457022527354845,0.5421526157947351,chem
CPC002 HA1E 24H-az 10417808-10.0,az 10417808,HA1E,24H,10.0,117,61,0,2,1.0,0.7322427189998177,0.0,0.7722981366459627,0.1353449379992799,0.7686495574310577,-0.6333046194317777,0.960441209961838,False,1.0,-0.6947588279531962,0.6901032989003666,chem
CPC002 HA1E 24H-felamidin-10.0,felamidin,HA1E,24H,10.0,187,93,2,7,0.33022759666132406,0.11613487199890637,1.7310439560439561,1.7721810699588478,1.4162239905686693,0.05811139137126125,1.3581125991974081,0.16341244305637695,True,1.0,1.761907588266286,0.06897700766411197,chem
CPC002 HA1E 24H-isoreserpine-10.0,isoreserpine,HA1E,24H,10.0,139,55,0,1,1.0,0.9556859685310664,0.0,0.31832665227669854,0.01968479029580098,0.46753073115595595,-0.44784594086015495,0.9990032996579314,False,1.0,-0.9165896089220564,0.7590803065644786,chem
CPC002 HA1E 24H-kenpaullone-10.0,kenpaullone,HA1E,24H,10.0,95,115,2,3,0.4298897367532308,0.34633333593147414,1.3891592920353983,1.4638723803565843,0.8271486270699611,0.14060963975652596,0.6865389873134351,0.4324488337951755,True,1.0,0.632088454112585,0.21292902365878041,chem
CPC002 HA1E 24H-bcl-2 inhibitor-10.0,bcl-2 inhibitor,HA1E,24H,10.0,126,101,1,3,0.7268007580703328,0.525658578202667,0.7767901234567901,1.0894893841024742,0.41788087234135574,0.7431346037617094,-0.32525373142035363,0.7496590464559032,True,1.0,-0.1528680538937392,0.46251249583472176,chem
CPC002 HA1E 24H-baeomycesic acid-10.0,baeomycesic acid,HA1E,24H,10.0,75,50,0,2,1.0,0.49293320212056363,0.0,1.224853228962818,0.3072119284224398,0.3821840172727355,-0.07497208885029572,0.8416250826695822,True,1.0,-0.3651259382729903,0.5521492835721427,chem
CPC002 HA1E 24H-eo 1428-10.0,eo 1428,HA1E,24H,10.0,98,58,1,2,0.5241335714508069,0.6383228619654419,1.372103097249296,0.9279761904761905,0.4755176230093623,0.2845790409756378,0.1909385820337245,0.70088985918421,True,1.0,-0.042323448279278295,0.4178607130956348,chem
CPC002 HA1E 24H-glimepiride-10.0,glimepiride,HA1E,24H,10.0,150,60,2,3,0.17591799811122535,0.6444904570230783,2.7301724137931034,0.9080898546468947,0.9454732346129502,0.24349277472741146,0.7019804598855387,0.360203918737975,True,1.0,0.8590295450611111,0.17127624125291568,chem
CPC002 HA1E 24H-mdl-28170-10.0,mdl-28170,HA1E,24H,10.0,106,47,1,5,0.4518788513570958,0.08282539372331812,1.703166935050993,2.2515718725157186,1.4268144748149694,0.40902763192190733,1.017786842893062,0.16038842145799714,True,1.0,1.782219644215048,0.06731089636787738,chem
CPC002 HA1E 24H-flufenamic acid-10.0,flufenamic acid,HA1E,24H,10.0,162,91,2,5,0.320891309300849,0.2825401824803733,1.770505617977528,1.435445627411781,1.0425618234241258,0.22344974684536567,0.8191120765787602,0.3083131914565071,True,1.0,1.0452409403151035,0.14061979340219927,chem
CPC002 HA1E 24H-capsazepine-10.0,capsazepine,HA1E,24H,10.0,61,69,0,0,1.0,1.0,0.0,0.0,-0.0,0.1049698316977878,-0.1049698316977878,1.0,False,1.0,-0.9543441206638258,1.0,chem
CPC002 HA1E 24H-w-13 hydrochloride-10.0,w-13 hydrochloride,HA1E,24H,10.0,111,58,0,3,1.0,0.4415061884020428,0.0,1.2438049560351718,0.35506320472509095,0.4379932820723121,-0.08293007734722113,0.8024654192745898,True,1.0,-0.27334941711734123,0.510163278907031,chem
CPC002 HA1E 24H-bp 554 maleate-10.0,bp 554 maleate,HA1E,24H,10.0,136,81,0,4,1.0,0.348807515995116,0.0,1.3614404918752745,0.4574141655971621,-0.0,0.4574141655971621,0.7161838137176086,True,1.0,-0.07704503713874057,0.4335221592802399,chem
CPC002 HA1E 24H-pp 1-10.0,pp 1,HA1E,24H,10.0,154,100,0,3,1.0,0.6621436725977277,0.0,0.8834627662108724,0.1790477666834007,0.0640596895937301,0.1149880770896706,0.9351274445365539,False,1.0,-0.6109388362789575,0.655781406197934,chem
CPC002 HA1E 24H-fenofibrate-10.0,fenofibrate,HA1E,24H,10.0,130,69,1,4,0.5869643303886037,0.31873931208116524,1.1481481481481481,1.4276512537382102,0.727952658881384,0.1049698316977878,0.6229828271835962,0.5006814672654187,True,1.0,0.44183520328111997,0.25924691769410196,chem
CPC002 HA1E 24H-meclofenamic acid sodium salt monohydrate-10.0,meclofenamic acid sodium salt monohydrate,HA1E,24H,10.0,92,46,0,0,1.0,1.0,0.0,0.0,-0.0,0.1932981984307902,-0.1932981984307902,1.0,False,1.0,-0.9543441206638258,1.0,chem
CPC002 HA1E 24H-fenbendazole-10.0,fenbendazole,HA1E,24H,10.0,173,85,1,4,0.663994311241259,0.5293776350910859,0.9271017048794826,1.0570276991681673,0.4540700519514339,0.07054372650188606,0.38352632544954784,0.7190131754949356,True,1.0,-0.08345889149056404,0.4348550483172276,chem
CPC002 HA1E 24H-gr 159897-10.0,gr 159897,HA1E,24H,10.0,78,45,1,1,0.4376233415150166,0.8245448959637394,1.7811447811447811,0.5761260016579165,0.44268521440076364,0.199134210242939,0.24355100415782463,0.7286517513106718,True,1.0,-0.10529448011131788,0.44518493835388206,chem
CPC002 HA1E 24H-sb 202190-10.0,sb 202190,HA1E,24H,10.0,85,55,0,0,1.0,1.0,0.0,0.0,-0.0,0.6453663725817841,-0.6453663725817841,1.0,False,1.0,-0.9543441206638258,1.0,chem
CPC002 HA1E 24H-endecaphyllin x-10.0,endecaphyllin x,HA1E,24H,10.0,90,56,2,1,0.15792310686584615,0.8660146882025537,2.9342592592592593,0.49748983982787476,0.8640290625806669,0.977419937851163,-0.11339087527049607,0.4088552313862186,True,1.0,0.7028234131650839,0.19893368877040987,chem
CPC002 HA1E 24H-oxybenzone-10.0,oxybenzone,HA1E,24H,10.0,67,27,0,0,1.0,1.0,0.0,0.0,-0.0,0.23943842161399886,-0.23943842161399886,1.0,False,1.0,-0.9543441206638258,1.0,chem
CPC002 HA1E 24H-su 4312-10.0,su 4312,HA1E,24H,10.0,117,49,0,1,1.0,0.9270968349234721,0.0,0.38004402054292,0.032874901587396164,-0.0,0.032874901587396164,0.9972755235324728,False,1.0,-0.8912915892758934,0.7550816394535155,chem
CPC002 HA1E 24H-mometasone furoate-10.0,mometasone furoate,HA1E,24H,10.0,89,37,0,3,1.0,0.3100726680892379,0.0,1.5675087836707378,0.5085365137406291,0.4180619503102447,0.09047456343038446,0.6731518233788127,True,1.0,0.021005247585962,0.3962012662445851,chem
CPC002 HA1E 24H-r(+)-6-bromo-apb-10.0,r(+)-6-bromo-apb,HA1E,24H,10.0,148,70,1,3,0.592252218742723,0.6354263759625576,1.1313293970298801,0.9209129248325477,0.4244280655848544,-0.0,0.4244280655848544,0.7441157371490442,True,1.0,-0.14031084193095636,0.45884705098300566,chem
CPC002 HA1E 24H-imodium-10.0,imodium,HA1E,24H,10.0,89,32,0,2,1.0,0.5856094367718828,0.0,1.0254515599343186,0.23239193347812376,-0.0,0.23239193347812376,0.8989703357592432,True,1.0,-0.5086272067750413,0.6141286237920693,chem
CPC002 HA1E 24H-sb 431542-10.0,sb 431542,HA1E,24H,10.0,35,114,2,0,0.42551299213618554,1.0,1.4017857142857142,0.0,0.3710871751166129,0.6192224096391996,-0.24813523452258673,0.7890967372835869,True,1.0,-0.24261618759314715,0.4955014995001666,chem
CPC002 HA1E 24H-u 99194 maleate-10.0,u 99194 maleate,HA1E,24H,10.0,90,58,1,0,0.5241335714508069,1.0,1.372103097249296,0.0,0.2805580222686066,-0.0,0.2805580222686066,0.8627284289456304,True,1.0,-0.41624688991775183,0.5774741752749084,chem
CPC002 HA1E 24H-h-9 dihydrochloride-10.0,h-9 dihydrochloride,HA1E,24H,10.0,96,23,1,1,0.25448668572827027,0.8829370996986431,3.574635241301908,0.4656215005599104,0.6484051686068715,-0.0,0.6484051686068715,0.5601682848888238,True,1.0,0.28926681873307597,0.29656781072975674,chem
CPC002 HA1E 24H-skatole-10.0,skatole,HA1E,24H,10.0,78,33,0,4,1.0,0.09145580200495292,0.0,2.4512338425381905,1.0387887374395568,-0.0,1.0387887374395568,0.31020888558065224,True,1.0,1.038004336979913,0.1409530156614462,chem
CPC002 HA1E 24H-phenazopyridine hydrochloride-10.0,phenazopyridine hydrochloride,HA1E,24H,10.0,66,32,0,1,1.0,0.7703571921696406,0.0,0.6837970540098199,0.11330785843939327,0.29323652981680803,-0.17992867137741475,0.9713441429952586,False,1.0,-0.7370249210380446,0.7110963012329223,chem
CPC002 HA1E 24H-fasudil hydrochloride-10.0,fasudil hydrochloride,HA1E,24H,10.0,70,38,0,1,1.0,0.7900503381574097,0.0,0.6437455031349574,0.10234523670003882,0.4712129056732427,-0.3688676689732039,0.9762325077058558,False,1.0,-0.7580507193808048,0.7200933022325892,chem
CPC002 HA1E 24H-mebendazole-10.0,mebendazole,HA1E,24H,10.0,108,91,2,1,0.320891309300849,0.9106744047128277,1.770505617977528,0.41260688009544644,0.5342789142148967,0.6165865766268442,-0.08230766241194754,0.6517323979884879,True,1.0,0.07037797375487533,0.3768743752082639,chem
CPC002 HA1E 24H-BRD-K78633253-10.0,brd-k78633253,HA1E,24H,10.0,86,50,0,1,1.0,0.853405330487763,0.0,0.5212348769294952,0.06884464880481618,-0.0,0.06884464880481618,0.9886877084910747,False,1.0,-0.8223032879903956,0.7400866377874042,chem
CPC002 HA1E 24H-cy 208-243-10.0,cy 208-243,HA1E,24H,10.0,78,53,0,6,1.0,0.007047364213207973,0.0,3.8357843137254903,2.151973283249565,1.1587183186518761,0.9932549645976889,0.041967769919700776,True,1.0,3.1730404930168516,0.010996334555148283,chem
"CPC002 HA1E 24H-haematoxylone, tetramethyl--10.0","haematoxylone, tetramethyl-",HA1E,24H,10.0,77,34,0,3,1.0,0.23839092491838962,0.0,1.825199300019444,0.6227102813683921,-0.0,0.6227102813683921,0.5802061818865214,True,1.0,0.23998522073934256,0.3162279240253249,chem
CPC002 HA1E 24H-BRD-K80334323 (norethynodrel)-10.0,brd-k80334323 (norethynodrel),HA1E,24H,10.0,121,79,2,3,0.26443289403421427,0.49833378450104254,2.050324675324675,1.1365687111327887,0.8801641907904402,0.3862066747622164,0.4939575160282238,0.39883974884983914,True,1.0,0.7337698382118767,0.19260246584471843,chem
CPC002 HA1E 24H-BRD-K80348542-10.0,brd-k80348542,HA1E,24H,10.0,154,214,1,6,0.9375901971395575,0.1219278556750639,0.3581406132266852,1.843402225755167,0.9418840060118624,0.06755317375431812,0.8743308322575443,0.36224837625798584,True,1.0,0.8521455716315048,0.17194268577140953,chem
CPC002 HA1E 24H-gliquidone-10.0,gliquidone,HA1E,24H,10.0,81,58,0,1,1.0,0.8359751513899556,0.0,0.5542553191489362,0.07780663138228645,0.18964410457308736,-0.11183747319080091,0.9857454412722926,False,1.0,-0.8051146224589772,0.7354215261579473,chem
CPC002 HA1E 24H-vorinostat-10.0,vorinostat,HA1E,24H,10.0,197,189,1,6,0.9132808344702007,0.2637108044199694,0.4074074074074074,1.4184631967970434,0.6182677325708051,0.041511895887767436,0.5767558366830376,0.5837081155236667,True,1.0,0.2314646188827071,0.3172275908030656,chem
CPC002 HA1E 24H-sinensetin-10.0,sinensetin,HA1E,24H,10.0,83,66,0,4,1.0,0.10861910515663105,0.0,2.2942579343239773,0.9640937794032524,0.3696358895286629,0.5944578898745895,0.34974352181266405,True,1.0,0.8947428834487476,0.16494501832722425,chem
CPC002 HA1E 24H-terconazole-10.0,terconazole,HA1E,24H,10.0,70,45,1,3,0.4376233415150166,0.19807442890577218,1.7811447811447811,2.0181466766885,1.0620711096638673,0.22749330361335865,0.8345778060505087,0.2986635976428742,True,1.0,1.0826588434445557,0.13528823725424857,chem
CPC002 HA1E 24H-embelin-10.0,embelin,HA1E,24H,10.0,71,68,1,3,0.5816087129141987,0.20373137868582933,1.1654689515386032,1.9881506559458315,0.9263111719155759,0.10767000742262935,0.8186411644929465,0.37122463427969515,True,1.0,0.8222776005276272,0.17460846384538486,chem
CPC002 HA1E 24H-benzamil hydrochloride-10.0,benzamil hydrochloride,HA1E,24H,10.0,78,39,1,3,0.3926227282495143,0.24426832983492683,2.064327485380117,1.8005755395683454,1.0181574004892777,0.4357002098189787,0.582457190670299,0.32074510853589544,True,1.0,0.9984343928030698,0.14595134955014996,chem
CPC002 HA1E 24H-ag 825-10.0,ag 825,HA1E,24H,10.0,90,47,1,2,0.4518788513570958,0.591734328636421,1.703166935050993,1.0136363636363637,0.5728512188672708,-0.0,0.5728512188672708,0.6200929203785478,True,1.0,0.14435785908877213,0.3505498167277574,chem
CPC002 HA1E 24H-pd 198306-10.0,pd 198306,HA1E,24H,10.0,99,113,0,1,1.0,0.8905843608057327,0.0,0.45115067303517153,0.05032493560880137,0.2889743321807382,-0.23864939657193684,0.9937830024632113,False,1.0,-0.8578232360724583,0.7470843052315894,chem
CPC002 HA1E 24H-gw 843682x-10.0,gw 843682x,HA1E,24H,10.0,68,76,0,0,1.0,1.0,0.0,0.0,-0.0,0.3010552874507807,-0.3010552874507807,1.0,False,1.0,-0.9543441206638258,1.0,chem
CPC002 HA1E 24H-testosterone propionate-10.0,testosterone propionate,HA1E,24H,10.0,66,48,0,1,1.0,0.7703571921696406,0.0,0.6837970540098199,0.11330785843939327,-0.0,0.11330785843939327,0.9713441429952586,False,1.0,-0.7370249210380446,0.7110963012329223,chem
CPC002 HA1E 24H-nefazodone hydrochloride-10.0,nefazodone hydrochloride,HA1E,24H,10.0,99,44,0,1,1.0,0.8905843608057327,0.0,0.45115067303517153,0.05032493560880137,0.1428883053764367,-0.09256336976763534,0.9937830024632113,False,1.0,-0.8578232360724583,0.7470843052315894,chem
CPC002 HA1E 24H-nortriptyline hydrochloride-10.0,nortriptyline hydrochloride,HA1E,24H,10.0,114,44,0,4,1.0,0.24031317998899585,0.0,1.6395256916996048,0.6192224096391996,0.20456482561205844,0.41465758402714115,0.5829546653901269,True,1.0,0.23329564507331813,0.31689436854381875,chem
CPC002 HA1E 24H-anisomycin-10.0,anisomycin,HA1E,24H,10.0,152,213,1,5,0.9367619718871613,0.24071842188432863,0.35988819007686934,1.5355777347435324,0.6468614203145342,0.06946462342817948,0.5773967968863547,0.5613614585628972,True,1.0,0.28630598134778684,0.29790069976674444,chem
CPC002 HA1E 24H-BRD-K91509126 (piceatannol)-10.0,brd-k91509126 (piceatannol),HA1E,24H,10.0,84,67,0,1,1.0,0.8466656705832771,0.0,0.533965649833376,0.07228804903725279,-0.0,0.07228804903725279,0.9875926500030084,False,1.0,-0.8156990065856365,0.7387537487504166,chem
CPC002 HA1E 24H-kn-93-10.0,kn-93,HA1E,24H,10.0,102,62,2,3,0.1850363751633298,0.38841448371220477,2.638333333333333,1.3588402005668192,1.1434474718380887,0.13648921248770526,1.0069582593503834,0.26109838820514863,True,1.0,1.2387349191883994,0.11362879040319894,chem
CPC002 HA1E 24H-aloisine a-10.0,aloisine a,HA1E,24H,10.0,45,53,0,1,1.0,0.6326557707753426,0.0,1.0135396518375241,0.19883252618512057,0.15939634780318535,0.03943617838193522,0.9223038099527754,True,1.0,-0.5729925882523731,0.6441186271242919,chem
CPC002 HA1E 24H-pp 2-10.0,pp 2,HA1E,24H,10.0,123,100,0,2,1.0,0.7572980774715996,0.0,0.7332939787485242,0.12073314570349417,0.42430388545067693,-0.30357073974718274,0.9678256870503987,False,1.0,-0.7227835656064702,0.704098633788737,chem
CPC002 HA1E 24H-cyclo [arg-gly-asp-d-phe-val]-10.0,cyclo [arg-gly-asp-d-phe-val],HA1E,24H,10.0,140,56,0,3,1.0,0.5976057897919717,0.0,0.9759491676731608,0.223585203591379,0.4574187663496356,-0.23383356275825656,0.9052675671013839,False,1.0,-0.5255181048704414,0.6191269576807731,chem
CPC002 HA1E 24H-quercetin-10.0,quercetin,HA1E,24H,10.0,63,67,3,2,0.052607017627456315,0.40396339443609297,3.7547468354430378,1.4686182669789227,1.6726143054789346,0.25665933834520666,1.415954967133728,0.10309725867846185,True,1.0,2.2536522809603405,0.038320559813395536,chem
CPC002 HA1E 24H-coumestrol-10.0,coumestrol,HA1E,24H,10.0,63,39,0,1,1.0,0.754393433432854,0.0,0.7172271791352093,0.12240210054152371,0.23656599957603974,-0.11416389903451603,0.9670126232559566,False,1.0,-0.7195825878931181,0.7030989670109964,chem
CPC002 HA1E 24H-deoxycorticosterone-10.0,deoxycorticosterone,HA1E,24H,10.0,117,50,1,3,0.47259539417038376,0.47592665658649147,1.598135550516503,1.1772056039379024,0.6479704849847292,0.3579397907919907,0.2900306941927385,0.5605041134991308,True,1.0,0.2884331157741155,0.29656781072975674,chem
CPC002 HA1E 24H-parthenolide-10.0,parthenolide,HA1E,24H,10.0,123,139,1,3,0.8332247081166421,0.5093585555328166,0.5594918590087672,1.1172661870503597,0.37221425487497817,0.4390499242327452,-0.06683566935776702,0.7881529586907106,True,1.0,-0.2404545010660527,0.4951682772409197,chem
CPC002 HA1E 24H-formoterol hemifumarate-10.0,formoterol hemifumarate,HA1E,24H,10.0,141,58,0,4,1.0,0.3739132259657581,0.0,1.3106950174547762,0.42722917281754197,0.13948074947219694,0.287748423345345,0.7417434538213272,True,1.0,-0.13493844861015902,0.457514161946018,chem
CPC002 HA1E 6H-metoprolol tartrate-10.0,metoprolol tartrate,HA1E,6H,10.0,99,35,0,3,1.0,0.37043599849059783,0.0,1.401978417266187,0.4312868157639813,0.44609505885683826,-0.014808243092856943,0.738306576843817,True,1.0,-0.12715607826415995,0.4525158280573142,chem
CPC002 HA1E 6H-cyclopiazonic acid-10.0,cyclopiazonic acid,HA1E,6H,10.0,205,39,0,5,1.0,0.4697290055212408,0.0,1.118978102189781,0.32815262153085706,0.31512607393517966,0.013026547595677396,0.824655929518438,True,1.0,-0.32496266338094454,0.5321559480173276,chem
CPC002 HA1E 6H-wiskostatin-10.0,wiskostatin,HA1E,6H,10.0,72,49,0,2,1.0,0.4714545127331613,0.0,1.2779591836734694,0.3265602028671769,0.1777939356962094,0.1487662671709675,0.8259565562453897,True,1.0,-0.3280168482735593,0.5351549483505498,chem
CPC002 HA1E 6H-trichostatin a-10.0,trichostatin a,HA1E,6H,10.0,214,161,1,7,0.8748463924204599,0.18949503218961966,0.4808641975308642,1.5342637323313653,0.7804703657573396,0.1777186042702162,0.6027517614871234,0.46370047304711615,True,1.0,0.5425617211207344,0.23225591469510162,chem
CPC002 HA1E 6H-geldanamycin-10.0,geldanamycin,HA1E,6H,10.0,146,66,0,3,1.0,0.6262048296497553,0.0,0.9340946822961211,0.20328358717878142,0.36821353764586867,-0.16492995046708725,0.9193173820405042,False,1.0,-0.564455660399789,0.6381206264578474,chem
CPC002 HA1E 6H-medrysone-10.0,medrysone,HA1E,6H,10.0,51,69,0,0,1.0,1.0,0.0,0.0,-0.0,-0.0,0.0,1.0,False,1.0,-0.9543441206638258,1.0,chem
CPC002 HA1E 6H-danazol-10.0,danazol,HA1E,6H,10.0,84,48,0,1,1.0,0.8466656705832771,0.0,0.533965649833376,0.07228804903725279,0.18070193790869757,-0.10841388887144478,0.9875926500030084,False,1.0,-0.8156990065856365,0.7387537487504166,chem
"CPC002 HA1E 6H-l-689,560-10.0","l-689,560",HA1E,6H,10.0,95,40,0,1,1.0,0.8802718869613024,0.0,0.4706503696997133,0.05538316788419342,1.1548471793192379,-1.0994640114350445,0.9925280811585249,False,1.0,-0.8481217819566569,0.7454181939353549,chem
CPC002 HA1E 6H-puromycin hydrochloride-10.0,puromycin hydrochloride,HA1E,6H,10.0,154,89,2,5,0.3115258109608794,0.24894761545744107,1.8117816091954022,1.5144760691716064,1.1103979940105302,0.2326343281493806,0.8777636658611496,0.2758415762307561,True,1.0,1.175347558695864,0.12095968010663112,chem
CPC002 HA1E 6H-camptothecin-10.0,camptothecin,HA1E,6H,10.0,100,41,2,1,0.09467214452496704,0.8930215405336677,4.072435897435898,0.44652195716025506,1.0729158504664507,0.14071737619872932,0.9321984742677214,0.29340918220154927,True,1.0,1.1034585516362612,0.1316227924025325,chem
CPC002 HA1E 6H-nylidrin hydrochloride-10.0,nylidrin hydrochloride,HA1E,6H,10.0,75,41,0,4,1.0,0.08183948614493604,0.0,2.556031843233313,1.0870371061424184,-0.0,1.0870371061424184,0.28668334646133775,True,1.0,1.1305424628801914,0.12662445851382872,chem
CPC002 HA1E 6H-noscapine hydrochloride-10.0,noscapine hydrochloride,HA1E,6H,10.0,59,60,0,0,1.0,1.0,0.0,0.0,-0.0,0.27554765793371394,-0.27554765793371394,1.0,False,1.0,-0.9543441206638258,1.0,chem
CPC002 HA1E 6H-orphenadrine hydrochloride-10.0,orphenadrine hydrochloride,HA1E,6H,10.0,66,38,0,1,1.0,0.7703571921696406,0.0,0.6837970540098199,0.11330785843939327,0.2435990880176822,-0.13029122957828893,0.9713441429952586,False,1.0,-0.7370249210380446,0.7110963012329223,chem
CPC002 HA1E 6H-niguldipine-10.0,niguldipine,HA1E,6H,10.0,60,21,0,0,1.0,1.0,0.0,0.0,-0.0,-0.0,0.0,1.0,False,1.0,-0.9543441206638258,1.0,chem
CPC002 HA1E 6H-bromocriptine mesylate-10.0,bromocriptine mesylate,HA1E,6H,10.0,87,37,0,1,1.0,0.8566640097411657,0.0,0.5150915388421573,0.06718947834152734,0.17226599602448384,-0.10507651768295649,0.9891980628477683,False,1.0,-0.8254778279144607,0.740753082305898,chem
CPC002 HA1E 6H-cymarin-10.0,cymarin,HA1E,6H,10.0,52,36,0,2,1.0,0.31652561375974103,0.0,1.794857142857143,0.49959114041938535,-0.0,0.49959114041938535,0.6806412056898324,True,1.0,0.0038484378350625544,0.4031989336887704,chem
CPC002 HA1E 6H-kirromycin-10.0,kirromycin,HA1E,6H,10.0,57,44,2,2,0.10664407559233556,0.3567990927411277,3.7797619047619047,1.6303896103896105,1.4196395245503068,0.20456482561205844,1.2150746989382484,0.16243156731568542,True,1.0,1.768458423498788,0.06864378540486504,chem
CPC002 HA1E 6H-wortmannin-10.0,wortmannin,HA1E,6H,10.0,124,92,1,3,0.6930570531303011,0.5148240779814742,0.8548365215031881,1.1078542124977704,0.4475721619997579,0.548429765257759,-0.10085760325800108,0.7245134341034176,True,1.0,-0.09592154203399439,0.4395201599466844,chem
CPC002 HA1E 6H-vincristine sulfate-10.0,vincristine sulfate,HA1E,6H,10.0,82,75,1,2,0.6177049739872678,0.5408689713942205,1.054054054054054,1.1164285714285713,0.4761268340265416,0.18660465475253937,0.28952217927400226,0.7003760266548319,True,1.0,-0.04115500989839202,0.4178607130956348,chem
CPC002 HA1E 6H-cinobufagin-10.0,cinobufagin,HA1E,6H,10.0,165,83,0,4,1.0,0.49193875122490444,0.0,1.1109910883067784,0.30808896564909055,0.8066386942197544,-0.4985497285706639,0.8409206226117701,True,1.0,-0.36344382168581896,0.5494835054981673,chem
CPC002 HA1E 6H-guggulsterone-10.0,guggulsterone,HA1E,6H,10.0,50,48,0,0,1.0,1.0,0.0,0.0,-0.0,-0.0,0.0,1.0,False,1.0,-0.9543441206638258,1.0,chem
CPC002 HA1E 6H-ciglitazone-10.0,ciglitazone,HA1E,6H,10.0,96,26,0,2,1.0,0.6270766769139553,0.0,0.9480243161094225,0.20267935179351512,-0.0,0.20267935179351512,0.9197248677101375,False,1.0,-0.5656145557502107,0.639786737754082,chem
CPC002 HA1E 6H-rosiglitazone hydrochloride-10.0,rosiglitazone hydrochloride,HA1E,6H,10.0,78,27,0,2,1.0,0.5138589275695541,0.0,1.17593984962406,0.2891560938204769,-0.0,0.2891560938204769,0.855989547373036,True,1.0,-0.3997561887985783,0.5704765078307231,chem
"CPC002 HA1E 6H-l-741,626-10.0","l-741,626",HA1E,6H,10.0,87,49,0,1,1.0,0.8566640097411657,0.0,0.5150915388421573,0.06718947834152734,0.17226599602448384,-0.10507651768295649,0.9891980628477683,False,1.0,-0.8254778279144607,0.740753082305898,chem
CPC002 HA1E 6H-ha-1004-10.0,ha-1004,HA1E,6H,10.0,44,65,2,1,0.1988383374491649,0.6243601472782201,2.5115079365079365,1.037275276265875,0.9060647024047637,2.516464691089128,-1.6103999886843645,0.3831529563216374,True,1.0,0.783445814189604,0.1809396867710763,chem
CPC002 HA1E 6H-roscovitine-10.0,roscovitine,HA1E,6H,10.0,110,68,2,4,0.2127628920777679,0.2214460004276424,2.396212121212121,1.7024883784522833,1.3268362741351405,0.12097576435120963,1.2058605097839308,0.19106054671783512,True,1.0,1.5904661078671019,0.08163945351549484,chem
CPC002 HA1E 6H-aminopurvalanol a-10.0,aminopurvalanol a,HA1E,6H,10.0,43,87,2,1,0.3021357766264235,0.6158785350844703,1.855,1.0621411685241473,0.7303027777247888,-0.0,0.7303027777247888,0.4989863607583881,True,1.0,0.4463426218583351,0.25658113962012663,chem
CPC002 HA1E 6H-n-desmethylclozapine-10.0,n-desmethylclozapine,HA1E,6H,10.0,75,51,0,4,1.0,0.08183948614493604,0.0,2.556031843233313,1.0870371061424184,-0.0,1.0870371061424184,0.28668334646133775,True,1.0,1.1305424628801914,0.12662445851382872,chem
"CPC002 HA1E 6H-l-701,252-10.0","l-701,252",HA1E,6H,10.0,64,26,0,0,1.0,1.0,0.0,0.0,-0.0,0.35768938883102475,-0.35768938883102475,1.0,False,1.0,-0.9543441206638258,1.0,chem
CPC002 HA1E 6H-thm-i-94-10.0,thm-i-94,HA1E,6H,10.0,191,131,1,4,0.8149176954067295,0.6083628247011343,0.594681861348528,0.9524916686042005,0.30472358396424404,0.2572479163330376,0.04747566763120642,0.8436205686891709,False,1.0,-0.36989846714694824,0.5521492835721427,chem
CPC002 HA1E 6H-pkc-412-10.0,pkc-412,HA1E,6H,10.0,95,88,0,3,1.0,0.34633333593147414,0.0,1.4638723803565843,0.4605057039044729,0.21754868794679402,0.24295701595767885,0.7135691247671176,True,1.0,-0.07111561053223042,0.4315228257247584,chem
CPC002 HA1E 6H-fccp-10.0,fccp,HA1E,6H,10.0,76,33,0,3,1.0,0.23253902429906387,0.0,1.8504976840445453,0.6335041541049143,0.48988889484883263,0.1436152592560817,0.5717430529557714,True,1.0,0.26068736634752415,0.30623125624791736,chem
CPC002 HA1E 6H-bay 11-7821-10.0,bay 11-7821,HA1E,6H,10.0,56,41,0,0,1.0,1.0,0.0,0.0,-0.0,1.0246057793776908,-1.0246057793776908,1.0,False,1.0,-0.9543441206638258,1.0,chem
CPC002 HA1E 6H-brl 54443-10.0,brl 54443,HA1E,6H,10.0,134,114,2,2,0.42551299213618554,0.7980288380697089,1.4017857142857142,0.670995670995671,0.46906858954501984,0.08512584002839398,0.3839427495166259,0.7063328945986684,True,1.0,-0.05469239435357394,0.4205264911696101,chem
CPC002 HA1E 6H-digoxigenin-10.0,digoxigenin,HA1E,6H,10.0,78,32,1,3,0.3356116081383177,0.24426832983492683,2.533253683791318,1.8005755395683454,1.0862958632369166,-0.0,1.0862958632369166,0.2870331480081877,True,1.0,1.1291207934816994,0.12695768077307565,chem
CPC002 HA1E 6H-u-46619-10.0,u-46619,HA1E,6H,10.0,78,37,0,2,1.0,0.5138589275695541,0.0,1.17593984962406,0.2891560938204769,0.4502915416806398,-0.16113544786016287,0.855989547373036,True,1.0,-0.3997561887985783,0.5704765078307231,chem
CPC002 HA1E 6H-u-0126-10.0,u-0126,HA1E,6H,10.0,50,59,0,1,1.0,0.6714827869538534,0.0,0.9093935446519034,0.1729651157231477,0.3255105152388468,-0.15254539951569906,0.9389121529512973,False,1.0,-0.6226050777602773,0.6624458513828724,chem
CPC002 HA1E 6H-palda-10.0,palda,HA1E,6H,10.0,140,88,1,3,0.6767684038226862,0.5976057897919717,0.8947069675039023,0.9759491676731608,0.39314512892354886,0.14369106303784207,0.2494540658857068,0.7705607208595402,False,1.0,-0.20031005867385585,0.48250583138953684,chem
CPC002 HA1E 6H-jlk 6-10.0,jlk 6,HA1E,6H,10.0,113,61,0,3,1.0,0.45307946040599706,0.0,1.2207979071288424,0.3438256253832172,-0.0,0.3438256253832172,0.8117769233341258,True,1.0,-0.29490257134638775,0.5198267244251916,chem
CPC002 HA1E 6H-ly 303511-10.0,ly 303511,HA1E,6H,10.0,61,71,1,3,0.5974732240617563,0.14920631239604587,1.1149911816578484,2.334656412800794,1.0498943559761804,0.3656744962008622,0.6842198597753182,0.304656531808929,True,1.0,1.0593043965253788,0.137620793068977,chem
CPC002 HA1E 6H-t 0901317-10.0,t 0901317,HA1E,6H,10.0,151,40,0,4,1.0,0.4238339821688346,0.0,1.2195602878832692,0.37280422535824026,-0.0,0.37280422535824026,0.787658773841297,True,1.0,-0.23932296513384785,0.49450183272242587,chem
CPC002 HA1E 6H-piceatannol-10.0,piceatannol,HA1E,6H,10.0,83,15,0,2,1.0,0.5474590331479379,0.0,1.1024691358024692,0.26164837391881857,0.18362444661011315,0.07802392730870542,0.87728538779694,True,1.0,-0.4525147154788446,0.5921359546817727,chem
CPC002 HA1E 6H-t 0070907-10.0,t 0070907,HA1E,6H,10.0,49,75,1,3,0.6177049739872678,0.09180422147250257,1.054054054054054,2.949327494526118,1.2463562495415852,-0.0,1.2463562495415852,0.21945066842498084,True,1.0,1.436109165891275,0.09530156614461846,chem
CPC002 HA1E 6H-BRD-K32501161-10.0,brd-k32501161,HA1E,6H,10.0,57,51,0,3,1.0,0.128933844670315,0.0,2.509192645883293,0.8896330669427017,0.16829365667717439,0.7213394102655273,0.39304913152380716,True,1.0,0.7519307020310954,0.18760413195601466,chem
CPC002 HA1E 6H-arvanil-10.0,arvanil,HA1E,6H,10.0,85,39,0,0,1.0,1.0,0.0,0.0,-0.0,0.1778356414258281,-0.1778356414258281,1.0,False,1.0,-0.9543441206638258,1.0,chem
CPC002 HA1E 6H-az 10417808-10.0,az 10417808,HA1E,6H,10.0,108,44,0,2,1.0,0.6906105767089603,0.0,0.8390835579514825,0.1607667747106249,0.3292209912196318,-0.16845421650900688,0.9462602329329548,False,1.0,-0.646000928163908,0.6717760746417861,chem
CPC002 HA1E 6H-isoreserpine-10.0,isoreserpine,HA1E,6H,10.0,134,25,0,2,1.0,0.7980288380697089,0.0,0.670995670995671,0.09798141442840695,-0.0,0.09798141442840695,0.9780725585564618,False,1.0,-0.7664203274242526,0.7224258580473175,chem
CPC002 HA1E 6H-kenpaullone-10.0,kenpaullone,HA1E,6H,10.0,56,123,0,0,1.0,1.0,0.0,0.0,-0.0,0.12073314570349417,-0.12073314570349417,1.0,False,1.0,-0.9543441206638258,1.0,chem
CPC002 HA1E 6H-nsc 632839 hydrochloride-10.0,nsc 632839 hydrochloride,HA1E,6H,10.0,104,43,0,2,1.0,0.6704756738798134,0.0,0.8725490196078431,0.17361697454827255,0.13240710330854585,0.04120987123972669,0.9385102975229462,False,1.0,-0.6213548428683973,0.6604465178273908,chem
CPC002 HA1E 6H-bcl-2 inhibitor-10.0,bcl-2 inhibitor,HA1E,6H,10.0,145,62,1,1,0.5480039676880454,0.961323743286769,1.2813195709370573,0.30476753349093777,0.27834662822039546,0.6599249718256353,-0.3815783436052398,0.8644501069339517,True,1.0,-0.42048824079344166,0.5778073975341553,chem
CPC002 HA1E 6H-eo 1428-10.0,eo 1428,HA1E,6H,10.0,61,28,0,0,1.0,1.0,0.0,0.0,-0.0,-0.0,0.0,1.0,False,1.0,-0.9543441206638258,1.0,chem
CPC002 HA1E 6H-glimepiride-10.0,glimepiride,HA1E,6H,10.0,104,49,0,4,1.0,0.1939682539190968,0.0,1.806376811594203,0.712269343657109,-0.0,0.712269343657109,0.5120879783600077,True,1.0,0.41175533451507745,0.26491169610129955,chem
CPC002 HA1E 6H-flufenamic acid-10.0,flufenamic acid,HA1E,6H,10.0,98,54,0,1,1.0,0.8880920571859723,0.0,0.45587482635080795,0.05154201411361645,-0.0,0.05154201411361645,0.9934907100656264,False,1.0,-0.8554889361378282,0.7470843052315894,chem
CPC002 HA1E 6H-capsazepine-10.0,capsazepine,HA1E,6H,10.0,121,41,0,2,1.0,0.749177934867542,0.0,0.7458583433373349,0.12541502214888992,0.2230514587851949,-0.09763643663630497,0.9655246102457559,False,1.0,-0.7138039444586182,0.700433188937021,chem
CPC002 HA1E 6H-pp 1-10.0,pp 1,HA1E,6H,10.0,104,117,2,1,0.4385914984930246,0.9022428429107663,1.3645652173913043,0.4289058734421263,0.40261634511080774,0.1353449379992799,0.26727140711152786,0.7625679176185756,True,1.0,-0.18214470677640748,0.47384205264911694,chem
CPC002 HA1E 6H-ketanserin tartrate hydrate-10.0,ketanserin tartrate hydrate,HA1E,6H,10.0,82,38,0,4,1.0,0.10507628850157417,0.0,2.324043106651802,0.9784952757389652,0.18660465475253937,0.7918906209864258,0.34182037845729096,True,1.0,0.9223642832368726,0.15894701766077973,chem
CPC002 HA1E 6H-fenofibrate-10.0,fenofibrate,HA1E,6H,10.0,96,31,0,1,1.0,0.8829370996986431,0.0,0.4656215005599104,0.054070234391632666,0.3027797890710162,-0.24870955467938355,0.992863930278105,False,1.0,-0.8506399272971039,0.7467510829723426,chem
CPC002 HA1E 6H-remoxipride hydrochloride-10.0,remoxipride hydrochloride,HA1E,6H,10.0,91,34,0,1,1.0,0.868994937932384,0.0,0.49188337273443655,0.06098275339533326,0.2753470641431871,-0.21436431074785384,0.9910174507892915,False,1.0,-0.8373820375269452,0.7444185271576141,chem
CPC002 HA1E 6H-oxybenzone-10.0,oxybenzone,HA1E,6H,10.0,87,43,0,1,1.0,0.8566640097411657,0.0,0.5150915388421573,0.06718947834152734,-0.0,0.06718947834152734,0.9891980628477683,False,1.0,-0.8254778279144607,0.740753082305898,chem
CPC002 HA1E 6H-mg-132-10.0,mg-132,HA1E,6H,10.0,158,109,2,3,0.40338210676800873,0.6791614646460962,1.4684579439252337,0.8601067533070318,0.562310333902613,0.2182721917160793,0.34403814218653367,0.6286781061862445,True,1.0,0.12414093225406242,0.35688103965344886,chem
CPC002 HA1E 6H-su 4312-10.0,su 4312,HA1E,6H,10.0,118,64,0,1,1.0,0.9287253152508068,0.0,0.37673516396920653,0.0321127162653719,0.4928839892838327,-0.4607712730184608,0.9973973656218293,False,1.0,-0.8927534252547052,0.7554148617127624,chem
CPC002 HA1E 6H-r(+)-6-bromo-apb-10.0,r(+)-6-bromo-apb,HA1E,6H,10.0,45,46,0,0,1.0,1.0,0.0,0.0,-0.0,0.5521977205240055,-0.5521977205240055,1.0,False,1.0,-0.9543441206638258,1.0,chem
CPC002 HA1E 6H-pd 98059-10.0,pd 98059,HA1E,6H,10.0,85,39,0,2,1.0,0.5604415890053939,0.0,1.0755593803786574,0.25146964425462504,0.23656599957603974,0.014903644678585293,0.8849542247521202,True,1.0,-0.4720370453004158,0.6004665111629457,chem
CPC002 HA1E 6H-h-9 dihydrochloride-10.0,h-9 dihydrochloride,HA1E,6H,10.0,91,96,0,3,1.0,0.32215849591434986,0.0,1.5313930673642904,0.49193041101927093,0.20267935179351512,0.2892510592257558,0.6870711713275293,True,1.0,-0.010844484656920176,0.40753082305898036,chem
CPC002 HA1E 6H-mebendazole-10.0,mebendazole,HA1E,6H,10.0,63,51,0,3,1.0,0.1597073426971617,0.0,2.256115107913669,0.7966751163001377,-0.0,0.7966751163001377,0.45267644803705265,True,1.0,0.5736416785623444,0.22359213595468178,chem
CPC002 HA1E 6H-BRD-K78633253-10.0,brd-k78633253,HA1E,6H,10.0,62,46,0,0,1.0,1.0,0.0,0.0,-0.0,0.454514495532578,-0.454514495532578,1.0,False,1.0,-0.9543441206638258,1.0,chem
CPC002 HA1E 6H-BRD-K80348542-10.0,brd-k80348542,HA1E,6H,10.0,155,108,0,3,1.0,0.6664577384392412,0.0,0.8775085195001894,0.17622738495162923,0.10380189977007934,0.0724254851815499,0.9368919928907826,False,1.0,-0.6163481971920454,0.6587804065311563,chem
CPC002 HA1E 6H-vorinostat-10.0,vorinostat,HA1E,6H,10.0,209,166,1,5,0.8827685532033326,0.48676578413274973,0.4659184436962215,1.096321740374982,0.36683310298385874,0.17916142303137722,0.18767167995248152,0.792655124341904,True,1.0,-0.2507752999775275,0.49883372209263577,chem
CPC002 HA1E 6H-embelin-10.0,embelin,HA1E,6H,10.0,59,39,0,1,1.0,0.731382275965789,0.0,0.7671802396674003,0.13585556839436858,0.27554765793371394,-0.13969208953934537,0.960172552967361,False,1.0,-0.6937794626179611,0.6897700766411197,chem
CPC002 HA1E 6H-pd 198306-10.0,pd 198306,HA1E,6H,10.0,40,47,0,0,1.0,1.0,0.0,0.0,-0.0,0.18795264439741394,-0.18795264439741394,1.0,False,1.0,-0.9543441206638258,1.0,chem
CPC002 HA1E 6H-my-5445-10.0,my-5445,HA1E,6H,10.0,83,36,0,1,1.0,0.8431813571287766,0.0,0.5405639162774607,0.07407900434405931,0.18362444661011315,-0.10954544226605384,0.9870055087593451,False,1.0,-0.812264037650548,0.7374208597134289,chem
CPC002 HA1E 6H-nortriptyline hydrochloride-10.0,nortriptyline hydrochloride,HA1E,6H,10.0,94,47,0,3,1.0,0.3402929110005341,0.0,1.4801960629298758,0.4681470980549928,-0.0,0.4681470980549928,0.707111153948127,True,1.0,-0.05645977214919042,0.42085971342885703,chem
CPC002 HA1E 6H-anisomycin-10.0,anisomycin,HA1E,6H,10.0,234,144,1,7,0.8437457774546954,0.253473977074788,0.5394975394975395,1.3945178658835047,0.6698550085104757,0.17647521262503557,0.4933797958854402,0.5437365866332791,True,1.0,0.3304066134847857,0.2842385871376208,chem
CPC002 HA1E 6H-BRD-K91509126 (piceatannol)-10.0,brd-k91509126 (piceatannol),HA1E,6H,10.0,113,52,0,1,1.0,0.9202051071949088,0.0,0.39387031408308004,0.03611536070346369,0.16377284357838476,-0.12765748287492107,0.9967281595299764,False,1.0,-0.8850765394883224,0.7547484171942686,chem
CPC002 HA1E 6H-mefenamic acid-10.0,mefenamic acid,HA1E,6H,10.0,33,52,0,1,1.0,0.519875405631676,0.0,1.3962765957446808,0.2841007277695349,0.16377284357838476,0.12032788419115012,0.8599602725684471,True,1.0,-0.40945214562926635,0.5761412862379207,chem
CPC002 HA1E 6H-aloisine a-10.0,aloisine a,HA1E,6H,10.0,56,82,1,0,0.6507217833049797,1.0,0.9618960524310318,0.0,0.18660465475253937,0.36687237482219137,-0.180267720069652,0.9303194267782233,False,1.0,-0.5964450766274568,0.6514495168277241,chem
CPC002 HA1E 6H-trapidil-10.0,trapidil,HA1E,6H,10.0,49,53,0,0,1.0,1.0,0.0,0.0,-0.0,1.547556874166758,-1.547556874166758,1.0,False,1.0,-0.9543441206638258,1.0,chem
CPC002 HA1E 6H-pp 2-10.0,pp 2,HA1E,6H,10.0,86,91,1,0,0.6890625567577704,1.0,0.8644718792866941,0.0,0.1617413487434076,0.17502412238315684,-0.013282773639749251,0.9456854519190551,False,1.0,-0.6441317405215196,0.6707764078640454,chem
CPC002 HA1E 6H-tyrphostin 47-10.0,tyrphostin 47,HA1E,6H,10.0,56,52,0,1,1.0,0.7127304507454809,0.0,0.8094132817537073,0.1470746859789352,0.49959114041938535,-0.35251645444045016,0.9540980287345754,False,1.0,-0.6722617171802987,0.6814395201599467,chem
CPC002 HA1E 6H-quercetin-10.0,quercetin,HA1E,6H,10.0,88,58,3,0,0.03671170986387775,1.0,4.375373993095512,0.0,1.4351953875702832,-0.0,1.4351953875702832,0.1580314108086235,True,1.0,1.7982938448680637,0.06597800733088971,chem
CPC002 HA1E 6H-sib 1757-10.0,sib 1757,HA1E,6H,10.0,99,57,1,0,0.5179739744277554,1.0,1.3968253968253967,0.0,0.28569206080759085,0.2861072497234762,-0.0004151889158853228,0.8587129392666633,True,1.0,-0.40640004291607845,0.5731422859046984,chem
CPC002 HA1E 6H-deoxycorticosterone-10.0,deoxycorticosterone,HA1E,6H,10.0,65,44,0,3,1.0,0.17042787514453694,0.0,2.182640983987004,0.7684593706528187,-0.0,0.7684593706528187,0.4719903014072856,True,1.0,0.5195251914503776,0.23525491502832388,chem
CPC002 HA1E 6H-parthenolide-10.0,parthenolide,HA1E,6H,10.0,66,79,2,0,0.26443289403421427,1.0,2.050324675324675,0.0,0.5776845219209743,0.0817388138362365,0.4959457080847378,0.6161730066437154,True,1.0,0.15362790942461468,0.3468843718760413,chem
CPC002 HCC515 24H-wiskostatin-10.0,wiskostatin,HCC515,24H,10.0,72,51,0,1,1.0,0.7992585201226767,0.0,0.6254120467485765,0.09731272543783062,-0.0,0.09731272543783062,0.9783490408718478,False,1.0,-0.767702841790265,0.7240919693435521,chem
CPC002 HCC515 24H-trichostatin a-10.0,trichostatin a,HCC515,24H,10.0,169,245,6,4,0.08940503821013981,0.5108160830143902,2.032481832195552,1.0833552920509442,1.3403734443299677,0.23717846706874274,1.103194977261225,0.1866204982905652,True,1.0,1.6164297703390336,0.07964011996001333,chem
CPC002 HCC515 24H-geldanamycin-10.0,geldanamycin,HCC515,24H,10.0,90,156,3,3,0.3166201471941982,0.31611419473224045,1.5485232067510548,1.549243363929546,0.9996174557840944,1.2589919461082908,-0.25937449032419635,0.3304613808808955,True,1.0,0.9628756416279095,0.15394868377207596,chem
CPC002 HCC515 24H-medrysone-10.0,medrysone,HCC515,24H,10.0,68,53,1,3,0.49253813478307085,0.18688175891338424,1.5052231718898386,2.080907581627006,1.035993225608463,1.2632157910481174,-0.22722256543965447,0.3116196169406795,True,1.0,1.0326426753789866,0.14128623792069311,chem
CPC002 HCC515 24H-bulleyaconitine a-10.0,bulleyaconitine a,HCC515,24H,10.0,31,80,0,0,1.0,1.0,0.0,0.0,-0.0,0.2777832703782703,-0.2777832703782703,1.0,False,1.0,-0.9543441206638258,1.0,chem
CPC002 HCC515 24H-puromycin hydrochloride-10.0,puromycin hydrochloride,HCC515,24H,10.0,153,233,2,5,0.8008186548115468,0.24482359728268852,0.6667748917748918,1.5249556125468535,0.707612543767305,0.049900783986870464,0.6577117597804345,0.5155061964503282,True,1.0,0.4028238090338951,0.26724425191602796,chem
CPC002 HCC515 24H-pca 4248-10.0,pca 4248,HCC515,24H,10.0,39,35,0,0,1.0,1.0,0.0,0.0,-0.0,0.4060245634531765,-0.4060245634531765,1.0,False,1.0,-0.9543441206638258,1.0,chem
CPC002 HCC515 24H-camptothecin-10.0,camptothecin,HCC515,24H,10.0,144,159,0,5,1.0,0.20863318065201164,0.0,1.6260568187785538,0.6806166209903626,0.4262088879980316,0.254407732992331,0.5355984458323263,True,1.0,0.3510468854219944,0.27924025324891705,chem
CPC002 HCC515 24H-kynuramine-10.0,kynuramine,HCC515,24H,10.0,51,84,0,1,1.0,0.6787445310778502,0.0,0.8910638297872341,0.16829365667717439,0.25650329534173516,-0.08820963866456077,0.9417651400069137,False,1.0,-0.6315647188208182,0.6657780739753415,chem
CPC002 HCC515 24H-eriodyctol-10.0,eriodyctol,HCC515,24H,10.0,55,48,0,2,1.0,0.34077621024715454,0.0,1.6924528301886792,0.46753073115595595,0.1827872497531294,0.28474348140282657,0.7076317826209719,True,1.0,-0.05764193517847551,0.42452515828057313,chem
CPC002 HCC515 24H-megestrol acetate-10.0,megestrol acetate,HCC515,24H,10.0,64,36,1,3,0.36880667214133844,0.16504127613086159,2.2423280423280425,2.2187757990329047,1.2156086576289418,0.5111020373897196,0.7045066202392222,0.23124134140874097,True,1.0,1.3771367154636647,0.10063312229256914,chem
CPC002 HCC515 24H-api-2-10.0,api-2,HCC515,24H,10.0,70,55,0,0,1.0,1.0,0.0,0.0,-0.0,0.46753073115595595,-0.46753073115595595,1.0,False,1.0,-0.9543441206638258,1.0,chem
CPC002 HCC515 24H-sq 22536-10.0,sq 22536,HCC515,24H,10.0,46,26,0,0,1.0,1.0,0.0,0.0,-0.0,0.35768938883102475,-0.35768938883102475,1.0,False,1.0,-0.9543441206638258,1.0,chem
CPC002 HCC515 24H-niguldipine-10.0,niguldipine,HCC515,24H,10.0,124,179,5,0,0.07592209893930689,1.0,2.3204955963576652,0.0,1.1196317939269405,0.7775029480172788,0.34212884590966164,0.27165287465994203,True,1.0,1.193057557234158,0.11962679106964345,chem
CPC002 HCC515 24H-cyclosporin a-10.0,cyclosporin a,HCC515,24H,10.0,79,59,1,1,0.5302154054815167,0.8284402406749884,1.3482332907620265,0.5686488452445899,0.35728647176995043,0.624567613452913,-0.2672811416829626,0.8006165307659533,True,1.0,-0.2690852943865981,0.5094968343885371,chem
CPC002 HCC515 24H-bromocriptine mesylate-10.0,bromocriptine mesylate,HCC515,24H,10.0,89,57,0,2,1.0,0.5856094367718828,0.0,1.0254515599343186,0.23239193347812376,0.16690461887254393,0.06548731460557983,0.8989703357592432,True,1.0,-0.5086272067750413,0.6141286237920693,chem
CPC002 HCC515 24H-naloxone hydrochloride-10.0,naloxone hydrochloride,HCC515,24H,10.0,33,67,0,0,1.0,1.0,0.0,0.0,-0.0,0.8253713596645706,-0.8253713596645706,1.0,False,1.0,-0.9543441206638258,1.0,chem
CPC002 HCC515 24H-cymarin-10.0,cymarin,HCC515,24H,10.0,184,195,0,4,1.0,0.578590204238882,0.0,0.9906602254428342,0.23762892340323194,0.3702386247263638,-0.13260970132313188,0.8951720929205124,False,1.0,-0.49858290380569736,0.6117960679773409,chem
CPC002 HCC515 24H-kirromycin-10.0,kirromycin,HCC515,24H,10.0,34,30,1,2,0.31837322969696735,0.17057190474517306,2.7088122605363987,2.8125,1.2651559577301117,-0.0,1.2651559577301117,0.21250455079544284,True,1.0,1.472166131339211,0.09296901032989004,chem
CPC002 HCC515 24H-wortmannin-10.0,wortmannin,HCC515,24H,10.0,55,52,2,0,0.14031890889401918,1.0,3.171,0.0,0.8528838009959151,0.4601225238977602,0.3927612770981549,0.41588244781964356,True,1.0,0.6814473200981255,0.20193268910363213,chem
CPC002 HCC515 24H-vincristine sulfate-10.0,vincristine sulfate,HCC515,24H,10.0,60,71,0,1,1.0,0.7373282957339664,0.0,0.7540569780021638,0.13233909927834112,0.09979367928482703,0.03254541999351408,0.9620084761089149,False,1.0,-0.7005238867411354,0.692102632455848,chem
CPC002 HCC515 24H-guggulsterone-10.0,guggulsterone,HCC515,24H,10.0,77,57,0,0,1.0,1.0,0.0,0.0,-0.0,1.446425984355265,-1.446425984355265,1.0,False,1.0,-0.9543441206638258,1.0,chem
CPC002 HCC515 24H-pd 102807-10.0,pd 102807,HCC515,24H,10.0,41,39,0,0,1.0,1.0,0.0,0.0,-0.0,-0.0,0.0,1.0,False,1.0,-0.9543441206638258,1.0,chem
CPC002 HCC515 24H-pimozide-10.0,pimozide,HCC515,24H,10.0,67,21,0,0,1.0,1.0,0.0,0.0,-0.0,-0.0,0.0,1.0,False,1.0,-0.9543441206638258,1.0,chem
CPC002 HCC515 24H-sp 600125-10.0,sp 600125,HCC515,24H,10.0,71,54,0,1,1.0,0.7947056866867112,0.0,0.6344478216818642,0.09979367928482703,0.644391713092062,-0.5445980338072349,0.977315891807183,False,1.0,-0.7629444877646601,0.7220926357880706,chem
CPC002 HCC515 24H-gw 441756-10.0,gw 441756,HCC515,24H,10.0,60,20,0,3,1.0,0.1440436551415642,0.0,2.3759939416887543,0.8415058668364971,0.2706566302278198,0.5708492366086773,0.4231482395493449,True,1.0,0.6596249718605393,0.20593135621459513,chem
"CPC002 HCC515 24H-l-741,626-10.0","l-741,626",HCC515,24H,10.0,61,36,0,3,1.0,0.14920631239604587,0.0,2.334656412800794,0.826212802997538,0.2588956525938111,0.5673171504037269,0.4330601736042704,True,1.0,0.6302935870909095,0.21326224591802734,chem
CPC002 HCC515 24H-imperatorin-10.0,imperatorin,HCC515,24H,10.0,33,51,2,0,0.1359890921932011,1.0,3.2362244897959185,0.0,0.8664959253818773,1.187164604744094,-0.32066867936221677,0.40731189087439457,True,1.0,0.7075547412206079,0.19860046651116295,chem
CPC002 HCC515 24H-roscovitine-10.0,roscovitine,HCC515,24H,10.0,35,32,1,2,0.3356116081383177,0.1784514501209019,2.533253683791318,2.726839826839827,1.2226429447584106,0.29323652981680803,0.9294064149416026,0.22849613151485745,True,1.0,1.3906281508324814,0.09863378873708764,chem
CPC002 HCC515 24H-aminopurvalanol a-10.0,aminopurvalanol a,HCC515,24H,10.0,70,196,3,0,0.4543610949179964,1.0,1.2197153538400998,0.0,0.3425988625650622,1.019136125386882,-0.6765372628218198,0.8127897667043424,True,1.0,-0.2972554453433375,0.5201599466844385,chem
CPC002 HCC515 24H-irinotecan hydrochloride trihydrate-10.0,irinotecan hydrochloride trihydrate,HCC515,24H,10.0,141,169,0,3,1.0,0.6024686716142809,0.0,0.9687206756334064,0.22006553148967187,0.009844333879144419,0.21022119761052746,0.9077513633114985,False,1.0,-0.5322686721710962,0.6214595134955015,chem
CPC002 HCC515 24H-pd 160170-10.0,pd 160170,HCC515,24H,10.0,31,43,0,1,1.0,0.49798952875506386,0.0,1.4898345153664303,0.3027797890710162,-0.0,0.3027797890710162,0.8451759903818608,True,1.0,-0.37362657529629517,0.5541486171276241,chem
CPC002 HCC515 24H-thm-i-94-10.0,thm-i-94,HCC515,24H,10.0,175,222,4,4,0.30961667913859214,0.5385316772672051,1.452364149611856,1.0443257903212138,0.777964397532351,0.45057511836998976,0.32738927916236127,0.4654217395541521,True,1.0,0.5377553906822021,0.23258913695434855,chem
CPC002 HCC515 24H-pkc-412-10.0,pkc-412,HCC515,24H,10.0,99,176,1,1,0.8971563229898559,0.8905843608057327,0.43858906525573194,0.45115067303517153,0.0974568133039995,2.8467477061803805,-2.749290892876381,0.9782895890671862,False,1.0,-0.7674264879681834,0.7224258580473175,chem
CPC002 HCC515 24H-fccp-10.0,fccp,HCC515,24H,10.0,107,258,5,2,0.22791213030955507,0.685672945132456,1.5756378009342435,0.8472108843537415,0.8061155458032578,0.5985721492308451,0.20754339657241272,0.4463395912711131,True,1.0,0.5917479830322948,0.22092635788070644,chem
CPC002 HCC515 24H-ebt or (erichrome black t)-10.0,ebt or (erichrome black t),HCC515,24H,10.0,37,46,1,3,0.44479629002890175,0.04666346456657541,1.741289437585734,3.997884045704613,1.6828618635891666,-0.0,1.6828618635891666,0.10118281451315647,True,1.0,2.273306620538433,0.038320559813395536,chem
CPC002 HCC515 24H-gtp 14564-10.0,gtp 14564,HCC515,24H,10.0,29,39,0,1,1.0,0.47511335427849205,0.0,1.596757852077001,0.3232027624497683,0.7457803330462797,-0.42257757059651135,0.8286935975885885,True,1.0,-0.3344562627532951,0.538487170943019,chem
CPC002 HCC515 24H-kb-r7943 mesylate-10.0,kb-r7943 mesylate,HCC515,24H,10.0,72,36,0,2,1.0,0.4714545127331613,0.0,1.2779591836734694,0.3265602028671769,-0.0,0.3265602028671769,0.8259565562453897,True,1.0,-0.3280168482735593,0.5351549483505498,chem
CPC002 HCC515 24H-brl 54443-10.0,brl 54443,HCC515,24H,10.0,50,35,0,1,1.0,0.6714827869538534,0.0,0.9093935446519034,0.1729651157231477,-0.0,0.1729651157231477,0.9389121529512973,False,1.0,-0.6226050777602773,0.6624458513828724,chem
CPC002 HCC515 24H-digoxigenin-10.0,digoxigenin,HCC515,24H,10.0,161,171,3,1,0.36895370039599196,0.9731109500999978,1.406871609403255,0.27358156028368796,0.4448657700119359,0.10663306445800984,0.33823270555392604,0.7268050956148034,True,1.0,-0.10111227592278024,0.4431856047984005,chem
CPC002 HCC515 24H-u-0126-10.0,u-0126,HCC515,24H,10.0,119,111,2,2,0.4122826862258731,0.7408274836495669,1.4410550458715596,0.7588522588522588,0.5150878172907538,0.9951271106073037,-0.48003929331654993,0.6676809751266185,True,1.0,0.03357034292557751,0.388870376541153,chem
CPC002 HCC515 24H-clofibric acid-10.0,clofibric acid,HCC515,24H,10.0,79,43,1,1,0.4230017123766502,0.8284402406749884,1.866549088771311,0.5686488452445899,0.4553966883660999,0.7881894538216542,-0.33279276545555425,0.7178906231711792,True,1.0,-0.08091446458319429,0.43418860379873375,chem
CPC002 HCC515 24H-su 4312-10.0,su 4312,HCC515,24H,10.0,27,44,0,1,1.0,0.4512024049980868,0.0,1.7201309328968903,0.3456285941430332,0.7396521637326627,-0.39402356958962953,0.8102869879520673,True,1.0,-0.2914445611674814,0.5174941686104632,chem
CPC002 HCC515 24H-palda-10.0,palda,HCC515,24H,10.0,96,40,0,1,1.0,0.8829370996986431,0.0,0.4656215005599104,0.054070234391632666,-0.0,0.054070234391632666,0.992863930278105,False,1.0,-0.8506399272971039,0.7467510829723426,chem
CPC002 HCC515 24H-ly 303511-10.0,ly 303511,HCC515,24H,10.0,51,90,1,2,0.6850167188736285,0.3083955807540339,0.8743237619642114,1.8317784256559766,0.6751906826897696,1.326610133849894,-0.6514194511601243,0.5396926524458079,True,1.0,0.34064018826131637,0.28257247584138623,chem
CPC002 HCC515 24H-t 0901317-10.0,t 0901317,HCC515,24H,10.0,49,37,0,1,1.0,0.6640580783349529,0.0,0.9284869976359338,0.1777939356962094,0.5829790133191637,-0.4051850776229543,0.9359139369694509,False,1.0,-0.6133436257644824,0.6584471842719094,chem
CPC002 HCC515 24H-gyki 52466 hydrochloride-10.0,gyki 52466 hydrochloride,HCC515,24H,10.0,34,58,0,0,1.0,1.0,0.0,0.0,-0.0,0.8732025840049563,-0.8732025840049563,1.0,False,1.0,-0.9543441206638258,1.0,chem
CPC002 HCC515 24H-maprotiline hydrochloride-10.0,maprotiline hydrochloride,HCC515,24H,10.0,47,38,0,1,1.0,0.6487051647006395,0.0,0.9691643539932162,0.18795264439741394,-0.0,0.18795264439741394,0.9294498119856278,False,1.0,-0.5938596952182346,0.6511162945684772,chem
CPC002 HCC515 24H-d-64131-10.0,d-64131,HCC515,24H,10.0,54,61,0,0,1.0,1.0,0.0,0.0,-0.0,0.410709766639067,-0.410709766639067,1.0,False,1.0,-0.9543441206638258,1.0,chem
CPC002 HCC515 24H-cgp 53353-10.0,cgp 53353,HCC515,24H,10.0,43,33,0,0,1.0,1.0,0.0,0.0,-0.0,-0.0,0.0,1.0,False,1.0,-0.9543441206638258,1.0,chem
"CPC002 HCC515 24H-r(-)-2,11-dihydroxy-10-methoxyaporphine-10.0","r(-)-2,11-dihydroxy-10-methoxyaporphine",HCC515,24H,10.0,38,40,0,0,1.0,1.0,0.0,0.0,-0.0,0.6604285614684814,-0.6604285614684814,1.0,False,1.0,-0.9543441206638258,1.0,chem
CPC002 HCC515 24H-BRD-K32501161-10.0,brd-k32501161,HCC515,24H,10.0,55,62,0,0,1.0,1.0,0.0,0.0,-0.0,1.2160176512686383,-1.2160176512686383,1.0,False,1.0,-0.9543441206638258,1.0,chem
CPC002 HCC515 24H-cp 94253 hydrochloride-10.0,cp 94253 hydrochloride,HCC515,24H,10.0,25,56,1,0,0.5117356325563969,1.0,1.4224466891133558,0.0,0.29095434170711326,0.906470724046693,-0.6155163823395797,0.8545714508841287,True,1.0,-0.3963072330347414,0.5674775074975008,chem
CPC002 HCC515 24H-ly 225910-10.0,ly 225910,HCC515,24H,10.0,36,44,0,1,1.0,0.550940054199812,0.0,1.2759878419452888,0.2588956525938111,0.6377660562674665,-0.37887040367365543,0.8793715466909027,True,1.0,-0.45779430688038386,0.5958013995334889,chem
CPC002 HCC515 24H-methotrimeprazine maleat salt-10.0,methotrimeprazine maleat salt,HCC515,24H,10.0,70,44,0,3,1.0,0.19807442890577218,0.0,2.0181466766885,0.7031715875706519,0.6000335990889489,0.10313798848170297,0.518779195911883,True,1.0,0.39430626171173805,0.26824391869376873,chem
CPC002 HCC515 24H-kenpaullone-10.0,kenpaullone,HCC515,24H,10.0,47,64,0,2,1.0,0.27572684290809535,0.0,1.9958730158730158,0.5595209518507488,0.3854501902901507,0.1740707615605981,0.6309580328570098,True,1.0,0.11879102728444477,0.36054648450516497,chem
CPC002 HCC515 24H-nsc 632839 hydrochloride-10.0,nsc 632839 hydrochloride,HCC515,24H,10.0,203,181,2,3,0.6735524499114793,0.8286027969973062,0.8677374301675977,0.661726618705036,0.2532821849152126,0.2508178052644279,0.0024643796507847204,0.8835978167074388,False,1.0,-0.4685606766612648,0.5984671776074642,chem
CPC002 HCC515 24H-bcl-2 inhibitor-10.0,bcl-2 inhibitor,HCC515,24H,10.0,40,58,0,1,1.0,0.5892759104577799,0.0,1.1443898890707402,0.2296813124583833,0.4379932820723121,-0.20831196961392878,0.9009208199692085,True,1.0,-0.5138260517502456,0.6151282905698101,chem
"CPC002 HCC515 24H-r(-)-2,10,11-trihydroxyaporphine-10.0","r(-)-2,10,11-trihydroxyaporphine",HCC515,24H,10.0,42,56,1,3,0.5117356325563969,0.06376361890404526,1.4224466891133558,3.4825677919203097,1.4863813842372429,0.5284506564004594,0.9579307278367835,0.1443073274967493,True,1.0,1.8964662044988962,0.05998000666444518,chem
CPC002 HCC515 24H-betamethasone-10.0,betamethasone,HCC515,24H,10.0,94,122,0,2,1.0,0.6155637042819571,0.0,0.968944099378882,0.2107269955572165,0.277398616764721,-0.0666716212075045,0.9142455788683918,False,1.0,-0.5501795495142004,0.6284571809396867,chem
CPC002 HCC515 24H-zm 306416 hydrochloride-10.0,zm 306416 hydrochloride,HCC515,24H,10.0,81,72,0,0,1.0,1.0,0.0,0.0,-0.0,0.868613643239174,-0.868613643239174,1.0,False,1.0,-0.9543441206638258,1.0,chem
CPC002 HCC515 24H-jte 013-10.0,jte 013,HCC515,24H,10.0,32,58,0,1,1.0,0.50905354969512,0.0,1.441546556851979,0.29323652981680803,0.9121563082731274,-0.6189197784563194,0.8527675562589397,True,1.0,-0.39193010244357745,0.56647784071976,chem
CPC002 HCC515 24H-capsazepine-10.0,capsazepine,HCC515,24H,10.0,38,42,1,1,0.4155507108671836,0.5705325120706206,1.9123757904245708,1.2066321640789726,0.6250955724814083,0.6292453232810424,-0.004149750799634089,0.5783303813767444,True,1.0,0.2445600980929062,0.3148950349883372,chem
CPC002 HCC515 24H-u0126-10.0,u0126,HCC515,24H,10.0,72,79,1,3,0.6369316207732983,0.20942593416589572,0.9993668882557771,1.9590240850797622,0.8748767284890651,0.635503016192683,0.23937371229638205,0.4021012345593675,True,1.0,0.7236287315736204,0.19493502165944684,chem
CPC002 HCC515 24H-pp 1-10.0,pp 1,HCC515,24H,10.0,119,123,3,0,0.20396708380760384,1.0,1.9848101265822784,0.0,0.6904399133297373,1.011982481549335,-0.3215425682195977,0.5282332707715298,True,1.0,0.3698875029950893,0.2745751416194602,chem
CPC002 HCC515 24H-flavoxate hydrochloride-10.0,flavoxate hydrochloride,HCC515,24H,10.0,31,63,1,0,0.5537843286751912,1.0,1.2604540023894863,0.0,0.25665933834520666,0.12240210054152371,0.13425723780368293,0.8810597726569601,True,1.0,-0.4620834535407489,0.5971342885704765,chem
CPC002 HCC515 24H-flunisolide-10.0,flunisolide,HCC515,24H,10.0,83,97,1,0,0.7122816607457296,1.0,0.8096707818930041,0.0,0.14734823737586386,0.23641459998469871,-0.08906636260883485,0.953945903786738,False,1.0,-0.6717370583308965,0.6794401866044651,chem
CPC002 HCC515 24H-ag 18-10.0,ag 18,HCC515,24H,10.0,34,75,0,0,1.0,1.0,0.0,0.0,-0.0,0.3072119284224398,-0.3072119284224398,1.0,False,1.0,-0.9543441206638258,1.0,chem
CPC002 HCC515 24H-fenbendazole-10.0,fenbendazole,HCC515,24H,10.0,51,37,0,1,1.0,0.6787445310778502,0.0,0.8910638297872341,0.16829365667717439,-0.0,0.16829365667717439,0.9417651400069137,False,1.0,-0.6315647188208182,0.6657780739753415,chem
CPC002 HCC515 24H-alfadolone acetate-10.0,alfadolone acetate,HCC515,24H,10.0,22,59,1,0,0.5302154054815167,1.0,1.3482332907620265,0.0,0.27554765793371394,-0.0,0.27554765793371394,0.8666221968838379,True,1.0,-0.4258565355512437,0.5801399533488837,chem
CPC002 HCC515 24H-iodophenpropit dihydrobromide-10.0,iodophenpropit dihydrobromide,HCC515,24H,10.0,116,57,0,4,1.0,0.24988620176760173,0.0,1.6097308488612836,0.6022577241121837,0.5582281339986236,0.04402959011356011,0.5964158065280876,True,1.0,0.2007581676960878,0.32689103632122624,chem
CPC002 HCC515 24H-sto-609 acetate-10.0,sto-609 acetate,HCC515,24H,10.0,48,44,0,2,1.0,0.2839095009713827,0.0,1.9521739130434783,0.5468200736580036,0.5428731248815104,0.003946948776493153,0.6413798827110317,True,1.0,0.09443133395506907,0.36987670776407866,chem
CPC002 HCC515 24H-anafranil-10.0,anafranil,HCC515,24H,10.0,31,63,0,0,1.0,1.0,0.0,0.0,-0.0,0.12240210054152371,-0.12240210054152371,1.0,False,1.0,-0.9543441206638258,1.0,chem
CPC002 HCC515 24H-remoxipride hydrochloride-10.0,remoxipride hydrochloride,HCC515,24H,10.0,84,44,0,2,1.0,0.5539833404052215,0.0,1.088850174216028,0.25650329534173516,-0.0,0.25650329534173516,0.8811773488476703,True,1.0,-0.4623827367598362,0.5984671776074642,chem
CPC002 HCC515 24H-sb 202190-10.0,sb 202190,HCC515,24H,10.0,33,38,1,1,0.38478436874628147,0.519875405631676,2.1204537871204536,1.3962765957446808,0.6988833065688341,-0.0,0.6988833065688341,0.5219518430072314,True,1.0,0.38608153830842745,0.271242919026991,chem
CPC002 HCC515 24H-endecaphyllin x-10.0,endecaphyllin x,HCC515,24H,10.0,39,56,2,0,0.15792310686584615,1.0,2.9342592592592593,0.0,0.8015543205924959,0.1470746859789352,0.6544796346135606,0.44939341999293936,True,1.0,0.5829997653378801,0.22192602465844719,chem
CPC002 HCC515 24H-BRD-K56515112 (medrysone)-10.0,brd-k56515112 (medrysone),HCC515,24H,10.0,87,46,0,1,1.0,0.8566640097411657,0.0,0.5150915388421573,0.06718947834152734,1.0924092075328737,-1.0252197291913463,0.9891980628477683,False,1.0,-0.8254778279144607,0.740753082305898,chem
CPC002 HCC515 24H-mg-132-10.0,mg-132,HCC515,24H,10.0,120,192,4,1,0.22531721474626598,0.9318746942869267,1.6923076923076923,0.3702842839263365,0.6778481076036837,0.032513323081295564,0.6453347845223882,0.5376851640474372,True,1.0,0.34573700558106424,0.28023992002665776,chem
CPC002 HCC515 24H-ite-10.0,ite,HCC515,24H,10.0,43,47,0,3,1.0,0.06748709162153997,0.0,3.3949640287769784,1.1707792875191945,-0.0,1.1707792875191945,0.2494200710578544,True,1.0,1.2911560697594726,0.10896367877374209,chem
CPC002 HCC515 24H-pravastatin sodium salt-10.0,pravastatin sodium salt,HCC515,24H,10.0,42,75,0,0,1.0,1.0,0.0,0.0,-0.0,0.3072119284224398,-0.3072119284224398,1.0,False,1.0,-0.9543441206638258,1.0,chem
CPC002 HCC515 24H-mometasone furoate-10.0,mometasone furoate,HCC515,24H,10.0,48,76,0,0,1.0,1.0,0.0,0.0,-0.0,0.338308299269452,-0.338308299269452,1.0,False,1.0,-0.9543441206638258,1.0,chem
CPC002 HCC515 24H-imodium-10.0,imodium,HCC515,24H,10.0,48,45,0,0,1.0,1.0,0.0,0.0,-0.0,0.19883252618512057,-0.19883252618512057,1.0,False,1.0,-0.9543441206638258,1.0,chem
CPC002 HCC515 24H-sb 431542-10.0,sb 431542,HCC515,24H,10.0,87,20,0,3,1.0,0.29800421783834874,0.0,1.605344295991778,0.5257775890413382,-0.0,0.5257775890413382,0.6587823205039529,True,1.0,0.054072827687143034,0.38020659780073307,chem
CPC002 HCC515 24H-h-9 dihydrochloride-10.0,h-9 dihydrochloride,HCC515,24H,10.0,75,33,2,3,0.06498833271996171,0.22671458191289856,5.129838709677419,1.8764988009592327,1.8316851506050318,-0.0,1.8316851506050318,0.07687524980767121,True,1.0,2.5587427594384113,0.026657780739753417,chem
CPC002 HCC515 24H-mebendazole-10.0,mebendazole,HCC515,24H,10.0,33,62,0,0,1.0,1.0,0.0,0.0,-0.0,0.8112731582630347,-0.8112731582630347,1.0,False,1.0,-0.9543441206638258,1.0,chem
CPC002 HCC515 24H-BRD-K78294846-10.0,brd-k78294846,HCC515,24H,10.0,27,61,0,1,1.0,0.4512024049980868,0.0,1.7201309328968903,0.3456285941430332,0.12892725616443745,0.21670133797859575,0.8102869879520673,True,1.0,-0.2914445611674814,0.5174941686104632,chem
CPC002 HCC515 24H-dppe fumarate-10.0,dppe fumarate,HCC515,24H,10.0,44,78,0,0,1.0,1.0,0.0,0.0,-0.0,0.08378569230754836,-0.08378569230754836,1.0,False,1.0,-0.9543441206638258,1.0,chem
CPC002 HCC515 24H-BRD-K80348542-10.0,brd-k80348542,HCC515,24H,10.0,191,239,1,5,0.9551445616523101,0.4089929032786187,0.31922398589065254,1.2059492975433639,0.40821512040798213,0.5756786558000866,-0.16746353539210446,0.7578363413529196,True,1.0,-0.17140651629937767,0.4711762745751416,chem
CPC002 HCC515 24H-vorinostat-10.0,vorinostat,HCC515,24H,10.0,154,252,5,4,0.21405587987470315,0.43864886539329556,1.6154897733845102,1.1945893719806764,1.027355827731626,0.3841853906922061,0.6431704370394198,0.31601183218723944,True,1.0,1.0160765481986052,0.1432855714761746,chem
CPC002 HCC515 24H-sinensetin-10.0,sinensetin,HCC515,24H,10.0,35,51,0,1,1.0,0.5408135634417319,0.0,1.3137254901960784,0.26695242495467336,0.16829365667717439,0.09865876827749898,0.8732412092558232,True,1.0,-0.44234179241982474,0.5888037320893036,chem
CPC002 HCC515 24H-sc-68376-10.0,sc-68376,HCC515,24H,10.0,49,68,0,0,1.0,1.0,0.0,0.0,-0.0,0.10767000742262935,-0.10767000742262935,1.0,False,1.0,-0.9543441206638258,1.0,chem
CPC002 HCC515 24H-benzamil hydrochloride-10.0,benzamil hydrochloride,HCC515,24H,10.0,48,32,1,0,0.3356116081383177,1.0,2.533253683791318,0.0,0.4741630262008153,-0.0,0.4741630262008153,0.7020326021274549,True,1.0,-0.04492150192095514,0.41886037987337554,chem
CPC002 HCC515 24H-pd 198306-10.0,pd 198306,HCC515,24H,10.0,110,208,2,1,0.7461909116824493,0.9146152597044003,0.7507281553398059,0.4049059795692628,0.1659116018029682,0.7059916257717169,-0.5400800239687487,0.9432014940724921,False,1.0,-0.6361333892189448,0.6671109630123292,chem
CPC002 HCC515 24H-nortriptyline hydrochloride-10.0,nortriptyline hydrochloride,HCC515,24H,10.0,70,36,0,1,1.0,0.7900503381574097,0.0,0.6437455031349574,0.10234523670003882,-0.0,0.10234523670003882,0.9762325077058558,False,1.0,-0.7580507193808048,0.7200933022325892,chem
CPC002 HCC515 24H-anisomycin-10.0,anisomycin,HCC515,24H,10.0,179,221,1,2,0.943095258442016,0.9084553362203311,0.3463524130190797,0.496771589991929,0.06714085833912406,0.722079868730603,-0.654939010391479,0.9892128957211656,False,1.0,-0.8255710788165042,0.740753082305898,chem
CPC002 HCC515 24H-mefenamic acid-10.0,mefenamic acid,HCC515,24H,10.0,74,70,0,1,1.0,0.8080655603011361,0.0,0.6080831633148742,0.09255340244080514,0.5529578431415756,-0.46040444070077047,0.980274096484579,False,1.0,-0.7768310018201131,0.7250916361212929,chem
CPC002 HCC515 24H-kn-93-10.0,kn-93,HCC515,24H,10.0,61,31,0,1,1.0,0.7431436031873149,0.0,0.741371158392435,0.12892725616443745,-0.0,0.12892725616443745,0.9637576558347487,False,1.0,-0.7070676430610809,0.6954348550483173,chem
CPC002 HCC515 24H-pp 2-10.0,pp 2,HCC515,24H,10.0,117,94,2,3,0.334883392562847,0.47592665658649147,1.7119565217391304,1.1772056039379024,0.7975663590741902,0.16575943541850183,0.6318069236556884,0.4520755085217233,True,1.0,0.5753510407283671,0.22292569143618793,chem
CPC002 HCC515 24H-skf 86002 dihydrochloride-10.0,skf 86002 dihydrochloride,HCC515,24H,10.0,72,49,0,1,1.0,0.7992585201226767,0.0,0.6254120467485765,0.09731272543783062,0.21995056234504395,-0.12263783690721333,0.9783490408718478,False,1.0,-0.767702841790265,0.7240919693435521,chem
CPC002 HCC515 24H-dihydroergocristine mesylate-10.0,dihydroergocristine mesylate,HCC515,24H,10.0,40,61,0,1,1.0,0.5892759104577799,0.0,1.1443898890707402,0.2296813124583833,1.7518073495763777,-1.5221260371179945,0.9009208199692085,True,1.0,-0.5138260517502456,0.6151282905698101,chem
CPC002 HCC515 24H-beclomethasone dipropionate-10.0,beclomethasone dipropionate,HCC515,24H,10.0,95,78,0,4,1.0,0.15505321311836454,0.0,1.9878961618092053,0.8095192295871405,1.4959900518283935,-0.686470822241253,0.44407037280806816,True,1.0,0.5982760901369603,0.2202599133622126,chem
CPC002 HCC515 24H-sb 239063-10.0,sb 239063,HCC515,24H,10.0,41,55,1,0,0.5054175517404941,1.0,1.4490169181527206,0.0,0.2963496803193755,0.8568655864263992,-0.5605159061070237,0.8502995065599512,True,1.0,-0.38595922465230376,0.5604798400533155,chem
CPC002 HCC515 24H-parthenolide-10.0,parthenolide,HCC515,24H,10.0,55,56,1,0,0.5117356325563969,1.0,1.4224466891133558,0.0,0.29095434170711326,0.1470746859789352,0.14387965572817807,0.8545714508841287,True,1.0,-0.3963072330347414,0.5674775074975008,chem
CPC002 HCC515 6H-wiskostatin-10.0,wiskostatin,HCC515,6H,10.0,36,32,1,1,0.3356116081383177,0.550940054199812,2.533253683791318,1.2759878419452888,0.7330586787946264,-0.0,0.7330586787946264,0.4970033012243378,True,1.0,0.45162831186248686,0.25558147284238586,chem
CPC002 HCC515 6H-trichostatin a-10.0,trichostatin a,HCC515,6H,10.0,127,157,2,2,0.5958886422641765,0.7728639174288976,1.0059677419354838,0.7093714285714285,0.33673186028492563,0.48857074675143675,-0.1518388864665111,0.8176228957468672,True,1.0,-0.3085080826915573,0.5238253915361546,chem
CPC002 HCC515 6H-geldanamycin-10.0,geldanamycin,HCC515,6H,10.0,159,88,0,2,1.0,0.8689513263455478,0.0,0.5618744313011829,0.06100454954853233,1.1155833335765548,-1.0545787840280225,0.9910113258440424,False,1.0,-0.8373402335194087,0.7444185271576141,chem
CPC002 HCC515 6H-medrysone-10.0,medrysone,HCC515,6H,10.0,70,72,1,3,0.6026281819919359,0.19807442890577218,1.099113197704747,2.0181466766885,0.9231221499156959,0.22749330361335865,0.6956288463023372,0.37308406916035236,True,1.0,0.8161612047352416,0.17660779740086638,chem
CPC002 HCC515 6H-bulleyaconitine a-10.0,bulleyaconitine a,HCC515,6H,10.0,50,60,0,0,1.0,1.0,0.0,0.0,-0.0,-0.0,0.0,1.0,False,1.0,-0.9543441206638258,1.0,chem
CPC002 HCC515 6H-puromycin hydrochloride-10.0,puromycin hydrochloride,HCC515,6H,10.0,59,51,0,3,1.0,0.1389425384070243,0.0,2.4188078108941418,0.8571647710576535,0.4438413146108883,0.4133234564467652,0.41317270730508926,True,1.0,0.6896580214585836,0.20126624458513828,chem
CPC002 HCC515 6H-camptothecin-10.0,camptothecin,HCC515,6H,10.0,84,41,0,3,1.0,0.2799624355993186,0.0,1.6656008526512123,0.5529002368947883,0.40375339669389243,0.14914684020089586,0.6363825685150029,True,1.0,0.10609280409854478,0.36254581806064645,chem
CPC002 HCC515 6H-nylidrin hydrochloride-10.0,nylidrin hydrochloride,HCC515,6H,10.0,52,56,0,2,1.0,0.31652561375974103,0.0,1.794857142857143,0.49959114041938535,0.1470746859789352,0.35251645444045016,0.6806412056898324,True,1.0,0.0038484378350625544,0.4031989336887704,chem
CPC002 HCC515 6H-api-2-10.0,api-2,HCC515,6H,10.0,59,80,1,2,0.6415870714529841,0.37268299449326364,0.9865604000625098,1.5726817042606516,0.6214048196836268,0.2777832703782703,0.34362154930535654,0.5812341235239988,True,1.0,0.2374814059785414,0.3165611462845718,chem
CPC002 HCC515 6H-cymarin-10.0,cymarin,HCC515,6H,10.0,36,32,0,4,1.0,0.007580100582703704,0.0,5.706521739130435,2.1203250315416438,-0.0,2.1203250315416438,0.04458788602974629,True,1.0,3.112340619014736,0.01166277907364212,chem
CPC002 HCC515 6H-wortmannin-10.0,wortmannin,HCC515,6H,10.0,67,61,0,1,1.0,0.7754460309199388,0.0,0.6733290350311627,0.11044842259476602,0.6817080258355481,-0.5712596032407821,0.9726550549608176,False,1.0,-0.7425091859221793,0.7140953015661446,chem
CPC002 HCC515 6H-vincristine sulfate-10.0,vincristine sulfate,HCC515,6H,10.0,53,53,1,1,0.49253813478307085,0.6927932572907209,1.5052231718898386,0.8565193671576651,0.46695648640164905,0.15939634780318535,0.3075601385984637,0.7081168791281931,True,1.0,-0.05874330989435216,0.425191602799067,chem
CPC002 HCC515 6H-cinobufagin-10.0,cinobufagin,HCC515,6H,10.0,69,67,0,2,1.0,0.4494461875405671,0.0,1.335820895522388,0.3473222991548074,0.5934046715629535,-0.24608237240814612,0.8088858988600576,True,1.0,-0.2881961137726538,0.514495168277241,chem
CPC002 HCC515 6H-guggulsterone-10.0,guggulsterone,HCC515,6H,10.0,63,54,1,0,0.49901872549289583,1.0,1.4765897973445143,0.0,0.30188315733121646,0.47792262958636494,-0.1760394722551485,0.8458924590918283,True,1.0,-0.37534627324784176,0.5554815061646118,chem
CPC002 HCC515 6H-gw 441756-10.0,gw 441756,HCC515,6H,10.0,34,65,1,2,0.5651268656183144,0.17057190474517306,1.220679012345679,2.8125,1.0159465470752724,0.1162512261443165,0.8996953209309559,0.32189136703173443,True,1.0,0.994194078838628,0.1486171276241253,chem
CPC002 HCC515 6H-roscovitine-10.0,roscovitine,HCC515,6H,10.0,63,68,2,2,0.2127628920777679,0.40396339443609297,2.396212121212121,1.4686182669789227,1.0657621021166805,-0.0,1.0657621021166805,0.29686652448994244,True,1.0,1.0897379952061186,0.13495501499500168,chem
CPC002 HCC515 6H-aminopurvalanol a-10.0,aminopurvalanol a,HCC515,6H,10.0,79,71,0,1,1.0,0.8284402406749884,0.0,0.5686488452445899,0.0817388138362365,0.3333173733922878,-0.2515785595560513,0.9843614541111402,False,1.0,-0.7975728794991802,0.7317560813062313,chem
CPC002 HCC515 6H-thm-i-94-10.0,thm-i-94,HCC515,6H,10.0,158,129,0,2,1.0,0.8666162980260946,0.0,0.5655677655677656,0.06217314766231694,0.7562579371557128,-0.6940847894933958,0.9906801885632758,False,1.0,-0.8350989167187058,0.7444185271576141,chem
CPC002 HCC515 6H-pkc-412-10.0,pkc-412,HCC515,6H,10.0,114,74,0,2,1.0,0.7189177545851785,0.0,0.7933673469387755,0.14332079080332416,0.11397851246519532,0.029342278338128844,0.9561665924201738,False,1.0,-0.6794615134369655,0.6817727424191936,chem
CPC002 HCC515 6H-fccp-10.0,fccp,HCC515,6H,10.0,43,39,0,1,1.0,0.6158785350844703,0.0,1.0621411685241473,0.2105049319006799,-0.0,0.2105049319006799,0.9143982595785249,True,1.0,-0.5506054572735489,0.631789403532156,chem
CPC002 HCC515 6H-digoxigenin-10.0,digoxigenin,HCC515,6H,10.0,60,36,0,3,1.0,0.1440436551415642,0.0,2.3759939416887543,0.8415058668364971,0.2588956525938111,0.582610214242686,0.4231482395493449,True,1.0,0.6596249718605393,0.20593135621459513,chem
CPC002 HCC515 6H-u-0126-10.0,u-0126,HCC515,6H,10.0,55,79,1,2,0.6369316207732983,0.34077621024715454,0.9993668882557771,1.6924528301886792,0.6634379209789343,-0.0,0.6634379209789343,0.5486233044282477,True,1.0,0.3180989382229759,0.28857047650783074,chem
CPC002 HCC515 6H-palda-10.0,palda,HCC515,6H,10.0,83,39,1,1,0.3926227282495143,0.8431813571287766,2.064327485380117,0.5405639162774607,0.48010356779723584,-0.0,0.48010356779723584,0.6970234863606993,True,1.0,-0.033527819586306594,0.41686104631789406,chem
CPC002 HCC515 6H-jlk 6-10.0,jlk 6,HCC515,6H,10.0,68,76,1,3,0.6226038944643802,0.18688175891338424,1.0398353909465021,2.080907581627006,0.9342212540892969,0.3010552874507807,0.6331659666385162,0.36664370269892577,True,1.0,0.8374487700355805,0.17260913028990338,chem
CPC002 HCC515 6H-ly 303511-10.0,ly 303511,HCC515,6H,10.0,51,50,0,1,1.0,0.6787445310778502,0.0,0.8910638297872341,0.16829365667717439,-0.0,0.16829365667717439,0.9417651400069137,False,1.0,-0.6315647188208182,0.6657780739753415,chem
CPC002 HCC515 6H-t 0901317-10.0,t 0901317,HCC515,6H,10.0,35,33,0,0,1.0,1.0,0.0,0.0,-0.0,-0.0,0.0,1.0,False,1.0,-0.9543441206638258,1.0,chem
CPC002 HCC515 6H-ly 288513-10.0,ly 288513,HCC515,6H,10.0,112,49,0,5,1.0,0.09909022162189253,0.0,2.1232689815130636,1.0039692002592497,0.3801669396559293,0.6238022606033204,0.3281595160768134,True,1.0,0.971222085019764,0.15394868377207596,chem
CPC002 HCC515 6H-kenpaullone-10.0,kenpaullone,HCC515,6H,10.0,26,45,0,2,1.0,0.11035447354240814,0.0,3.7547619047619047,0.9572100567442597,0.7477214315468488,0.20948862519741096,0.3535820904777834,True,1.0,0.8815402237276807,0.16861046317894035,chem
CPC002 HCC515 6H-nsc 632839 hydrochloride-10.0,nsc 632839 hydrochloride,HCC515,6H,10.0,164,110,0,4,1.0,0.48717344682672065,0.0,1.1181159420289855,0.3123163907587956,1.468071135045889,-1.1557547442870935,0.83751695549773,True,1.0,-0.3553358170516088,0.5481506164611796,chem
CPC002 HCC515 6H-bcl-2 inhibitor-10.0,bcl-2 inhibitor,HCC515,6H,10.0,78,75,1,3,0.6177049739872678,0.24426832983492683,1.054054054054054,1.8005755395683454,0.8213517385856891,0.6445205458609377,0.17683119272475145,0.4362457850274738,True,1.0,0.6209702917620387,0.214595134955015,chem
CPC002 HCC515 6H-w-13 hydrochloride-10.0,w-13 hydrochloride,HCC515,6H,10.0,47,64,0,0,1.0,1.0,0.0,0.0,-0.0,0.1192815748949867,-0.1192815748949867,1.0,False,1.0,-0.9543441206638258,1.0,chem
CPC002 HCC515 6H-u0126-10.0,u0126,HCC515,6H,10.0,36,44,0,1,1.0,0.550940054199812,0.0,1.2759878419452888,0.2588956525938111,1.033234829744357,-0.7743391771505459,0.8793715466909027,True,1.0,-0.45779430688038386,0.5958013995334889,chem
CPC002 HCC515 6H-pp 1-10.0,pp 1,HCC515,6H,10.0,60,104,0,0,1.0,1.0,0.0,0.0,-0.0,0.044676554318817056,-0.044676554318817056,1.0,False,1.0,-0.9543441206638258,1.0,chem
CPC002 HCC515 6H-meclofenamic acid sodium salt monohydrate-10.0,meclofenamic acid sodium salt monohydrate,HCC515,6H,10.0,44,54,0,1,1.0,0.6243601472782201,0.0,1.037275276265875,0.20456482561205844,1.8875282162422107,-1.6829633906301522,0.9184512075361329,True,1.0,-0.5619983047080963,0.6371209596801066,chem
CPC002 HCC515 6H-iodophenpropit dihydrobromide-10.0,iodophenpropit dihydrobromide,HCC515,6H,10.0,53,46,0,1,1.0,0.6927932572907209,0.0,0.8565193671576651,0.15939634780318535,-0.0,0.15939634780318535,0.9470647702762663,False,1.0,-0.6486293431985959,0.6731089636787737,chem
CPC002 HCC515 6H-BRD-K56515112 (medrysone)-10.0,brd-k56515112 (medrysone),HCC515,6H,10.0,63,89,0,1,1.0,0.754393433432854,0.0,0.7172271791352093,0.12240210054152371,1.1394896429017007,-1.017087542360177,0.9670126232559566,False,1.0,-0.7195825878931181,0.7030989670109964,chem
CPC002 HCC515 6H-mg-132-10.0,mg-132,HCC515,6H,10.0,54,86,0,2,1.0,0.33271882252510226,0.0,1.7252747252747254,0.47792262958636494,0.5346461313891518,-0.0567235018027869,0.6988617536468926,True,1.0,-0.037710757583261686,0.4178607130956348,chem
CPC002 HCC515 6H-brimonidine-10.0,brimonidine,HCC515,6H,10.0,28,40,0,0,1.0,1.0,0.0,0.0,-0.0,0.2296813124583833,-0.2296813124583833,1.0,False,1.0,-0.9543441206638258,1.0,chem
CPC002 HCC515 6H-h-9 dihydrochloride-10.0,h-9 dihydrochloride,HCC515,6H,10.0,134,59,2,2,0.17138719766964133,0.7980288380697089,2.7785087719298245,0.670995670995671,0.864003036684201,0.13585556839436858,0.7281474682898323,0.40887153721340996,True,1.0,0.7027734967067957,0.19893368877040987,chem
CPC002 HCC515 6H-skatole-10.0,skatole,HCC515,6H,10.0,44,45,0,1,1.0,0.6243601472782201,0.0,1.037275276265875,0.20456482561205844,1.1708957921289107,-0.9663309665168522,0.9184512075361329,True,1.0,-0.5619983047080963,0.6371209596801066,chem
CPC002 HCC515 6H-BRD-K80348542-10.0,brd-k80348542,HCC515,6H,10.0,200,112,0,9,1.0,0.031248266482225583,0.0,2.1756879108766682,1.5051740704186563,0.1389308097647726,1.3662432606538837,0.1395482389996203,True,1.0,1.9325097020639632,0.05664778407197601,chem
CPC002 HCC515 6H-gliquidone-10.0,gliquidone,HCC515,6H,10.0,64,38,0,0,1.0,1.0,0.0,0.0,-0.0,0.24371960205988408,-0.24371960205988408,1.0,False,1.0,-0.9543441206638258,1.0,chem
CPC002 HCC515 6H-vorinostat-10.0,vorinostat,HCC515,6H,10.0,159,164,1,3,0.8796609602109945,0.6833165749490091,0.47178671514049836,0.8544548976203652,0.22106272643996813,0.37252947502695,-0.15146674858698186,0.9070496141184262,False,1.0,-0.530356098661597,0.6214595134955015,chem
CPC002 HCC515 6H-benzamil hydrochloride-10.0,benzamil hydrochloride,HCC515,6H,10.0,41,50,0,0,1.0,1.0,0.0,0.0,-0.0,0.5225208083241747,-0.5225208083241747,1.0,False,1.0,-0.9543441206638258,1.0,chem
CPC002 HCC515 6H-ag 825-10.0,ag 825,HCC515,6H,10.0,54,33,0,0,1.0,1.0,0.0,0.0,-0.0,-0.0,0.0,1.0,False,1.0,-0.9543441206638258,1.0,chem
CPC002 HCC515 6H-nortriptyline hydrochloride-10.0,nortriptyline hydrochloride,HCC515,6H,10.0,61,24,1,2,0.26396306020823945,0.3884098485330607,3.418679549114332,1.5188861985472155,0.9891666120048697,0.3837413370785968,0.6054252749262728,0.3360428645904523,True,1.0,0.9428314095967302,0.1562812395868044,chem
CPC002 HCC515 6H-anisomycin-10.0,anisomycin,HCC515,6H,10.0,205,104,1,10,0.7372128501727195,0.014319332615174776,0.7538055855207959,2.384226884226884,1.9764843261398624,0.4887430484834522,1.48774127765641,0.05859880069905224,True,1.0,2.8364608397826268,0.017994001999333556,chem
CPC002 HCC515 6H-pp 2-10.0,pp 2,HCC515,6H,10.0,52,65,0,0,1.0,1.0,0.0,0.0,-0.0,0.1162512261443165,-0.1162512261443165,1.0,False,1.0,-0.9543441206638258,1.0,chem
CPC002 HCC515 6H-quercetin-10.0,quercetin,HCC515,6H,10.0,46,41,0,1,1.0,0.6407694557263302,0.0,0.9908589440504334,0.1932981984307902,-0.0,0.1932981984307902,0.9259666814856249,False,1.0,-0.5836071713413398,0.6467844051982673,chem
CPC002 HCC515 6H-coumestrol-10.0,coumestrol,HCC515,6H,10.0,74,39,0,0,1.0,1.0,0.0,0.0,-0.0,-0.0,0.0,1.0,False,1.0,-0.9543441206638258,1.0,chem
CPC002 HCC515 6H-beclomethasone dipropionate-10.0,beclomethasone dipropionate,HCC515,6H,10.0,56,38,0,3,1.0,0.12403072318748379,0.0,2.556943124745487,0.906470724046693,0.29095434170711326,0.6155163823395797,0.38291087049923234,True,1.0,0.7842245448043216,0.1809396867710763,chem
CPC002 HCC515 6H-parthenolide-10.0,parthenolide,HCC515,6H,10.0,64,52,0,2,1.0,0.41167055954271353,0.0,1.444700460829493,0.3854501902901507,0.16377284357838476,0.22167734671176595,0.7770412978887299,True,1.0,-0.21506859288332603,0.48717094301899366,chem
CPC002 PC3 24H-cyclopiazonic acid-10.0,cyclopiazonic acid,PC3,24H,10.0,58,33,0,1,1.0,0.7253026271272716,0.0,0.7807639666542242,0.13948074947219694,0.2805580222686066,-0.14107727279640966,0.9582453842687312,False,1.0,-0.6868265340110402,0.6874375208263912,chem
CPC002 PC3 24H-bw 723c86 hydrochloride-10.0,bw 723c86 hydrochloride,PC3,24H,10.0,11,14,0,0,1.0,1.0,0.0,0.0,-0.0,0.8829783689688089,-0.8829783689688089,1.0,False,1.0,-0.9543441206638258,1.0,chem
CPC002 PC3 24H-wiskostatin-10.0,wiskostatin,PC3,24H,10.0,14,2,0,0,1.0,1.0,0.0,0.0,-0.0,-0.0,0.0,1.0,False,1.0,-0.9543441206638258,1.0,chem
CPC002 PC3 24H-trichostatin a-10.0,trichostatin a,PC3,24H,10.0,191,220,2,5,0.7738311760073731,0.4089929032786187,0.7080275229357799,1.2059492975433639,0.4996380051380701,0.2977866720661312,0.20185133307193892,0.6806019142524881,True,1.0,0.003938322184617238,0.4018660446517827,chem
CPC002 PC3 24H-geldanamycin-10.0,geldanamycin,PC3,24H,10.0,62,64,0,3,1.0,0.15442828262202163,0.0,2.294720156078527,0.8112731582630347,0.3804978719967745,0.4307752862662602,0.44290424947949036,True,1.0,0.6016400437170194,0.21926024658447185,chem
CPC002 PC3 24H-puromycin hydrochloride-10.0,puromycin hydrochloride,PC3,24H,10.0,121,165,1,4,0.8812247955933555,0.2741591495313037,0.46883468834688347,1.5397002353524092,0.6169105471243391,0.25312638820436534,0.3637841589199738,0.5847800815217152,True,1.0,0.22886160035396566,0.31756081306231254,chem
CPC002 PC3 24H-camptothecin-10.0,camptothecin,PC3,24H,10.0,60,109,0,3,1.0,0.1440436551415642,0.0,2.3759939416887543,0.8415058668364971,0.4283690174028069,0.41313684943369017,0.4231482395493449,True,1.0,0.6596249718605393,0.20593135621459513,chem
CPC002 PC3 24H-api-2-10.0,api-2,PC3,24H,10.0,156,153,1,2,0.8610574980314118,0.861832282358211,0.50682261208577,0.5730983302411874,0.1295450893200871,0.4250726318664574,-0.29552754254637026,0.9634432791758876,False,1.0,-0.705882667819846,0.692435854715095,chem
CPC002 PC3 24H-mifepristone-10.0,mifepristone,PC3,24H,10.0,25,9,0,0,1.0,1.0,0.0,0.0,-0.0,-0.0,0.0,1.0,False,1.0,-0.9543441206638258,1.0,chem
CPC002 PC3 24H-niguldipine-10.0,niguldipine,PC3,24H,10.0,88,32,2,2,0.06154225736877681,0.5794175992733966,5.301666666666667,1.0375415282392026,1.4478348955223521,0.16955992533216985,1.2782749701901823,0.15453621344945806,True,1.0,1.8225358329317296,0.06331222925691436,chem
CPC002 PC3 24H-cyclosporin a-10.0,cyclosporin a,PC3,24H,10.0,74,33,1,1,0.3440685854951422,0.8080655603011361,2.4537037037037037,0.6080831633148742,0.5559083804125017,0.4968221942630881,0.05908618614941358,0.6339156674864672,True,1.0,0.11186228337944237,0.3608797067644119,chem
CPC002 PC3 24H-bromocriptine mesylate-10.0,bromocriptine mesylate,PC3,24H,10.0,25,11,0,0,1.0,1.0,0.0,0.0,-0.0,0.6642834066948583,-0.6642834066948583,1.0,False,1.0,-0.9543441206638258,1.0,chem
CPC002 PC3 24H-cymarin-10.0,cymarin,PC3,24H,10.0,154,128,3,6,0.22048018545978273,0.1219278556750639,1.9038987341772151,1.843402225755167,1.5705274984562503,0.08947940908874344,1.4810480893675069,0.12409777799735196,True,1.0,2.057854535772278,0.04798400533155615,chem
CPC002 PC3 24H-wortmannin-10.0,wortmannin,PC3,24H,10.0,114,149,4,2,0.1196767326495743,0.7189177545851785,2.2093722369584436,0.7933673469387755,1.0653110669977646,1.9006458978745326,-0.8353348308767681,0.29708564020207223,True,1.0,1.0888729308372747,0.13495501499500168,chem
CPC002 PC3 24H-vincristine sulfate-10.0,vincristine sulfate,PC3,24H,10.0,41,28,0,0,1.0,1.0,0.0,0.0,-0.0,0.3341469962601578,-0.3341469962601578,1.0,False,1.0,-0.9543441206638258,1.0,chem
CPC002 PC3 24H-cinobufagin-10.0,cinobufagin,PC3,24H,10.0,184,152,2,7,0.5781009506325909,0.10908794442916622,1.0403333333333333,1.8030968821929274,1.2002195581543744,0.4528612556599912,0.7473583024943833,0.23734756795107181,True,1.0,1.3476211388140242,0.10429856714428523,chem
CPC002 PC3 24H-baccatin iii-10.0,baccatin iii,PC3,24H,10.0,49,6,0,0,1.0,1.0,0.0,0.0,-0.0,0.9043424936470758,-0.9043424936470758,1.0,False,1.0,-0.9543441206638258,1.0,chem
CPC002 PC3 24H-guggulsterone-10.0,guggulsterone,PC3,24H,10.0,34,19,0,0,1.0,1.0,0.0,0.0,-0.0,0.463125985490834,-0.463125985490834,1.0,False,1.0,-0.9543441206638258,1.0,chem
CPC002 PC3 24H-pd 102807-10.0,pd 102807,PC3,24H,10.0,34,29,1,2,0.30958910347272567,0.17057190474517306,2.8059964726631392,2.8125,1.2773068342997,-0.0,1.2773068342997,0.208118873349617,True,1.0,1.4954709471500844,0.08930356547817395,chem
CPC002 PC3 24H-rosiglitazone hydrochloride-10.0,rosiglitazone hydrochloride,PC3,24H,10.0,44,41,0,0,1.0,1.0,0.0,0.0,-0.0,0.6445780833977223,-0.6445780833977223,1.0,False,1.0,-0.9543441206638258,1.0,chem
CPC002 PC3 24H-cl 218872-10.0,cl 218872,PC3,24H,10.0,7,17,0,0,1.0,1.0,0.0,0.0,-0.0,1.5710159546775169,-1.5710159546775169,1.0,False,1.0,-0.9543441206638258,1.0,chem
CPC002 PC3 24H-pimozide-10.0,pimozide,PC3,24H,10.0,20,1,0,0,1.0,1.0,0.0,0.0,-0.0,-0.0,0.0,1.0,False,1.0,-0.9543441206638258,1.0,chem
CPC002 PC3 24H-isorotenone-10.0,isorotenone,PC3,24H,10.0,39,4,0,1,1.0,0.5800080222144941,0.0,1.1746920492721165,0.23656599957603974,-0.0,0.23656599957603974,0.895946131618933,True,1.0,-0.5006215422423433,0.6131289570143286,chem
CPC002 PC3 24H-isotretinoin-10.0,isotretinoin,PC3,24H,10.0,16,11,0,2,1.0,0.0468916250596408,0.0,6.446938775510204,1.3289047162437604,-0.0,1.3289047162437604,0.19037606773780635,True,1.0,1.5944332835750248,0.08130623125624792,chem
CPC002 PC3 24H-roscovitine-10.0,roscovitine,PC3,24H,10.0,43,8,0,0,1.0,1.0,0.0,0.0,-0.0,1.1623858331477637,-1.1623858331477637,1.0,False,1.0,-0.9543441206638258,1.0,chem
CPC002 PC3 24H-aminopurvalanol a-10.0,aminopurvalanol a,PC3,24H,10.0,86,226,3,0,0.5501641665156729,1.0,1.0505193846852472,0.0,0.2595076996448153,1.0857757459066524,-0.826268046261837,0.8789084707347967,True,1.0,-0.45662042911859824,0.5934688437187604,chem
CPC002 PC3 24H-irinotecan hydrochloride trihydrate-10.0,irinotecan hydrochloride trihydrate,PC3,24H,10.0,43,67,0,3,1.0,0.06748709162153997,0.0,3.3949640287769784,1.1707792875191945,-0.0,1.1707792875191945,0.2494200710578544,True,1.0,1.2911560697594726,0.10896367877374209,chem
CPC002 PC3 24H-pd 160170-10.0,pd 160170,PC3,24H,10.0,25,15,0,0,1.0,1.0,0.0,0.0,-0.0,1.1111510691908937,-1.1111510691908937,1.0,False,1.0,-0.9543441206638258,1.0,chem
CPC002 PC3 24H-thm-i-94-10.0,thm-i-94,PC3,24H,10.0,156,170,4,2,0.16824161642202523,0.861832282358211,1.9233858510966946,0.5730983302411874,0.8386438099309892,0.04949803790562824,0.789145772025361,0.4249905073175827,True,1.0,0.6541356799036084,0.20759746751082972,chem
CPC002 PC3 24H-pkc-412-10.0,pkc-412,PC3,24H,10.0,64,68,0,1,1.0,0.759833479050158,0.0,0.7057300461555781,0.1192815748949867,2.0564298688522853,-1.9371482939572986,0.968526285004875,False,1.0,-0.7255676108673179,0.7060979673442186,chem
CPC002 PC3 24H-fccp-10.0,fccp,PC3,24H,10.0,98,118,3,2,0.18777126180783188,0.6383228619654419,2.072757292239956,0.9279761904761905,0.921330476033876,1.0375125069437285,-0.11618203090985257,0.3741319250396939,True,1.0,0.8127248576067166,0.17760746417860712,chem
CPC002 PC3 24H-bay 11-7821-10.0,bay 11-7821,PC3,24H,10.0,6,14,0,0,1.0,1.0,0.0,0.0,-0.0,-0.0,0.0,1.0,False,1.0,-0.9543441206638258,1.0,chem
CPC002 PC3 24H-papaverine hydrochloride-10.0,papaverine hydrochloride,PC3,24H,10.0,25,12,0,0,1.0,1.0,0.0,0.0,-0.0,-0.0,0.0,1.0,False,1.0,-0.9543441206638258,1.0,chem
CPC002 PC3 24H-ebt or (erichrome black t)-10.0,ebt or (erichrome black t),PC3,24H,10.0,30,15,0,1,1.0,0.4866779630748387,0.0,1.5414526779163609,0.31275831829660106,-0.0,0.31275831829660106,0.8371603837039141,True,1.0,-0.3544882205995071,0.5474841719426857,chem
CPC002 PC3 24H-kb-r7943 mesylate-10.0,kb-r7943 mesylate,PC3,24H,10.0,20,1,0,0,1.0,1.0,0.0,0.0,-0.0,-0.0,0.0,1.0,False,1.0,-0.9543441206638258,1.0,chem
CPC002 PC3 24H-digoxigenin-10.0,digoxigenin,PC3,24H,10.0,178,169,2,5,0.6363102363891107,0.3519054623255636,0.9318862275449101,1.2993122653052613,0.649905082100068,0.1873254574322638,0.4625796246678042,0.5590103320240392,True,1.0,0.2921435830134964,0.2952349216927691,chem
CPC002 PC3 24H-ski ii-10.0,ski ii,PC3,24H,10.0,35,14,0,1,1.0,0.5408135634417319,0.0,1.3137254901960784,0.26695242495467336,0.44289623632572833,-0.17594381137105497,0.8732412092558232,True,1.0,-0.44234179241982474,0.5888037320893036,chem
CPC002 PC3 24H-palda-10.0,palda,PC3,24H,10.0,60,14,0,2,1.0,0.3805671096433224,0.0,1.5453201970443349,0.419568748150007,0.5732524250499975,-0.15368367689999052,0.7482302332463664,True,1.0,-0.14963078663923532,0.46217927357547484,chem
CPC002 PC3 24H-jlk 6-10.0,jlk 6,PC3,24H,10.0,34,12,0,0,1.0,1.0,0.0,0.0,-0.0,-0.0,0.0,1.0,False,1.0,-0.9543441206638258,1.0,chem
CPC002 PC3 24H-ly 303511-10.0,ly 303511,PC3,24H,10.0,16,14,0,0,1.0,1.0,0.0,0.0,-0.0,0.5732524250499975,-0.5732524250499975,1.0,False,1.0,-0.9543441206638258,1.0,chem
CPC002 PC3 24H-d-64131-10.0,d-64131,PC3,24H,10.0,33,42,1,1,0.4155507108671836,0.519875405631676,1.9123757904245708,1.3962765957446808,0.6654766981910591,0.216663377403777,0.44881332078728214,0.547068016506107,True,1.0,0.32200921803989824,0.2862379206931023,chem
CPC002 PC3 24H-t 0070907-10.0,t 0070907,PC3,24H,10.0,57,21,1,1,0.2351709230317128,0.7190863678527015,3.933333333333333,0.7948328267477204,0.771835320597352,0.28569206080759085,0.4861432597897612,0.46965009742729547,True,1.0,0.5260001063417848,0.23492169276907698,chem
CPC002 PC3 24H-BRD-K32501161-10.0,brd-k32501161,PC3,24H,10.0,82,43,0,2,1.0,0.5408689713942205,0.0,1.1164285714285713,0.2669079324769538,0.39710958665321927,-0.13020165417626545,0.8732752646151595,True,1.0,-0.4424271269216021,0.5891369543485505,chem
CPC002 PC3 24H-zk 93423-10.0,zk 93423,PC3,24H,10.0,34,8,0,2,1.0,0.17057190474517306,0.0,2.8125,0.7680925008294601,-0.0,0.7680925008294601,0.4722450927460994,True,1.0,0.5188215522017214,0.23658780406531157,chem
CPC002 PC3 24H-arvanil-10.0,arvanil,PC3,24H,10.0,42,16,0,0,1.0,1.0,0.0,0.0,-0.0,0.38137597042152427,-0.38137597042152427,1.0,False,1.0,-0.9543441206638258,1.0,chem
CPC002 PC3 24H-gp 2a-10.0,gp 2a,PC3,24H,10.0,30,13,0,0,1.0,1.0,0.0,0.0,-0.0,-0.0,0.0,1.0,False,1.0,-0.9543441206638258,1.0,chem
CPC002 PC3 24H-kenpaullone-10.0,kenpaullone,PC3,24H,10.0,28,25,0,1,1.0,0.4632900827536739,0.0,1.6561597058050959,0.3341469962601578,0.3703761396174927,-0.0362291433573349,0.8197463491810851,True,1.0,-0.3134657316025945,0.5271576141286238,chem
CPC002 PC3 24H-nsc 632839 hydrochloride-10.0,nsc 632839 hydrochloride,PC3,24H,10.0,82,86,1,4,0.6683067962120237,0.10507628850157417,0.9160493827160494,2.324043106651802,1.1535193981221221,0.06884464880481618,1.084674749317306,0.2567413879195545,True,1.0,1.2580524050969941,0.11196267910696435,chem
CPC002 PC3 24H-bcl-2 inhibitor-10.0,bcl-2 inhibitor,PC3,24H,10.0,19,5,0,0,1.0,1.0,0.0,0.0,-0.0,-0.0,0.0,1.0,False,1.0,-0.9543441206638258,1.0,chem
CPC002 PC3 24H-betamethasone-10.0,betamethasone,PC3,24H,10.0,17,12,0,1,1.0,0.31442552382028793,0.0,2.799645390070922,0.502482206893496,-0.0,0.502482206893496,0.6782183825747264,True,1.0,0.009393368794592719,0.40019993335554815,chem
"CPC002 PC3 24H-l-165,041-10.0","l-165,041",PC3,24H,10.0,35,28,1,0,0.3006931742591438,1.0,2.910379515317787,0.0,0.5218764302807071,0.7770432325858861,-0.2551668023051791,0.6620256040529326,True,1.0,0.04659058672742235,0.3855381539486838,chem
CPC002 PC3 24H-eo 1428-10.0,eo 1428,PC3,24H,10.0,8,6,0,0,1.0,1.0,0.0,0.0,-0.0,-0.0,0.0,1.0,False,1.0,-0.9543441206638258,1.0,chem
CPC002 PC3 24H-flufenamic acid-10.0,flufenamic acid,PC3,24H,10.0,33,24,0,1,1.0,0.519875405631676,0.0,1.3962765957446808,0.2841007277695349,-0.0,0.2841007277695349,0.8599602725684471,True,1.0,-0.40945214562926635,0.5761412862379207,chem
CPC002 PC3 24H-capsazepine-10.0,capsazepine,PC3,24H,10.0,36,12,0,1,1.0,0.550940054199812,0.0,1.2759878419452888,0.2588956525938111,-0.0,0.2588956525938111,0.8793715466909027,True,1.0,-0.45779430688038386,0.5958013995334889,chem
CPC002 PC3 24H-pp 1-10.0,pp 1,PC3,24H,10.0,63,39,0,1,1.0,0.754393433432854,0.0,0.7172271791352093,0.12240210054152371,0.6768239820868034,-0.5544218815452797,0.9670126232559566,False,1.0,-0.7195825878931181,0.7030989670109964,chem
CPC002 PC3 24H-fenbendazole-10.0,fenbendazole,PC3,24H,10.0,27,34,1,0,0.3524192105517165,1.0,2.3789749345304902,0.0,0.4529404260000321,0.2753470641431871,0.177593361856845,0.7199691427045483,True,1.0,-0.08562546149741368,0.4351882705764745,chem
CPC002 PC3 24H-iodophenpropit dihydrobromide-10.0,iodophenpropit dihydrobromide,PC3,24H,10.0,34,11,0,0,1.0,1.0,0.0,0.0,-0.0,-0.0,0.0,1.0,False,1.0,-0.9543441206638258,1.0,chem
CPC002 PC3 24H-sto-609 acetate-10.0,sto-609 acetate,PC3,24H,10.0,12,13,1,0,0.15283946844712004,1.0,6.563786008230453,0.0,0.8157644813924487,-0.0,0.8157644813924487,0.43992810279416616,True,1.0,0.6102541924723512,0.21592802399200267,chem
CPC002 PC3 24H-arctigenin-10.0,arctigenin,PC3,24H,10.0,39,9,0,1,1.0,0.5800080222144941,0.0,1.1746920492721165,0.23656599957603974,-0.0,0.23656599957603974,0.895946131618933,True,1.0,-0.5006215422423433,0.6131289570143286,chem
CPC002 PC3 24H-sb 408124-10.0,sb 408124,PC3,24H,10.0,20,16,0,0,1.0,1.0,0.0,0.0,-0.0,0.5243113267647002,-0.5243113267647002,1.0,False,1.0,-0.9543441206638258,1.0,chem
CPC002 PC3 24H-sb 202190-10.0,sb 202190,PC3,24H,10.0,17,16,0,0,1.0,1.0,0.0,0.0,-0.0,1.3289047162437604,-1.3289047162437604,1.0,False,1.0,-0.9543441206638258,1.0,chem
CPC002 PC3 24H-ite-10.0,ite,PC3,24H,10.0,13,12,0,2,1.0,0.03180787273455039,0.0,8.209090909090909,1.497465374920893,-0.0,1.497465374920893,0.14148273634585087,True,1.0,1.9177247828288264,0.05731422859046984,chem
CPC002 PC3 24H-yc-1-10.0,yc-1,PC3,24H,10.0,11,11,0,0,1.0,1.0,0.0,0.0,-0.0,-0.0,0.0,1.0,False,1.0,-0.9543441206638258,1.0,chem
CPC002 PC3 24H-r(+)-6-bromo-apb-10.0,r(+)-6-bromo-apb,PC3,24H,10.0,24,2,0,0,1.0,1.0,0.0,0.0,-0.0,-0.0,0.0,1.0,False,1.0,-0.9543441206638258,1.0,chem
CPC002 PC3 24H-sb 431542-10.0,sb 431542,PC3,24H,10.0,15,22,0,0,1.0,1.0,0.0,0.0,-0.0,0.4127517643182056,-0.4127517643182056,1.0,False,1.0,-0.9543441206638258,1.0,chem
CPC002 PC3 24H-BRD-K71726959-10.0,brd-k71726959,PC3,24H,10.0,12,27,0,0,1.0,1.0,0.0,0.0,-0.0,0.3456285941430332,-0.3456285941430332,1.0,False,1.0,-0.9543441206638258,1.0,chem
CPC002 PC3 24H-skatole-10.0,skatole,PC3,24H,10.0,28,40,0,0,1.0,1.0,0.0,0.0,-0.0,-0.0,0.0,1.0,False,1.0,-0.9543441206638258,1.0,chem
CPC002 PC3 24H-phenazopyridine hydrochloride-10.0,phenazopyridine hydrochloride,PC3,24H,10.0,15,10,0,0,1.0,1.0,0.0,0.0,-0.0,-0.0,0.0,1.0,False,1.0,-0.9543441206638258,1.0,chem
CPC002 PC3 24H-mebendazole-10.0,mebendazole,PC3,24H,10.0,56,60,1,2,0.5362204462844031,0.3488038208789939,1.325172630257376,1.6608465608465608,0.7280753965774553,0.4232934409854544,0.30478195559200094,0.5005928465883407,True,1.0,0.4420706084704996,0.25891369543485504,chem
CPC002 PC3 24H-cy 208-243-10.0,cy 208-243,PC3,24H,10.0,14,21,0,1,1.0,0.26714532281495496,0.0,3.447354064375341,0.5732524250499975,-0.0,0.5732524250499975,0.619767127893641,True,1.0,0.14512735387682985,0.3505498167277574,chem
CPC002 PC3 24H-BRD-K80348542-10.0,brd-k80348542,PC3,24H,10.0,192,195,1,6,0.9198542725818745,0.24521954048283814,0.3944253531882398,1.4577798861480076,0.6467258958034761,0.24206647908203274,0.40465941672144334,0.5614662730517521,True,1.0,0.28604605164230584,0.29790069976674444,chem
CPC002 PC3 24H-vorinostat-10.0,vorinostat,PC3,24H,10.0,231,225,4,7,0.3182801662420251,0.2434623546351569,1.4319526627218935,1.413888888888889,1.1107586058123204,0.38226529305287754,0.7284933127594428,0.2756769715429573,True,1.0,1.1760391953503735,0.12095968010663112,chem
CPC002 PC3 24H-gw 0742-10.0,gw 0742,PC3,24H,10.0,15,22,0,0,1.0,1.0,0.0,0.0,-0.0,0.4127517643182056,-0.4127517643182056,1.0,False,1.0,-0.9543441206638258,1.0,chem
CPC002 PC3 24H-embelin-10.0,embelin,PC3,24H,10.0,26,7,0,0,1.0,1.0,0.0,0.0,-0.0,1.3909552531666267,-1.3909552531666267,1.0,False,1.0,-0.9543441206638258,1.0,chem
CPC002 PC3 24H-pd 198306-10.0,pd 198306,PC3,24H,10.0,93,105,2,2,0.3853998495876252,0.6097068788929911,1.5264563106796116,0.9797488226059654,0.628967364287209,0.651493239896738,-0.02252587560952901,0.5752922910052145,True,1.0,0.25198601459987396,0.31189603465511495,chem
CPC002 PC3 24H-gw 843682x-10.0,gw 843682x,PC3,24H,10.0,29,45,1,1,0.4376233415150166,0.47511335427849205,1.7811447811447811,1.596757852077001,0.6821022845429836,0.19883252618512057,0.483269758357863,0.534480634209737,True,1.0,0.35389631897952206,0.2789070309896701,chem
CPC002 PC3 24H-my-5445-10.0,my-5445,PC3,24H,10.0,37,3,0,1,1.0,0.5608447625414748,0.0,1.2403467297084318,0.25115733143770075,-0.0,0.25115733143770075,0.8851875294433746,True,1.0,-0.47263604674957976,0.6011329556814395,chem
CPC002 PC3 24H-nefazodone hydrochloride-10.0,nefazodone hydrochloride,PC3,24H,10.0,15,4,0,0,1.0,1.0,0.0,0.0,-0.0,-0.0,0.0,1.0,False,1.0,-0.9543441206638258,1.0,chem
CPC002 PC3 24H-anisomycin-10.0,anisomycin,PC3,24H,10.0,108,179,1,7,0.9011219451070639,0.00930771981561218,0.43098904147593287,3.198899889988999,2.0763731322472907,1.1339901350044417,0.942382997242849,0.04848772154804673,True,1.0,3.028042921500748,0.013995334888370544,chem
CPC002 PC3 24H-am-251-10.0,am-251,PC3,24H,10.0,16,10,0,1,1.0,0.2990120381303704,0.0,2.986761229314421,0.5243113267647002,-0.0,0.5243113267647002,0.6600007335052211,True,1.0,0.051260604874098746,0.3822059313562146,chem
CPC002 PC3 24H-lamotrigine-10.0,lamotrigine,PC3,24H,10.0,5,22,0,1,1.0,0.10499388060355601,0.0,11.21985815602837,0.9788360123353402,1.081217450537035,-0.10238143820169487,0.34163467548358883,True,1.0,0.9230178001723024,0.1586137954015328,chem
CPC002 PC3 24H-kn-93-10.0,kn-93,PC3,24H,10.0,46,11,0,1,1.0,0.6407694557263302,0.0,0.9908589440504334,0.1932981984307902,-0.0,0.1932981984307902,0.9259666814856249,False,1.0,-0.5836071713413398,0.6467844051982673,chem
CPC002 PC3 24H-aloisine a-10.0,aloisine a,PC3,24H,10.0,19,9,0,0,1.0,1.0,0.0,0.0,-0.0,-0.0,0.0,1.0,False,1.0,-0.9543441206638258,1.0,chem
CPC002 PC3 24H-pp 2-10.0,pp 2,PC3,24H,10.0,74,45,1,1,0.4376233415150166,0.8080655603011361,1.7811447811447811,0.6080831633148742,0.4514529245340204,0.5861092039626837,-0.13465627942866332,0.7212281239886906,True,1.0,-0.08847842008729596,0.437187604131956,chem
CPC002 PC3 24H-tyrphostin 47-10.0,tyrphostin 47,PC3,24H,10.0,24,7,0,0,1.0,1.0,0.0,0.0,-0.0,-0.0,0.0,1.0,False,1.0,-0.9543441206638258,1.0,chem
CPC002 PC3 24H-quercetin-10.0,quercetin,PC3,24H,10.0,16,11,0,1,1.0,0.2990120381303704,0.0,2.986761229314421,0.5243113267647002,0.6642834066948583,-0.13997207993015814,0.6600007335052211,True,1.0,0.051260604874098746,0.3822059313562146,chem
CPC002 PC3 24H-beclomethasone dipropionate-10.0,beclomethasone dipropionate,PC3,24H,10.0,28,22,0,1,1.0,0.4632900827536739,0.0,1.6561597058050959,0.3341469962601578,-0.0,0.3341469962601578,0.8197463491810851,True,1.0,-0.3134657316025945,0.5271576141286238,chem
CPC002 PC3 24H-parthenolide-10.0,parthenolide,PC3,24H,10.0,73,61,0,1,1.0,0.8037110802824048,0.0,0.6166272655634357,0.09490004427342848,0.3452252149522976,-0.2503251706788691,0.9793343503907191,False,1.0,-0.7723302519877715,0.7240919693435521,chem
CPC002 PC3 6H-cyclopiazonic acid-10.0,cyclopiazonic acid,PC3,6H,10.0,78,7,0,1,1.0,0.8245448959637394,0.0,0.5761260016579165,0.08378569230754836,1.1203617208854655,-1.036576028577917,0.9836191366591749,False,1.0,-0.793647061844135,0.7297567477507497,chem
CPC002 PC3 6H-trichostatin a-10.0,trichostatin a,PC3,6H,10.0,79,44,0,2,1.0,0.520708008486312,0.0,1.160482374768089,0.28340574282619463,0.19590718982297833,0.0874985530032163,0.8605042667622493,True,1.0,-0.41078509440897926,0.5768077307564146,chem
CPC002 PC3 6H-geldanamycin-10.0,geldanamycin,PC3,6H,10.0,60,13,0,1,1.0,0.7373282957339664,0.0,0.7540569780021638,0.13233909927834112,0.7546897257470556,-0.6223506264687145,0.9620084761089149,False,1.0,-0.7005238867411354,0.692102632455848,chem
CPC002 PC3 6H-puromycin hydrochloride-10.0,puromycin hydrochloride,PC3,6H,10.0,60,7,0,2,1.0,0.3805671096433224,0.0,1.5453201970443349,0.419568748150007,0.2706566302278198,0.14891211792218717,0.7482302332463664,True,1.0,-0.14963078663923532,0.46217927357547484,chem
CPC002 PC3 6H-camptothecin-10.0,camptothecin,PC3,6H,10.0,34,25,0,2,1.0,0.17057190474517306,0.0,2.8125,0.7680925008294601,0.3703761396174927,0.3977163612119674,0.4722450927460994,True,1.0,0.5188215522017214,0.23658780406531157,chem
CPC002 PC3 6H-api-2-10.0,api-2,PC3,6H,10.0,99,27,2,3,0.04534229281120184,0.37043599849059783,6.367,1.401978417266187,1.7747833385690597,-0.0,1.7747833385690597,0.0854364836162652,True,1.0,2.449607731919306,0.031322892369210265,chem
CPC002 PC3 6H-cyclosporin a-10.0,cyclosporin a,PC3,6H,10.0,15,27,0,0,1.0,1.0,0.0,0.0,-0.0,-0.0,0.0,1.0,False,1.0,-0.9543441206638258,1.0,chem
CPC002 PC3 6H-cymarin-10.0,cymarin,PC3,6H,10.0,80,24,1,3,0.26396306020823945,0.25609197333298406,3.418679549114332,1.7532467532467533,1.1700608787358042,0.19274439605369217,0.977316482682112,0.2497211807297854,True,1.0,1.2897781951445888,0.10896367877374209,chem
CPC002 PC3 6H-wortmannin-10.0,wortmannin,PC3,6H,10.0,46,27,0,1,1.0,0.6407694557263302,0.0,0.9908589440504334,0.1932981984307902,0.3456285941430332,-0.152330395712243,0.9259666814856249,False,1.0,-0.5836071713413398,0.6467844051982673,chem
CPC002 PC3 6H-cinobufagin-10.0,cinobufagin,PC3,6H,10.0,62,23,0,5,1.0,0.011240677132602883,0.0,4.017799974388526,1.9492075263029622,0.2612162971017878,1.6879912292011745,0.06169126626187518,True,1.0,2.7841452070405386,0.01866044651782739,chem
CPC002 PC3 6H-aminopurvalanol a-10.0,aminopurvalanol a,PC3,6H,10.0,25,29,0,0,1.0,1.0,0.0,0.0,-0.0,0.8786421511629053,-0.8786421511629053,1.0,False,1.0,-0.9543441206638258,1.0,chem
CPC002 PC3 6H-thm-i-94-10.0,thm-i-94,PC3,6H,10.0,117,42,0,4,1.0,0.25470393733836555,0.0,1.5952289342054637,0.5939643414474224,0.10902953987171818,0.48493480157570423,0.6030506530098527,True,1.0,0.18485184568347746,0.3372209263578807,chem
CPC002 PC3 6H-fccp-10.0,fccp,PC3,6H,10.0,39,7,0,1,1.0,0.5800080222144941,0.0,1.1746920492721165,0.23656599957603974,0.4060245634531765,-0.16945856387713676,0.895946131618933,True,1.0,-0.5006215422423433,0.6131289570143286,chem
CPC002 PC3 6H-bay 11-7821-10.0,bay 11-7821,PC3,6H,10.0,22,13,0,0,1.0,1.0,0.0,0.0,-0.0,0.6110292838894394,-0.6110292838894394,1.0,False,1.0,-0.9543441206638258,1.0,chem
CPC002 PC3 6H-kb-r7943 mesylate-10.0,kb-r7943 mesylate,PC3,6H,10.0,39,13,0,0,1.0,1.0,0.0,0.0,-0.0,0.6008860685960127,-0.6008860685960127,1.0,False,1.0,-0.9543441206638258,1.0,chem
CPC002 PC3 6H-digoxigenin-10.0,digoxigenin,PC3,6H,10.0,59,12,0,3,1.0,0.1389425384070243,0.0,2.4188078108941418,0.8571647710576535,-0.0,0.8571647710576535,0.41317270730508926,True,1.0,0.6896580214585836,0.20126624458513828,chem
CPC002 PC3 6H-nsc 632839 hydrochloride-10.0,nsc 632839 hydrochloride,PC3,6H,10.0,53,40,1,1,0.4003624230876708,0.6927932572907209,2.0110794555239,0.8565193671576651,0.556943038764877,0.8395956151369206,-0.28265257637204355,0.6330680307582508,True,1.0,0.11384670995074338,0.3608797067644119,chem
CPC002 PC3 6H-bcl-2 inhibitor-10.0,bcl-2 inhibitor,PC3,6H,10.0,14,13,0,0,1.0,1.0,0.0,0.0,-0.0,-0.0,0.0,1.0,False,1.0,-0.9543441206638258,1.0,chem
CPC002 PC3 6H-mg-132-10.0,mg-132,PC3,6H,10.0,65,50,0,2,1.0,0.41932905746011573,0.0,1.4215419501133786,0.377445042062586,0.4208191619689601,-0.043374119906374076,0.7837676592067451,True,1.0,-0.23042209465858576,0.49250249916694433,chem
CPC002 PC3 6H-BRD-K80348542-10.0,brd-k80348542,PC3,6H,10.0,100,40,0,5,1.0,0.0681130939096468,0.0,2.3960814444871303,1.1667693922563744,0.14071737619872932,1.0260520160576452,0.2511047654532979,True,1.0,1.2834652772486834,0.10963012329223593,chem
CPC002 PC3 6H-vorinostat-10.0,vorinostat,PC3,6H,10.0,69,50,1,5,0.47259539417038376,0.017293054547214384,1.598135550516503,3.574361313868613,2.087638803871584,0.2313882898700793,1.8562505140015046,0.04745811436434241,True,1.0,3.0496499554201812,0.013995334888370544,chem
CPC002 PC3 6H-pd 198306-10.0,pd 198306,PC3,6H,10.0,41,20,0,2,1.0,0.22668454760421908,0.0,2.305128205128205,0.6445780833977223,-0.0,0.6445780833977223,0.5631288206013549,True,1.0,0.28192664739803275,0.30056647784071977,chem
CPC002 PC3 6H-anisomycin-10.0,anisomycin,PC3,6H,10.0,164,28,0,8,1.0,0.02730744524341044,0.0,2.363566781477229,1.5637189285160127,0.055684681805692415,1.5080342467103203,0.12563052047430415,True,1.0,2.0447960154684988,0.04865044985004998,chem
CPC002 PC3 6H-parthenolide-10.0,parthenolide,PC3,6H,10.0,29,22,0,0,1.0,1.0,0.0,0.0,-0.0,0.5092143334702399,-0.5092143334702399,1.0,False,1.0,-0.9543441206638258,1.0,chem
CPC002 PC3 6H-formoterol hemifumarate-10.0,formoterol hemifumarate,PC3,6H,10.0,23,12,0,0,1.0,1.0,0.0,0.0,-0.0,-0.0,0.0,1.0,False,1.0,-0.9543441206638258,1.0,chem
CPC002 VCAP 24H-norethynodrel-10.0,norethynodrel,VCAP,24H,10.0,115,152,1,3,0.8592316510504144,0.4645551047542968,0.5102608126890688,1.1986125385405961,0.39885249680477713,0.9336231228051547,-0.5347706260003775,0.7657461388829296,True,1.0,-0.18936359267404307,0.4758413862045985,chem
CPC002 VCAP 24H-bw 723c86 hydrochloride-10.0,bw 723c86 hydrochloride,VCAP,24H,10.0,51,46,0,1,1.0,0.6787445310778502,0.0,0.8910638297872341,0.16829365667717439,-0.0,0.16829365667717439,0.9417651400069137,False,1.0,-0.6315647188208182,0.6657780739753415,chem
CPC002 VCAP 24H-wiskostatin-10.0,wiskostatin,VCAP,24H,10.0,41,49,1,0,0.4657772989980638,1.0,1.631687242798354,0.0,0.3318216818814629,0.1777939356962094,0.15402774618525347,0.8216533535553789,True,1.0,-0.31792557637078944,0.5311562812395868,chem
CPC002 VCAP 24H-geldanamycin-10.0,geldanamycin,VCAP,24H,10.0,147,137,2,1,0.5214377213017352,0.963039920243482,1.1587037037037038,0.30049548236665696,0.29915326474096415,0.1632789549662313,0.13587430977473286,0.8480698087093197,True,1.0,-0.38058208019847184,0.558813728757081,chem
CPC002 VCAP 24H-medrysone-10.0,medrysone,VCAP,24H,10.0,101,83,3,1,0.08759913105906261,0.8954048071235986,2.9962025316455696,0.4419858156028369,1.1054807801684758,0.7008792878506981,0.40460149231777776,0.2780944019142833,True,1.0,1.1659165713728121,0.12162612462512495,chem
CPC002 VCAP 24H-danazol-10.0,danazol,VCAP,24H,10.0,124,125,0,3,1.0,0.5148240779814742,0.0,1.1078542124977704,0.2883411496271034,1.1852748025462887,-0.8969336529191854,0.8566312449764282,True,1.0,-0.4013192138374669,0.57080973008997,chem
CPC002 VCAP 24H-procaterol hydrochloride-10.0,procaterol hydrochloride,VCAP,24H,10.0,37,54,0,1,1.0,0.5608447625414748,0.0,1.2403467297084318,0.25115733143770075,1.3652655966118168,-1.114108265174116,0.8851875294433746,True,1.0,-0.47263604674957976,0.6011329556814395,chem
CPC002 VCAP 24H-pheniramine maleate-10.0,pheniramine maleate,VCAP,24H,10.0,45,74,0,0,1.0,1.0,0.0,0.0,-0.0,1.1037396252721419,-1.1037396252721419,1.0,False,1.0,-0.9543441206638258,1.0,chem
CPC002 VCAP 24H-puromycin hydrochloride-10.0,puromycin hydrochloride,VCAP,24H,10.0,158,273,4,2,0.45696114461898407,0.8666162980260946,1.1672862453531598,0.5655677655677656,0.4022938740584921,0.900177099944895,-0.49788322588640294,0.7628403034019289,True,1.0,-0.18276319124833143,0.47384205264911694,chem
CPC002 VCAP 24H-lfm-a13-10.0,lfm-a13,VCAP,24H,10.0,52,40,1,1,0.4003624230876708,0.6858468627899699,2.0110794555239,0.8734529272701989,0.5613195345400764,0.2296813124583833,0.33163822208169313,0.6294875661807522,True,1.0,0.12224062518426332,0.3582139286904365,chem
CPC002 VCAP 24H-cgp 37157-10.0,cgp 37157,VCAP,24H,10.0,41,46,1,0,0.44479629002890175,1.0,1.741289437585734,0.0,0.3518388437881739,-0.0,0.3518388437881739,0.8051430568568094,True,1.0,-0.2795335913464415,0.5131622792402533,chem
CPC002 VCAP 24H-megestrol acetate-10.0,megestrol acetate,VCAP,24H,10.0,42,95,3,1,0.1188048398291605,0.6072067945410671,2.600440286186021,1.0882200311364816,1.1418292442646314,0.4605057039044729,0.6813235403601585,0.26180428543189527,True,1.0,1.235631234007868,0.11362879040319894,chem
CPC002 VCAP 24H-nylidrin hydrochloride-10.0,nylidrin hydrochloride,VCAP,24H,10.0,62,48,1,0,0.4588721505929316,1.0,1.6666666666666667,0.0,0.338308299269452,1.6888528352559251,-1.3505445359864732,0.8163260518464907,True,1.0,-0.30548454607993386,0.5238253915361546,chem
CPC002 VCAP 24H-norethindrone-10.0,norethindrone,VCAP,24H,10.0,128,197,2,3,0.7184032720275719,0.5363608679869017,0.7944871794871795,1.0717122302158273,0.4141746133867087,0.849881262902321,-0.43570664951561233,0.7527956545114897,True,1.0,-0.15997648609538212,0.4651782739086971,chem
CPC002 VCAP 24H-api-2-10.0,api-2,VCAP,24H,10.0,116,113,3,0,0.1719429786937194,1.0,2.168699654775604,0.0,0.7646155539322967,0.25673790219640846,0.5078776517358883,0.47466447614980545,True,1.0,0.5121529298551342,0.24058647117627457,chem
CPC002 VCAP 24H-mifepristone-10.0,mifepristone,VCAP,24H,10.0,59,55,1,0,0.5054175517404941,1.0,1.4490169181527206,0.0,0.2963496803193755,0.7430783890896699,-0.44672870877029447,0.8502995065599512,True,1.0,-0.38595922465230376,0.5604798400533155,chem
CPC002 VCAP 24H-norgestrel-10.0,norgestrel,VCAP,24H,10.0,119,194,1,3,0.918793938659918,0.4871880857061059,0.39653297511674024,1.1565368394939222,0.34908521954921734,1.2240547504641028,-0.8749695309148855,0.8074260989585665,True,1.0,-0.2848149144949174,0.514161946017994,chem
CPC002 VCAP 24H-noscapine hydrochloride-10.0,noscapine hydrochloride,VCAP,24H,10.0,21,61,1,0,0.5421496516795823,1.0,1.302880658436214,0.0,0.26588081691603516,0.12892725616443745,0.1369535607515977,0.8740608278188708,True,1.0,-0.4443970867698982,0.590803065644785,chem
CPC002 VCAP 24H-niguldipine-10.0,niguldipine,VCAP,24H,10.0,58,28,0,0,1.0,1.0,0.0,0.0,-0.0,0.2805580222686066,-0.2805580222686066,1.0,False,1.0,-0.9543441206638258,1.0,chem
CPC002 VCAP 24H-cyclosporin a-10.0,cyclosporin a,VCAP,24H,10.0,73,53,0,3,1.0,0.21515601867064685,0.0,1.9307297019527236,0.6672465006672248,0.37569430659104547,0.2915521940761793,0.54571997132861,True,1.0,0.3254036168301796,0.28490503165611464,chem
CPC002 VCAP 24H-bromocriptine mesylate-10.0,bromocriptine mesylate,VCAP,24H,10.0,43,26,0,0,1.0,1.0,0.0,0.0,-0.0,-0.0,0.0,1.0,False,1.0,-0.9543441206638258,1.0,chem
CPC002 VCAP 24H-kirromycin-10.0,kirromycin,VCAP,24H,10.0,47,60,0,3,1.0,0.0833348121186535,0.0,3.0843688685415303,1.0791735393763502,0.419568748150007,0.6596047912263432,0.29041256211268823,True,1.0,1.1154605077594888,0.13062312562479172,chem
CPC002 VCAP 24H-wortmannin-10.0,wortmannin,VCAP,24H,10.0,57,141,3,1,0.26455293680525876,0.7190863678527015,1.720968629609246,0.7948328267477204,0.7207063573440595,0.42722917281754197,0.29347718452651755,0.5059313964605516,True,1.0,0.42793713414427587,0.2619126957680773,chem
CPC002 VCAP 24H-vincristine sulfate-10.0,vincristine sulfate,VCAP,24H,10.0,57,38,0,2,1.0,0.3567990927411277,0.0,1.6303896103896105,0.4475762586065167,0.24371960205988408,0.2038566565466326,0.7245099655650861,True,1.0,-0.09591368493286956,0.4395201599466844,chem
CPC002 VCAP 24H-baccatin iii-10.0,baccatin iii,VCAP,24H,10.0,79,24,1,1,0.26396306020823945,0.8284402406749884,3.418679549114332,0.5686488452445899,0.6601956592020392,0.5776845219209743,0.08251113728106485,0.5511018683827382,True,1.0,0.31188043101582574,0.2922359213595468,chem
CPC002 VCAP 24H-guggulsterone-10.0,guggulsterone,VCAP,24H,10.0,61,20,0,1,1.0,0.7431436031873149,0.0,0.741371158392435,0.12892725616443745,-0.0,0.12892725616443745,0.9637576558347487,False,1.0,-0.7070676430610809,0.6954348550483173,chem
CPC002 VCAP 24H-pd 102807-10.0,pd 102807,VCAP,24H,10.0,37,38,0,0,1.0,1.0,0.0,0.0,-0.0,0.6675555740418859,-0.6675555740418859,1.0,False,1.0,-0.9543441206638258,1.0,chem
"CPC002 VCAP 24H-l-741,626-10.0","l-741,626",VCAP,24H,10.0,59,35,1,1,0.3606648044546297,0.731382275965789,2.308641975308642,0.7671802396674003,0.5787518047200969,-0.0,0.5787518047200969,0.6153088660653847,True,1.0,0.1556749081665753,0.34521826057980676,chem
CPC002 VCAP 24H-isorotenone-10.0,isorotenone,VCAP,24H,10.0,31,29,0,0,1.0,1.0,0.0,0.0,-0.0,-0.0,0.0,1.0,False,1.0,-0.9543441206638258,1.0,chem
CPC002 VCAP 24H-roscovitine-10.0,roscovitine,VCAP,24H,10.0,33,24,0,2,1.0,0.16275415972533228,0.0,2.9036866359447004,0.7884679027740765,-0.0,0.7884679027740765,0.4582366867517227,True,1.0,0.5579006249478194,0.22659113628790403,chem
CPC002 VCAP 24H-aminopurvalanol a-10.0,aminopurvalanol a,VCAP,24H,10.0,117,149,2,2,0.5671622207101092,0.7322427189998177,1.0620748299319729,0.7722981366459627,0.3816376436867044,0.7501006697291015,-0.3684630260423971,0.7802469468090136,True,1.0,-0.22238087984919538,0.4901699433522159,chem
CPC002 VCAP 24H-irinotecan hydrochloride trihydrate-10.0,irinotecan hydrochloride trihydrate,VCAP,24H,10.0,119,117,1,3,0.7779836322962967,0.4871880857061059,0.6679438058748404,1.1565368394939222,0.42133288088598575,0.1353449379992799,0.2859879428867058,0.74673665939449,True,1.0,-0.1462472621467871,0.4608463845384872,chem
CPC002 VCAP 24H-pd 160170-10.0,pd 160170,VCAP,24H,10.0,79,115,2,0,0.4298897367532308,1.0,1.3891592920353983,0.0,0.36664292316548813,1.5918935275321797,-1.2252506043666915,0.7928140572081219,True,1.0,-0.25114005601901057,0.4995001666111296,chem
CPC002 VCAP 24H-thm-i-94-10.0,thm-i-94,VCAP,24H,10.0,137,170,3,3,0.36547579865447644,0.5827896057307156,1.4155233836125218,0.9982819714377752,0.6716295788222671,1.3714666213117475,-0.6998370424894803,0.5423896787405285,True,1.0,0.33381015676192266,0.28390536487837387,chem
CPC002 VCAP 24H-pkc-412-10.0,pkc-412,VCAP,24H,10.0,96,98,0,2,1.0,0.6270766769139553,0.0,0.9480243161094225,0.20267935179351512,0.7755176950356364,-0.5728383432421212,0.9197248677101375,False,1.0,-0.5656145557502107,0.639786737754082,chem
CPC002 VCAP 24H-fccp-10.0,fccp,VCAP,24H,10.0,112,135,4,1,0.09136358939677883,0.9183834231469469,2.4509688784497943,0.39748258897195066,1.0762028105634256,1.2382564478644584,-0.16205363730103284,0.29183194476408847,True,1.0,1.1097627881412566,0.13128957014328557,chem
CPC002 VCAP 24H-papaverine hydrochloride-10.0,papaverine hydrochloride,VCAP,24H,10.0,30,36,1,0,0.36880667214133844,1.0,2.2423280423280425,0.0,0.4332012306554081,-0.0,0.4332012306554081,0.7366849457620127,True,1.0,-0.1234843195910483,0.4521826057980673,chem
CPC002 VCAP 24H-oxymetazoline hydrochloride-10.0,oxymetazoline hydrochloride,VCAP,24H,10.0,49,39,1,0,0.3926227282495143,1.0,2.064327485380117,0.0,0.4060245634531765,-0.0,0.4060245634531765,0.7596881147142152,True,1.0,-0.1756079025995846,0.47317560813062315,chem
CPC002 VCAP 24H-digoxigenin-10.0,digoxigenin,VCAP,24H,10.0,186,162,1,1,0.8764720214116721,0.9847912599359178,0.4778007821486082,0.2356526739505463,0.0639177572638113,0.925010885834804,-0.8610931285709926,0.9901758360166805,False,1.0,-0.831752836689676,0.7440853048983672,chem
CPC002 VCAP 24H-u-0126-10.0,u-0126,VCAP,24H,10.0,56,23,1,2,0.25448668572827027,0.3488038208789939,3.574635241301908,1.6608465608465608,1.0517537005648743,0.3978441791525614,0.653909521412313,0.3037350276795586,True,1.0,1.062870532920584,0.13662112629123627,chem
CPC002 VCAP 24H-mefexamide hydrochloride-10.0,mefexamide hydrochloride,VCAP,24H,10.0,97,93,2,1,0.33022759666132406,0.8855433919286201,1.7310439560439561,0.46069739952718675,0.533976789544934,0.6723085860947835,-0.1383317965498495,0.6519825102215405,True,1.0,0.06979851269747109,0.3768743752082639,chem
CPC002 VCAP 24H-ski ii-10.0,ski ii,VCAP,24H,10.0,124,71,1,2,0.5974732240617563,0.7612730610697982,1.1149911816578484,0.7271662763466042,0.3421410911555589,0.4317065711740824,-0.08956548001852349,0.8131675177786094,True,1.0,-0.29813342960405,0.5204931689436855,chem
CPC002 VCAP 24H-palda-10.0,palda,VCAP,24H,10.0,153,85,1,1,0.663994311241259,0.9677477168408208,0.9271017048794826,0.2883538633818589,0.1920734860430529,1.0010179561714214,-0.8089444701283686,0.9267695213829158,False,1.0,-0.5859561127081666,0.6471176274575141,chem
CPC002 VCAP 24H-jlk 6-10.0,jlk 6,VCAP,24H,10.0,58,29,0,1,1.0,0.7253026271272716,0.0,0.7807639666542242,0.13948074947219694,-0.0,0.13948074947219694,0.9582453842687312,False,1.0,-0.6868265340110402,0.6874375208263912,chem
CPC002 VCAP 24H-ly 303511-10.0,ly 303511,VCAP,24H,10.0,44,45,0,1,1.0,0.6243601472782201,0.0,1.037275276265875,0.20456482561205844,0.19883252618512057,0.00573229942693787,0.9184512075361329,True,1.0,-0.5619983047080963,0.6371209596801066,chem
CPC002 VCAP 24H-gyki 52466 hydrochloride-10.0,gyki 52466 hydrochloride,VCAP,24H,10.0,27,59,1,1,0.5302154054815167,0.4512024049980868,1.3482332907620265,1.7201309328968903,0.6211762520767472,0.4286604236299346,0.1925158284468126,0.5814141972118193,True,1.0,0.23704302394510082,0.3165611462845718,chem
CPC002 VCAP 24H-maprotiline hydrochloride-10.0,maprotiline hydrochloride,VCAP,24H,10.0,57,51,0,1,1.0,0.7190863678527015,0.0,0.7948328267477204,0.14321894434703947,0.45398571748476524,-0.31076677313772577,0.9562222164291826,False,1.0,-0.6796568502006229,0.6844385204931689,chem
CPC002 VCAP 24H-d-64131-10.0,d-64131,VCAP,24H,10.0,92,45,0,1,1.0,0.8719093541651274,0.0,0.48640012469799704,0.05952866304010019,0.6861969683581273,-0.6266683053180271,0.991421805527956,False,1.0,-0.8401709151611637,0.7447517494168611,chem
CPC002 VCAP 24H-t 0070907-10.0,t 0070907,VCAP,24H,10.0,49,45,1,0,0.4376233415150166,1.0,1.7811447811447811,0.0,0.3588995220932153,0.3318216818814629,0.027077840211752413,0.7992738221710531,True,1.0,-0.2659915389310087,0.506164611796068,chem
CPC002 VCAP 24H-BRD-K32501161-10.0,brd-k32501161,VCAP,24H,10.0,144,49,1,2,0.4657772989980638,0.8297203820093362,1.631687242798354,0.6227364185110664,0.4128899232527496,0.7386266788218192,-0.3257367555690696,0.7538825974047342,True,1.0,-0.1624404619883557,0.4668443852049317,chem
CPC002 VCAP 24H-ly 225910-10.0,ly 225910,VCAP,24H,10.0,43,65,0,0,1.0,1.0,0.0,0.0,-0.0,0.1162512261443165,-0.1162512261443165,1.0,False,1.0,-0.9543441206638258,1.0,chem
CPC002 VCAP 24H-isoreserpine-10.0,isoreserpine,VCAP,24H,10.0,54,49,0,1,1.0,0.6995871145504498,0.0,0.8402248093135287,0.15515819823734667,-0.0,0.15515819823734667,0.9495250730711686,False,1.0,-0.6567579168406003,0.6757747417527491,chem
CPC002 VCAP 24H-BRD-K37270826 (mifepristone)-10.0,brd-k37270826 (mifepristone),VCAP,24H,10.0,40,41,2,0,0.09467214452496704,1.0,4.072435897435898,0.0,1.0237777850796144,0.6205981497468865,0.4031796353327278,0.317846148499762,True,1.0,1.0092140288987812,0.14461846051316227,chem
CPC002 VCAP 24H-clozapine-10.0,clozapine,VCAP,24H,10.0,51,35,0,3,1.0,0.10061584975109725,0.0,2.8255395683453237,0.997333600619595,-0.0,0.997333600619595,0.3316746632821806,True,1.0,0.9584953137032076,0.15428190603132289,chem
CPC002 VCAP 24H-kenpaullone-10.0,kenpaullone,VCAP,24H,10.0,103,125,0,1,1.0,0.9000143124393147,0.0,0.4331803643443193,0.045750584156238075,0.027262020127945208,0.018488564028292867,0.9948259719442275,False,1.0,-0.866596629287809,0.7494168610463179,chem
CPC002 VCAP 24H-nsc 632839 hydrochloride-10.0,nsc 632839 hydrochloride,VCAP,24H,10.0,200,104,2,3,0.3808686279232279,0.8208698892779279,1.5416666666666667,0.6721323448855129,0.504950473226131,0.5365074056869046,-0.03155693246077362,0.6761516100829683,True,1.0,0.014127388758074845,0.39786737754081974,chem
CPC002 VCAP 24H-betamethasone-10.0,betamethasone,VCAP,24H,10.0,27,69,1,0,0.5869643303886037,1.0,1.1481481481481481,0.0,0.2313882898700793,1.250753213613252,-1.0193649237431726,0.8996937761511941,True,1.0,-0.5105521485100085,0.6144618460513163,chem
CPC002 VCAP 24H-mdl-28170-10.0,mdl-28170,VCAP,24H,10.0,73,26,0,2,1.0,0.4786741886222464,0.0,1.259758551307847,0.31995999019332333,0.9844698101598165,-0.6645098199664932,0.831330266650633,True,1.0,-0.3406757490364663,0.5398200599800067,chem
CPC002 VCAP 24H-jte 013-10.0,jte 013,VCAP,24H,10.0,46,27,0,0,1.0,1.0,0.0,0.0,-0.0,0.3518388437881739,-0.3518388437881739,1.0,False,1.0,-0.9543441206638258,1.0,chem
CPC002 VCAP 24H-flufenamic acid-10.0,flufenamic acid,VCAP,24H,10.0,73,56,0,1,1.0,0.8037110802824048,0.0,0.6166272655634357,0.09490004427342848,0.1470746859789352,-0.052174641705506716,0.9793343503907191,False,1.0,-0.7723302519877715,0.7240919693435521,chem
CPC002 VCAP 24H-rs 67333 hydrochloride-10.0,rs 67333 hydrochloride,VCAP,24H,10.0,55,46,2,0,0.1148406583901776,1.0,3.606818181818182,0.0,0.9399043263252929,0.5726113617087648,0.36729296461652805,0.3633799241573597,True,1.0,0.8483486381184526,0.17194268577140953,chem
CPC002 VCAP 24H-gr 55562 dihydrochloride-10.0,gr 55562 dihydrochloride,VCAP,24H,10.0,64,34,0,1,1.0,0.759833479050158,0.0,0.7057300461555781,0.1192815748949867,-0.0,0.1192815748949867,0.968526285004875,False,1.0,-0.7255676108673179,0.7060979673442186,chem
CPC002 VCAP 24H-pp 1-10.0,pp 1,VCAP,24H,10.0,54,58,1,3,0.5241335714508069,0.11443803062180481,1.372103097249296,2.658061785865425,1.2219876468984217,0.7398764394035285,0.4821112074948931,0.22875066099450655,True,1.0,1.3893713200317697,0.09863378873708764,chem
CPC002 VCAP 24H-ucl 2077-10.0,ucl 2077,VCAP,24H,10.0,59,48,0,1,1.0,0.731382275965789,0.0,0.7671802396674003,0.13585556839436858,0.27554765793371394,-0.13969208953934537,0.960172552967361,False,1.0,-0.6937794626179611,0.6897700766411197,chem
CPC002 VCAP 24H-fenbendazole-10.0,fenbendazole,VCAP,24H,10.0,80,62,0,1,1.0,0.8322496989743087,0.0,0.5613609839303348,0.0797463532560896,0.12561615495840892,-0.045869801702319316,0.9850696892279829,False,1.0,-0.801394326171346,0.7337554148617128,chem
CPC002 VCAP 24H-iodophenpropit dihydrobromide-10.0,iodophenpropit dihydrobromide,VCAP,24H,10.0,44,27,1,0,0.2916840368340455,1.0,3.022792022792023,0.0,0.5350873381206043,-0.0,0.5350873381206043,0.6510633090684346,True,1.0,0.07192849318544675,0.3748750416527824,chem
CPC002 VCAP 24H-anafranil-10.0,anafranil,VCAP,24H,10.0,59,53,0,2,1.0,0.37268299449326364,0.0,1.5726817042606516,0.4286604236299346,0.15939634780318535,0.26926407582674927,0.740531210291556,True,1.0,-0.13219337615625426,0.4538487170943019,chem
CPC002 VCAP 24H-sb 408124-10.0,sb 408124,VCAP,24H,10.0,49,46,0,0,1.0,1.0,0.0,0.0,-0.0,0.8947452652172931,-0.8947452652172931,1.0,False,1.0,-0.9543441206638258,1.0,chem
CPC002 VCAP 24H-sb 202190-10.0,sb 202190,VCAP,24H,10.0,79,51,0,2,1.0,0.520708008486312,0.0,1.160482374768089,0.28340574282619463,0.5108918539281119,-0.22748611110191724,0.8605042667622493,True,1.0,-0.41078509440897926,0.5768077307564146,chem
CPC002 VCAP 24H-BRD-K56515112 (medrysone)-10.0,brd-k56515112 (medrysone),VCAP,24H,10.0,66,33,1,0,0.3440685854951422,1.0,2.4537037037037037,0.0,0.4633549779716965,0.2435990880176822,0.2197558899540143,0.7111602675128056,True,1.0,-0.06565083546427046,0.42852382539153616,chem
CPC002 VCAP 24H-mg-132-10.0,mg-132,VCAP,24H,10.0,182,112,1,5,0.7631005699105197,0.3694705159396682,0.6985874763652541,1.2691244999793805,0.5498384350530916,0.42741976720780733,0.12241866784528427,0.6388972397464323,True,1.0,0.10022041064927513,0.3635454848383872,chem
CPC002 VCAP 24H-su 4312-10.0,su 4312,VCAP,24H,10.0,50,29,1,2,0.30958910347272567,0.3002473560088206,2.8059964726631392,1.8702380952380953,1.0317351417944147,0.3232027624497683,0.7085323793446464,0.3137785797823507,True,1.0,1.0244758687765705,0.14228590469843386,chem
CPC002 VCAP 24H-pravastatin sodium salt-10.0,pravastatin sodium salt,VCAP,24H,10.0,76,75,1,2,0.6177049739872678,0.49997088260222594,1.054054054054054,1.2081081081081082,0.5102741890003685,0.09027065890486403,0.42000353009550445,0.6716995180108065,True,1.0,0.024338027870200295,0.3935354881706098,chem
CPC002 VCAP 24H-r(+)-6-bromo-apb-10.0,r(+)-6-bromo-apb,VCAP,24H,10.0,80,31,0,2,1.0,0.527493035028704,0.0,1.1454212454212453,0.2777832703782703,0.3027797890710162,-0.02499651869274594,0.8648879283045416,True,1.0,-0.4215687349183839,0.5784738420526491,chem
CPC002 VCAP 24H-imodium-10.0,imodium,VCAP,24H,10.0,51,35,0,0,1.0,1.0,0.0,0.0,-0.0,0.7484799185575953,-0.7484799185575953,1.0,False,1.0,-0.9543441206638258,1.0,chem
CPC002 VCAP 24H-h-9 dihydrochloride-10.0,h-9 dihydrochloride,VCAP,24H,10.0,51,33,0,0,1.0,1.0,0.0,0.0,-0.0,0.2841007277695349,-0.2841007277695349,1.0,False,1.0,-0.9543441206638258,1.0,chem
CPC002 VCAP 24H-skatole-10.0,skatole,VCAP,24H,10.0,96,148,0,2,1.0,0.6270766769139553,0.0,0.9480243161094225,0.20267935179351512,0.798424395458076,-0.5957450436645608,0.9197248677101375,False,1.0,-0.5656145557502107,0.639786737754082,chem
CPC002 VCAP 24H-metoclopramide monohydrochloride-10.0,metoclopramide monohydrochloride,VCAP,24H,10.0,89,120,3,1,0.1942083283083009,0.8629671286518186,2.0366764037650116,0.503223726627982,0.7757378967308526,0.1975471005511523,0.5781907961797003,0.46695473491742023,True,1.0,0.5334850657567106,0.23358880373208932,chem
CPC002 VCAP 24H-mebendazole-10.0,mebendazole,VCAP,24H,10.0,96,73,0,1,1.0,0.8829370996986431,0.0,0.4656215005599104,0.054070234391632666,1.0100629449821852,-0.9559927105905526,0.992863930278105,False,1.0,-0.8506399272971039,0.7467510829723426,chem
CPC002 VCAP 24H-BRD-K80334323 (norethynodrel)-10.0,brd-k80334323 (norethynodrel),VCAP,24H,10.0,120,157,0,1,1.0,0.9318746942869267,0.0,0.3702842839263365,0.030642481678608353,1.351197499270289,-1.3205550175916807,0.997624903963335,False,1.0,-0.8955732667737161,0.7560813062312562,chem
CPC002 VCAP 24H-pd 198306-10.0,pd 198306,VCAP,24H,10.0,57,46,2,0,0.1148406583901776,1.0,3.606818181818182,0.0,0.9399043263252929,0.47899025923838107,0.4609140670869118,0.3633799241573597,True,1.0,0.8483486381184526,0.17194268577140953,chem
CPC002 VCAP 24H-gw 843682x-10.0,gw 843682x,VCAP,24H,10.0,75,33,0,1,1.0,0.8123241056819546,0.0,0.5997699827487062,0.09027065890486403,0.49331962931912265,-0.40304897041425863,0.9811704422572142,False,1.0,-0.7812091976929704,0.7254248583805398,chem
CPC002 VCAP 24H-testosterone propionate-10.0,testosterone propionate,VCAP,24H,10.0,119,183,0,4,1.0,0.2643967226476617,0.0,1.5669817265280404,0.5777439324876731,2.042711736504542,-1.4649678040168688,0.6161248901571484,True,1.0,0.15374185612683042,0.3462179273575475,chem
CPC002 VCAP 24H-nortriptyline hydrochloride-10.0,nortriptyline hydrochloride,VCAP,24H,10.0,87,115,4,0,0.05747151511920751,1.0,2.901824901824902,0.0,1.2405473534276796,0.3128756357810098,0.9276717176466698,0.2216369350116354,True,1.0,1.424967973465875,0.0959680106631123,chem
CPC002 VCAP 24H-mefenamic acid-10.0,mefenamic acid,VCAP,24H,10.0,55,47,0,0,1.0,1.0,0.0,0.0,-0.0,0.18795264439741394,-0.18795264439741394,1.0,False,1.0,-0.9543441206638258,1.0,chem
CPC002 VCAP 24H-ml-7-10.0,ml-7,VCAP,24H,10.0,38,25,0,1,1.0,0.5705325120706206,0.0,1.2066321640789726,0.24371960205988408,0.41478257879929925,-0.17106297673941517,0.8907068697891558,True,1.0,-0.48690126557625846,0.6077974008663779,chem
CPC002 VCAP 24H-aloisine a-10.0,aloisine a,VCAP,24H,10.0,41,74,0,1,1.0,0.5983406945291184,0.0,1.1156028368794326,0.2230514587851949,0.09255340244080514,0.13049805634438977,0.9056454619772062,True,1.0,-0.5265418025705121,0.6214595134955015,chem
CPC002 VCAP 24H-pp 2-10.0,pp 2,VCAP,24H,10.0,37,46,0,1,1.0,0.5608447625414748,0.0,1.2403467297084318,0.25115733143770075,-0.0,0.25115733143770075,0.8851875294433746,True,1.0,-0.47263604674957976,0.6011329556814395,chem
CPC002 VCAP 24H-quercetin-10.0,quercetin,VCAP,24H,10.0,27,46,0,1,1.0,0.4512024049980868,0.0,1.7201309328968903,0.3456285941430332,0.1932981984307902,0.152330395712243,0.8102869879520673,True,1.0,-0.2914445611674814,0.5174941686104632,chem
CPC002 VCAP 24H-beclomethasone dipropionate-10.0,beclomethasone dipropionate,VCAP,24H,10.0,69,24,0,1,1.0,0.78529018296315,0.0,0.6533166458072591,0.1049698316977878,0.2313882898700793,-0.12641845817229153,0.9750963669568261,False,1.0,-0.7530168683124985,0.7190936354548484,chem
CPC002 VCAP 24H-deoxycorticosterone-10.0,deoxycorticosterone,VCAP,24H,10.0,58,54,0,1,1.0,0.7253026271272716,0.0,0.7807639666542242,0.13948074947219694,0.15515819823734667,-0.015677448765149732,0.9582453842687312,False,1.0,-0.6868265340110402,0.6874375208263912,chem
CPC002 VCAP 24H-parthenolide-10.0,parthenolide,VCAP,24H,10.0,193,114,2,3,0.42551299213618554,0.8016791668531689,1.4017857142857142,0.6976902688375616,0.4670865773347036,0.7853306338818294,-0.31824405654712584,0.7080069801190625,True,1.0,-0.058493801538626704,0.425191602799067,chem
CPC002 VCAP 24H-formoterol hemifumarate-10.0,formoterol hemifumarate,VCAP,24H,10.0,39,43,1,0,0.4230017123766502,1.0,1.866549088771311,0.0,0.37365787452986343,1.1707792875191945,-0.797121412989331,0.7869435245693329,True,1.0,-0.2376857057478399,0.493835388203932,chem
CPC002 VCAP 6H-norethynodrel-10.0,norethynodrel,VCAP,6H,10.0,46,37,0,1,1.0,0.6407694557263302,0.0,0.9908589440504334,0.1932981984307902,0.7113695277194034,-0.5180713292886132,0.9259666814856249,False,1.0,-0.5836071713413398,0.6467844051982673,chem
CPC002 VCAP 6H-trichostatin a-10.0,trichostatin a,VCAP,6H,10.0,87,68,0,2,1.0,0.5731589146951137,0.0,1.0499159663865547,0.2417249483526789,0.5268464475246962,-0.28512149917201735,0.8921747319014167,True,1.0,-0.4907269185640632,0.6101299566811063,chem
CPC002 VCAP 6H-geldanamycin-10.0,geldanamycin,VCAP,6H,10.0,76,35,0,2,1.0,0.49997088260222594,0.0,1.2081081081081082,0.3010552874507807,0.6015635496408298,-0.3005082621900491,0.8465534067899609,True,1.0,-0.37693408915300974,0.5578140619793402,chem
CPC002 VCAP 6H-medrysone-10.0,medrysone,VCAP,6H,10.0,38,35,0,1,1.0,0.5705325120706206,0.0,1.2066321640789726,0.24371960205988408,0.7484799185575953,-0.5047603164977112,0.8907068697891558,True,1.0,-0.48690126557625846,0.6077974008663779,chem
CPC002 VCAP 6H-danazol-10.0,danazol,VCAP,6H,10.0,34,35,0,1,1.0,0.5304603602039942,0.0,1.3537502686438856,0.2753470641431871,0.7484799185575953,-0.4731328544144082,0.8667775572045433,True,1.0,-0.4262412651067009,0.5821392869043652,chem
CPC002 VCAP 6H-procaterol hydrochloride-10.0,procaterol hydrochloride,VCAP,6H,10.0,35,19,0,0,1.0,1.0,0.0,0.0,-0.0,-0.0,0.0,1.0,False,1.0,-0.9543441206638258,1.0,chem
CPC002 VCAP 6H-pheniramine maleate-10.0,pheniramine maleate,VCAP,6H,10.0,27,40,0,1,1.0,0.4512024049980868,0.0,1.7201309328968903,0.3456285941430332,0.2296813124583833,0.1159472816846499,0.8102869879520673,True,1.0,-0.2914445611674814,0.5174941686104632,chem
CPC002 VCAP 6H-puromycin hydrochloride-10.0,puromycin hydrochloride,VCAP,6H,10.0,80,55,0,2,1.0,0.527493035028704,0.0,1.1454212454212453,0.2777832703782703,0.46753073115595595,-0.18974746077768567,0.8648879283045416,True,1.0,-0.4215687349183839,0.5784738420526491,chem
CPC002 VCAP 6H-camptothecin-10.0,camptothecin,VCAP,6H,10.0,106,61,1,4,0.5421496516795823,0.20300652397615374,1.302880658436214,1.7703893151463483,0.9583708219520037,0.2573919945967401,0.7009788273552636,0.35293247579862536,True,1.0,0.8837665173791075,0.16694435188270576,chem
CPC002 VCAP 6H-cgp 37157-10.0,cgp 37157,VCAP,6H,10.0,11,15,1,0,0.17420818834684237,1.0,5.624338624338624,0.0,0.7589314356069268,-0.0,0.7589314356069268,0.4786377309400268,True,1.0,0.5012510554215232,0.24358547150949683,chem
CPC002 VCAP 6H-megestrol acetate-10.0,megestrol acetate,VCAP,6H,10.0,36,23,0,2,1.0,0.1863863869089493,0.0,2.646218487394958,0.7295858103630471,0.3978441791525614,0.3317416312104858,0.49950310563322653,True,1.0,0.4449675118230957,0.2575808063978674,chem
CPC002 VCAP 6H-norethindrone-10.0,norethindrone,VCAP,6H,10.0,55,55,0,2,1.0,0.34077621024715454,0.0,1.6924528301886792,0.46753073115595595,0.7638804114753315,-0.29634968031937553,0.7076317826209719,True,1.0,-0.05764193517847551,0.42452515828057313,chem
CPC002 VCAP 6H-mifepristone-10.0,mifepristone,VCAP,6H,10.0,10,32,0,1,1.0,0.1990335100833351,0.0,4.982663514578408,0.701073797866221,0.29323652981680803,0.407837268049413,0.5203297379452708,True,1.0,0.39028279868076066,0.27090969676774407,chem
CPC002 VCAP 6H-duremesin-10.0,duremesin,VCAP,6H,10.0,24,29,0,0,1.0,1.0,0.0,0.0,-0.0,-0.0,0.0,1.0,False,1.0,-0.9543441206638258,1.0,chem
CPC002 VCAP 6H-norgestrel-10.0,norgestrel,VCAP,6H,10.0,47,33,0,3,1.0,0.0833348121186535,0.0,3.0843688685415303,1.0791735393763502,0.7884679027740765,0.29070563660227366,0.29041256211268823,True,1.0,1.1154605077594888,0.13062312562479172,chem
CPC002 VCAP 6H-sq 22536-10.0,sq 22536,VCAP,6H,10.0,30,26,0,2,1.0,0.1397396991844395,0.0,3.216326530612245,0.8546801959799054,-0.0,0.8546801959799054,0.41474377697453224,True,1.0,0.6848927220809133,0.2015994668443852,chem
CPC002 VCAP 6H-cymarin-10.0,cymarin,VCAP,6H,10.0,32,45,2,0,0.11072197576051265,1.0,3.691279069767442,0.0,0.9557661731200451,0.6729955523859359,0.2827706207341092,0.35439147528800174,True,1.0,0.8787709221285782,0.1692769076974342,chem
CPC002 VCAP 6H-wortmannin-10.0,wortmannin,VCAP,6H,10.0,28,30,1,1,0.31837322969696735,0.4632900827536739,2.7088122605363987,1.6561597058050959,0.8312104531608095,-0.0,0.8312104531608095,0.42980263989267853,True,1.0,0.6398788475348952,0.21159613462179275,chem
CPC002 VCAP 6H-cinobufagin-10.0,cinobufagin,VCAP,6H,10.0,35,55,0,0,1.0,1.0,0.0,0.0,-0.0,0.9104269674816843,-0.9104269674816843,1.0,False,1.0,-0.9543441206638258,1.0,chem
CPC002 VCAP 6H-mdl 72222-10.0,mdl 72222,VCAP,6H,10.0,26,27,0,1,1.0,0.4388444509082874,0.0,1.7892198581560284,0.35768938883102475,-0.0,0.35768938883102475,0.800281240870174,True,1.0,-0.26831251821348673,0.5091636121292903,chem
CPC002 VCAP 6H-sp 600125-10.0,sp 600125,VCAP,6H,10.0,28,22,0,0,1.0,1.0,0.0,0.0,-0.0,0.9346281945989127,-0.9346281945989127,1.0,False,1.0,-0.9543441206638258,1.0,chem
CPC002 VCAP 6H-sc-10-10.0,sc-10,VCAP,6H,10.0,15,37,1,0,0.3768461025365561,1.0,2.179698216735254,0.0,0.4238359719820018,-0.0,0.4238359719820018,0.7446171445637295,True,1.0,-0.14144644990773497,0.4595134955014995,chem
CPC002 VCAP 6H-nobiletin-10.0,nobiletin,VCAP,6H,10.0,36,46,1,0,0.44479629002890175,1.0,1.741289437585734,0.0,0.3518388437881739,-0.0,0.3518388437881739,0.8051430568568094,True,1.0,-0.2795335913464415,0.5131622792402533,chem
CPC002 VCAP 6H-minoxidil-10.0,minoxidil,VCAP,6H,10.0,44,21,0,0,1.0,1.0,0.0,0.0,-0.0,-0.0,0.0,1.0,False,1.0,-0.9543441206638258,1.0,chem
CPC002 VCAP 6H-aminopurvalanol a-10.0,aminopurvalanol a,VCAP,6H,10.0,47,81,0,0,1.0,1.0,0.0,0.0,-0.0,0.9266196037699287,-0.9266196037699287,1.0,False,1.0,-0.9543441206638258,1.0,chem
CPC002 VCAP 6H-thm-i-94-10.0,thm-i-94,VCAP,6H,10.0,68,70,0,3,1.0,0.18688175891338424,0.0,2.080907581627006,0.7284330870099992,0.7031715875706519,0.0252614994393473,0.5003346399045383,True,1.0,0.4427566420747426,0.2582472509163612,chem
CPC002 VCAP 6H-fccp-10.0,fccp,VCAP,6H,10.0,89,27,0,2,1.0,0.5856094367718828,0.0,1.0254515599343186,0.23239193347812376,0.16690461887254393,0.06548731460557983,0.8989703357592432,True,1.0,-0.5086272067750413,0.6141286237920693,chem
CPC002 VCAP 6H-bay 11-7821-10.0,bay 11-7821,VCAP,6H,10.0,22,27,0,0,1.0,1.0,0.0,0.0,-0.0,-0.0,0.0,1.0,False,1.0,-0.9543441206638258,1.0,chem
CPC002 VCAP 6H-papaverine hydrochloride-10.0,papaverine hydrochloride,VCAP,6H,10.0,21,23,0,0,1.0,1.0,0.0,0.0,-0.0,0.6286163762503125,-0.6286163762503125,1.0,False,1.0,-0.9543441206638258,1.0,chem
CPC002 VCAP 6H-brl 54443-10.0,brl 54443,VCAP,6H,10.0,32,39,0,0,1.0,1.0,0.0,0.0,-0.0,0.710729025776855,-0.710729025776855,1.0,False,1.0,-0.9543441206638258,1.0,chem
CPC002 VCAP 6H-u-0126-10.0,u-0126,VCAP,6H,10.0,29,29,0,0,1.0,1.0,0.0,0.0,-0.0,-0.0,0.0,1.0,False,1.0,-0.9543441206638258,1.0,chem
CPC002 VCAP 6H-tranilast-10.0,tranilast,VCAP,6H,10.0,28,23,0,1,1.0,0.4632900827536739,0.0,1.6561597058050959,0.3341469962601578,0.3978441791525614,-0.06369718289240356,0.8197463491810851,True,1.0,-0.3134657316025945,0.5271576141286238,chem
CPC002 VCAP 6H-mefexamide hydrochloride-10.0,mefexamide hydrochloride,VCAP,6H,10.0,27,35,0,1,1.0,0.4512024049980868,0.0,1.7201309328968903,0.3456285941430332,0.26695242495467336,0.07867616918835985,0.8102869879520673,True,1.0,-0.2914445611674814,0.5174941686104632,chem
CPC002 VCAP 6H-rs 56812 hydrochloride-10.0,rs 56812 hydrochloride,VCAP,6H,10.0,14,33,1,0,0.3440685854951422,1.0,2.4537037037037037,0.0,0.4633549779716965,0.786239969005513,-0.32288499103381646,0.7111602675128056,True,1.0,-0.06565083546427046,0.42852382539153616,chem
CPC002 VCAP 6H-ski ii-10.0,ski ii,VCAP,6H,10.0,46,28,1,0,0.3006931742591438,1.0,2.910379515317787,0.0,0.5218764302807071,0.3518388437881739,0.17003758649253314,0.6620256040529326,True,1.0,0.04659058672742235,0.3855381539486838,chem
CPC002 VCAP 6H-jlk 6-10.0,jlk 6,VCAP,6H,10.0,36,24,0,1,1.0,0.550940054199812,0.0,1.2759878419452888,0.2588956525938111,-0.0,0.2588956525938111,0.8793715466909027,True,1.0,-0.45779430688038386,0.5958013995334889,chem
CPC002 VCAP 6H-cilostamide-10.0,cilostamide,VCAP,6H,10.0,26,39,0,0,1.0,1.0,0.0,0.0,-0.0,0.23656599957603974,-0.23656599957603974,1.0,False,1.0,-0.9543441206638258,1.0,chem
"CPC002 VCAP 6H-r(-)-2,11-dihydroxy-10-methoxyaporphine-10.0","r(-)-2,11-dihydroxy-10-methoxyaporphine",VCAP,6H,10.0,30,35,1,1,0.3606648044546297,0.4866779630748387,2.308641975308642,1.5414526779163609,0.7556545546223294,-0.0,0.7556545546223294,0.48093844601833036,True,1.0,0.49496615018502943,0.24425191602799068,chem
CPC002 VCAP 6H-ly 225910-10.0,ly 225910,VCAP,6H,10.0,43,53,0,0,1.0,1.0,0.0,0.0,-0.0,-0.0,0.0,1.0,False,1.0,-0.9543441206638258,1.0,chem
CPC002 VCAP 6H-tracazolate hydrochloride-10.0,tracazolate hydrochloride,VCAP,6H,10.0,21,22,1,0,0.24488981103905827,1.0,3.7454438565549677,0.0,0.6110292838894394,-0.0,0.6110292838894394,0.5894367765341211,True,1.0,0.21758161115815383,0.32355881372875706,chem
CPC002 VCAP 6H-methotrimeprazine maleat salt-10.0,methotrimeprazine maleat salt,VCAP,6H,10.0,31,57,0,1,1.0,0.49798952875506386,0.0,1.4898345153664303,0.3027797890710162,0.14321894434703947,0.15956084472397675,0.8451759903818608,True,1.0,-0.37362657529629517,0.5541486171276241,chem
CPC002 VCAP 6H-felamidin-10.0,felamidin,VCAP,6H,10.0,25,23,0,1,1.0,0.42621022100959977,0.0,1.864066193853428,0.3703761396174927,-0.0,0.3703761396174927,0.789691920411482,True,1.0,-0.24397992059192203,0.4971676107964012,chem
CPC002 VCAP 6H-nsc 632839 hydrochloride-10.0,nsc 632839 hydrochloride,VCAP,6H,10.0,155,40,0,2,1.0,0.8593822795030145,0.0,0.576937441643324,0.065813605729381,0.2928463427560011,-0.22703273702662008,0.9896142968801724,False,1.0,-0.8281166875573566,0.7417527490836388,chem
CPC002 VCAP 6H-bcl-2 inhibitor-10.0,bcl-2 inhibitor,VCAP,6H,10.0,32,18,0,0,1.0,1.0,0.0,0.0,-0.0,-0.0,0.0,1.0,False,1.0,-0.9543441206638258,1.0,chem
CPC002 VCAP 6H-betamethasone-10.0,betamethasone,VCAP,6H,10.0,30,25,0,1,1.0,0.4866779630748387,0.0,1.5414526779163609,0.31275831829660106,-0.0,0.31275831829660106,0.8371603837039141,True,1.0,-0.3544882205995071,0.5474841719426857,chem
CPC002 VCAP 6H-mdl-28170-10.0,mdl-28170,VCAP,6H,10.0,76,51,0,1,1.0,0.8164888153230178,0.0,0.5916784869976359,0.08804976007215684,0.5108918539281119,-0.42284209385595506,0.9820254437778243,False,1.0,-0.7854687783030118,0.7280906364545152,chem
CPC002 VCAP 6H-jte 013-10.0,jte 013,VCAP,6H,10.0,57,45,1,0,0.4376233415150166,1.0,1.7811447811447811,0.0,0.3588995220932153,-0.0,0.3588995220932153,0.7992738221710531,True,1.0,-0.2659915389310087,0.506164611796068,chem
CPC002 VCAP 6H-capsazepine-10.0,capsazepine,VCAP,6H,10.0,44,32,0,0,1.0,1.0,0.0,0.0,-0.0,0.36616924479985585,-0.36616924479985585,1.0,False,1.0,-0.9543441206638258,1.0,chem
CPC002 VCAP 6H-pp 1-10.0,pp 1,VCAP,6H,10.0,16,33,0,0,1.0,1.0,0.0,0.0,-0.0,0.2841007277695349,-0.2841007277695349,1.0,False,1.0,-0.9543441206638258,1.0,chem
CPC002 VCAP 6H-rs 67506 hydrochloride-10.0,rs 67506 hydrochloride,VCAP,6H,10.0,29,53,0,1,1.0,0.47511335427849205,0.0,1.596757852077001,0.3232027624497683,-0.0,0.3232027624497683,0.8286935975885885,True,1.0,-0.3344562627532951,0.538487170943019,chem
CPC002 VCAP 6H-fenbendazole-10.0,fenbendazole,VCAP,6H,10.0,17,30,0,0,1.0,1.0,0.0,0.0,-0.0,-0.0,0.0,1.0,False,1.0,-0.9543441206638258,1.0,chem
CPC002 VCAP 6H-alprostadil-10.0,alprostadil,VCAP,6H,10.0,32,30,0,0,1.0,1.0,0.0,0.0,-0.0,-0.0,0.0,1.0,False,1.0,-0.9543441206638258,1.0,chem
CPC002 VCAP 6H-remoxipride hydrochloride-10.0,remoxipride hydrochloride,VCAP,6H,10.0,23,20,1,1,0.22532848983783352,0.40008827198770297,4.14100064977258,2.0341715022566085,1.0450280731050385,0.5943349342152388,0.4506931388897998,0.30707926646665323,True,1.0,1.0499710924344285,0.13995334888370542,chem
CPC002 VCAP 6H-doxepin hydrochloride-10.0,doxepin hydrochloride,VCAP,6H,10.0,27,32,0,0,1.0,1.0,0.0,0.0,-0.0,0.29323652981680803,-0.29323652981680803,1.0,False,1.0,-0.9543441206638258,1.0,chem
CPC002 VCAP 6H-BRD-K56515112 (medrysone)-10.0,brd-k56515112 (medrysone),VCAP,6H,10.0,27,30,0,1,1.0,0.4512024049980868,0.0,1.7201309328968903,0.3456285941430332,0.31275831829660106,0.03287027584643215,0.8102869879520673,True,1.0,-0.2914445611674814,0.5174941686104632,chem
CPC002 VCAP 6H-z-prolyl-prolinal-10.0,z-prolyl-prolinal,VCAP,6H,10.0,20,19,0,1,1.0,0.35867553496041954,0.0,2.356476297125793,0.44529824527564915,-0.0,0.44529824527564915,0.7264388683586092,True,1.0,-0.10028280849251912,0.4428523825391536,chem
CPC002 VCAP 6H-mg-132-10.0,mg-132,VCAP,6H,10.0,95,96,0,1,1.0,0.8802718869613024,0.0,0.4706503696997133,0.05538316788419342,0.1519717624032751,-0.09658859451908167,0.9925280811585249,False,1.0,-0.8481217819566569,0.7454181939353549,chem
CPC002 VCAP 6H-pravastatin sodium salt-10.0,pravastatin sodium salt,VCAP,6H,10.0,32,32,0,0,1.0,1.0,0.0,0.0,-0.0,-0.0,0.0,1.0,False,1.0,-0.9543441206638258,1.0,chem
CPC002 VCAP 6H-r(+)-6-bromo-apb-10.0,r(+)-6-bromo-apb,VCAP,6H,10.0,33,36,1,0,0.36880667214133844,1.0,2.2423280423280425,0.0,0.4332012306554081,-0.0,0.4332012306554081,0.7366849457620127,True,1.0,-0.1234843195910483,0.4521826057980673,chem
CPC002 VCAP 6H-imodium-10.0,imodium,VCAP,6H,10.0,47,20,1,1,0.22532848983783352,0.6487051647006395,4.14100064977258,0.9691643539932162,0.835136538349891,0.924458626327369,-0.08932208797747798,0.4272560853429235,True,1.0,0.6474088962244147,0.20826391202932357,chem
CPC002 VCAP 6H-sb 431542-10.0,sb 431542,VCAP,6H,10.0,33,28,0,1,1.0,0.519875405631676,0.0,1.3962765957446808,0.2841007277695349,-0.0,0.2841007277695349,0.8599602725684471,True,1.0,-0.40945214562926635,0.5761412862379207,chem
CPC002 VCAP 6H-u 99194 maleate-10.0,u 99194 maleate,VCAP,6H,10.0,19,42,0,0,1.0,1.0,0.0,0.0,-0.0,0.216663377403777,-0.216663377403777,1.0,False,1.0,-0.9543441206638258,1.0,chem
CPC002 VCAP 6H-h-9 dihydrochloride-10.0,h-9 dihydrochloride,VCAP,6H,10.0,27,21,2,0,0.02847982596024548,1.0,8.385526315789473,0.0,1.545462668993607,-0.0,1.545462668993607,0.12982697559038875,True,1.0,2.009781359272416,0.050983005664778404,chem
CPC002 VCAP 6H-BRD-K80334323 (norethynodrel)-10.0,brd-k80334323 (norethynodrel),VCAP,6H,10.0,47,45,0,1,1.0,0.6487051647006395,0.0,0.9691643539932162,0.18795264439741394,0.19883252618512057,-0.01087988178770663,0.9294498119856278,False,1.0,-0.5938596952182346,0.6511162945684772,chem
CPC002 VCAP 6H-gliquidone-10.0,gliquidone,VCAP,6H,10.0,28,21,1,1,0.2351709230317128,0.4632900827536739,3.933333333333333,1.6561597058050959,0.9627633725104703,-0.0,0.9627633725104703,0.35048279818830763,True,1.0,0.8921912249398132,0.1656114628457181,chem
CPC002 VCAP 6H-vorinostat-10.0,vorinostat,VCAP,6H,10.0,95,91,0,3,1.0,0.34633333593147414,0.0,1.4638723803565843,0.4605057039044729,0.22344974684536567,0.2370559570591072,0.7135691247671176,True,1.0,-0.07111561053223042,0.4315228257247584,chem
CPC002 VCAP 6H-benzamil hydrochloride-10.0,benzamil hydrochloride,VCAP,6H,10.0,34,34,0,1,1.0,0.5304603602039942,0.0,1.3537502686438856,0.2753470641431871,-0.0,0.2753470641431871,0.8667775572045433,True,1.0,-0.4262412651067009,0.5821392869043652,chem
CPC002 VCAP 6H-testosterone propionate-10.0,testosterone propionate,VCAP,6H,10.0,44,29,0,1,1.0,0.6243601472782201,0.0,1.037275276265875,0.20456482561205844,0.3232027624497683,-0.11863793683770987,0.9184512075361329,True,1.0,-0.5619983047080963,0.6371209596801066,chem
CPC002 VCAP 6H-nefazodone hydrochloride-10.0,nefazodone hydrochloride,VCAP,6H,10.0,6,35,0,1,1.0,0.12464001894863175,0.0,8.974468085106382,0.9043424936470758,0.26695242495467336,0.6373900686924023,0.3841811143138144,True,1.0,0.7801426979365558,0.18227257580806397,chem
CPC002 VCAP 6H-nortriptyline hydrochloride-10.0,nortriptyline hydrochloride,VCAP,6H,10.0,39,26,1,2,0.28256026853690286,0.21046312660341557,3.1441975308641976,2.4305019305019306,1.2257128874485317,0.35768938883102475,0.8680234986175069,0.22730700371392673,True,1.0,1.3965161580501888,0.09863378873708764,chem
CPC002 VCAP 6H-aloisine a-10.0,aloisine a,VCAP,6H,10.0,18,30,0,1,1.0,0.329502428825324,0.0,2.634543178973717,0.4821413797906146,0.31275831829660106,0.16938306149401355,0.6953066522222757,True,1.0,-0.029619391014022094,0.41686104631789406,chem
CPC002 VCAP 6H-trapidil-10.0,trapidil,VCAP,6H,10.0,24,30,1,2,0.31837322969696735,0.09636610431010836,2.7088122605363987,4.097402597402597,1.5131391543224968,-0.0,1.5131391543224968,0.13757489856673255,True,1.0,1.9477863623307416,0.055314895034988334,chem
CPC002 VCAP 6H-quercetin-10.0,quercetin,VCAP,6H,10.0,26,28,2,1,0.048437326356393445,0.4388444509082874,6.121153846153846,1.7892198581560284,1.672509225885833,-0.0,1.672509225885833,0.1031170634647047,True,1.0,2.253450743190724,0.038320559813395536,chem
CPC002 VCAP 6H-sb 239063-10.0,sb 239063,VCAP,6H,10.0,47,14,0,0,1.0,1.0,0.0,0.0,-0.0,0.3449779838598578,-0.3449779838598578,1.0,False,1.0,-0.9543441206638258,1.0,chem
CPC002 VCAP 6H-parthenolide-10.0,parthenolide,VCAP,6H,10.0,66,62,0,1,1.0,0.7703571921696406,0.0,0.6837970540098199,0.11330785843939327,2.627470126974572,-2.5141622685351788,0.9713441429952586,False,1.0,-0.7370249210380446,0.7110963012329223,chem
CPC002 VCAP 6H-formoterol hemifumarate-10.0,formoterol hemifumarate,VCAP,6H,10.0,17,43,0,0,1.0,1.0,0.0,0.0,-0.0,0.6144050008361067,-0.6144050008361067,1.0,False,1.0,-0.9543441206638258,1.0,chem
CPC003 HA1E 24H-flumethasone-10.0,flumethasone,HA1E,24H,10.0,39,79,1,2,0.6369316207732983,0.21046312660341557,0.9993668882557771,2.4305019305019306,0.8727311719097817,0.28340574282619463,0.589325429083587,0.40343040723610724,True,1.0,0.719513653899541,0.19726757747417528,chem
CPC003 HA1E 24H-mesoridazine besylate-10.0,mesoridazine besylate,HA1E,24H,10.0,96,57,0,3,1.0,0.35236920952048756,0.0,1.4478997447203528,0.4530020478183543,0.14963907412534697,0.30336297369300735,0.7199169913881723,True,1.0,-0.0855072737174864,0.4351882705764745,chem
CPC003 HA1E 24H-rhizocarpic acid-10.0,rhizocarpic acid,HA1E,24H,10.0,108,26,0,2,1.0,0.6906105767089603,0.0,0.8390835579514825,0.1607667747106249,0.35768938883102475,-0.19692261412039985,0.9462602329329548,False,1.0,-0.646000928163908,0.6717760746417861,chem
CPC003 HA1E 24H-trichostatin a-10.0,trichostatin a,HA1E,24H,10.0,160,148,0,5,1.0,0.274051040618932,0.0,1.4544384271250295,0.5621685444978132,0.07486824669680443,0.48730029780100875,0.6287939191093312,True,1.0,0.12386898677392617,0.3572142619126958,chem
CPC003 HA1E 24H-geldanamycin-10.0,geldanamycin,HA1E,24H,10.0,171,184,2,4,0.6823742733894129,0.520138042868576,0.853021978021978,1.0700338453527727,0.44985873592261405,0.05748421846382549,0.39237451745878854,0.7225775839929747,True,1.0,-0.09153599965728385,0.43752082639120293,chem
CPC003 HA1E 24H-hydrocortisone valerate-10.0,hydrocortisone valerate,HA1E,24H,10.0,49,40,0,3,1.0,0.09180422147250257,0.0,2.949327494526118,1.0371373479919974,0.2296813124583833,0.8074560355336141,0.31104160707131867,True,1.0,1.034837048868065,0.14128623792069311,chem
CPC003 HA1E 24H-securinine-10.0,securinine,HA1E,24H,10.0,68,90,1,3,0.6850167188736285,0.18688175891338424,0.8743237619642114,2.080907581627006,0.8927319157716569,0.06247474198817105,0.8302571737834858,0.3911680139292223,True,1.0,0.7578741498779191,0.18560479840053315,chem
CPC003 HA1E 24H-remacemide hydrochloride-10.0,remacemide hydrochloride,HA1E,24H,10.0,73,33,0,2,1.0,0.4786741886222464,0.0,1.259758551307847,0.31995999019332333,-0.0,0.31995999019332333,0.831330266650633,True,1.0,-0.3406757490364663,0.5398200599800067,chem
CPC003 HA1E 24H-biperiden hydrochloride-10.0,biperiden hydrochloride,HA1E,24H,10.0,108,46,0,3,1.0,0.4239784715777087,0.0,1.2799588900308325,0.3726561950873998,-0.0,0.3726561950873998,0.7877827808673615,True,1.0,-0.239606880304627,0.4948350549816728,chem
CPC003 HA1E 24H-eplerenone-10.0,eplerenone,HA1E,24H,10.0,60,43,1,0,0.4230017123766502,1.0,1.866549088771311,0.0,0.37365787452986343,-0.0,0.37365787452986343,0.7869435245693329,True,1.0,-0.2376857057478399,0.493835388203932,chem
CPC003 HA1E 24H-methoprene acid-10.0,methoprene acid,HA1E,24H,10.0,102,56,1,6,0.5117356325563969,0.024159424937484155,1.4224466891133558,2.8658088235294117,1.9078677490696785,-0.0,1.9078677490696785,0.06667528995665527,True,1.0,2.704857438082742,0.02165944685104965,chem
CPC003 HA1E 24H-bongkrekic acid-10.0,bongkrekic acid,HA1E,24H,10.0,56,36,0,1,1.0,0.7127304507454809,0.0,0.8094132817537073,0.1470746859789352,0.2588956525938111,-0.1118209666148759,0.9540980287345754,False,1.0,-0.6722617171802987,0.6814395201599467,chem
CPC003 HA1E 24H-vitexin-10.0,vitexin,HA1E,24H,10.0,82,33,0,3,1.0,0.2679948788549785,0.0,1.7083143611692924,0.5718735048752182,-0.0,0.5718735048752182,0.6208871605799575,True,1.0,0.14248264915062428,0.352215928023992,chem
CPC003 HA1E 24H-ivermectin-10.0,ivermectin,HA1E,24H,10.0,102,93,0,1,1.0,0.8977353449218803,0.0,0.4375394986307141,0.046851675783073976,0.6124186601140883,-0.5655669843310143,0.9945830072153558,False,1.0,-0.8644847867876119,0.748750416527824,chem
CPC003 HA1E 24H-testosterone propionate-10.0,testosterone propionate,HA1E,24H,10.0,73,46,0,3,1.0,0.21515601867064685,0.0,1.9307297019527236,0.6672465006672248,-0.0,0.6672465006672248,0.54571997132861,True,1.0,0.3254036168301796,0.28490503165611464,chem
CPC003 HA1E 24H-cgk 733-10.0,cgk 733,HA1E,24H,10.0,128,130,1,1,0.8124940689332948,0.9431489389691979,0.5993875011962867,0.3465125369967052,0.11559952010741632,0.35489986741290874,-0.23930034730549243,0.9702756918599247,False,1.0,-0.7326296206028657,0.7080973008997001,chem
CPC003 HA1E 24H-vinblastine sulfate-10.0,vinblastine sulfate,HA1E,24H,10.0,106,177,0,1,1.0,0.906553002549182,0.0,0.4206011482607227,0.042606799354774696,1.3949563928178546,-1.3523495934630798,0.9954910929315649,False,1.0,-0.8726262622387764,0.7520826391202933,chem
CPC003 HA1E 24H-vincristine sulfate-10.0,vincristine sulfate,HA1E,24H,10.0,106,141,1,4,0.8375145680826824,0.20300652397615374,0.5513227513227513,1.7703893151463483,0.7694976349594502,0.42722917281754197,0.34226846214190826,0.47126973338585787,True,1.0,0.5215165340741363,0.23492169276907698,chem
CPC003 HA1E 24H-dibenzyline-10.0,dibenzyline,HA1E,24H,10.0,40,57,1,0,0.5179739744277554,1.0,1.3968253968253967,0.0,0.28569206080759085,0.14321894434703947,0.14247311646055139,0.8587129392666633,True,1.0,-0.40640004291607845,0.5731422859046984,chem
CPC003 HA1E 24H-sulconazole nitrate-10.0,sulconazole nitrate,HA1E,24H,10.0,46,62,0,0,1.0,1.0,0.0,0.0,-0.0,0.4774549987465828,-0.4774549987465828,1.0,False,1.0,-0.9543441206638258,1.0,chem
CPC003 HA1E 24H-dactinomycin-10.0,dactinomycin,HA1E,24H,10.0,170,200,3,3,0.4676350862043478,0.7264167395773017,1.1941785002891474,0.7967518201008056,0.4689070680681158,0.2418467308699181,0.22706033719819768,0.7064693012022623,True,1.0,-0.05500218502976029,0.4205264911696101,chem
CPC003 HA1E 24H-wortmannin-10.0,wortmannin,HA1E,24H,10.0,189,108,0,6,1.0,0.23431874521981502,0.0,1.482401157184185,0.6301929669733057,0.41205185117119975,0.218141115802106,0.5743323337425286,True,1.0,0.2543366635175235,0.30989670109963346,chem
CPC003 HA1E 24H-metaxalone-10.0,metaxalone,HA1E,24H,10.0,94,53,0,4,1.0,0.15092754127000327,0.0,2.010305958132045,0.8212315029003774,-0.0,0.8212315029003774,0.4363247929298465,True,1.0,0.620739685312863,0.214595134955015,chem
CPC003 HA1E 24H-ranolazine-10.0,ranolazine,HA1E,24H,10.0,56,27,0,3,1.0,0.12403072318748379,0.0,2.556943124745487,0.906470724046693,0.29095434170711326,0.6155163823395797,0.38291087049923234,True,1.0,0.7842245448043216,0.1809396867710763,chem
CPC003 HA1E 24H-hexylcaine hydrochloride-10.0,hexylcaine hydrochloride,HA1E,24H,10.0,83,43,0,1,1.0,0.8431813571287766,0.0,0.5405639162774607,0.07407900434405931,-0.0,0.07407900434405931,0.9870055087593451,False,1.0,-0.812264037650548,0.7374208597134289,chem
CPC003 HA1E 24H-ketoprofen-10.0,ketoprofen,HA1E,24H,10.0,64,20,0,3,1.0,0.16504127613086159,0.0,2.2187757990329047,0.7824074269735336,-0.0,0.7824074269735336,0.4623729844134049,True,1.0,0.5462769143908869,0.23192269243585473,chem
CPC003 HA1E 24H-mt-21-10.0,mt-21,HA1E,24H,10.0,48,26,0,0,1.0,1.0,0.0,0.0,-0.0,-0.0,0.0,1.0,False,1.0,-0.9543441206638258,1.0,chem
CPC003 HA1E 24H-p1075-10.0,p1075,HA1E,24H,10.0,108,50,0,4,1.0,0.21216858773060296,0.0,1.7357859531772575,0.6733189144266584,0.12465616560757334,0.548662748819085,0.5411092699611251,True,1.0,0.3370502238367232,0.2829056981006331,chem
CPC003 HA1E 24H-finasteride-10.0,finasteride,HA1E,24H,10.0,87,27,0,2,1.0,0.5731589146951137,0.0,1.0499159663865547,0.2417249483526789,-0.0,0.2417249483526789,0.8921747319014167,True,1.0,-0.4907269185640632,0.6101299566811063,chem
CPC003 HA1E 24H-ay 9944-10.0,ay 9944,HA1E,24H,10.0,100,55,1,3,0.5054175517404941,0.376440303204988,1.4490169181527206,1.387302529110732,0.7206535657700524,-0.0,0.7206535657700524,0.5059697723516817,True,1.0,0.4278358823620232,0.2619126957680773,chem
"CPC003 HA1E 24H-clomiphene citrate (z,e)-10.0","clomiphene citrate (z,e)",HA1E,24H,10.0,42,39,0,2,1.0,0.23483059403922776,0.0,2.2471428571428573,0.6292453232810424,0.23656599957603974,0.3926793237050027,0.5750745050714916,True,1.0,0.252519127015029,0.311562812395868,chem
CPC003 HA1E 24H-ly 364947-10.0,ly 364947,HA1E,24H,10.0,44,86,0,1,1.0,0.6243601472782201,0.0,1.037275276265875,0.20456482561205844,0.24654447591776416,-0.04197965030570572,0.9184512075361329,True,1.0,-0.5619983047080963,0.6371209596801066,chem
CPC003 HA1E 24H-nnc 26-9100-10.0,nnc 26-9100,HA1E,24H,10.0,119,95,2,2,0.3395302431592701,0.7408274836495669,1.6932795698924732,0.7588522588522588,0.5994044498329882,-0.0,0.5994044498329882,0.598694552210344,True,1.0,0.19528572040771855,0.33422192602465844,chem
CPC003 HA1E 24H-d 4476-10.0,d 4476,HA1E,24H,10.0,71,97,0,1,1.0,0.7947056866867112,0.0,0.6344478216818642,0.09979367928482703,0.4456330128464072,-0.3458393335615802,0.977315891807183,False,1.0,-0.7629444877646601,0.7220926357880706,chem
CPC003 HA1E 24H-lovastatin-10.0,lovastatin,HA1E,24H,10.0,107,106,0,1,1.0,0.908636776675755,0.0,0.4165663053659842,0.04160968928662406,0.042606799354774696,-0.0009971100681506334,0.9956931302038672,False,1.0,-0.8745386729482701,0.7520826391202933,chem
CPC003 HA1E 24H-danthron-10.0,danthron,HA1E,24H,10.0,61,35,0,3,1.0,0.14920631239604587,0.0,2.334656412800794,0.826212802997538,0.26695242495467336,0.5592603780428647,0.4330601736042704,True,1.0,0.6302935870909095,0.21326224591802734,chem
CPC003 HA1E 24H-lasalocid sodium salt-10.0,lasalocid sodium salt,HA1E,24H,10.0,129,135,1,1,0.8243065844495202,0.9444210553679332,0.5765616362631288,0.34375,0.10874557017645096,0.46371000880309815,-0.35496443862664717,0.9734238456533921,False,1.0,-0.7457751776170712,0.7147617460846385,chem
CPC003 HA1E 24H-nsc 3852-10.0,nsc 3852,HA1E,24H,10.0,179,177,2,5,0.6614878652873473,0.3562933707580289,0.8881428571428571,1.2916352042956625,0.6276703764652355,0.6345266696230184,-0.006856293157782911,0.5763090744038832,True,1.0,0.2494984523135703,0.31422859046984336,chem
"CPC003 HA1E 24H-ly-163,502-10.0","ly-163,502",HA1E,24H,10.0,71,36,0,0,1.0,1.0,0.0,0.0,-0.0,-0.0,0.0,1.0,False,1.0,-0.9543441206638258,1.0,chem
CPC003 HA1E 24H-vesamicol-10.0,vesamicol,HA1E,24H,10.0,89,40,0,1,1.0,0.8629671286518186,0.0,0.503223726627982,0.06400574671470423,-0.0,0.06400574671470423,0.9901500834467832,False,1.0,-0.8315840770175144,0.7440853048983672,chem
CPC003 HA1E 24H-sb 221284-10.0,sb 221284,HA1E,24H,10.0,80,51,0,4,1.0,0.09815434510397959,0.0,2.3859649122807016,1.0080904702574252,0.16829365667717439,0.8397968135802507,0.32599159387593873,True,1.0,0.9791264890900633,0.15294901699433522,chem
CPC003 HA1E 24H-BRD-K14844937-10.0,brd-k14844937,HA1E,24H,10.0,59,43,0,0,1.0,1.0,0.0,0.0,-0.0,0.4860525898343938,-0.4860525898343938,1.0,False,1.0,-0.9543441206638258,1.0,chem
CPC003 HA1E 24H-penfluridol-10.0,penfluridol,HA1E,24H,10.0,134,139,1,5,0.8332247081166421,0.1707812621104947,0.5594918590087672,1.7549369094098342,0.8467976413735371,0.22716153674619585,0.6196361046273412,0.4197574455572597,True,1.0,0.6697743491661278,0.20393202265911362,chem
CPC003 HA1E 24H-r-96544 hydrochloride-10.0,r-96544 hydrochloride,HA1E,24H,10.0,47,35,0,2,1.0,0.27572684290809535,0.0,1.9958730158730158,0.5595209518507488,0.26695242495467336,0.29256852689607543,0.6309580328570098,True,1.0,0.11879102728444477,0.36054648450516497,chem
CPC003 HA1E 24H-cccp-10.0,cccp,HA1E,24H,10.0,123,124,2,1,0.468478117705648,0.9363414876287647,1.2848360655737705,0.3610045343564702,0.35787642327373764,1.2636790532972884,-0.9058026300235507,0.8001255763476783,True,1.0,-0.26795379485614285,0.5068310563145618,chem
"CPC003 HA1E 24H-tyrphostin b44, (+) enantiomer-10.0","tyrphostin b44, (+) enantiomer",HA1E,24H,10.0,42,62,0,0,1.0,1.0,0.0,0.0,-0.0,-0.0,0.0,1.0,False,1.0,-0.9543441206638258,1.0,chem
CPC003 HA1E 24H-butein-10.0,butein,HA1E,24H,10.0,71,67,0,0,1.0,1.0,0.0,0.0,-0.0,0.3620163816928742,-0.3620163816928742,1.0,False,1.0,-0.9543441206638258,1.0,chem
CPC003 HA1E 24H-diflorasone diacetate-10.0,diflorasone diacetate,HA1E,24H,10.0,44,51,0,0,1.0,1.0,0.0,0.0,-0.0,-0.0,0.0,1.0,False,1.0,-0.9543441206638258,1.0,chem
CPC003 HA1E 24H-cgs 12066b-10.0,cgs 12066b,HA1E,24H,10.0,52,35,1,0,0.3606648044546297,1.0,2.308641975308642,0.0,0.44289623632572833,-0.0,0.44289623632572833,0.7284730339492311,True,1.0,-0.10488974987928945,0.44518493835388206,chem
CPC003 HA1E 24H-rg-14620-10.0,rg-14620,HA1E,24H,10.0,52,40,1,1,0.4003624230876708,0.6858468627899699,2.0110794555239,0.8734529272701989,0.5613195345400764,0.6604285614684814,-0.09910902692840495,0.6294875661807522,True,1.0,0.12224062518426332,0.3582139286904365,chem
CPC003 HA1E 24H-scriptaid-10.0,scriptaid,HA1E,24H,10.0,231,206,2,6,0.7413169359725631,0.39599692737961745,0.7583333333333333,1.197450980392157,0.5323042618037793,0.024832999866809775,0.5074712619369696,0.6533676886148273,True,1.0,0.06659068232219253,0.3772075974675108,chem
CPC003 HA1E 24H-fenretinide-10.0,fenretinide,HA1E,24H,10.0,108,102,0,3,1.0,0.4239784715777087,0.0,1.2799588900308325,0.3726561950873998,0.30509874773626944,0.06755744735113034,0.7877827808673615,True,1.0,-0.239606880304627,0.4948350549816728,chem
CPC003 HA1E 24H-chloroguanide hydrochloride-10.0,chloroguanide hydrochloride,HA1E,24H,10.0,80,39,0,1,1.0,0.8322496989743087,0.0,0.5613609839303348,0.0797463532560896,-0.0,0.0797463532560896,0.9850696892279829,False,1.0,-0.801394326171346,0.7337554148617128,chem
CPC003 HA1E 24H-flavokawain b-10.0,flavokawain b,HA1E,24H,10.0,55,70,0,3,1.0,0.11919804789072416,0.0,2.606530160486995,0.9237308569886403,0.6365860569673979,0.28714480002124243,0.37272858884288906,True,1.0,0.8173286765745368,0.17627457514161946,chem
CPC003 HA1E 24H-dau 5884 hydrochloride-10.0,dau 5884 hydrochloride,HA1E,24H,10.0,78,36,0,2,1.0,0.5138589275695541,0.0,1.17593984962406,0.2891560938204769,-0.0,0.2891560938204769,0.855989547373036,True,1.0,-0.3997561887985783,0.5704765078307231,chem
CPC003 HA1E 24H-cgp 71683 hydrochloride-10.0,cgp 71683 hydrochloride,HA1E,24H,10.0,135,128,2,3,0.4851373427432666,0.5727250987999217,1.2432539682539683,1.013734466971877,0.5561890790788754,0.10979258470812217,0.44639649437075324,0.6336856632445755,True,1.0,0.11240065035903704,0.3608797067644119,chem
CPC003 HA1E 24H-strophantine octahydrate-10.0,strophantine octahydrate,HA1E,24H,10.0,122,200,2,4,0.7262216472407699,0.2790639621018677,0.782070707070707,1.526406288381233,0.6932270537879004,0.02787910143030391,0.6653479523575965,0.5261547319695203,True,1.0,0.3752331086923024,0.2735754748417194,chem
CPC003 HA1E 24H-way 170523-10.0,way 170523,HA1E,24H,10.0,119,92,0,4,1.0,0.2643967226476617,0.0,1.5669817265280404,0.5777439324876731,0.21911907535533895,0.35862485713233416,0.6161248901571484,True,1.0,0.15374185612683042,0.3462179273575475,chem
CPC003 HA1E 24H-mrs 1220-10.0,mrs 1220,HA1E,24H,10.0,76,80,0,2,1.0,0.49997088260222594,0.0,1.2081081081081082,0.3010552874507807,0.5916040333700016,-0.29054874591922086,0.8465534067899609,True,1.0,-0.37693408915300974,0.5578140619793402,chem
CPC003 HA1E 24H-hinokitiol-10.0,hinokitiol,HA1E,24H,10.0,146,124,0,3,1.0,0.6262048296497553,0.0,0.9340946822961211,0.20328358717878142,0.11845953817691639,0.08482404900186503,0.9193173820405042,False,1.0,-0.564455660399789,0.6381206264578474,chem
CPC003 HA1E 24H-BRD-K37865504-10.0,brd-k37865504,HA1E,24H,10.0,82,83,0,1,1.0,0.8396184375627423,0.0,0.5473251028806584,0.07591803311507811,0.5622946594663188,-0.48637662635124074,0.9863902318244947,False,1.0,-0.8087368660482326,0.7357547484171942,chem
CPC003 HA1E 24H-clocortolone pivalate-10.0,clocortolone pivalate,HA1E,24H,10.0,48,59,0,0,1.0,1.0,0.0,0.0,-0.0,0.47416386766382057,-0.47416386766382057,1.0,False,1.0,-0.9543441206638258,1.0,chem
CPC003 HA1E 24H-bumetanide-10.0,bumetanide,HA1E,24H,10.0,99,40,0,4,1.0,0.17196946397267363,0.0,1.902974828375286,0.7645486624268016,-0.0,0.7645486624268016,0.47471110389028925,True,1.0,0.5120246350604378,0.2409196934355215,chem
CPC003 HA1E 24H-malonoben-10.0,malonoben,HA1E,24H,10.0,124,195,2,1,0.7130891578003598,0.9377648081698945,0.802979274611399,0.35801187799112033,0.17476223596734167,0.5913047620774803,-0.41654252611013864,0.9378020776058326,False,1.0,-0.6191582847621692,0.6587804065311563,chem
CPC003 HA1E 24H-sb 334867-10.0,sb 334867,HA1E,24H,10.0,47,55,0,1,1.0,0.6487051647006395,0.0,0.9691643539932162,0.18795264439741394,0.9237308569886403,-0.7357782125912264,0.9294498119856278,False,1.0,-0.5938596952182346,0.6511162945684772,chem
CPC003 HA1E 24H-tamoxifen citrate-10.0,tamoxifen citrate,HA1E,24H,10.0,52,45,0,2,1.0,0.31652561375974103,0.0,1.794857142857143,0.49959114041938535,-0.0,0.49959114041938535,0.6806412056898324,True,1.0,0.0038484378350625544,0.4031989336887704,chem
CPC003 HA1E 24H-podofilox-10.0,podofilox,HA1E,24H,10.0,106,113,0,3,1.0,0.4121923705851255,0.0,1.305231542921003,0.38490005099311,1.4275259828496356,-1.0426259318565256,0.777504091245046,True,1.0,-0.2161237344539306,0.4878373875374875,chem
CPC003 HA1E 24H-amitriptyline hydrochloride-10.0,amitriptyline hydrochloride,HA1E,24H,10.0,96,40,0,2,1.0,0.6270766769139553,0.0,0.9480243161094225,0.20267935179351512,0.6604285614684814,-0.45774920967496624,0.9197248677101375,False,1.0,-0.5656145557502107,0.639786737754082,chem
CPC003 HA1E 24H-tripelennamine citrate-10.0,tripelennamine citrate,HA1E,24H,10.0,121,37,0,3,1.0,0.49833378450104254,0.0,1.1365687111327887,0.30247966886946587,0.25115733143770075,0.05132233743176512,0.8454158783415133,True,1.0,-0.37420219187656384,0.5548150616461179,chem
CPC003 HA1E 24H-pentylenetetrazole-10.0,pentylenetetrazole,HA1E,24H,10.0,64,47,0,2,1.0,0.41167055954271353,0.0,1.444700460829493,0.3854501902901507,-0.0,0.3854501902901507,0.7770412978887299,True,1.0,-0.21506859288332603,0.48717094301899366,chem
CPC003 HA1E 24H-deguelin(-)-10.0,deguelin(-),HA1E,24H,10.0,45,33,0,0,1.0,1.0,0.0,0.0,-0.0,0.9557661731200451,-0.9557661731200451,1.0,False,1.0,-0.9543441206638258,1.0,chem
CPC003 HA1E 24H-bufalin-10.0,bufalin,HA1E,24H,10.0,165,253,3,6,0.6276193276325974,0.1538480478084904,0.9329620253164557,1.712819089900111,1.0152117008972996,0.00990919594786696,1.0053025049494326,0.3222731024579212,True,1.0,0.9927846780658605,0.1486171276241253,chem
CPC003 HA1E 24H-cct 018159-10.0,cct 018159,HA1E,24H,10.0,34,64,0,0,1.0,1.0,0.0,0.0,-0.0,0.1192815748949867,-0.1192815748949867,1.0,False,1.0,-0.9543441206638258,1.0,chem
CPC003 HA1E 24H-tc 2559 difumarate-10.0,tc 2559 difumarate,HA1E,24H,10.0,92,32,0,0,1.0,1.0,0.0,0.0,-0.0,-0.0,0.0,1.0,False,1.0,-0.9543441206638258,1.0,chem
CPC003 HA1E 24H-flurofamide-10.0,flurofamide,HA1E,24H,10.0,193,74,0,3,1.0,0.8016791668531689,0.0,0.6976902688375616,0.09599940221809072,-0.0,0.09599940221809072,0.978887775287079,False,1.0,-0.7702217346093053,0.7240919693435521,chem
CPC003 HA1E 24H-pq 401-10.0,pq 401,HA1E,24H,10.0,77,99,1,1,0.7196340342744381,0.8205617425227882,0.7928949357520786,0.5837999253452781,0.2287770406112067,0.19121779407598474,0.03755924653522197,0.9015691123036405,False,1.0,-0.5155604030722033,0.6151282905698101,chem
CPC003 HA1E 24H-nsc 95397-10.0,nsc 95397,HA1E,24H,10.0,198,147,1,4,0.8497408274652074,0.6368367240667134,0.528158295281583,0.9170775437023756,0.266685415074051,0.05117570135407386,0.21550971371997718,0.8734455506708806,False,1.0,-0.4428539049453656,0.5891369543485505,chem
CPC003 HA1E 24H-cis-(z)-flupenthixol-10.0,cis-(z)-flupenthixol,HA1E,24H,10.0,71,25,1,3,0.27332042905520476,0.20373137868582933,3.2757201646090537,1.9881506559458315,1.254269982055452,-0.0,1.254269982055452,0.21650271749728758,True,1.0,1.4512873365817567,0.0939686771076308,chem
CPC003 HA1E 24H-solanine alpha-10.0,solanine alpha,HA1E,24H,10.0,90,36,0,4,1.0,0.13486839544216853,0.0,2.1051567239635998,0.8700898093581667,-0.0,0.8700898093581667,0.40507126784444764,True,1.0,0.7144476434432098,0.19826724425191602,chem
CPC003 HA1E 24H-cefixime-10.0,cefixime,HA1E,24H,10.0,76,43,0,2,1.0,0.49997088260222594,0.0,1.2081081081081082,0.3010552874507807,0.6144050008361067,-0.313349713385326,0.8465534067899609,True,1.0,-0.37693408915300974,0.5578140619793402,chem
CPC003 HA1E 24H-c-1-10.0,c-1,HA1E,24H,10.0,93,62,1,2,0.5480039676880454,0.6097068788929911,1.2813195709370573,0.9797488226059654,0.47609520221367974,-0.0,0.47609520221367974,0.7004027046183197,True,1.0,-0.041215678243452396,0.4178607130956348,chem
CPC003 HA1E 24H-fluvoxamine maleate-10.0,fluvoxamine maleate,HA1E,24H,10.0,93,36,0,1,1.0,0.8747593810702592,0.0,0.48103607770582796,0.05811139137126125,0.2588956525938111,-0.20078426122254983,0.9918078052783759,False,1.0,-0.8428891762682618,0.7447517494168611,chem
CPC003 HA1E 24H-ag 555-10.0,ag 555,HA1E,24H,10.0,76,70,0,2,1.0,0.49997088260222594,0.0,1.2081081081081082,0.3010552874507807,-0.0,0.3010552874507807,0.8465534067899609,True,1.0,-0.37693408915300974,0.5578140619793402,chem
CPC003 HA1E 24H-ssr 69071-10.0,ssr 69071,HA1E,24H,10.0,120,130,0,4,1.0,0.2692697359387905,0.0,1.553223388305847,0.5698124555501524,0.3663905721081525,0.20342188344199985,0.6225628488704069,True,1.0,0.13852965245752968,0.3535488170609797,chem
"CPC003 HA1E 24H-ici-199,441 hydrochloride-10.0","ici-199,441 hydrochloride",HA1E,24H,10.0,65,27,0,2,1.0,0.41932905746011573,0.0,1.4215419501133786,0.377445042062586,-0.0,0.377445042062586,0.7837676592067451,True,1.0,-0.23042209465858576,0.49250249916694433,chem
CPC003 HA1E 24H-enrofloxacin-10.0,enrofloxacin,HA1E,24H,10.0,90,45,0,3,1.0,0.31611419473224045,0.0,1.549243363929546,0.5001560022449729,0.5861092039626837,-0.08595320171771081,0.6801676618573138,True,1.0,0.004931816530296729,0.40153282239253585,chem
CPC003 HA1E 24H-sb 415286-10.0,sb 415286,HA1E,24H,10.0,96,65,1,2,0.5651268656183144,0.6270766769139553,1.220679012345679,0.9480243161094225,0.45053339803932746,0.377445042062586,0.07308835597674146,0.7220064693557062,True,1.0,-0.09024202911330417,0.437187604131956,chem
CPC003 HA1E 24H-sb 200646 hydrochloride-10.0,sb 200646 hydrochloride,HA1E,24H,10.0,71,31,0,1,1.0,0.7947056866867112,0.0,0.6344478216818642,0.09979367928482703,-0.0,0.09979367928482703,0.977315891807183,False,1.0,-0.7629444877646601,0.7220926357880706,chem
CPC003 HA1E 24H-nnc 55-0396 dihydrochloride-10.0,nnc 55-0396 dihydrochloride,HA1E,24H,10.0,163,155,0,3,1.0,0.6995405459300256,0.0,0.8325539568345324,0.1551871083868045,0.065813605729381,0.0893735026574235,0.9495084341851455,False,1.0,-0.6567024685192943,0.6741086304565145,chem
CPC003 HA1E 24H-vorinostat-10.0,vorinostat,HA1E,24H,10.0,200,172,0,2,1.0,0.9378230410604531,0.0,0.44256854256854256,0.02787910143030391,0.14811784439133996,-0.12023874296103605,0.998025656508892,False,1.0,-0.9008733014941183,0.7567477507497501,chem
CPC003 HA1E 24H-BRD-K93754473 (tamoxifen citrate)-10.0,brd-k93754473 (tamoxifen citrate),HA1E,24H,10.0,70,37,0,3,1.0,0.19807442890577218,0.0,2.0181466766885,0.7031715875706519,0.7113695277194034,-0.008197940148751526,0.518779195911883,True,1.0,0.39430626171173805,0.26824391869376873,chem
CPC003 HA1E 24H-reserpine-10.0,reserpine,HA1E,24H,10.0,143,54,0,3,1.0,0.6120793371279276,0.0,0.954573484069887,0.21319228137777724,0.23000324764296098,-0.016810966265183747,0.9125450250515657,False,1.0,-0.5454512460341765,0.6271242919026991,chem
CPC003 HA1E 24H-thiothixene-10.0,thiothixene,HA1E,24H,10.0,148,63,0,3,1.0,0.6354263759625576,0.0,0.9209129248325477,0.19693476197149576,0.7966751163001377,-0.5997403543286419,0.9235662149773057,False,1.0,-0.5766324117003114,0.6447850716427858,chem
CPC003 HA1E 6H-sulpiride-10.0,sulpiride,HA1E,6H,10.0,168,66,1,4,0.5706908532949094,0.5061252620449638,1.2017094017094017,1.090137857900318,0.5393410733863795,0.16597372667226296,0.37336734671411653,0.6475466193884529,True,1.0,0.08008695947463788,0.3728757080973009,chem
CPC003 HA1E 6H-rhizocarpic acid-10.0,rhizocarpic acid,HA1E,6H,10.0,116,72,1,3,0.6026281819919359,0.47025427916987306,1.099113197704747,1.1878143502896799,0.547617806157912,0.7896214140581936,-0.24200360790028164,0.6407233886406487,True,1.0,0.09596134776684988,0.3688770409863379,chem
CPC003 HA1E 6H-trichostatin a-10.0,trichostatin a,HA1E,6H,10.0,173,119,1,3,0.7836747881713573,0.7373517206131002,0.6564134756225152,0.7823106220905628,0.2381894268067945,0.3179881838588665,-0.07979875705207201,0.8947632922799006,False,1.0,-0.49750788436108495,0.611462845718094,chem
CPC003 HA1E 6H-geldanamycin-10.0,geldanamycin,HA1E,6H,10.0,118,105,0,3,1.0,0.4815714967214395,0.0,1.1667813575226775,0.31733922603371767,0.523985248986035,-0.20664602295231738,0.8334560644915748,True,1.0,-0.3457022527354845,0.5421526157947351,chem
CPC003 HA1E 6H-cgs 9343b-10.0,cgs 9343b,HA1E,6H,10.0,127,70,1,3,0.592252218742723,0.5310264992223007,1.1313293970298801,1.0805291250870273,0.502377109878654,0.3402363766480224,0.1621407332306316,0.6783064200068727,True,1.0,0.009191797610889427,0.4005331556147951,chem
CPC003 HA1E 6H-bongkrekic acid-10.0,bongkrekic acid,HA1E,6H,10.0,132,69,1,5,0.5869643303886037,0.16356119446152867,1.1481481481481481,1.7831484568078626,1.0177080163923018,0.7156658754926478,0.302042140899654,0.3209778294641782,True,1.0,0.9975724950174754,0.14595134955014996,chem
CPC003 HA1E 6H-naloxone benzoylhydrazone-10.0,naloxone benzoylhydrazone,HA1E,6H,10.0,129,80,1,3,0.6415870714529841,0.5416612129686181,0.9865604000625098,1.0630352860568688,0.45901665811610826,0.2777832703782703,0.18123338773783798,0.7148283701278544,True,1.0,-0.07397153106051953,0.4315228257247584,chem
CPC003 HA1E 6H-cgk 733-10.0,cgk 733,HA1E,6H,10.0,148,112,0,3,1.0,0.6354263759625576,0.0,0.9209129248325477,0.19693476197149576,0.39803435647781404,-0.20109959450631829,0.9235662149773057,False,1.0,-0.5766324117003114,0.6447850716427858,chem
CPC003 HA1E 6H-daunorubicin hydrochloride-10.0,daunorubicin hydrochloride,HA1E,6H,10.0,93,156,1,3,0.866395836830197,0.33424933537083606,0.4967741935483871,1.4968824940047962,0.5382130908581687,0.17345093475436146,0.36476215610380724,0.648478511653974,True,1.0,0.07792354147699079,0.3735421526157947,chem
CPC003 HA1E 6H-sulconazole nitrate-10.0,sulconazole nitrate,HA1E,6H,10.0,151,64,1,3,0.5594916574926359,0.6489632234052589,1.2402508328434254,0.9018082831032471,0.4399862986653572,0.1192815748949867,0.3207047237703705,0.7309376310831533,True,1.0,-0.11047087489588328,0.4465178273908697,chem
CPC003 HA1E 6H-dactinomycin-10.0,dactinomycin,HA1E,6H,10.0,100,140,1,2,0.8353834411765372,0.6493035677401624,0.5553779198863131,0.9087463556851312,0.26566634828919616,0.019233634551735566,0.2464327137374606,0.8742247106155578,False,1.0,-0.44480842761572686,0.590803065644785,chem
CPC003 HA1E 6H-wortmannin-10.0,wortmannin,HA1E,6H,10.0,104,101,2,2,0.36719552576557996,0.6704756738798134,1.5891414141414142,0.8725490196078431,0.6087195938141596,2.0548175168926632,-1.4460979230785036,0.5912705718588015,True,1.0,0.21315173307682111,0.3255581472842386,chem
CPC003 HA1E 6H-ketoprofen-10.0,ketoprofen,HA1E,6H,10.0,148,69,0,2,1.0,0.8411014494298962,0.0,0.6052837573385519,0.07515161862491054,0.3540976371975707,-0.27894601857266016,0.986648164818503,False,1.0,-0.8102068133747361,0.7357547484171942,chem
CPC003 HA1E 6H-ppt-10.0,ppt,HA1E,6H,10.0,151,76,1,5,0.6226038944643802,0.2366327392134702,1.0398353909465021,1.5463453654634536,0.8317133360176805,0.3010552874507807,0.5306580485668998,0.42947584243959014,True,1.0,0.6408433534523658,0.21026324558480505,chem
CPC003 HA1E 6H-dup 697-10.0,dup 697,HA1E,6H,10.0,135,59,1,3,0.5302154054815167,0.5727250987999217,1.3482332907620265,1.013734466971877,0.5176014421131016,0.13585556839436858,0.381745873718733,0.6655852879545121,True,1.0,0.03839135836153946,0.3875374875041653,chem
"CPC003 HA1E 6H-brl 37344, sodium salt-10.0","brl 37344, sodium salt",HA1E,6H,10.0,96,95,1,3,0.7047388892260853,0.35236920952048756,0.8271604938271605,1.4478997447203528,0.6049738102216293,0.05538316788419342,0.5495906423374359,0.5942504998786808,True,1.0,0.20596749445902496,0.3258913695434855,chem
CPC003 HA1E 6H-hoechst  33342 (cell permeable) (bisbenzimide)-10.0,hoechst  33342 (cell permeable) (bisbenzimide),HA1E,6H,10.0,138,165,3,3,0.3480508256060418,0.5877660138038459,1.4603844350679793,0.9907274180655475,0.6891528613195628,0.23070456526208205,0.4584482960574807,0.5291947766894984,True,1.0,0.3674189971334461,0.2749083638787071,chem
CPC003 HA1E 6H-s(-)-timolol-10.0,s(-)-timolol,HA1E,6H,10.0,148,72,1,6,0.6026281819919359,0.10606285261639585,1.099113197704747,1.9231565865782934,1.1943872588261297,0.09731272543783062,1.0970745333882992,0.23969813632571332,True,1.0,1.336435060112607,0.10463178940353215,chem
"CPC003 HA1E 6H-ly-163,502-10.0","ly-163,502",HA1E,6H,10.0,151,66,2,4,0.20346766663963176,0.4238339821688346,2.471875,1.2195602878832692,1.0643088207191835,0.18013344262591308,0.8841753780932704,0.2975730205367627,True,1.0,1.0869506691151924,0.13495501499500168,chem
CPC003 HA1E 6H-penfluridol-10.0,penfluridol,HA1E,6H,10.0,158,52,0,6,1.0,0.13312376872300646,0.0,1.7937306501547987,0.8757443960380464,0.16377284357838476,0.7119715524596617,0.401564652262966,True,1.0,0.7252928775550463,0.19460179940019992,chem
CPC003 HA1E 6H-cccp-10.0,cccp,HA1E,6H,10.0,95,80,1,2,0.6415870714529841,0.6213536046765916,0.9865604000625098,0.9583717357910906,0.39940557388912434,0.5488678887715174,-0.14946231488239303,0.7652792631567138,False,1.0,-0.18830281656409667,0.47550816394535156,chem
CPC003 HA1E 6H-gamma-linolenic acid (18:3 n-6)-10.0,gamma-linolenic acid (18:3 n-6),HA1E,6H,10.0,176,66,0,5,1.0,0.34313980957404716,0.0,1.3149357578861998,0.4645288940819924,0.7827177368568516,-0.31818884277485926,0.7101680885390259,True,1.0,-0.06339931899373573,0.42619126957680775,chem
CPC003 HA1E 6H-rg-14620-10.0,rg-14620,HA1E,6H,10.0,123,68,2,1,0.2127628920777679,0.9363414876287647,2.396212121212121,0.3610045343564702,0.7006698483345472,1.2111115549350397,-0.5104417066004926,0.5206286374944873,True,1.0,0.389508042277086,0.27090969676774407,chem
CPC003 HA1E 6H-scriptaid-10.0,scriptaid,HA1E,6H,10.0,153,106,1,6,0.7439354626290973,0.11920523009287684,0.739212228101117,1.8562424969987996,1.0521694280729925,0.042606799354774696,1.0095626287182178,0.3035293067631265,True,1.0,1.0636678789349825,0.13662112629123627,chem
CPC003 HA1E 6H-flavokawain b-10.0,flavokawain b,HA1E,6H,10.0,113,99,0,2,1.0,0.7143548097752149,0.0,0.8006435006435006,0.14608602680430152,0.05032493560880137,0.09576109119550015,0.9546462715300791,False,1.0,-0.6741579194692953,0.6814395201599467,chem
CPC003 HA1E 6H-cgp 71683 hydrochloride-10.0,cgp 71683 hydrochloride,HA1E,6H,10.0,155,51,0,4,1.0,0.44356433662769684,0.0,1.1864862270851328,0.3530433791784873,1.0449084337216479,-0.6918650545431606,0.8041432958625313,True,1.0,-0.277223348521723,0.5108297234255248,chem
CPC003 HA1E 6H-bml-257-10.0,bml-257,HA1E,6H,10.0,107,75,1,3,0.6177049739872678,0.4180948636930668,1.054054054054054,1.2924737133370228,0.5879440692860909,0.3072119284224398,0.2807321408636511,0.6078884260612136,True,1.0,0.1733052438356477,0.3388870376541153,chem
CPC003 HA1E 6H-puromycin dihydrochloride-10.0,puromycin dihydrochloride,HA1E,6H,10.0,166,87,1,6,0.6725645987653445,0.15692119725972078,0.905254091300603,1.7018382352941177,0.9765843830230998,0.20307560425536292,0.7735087787677368,0.3428633257318768,True,1.0,0.9186992799325807,0.16061312895701432,chem
CPC003 HA1E 6H-way 170523-10.0,way 170523,HA1E,6H,10.0,112,82,0,4,1.0,0.2308303306282532,0.0,1.6704240472356415,0.6367071263697271,0.4560849727710074,0.18062215359871975,0.5692442930834106,True,1.0,0.2668305180988655,0.30489836721092967,chem
CPC003 HA1E 6H-malonoben-10.0,malonoben,HA1E,6H,10.0,146,47,0,1,1.0,0.9621914994019971,0.0,0.30261677671802395,0.016738484244006657,0.0717228960841648,-0.054984411840158134,0.9992760766268243,False,1.0,-0.9222404868209714,0.7594135288237254,chem
CPC003 HA1E 6H-n- (2-aminoethyl)-4-chlorobenzamide (ro-16-6491)-10.0,n- (2-aminoethyl)-4-chlorobenzamide (ro-16-6491),HA1E,6H,10.0,142,68,2,4,0.2127628920777679,0.37892968055996984,2.396212121212121,1.3009871875656376,1.093545491217459,0.18358804053770744,0.9099574506797514,0.28362732294610177,True,1.0,1.1430252425818368,0.12495834721759413,chem
CPC003 HA1E 6H-ethyl-beta-carboline-3-carboxylate-10.0,ethyl-beta-carboline-3-carboxylate,HA1E,6H,10.0,101,85,2,3,0.2927261358055532,0.3824335346193158,1.9003012048192771,1.372926148876817,0.9509825327723607,0.07054372650188606,0.8804388062704747,0.3570835010064273,True,1.0,0.8695961225517913,0.1696101299566811,chem
CPC003 HA1E 6H-norcyclobenzaprine-10.0,norcyclobenzaprine,HA1E,6H,10.0,154,58,0,4,1.0,0.43864886539329556,0.0,1.1945893719806764,0.3578829896476459,-0.0,0.3578829896476459,0.80012011104332,True,1.0,-0.26794120085655765,0.5068310563145618,chem
CPC003 HA1E 6H-bufalin-10.0,bufalin,HA1E,6H,10.0,130,86,0,4,1.0,0.31873931208116524,0.0,1.4276512537382102,0.4965643690113047,0.3367242765301671,0.15984009248113756,0.68318001298314,True,1.0,-0.0019567688726974666,0.4055314895034988,chem
CPC003 HA1E 6H-cct 018159-10.0,cct 018159,HA1E,6H,10.0,120,106,2,1,0.389917177464807,0.9318746942869267,1.5115384615384615,0.3702842839263365,0.43967011360051567,0.38490005099311,0.05477006260740569,0.7312054415774408,True,1.0,-0.11107730313635475,0.4465178273908697,chem
CPC003 HA1E 6H-trap 101-10.0,trap 101,HA1E,6H,10.0,134,63,0,4,1.0,0.33876966124958685,0.0,1.3828316610925306,0.4700954901414056,0.3936579871534509,0.07643750298795471,0.7054657547671639,True,1.0,-0.05272284679724835,0.42019326891036324,chem
CPC003 HA1E 6H-cefixime-10.0,cefixime,HA1E,6H,10.0,122,111,1,2,0.7600077895781941,0.7532665405295056,0.705050505050505,0.7395238095238095,0.24223327960170143,0.13916426329860343,0.103069016303098,0.8918011576888968,False,1.0,-0.48975196288399064,0.6084638453848717,chem
CPC003 HA1E 6H-ssr 69071-10.0,ssr 69071,HA1E,6H,10.0,114,92,0,1,1.0,0.9219864112003046,0.0,0.39032197326303897,0.035275479796927564,0.8163001119367027,-0.7810246321397751,0.9968745674550353,False,1.0,-0.8866873919826094,0.7550816394535155,chem
"CPC003 HA1E 6H-w-12, hydrochloride-10.0","w-12, hydrochloride",HA1E,6H,10.0,132,86,1,4,0.6683067962120237,0.3287445694647202,0.9160493827160494,1.4048913043478262,0.6581655349415717,0.5346461313891518,0.12351940355241986,0.5526570377432433,True,1.0,0.3079867471575111,0.29290236587804064,chem
CPC003 HA1E 6H-nnc 55-0396 dihydrochloride-10.0,nnc 55-0396 dihydrochloride,HA1E,6H,10.0,108,79,0,1,1.0,0.9106744047128277,0.0,0.41260688009544644,0.040636869472461576,0.6017659653351914,-0.5611290958627299,0.9958860720452045,False,1.0,-0.8764044960809787,0.7527490836387871,chem
CPC003 HA1E 6H-vorinostat-10.0,vorinostat,HA1E,6H,10.0,164,112,0,5,1.0,0.2910814024667513,0.0,1.4169306339806271,0.5359855412601922,-0.0,0.5359855412601922,0.6503201898632563,True,1.0,0.07365120500866078,0.37420859713428856,chem
CPC003 HA1E 6H-doxorubicin hydrochloride-10.0,doxorubicin hydrochloride,HA1E,6H,10.0,94,131,2,2,0.49742262738678095,0.6155637042819571,1.2137596899224805,0.968944099378882,0.5140014584397344,0.10371707968518042,0.41028437875455404,0.6685872981769079,True,1.0,0.0314867572037964,0.38953682105964677,chem
CPC003 HCC515 24H-salmeterol-10.0,salmeterol,HCC515,24H,10.0,61,27,0,2,1.0,0.3884098485330607,0.0,1.5188861985472155,0.410709766639067,-0.0,0.410709766639067,0.7557267841575523,True,1.0,-0.1666219009182758,0.4708430523158947,chem
CPC003 HCC515 24H-flumethasone-10.0,flumethasone,HCC515,24H,10.0,61,72,0,1,1.0,0.7431436031873149,0.0,0.741371158392435,0.12892725616443745,0.3631935423538658,-0.23426628618942835,0.9637576558347487,False,1.0,-0.7070676430610809,0.6954348550483173,chem
CPC003 HCC515 24H-sulpiride-10.0,sulpiride,HCC515,24H,10.0,48,55,1,1,0.5054175517404941,0.6564667745672195,1.4490169181527206,0.9483929379809869,0.4791369300725049,-0.0,0.4791369300725049,0.6978381386947703,True,1.0,-0.035381785759173376,0.41686104631789406,chem
CPC003 HCC515 24H-flucloxacillin sodium-10.0,flucloxacillin sodium,HCC515,24H,10.0,58,40,1,4,0.4003624230876708,0.03779248005833353,2.0110794555239,3.3698336017176596,1.820141298374982,-0.0,1.820141298374982,0.07854386329258425,True,1.0,2.5366021880624676,0.026991002999000334,chem
CPC003 HCC515 24H-rhizocarpic acid-10.0,rhizocarpic acid,HCC515,24H,10.0,61,42,0,2,1.0,0.3884098485330607,0.0,1.5188861985472155,0.410709766639067,0.216663377403777,0.19404638923529,0.7557267841575523,True,1.0,-0.1666219009182758,0.4708430523158947,chem
CPC003 HCC515 24H-trichostatin a-10.0,trichostatin a,HCC515,24H,10.0,136,228,4,2,0.3269661067252858,0.8047547894910038,1.4120879120879122,0.6607675906183369,0.5798336938650513,0.2115979101013432,0.36823578376370814,0.6144334400913121,True,1.0,0.15774992120012477,0.34521826057980676,chem
CPC003 HCC515 24H-geldanamycin-10.0,geldanamycin,HCC515,24H,10.0,86,147,1,1,0.8497408274652074,0.853405330487763,0.528158295281583,0.5212348769294952,0.13955816351999933,0.6565955175848119,-0.5170373540648125,0.9582038538346925,False,1.0,-0.6866780574698725,0.6857714095301566,chem
CPC003 HCC515 24H-hydrocortisone valerate-10.0,hydrocortisone valerate,HCC515,24H,10.0,111,103,1,4,0.7337864634203204,0.22612532673516897,0.7613168724279835,1.6863063795205202,0.7800810967922687,0.3848049029731933,0.39527619381907536,0.463967560523308,True,1.0,0.5418151213606337,0.23225591469510162,chem
CPC003 HCC515 24H-securinine-10.0,securinine,HCC515,24H,10.0,41,43,0,0,1.0,1.0,0.0,0.0,-0.0,0.2105049319006799,-0.2105049319006799,1.0,False,1.0,-0.9543441206638258,1.0,chem
CPC003 HCC515 24H-suloctidil-10.0,suloctidil,HCC515,24H,10.0,160,178,4,4,0.18836818732872215,0.4679430285939855,1.8325965222516947,1.1475287997027128,1.0547994598775627,0.33947726195543737,0.7153221979221254,0.30223052501339875,True,1.0,1.0687121575457663,0.13662112629123627,chem
CPC003 HCC515 24H-remacemide hydrochloride-10.0,remacemide hydrochloride,HCC515,24H,10.0,65,32,0,2,1.0,0.41932905746011573,0.0,1.4215419501133786,0.377445042062586,-0.0,0.377445042062586,0.7837676592067451,True,1.0,-0.23042209465858576,0.49250249916694433,chem
CPC003 HCC515 24H-biperiden hydrochloride-10.0,biperiden hydrochloride,HCC515,24H,10.0,83,26,0,4,1.0,0.10861910515663105,0.0,2.2942579343239773,0.9640937794032524,-0.0,0.9640937794032524,0.34974352181266405,True,1.0,0.8947428834487476,0.16494501832722425,chem
CPC003 HCC515 24H-ivermectin-10.0,ivermectin,HCC515,24H,10.0,62,55,0,0,1.0,1.0,0.0,0.0,-0.0,0.2612162971017878,-0.2612162971017878,1.0,False,1.0,-0.9543441206638258,1.0,chem
CPC003 HCC515 24H-testosterone propionate-10.0,testosterone propionate,HCC515,24H,10.0,48,27,0,0,1.0,1.0,0.0,0.0,-0.0,-0.0,0.0,1.0,False,1.0,-0.9543441206638258,1.0,chem
CPC003 HCC515 24H-flurandrenolide-10.0,flurandrenolide,HCC515,24H,10.0,76,108,0,3,1.0,0.23253902429906387,0.0,1.8504976840445453,0.6335041541049143,0.6422004191132914,-0.008696265008377058,0.5717430529557714,True,1.0,0.26068736634752415,0.30623125624791736,chem
CPC003 HCC515 24H-cgk 733-10.0,cgk 733,HCC515,24H,10.0,63,210,4,1,0.2752851406129566,0.754393433432854,1.5399551904406272,0.7172271791352093,0.6826193309352049,0.7606863169605693,-0.07806698602536444,0.5340919345599029,True,1.0,0.35488798989868453,0.2785738087304232,chem
CPC003 HCC515 24H-econazole nitrate-10.0,econazole nitrate,HCC515,24H,10.0,49,51,1,2,0.4793275202099277,0.2920841937160157,1.565925925925926,1.9103343465045592,0.8538595800749522,0.8427135358095748,0.011146044265377464,0.41526364908159763,True,1.0,0.6833188189631522,0.20193268910363213,chem
CPC003 HCC515 24H-vinblastine sulfate-10.0,vinblastine sulfate,HCC515,24H,10.0,55,52,0,3,1.0,0.11919804789072416,0.0,2.606530160486995,0.9237308569886403,0.49959114041938535,0.424139716569255,0.37272858884288906,True,1.0,0.8173286765745368,0.17627457514161946,chem
CPC003 HCC515 24H-ritodrine hydrochloride-10.0,ritodrine hydrochloride,HCC515,24H,10.0,80,40,0,3,1.0,0.25609197333298406,0.0,1.7532467532467533,0.5916040333700016,-0.0,0.5916040333700016,0.6049452299378588,True,1.0,0.18032488462958265,0.3382205931356215,chem
CPC003 HCC515 24H-vincristine sulfate-10.0,vincristine sulfate,HCC515,24H,10.0,25,59,0,0,1.0,1.0,0.0,0.0,-0.0,0.13585556839436858,-0.13585556839436858,1.0,False,1.0,-0.9543441206638258,1.0,chem
CPC003 HCC515 24H-flunisolide-10.0,flunisolide,HCC515,24H,10.0,74,69,0,4,1.0,0.07875177926436164,0.0,2.59296066252588,1.1037396252721419,0.7231890968371788,0.38055052843496306,0.2788958357898702,True,1.0,1.1625771173075126,0.12162612462512495,chem
CPC003 HCC515 24H-daunorubicin hydrochloride-10.0,daunorubicin hydrochloride,HCC515,24H,10.0,169,226,7,2,0.023828864659561307,0.8903302989115636,2.630806697108067,0.5273738237810094,1.6733454962369447,0.4973299941167083,1.1760155021202365,0.1029595463193828,True,1.0,2.255054670807727,0.038320559813395536,chem
CPC003 HCC515 24H-pravastatin sodium-10.0,pravastatin sodium,HCC515,24H,10.0,72,40,0,2,1.0,0.4714545127331613,0.0,1.2779591836734694,0.3265602028671769,-0.0,0.3265602028671769,0.8259565562453897,True,1.0,-0.3280168482735593,0.5351549483505498,chem
CPC003 HCC515 24H-hydrocortisone-10.0,hydrocortisone,HCC515,24H,10.0,122,92,0,5,1.0,0.1294671786996628,0.0,1.9386736540021212,0.8878403158781465,0.3967404190854962,0.4910998967926503,0.39414054118131564,True,1.0,0.7484922889162116,0.1879373542152616,chem
CPC003 HCC515 24H-wortmannin-10.0,wortmannin,HCC515,24H,10.0,48,76,1,1,0.6226038944643802,0.6564667745672195,1.0398353909465021,0.9483929379809869,0.38857541683242713,1.070650138477656,-0.682074721645229,0.7744108830553628,True,1.0,-0.20907455380985754,0.4851716094635122,chem
CPC003 HCC515 24H-hexylcaine hydrochloride-10.0,hexylcaine hydrochloride,HCC515,24H,10.0,79,38,1,4,0.38478436874628147,0.09477677470169578,2.1204537871204536,2.4181642512077293,1.4380806534303194,0.6937937190077564,0.744286934422563,0.15722727969641712,True,1.0,1.8038276505197348,0.06464511829390203,chem
CPC003 HCC515 24H-mt-21-10.0,mt-21,HCC515,24H,10.0,49,25,0,2,1.0,0.2920841937160157,0.0,1.9103343465045592,0.5344919444562709,-0.0,0.5344919444562709,0.6515560616523749,True,1.0,0.07078655584431875,0.3768743752082639,chem
CPC003 HCC515 24H-ppt-10.0,ppt,HCC515,24H,10.0,73,50,0,2,1.0,0.4786741886222464,0.0,1.259758551307847,0.31995999019332333,0.5225208083241747,-0.20256081813085136,0.831330266650633,True,1.0,-0.3406757490364663,0.5398200599800067,chem
CPC003 HCC515 24H-BRD-K00824317 (flurandrenolide)-10.0,brd-k00824317 (flurandrenolide),HCC515,24H,10.0,82,76,0,0,1.0,1.0,0.0,0.0,-0.0,1.0696699751186134,-1.0696699751186134,1.0,False,1.0,-0.9543441206638258,1.0,chem
CPC003 HCC515 24H-finasteride-10.0,finasteride,HCC515,24H,10.0,55,89,1,1,0.6809188878324794,0.7062317609264366,0.8843995510662177,0.8245337536117678,0.3179573739477575,-0.0,0.3179573739477575,0.8329550826818327,False,1.0,-0.34451667380230444,0.5414861712762412,chem
CPC003 HCC515 24H-le 300-10.0,le 300,HCC515,24H,10.0,46,48,0,1,1.0,0.6407694557263302,0.0,0.9908589440504334,0.1932981984307902,0.9399043263252929,-0.7466061278945026,0.9259666814856249,False,1.0,-0.5836071713413398,0.6467844051982673,chem
CPC003 HCC515 24H-ay 9944-10.0,ay 9944,HCC515,24H,10.0,48,27,0,0,1.0,1.0,0.0,0.0,-0.0,0.9094111933174786,-0.9094111933174786,1.0,False,1.0,-0.9543441206638258,1.0,chem
CPC003 HCC515 24H-am580-10.0,am580,HCC515,24H,10.0,66,42,0,3,1.0,0.1758649426315368,0.0,2.147653305926687,0.7548207252900666,0.216663377403777,0.5381573478862895,0.4815250628533836,True,1.0,0.4933669043285844,0.24525158280573142,chem
CPC003 HCC515 24H-nnc 26-9100-10.0,nnc 26-9100,HCC515,24H,10.0,44,36,0,2,1.0,0.2511692107532274,0.0,2.139455782312925,0.6000335990889489,-0.0,0.6000335990889489,0.5981917306989533,True,1.0,0.19649239940274754,0.3338887037654115,chem
CPC003 HCC515 24H-sericetin dimethyl ether-10.0,sericetin dimethyl ether,HCC515,24H,10.0,55,72,0,1,1.0,0.7062317609264366,0.0,0.8245337536117678,0.1510527550752136,0.3265602028671769,-0.1755074477919633,0.9518675165134086,False,1.0,-0.6646319657758832,0.6794401866044651,chem
CPC003 HCC515 24H-d 4476-10.0,d 4476,HCC515,24H,10.0,120,43,2,2,0.1026086474695751,0.7450317505639639,3.872560975609756,0.7523002421307506,1.1166412557759964,-0.0,1.1166412557759964,0.27300351347208296,True,1.0,1.1873218442274458,0.11996001332889036,chem
CPC003 HCC515 24H-lovastatin-10.0,lovastatin,HCC515,24H,10.0,81,81,1,3,0.6461835462951568,0.2620344426225369,0.9740740740740741,1.7304925290536801,0.7712857244831582,0.4619292411299176,0.3093564833532406,0.47003053596458666,True,1.0,0.5249460065706033,0.23492169276907698,chem
CPC003 HCC515 24H-lasalocid sodium salt-10.0,lasalocid sodium salt,HCC515,24H,10.0,118,112,2,3,0.41670917269004626,0.4815714967214395,1.4277272727272727,1.1667813575226775,0.697506165689647,0.34939662928141063,0.34810953640823633,0.5229732328559429,True,1.0,0.383440246188367,0.2715761412862379,chem
CPC003 HCC515 24H-nsc 3852-10.0,nsc 3852,HCC515,24H,10.0,93,73,1,2,0.6077179178677024,0.6097068788929911,1.083676268861454,0.9797488226059654,0.43117686389975207,0.47672668148985525,-0.04554981759010318,0.7383997118511119,True,1.0,-0.1273669608230642,0.4525158280573142,chem
CPC003 HCC515 24H-vesamicol-10.0,vesamicol,HCC515,24H,10.0,68,38,1,1,0.38478436874628147,0.7804228786816634,2.1204537871204536,0.6631734942309728,0.5224525862219286,0.23536909605855375,0.28708349016337487,0.6615462965339084,True,1.0,0.0476956270108628,0.384538487170943,chem
CPC003 HCC515 24H-penfluridol-10.0,penfluridol,HCC515,24H,10.0,87,145,3,2,0.2783530239159419,0.5731589146951137,1.6714209306471741,1.0499159663865547,0.7971290046825118,0.3788002072136363,0.4183287974688755,0.45237033393884807,True,1.0,0.5745122153577226,0.22292569143618793,chem
CPC003 HCC515 24H-cccp-10.0,cccp,HCC515,24H,10.0,90,225,4,1,0.3182801662420251,0.8660146882025537,1.4319526627218935,0.49748983982787476,0.5596651657612025,0.9187128580961363,-0.35904769233493383,0.6308400774673704,True,1.0,0.11906762285359912,0.35888037320893035,chem
CPC003 HCC515 24H-diflorasone diacetate-10.0,diflorasone diacetate,HCC515,24H,10.0,61,63,0,1,1.0,0.7431436031873149,0.0,0.741371158392435,0.12892725616443745,0.7435994996474524,-0.614672243483015,0.9637576558347487,False,1.0,-0.7070676430610809,0.6954348550483173,chem
CPC003 HCC515 24H-gamma-linolenic acid (18:3 n-6)-10.0,gamma-linolenic acid (18:3 n-6),HCC515,24H,10.0,47,40,1,2,0.4003624230876708,0.27572684290809535,2.0110794555239,1.9958730158730158,0.9570676428124405,-0.0,0.9570676428124405,0.3536618568698758,True,1.0,0.881267080433784,0.16861046317894035,chem
CPC003 HCC515 24H-estradiol-10.0,estradiol,HCC515,24H,10.0,62,50,0,2,1.0,0.3962092340634282,0.0,1.4933333333333334,0.4020754070002483,0.1729651157231477,0.2291102912771006,0.7630248296592255,True,1.0,-0.18318220089952464,0.47517494168610463,chem
CPC003 HCC515 24H-xylazine-10.0,xylazine,HCC515,24H,10.0,85,77,1,1,0.627440793597535,0.8500731001258712,1.0259909031838856,0.5275244849712935,0.2729709751966319,0.1778356414258281,0.09513533377080377,0.8686146725116226,True,1.0,-0.4307984931332216,0.583138953682106,chem
CPC003 HCC515 24H-scriptaid-10.0,scriptaid,HCC515,24H,10.0,141,231,5,2,0.16802756082174292,0.8207121089750633,1.7716354442018158,0.6364850976361768,0.8604286358665248,0.3161977179881042,0.5442309178784206,0.41111559883342164,True,1.0,0.6959179622757518,0.1996001332889037,chem
CPC003 HCC515 24H-devazepide-10.0,devazepide,HCC515,24H,10.0,34,71,2,2,0.22678184641031005,0.17057190474517306,2.290942028985507,2.8125,1.4124842139215221,0.09979367928482703,1.312690534636695,0.1644925869448672,True,1.0,1.754734870690197,0.06931022992335888,chem
CPC003 HCC515 24H-rimexolone-10.0,rimexolone,HCC515,24H,10.0,57,87,0,0,1.0,1.0,0.0,0.0,-0.0,0.28569206080759085,-0.28569206080759085,1.0,False,1.0,-0.9543441206638258,1.0,chem
CPC003 HCC515 24H-cgp 71683 hydrochloride-10.0,cgp 71683 hydrochloride,HCC515,24H,10.0,141,252,5,2,0.21405587987470315,0.8207121089750633,1.6154897733845102,0.6364850976361768,0.755281996932872,0.8976131140954959,-0.14233111716262392,0.4812004891994315,True,1.0,0.49425160187388445,0.24425191602799068,chem
CPC003 HCC515 24H-tolazamide-10.0,tolazamide,HCC515,24H,10.0,53,71,0,0,1.0,1.0,0.0,0.0,-0.0,0.3075601385984637,-0.3075601385984637,1.0,False,1.0,-0.9543441206638258,1.0,chem
CPC003 HCC515 24H-puromycin dihydrochloride-10.0,puromycin dihydrochloride,HCC515,24H,10.0,137,254,3,5,0.6303099278072926,0.1818408867216055,0.9290937515759746,1.7142225171422252,0.9407543118906829,0.46264735236262017,0.47810695952806276,0.3628937480729701,True,1.0,0.849978870878194,0.17194268577140953,chem
CPC003 HCC515 24H-way 170523-10.0,way 170523,HCC515,24H,10.0,120,51,0,4,1.0,0.2692697359387905,0.0,1.553223388305847,0.5698124555501524,0.16829365667717439,0.401518798872978,0.6225628488704069,True,1.0,0.13852965245752968,0.3535488170609797,chem
CPC003 HCC515 24H-mrs 1220-10.0,mrs 1220,HCC515,24H,10.0,41,38,0,1,1.0,0.5983406945291184,0.0,1.1156028368794326,0.2230514587851949,0.6330544573303274,-0.4100029985451325,0.9056454619772062,True,1.0,-0.5265418025705121,0.6214595134955015,chem
CPC003 HCC515 24H-hinokitiol-10.0,hinokitiol,HCC515,24H,10.0,163,65,0,6,1.0,0.14778450372754984,0.0,1.7352004496065943,0.8303711024665282,1.326345809569504,-0.49597470710297575,0.43034849291277755,True,1.0,0.6382690119630392,0.21226257914028657,chem
CPC003 HCC515 24H-BRD-K37865504-10.0,brd-k37865504,HCC515,24H,10.0,41,74,2,1,0.2408689030819002,0.5983406945291184,2.1944444444444446,1.1156028368794326,0.8412707239245858,0.7028469158283239,0.13842380809626187,0.42329937677299434,True,1.0,0.6591739786980344,0.20593135621459513,chem
CPC003 HCC515 24H-clocortolone pivalate-10.0,clocortolone pivalate,HCC515,24H,10.0,65,114,0,2,1.0,0.41932905746011573,0.0,1.4215419501133786,0.377445042062586,0.7014998767927052,-0.3240548347301192,0.7837676592067451,True,1.0,-0.23042209465858576,0.49250249916694433,chem
CPC003 HCC515 24H-bumetanide-10.0,bumetanide,HCC515,24H,10.0,42,55,0,0,1.0,1.0,0.0,0.0,-0.0,0.1510527550752136,-0.1510527550752136,1.0,False,1.0,-0.9543441206638258,1.0,chem
CPC003 HCC515 24H-malonoben-10.0,malonoben,HCC515,24H,10.0,87,268,5,1,0.25158227629554547,0.8566640097411657,1.5132586045133574,0.5150915388421573,0.6665094360761286,0.8022728142193087,-0.13576337814318018,0.546281155368473,True,1.0,0.32398996124427676,0.2855714761746085,chem
CPC003 HCC515 24H-canrenoic acid potassium salt-10.0,canrenoic acid potassium salt,HCC515,24H,10.0,52,31,0,2,1.0,0.31652561375974103,0.0,1.794857142857143,0.49959114041938535,-0.0,0.49959114041938535,0.6806412056898324,True,1.0,0.0038484378350625544,0.4031989336887704,chem
CPC003 HCC515 24H-nizatidine-10.0,nizatidine,HCC515,24H,10.0,82,54,0,2,1.0,0.5408689713942205,0.0,1.1164285714285713,0.2669079324769538,-0.0,0.2669079324769538,0.8732752646151595,True,1.0,-0.4424271269216021,0.5891369543485505,chem
CPC003 HCC515 24H-podofilox-10.0,podofilox,HCC515,24H,10.0,55,61,0,1,1.0,0.7062317609264366,0.0,0.8245337536117678,0.1510527550752136,0.7070594469584425,-0.5560066918832289,0.9518675165134086,False,1.0,-0.6646319657758832,0.6794401866044651,chem
CPC003 HCC515 24H-BRD-K61496577 (flumethasone)-10.0,brd-k61496577 (flumethasone),HCC515,24H,10.0,109,76,0,1,1.0,0.9126669014974301,0.0,0.4087207775151038,0.03968769917695973,0.797022989771677,-0.7573352905947173,0.9960703315310336,False,1.0,-0.8782249605374433,0.753082305898034,chem
CPC003 HCC515 24H-su 5416-10.0,su 5416,HCC515,24H,10.0,49,30,0,3,1.0,0.09180422147250257,0.0,2.949327494526118,1.0371373479919974,-0.0,1.0371373479919974,0.31104160707131867,True,1.0,1.034837048868065,0.14128623792069311,chem
CPC003 HCC515 24H-bufalin-10.0,bufalin,HCC515,24H,10.0,155,155,1,4,0.8646392966057423,0.44356433662769684,0.5000801667468334,1.1864862270851328,0.4162084094761051,0.2435977941823182,0.1726106152937869,0.751074597304236,True,1.0,-0.15607575984005287,0.4631789403532156,chem
CPC003 HCC515 24H-cct 018159-10.0,cct 018159,HCC515,24H,10.0,98,125,2,1,0.4726722818650819,0.8880920571859723,1.2741869918699187,0.45587482635080795,0.3769818786733935,0.4288798592799584,-0.05189798060656492,0.7841562918666296,True,1.0,-0.23131042048542255,0.49250249916694433,chem
CPC003 HCC515 24H-tc 2559 difumarate-10.0,tc 2559 difumarate,HCC515,24H,10.0,64,52,0,1,1.0,0.759833479050158,0.0,0.7057300461555781,0.1192815748949867,0.16377284357838476,-0.04449126868339806,0.968526285004875,False,1.0,-0.7255676108673179,0.7060979673442186,chem
CPC003 HCC515 24H-pq 401-10.0,pq 401,HCC515,24H,10.0,78,59,1,1,0.5302154054815167,0.8245448959637394,1.3482332907620265,0.5761260016579165,0.3593333502412623,0.13585556839436858,0.2234777818468937,0.7989125222014462,True,1.0,-0.2651594767315529,0.5041652782405864,chem
CPC003 HCC515 24H-ranitidine-10.0,ranitidine,HCC515,24H,10.0,42,74,0,0,1.0,1.0,0.0,0.0,-0.0,0.38137597042152427,-0.38137597042152427,1.0,False,1.0,-0.9543441206638258,1.0,chem
CPC003 HCC515 24H-cefixime-10.0,cefixime,HCC515,24H,10.0,63,41,2,2,0.09467214452496704,0.40396339443609297,4.072435897435898,1.4686182669789227,1.4174357722330653,-0.0,1.4174357722330653,0.16306383001073427,True,1.0,1.7642317291074843,0.06864378540486504,chem
CPC003 HCC515 24H-c-1-10.0,c-1,HCC515,24H,10.0,52,59,0,0,1.0,1.0,0.0,0.0,-0.0,-0.0,0.0,1.0,False,1.0,-0.9543441206638258,1.0,chem
CPC003 HCC515 24H-fluvoxamine maleate-10.0,fluvoxamine maleate,HCC515,24H,10.0,62,33,0,4,1.0,0.04650756461852421,0.0,3.135432283858071,1.3324764018436426,-0.0,1.3324764018436426,0.18919929786326528,True,1.0,1.6012836103446946,0.08063978673775409,chem
CPC003 HCC515 24H-ag 555-10.0,ag 555,HCC515,24H,10.0,87,31,0,1,1.0,0.8566640097411657,0.0,0.5150915388421573,0.06718947834152734,-0.0,0.06718947834152734,0.9891980628477683,False,1.0,-0.8254778279144607,0.740753082305898,chem
CPC003 HCC515 24H-ssr 69071-10.0,ssr 69071,HCC515,24H,10.0,35,77,2,0,0.2549995603446593,1.0,2.1056666666666666,0.0,0.5934605683505664,0.2950380010995917,0.29842256725097466,0.6034547913392787,True,1.0,0.18388563232714342,0.3372209263578807,chem
"CPC003 HCC515 24H-ici-199,441 hydrochloride-10.0","ici-199,441 hydrochloride",HCC515,24H,10.0,56,29,0,1,1.0,0.7127304507454809,0.0,0.8094132817537073,0.1470746859789352,-0.0,0.1470746859789352,0.9540980287345754,False,1.0,-0.6722617171802987,0.6814395201599467,chem
CPC003 HCC515 24H-enrofloxacin-10.0,enrofloxacin,HCC515,24H,10.0,135,70,0,4,1.0,0.3437874282515886,0.0,1.3720544307998672,0.46371000880309815,0.10234523670003882,0.36136477210305934,0.7108601819331613,True,1.0,-0.06496990285125182,0.42685771409530154,chem
CPC003 HCC515 24H-sb 415286-10.0,sb 415286,HCC515,24H,10.0,37,36,0,1,1.0,0.5608447625414748,0.0,1.2403467297084318,0.25115733143770075,0.6827316245758128,-0.4315742931381121,0.8851875294433746,True,1.0,-0.47263604674957976,0.6011329556814395,chem
CPC003 HCC515 24H-triamcinolone-10.0,triamcinolone,HCC515,24H,10.0,61,82,1,2,0.6507217833049797,0.3884098485330607,0.9618960524310318,1.5188861985472155,0.5973144213916064,0.8377543217912533,-0.2404399003996469,0.6003663590299834,True,1.0,0.19127714311809335,0.3348883705431523,chem
CPC003 HCC515 24H-sb 200646 hydrochloride-10.0,sb 200646 hydrochloride,HCC515,24H,10.0,50,28,0,3,1.0,0.09616829868870361,0.0,2.8861166386040105,1.0169680669802437,0.9036632670315768,0.11330479994866682,0.32136132530426303,True,1.0,0.9961533064792147,0.14728423858713763,chem
CPC003 HCC515 24H-nnc 55-0396 dihydrochloride-10.0,nnc 55-0396 dihydrochloride,HCC515,24H,10.0,114,197,4,4,0.2389604351539818,0.24031317998899585,1.647136973561844,1.6395256916996048,1.2408964091793808,0.6928505889522004,0.5480458202271804,0.22150502470200617,True,1.0,1.4256374461540826,0.0959680106631123,chem
CPC003 HCC515 24H-vorinostat-10.0,vorinostat,HCC515,24H,10.0,143,231,5,2,0.16802756082174292,0.8267635258238843,1.7716354442018158,0.6272543059777103,0.8572381683304409,0.6661582838955693,0.19107988443487156,0.41312636338806996,True,1.0,0.6897987940121959,0.20059980006664446,chem
CPC003 HCC515 24H-nonoxynol-9-10.0,nonoxynol-9,HCC515,24H,10.0,61,56,0,1,1.0,0.7431436031873149,0.0,0.741371158392435,0.12892725616443745,0.4574187663496356,-0.3284915101851981,0.9637576558347487,False,1.0,-0.7070676430610809,0.6954348550483173,chem
CPC003 HCC515 24H-mycophenolate mofetil-10.0,mycophenolate mofetil,HCC515,24H,10.0,27,22,0,1,1.0,0.4512024049980868,0.0,1.7201309328968903,0.3456285941430332,1.3434965228050784,-0.9978679286620451,0.8102869879520673,True,1.0,-0.2914445611674814,0.5174941686104632,chem
CPC003 HCC515 24H-pha 665752-10.0,pha 665752,HCC515,24H,10.0,67,38,0,2,1.0,0.4344938346499571,0.0,1.3773626373626373,0.3620163816928742,-0.0,0.3620163816928742,0.7966763915144026,True,1.0,-0.260013547264119,0.5031656114628457,chem
CPC003 HCC515 24H-hexamethylquercetagetin-10.0,hexamethylquercetagetin,HCC515,24H,10.0,32,41,0,0,1.0,1.0,0.0,0.0,-0.0,-0.0,0.0,1.0,False,1.0,-0.9543441206638258,1.0,chem
CPC003 HCC515 24H-reserpine-10.0,reserpine,HCC515,24H,10.0,87,31,0,2,1.0,0.5731589146951137,0.0,1.0499159663865547,0.2417249483526789,0.17226599602448384,0.06945895232819507,0.8921747319014167,True,1.0,-0.4907269185640632,0.6101299566811063,chem
CPC003 HCC515 24H-thiothixene-10.0,thiothixene,HCC515,24H,10.0,120,38,2,2,0.08313025277671661,0.7450317505639639,4.413888888888889,0.7523002421307506,1.2080661177176293,0.10432000292436235,1.103746114793267,0.23421682459050958,True,1.0,1.3626704749111729,0.10263245584805065,chem
CPC003 HCC515 6H-flumethasone-10.0,flumethasone,HCC515,6H,10.0,62,37,0,3,1.0,0.15442828262202163,0.0,2.294720156078527,0.8112731582630347,0.9839002193598718,-0.17262706109683712,0.44290424947949036,True,1.0,0.6016400437170194,0.21926024658447185,chem
CPC003 HCC515 6H-bucladesine-10.0,bucladesine,HCC515,6H,10.0,58,113,0,0,1.0,1.0,0.0,0.0,-0.0,0.9916219934674118,-0.9916219934674118,1.0,False,1.0,-0.9543441206638258,1.0,chem
CPC003 HCC515 6H-trichostatin a-10.0,trichostatin a,HCC515,6H,10.0,46,73,0,2,1.0,0.2675399479808848,0.0,2.0415584415584416,0.5726113617087648,0.3518388437881739,0.22077251792059088,0.6202877269843359,True,1.0,0.14389782422067948,0.3515494835054982,chem
CPC003 HCC515 6H-daunorubicin hydrochloride-10.0,daunorubicin hydrochloride,HCC515,6H,10.0,31,70,0,0,1.0,1.0,0.0,0.0,-0.0,0.10234523670003882,-0.10234523670003882,1.0,False,1.0,-0.9543441206638258,1.0,chem
CPC003 HCC515 6H-hoechst  33342 (cell permeable) (bisbenzimide)-10.0,hoechst  33342 (cell permeable) (bisbenzimide),HCC515,6H,10.0,68,72,0,1,1.0,0.7804228786816634,0.0,0.6631734942309728,0.10767000742262935,0.7694168404010603,-0.661746832978431,0.9739048146533101,False,1.0,-0.747838056926831,0.716427857380873,chem
CPC003 HCC515 6H-puromycin dihydrochloride-10.0,puromycin dihydrochloride,HCC515,6H,10.0,162,78,0,9,1.0,0.009000877670037379,0.0,2.732861565678903,2.0457151407084675,0.2124544285123361,1.8332607121961315,0.05139891056367692,True,1.0,2.9692423204205083,0.014661779406864379,chem
CPC003 HCC515 6H-bufalin-10.0,bufalin,HCC515,6H,10.0,67,57,0,2,1.0,0.4344938346499571,0.0,1.3773626373626373,0.3620163816928742,0.38265736596103833,-0.02064098426816413,0.7966763915144026,True,1.0,-0.260013547264119,0.5031656114628457,chem
CPC003 HCC515 6H-vorinostat-10.0,vorinostat,HCC515,6H,10.0,54,58,0,4,1.0,0.030105166159882353,0.0,3.641739130434783,1.5213589714423548,0.13948074947219694,1.3818782219701577,0.13556532403106364,True,1.0,1.9635515890516517,0.05398200599800067,chem
CPC003 PC3 24H-butoconazole-10.0,butoconazole,PC3,24H,10.0,14,10,0,0,1.0,1.0,0.0,0.0,-0.0,-0.0,0.0,1.0,False,1.0,-0.9543441206638258,1.0,chem
CPC003 PC3 24H-trichostatin a-10.0,trichostatin a,PC3,24H,10.0,185,219,5,6,0.14374817414847105,0.22003562893004527,1.8746207063964073,1.5165133092343082,1.4999046539168717,0.2270160502980777,1.272888603618794,0.1408679581672315,True,1.0,1.9224032064295478,0.05664778407197601,chem
CPC003 PC3 24H-geldanamycin-10.0,geldanamycin,PC3,24H,10.0,91,80,0,2,1.0,0.5977922125178159,0.0,1.0020866773675763,0.22344974684536567,1.0852460781124367,-0.861796331267071,0.9053635129125419,True,1.0,-0.5257779046057199,0.6197934021992669,chem
CPC003 PC3 24H-securinine-10.0,securinine,PC3,24H,10.0,18,23,1,1,0.25448668572827027,0.329502428825324,3.574635241301908,2.634543178973717,1.0764763140058533,-0.0,1.0764763140058533,0.2917010253909871,True,1.0,1.1102873550161576,0.13128957014328557,chem
CPC003 PC3 24H-suloctidil-10.0,suloctidil,PC3,24H,10.0,71,26,0,1,1.0,0.7947056866867112,0.0,0.6344478216818642,0.09979367928482703,0.5813709418096673,-0.4815772625248403,0.977315891807183,False,1.0,-0.7629444877646601,0.7220926357880706,chem
CPC003 PC3 24H-ivermectin-10.0,ivermectin,PC3,24H,10.0,69,37,1,0,0.3768461025365561,1.0,2.179698216735254,0.0,0.4238359719820018,0.6626870763640594,-0.23885110438205764,0.7446171445637295,True,1.0,-0.14144644990773497,0.4595134955014995,chem
CPC003 PC3 24H-cgk 733-10.0,cgk 733,PC3,24H,10.0,103,139,3,2,0.2576872825420678,0.6652806581435554,1.7468354430379747,0.8813295615275814,0.7659021170611907,2.3796193572026367,-1.6137172401414461,0.4737682616336437,True,1.0,0.5146204980652317,0.24058647117627457,chem
CPC003 PC3 24H-econazole nitrate-10.0,econazole nitrate,PC3,24H,10.0,27,15,0,0,1.0,1.0,0.0,0.0,-0.0,-0.0,0.0,1.0,False,1.0,-0.9543441206638258,1.0,chem
CPC003 PC3 24H-vinblastine sulfate-10.0,vinblastine sulfate,PC3,24H,10.0,62,57,0,1,1.0,0.7488310518614769,0.0,0.7291012672945006,0.12561615495840892,0.8759618322692106,-0.7503456773108017,0.9654243574822806,False,1.0,-0.7134181810898177,0.7000999666777741,chem
CPC003 PC3 24H-vincristine sulfate-10.0,vincristine sulfate,PC3,24H,10.0,31,44,0,0,1.0,1.0,0.0,0.0,-0.0,0.20456482561205844,-0.20456482561205844,1.0,False,1.0,-0.9543441206638258,1.0,chem
CPC003 PC3 24H-flunisolide-10.0,flunisolide,PC3,24H,10.0,8,14,0,0,1.0,1.0,0.0,0.0,-0.0,-0.0,0.0,1.0,False,1.0,-0.9543441206638258,1.0,chem
CPC003 PC3 24H-daunorubicin hydrochloride-10.0,daunorubicin hydrochloride,PC3,24H,10.0,67,117,2,1,0.4385914984930246,0.7754460309199388,1.3645652173913043,0.6733290350311627,0.4683882133867567,1.0041679955814307,-0.5357797821946739,0.7069075047498399,True,1.0,-0.05599732416333909,0.42085971342885703,chem
CPC003 PC3 24H-sulconazole nitrate-10.0,sulconazole nitrate,PC3,24H,10.0,34,19,0,0,1.0,1.0,0.0,0.0,-0.0,0.463125985490834,-0.463125985490834,1.0,False,1.0,-0.9543441206638258,1.0,chem
CPC003 PC3 24H-gw 6471-10.0,gw 6471,PC3,24H,10.0,16,4,0,0,1.0,1.0,0.0,0.0,-0.0,-0.0,0.0,1.0,False,1.0,-0.9543441206638258,1.0,chem
CPC003 PC3 24H-dactinomycin-10.0,dactinomycin,PC3,24H,10.0,121,137,1,2,0.8288230065445203,0.749177934867542,0.5679012345679012,0.7458583433373349,0.20695322439462221,0.5757320988752921,-0.36877887448066987,0.9168288882772251,False,1.0,-0.557417466988958,0.6327890703098967,chem
CPC003 PC3 24H-hydrocortisone-10.0,hydrocortisone,PC3,24H,10.0,10,12,0,0,1.0,1.0,0.0,0.0,-0.0,-0.0,0.0,1.0,False,1.0,-0.9543441206638258,1.0,chem
CPC003 PC3 24H-wortmannin-10.0,wortmannin,PC3,24H,10.0,97,140,6,1,0.00837071137027153,0.8855433919286201,3.6869599371563235,0.46069739952718675,2.130027786055686,0.8614275230599667,1.2686002629957192,0.04376838342359974,True,1.0,3.130950050648156,0.011329556814395202,chem
CPC003 PC3 24H-hexylcaine hydrochloride-10.0,hexylcaine hydrochloride,PC3,24H,10.0,32,29,0,0,1.0,1.0,0.0,0.0,-0.0,-0.0,0.0,1.0,False,1.0,-0.9543441206638258,1.0,chem
CPC003 PC3 24H-mt-21-10.0,mt-21,PC3,24H,10.0,18,16,0,0,1.0,1.0,0.0,0.0,-0.0,2.3286435450304457,-2.3286435450304457,1.0,False,1.0,-0.9543441206638258,1.0,chem
CPC003 PC3 24H-BRD-K03015355-10.0,brd-k03015355,PC3,24H,10.0,16,17,0,0,1.0,1.0,0.0,0.0,-0.0,-0.0,0.0,1.0,False,1.0,-0.9543441206638258,1.0,chem
CPC003 PC3 24H-ay 9944-10.0,ay 9944,PC3,24H,10.0,29,9,0,0,1.0,1.0,0.0,0.0,-0.0,-0.0,0.0,1.0,False,1.0,-0.9543441206638258,1.0,chem
CPC003 PC3 24H-psoromic acid-10.0,psoromic acid,PC3,24H,10.0,6,11,0,0,1.0,1.0,0.0,0.0,-0.0,-0.0,0.0,1.0,False,1.0,-0.9543441206638258,1.0,chem
CPC003 PC3 24H-ly 364947-10.0,ly 364947,PC3,24H,10.0,15,26,0,0,1.0,1.0,0.0,0.0,-0.0,0.9572100567442597,-0.9572100567442597,1.0,False,1.0,-0.9543441206638258,1.0,chem
CPC003 PC3 24H-le 135-10.0,le 135,PC3,24H,10.0,29,6,0,0,1.0,1.0,0.0,0.0,-0.0,-0.0,0.0,1.0,False,1.0,-0.9543441206638258,1.0,chem
"CPC003 PC3 24H-brl 37344, sodium salt-10.0","brl 37344, sodium salt",PC3,24H,10.0,16,17,0,1,1.0,0.2990120381303704,0.0,2.986761229314421,0.5243113267647002,-0.0,0.5243113267647002,0.6600007335052211,True,1.0,0.051260604874098746,0.3822059313562146,chem
CPC003 PC3 24H-nnc 26-9100-10.0,nnc 26-9100,PC3,24H,10.0,19,9,0,0,1.0,1.0,0.0,0.0,-0.0,-0.0,0.0,1.0,False,1.0,-0.9543441206638258,1.0,chem
CPC003 PC3 24H-hoechst  33342 (cell permeable) (bisbenzimide)-10.0,hoechst  33342 (cell permeable) (bisbenzimide),PC3,24H,10.0,73,100,0,2,1.0,0.4786741886222464,0.0,1.259758551307847,0.31995999019332333,1.3762209611630836,-1.0562609709697601,0.831330266650633,True,1.0,-0.3406757490364663,0.5398200599800067,chem
CPC003 PC3 24H-sericetin dimethyl ether-10.0,sericetin dimethyl ether,PC3,24H,10.0,39,69,0,2,1.0,0.21046312660341557,0.0,2.4305019305019306,0.6768239820868034,0.4060245634531765,0.2707994186336269,0.5384582943198126,True,1.0,0.34377278049808974,0.28157280906364546,chem
CPC003 PC3 24H-lovastatin-10.0,lovastatin,PC3,24H,10.0,36,49,1,1,0.4657772989980638,0.550940054199812,1.631687242798354,1.2759878419452888,0.590717334475274,0.5344919444562709,0.05622539001900306,0.6056576766196607,True,1.0,0.17862423741265254,0.3388870376541153,chem
CPC003 PC3 24H-lasalocid sodium salt-10.0,lasalocid sodium salt,PC3,24H,10.0,80,33,0,1,1.0,0.8322496989743087,0.0,0.5613609839303348,0.0797463532560896,0.19274439605369217,-0.11299804279760257,0.9850696892279829,False,1.0,-0.801394326171346,0.7337554148617128,chem
CPC003 PC3 24H-BRD-K10705233-10.0,brd-k10705233,PC3,24H,10.0,19,12,0,0,1.0,1.0,0.0,0.0,-0.0,-0.0,0.0,1.0,False,1.0,-0.9543441206638258,1.0,chem
CPC003 PC3 24H-phenformin hydrochloride-10.0,phenformin hydrochloride,PC3,24H,10.0,13,10,0,0,1.0,1.0,0.0,0.0,-0.0,-0.0,0.0,1.0,False,1.0,-0.9543441206638258,1.0,chem
CPC003 PC3 24H-nsc 3852-10.0,nsc 3852,PC3,24H,10.0,144,93,0,4,1.0,0.3889515592698642,0.0,1.2819875776397516,0.4101044831261424,1.0200498081362641,-0.6099453250101217,0.7562386992685923,True,1.0,-0.16778280652877073,0.4708430523158947,chem
CPC003 PC3 24H-penfluridol-10.0,penfluridol,PC3,24H,10.0,78,17,0,1,1.0,0.8245448959637394,0.0,0.5761260016579165,0.08378569230754836,0.701616417136435,-0.6178307248288866,0.9836191366591749,False,1.0,-0.793647061844135,0.7297567477507497,chem
CPC003 PC3 24H-cccp-10.0,cccp,PC3,24H,10.0,45,50,0,0,1.0,1.0,0.0,0.0,-0.0,-0.0,0.0,1.0,False,1.0,-0.9543441206638258,1.0,chem
"CPC003 PC3 24H-tyrphostin b44, (+) enantiomer-10.0","tyrphostin b44, (+) enantiomer",PC3,24H,10.0,18,12,0,0,1.0,1.0,0.0,0.0,-0.0,-0.0,0.0,1.0,False,1.0,-0.9543441206638258,1.0,chem
CPC003 PC3 24H-butein-10.0,butein,PC3,24H,10.0,25,29,0,1,1.0,0.42621022100959977,0.0,1.864066193853428,0.3703761396174927,0.3232027624497683,0.047173377167724406,0.789691920411482,True,1.0,-0.24397992059192203,0.4971676107964012,chem
CPC003 PC3 24H-jtc 801-10.0,jtc 801,PC3,24H,10.0,99,99,0,2,1.0,0.6438463024494593,0.0,0.9182621502209131,0.19121779407598474,2.5204962919322953,-2.3292784978563104,0.927328766096767,False,1.0,-0.5875972900807751,0.647450849716761,chem
CPC003 PC3 24H-bay 59-3074-10.0,bay 59-3074,PC3,24H,10.0,12,5,0,1,1.0,0.23384061641080872,0.0,4.075435203094777,0.6310800528359605,-0.0,0.6310800528359605,0.5736380458255381,True,1.0,0.25603805292093007,0.3092302565811396,chem
CPC003 PC3 24H-estradiol-10.0,estradiol,PC3,24H,10.0,16,7,0,0,1.0,1.0,0.0,0.0,-0.0,-0.0,0.0,1.0,False,1.0,-0.9543441206638258,1.0,chem
CPC003 PC3 24H-rg-14620-10.0,rg-14620,PC3,24H,10.0,17,23,0,0,1.0,1.0,0.0,0.0,-0.0,1.1077108845364767,-1.1077108845364767,1.0,False,1.0,-0.9543441206638258,1.0,chem
CPC003 PC3 24H-scriptaid-10.0,scriptaid,PC3,24H,10.0,139,154,1,1,0.8628599478275557,0.9556859685310664,0.5034293552812071,0.31832665227669854,0.08374447988953107,0.3433924925584783,-0.2596480126689472,0.9836342290285329,False,1.0,-0.7937261053440432,0.7297567477507497,chem
CPC003 PC3 24H-fenretinide-10.0,fenretinide,PC3,24H,10.0,41,17,0,0,1.0,1.0,0.0,0.0,-0.0,0.3893348552704433,-0.3893348552704433,1.0,False,1.0,-0.9543441206638258,1.0,chem
CPC003 PC3 24H-chloroguanide hydrochloride-10.0,chloroguanide hydrochloride,PC3,24H,10.0,6,9,0,0,1.0,1.0,0.0,0.0,-0.0,-0.0,0.0,1.0,False,1.0,-0.9543441206638258,1.0,chem
CPC003 PC3 24H-flavokawain b-10.0,flavokawain b,PC3,24H,10.0,41,24,0,1,1.0,0.5983406945291184,0.0,1.1156028368794326,0.2230514587851949,0.7730761923490401,-0.5500247335638453,0.9056454619772062,True,1.0,-0.5265418025705121,0.6214595134955015,chem
CPC003 PC3 24H-devazepide-10.0,devazepide,PC3,24H,10.0,96,101,0,2,1.0,0.6270766769139553,0.0,0.9480243161094225,0.20267935179351512,0.9631434790758395,-0.7604641272823244,0.9197248677101375,False,1.0,-0.5656145557502107,0.639786737754082,chem
CPC003 PC3 24H-cgp 71683 hydrochloride-10.0,cgp 71683 hydrochloride,PC3,24H,10.0,80,87,2,2,0.3021357766264235,0.527493035028704,1.855,1.1454212454212453,0.7975811162023791,0.4344693444063711,0.36311177179600806,0.45206556293669276,True,1.0,0.5753793442135002,0.22292569143618793,chem
CPC003 PC3 24H-su1498-10.0,su1498,PC3,24H,10.0,36,6,0,1,1.0,0.550940054199812,0.0,1.2759878419452888,0.2588956525938111,-0.0,0.2588956525938111,0.8793715466909027,True,1.0,-0.45779430688038386,0.5958013995334889,chem
CPC003 PC3 24H-sr 59230a hydrochloride-10.0,sr 59230a hydrochloride,PC3,24H,10.0,7,12,0,1,1.0,0.14385787876763215,0.0,7.4775413711583925,0.8420663478048985,-0.0,0.8420663478048985,0.42278815217554033,True,1.0,0.6606999482755567,0.20593135621459513,chem
CPC003 PC3 24H-strophantine octahydrate-10.0,strophantine octahydrate,PC3,24H,10.0,71,84,0,1,1.0,0.7947056866867112,0.0,0.6344478216818642,0.09979367928482703,-0.0,0.09979367928482703,0.977315891807183,False,1.0,-0.7629444877646601,0.7220926357880706,chem
CPC003 PC3 24H-puromycin dihydrochloride-10.0,puromycin dihydrochloride,PC3,24H,10.0,159,179,0,2,1.0,0.8689513263455478,0.0,0.5618744313011829,0.06100454954853233,0.8478141381522806,-0.7868095886037483,0.9910113258440424,False,1.0,-0.8373402335194087,0.7444185271576141,chem
CPC003 PC3 24H-way 170523-10.0,way 170523,PC3,24H,10.0,38,27,0,0,1.0,1.0,0.0,0.0,-0.0,0.3456285941430332,-0.3456285941430332,1.0,False,1.0,-0.9543441206638258,1.0,chem
CPC003 PC3 24H-hinokitiol-10.0,hinokitiol,PC3,24H,10.0,95,35,0,2,1.0,0.6213536046765916,0.0,0.9583717357910906,0.2066611778354322,1.1921182918155278,-0.9854571139800956,0.9170277915371142,False,1.0,-0.5579775986988922,0.6331222925691437,chem
CPC003 PC3 24H-BRD-K37865504-10.0,brd-k37865504,PC3,24H,10.0,50,82,0,1,1.0,0.6714827869538534,0.0,0.9093935446519034,0.1729651157231477,0.07591803311507811,0.0970470826080696,0.9389121529512973,False,1.0,-0.6226050777602773,0.6624458513828724,chem
CPC003 PC3 24H-malonoben-10.0,malonoben,PC3,24H,10.0,122,128,3,2,0.22048018545978273,0.7532665405295056,1.9038987341772151,0.7395238095238095,0.7796817575969327,1.1625439965057347,-0.382862238908802,0.4642416677368155,True,1.0,0.5410492073675099,0.23225591469510162,chem
CPC003 PC3 24H-podofilox-10.0,podofilox,PC3,24H,10.0,26,46,0,0,1.0,1.0,0.0,0.0,-0.0,0.1932981984307902,-0.1932981984307902,1.0,False,1.0,-0.9543441206638258,1.0,chem
CPC003 PC3 24H-tramadol hydrochloride-10.0,tramadol hydrochloride,PC3,24H,10.0,10,14,0,0,1.0,1.0,0.0,0.0,-0.0,-0.0,0.0,1.0,False,1.0,-0.9543441206638258,1.0,chem
CPC003 PC3 24H-amitriptyline hydrochloride-10.0,amitriptyline hydrochloride,PC3,24H,10.0,12,11,0,0,1.0,1.0,0.0,0.0,-0.0,-0.0,0.0,1.0,False,1.0,-0.9543441206638258,1.0,chem
"CPC003 PC3 24H-fluphenazine-n-2-chloroethane, dihydrochloride-10.0","fluphenazine-n-2-chloroethane, dihydrochloride",PC3,24H,10.0,24,24,0,0,1.0,1.0,0.0,0.0,-0.0,-0.0,0.0,1.0,False,1.0,-0.9543441206638258,1.0,chem
CPC003 PC3 24H-enalapril maleate-10.0,enalapril maleate,PC3,24H,10.0,6,19,0,0,1.0,1.0,0.0,0.0,-0.0,-0.0,0.0,1.0,False,1.0,-0.9543441206638258,1.0,chem
CPC003 PC3 24H-leoidin dimethyl ether-10.0,leoidin dimethyl ether,PC3,24H,10.0,25,16,0,1,1.0,0.42621022100959977,0.0,1.864066193853428,0.3703761396174927,-0.0,0.3703761396174927,0.789691920411482,True,1.0,-0.24397992059192203,0.4971676107964012,chem
CPC003 PC3 24H-deguelin(-)-10.0,deguelin(-),PC3,24H,10.0,50,5,0,1,1.0,0.6714827869538534,0.0,0.9093935446519034,0.1729651157231477,-0.0,0.1729651157231477,0.9389121529512973,False,1.0,-0.6226050777602773,0.6624458513828724,chem
CPC003 PC3 24H-flumethasone-10.0,flumethasone,PC3,24H,10.0,2,16,0,0,1.0,1.0,0.0,0.0,-0.0,-0.0,0.0,1.0,False,1.0,-0.9543441206638258,1.0,chem
CPC003 PC3 24H-bufalin-10.0,bufalin,PC3,24H,10.0,85,96,0,2,1.0,0.5604415890053939,0.0,1.0755593803786574,0.25146964425462504,0.1778356414258281,0.07363400282879692,0.8849542247521202,True,1.0,-0.4720370453004158,0.6004665111629457,chem
CPC003 PC3 24H-gp 1a-10.0,gp 1a,PC3,24H,10.0,18,6,0,0,1.0,1.0,0.0,0.0,-0.0,-0.0,0.0,1.0,False,1.0,-0.9543441206638258,1.0,chem
CPC003 PC3 24H-cct 018159-10.0,cct 018159,PC3,24H,10.0,51,75,0,2,1.0,0.3083955807540339,0.0,1.8317784256559766,0.5108918539281119,1.620785482657153,-1.1098936287290413,0.6711834966957433,True,1.0,0.025522680458139813,0.392535821392869,chem
CPC003 PC3 24H-cgp 7930-10.0,cgp 7930,PC3,24H,10.0,10,16,0,1,1.0,0.1990335100833351,0.0,4.982663514578408,0.701073797866221,-0.0,0.701073797866221,0.5203297379452708,True,1.0,0.39028279868076066,0.27090969676774407,chem
CPC003 PC3 24H-pq 401-10.0,pq 401,PC3,24H,10.0,42,11,0,1,1.0,0.6072067945410671,0.0,1.0882200311364816,0.216663377403777,-0.0,0.216663377403777,0.9101336802598143,True,1.0,-0.5387938453862066,0.6254581806064645,chem
CPC003 PC3 24H-nsc 95397-10.0,nsc 95397,PC3,24H,10.0,35,12,0,1,1.0,0.5408135634417319,0.0,1.3137254901960784,0.26695242495467336,-0.0,0.26695242495467336,0.8732412092558232,True,1.0,-0.44234179241982474,0.5888037320893036,chem
CPC003 PC3 24H-phosphodiesterase v inhibitor ii-10.0,phosphodiesterase v inhibitor ii,PC3,24H,10.0,22,17,0,0,1.0,1.0,0.0,0.0,-0.0,0.502482206893496,-0.502482206893496,1.0,False,1.0,-0.9543441206638258,1.0,chem
CPC003 PC3 24H-cefixime-10.0,cefixime,PC3,24H,10.0,26,35,0,0,1.0,1.0,0.0,0.0,-0.0,0.26695242495467336,-0.26695242495467336,1.0,False,1.0,-0.9543441206638258,1.0,chem
CPC003 PC3 24H-c-1-10.0,c-1,PC3,24H,10.0,8,13,0,0,1.0,1.0,0.0,0.0,-0.0,1.0132348265699376,-1.0132348265699376,1.0,False,1.0,-0.9543441206638258,1.0,chem
CPC003 PC3 24H-ag 555-10.0,ag 555,PC3,24H,10.0,22,12,0,0,1.0,1.0,0.0,0.0,-0.0,-0.0,0.0,1.0,False,1.0,-0.9543441206638258,1.0,chem
CPC003 PC3 24H-ssr 69071-10.0,ssr 69071,PC3,24H,10.0,13,25,0,0,1.0,1.0,0.0,0.0,-0.0,0.3703761396174927,-0.3703761396174927,1.0,False,1.0,-0.9543441206638258,1.0,chem
CPC003 PC3 24H-telmisartan-10.0,telmisartan,PC3,24H,10.0,20,4,0,1,1.0,0.35867553496041954,0.0,2.356476297125793,0.44529824527564915,-0.0,0.44529824527564915,0.7264388683586092,True,1.0,-0.10028280849251912,0.4428523825391536,chem
CPC003 PC3 24H-gs39783-10.0,gs39783,PC3,24H,10.0,17,12,0,0,1.0,1.0,0.0,0.0,-0.0,0.7098667053839154,-0.7098667053839154,1.0,False,1.0,-0.9543441206638258,1.0,chem
CPC003 PC3 24H-enrofloxacin-10.0,enrofloxacin,PC3,24H,10.0,28,20,0,0,1.0,1.0,0.0,0.0,-0.0,-0.0,0.0,1.0,False,1.0,-0.9543441206638258,1.0,chem
CPC003 PC3 24H-sb 415286-10.0,sb 415286,PC3,24H,10.0,10,10,0,0,1.0,1.0,0.0,0.0,-0.0,-0.0,0.0,1.0,False,1.0,-0.9543441206638258,1.0,chem
CPC003 PC3 24H-nnc 55-0396 dihydrochloride-10.0,nnc 55-0396 dihydrochloride,PC3,24H,10.0,27,24,0,0,1.0,1.0,0.0,0.0,-0.0,1.0160756974218452,-1.0160756974218452,1.0,False,1.0,-0.9543441206638258,1.0,chem
CPC003 PC3 24H-vorinostat-10.0,vorinostat,PC3,24H,10.0,84,109,1,3,0.753702086383535,0.2799624355993186,0.7183356195701874,1.6656008526512123,0.6757005194157513,0.547392887621223,0.1283076317945283,0.5393071676411156,True,1.0,0.3416180313761382,0.28257247584138623,chem
CPC003 PC3 24H-pyrimethamine-10.0,pyrimethamine,PC3,24H,10.0,35,29,1,0,0.30958910347272567,1.0,2.8059964726631392,0.0,0.5092143334702399,0.3232027624497683,0.1860115710204716,0.6725852168095567,True,1.0,0.0223052742845371,0.3958680439853382,chem
CPC003 PC3 24H-nonoxynol-9-10.0,nonoxynol-9,PC3,24H,10.0,62,18,0,1,1.0,0.7488310518614769,0.0,0.7291012672945006,0.12561615495840892,1.3623047308958045,-1.2366885759373956,0.9654243574822806,False,1.0,-0.7134181810898177,0.7000999666777741,chem
CPC003 PC3 24H-triamterene-10.0,triamterene,PC3,24H,10.0,40,22,2,1,0.031074274877460555,0.5892759104577799,7.965,1.1443898890707402,1.7372803093487836,0.4127517643182056,1.324528545030578,0.09156092486079553,True,1.0,2.377678667104688,0.03365544818393869,chem
CPC003 PC3 24H-doxorubicin hydrochloride-10.0,doxorubicin hydrochloride,PC3,24H,10.0,123,113,0,2,1.0,0.7572980774715996,0.0,0.7332939787485242,0.12073314570349417,0.8365259401340388,-0.7157927944305447,0.9678256870503987,False,1.0,-0.7227835656064702,0.704098633788737,chem
CPC003 PC3 24H-mycophenolate mofetil-10.0,mycophenolate mofetil,PC3,24H,10.0,98,46,0,2,1.0,0.6383228619654419,0.0,0.9279761904761905,0.19495960074075572,0.14509829150344086,0.049861309237314855,0.9248730611922473,False,1.0,-0.5804206790253522,0.6454515161612796,chem
CPC003 PC3 24H-pha 665752-10.0,pha 665752,PC3,24H,10.0,45,4,0,1,1.0,0.6326557707753426,0.0,1.0135396518375241,0.19883252618512057,-0.0,0.19883252618512057,0.9223038099527754,True,1.0,-0.5729925882523731,0.6441186271242919,chem
CPC003 PC3 24H-hexamethylquercetagetin-10.0,hexamethylquercetagetin,PC3,24H,10.0,8,13,0,0,1.0,1.0,0.0,0.0,-0.0,-0.0,0.0,1.0,False,1.0,-0.9543441206638258,1.0,chem
CPC003 PC3 24H-thiothixene-10.0,thiothixene,PC3,24H,10.0,25,6,0,1,1.0,0.42621022100959977,0.0,1.864066193853428,0.3703761396174927,-0.0,0.3703761396174927,0.789691920411482,True,1.0,-0.24397992059192203,0.4971676107964012,chem
CPC003 PC3 6H-hydroquinidine-10.0,hydroquinidine,PC3,6H,10.0,10,14,0,0,1.0,1.0,0.0,0.0,-0.0,-0.0,0.0,1.0,False,1.0,-0.9543441206638258,1.0,chem
CPC003 PC3 6H-trichostatin a-10.0,trichostatin a,PC3,6H,10.0,134,81,0,2,1.0,0.7980288380697089,0.0,0.670995670995671,0.09798141442840695,0.8744770086321827,-0.7764955942037758,0.9780725585564618,False,1.0,-0.7664203274242526,0.7224258580473175,chem
CPC003 PC3 6H-geldanamycin-10.0,geldanamycin,PC3,6H,10.0,102,36,1,2,0.36880667214133844,0.6600204894971509,2.2423280423280425,0.8902857142857142,0.6136438127841042,0.8580214233061413,-0.2443776105220371,0.5873643545899099,True,1.0,0.22259615590917775,0.31922692435854716,chem
CPC003 PC3 6H-suloctidil-10.0,suloctidil,PC3,6H,10.0,76,27,1,0,0.2916840368340455,1.0,3.022792022792023,0.0,0.5350873381206043,0.20578816707929776,0.3292991710413065,0.6510633090684346,True,1.0,0.07192849318544675,0.3748750416527824,chem
CPC003 PC3 6H-homosalate-10.0,homosalate,PC3,6H,10.0,32,22,0,0,1.0,1.0,0.0,0.0,-0.0,0.4741630262008153,-0.4741630262008153,1.0,False,1.0,-0.9543441206638258,1.0,chem
CPC003 PC3 6H-ivermectin-10.0,ivermectin,PC3,6H,10.0,23,8,0,0,1.0,1.0,0.0,0.0,-0.0,-0.0,0.0,1.0,False,1.0,-0.9543441206638258,1.0,chem
CPC003 PC3 6H-cgk 733-10.0,cgk 733,PC3,6H,10.0,50,30,1,2,0.31837322969696735,0.3002473560088206,2.7088122605363987,1.8702380952380953,1.0195842652248264,0.6382688335354478,0.38131543168937854,0.3200070980917263,True,1.0,1.001171052965697,0.14561812729090304,chem
CPC003 PC3 6H-vincristine sulfate-10.0,vincristine sulfate,PC3,6H,10.0,38,28,0,0,1.0,1.0,0.0,0.0,-0.0,-0.0,0.0,1.0,False,1.0,-0.9543441206638258,1.0,chem
CPC003 PC3 6H-daunorubicin hydrochloride-10.0,daunorubicin hydrochloride,PC3,6H,10.0,66,162,2,0,0.6131201248353046,1.0,0.97375,0.0,0.2124544285123361,0.5645429040250409,-0.35208847551270483,0.9130550564523151,False,1.0,-0.54686641349359,0.627790736421193,chem
CPC003 PC3 6H-dactinomycin-10.0,dactinomycin,PC3,6H,10.0,70,137,2,2,0.5214377213017352,0.4568394745592374,1.1587037037037038,1.3159663865546218,0.6230339314025377,1.1046578656428558,-0.48162393424031813,0.5799514790351643,True,1.0,0.24060596644355156,0.31556147950683106,chem
CPC003 PC3 6H-wortmannin-10.0,wortmannin,PC3,6H,10.0,154,60,0,4,1.0,0.43864886539329556,0.0,1.1945893719806764,0.3578829896476459,1.350648184663628,-0.9927651950159821,0.80012011104332,True,1.0,-0.26794120085655765,0.5068310563145618,chem
CPC003 PC3 6H-cl 82198 hydrochloride-10.0,cl 82198 hydrochloride,PC3,6H,10.0,22,15,0,0,1.0,1.0,0.0,0.0,-0.0,-0.0,0.0,1.0,False,1.0,-0.9543441206638258,1.0,chem
CPC003 PC3 6H-BRD-K03015355-10.0,brd-k03015355,PC3,6H,10.0,24,18,0,2,1.0,0.09636610431010836,0.0,4.097402597402597,1.0160756974218452,1.0605982251564172,-0.04452252773457199,0.32182431463692596,True,1.0,0.9944417831932523,0.1486171276241253,chem
"CPC003 PC3 6H-brl 37344, sodium salt-10.0","brl 37344, sodium salt",PC3,6H,10.0,26,24,0,0,1.0,1.0,0.0,0.0,-0.0,0.5488889053617282,-0.5488889053617282,1.0,False,1.0,-0.9543441206638258,1.0,chem
CPC003 PC3 6H-nnc 26-9100-10.0,nnc 26-9100,PC3,6H,10.0,35,34,0,0,1.0,1.0,0.0,0.0,-0.0,-0.0,0.0,1.0,False,1.0,-0.9543441206638258,1.0,chem
CPC003 PC3 6H-hoechst  33342 (cell permeable) (bisbenzimide)-10.0,hoechst  33342 (cell permeable) (bisbenzimide),PC3,6H,10.0,53,46,0,2,1.0,0.3246343487509062,0.0,1.7593837535014005,0.4886055304624651,-0.0,0.4886055304624651,0.6898661091975169,True,1.0,-0.01722145083921597,0.40819726757747415,chem
CPC003 PC3 6H-lasalocid sodium salt-10.0,lasalocid sodium salt,PC3,6H,10.0,25,34,1,0,0.3524192105517165,1.0,2.3789749345304902,0.0,0.4529404260000321,-0.0,0.4529404260000321,0.7199691427045483,True,1.0,-0.08562546149741368,0.4351882705764745,chem
CPC003 PC3 6H-BRD-K10705233-10.0,brd-k10705233,PC3,6H,10.0,32,12,0,1,1.0,0.50905354969512,0.0,1.441546556851979,0.29323652981680803,-0.0,0.29323652981680803,0.8527675562589397,True,1.0,-0.39193010244357745,0.56647784071976,chem
CPC003 PC3 6H-tyrphostin b44 (-)-10.0,tyrphostin b44 (-),PC3,6H,10.0,14,30,0,0,1.0,1.0,0.0,0.0,-0.0,-0.0,0.0,1.0,False,1.0,-0.9543441206638258,1.0,chem
CPC003 PC3 6H-phenformin hydrochloride-10.0,phenformin hydrochloride,PC3,6H,10.0,23,23,0,0,1.0,1.0,0.0,0.0,-0.0,0.3978441791525614,-0.3978441791525614,1.0,False,1.0,-0.9543441206638258,1.0,chem
CPC003 PC3 6H-nsc 3852-10.0,nsc 3852,PC3,6H,10.0,31,16,0,0,1.0,1.0,0.0,0.0,-0.0,-0.0,0.0,1.0,False,1.0,-0.9543441206638258,1.0,chem
CPC003 PC3 6H-penfluridol-10.0,penfluridol,PC3,6H,10.0,46,19,1,0,0.21536096059990822,1.0,4.3717421124828535,0.0,0.6668330203168664,0.463125985490834,0.20370703482603242,0.5460347448621972,True,1.0,0.3246105807597915,0.28523825391536156,chem
CPC003 PC3 6H-cccp-10.0,cccp,PC3,6H,10.0,48,26,0,2,1.0,0.2839095009713827,0.0,1.9521739130434783,0.5468200736580036,0.6959976881004768,-0.14917761444247324,0.6413798827110317,True,1.0,0.09443133395506907,0.36987670776407866,chem
"CPC003 PC3 6H-tyrphostin b44, (+) enantiomer-10.0","tyrphostin b44, (+) enantiomer",PC3,6H,10.0,31,18,0,1,1.0,0.49798952875506386,0.0,1.4898345153664303,0.3027797890710162,-0.0,0.3027797890710162,0.8451759903818608,True,1.0,-0.37362657529629517,0.5541486171276241,chem
CPC003 PC3 6H-jtc 801-10.0,jtc 801,PC3,6H,10.0,170,69,0,5,1.0,0.31696669747839623,0.0,1.3640787436407875,0.4989863651044306,0.2991058839808063,0.19988048112362433,0.6811482996502021,True,1.0,0.002688506924624498,0.40386537820726426,chem
CPC003 PC3 6H-estradiol-10.0,estradiol,PC3,6H,10.0,22,20,0,1,1.0,0.38658788127807586,0.0,2.131374535629855,0.4127517643182056,-0.0,0.4127517643182056,0.7539994803439586,True,1.0,-0.1627054443954878,0.4688437187604132,chem
CPC003 PC3 6H-rg-14620-10.0,rg-14620,PC3,6H,10.0,22,13,0,3,1.0,0.011722774269269919,0.0,7.1711472926921624,1.9309695975964014,0.6008860685960127,1.3300835290003887,0.06384482890428206,True,1.0,2.7491657084962093,0.019993335554815063,chem
CPC003 PC3 6H-scriptaid-10.0,scriptaid,PC3,6H,10.0,118,63,1,1,0.5537843286751912,0.9287253152508068,1.2604540023894863,0.37673516396920653,0.28877205461057853,0.22983589953520572,0.05893615507537281,0.856292020429105,True,1.0,-0.4004927581316284,0.5704765078307231,chem
CPC003 PC3 6H-flavokawain b-10.0,flavokawain b,PC3,6H,10.0,33,14,0,1,1.0,0.519875405631676,0.0,1.3962765957446808,0.2841007277695349,-0.0,0.2841007277695349,0.8599602725684471,True,1.0,-0.40945214562926635,0.5761412862379207,chem
CPC003 PC3 6H-devazepide-10.0,devazepide,PC3,6H,10.0,29,38,0,0,1.0,1.0,0.0,0.0,-0.0,-0.0,0.0,1.0,False,1.0,-0.9543441206638258,1.0,chem
CPC003 PC3 6H-cgp 71683 hydrochloride-10.0,cgp 71683 hydrochloride,PC3,6H,10.0,51,20,1,0,0.22532848983783352,1.0,4.14100064977258,0.0,0.6471838939524771,1.578750761749096,-0.9315668677966188,0.5611121010700083,True,1.0,0.28692447077882355,0.29790069976674444,chem
CPC003 PC3 6H-strophantine octahydrate-10.0,strophantine octahydrate,PC3,6H,10.0,126,67,1,4,0.5761845096666045,0.29881744616602124,1.1833146277590723,1.4754098360655739,0.7640324718694067,0.2060130770654972,0.5580193948039095,0.4750710266930894,True,1.0,0.5110346055926455,0.24125291569476842,chem
CPC003 PC3 6H-puromycin dihydrochloride-10.0,puromycin dihydrochloride,PC3,6H,10.0,138,88,0,5,1.0,0.18558625031962336,0.0,1.701059217386532,0.7314542028559198,0.516545740534553,0.21490846232136673,0.49815720953065934,True,1.0,0.44855100167746514,0.2559146951016328,chem
CPC003 PC3 6H-way 170523-10.0,way 170523,PC3,6H,10.0,24,16,0,0,1.0,1.0,0.0,0.0,-0.0,0.5243113267647002,-0.5243113267647002,1.0,False,1.0,-0.9543441206638258,1.0,chem
CPC003 PC3 6H-hinokitiol-10.0,hinokitiol,PC3,6H,10.0,78,24,0,2,1.0,0.5138589275695541,0.0,1.17593984962406,0.2891560938204769,-0.0,0.2891560938204769,0.855989547373036,True,1.0,-0.3997561887985783,0.5704765078307231,chem
CPC003 PC3 6H-BRD-K37865504-10.0,brd-k37865504,PC3,6H,10.0,33,26,0,2,1.0,0.16275415972533228,0.0,2.9036866359447004,0.7884679027740765,0.8210443668027212,-0.03257646402864467,0.4582366867517227,True,1.0,0.5579006249478194,0.22659113628790403,chem
CPC003 PC3 6H-malonoben-10.0,malonoben,PC3,6H,10.0,82,17,0,3,1.0,0.2679948788549785,0.0,1.7083143611692924,0.5718735048752182,-0.0,0.5718735048752182,0.6208871605799575,True,1.0,0.14248264915062428,0.352215928023992,chem
CPC003 PC3 6H-sch 442416-10.0,sch 442416,PC3,6H,10.0,20,8,0,0,1.0,1.0,0.0,0.0,-0.0,-0.0,0.0,1.0,False,1.0,-0.9543441206638258,1.0,chem
CPC003 PC3 6H-nizatidine-10.0,nizatidine,PC3,6H,10.0,40,26,0,2,1.0,0.21856038072636244,0.0,2.366165413533835,0.6604285614684814,0.9572100567442597,-0.29678149527577835,0.5509236131684239,True,1.0,0.312327126724591,0.2922359213595468,chem
CPC003 PC3 6H-podofilox-10.0,podofilox,PC3,6H,10.0,19,12,0,2,1.0,0.06404521198479261,0.0,5.30672268907563,1.193513332528352,-0.0,1.193513332528352,0.24005208652178683,True,1.0,1.3347589101422448,0.10529823392202599,chem
CPC003 PC3 6H-prunetin-10.0,prunetin,PC3,6H,10.0,18,10,0,0,1.0,1.0,0.0,0.0,-0.0,0.6876813615975087,-0.6876813615975087,1.0,False,1.0,-0.9543441206638258,1.0,chem
CPC003 PC3 6H-quinidine gluconate-10.0,quinidine gluconate,PC3,6H,10.0,8,23,1,0,0.25448668572827027,1.0,3.574635241301908,0.0,0.5943349342152388,-0.0,0.5943349342152388,0.6027534354187716,True,1.0,0.18556262536635387,0.3372209263578807,chem
CPC003 PC3 6H-flumethasone-10.0,flumethasone,PC3,6H,10.0,10,15,0,0,1.0,1.0,0.0,0.0,-0.0,0.5478231629924638,-0.5478231629924638,1.0,False,1.0,-0.9543441206638258,1.0,chem
CPC003 PC3 6H-bufalin-10.0,bufalin,PC3,6H,10.0,104,51,0,5,1.0,0.07774630587195053,0.0,2.297795472977955,1.1093202373820503,0.4192247986200865,0.6900954387619638,0.2763340247568121,True,1.0,1.173280471636603,0.12162612462512495,chem
CPC003 PC3 6H-gp 1a-10.0,gp 1a,PC3,6H,10.0,26,9,0,0,1.0,1.0,0.0,0.0,-0.0,-0.0,0.0,1.0,False,1.0,-0.9543441206638258,1.0,chem
CPC003 PC3 6H-nsc 95397-10.0,nsc 95397,PC3,6H,10.0,40,12,0,0,1.0,1.0,0.0,0.0,-0.0,-0.0,0.0,1.0,False,1.0,-0.9543441206638258,1.0,chem
CPC003 PC3 6H-cefixime-10.0,cefixime,PC3,6H,10.0,43,41,0,1,1.0,0.6158785350844703,0.0,1.0621411685241473,0.2105049319006799,0.37365787452986343,-0.16315294262918353,0.9143982595785249,True,1.0,-0.5506054572735489,0.631789403532156,chem
CPC003 PC3 6H-fluvoxamine maleate-10.0,fluvoxamine maleate,PC3,6H,10.0,23,29,0,0,1.0,1.0,0.0,0.0,-0.0,0.5943349342152388,-0.5943349342152388,1.0,False,1.0,-0.9543441206638258,1.0,chem
CPC003 PC3 6H-ssr 69071-10.0,ssr 69071,PC3,6H,10.0,67,33,0,0,1.0,1.0,0.0,0.0,-0.0,0.6817080258355481,-0.6817080258355481,1.0,False,1.0,-0.9543441206638258,1.0,chem
"CPC003 PC3 6H-ici-199,441 hydrochloride-10.0","ici-199,441 hydrochloride",PC3,6H,10.0,33,13,0,1,1.0,0.519875405631676,0.0,1.3962765957446808,0.2841007277695349,0.4633549779716965,-0.17925425020216162,0.8599602725684471,True,1.0,-0.40945214562926635,0.5761412862379207,chem
CPC003 PC3 6H-nnc 55-0396 dihydrochloride-10.0,nnc 55-0396 dihydrochloride,PC3,6H,10.0,42,18,0,1,1.0,0.6072067945410671,0.0,1.0882200311364816,0.216663377403777,0.8635173502121389,-0.646853972808362,0.9101336802598143,True,1.0,-0.5387938453862066,0.6254581806064645,chem
CPC003 PC3 6H-vorinostat-10.0,vorinostat,PC3,6H,10.0,148,81,1,4,0.6461835462951568,0.40893003946816603,0.9740740740740741,1.2455716586151369,0.5779950901398522,0.5214129420566131,0.056582148083239026,0.615921496193778,True,1.0,0.1542235648159117,0.3462179273575475,chem
CPC003 PC3 6H-doxorubicin hydrochloride-10.0,doxorubicin hydrochloride,PC3,6H,10.0,35,59,1,1,0.5302154054815167,0.5408135634417319,1.3482332907620265,1.3137254901960784,0.5425000828883872,0.5787518047200969,-0.03625172183170966,0.644939297473035,True,1.0,0.08614579269275725,0.3715428190603132,chem
CPC003 VCAP 24H-sulpiride-10.0,sulpiride,VCAP,24H,10.0,146,66,0,4,1.0,0.398953651597979,0.0,1.263523167993468,0.39907755550230284,0.11330785843939327,0.28576969706290956,0.7655561636554704,True,1.0,-0.18893194056545373,0.4758413862045985,chem
CPC003 VCAP 24H-bucladesine-10.0,bucladesine,VCAP,24H,10.0,131,70,0,2,1.0,0.7875586762202808,0.0,0.6869324473975637,0.10371707968518042,0.19123148837193915,-0.08751440868675874,0.9756413928606702,False,1.0,-0.7554195883749825,0.7194268577140953,chem
CPC003 VCAP 24H-geldanamycin-10.0,geldanamycin,VCAP,24H,10.0,115,127,1,3,0.8050335131788985,0.4645551047542968,0.6139525769155398,1.1986125385405961,0.4271488030993566,0.026019219069437483,0.4011295840299191,0.7418115236853802,True,1.0,-0.13509259398957713,0.457514161946018,chem
CPC003 VCAP 24H-securinine-10.0,securinine,VCAP,24H,10.0,58,77,2,0,0.2549995603446593,1.0,2.1056666666666666,0.0,0.5934605683505664,0.7776036617379353,-0.1841430933873689,0.6034547913392787,True,1.0,0.18388563232714342,0.3372209263578807,chem
CPC003 VCAP 24H-suloctidil-10.0,suloctidil,VCAP,24H,10.0,86,53,1,1,0.49253813478307085,0.853405330487763,1.5052231718898386,0.5212348769294952,0.3764047874032799,0.3344204701863422,0.04198431721693768,0.784640431281652,True,1.0,-0.23241725468615188,0.49250249916694433,chem
CPC003 VCAP 24H-remacemide hydrochloride-10.0,remacemide hydrochloride,VCAP,24H,10.0,122,55,0,2,1.0,0.7532665405295056,0.0,0.7395238095238095,0.12305132313708411,0.5688371542765978,-0.44578583113951364,0.9666941762683783,False,1.0,-0.7183374091668638,0.7010996334555148,chem
CPC003 VCAP 24H-biperiden hydrochloride-10.0,biperiden hydrochloride,VCAP,24H,10.0,157,81,0,4,1.0,0.453357320730895,0.0,1.1705977076821066,0.34355936696975903,0.13922193835532293,0.2043374286144361,0.8119968167678491,True,1.0,-0.29541324259287777,0.5201599466844385,chem
CPC003 VCAP 24H-cyclopenthiazide-10.0,cyclopenthiazide,VCAP,24H,10.0,81,71,1,2,0.5974732240617563,0.5342135057225317,1.1149911816578484,1.1307414104882458,0.49596668953547274,0.8805861804301095,-0.38461949089463676,0.6836816022964343,True,1.0,-0.003103090293907894,0.4055314895034988,chem
CPC003 VCAP 24H-ivermectin-10.0,ivermectin,VCAP,24H,10.0,104,48,0,0,1.0,1.0,0.0,0.0,-0.0,0.13240710330854585,-0.13240710330854585,1.0,False,1.0,-0.9543441206638258,1.0,chem
CPC003 VCAP 24H-testosterone propionate-10.0,testosterone propionate,VCAP,24H,10.0,75,168,3,1,0.3585121410331491,0.8123241056819546,1.4331415420023015,0.5997699827487062,0.5357667912457629,0.14331140105460097,0.39245539019116193,0.6505011436768728,True,1.0,0.07323165266067136,0.37420859713428856,chem
CPC003 VCAP 24H-vinblastine sulfate-10.0,vinblastine sulfate,VCAP,24H,10.0,92,36,1,1,0.36880667214133844,0.8719093541651274,2.2423280423280425,0.48640012469799704,0.4927298936955083,-0.0,0.4927298936955083,0.6863994847491067,True,1.0,-0.009311114088386188,0.40719760079973344,chem
CPC003 VCAP 24H-ritodrine hydrochloride-10.0,ritodrine hydrochloride,VCAP,24H,10.0,138,103,1,3,0.7337864634203204,0.5877660138038459,0.7613168724279835,0.9907274180655475,0.36522583378641915,0.17699510271302324,0.1882307310733959,0.7939979086009624,False,1.0,-0.2538579675028128,0.5011662779073642,chem
CPC003 VCAP 24H-wortmannin-10.0,wortmannin,VCAP,24H,10.0,152,108,1,4,0.7504881416164202,0.4287830513657125,0.7251644167532018,1.2111241676459068,0.4924185550698261,0.6733189144266584,-0.18090035935683224,0.686661039029709,True,1.0,-0.009908247084082418,0.40719760079973344,chem
CPC003 VCAP 24H-metaxalone-10.0,metaxalone,VCAP,24H,10.0,126,57,0,1,1.0,0.9405173328316271,0.0,0.35217021276595745,0.026633196409436254,-0.0,0.026633196409436254,0.998194747340808,False,1.0,-0.903262889345075,0.757080973008997,chem
"CPC003 VCAP 24H-androsta-1,4-dien-3,17-dione-10.0","androsta-1,4-dien-3,17-dione",VCAP,24H,10.0,94,143,3,2,0.27144243529893614,0.6155637042819571,1.6958408679927668,0.968944099378882,0.7770492525447303,1.9037979504413332,-1.1267486978966028,0.4660514177547238,True,1.0,0.5360001851828621,0.23292235921359547,chem
CPC003 VCAP 24H-hexylcaine hydrochloride-10.0,hexylcaine hydrochloride,VCAP,24H,10.0,115,66,1,4,0.5706908532949094,0.24508893850150054,1.2017094017094017,1.624494059276668,0.8542753771579568,0.11230134746601879,0.7419740296919379,0.41500017522907373,True,1.0,0.6841162984189448,0.20193268910363213,chem
CPC003 VCAP 24H-ketoprofen-10.0,ketoprofen,VCAP,24H,10.0,140,67,0,2,1.0,0.8176164573812933,0.0,0.6412008281573499,0.087450375431049,0.18856256008908917,-0.10111218465804017,0.9822532859296391,False,1.0,-0.7866183701518703,0.7280906364545152,chem
CPC003 VCAP 24H-ppt-10.0,ppt,VCAP,24H,10.0,102,62,1,2,0.5480039676880454,0.6600204894971509,1.2813195709370573,0.8902857142857142,0.4416588792304839,-0.0,0.4416588792304839,0.7295209913615361,True,1.0,-0.10726294320668457,0.44585138287237586,chem
CPC003 VCAP 24H-boldine-10.0,boldine,VCAP,24H,10.0,125,46,0,3,1.0,0.520257598868461,0.0,1.0985965326099776,0.28378156777651753,-0.0,0.28378156777651753,0.8602101499750815,True,1.0,-0.41006427964353864,0.5764745084971676,chem
CPC003 VCAP 24H-ethisterone-10.0,ethisterone,VCAP,24H,10.0,77,132,1,0,0.817310372212129,1.0,0.5900480633305061,0.0,0.08761298956044905,0.6855686612531606,-0.5979556716927116,0.9821915947283754,False,1.0,-0.786306483819044,0.7280906364545152,chem
CPC003 VCAP 24H-am580-10.0,am580,VCAP,24H,10.0,152,90,2,2,0.3162119251702138,0.8517941267402043,1.790909090909091,0.5887619047619047,0.5696871145092993,0.06247474198817105,0.5072123725211283,0.6226648157333878,True,1.0,0.13828925417400714,0.3535488170609797,chem
CPC003 VCAP 24H-sericetin dimethyl ether-10.0,sericetin dimethyl ether,VCAP,24H,10.0,99,117,0,3,1.0,0.37043599849059783,0.0,1.401978417266187,0.4312868157639813,-0.0,0.4312868157639813,0.738306576843817,True,1.0,-0.12715607826415995,0.4525158280573142,chem
CPC003 VCAP 24H-lasalocid sodium salt-10.0,lasalocid sodium salt,VCAP,24H,10.0,123,86,0,3,1.0,0.5093585555328166,0.0,1.1172661870503597,0.2929763947387971,0.5797788169495811,-0.286802422210784,0.8529734054737608,True,1.0,-0.39242902941763336,0.56647784071976,chem
CPC003 VCAP 24H-tiotidine-10.0,tiotidine,VCAP,24H,10.0,117,47,1,4,0.4518788513570958,0.25470393733836555,1.703166935050993,1.5952289342054637,0.9389423253072802,-0.0,0.9389423253072802,0.3639307888398176,True,1.0,0.846503564933299,0.17194268577140953,chem
CPC003 VCAP 24H-phenformin hydrochloride-10.0,phenformin hydrochloride,VCAP,24H,10.0,129,52,0,3,1.0,0.5416612129686181,0.0,1.0630352860568688,0.2662722620624161,-0.0,0.2662722620624161,0.8737615790993492,True,1.0,-0.44364631319531506,0.5894701766077974,chem
CPC003 VCAP 24H-glipizide-10.0,glipizide,VCAP,24H,10.0,151,77,1,4,0.627440793597535,0.4238339821688346,1.0259909031838856,1.2195602878832692,0.575231474052986,0.32661621950890424,0.2486152545440818,0.6181611458006273,True,1.0,0.14892307776812297,0.34755081639453517,chem
CPC003 VCAP 24H-nsc 3852-10.0,nsc 3852,VCAP,24H,10.0,207,81,0,3,1.0,0.8384713869069375,0.0,0.6483283961066441,0.07651175323732783,0.3871446722709972,-0.31063291903366935,0.9861889346188953,False,1.0,-0.8075981384829416,0.7354215261579473,chem
"CPC003 VCAP 24H-ly-163,502-10.0","ly-163,502",VCAP,24H,10.0,132,52,0,2,1.0,0.7911002909692584,0.0,0.6815384615384615,0.1017684557519518,0.49959114041938535,-0.39782268466743353,0.9764792407639653,False,1.0,-0.7591569583983281,0.7204265244918361,chem
CPC003 VCAP 24H-penfluridol-10.0,penfluridol,VCAP,24H,10.0,198,71,2,3,0.22678184641031005,0.8155528537087638,2.290942028985507,0.6792473713337023,0.7329396013880501,1.0272272244987408,-0.2942876231106907,0.49708887980309,True,1.0,0.4513999269380246,0.25558147284238586,chem
CPC003 VCAP 24H-cccp-10.0,cccp,VCAP,24H,10.0,119,42,1,1,0.4155507108671836,0.930317669755902,1.9123757904245708,0.37348238971030173,0.41274470072261515,-0.0,0.41274470072261515,0.754005456118364,True,1.0,-0.16271899204312087,0.4688437187604132,chem
CPC003 VCAP 24H-diflorasone diacetate-10.0,diflorasone diacetate,VCAP,24H,10.0,136,63,0,3,1.0,0.5777758713443911,0.0,1.005950127116352,0.2382405988033321,0.2051175658516531,0.03312303295167898,0.8947259485361825,True,1.0,-0.49740973885305073,0.611462845718094,chem
CPC003 VCAP 24H-gamma-linolenic acid (18:3 n-6)-10.0,gamma-linolenic acid (18:3 n-6),VCAP,24H,10.0,125,73,0,5,1.0,0.13932719293910237,0.0,1.889294403892944,0.8559641126438686,0.09490004427342848,0.7610640683704402,0.41393136600765956,True,1.0,0.6873552144944288,0.20126624458513828,chem
CPC003 VCAP 24H-bifemelane hydrochloride-10.0,bifemelane hydrochloride,VCAP,24H,10.0,117,65,0,4,1.0,0.25470393733836555,0.0,1.5952289342054637,0.5939643414474224,0.1162512261443165,0.4777131153031059,0.6030506530098527,True,1.0,0.18485184568347746,0.3372209263578807,chem
CPC003 VCAP 24H-estradiol-10.0,estradiol,VCAP,24H,10.0,134,106,1,2,0.7439354626290973,0.7980288380697089,0.739212228101117,0.670995670995671,0.22644615286070963,0.47002589102150394,-0.2435797381607943,0.903234571733038,False,1.0,-0.520030937308154,0.6177940686437854,chem
CPC003 VCAP 24H-fenretinide-10.0,fenretinide,VCAP,24H,10.0,163,58,1,3,0.5241335714508069,0.6995405459300256,1.372103097249296,0.8325539568345324,0.4357451306554111,0.13948074947219694,0.2962643811832142,0.7345300781931516,True,1.0,-0.1186052377732203,0.44918360546484504,chem
CPC003 VCAP 24H-fr 122047 hydrochloride-10.0,fr 122047 hydrochloride,VCAP,24H,10.0,157,62,0,3,1.0,0.6749666324890138,0.0,0.8658320097169018,0.170717696330583,-0.0,0.170717696330583,0.9402906312963606,False,1.0,-0.6269155235699725,0.6631122959013662,chem
CPC003 VCAP 24H-fluprostenol-10.0,fluprostenol,VCAP,24H,10.0,75,44,1,0,0.4303588667204714,1.0,1.8228538616135515,0.0,0.36616924479985585,0.20921890154958778,0.15695034325026808,0.7932098532892162,True,1.0,-0.252048549081337,0.5008330556481173,chem
CPC003 VCAP 24H-cgp 71683 hydrochloride-10.0,cgp 71683 hydrochloride,VCAP,24H,10.0,115,83,1,1,0.655202511366462,0.9237282240319958,0.9500150557061127,0.38683588403633196,0.21808023314413302,0.18638035181007812,0.03169988133405491,0.9091437881984079,False,1.0,-0.5360763820105833,0.623125624791736,chem
CPC003 VCAP 24H-bml-257-10.0,bml-257,VCAP,24H,10.0,159,45,0,4,1.0,0.46309572889460926,0.0,1.1551192145862552,0.33432922446077457,0.19883252618512057,0.135496698275654,0.8195967721819211,True,1.0,-0.31311622639392916,0.5244918360546484,chem
CPC003 VCAP 24H-puromycin dihydrochloride-10.0,puromycin dihydrochloride,VCAP,24H,10.0,116,178,3,1,0.39320307268127497,0.9254314151292528,1.3490777576853525,0.3834104224483503,0.4390388588585072,0.6202463729371834,-0.18120751407867625,0.7317401248194725,True,1.0,-0.11228802035564311,0.4468510496501166,chem
CPC003 VCAP 24H-way 170523-10.0,way 170523,VCAP,24H,10.0,94,66,1,1,0.5706908532949094,0.8775464313583057,1.2017094017094017,0.4757873865629528,0.30032898356446586,0.8447422788569706,-0.5444132952925047,0.8471328082479809,True,1.0,-0.37832710620789883,0.5584805064978341,chem
CPC003 VCAP 24H-hinokitiol-10.0,hinokitiol,VCAP,24H,10.0,127,88,0,2,1.0,0.7728639174288976,0.0,0.7093714285714285,0.11189696806412945,0.06557692554351893,0.04632004252061052,0.9719940760886726,False,1.0,-0.7397309431210235,0.7110963012329223,chem
CPC003 VCAP 24H-BRD-K37865504-10.0,brd-k37865504,VCAP,24H,10.0,100,77,0,1,1.0,0.8930215405336677,0.0,0.44652195716025506,0.0491380653868363,0.8765396711511623,-0.827401605764326,0.9940620848626931,False,1.0,-0.8600995979263458,0.7480839720093302,chem
CPC003 VCAP 24H-n-(4-bromobenzyl)-5-methoxytryptamine-10.0,n-(4-bromobenzyl)-5-methoxytryptamine,VCAP,24H,10.0,85,51,1,3,0.4793275202099277,0.2859660234980394,1.565925925925926,1.645025443060186,0.8630531992863955,-0.0,0.8630531992863955,0.4094669648760484,True,1.0,0.7009517527791568,0.19893368877040987,chem
CPC003 VCAP 24H-malonoben-10.0,malonoben,VCAP,24H,10.0,130,136,3,1,0.24743965814857596,0.9456649025133632,1.7870943180736651,0.3410302930342515,0.6307934221125436,0.764260989793601,-0.1334675676810574,0.5738623323558432,True,1.0,0.25548830853197907,0.30956347884038654,chem
CPC003 VCAP 24H-n- (2-aminoethyl)-4-chlorobenzamide (ro-16-6491)-10.0,n- (2-aminoethyl)-4-chlorobenzamide (ro-16-6491),VCAP,24H,10.0,83,64,2,2,0.19422261317621148,0.5474590331479379,2.5524193548387095,1.1024691358024692,0.9733485808601574,-0.0,0.9733485808601574,0.34463521530101193,True,1.0,0.9124931619643892,0.161946017994002,chem
CPC003 VCAP 24H-sch 442416-10.0,sch 442416,VCAP,24H,10.0,132,56,0,2,1.0,0.7911002909692584,0.0,0.6815384615384615,0.1017684557519518,0.4574187663496356,-0.35565031059768376,0.9764792407639653,False,1.0,-0.7591569583983281,0.7204265244918361,chem
CPC003 VCAP 24H-nizatidine-10.0,nizatidine,VCAP,24H,10.0,132,75,0,5,1.0,0.16356119446152867,0.0,1.7831484568078626,0.7863197265222225,0.3072119284224398,0.4791077980997827,0.459699872381199,True,1.0,0.5537805228636579,0.22892369210263244,chem
CPC003 VCAP 24H-podofilox-10.0,podofilox,VCAP,24H,10.0,94,63,0,0,1.0,1.0,0.0,0.0,-0.0,0.9353137472186948,-0.9353137472186948,1.0,False,1.0,-0.9543441206638258,1.0,chem
CPC003 VCAP 24H-ethyl-beta-carboline-3-carboxylate-10.0,ethyl-beta-carboline-3-carboxylate,VCAP,24H,10.0,141,67,1,3,0.5761845096666045,0.6024686716142809,1.1833146277590723,0.9687206756334064,0.45950395310367076,-0.0,0.45950395310367076,0.7144162518217607,True,1.0,-0.07303692195099001,0.4315228257247584,chem
CPC003 VCAP 24H-prunetin-10.0,prunetin,VCAP,24H,10.0,71,65,0,0,1.0,1.0,0.0,0.0,-0.0,0.2236815529786425,-0.2236815529786425,1.0,False,1.0,-0.9543441206638258,1.0,chem
CPC003 VCAP 24H-sb 366791-10.0,sb 366791,VCAP,24H,10.0,102,75,0,4,1.0,0.18506221455400093,0.0,1.8438331854480923,0.7326822451360907,0.7369421879692629,-0.0042599428331722144,0.4972738693166058,True,1.0,0.4509063296230208,0.25558147284238586,chem
CPC003 VCAP 24H-leoidin dimethyl ether-10.0,leoidin dimethyl ether,VCAP,24H,10.0,134,90,1,4,0.6850167188736285,0.33876966124958685,0.8743237619642114,1.3828316610925306,0.6343943189030633,0.22787323500741302,0.4065210838956503,0.5710480174166354,True,1.0,0.2623946610059282,0.3055648117294235,chem
CPC003 VCAP 24H-cct 018159-10.0,cct 018159,VCAP,24H,10.0,120,83,2,3,0.283302082263472,0.49277573570014,1.9478395061728395,1.1464674414314702,0.8551009184112581,0.10432000292436235,0.7507809154868957,0.41447743046632035,True,1.0,0.6856996481256333,0.20126624458513828,chem
CPC003 VCAP 24H-tc 2559 difumarate-10.0,tc 2559 difumarate,VCAP,24H,10.0,166,78,0,4,1.0,0.4966861377898519,0.0,1.1039541957416354,0.3039179607323481,0.08378569230754836,0.22013226842479977,0.8442655900075882,True,1.0,-0.3714436150154803,0.5524825058313896,chem
CPC003 VCAP 24H-solanine alpha-10.0,solanine alpha,VCAP,24H,10.0,75,46,0,3,1.0,0.22671458191289856,0.0,1.8764988009592327,0.6445205458609377,0.1932981984307902,0.45122234743014744,0.5631733954091461,True,1.0,0.28181629308002965,0.30256581139620126,chem
CPC003 VCAP 24H-enrofloxacin-10.0,enrofloxacin,VCAP,24H,10.0,141,83,0,1,1.0,0.9576504684051877,0.0,0.31367781155015195,0.01879297457707649,0.07407900434405931,-0.055286029766982825,0.9990903246695216,False,1.0,-0.9183000699692976,0.7594135288237254,chem
CPC003 VCAP 24H-nnc 55-0396 dihydrochloride-10.0,nnc 55-0396 dihydrochloride,VCAP,24H,10.0,68,76,1,1,0.6226038944643802,0.7804228786816634,1.0398353909465021,0.6631734942309728,0.3134581745019271,0.3234188561307106,-0.009960681628783496,0.8365954124240397,True,1.0,-0.35314592896599306,0.5441519493502166,chem
CPC003 VCAP 24H-nonoxynol-9-10.0,nonoxynol-9,VCAP,24H,10.0,116,46,0,2,1.0,0.7278612478474529,0.0,0.7791979949874687,0.13795140233181388,1.3139908643153546,-1.1760394619835408,0.9590626193304743,False,1.0,-0.6897597506570491,0.6874375208263912,chem
CPC003 VCAP 24H-mycophenolate mofetil-10.0,mycophenolate mofetil,VCAP,24H,10.0,66,70,0,0,1.0,1.0,0.0,0.0,-0.0,0.793849832060982,-0.793849832060982,1.0,False,1.0,-0.9543441206638258,1.0,chem
CPC003 VCAP 6H-sulpiride-10.0,sulpiride,VCAP,6H,10.0,13,15,0,1,1.0,0.2506766783838304,0.0,3.735224586288416,0.6008860685960127,-0.0,0.6008860685960127,0.5975107507456399,True,1.0,0.19812739624702705,0.3312229256914362,chem
CPC003 VCAP 6H-trichostatin a-10.0,trichostatin a,VCAP,6H,10.0,97,68,0,3,1.0,0.3583991633359604,0.0,1.4322669523955305,0.4456330128464072,0.2550182447984932,0.190614768047914,0.726155387774049,True,1.0,-0.09964073987044977,0.44018660446517827,chem
CPC003 VCAP 6H-geldanamycin-10.0,geldanamycin,VCAP,6H,10.0,46,18,0,1,1.0,0.6407694557263302,0.0,0.9908589440504334,0.1932981984307902,1.4220457061159075,-1.2287475076851173,0.9259666814856249,False,1.0,-0.5836071713413398,0.6467844051982673,chem
CPC003 VCAP 6H-formestane-10.0,formestane,VCAP,6H,10.0,19,9,0,0,1.0,1.0,0.0,0.0,-0.0,0.7422119064117775,-0.7422119064117775,1.0,False,1.0,-0.9543441206638258,1.0,chem
CPC003 VCAP 6H-suloctidil-10.0,suloctidil,VCAP,6H,10.0,59,24,0,1,1.0,0.731382275965789,0.0,0.7671802396674003,0.13585556839436858,-0.0,0.13585556839436858,0.960172552967361,False,1.0,-0.6937794626179611,0.6897700766411197,chem
"CPC003 VCAP 6H-l-803,087 trifluoroacetate-10.0","l-803,087 trifluoroacetate",VCAP,6H,10.0,20,16,0,0,1.0,1.0,0.0,0.0,-0.0,-0.0,0.0,1.0,False,1.0,-0.9543441206638258,1.0,chem
CPC003 VCAP 6H-testosterone propionate-10.0,testosterone propionate,VCAP,6H,10.0,21,23,1,0,0.25448668572827027,1.0,3.574635241301908,0.0,0.5943349342152388,0.3978441791525614,0.19649075506267738,0.6027534354187716,True,1.0,0.18556262536635387,0.3372209263578807,chem
CPC003 VCAP 6H-daunorubicin hydrochloride-10.0,daunorubicin hydrochloride,VCAP,6H,10.0,41,53,1,0,0.49253813478307085,1.0,1.5052231718898386,0.0,0.3075601385984637,0.5487312030736287,-0.24117106447516495,0.8413454609435183,True,1.0,-0.3644580873595821,0.550483172275908,chem
CPC003 VCAP 6H-flurandrenolide-10.0,flurandrenolide,VCAP,6H,10.0,13,8,0,0,1.0,1.0,0.0,0.0,-0.0,-0.0,0.0,1.0,False,1.0,-0.9543441206638258,1.0,chem
CPC003 VCAP 6H-ethisterone-10.0,ethisterone,VCAP,6H,10.0,20,16,0,1,1.0,0.35867553496041954,0.0,2.356476297125793,0.44529824527564915,0.5243113267647002,-0.079013081489051,0.7264388683586092,True,1.0,-0.10028280849251912,0.4428523825391536,chem
CPC003 VCAP 6H-hoechst  33342 (cell permeable) (bisbenzimide)-10.0,hoechst  33342 (cell permeable) (bisbenzimide),VCAP,6H,10.0,32,16,0,1,1.0,0.50905354969512,0.0,1.441546556851979,0.29323652981680803,0.4741630262008153,-0.18092649638400726,0.8527675562589397,True,1.0,-0.39193010244357745,0.56647784071976,chem
CPC003 VCAP 6H-diflorasone diacetate-10.0,diflorasone diacetate,VCAP,6H,10.0,10,10,0,1,1.0,0.1990335100833351,0.0,4.982663514578408,0.701073797866221,-0.0,0.701073797866221,0.5203297379452708,True,1.0,0.39028279868076066,0.27090969676774407,chem
CPC003 VCAP 6H-jtc 801-10.0,jtc 801,VCAP,6H,10.0,14,2,0,0,1.0,1.0,0.0,0.0,-0.0,-0.0,0.0,1.0,False,1.0,-0.9543441206638258,1.0,chem
CPC003 VCAP 6H-estradiol-10.0,estradiol,VCAP,6H,10.0,23,26,0,1,1.0,0.40008827198770297,0.0,2.0341715022566085,0.3978441791525614,0.9572100567442597,-0.5593658775916983,0.7665971658146649,True,1.0,-0.19129749900822096,0.47784071976007997,chem
CPC003 VCAP 6H-scriptaid-10.0,scriptaid,VCAP,6H,10.0,30,23,0,2,1.0,0.1397396991844395,0.0,3.216326530612245,0.8546801959799054,1.0477924050798626,-0.1931122090999572,0.41474377697453224,True,1.0,0.6848927220809133,0.2015994668443852,chem
CPC003 VCAP 6H-flavokawain b-10.0,flavokawain b,VCAP,6H,10.0,24,28,0,0,1.0,1.0,0.0,0.0,-0.0,-0.0,0.0,1.0,False,1.0,-0.9543441206638258,1.0,chem
CPC003 VCAP 6H-cgp 71683 hydrochloride-10.0,cgp 71683 hydrochloride,VCAP,6H,10.0,28,9,0,1,1.0,0.4632900827536739,0.0,1.6561597058050959,0.3341469962601578,-0.0,0.3341469962601578,0.8197463491810851,True,1.0,-0.3134657316025945,0.5271576141286238,chem
CPC003 VCAP 6H-glimepiride-10.0,glimepiride,VCAP,6H,10.0,18,30,0,0,1.0,1.0,0.0,0.0,-0.0,1.6723826732119542,-1.6723826732119542,1.0,False,1.0,-0.9543441206638258,1.0,chem
CPC003 VCAP 6H-puromycin dihydrochloride-10.0,puromycin dihydrochloride,VCAP,6H,10.0,19,11,0,0,1.0,1.0,0.0,0.0,-0.0,-0.0,0.0,1.0,False,1.0,-0.9543441206638258,1.0,chem
CPC003 VCAP 6H-amitriptyline hydrochloride-10.0,amitriptyline hydrochloride,VCAP,6H,10.0,19,10,0,0,1.0,1.0,0.0,0.0,-0.0,-0.0,0.0,1.0,False,1.0,-0.9543441206638258,1.0,chem
CPC003 VCAP 6H-bufalin-10.0,bufalin,VCAP,6H,10.0,7,19,0,0,1.0,1.0,0.0,0.0,-0.0,-0.0,0.0,1.0,False,1.0,-0.9543441206638258,1.0,chem
CPC003 VCAP 6H-tc 2559 difumarate-10.0,tc 2559 difumarate,VCAP,6H,10.0,42,21,0,1,1.0,0.6072067945410671,0.0,1.0882200311364816,0.216663377403777,0.4285405625261831,-0.2118771851224061,0.9101336802598143,True,1.0,-0.5387938453862066,0.6254581806064645,chem
CPC003 VCAP 6H-cefixime-10.0,cefixime,VCAP,6H,10.0,33,22,1,1,0.24488981103905827,0.519875405631676,3.7454438565549677,1.3962765957446808,0.8951300116589743,0.4127517643182056,0.48237824734076873,0.3897170020962929,True,1.0,0.7624735861927133,0.1846051316227924,chem
CPC003 VCAP 6H-fluvoxamine maleate-10.0,fluvoxamine maleate,VCAP,6H,10.0,17,8,0,1,1.0,0.31442552382028793,0.0,2.799645390070922,0.502482206893496,0.7887279586179001,-0.28624575172440414,0.6782183825747264,True,1.0,0.009393368794592719,0.40019993335554815,chem
CPC003 VCAP 6H-ssr 69071-10.0,ssr 69071,VCAP,6H,10.0,19,9,0,1,1.0,0.3442500519831315,0.0,2.487785657998424,0.463125985490834,-0.0,0.463125985490834,0.7113538288519228,True,1.0,-0.0660900323862384,0.42919026991003,chem
CPC003 VCAP 6H-enrofloxacin-10.0,enrofloxacin,VCAP,6H,10.0,22,12,0,0,1.0,1.0,0.0,0.0,-0.0,-0.0,0.0,1.0,False,1.0,-0.9543441206638258,1.0,chem
CPC003 VCAP 6H-vorinostat-10.0,vorinostat,VCAP,6H,10.0,108,48,0,2,1.0,0.6906105767089603,0.0,0.8390835579514825,0.1607667747106249,1.4569909014465428,-1.2962241267359178,0.9462602329329548,False,1.0,-0.646000928163908,0.6717760746417861,chem
CPC003 VCAP 6H-doxorubicin hydrochloride-10.0,doxorubicin hydrochloride,VCAP,6H,10.0,26,30,0,0,1.0,1.0,0.0,0.0,-0.0,0.5488889053617282,-0.5488889053617282,1.0,False,1.0,-0.9543441206638258,1.0,chem
CPC004 A375 6H-sb 218078-10.0,sb 218078,A375,6H,10.0,56,114,1,0,0.769168495400468,1.0,0.6860045886594559,0.0,0.11397851246519532,0.4342751325104374,-0.3202966200452421,0.9710330932572924,False,1.0,-0.7357386378259136,0.7084305231589471,chem
CPC004 A375 6H-wortmannin-10.0,wortmannin,A375,6H,10.0,40,56,1,0,0.5117356325563969,1.0,1.4224466891133558,0.0,0.29095434170711326,0.906470724046693,-0.6155163823395797,0.8545714508841287,True,1.0,-0.3963072330347414,0.5674775074975008,chem
CPC004 A375 6H-trichostatin a-10.0,trichostatin a,A375,6H,10.0,177,140,0,5,1.0,0.3475207478587476,0.0,1.3070785944661347,0.45901926183191066,0.49666336088281327,-0.0376440990509026,0.7148261680296906,True,1.0,-0.07396653725477625,0.4315228257247584,chem
CPC004 A375 6H-geldanamycin-10.0,geldanamycin,A375,6H,10.0,78,49,0,1,1.0,0.8245448959637394,0.0,0.5761260016579165,0.08378569230754836,1.2362715582349364,-1.152485865927388,0.9836191366591749,False,1.0,-0.793647061844135,0.7297567477507497,chem
CPC004 A375 6H-emetine-10.0,emetine,A375,6H,10.0,84,80,0,1,1.0,0.8466656705832771,0.0,0.533965649833376,0.07228804903725279,0.0797463532560896,-0.007458304218836809,0.9875926500030084,False,1.0,-0.8156990065856365,0.7387537487504166,chem
CPC004 A375 6H-proscillaridin a-10.0,proscillaridin a,A375,6H,10.0,106,81,1,3,0.6461835462951568,0.4121923705851255,0.9740740740740741,1.305231542921003,0.5745441555661973,0.07780663138228645,0.4967375241839109,0.6187186968894174,True,1.0,0.14760483289531195,0.3478840386537821,chem
CPC004 A375 6H-teniposide-10.0,teniposide,A375,6H,10.0,157,124,2,7,0.468478117705648,0.056639903356428795,1.2848360655737705,2.1369876543209876,1.576188186248347,0.3497564566001399,1.226431729648207,0.12283661382707495,True,1.0,2.0687114715334274,0.04665111629456848,chem
CPC004 A375 6H-ouabain-10.0,ouabain,A375,6H,10.0,52,51,0,2,1.0,0.31652561375974103,0.0,1.794857142857143,0.49959114041938535,-0.0,0.49959114041938535,0.6806412056898324,True,1.0,0.0038484378350625544,0.4031989336887704,chem
CPC004 A375 6H-mitomycin c-10.0,mitomycin c,A375,6H,10.0,42,45,0,1,1.0,0.6072067945410671,0.0,1.0882200311364816,0.216663377403777,0.38137597042152427,-0.16471259301774727,0.9101336802598143,True,1.0,-0.5387938453862066,0.6254581806064645,chem
CPC004 A375 6H-doxorubicin-10.0,doxorubicin,A375,6H,10.0,102,141,1,1,0.8375145680826824,0.8977353449218803,0.5513227513227513,0.4375394986307141,0.12385930570655564,0.8569594323643651,-0.7331001266578094,0.9662961722409831,False,1.0,-0.7167877361986553,0.7010996334555148,chem
CPC004 A375 6H-selamectin-10.0,selamectin,A375,6H,10.0,48,32,0,1,1.0,0.6564667745672195,0.0,0.9483929379809869,0.1827872497531294,-0.0,0.1827872497531294,0.9327626090240357,False,1.0,-0.6037666817706956,0.6544485171609463,chem
CPC004 A375 6H-cycloheximide-10.0,cycloheximide,A375,6H,10.0,68,42,0,2,1.0,0.4419972308843989,0.0,1.3562770562770563,0.3545804515002124,0.216663377403777,0.1379170740964354,0.8028666045914017,True,1.0,-0.2742753153373971,0.5104965011662779,chem
CPC004 A375 6H-BRD-A68930007 (ouabain)-10.0,brd-a68930007 (ouabain),A375,6H,10.0,76,91,1,3,0.6890625567577704,0.23253902429906387,0.8644718792866941,1.8504976840445453,0.795245502848322,-0.0,0.795245502848322,0.4536415675318034,True,1.0,0.5708997464898306,0.2239253582139287,chem
CPC004 A375 6H-BRD-A75409952 (wortmannin)-10.0,brd-a75409952 (wortmannin),A375,6H,10.0,88,63,1,1,0.5537843286751912,0.8598507500913701,1.2604540023894863,0.5090894269177468,0.3222362638887256,0.6354992433269567,-0.3132629794382311,0.8294801689865395,True,1.0,-0.33630996201668395,0.538487170943019,chem
CPC004 A375 6H-sirolimus-10.0,sirolimus,A375,6H,10.0,43,39,3,0,0.012895838112267678,1.0,6.70464135021097,0.0,1.8895504274147703,0.37365787452986343,1.5158925528849068,0.06900370370180886,True,1.0,2.6697256675580894,0.02299233588803732,chem
CPC004 A375 6H-brazilin-10.0,brazilin,A375,6H,10.0,146,62,1,5,0.5480039676880454,0.21651941629365073,1.2813195709370573,1.6024745043226174,0.9257194494789411,0.1973390510425737,0.7283803984363675,0.3715691049681955,True,1.0,0.821142704430382,0.1749416861046318,chem
CPC004 A375 6H-digitoxin-10.0,digitoxin,A375,6H,10.0,104,89,0,3,1.0,0.40033485559437765,0.0,1.3315050929553387,0.39757659592213196,0.13240710330854585,0.26516949261358613,0.766822977706065,True,1.0,-0.19181071119201054,0.4781739420193269,chem
CPC004 A375 6H-digoxin-10.0,digoxin,A375,6H,10.0,131,103,1,4,0.7337864634203204,0.32373901264644145,0.7613168724279835,1.416181672943056,0.6242352663332668,0.08888625167190034,0.5353490146613664,0.5790065677609975,True,1.0,0.24291007093572298,0.3148950349883372,chem
CPC004 A375 6H-fenoterol hydrobromide-10.0,fenoterol hydrobromide,A375,6H,10.0,39,53,0,0,1.0,1.0,0.0,0.0,-0.0,-0.0,0.0,1.0,False,1.0,-0.9543441206638258,1.0,chem
CPC004 A375 6H-nsc 663284-10.0,nsc 663284,A375,6H,10.0,145,33,0,4,1.0,0.3939554533704627,0.0,1.2726898961866584,0.40455288337531836,0.35684849052447465,0.04770439285084371,0.7609318282117985,True,1.0,-0.17843051650324782,0.47317560813062315,chem
CPC004 A375 6H-epirubicin hydrochloride-10.0,epirubicin hydrochloride,A375,6H,10.0,82,86,2,1,0.297433088726244,0.8396184375627423,1.8773809523809524,0.5473251028806584,0.6025287520096299,0.43314913067030353,0.16937962133932633,0.5961995684262542,True,1.0,0.20127798659091548,0.32689103632122624,chem
CPC004 A375 6H-ro 31-8220 mesylate-10.0,ro 31-8220 mesylate,A375,6H,10.0,115,124,3,1,0.20724590744044058,0.9237282240319958,1.9680928967465217,0.38683588403633196,0.7179698233965466,0.23076088564293518,0.4872089377536114,0.5079231107338572,True,1.0,0.4226885893794801,0.2622459180273242,chem
CPC004 A375 6H-nocodazole-10.0,nocodazole,A375,6H,10.0,45,68,0,1,1.0,0.6326557707753426,0.0,1.0135396518375241,0.19883252618512057,0.7134799735934276,-0.514647447408307,0.9223038099527754,True,1.0,-0.5729925882523731,0.6441186271242919,chem
CPC004 A375 6H-chloroxine-10.0,chloroxine,A375,6H,10.0,97,28,0,3,1.0,0.3583991633359604,0.0,1.4322669523955305,0.4456330128464072,-0.0,0.4456330128464072,0.726155387774049,True,1.0,-0.09964073987044977,0.44018660446517827,chem
CPC004 A375 6H-piplartine-10.0,piplartine,A375,6H,10.0,104,74,0,3,1.0,0.40033485559437765,0.0,1.3315050929553387,0.39757659592213196,0.4192247986200865,-0.021648202697954533,0.766822977706065,True,1.0,-0.19181071119201054,0.4781739420193269,chem
CPC004 A375 6H-mycophenolic acid-10.0,mycophenolic acid,A375,6H,10.0,42,45,1,0,0.4376233415150166,1.0,1.7811447811447811,0.0,0.3588995220932153,-0.0,0.3588995220932153,0.7992738221710531,True,1.0,-0.2659915389310087,0.506164611796068,chem
CPC004 A375 6H-niclosamide-10.0,niclosamide,A375,6H,10.0,93,62,2,2,0.1850363751633298,0.6097068788929911,2.638333333333333,0.9797488226059654,0.947621793034063,0.6068027911287573,0.3408190019053057,0.3589844420960283,True,1.0,0.8631503801281265,0.17127624125291568,chem
CPC004 A375 6H-BRD-K36055864 (cycloheximide)-10.0,brd-k36055864 (cycloheximide),A375,6H,10.0,121,93,0,4,1.0,0.2741591495313037,0.0,1.5397002353524092,0.5619972558003762,0.05811139137126125,0.503885864429115,0.6289338383874277,True,1.0,0.12354046302328218,0.3578807064311896,chem
CPC004 A375 6H-ag 957-10.0,ag 957,A375,6H,10.0,46,49,1,2,0.4657772989980638,0.2675399479808848,1.631687242798354,2.0415584415584416,0.9044330435902277,-0.0,0.9044330435902277,0.3841270032003188,True,1.0,0.7803163685137159,0.18127290903032323,chem
CPC004 A375 6H-cgp 57380-10.0,cgp 57380,A375,6H,10.0,48,29,0,1,1.0,0.6564667745672195,0.0,0.9483929379809869,0.1827872497531294,0.338308299269452,-0.1555210495163226,0.9327626090240357,False,1.0,-0.6037666817706956,0.6544485171609463,chem
CPC004 A375 6H-daunorubicin-10.0,daunorubicin,A375,6H,10.0,65,106,1,2,0.7439354626290973,0.41932905746011573,0.739212228101117,1.4215419501133786,0.5059097804948887,0.16706244225152309,0.33884733824336555,0.6753487866369219,True,1.0,0.0159672954575129,0.3975341552815728,chem
CPC004 A375 6H-na-tosyl-phe chloromethyl ketone-10.0,na-tosyl-phe chloromethyl ketone,A375,6H,10.0,40,48,0,0,1.0,1.0,0.0,0.0,-0.0,0.1827872497531294,-0.1827872497531294,1.0,False,1.0,-0.9543441206638258,1.0,chem
CPC004 A375 6H-ch 55-10.0,ch 55,A375,6H,10.0,41,29,0,0,1.0,1.0,0.0,0.0,-0.0,0.3232027624497683,-0.3232027624497683,1.0,False,1.0,-0.9543441206638258,1.0,chem
CPC004 A375 6H-dorsomorphin dihydrochloride-10.0,dorsomorphin dihydrochloride,A375,6H,10.0,148,98,1,3,0.7159813477174795,0.6354263759625576,0.8011963853888252,0.9209129248325477,0.3420330534749366,0.5394741664187104,-0.19744111294377376,0.813256654410055,False,1.0,-0.298340640847874,0.5204931689436855,chem
CPC004 A375 6H-penicillin g potassium-10.0,penicillin g potassium,A375,6H,10.0,42,89,1,0,0.6809188878324794,1.0,0.8843995510662177,0.0,0.16690461887254393,-0.0,0.16690461887254393,0.9426042469435216,False,1.0,-0.6342288286902471,0.6671109630123292,chem
CPC004 A375 6H-cilostazol-10.0,cilostazol,A375,6H,10.0,18,62,2,2,0.1850363751633298,0.058118138734671476,2.638333333333333,5.639285714285714,1.968431190592903,1.3324764018436426,0.6359547887492605,0.05949612581018538,True,1.0,2.821015300561892,0.018327224258580473,chem
CPC004 A375 6H-menadione-10.0,menadione,A375,6H,10.0,54,13,0,2,1.0,0.33271882252510226,0.0,1.7252747252747254,0.47792262958636494,0.30188315733121646,0.1760394722551485,0.6988617536468926,True,1.0,-0.037710757583261686,0.4178607130956348,chem
CPC004 A375 6H-vorinostat-10.0,vorinostat,A375,6H,10.0,98,48,0,1,1.0,0.8880920571859723,0.0,0.45587482635080795,0.05154201411361645,0.8955794221385336,-0.8440374080249171,0.9934907100656264,False,1.0,-0.8554889361378282,0.7470843052315894,chem
CPC004 A375 6H-BRD-K87343924 (wortmannin)-10.0,brd-k87343924 (wortmannin),A375,6H,10.0,82,63,0,1,1.0,0.8396184375627423,0.0,0.5473251028806584,0.07591803311507811,0.3936579871534509,-0.3177399540383728,0.9863902318244947,False,1.0,-0.8087368660482326,0.7357547484171942,chem
CPC004 A375 6H-pifithrin- ?-10.0,pifithrin- ?,A375,6H,10.0,82,84,0,3,1.0,0.2679948788549785,0.0,1.7083143611692924,0.5718735048752182,0.07228804903725279,0.4995854558379654,0.6208871605799575,True,1.0,0.14248264915062428,0.352215928023992,chem
CPC004 A375 6H-amsacrine-10.0,amsacrine,A375,6H,10.0,128,80,0,3,1.0,0.5363608679869017,0.0,1.0717122302158273,0.2705429150808718,0.3141352948994878,-0.04359237981861602,0.8704858426459374,True,1.0,-0.4354553994437623,0.5854715094968344,chem
CPC004 HA1E 24H-prednisolone acetate-10.0,prednisolone acetate,HA1E,24H,10.0,63,51,0,0,1.0,1.0,0.0,0.0,-0.0,0.25665933834520666,-0.25665933834520666,1.0,False,1.0,-0.9543441206638258,1.0,chem
CPC004 HA1E 24H-betamethasone-10.0,betamethasone,HA1E,24H,10.0,44,53,1,1,0.49253813478307085,0.6243601472782201,1.5052231718898386,1.037275276265875,0.5121249642105221,0.959584108408937,-0.4474591441984149,0.6701536381823651,True,1.0,0.027887728596147406,0.39086971009663446,chem
CPC004 HA1E 24H-sb 218078-10.0,sb 218078,HA1E,24H,10.0,102,169,2,3,0.6363102363891107,0.38841448371220477,0.9318862275449101,1.3588402005668192,0.6070356740828886,0.27753449131124014,0.32950118277164847,0.592609296252377,True,1.0,0.20992205339463368,0.3258913695434855,chem
CPC004 HA1E 24H-dexamethasone-10.0,dexamethasone,HA1E,24H,10.0,20,49,0,0,1.0,1.0,0.0,0.0,-0.0,0.1777939356962094,-0.1777939356962094,1.0,False,1.0,-0.9543441206638258,1.0,chem
CPC004 HA1E 24H-wortmannin-10.0,wortmannin,HA1E,24H,10.0,73,83,0,4,1.0,0.07572396238836776,0.0,2.6309598823776517,1.1207666688976303,0.07407900434405931,1.046687664553571,0.2711418104572886,True,1.0,1.1952341946157352,0.11962679106964345,chem
CPC004 HA1E 24H-deacetoxy-7-oxisogedunin-10.0,deacetoxy-7-oxisogedunin,HA1E,24H,10.0,73,72,0,2,1.0,0.4786741886222464,0.0,1.259758551307847,0.31995999019332333,0.09731272543783062,0.2226472647554927,0.831330266650633,True,1.0,-0.3406757490364663,0.5398200599800067,chem
CPC004 HA1E 24H-trichostatin a-10.0,trichostatin a,HA1E,24H,10.0,228,234,0,4,1.0,0.7432202861866497,0.0,0.7903726708074534,0.1288824447912138,0.22031795590667036,-0.09143551111545656,0.9637804164521312,False,1.0,-0.7071535891895951,0.6954348550483173,chem
CPC004 HA1E 24H-trimipramine maleate salt-10.0,trimipramine maleate salt,HA1E,24H,10.0,79,47,0,3,1.0,0.2501693122743965,0.0,1.7765997728133283,0.6017659653351914,0.38385983422039227,0.21790613111479917,0.5968082496108829,True,1.0,0.19981499724615762,0.327890703098967,chem
CPC004 HA1E 24H-geldanamycin-10.0,geldanamycin,HA1E,24H,10.0,120,213,2,2,0.7580377972886433,0.7450317505639639,0.7323459715639811,0.7523002421307506,0.24813435782613627,0.2634312376043735,-0.01529687977823721,0.8874393929183955,False,1.0,-0.4784339694603549,0.6021326224591803,chem
CPC004 HA1E 24H-amlodipine besylate-10.0,amlodipine besylate,HA1E,24H,10.0,53,35,0,0,1.0,1.0,0.0,0.0,-0.0,-0.0,0.0,1.0,False,1.0,-0.9543441206638258,1.0,chem
CPC004 HA1E 24H-emetine-10.0,emetine,HA1E,24H,10.0,189,214,0,5,1.0,0.40022389281756104,0.0,1.2194541415423674,0.3976969881408725,0.10764606556681441,0.29005092257405807,0.7667213810150219,True,1.0,-0.19157980451900283,0.47784071976007997,chem
CPC004 HA1E 24H-clobetasol propionate-10.0,clobetasol propionate,HA1E,24H,10.0,34,43,1,0,0.4230017123766502,1.0,1.866549088771311,0.0,0.37365787452986343,0.2105049319006799,0.16315294262918353,0.7869435245693329,True,1.0,-0.2376857057478399,0.493835388203932,chem
CPC004 HA1E 24H-paclitaxel-10.0,paclitaxel,HA1E,24H,10.0,81,83,0,1,1.0,0.8359751513899556,0.0,0.5542553191489362,0.07780663138228645,1.1537378839763397,-1.0759312525940532,0.9857454412722926,False,1.0,-0.8051146224589772,0.7354215261579473,chem
CPC004 HA1E 24H-gitoxigenin-10.0,gitoxigenin,HA1E,24H,10.0,83,81,1,1,0.6461835462951568,0.8431813571287766,0.9740740740740741,0.5405639162774607,0.2637231089171467,0.5816416199100709,-0.31791851099292423,0.875707254015647,False,1.0,-0.4485354703013053,0.5911362879040319,chem
CPC004 HA1E 24H-mitotane-10.0,mitotane,HA1E,24H,10.0,20,38,0,0,1.0,1.0,0.0,0.0,-0.0,0.24371960205988408,-0.24371960205988408,1.0,False,1.0,-0.9543441206638258,1.0,chem
CPC004 HA1E 24H-proscillaridin a-10.0,proscillaridin a,HA1E,24H,10.0,145,203,2,4,0.733858734091678,0.3939554533704627,0.7700248756218906,1.2726898961866584,0.5389404159783776,0.255613245778181,0.2833271702001966,0.6478775721082913,True,1.0,0.07931851721096486,0.37320893035654784,chem
CPC004 HA1E 24H-pregnenolone succinate-10.0,pregnenolone succinate,HA1E,24H,10.0,40,52,1,2,0.4859747478827887,0.21856038072636244,1.5349794238683128,2.366165413533835,0.9738148583380501,0.16377284357838476,0.8100420147596654,0.3443794353442965,True,1.0,0.9133874604684368,0.161946017994002,chem
CPC004 HA1E 24H-amcinonide-10.0,amcinonide,HA1E,24H,10.0,29,35,0,1,1.0,0.47511335427849205,0.0,1.596757852077001,0.3232027624497683,-0.0,0.3232027624497683,0.8286935975885885,True,1.0,-0.3344562627532951,0.538487170943019,chem
CPC004 HA1E 24H-ketorolac tromethamine-10.0,ketorolac tromethamine,HA1E,24H,10.0,41,51,0,0,1.0,1.0,0.0,0.0,-0.0,0.16829365667717439,-0.16829365667717439,1.0,False,1.0,-0.9543441206638258,1.0,chem
CPC004 HA1E 24H-ezetimibe-10.0,ezetimibe,HA1E,24H,10.0,36,24,0,0,1.0,1.0,0.0,0.0,-0.0,0.3837413370785968,-0.3837413370785968,1.0,False,1.0,-0.9543441206638258,1.0,chem
CPC004 HA1E 24H-mitomycin c-10.0,mitomycin c,HA1E,24H,10.0,200,161,0,6,1.0,0.2749796875476446,0.0,1.3958459672528805,0.5606993858489532,0.5893840636694694,-0.028684677820516202,0.6299944260569137,True,1.0,0.1210512088537449,0.35888037320893035,chem
CPC004 HA1E 24H-desoxymetasone-10.0,desoxymetasone,HA1E,24H,10.0,40,51,0,0,1.0,1.0,0.0,0.0,-0.0,0.16829365667717439,-0.16829365667717439,1.0,False,1.0,-0.9543441206638258,1.0,chem
CPC004 HA1E 24H-colforsin-10.0,colforsin,HA1E,24H,10.0,76,45,0,0,1.0,1.0,0.0,0.0,-0.0,0.20578816707929776,-0.20578816707929776,1.0,False,1.0,-0.9543441206638258,1.0,chem
CPC004 HA1E 24H-deoxyandirobin lactone-10.0,deoxyandirobin lactone,HA1E,24H,10.0,21,34,0,0,1.0,1.0,0.0,0.0,-0.0,-0.0,0.0,1.0,False,1.0,-0.9543441206638258,1.0,chem
CPC004 HA1E 24H-budesonide-10.0,budesonide,HA1E,24H,10.0,46,57,0,2,1.0,0.2675399479808848,0.0,2.0415584415584416,0.5726113617087648,0.4950577881352134,0.07755357357355142,0.6202877269843359,True,1.0,0.14389782422067948,0.3515494835054982,chem
CPC004 HA1E 24H-cycloheximide-10.0,cycloheximide,HA1E,24H,10.0,137,204,0,4,1.0,0.3538290687552214,0.0,1.3509861610548108,0.451206490585717,0.18034642804486026,0.2708600625408567,0.7214367152549096,True,1.0,-0.08895106893216463,0.437187604131956,chem
CPC004 HA1E 24H-naltrexone hydrochloride-10.0,naltrexone hydrochloride,HA1E,24H,10.0,39,62,0,0,1.0,1.0,0.0,0.0,-0.0,0.4060245634531765,-0.4060245634531765,1.0,False,1.0,-0.9543441206638258,1.0,chem
CPC004 HA1E 24H-nafronyl oxalate-10.0,nafronyl oxalate,HA1E,24H,10.0,51,55,0,2,1.0,0.3083955807540339,0.0,1.8317784256559766,0.5108918539281119,0.1510527550752136,0.3598390988528983,0.6711834966957433,True,1.0,0.025522680458139813,0.392535821392869,chem
CPC004 HA1E 24H-ouabain-10.0,ouabain,HA1E,24H,10.0,155,268,2,5,0.8599393911726017,0.2530898262946478,0.5757518796992481,1.5041362530413624,0.6622574691652898,0.007354953887294229,0.6549025152779956,0.549524970348143,True,1.0,0.31583488657756215,0.2899033655448184,chem
CPC004 HA1E 24H-cyclosporine-10.0,cyclosporine,HA1E,24H,10.0,40,43,0,0,1.0,1.0,0.0,0.0,-0.0,0.6144050008361067,-0.6144050008361067,1.0,False,1.0,-0.9543441206638258,1.0,chem
CPC004 HA1E 24H-skf 96365 hydrochloride-10.0,skf 96365 hydrochloride,HA1E,24H,10.0,60,64,0,1,1.0,0.7373282957339664,0.0,0.7540569780021638,0.13233909927834112,0.3854501902901507,-0.2531110910118096,0.9620084761089149,False,1.0,-0.7005238867411354,0.692102632455848,chem
CPC004 HA1E 24H-BRD-A75409952 (wortmannin)-10.0,brd-a75409952 (wortmannin),HA1E,24H,10.0,86,85,0,2,1.0,0.5668335193650729,0.0,1.0625850340136054,0.24654447591776416,0.07054372650188606,0.1760007494158781,0.888619033083886,True,1.0,-0.48148328897433856,0.6054648450516494,chem
CPC004 HA1E 24H-prednisolone hemisuccinate-10.0,prednisolone hemisuccinate,HA1E,24H,10.0,31,52,0,1,1.0,0.49798952875506386,0.0,1.4898345153664303,0.3027797890710162,-0.0,0.3027797890710162,0.8451759903818608,True,1.0,-0.37362657529629517,0.5541486171276241,chem
CPC004 HA1E 24H-sirolimus-10.0,sirolimus,HA1E,24H,10.0,41,96,1,2,0.7085343761493428,0.22668454760421908,0.8183235867446393,2.305128205128205,0.7942171575230692,0.5920142070639585,0.20220295045911074,0.4543366868371348,True,1.0,0.5689274280107695,0.2242585804731756,chem
CPC004 HA1E 24H-bromocriptine mesylate-10.0,bromocriptine mesylate,HA1E,24H,10.0,45,36,1,0,0.36880667214133844,1.0,2.2423280423280425,0.0,0.4332012306554081,-0.0,0.4332012306554081,0.7366849457620127,True,1.0,-0.1234843195910483,0.4521826057980673,chem
CPC004 HA1E 24H-brazilin-10.0,brazilin,HA1E,24H,10.0,99,171,0,2,1.0,0.6438463024494593,0.0,0.9182621502209131,0.19121779407598474,1.535796510828437,-1.3445787167524523,0.927328766096767,False,1.0,-0.5875972900807751,0.647450849716761,chem
CPC004 HA1E 24H-meloxicam sodium-10.0,meloxicam sodium,HA1E,24H,10.0,23,35,0,2,1.0,0.08957928566628257,0.0,4.293197278911564,1.0477924050798626,0.26695242495467336,0.7808399801251893,0.305701062674077,True,1.0,1.0552729525220064,0.13828723758747083,chem
CPC004 HA1E 24H-betamethasone acetate-10.0,betamethasone acetate,HA1E,24H,10.0,37,59,0,2,1.0,0.1943705538999421,0.0,2.570204081632653,0.7113695277194034,0.13585556839436858,0.5755139593250349,0.5127473578703943,True,1.0,0.4100295294201263,0.2652449183605465,chem
CPC004 HA1E 24H-digitoxin-10.0,digitoxin,HA1E,24H,10.0,152,185,2,5,0.6852720392361825,0.24071842188432863,0.848224043715847,1.5355777347435324,0.7826276605222999,0.03717966818762086,0.7454479923346791,0.4622222225859479,True,1.0,0.5466993120886974,0.2315894701766078,chem
CPC004 HA1E 24H-dexamethasone acetate-10.0,dexamethasone acetate,HA1E,24H,10.0,32,32,0,1,1.0,0.50905354969512,0.0,1.441546556851979,0.29323652981680803,-0.0,0.29323652981680803,0.8527675562589397,True,1.0,-0.39193010244357745,0.56647784071976,chem
CPC004 HA1E 24H-digoxin-10.0,digoxin,HA1E,24H,10.0,127,190,2,2,0.6994425484907528,0.7728639174288976,0.825,0.7093714285714285,0.26714492028436715,0.00607043402724187,0.26107448625712526,0.873093844605623,False,1.0,-0.4419725953353778,0.5864711762745751,chem
CPC004 HA1E 24H-ru 24969-10.0,ru 24969,HA1E,24H,10.0,45,36,0,2,1.0,0.25935271340486415,0.0,2.0893687707641195,0.5861092039626837,0.7295858103630471,-0.14347660640036342,0.6093663993562095,True,1.0,0.16978605753210257,0.34155281572809065,chem
CPC004 HA1E 24H-nsc 663284-10.0,nsc 663284,HA1E,24H,10.0,130,165,2,2,0.6231919575037768,0.7839647736074608,0.9553680981595092,0.6924107142857143,0.31108161132174283,0.39826876626149355,-0.08718715493975071,0.838512491370686,False,1.0,-0.35770406655054543,0.5484838387204265,chem
CPC004 HA1E 24H-ag 82-10.0,ag 82,HA1E,24H,10.0,33,49,0,0,1.0,1.0,0.0,0.0,-0.0,0.5344919444562709,-0.5344919444562709,1.0,False,1.0,-0.9543441206638258,1.0,chem
CPC004 HA1E 24H-penitrem a-10.0,penitrem a,HA1E,24H,10.0,43,42,0,1,1.0,0.6158785350844703,0.0,1.0621411685241473,0.2105049319006799,0.216663377403777,-0.006158445503097104,0.9143982595785249,True,1.0,-0.5506054572735489,0.631789403532156,chem
CPC004 HA1E 24H-b581-10.0,b581,HA1E,24H,10.0,51,55,0,2,1.0,0.3083955807540339,0.0,1.8317784256559766,0.5108918539281119,-0.0,0.5108918539281119,0.6711834966957433,True,1.0,0.025522680458139813,0.392535821392869,chem
CPC004 HA1E 24H-promazine hydrochloride-10.0,promazine hydrochloride,HA1E,24H,10.0,65,26,1,0,0.28256026853690286,1.0,3.1441975308641976,0.0,0.5488889053617282,0.605543435076837,-0.05665452971510887,0.6396778533983358,True,1.0,0.09839925688827286,0.3665444851716095,chem
CPC004 HA1E 24H-raf1 kinase inhibitor i-10.0,raf1 kinase inhibitor i,HA1E,24H,10.0,56,50,0,3,1.0,0.12403072318748379,0.0,2.556943124745487,0.906470724046693,0.1729651157231477,0.7335056083235454,0.38291087049923234,True,1.0,0.7842245448043216,0.1809396867710763,chem
CPC004 HA1E 24H-nu7026-10.0,nu7026,HA1E,24H,10.0,49,31,0,0,1.0,1.0,0.0,0.0,-0.0,0.3318216818814629,-0.3318216818814629,1.0,False,1.0,-0.9543441206638258,1.0,chem
CPC004 HA1E 24H-forskolin-10.0,forskolin,HA1E,24H,10.0,22,45,1,0,0.4376233415150166,1.0,1.7811447811447811,0.0,0.3588995220932153,-0.0,0.3588995220932153,0.7992738221710531,True,1.0,-0.2659915389310087,0.506164611796068,chem
CPC004 HA1E 24H-thiotepa-10.0,thiotepa,HA1E,24H,10.0,44,59,0,1,1.0,0.6243601472782201,0.0,1.037275276265875,0.20456482561205844,-0.0,0.20456482561205844,0.9184512075361329,True,1.0,-0.5619983047080963,0.6371209596801066,chem
CPC004 HA1E 24H-perphenazine-10.0,perphenazine,HA1E,24H,10.0,98,55,0,4,1.0,0.1676804014108567,0.0,1.923527597903176,0.7755176950356364,0.1510527550752136,0.6244649399604227,0.46710653695583204,True,1.0,0.533062729152527,0.2339220259913362,chem
CPC004 HA1E 24H-apigenin triacetate-10.0,apigenin triacetate,HA1E,24H,10.0,25,48,0,0,1.0,1.0,0.0,0.0,-0.0,-0.0,0.0,1.0,False,1.0,-0.9543441206638258,1.0,chem
CPC004 HA1E 24H-nocodazole-10.0,nocodazole,HA1E,24H,10.0,77,130,1,1,0.8124940689332948,0.8205617425227882,0.5993875011962867,0.5837999253452781,0.17606853584717297,0.8055717513797025,-0.6295032155325295,0.9369908813925631,False,1.0,-0.6166528623822375,0.6587804065311563,chem
CPC004 HA1E 24H-erythrosine sodium-10.0,erythrosine sodium,HA1E,24H,10.0,91,170,0,2,1.0,0.5977922125178159,0.0,1.0020866773675763,0.22344974684536567,0.1617413487434076,0.06170839810195808,0.9053635129125419,True,1.0,-0.5257779046057199,0.6197934021992669,chem
"CPC004 HA1E 24H-r(-)-2,10,11-trihydroxy-n-propyl-noraporphine-10.0","r(-)-2,10,11-trihydroxy-n-propyl-noraporphine",HA1E,24H,10.0,51,45,1,2,0.4376233415150166,0.3083955807540339,1.7811447811447811,1.8317784256559766,0.8697913760213272,-0.0,0.8697913760213272,0.4052569746056181,True,1.0,0.713875262190957,0.19826724425191602,chem
CPC004 HA1E 24H-chloroxine-10.0,chloroxine,HA1E,24H,10.0,102,115,0,4,1.0,0.18506221455400093,0.0,1.8438331854480923,0.7326822451360907,0.8924772098401612,-0.1597949647040705,0.4972738693166058,True,1.0,0.4509063296230208,0.25558147284238586,chem
CPC004 HA1E 24H-amiodarone hydrochloride-10.0,amiodarone hydrochloride,HA1E,24H,10.0,86,47,0,3,1.0,0.2919805138988895,0.0,1.624945826471353,0.5346461313891518,0.7345450742339057,-0.19989894284475385,0.6514284431310037,True,1.0,0.07108227920638692,0.37554148617127625,chem
CPC004 HA1E 24H-mephentermine sulfate-10.0,mephentermine sulfate,HA1E,24H,10.0,60,39,0,0,1.0,1.0,0.0,0.0,-0.0,0.23656599957603974,-0.23656599957603974,1.0,False,1.0,-0.9543441206638258,1.0,chem
CPC004 HA1E 24H-indirubin-3?-monoxime-10.0,indirubin-3?-monoxime,HA1E,24H,10.0,34,48,2,0,0.12319378727280222,1.0,3.4489130434782607,0.0,0.9094111933174786,0.6357276757531615,0.2736835175643171,0.3811611660018198,True,1.0,0.7898642280288802,0.18027324225258248,chem
CPC004 HA1E 24H-prochlorperazine edisylate-10.0,prochlorperazine edisylate,HA1E,24H,10.0,51,46,0,2,1.0,0.3083955807540339,0.0,1.8317784256559766,0.5108918539281119,0.3193676356186813,0.19152421830943056,0.6711834966957433,True,1.0,0.025522680458139813,0.392535821392869,chem
CPC004 HA1E 24H-rs 39604 hydrochloride-10.0,rs 39604 hydrochloride,HA1E,24H,10.0,93,65,1,1,0.5651268656183144,0.8747593810702592,1.220679012345679,0.48103607770582796,0.30596543761707357,0.1162512261443165,0.18971421147275708,0.8426252844431911,True,1.0,-0.36751664963135533,0.5521492835721427,chem
CPC004 HA1E 24H-simvastatin-10.0,simvastatin,HA1E,24H,10.0,112,108,0,2,1.0,0.7097304673085031,0.0,0.808051948051948,0.14890655097803113,0.27818499680955927,-0.12927844583152814,0.9530757558504807,False,1.0,-0.6687482853591603,0.6794401866044651,chem
CPC004 HA1E 24H-piplartine-10.0,piplartine,HA1E,24H,10.0,96,109,0,3,1.0,0.35236920952048756,0.0,1.4478997447203528,0.4530020478183543,0.3073514613003341,0.1456505865180202,0.7199169913881723,True,1.0,-0.0855072737174864,0.4351882705764745,chem
CPC004 HA1E 24H-chlorambucil-10.0,chlorambucil,HA1E,24H,10.0,154,63,1,1,0.5537843286751912,0.9684722579274532,1.2604540023894863,0.28642284336902607,0.27057215356016884,0.18646179013525382,0.08411036342491501,0.8704633475289351,True,1.0,-0.4353993214011038,0.5854715094968344,chem
CPC004 HA1E 24H-clomid-10.0,clomid,HA1E,24H,10.0,89,57,1,2,0.5179739744277554,0.5856094367718828,1.3968253968253967,1.0254515599343186,0.5180839942857146,0.4475762586065167,0.07050773567919794,0.6651831909914161,True,1.0,0.039316870972706176,0.3875374875041653,chem
CPC004 HA1E 24H-clemastine fumarate-10.0,clemastine fumarate,HA1E,24H,10.0,63,24,0,3,1.0,0.1597073426971617,0.0,2.256115107913669,0.7966751163001377,0.25665933834520666,0.540015777954931,0.45267644803705265,True,1.0,0.5736416785623444,0.22359213595468178,chem
CPC004 HA1E 24H-sb 216641 hydrochloride-10.0,sb 216641 hydrochloride,HA1E,24H,10.0,77,87,2,1,0.3021357766264235,0.8205617425227882,1.855,0.5837999253452781,0.605686581058879,0.2417249483526789,0.3639616327062001,0.5936828985266374,True,1.0,0.20733455575557697,0.3258913695434855,chem
CPC004 HA1E 24H-niclosamide-10.0,niclosamide,HA1E,24H,10.0,143,163,1,1,0.8780767891943468,0.9595284656117846,0.4747751867093431,0.3091599240835081,0.07440963954707334,0.2300321577924188,-0.15562251824534545,0.9868958106152935,False,1.0,-0.8116298947175089,0.7357547484171942,chem
CPC004 HA1E 24H-BRD-K36055864 (cycloheximide)-10.0,brd-k36055864 (cycloheximide),HA1E,24H,10.0,105,203,2,2,0.733858734091678,0.6756058419855224,0.7700248756218906,0.8639389736477116,0.30469413632944886,0.8025459283203212,-0.49785179199087237,0.8436441548914113,False,1.0,-0.36995494634011894,0.5521492835721427,chem
CPC004 HA1E 24H-ag 957-10.0,ag 957,HA1E,24H,10.0,136,140,2,0,0.5331608127912251,1.0,1.1329710144927536,0.0,0.27314177863919026,0.3063006689015084,-0.033158890262318164,0.8684828092124307,True,1.0,-0.43047090007885314,0.583138953682106,chem
CPC004 HA1E 24H-rhamnetin-10.0,rhamnetin,HA1E,24H,10.0,79,76,0,0,1.0,1.0,0.0,0.0,-0.0,0.19590718982297833,-0.19590718982297833,1.0,False,1.0,-0.9543441206638258,1.0,chem
CPC004 HA1E 24H-paroxetine hydrochloride-10.0,paroxetine hydrochloride,HA1E,24H,10.0,82,47,0,2,1.0,0.5408689713942205,0.0,1.1164285714285713,0.2669079324769538,0.18795264439741394,0.07895528807953989,0.8732752646151595,True,1.0,-0.4424271269216021,0.5891369543485505,chem
CPC004 HA1E 24H-bithionate sodium-10.0,bithionate sodium,HA1E,24H,10.0,106,93,2,2,0.33022759666132406,0.680671485666299,1.7310439560439561,0.8554945054945055,0.6482490784218715,0.21487890511189192,0.4333701733099796,0.560288864544572,True,1.0,0.2889674450220127,0.29656781072975674,chem
CPC004 HA1E 24H-rottlerin-10.0,rottlerin,HA1E,24H,10.0,124,147,0,4,1.0,0.2889158167702607,0.0,1.5004830917874397,0.539228681942525,0.29847325582102874,0.2407554261214963,0.6476394514492794,True,1.0,0.07987139791554003,0.37320893035654784,chem
CPC004 HA1E 24H-erythromycin estolate-10.0,erythromycin estolate,HA1E,24H,10.0,65,13,0,1,1.0,0.7651538606375023,0.0,0.6945921985815603,0.1162512261443165,-0.0,0.1162512261443165,0.9699689761746659,False,1.0,-0.7313796787516905,0.7074308563812063,chem
CPC004 HA1E 24H-loxapine succinate-10.0,loxapine succinate,HA1E,24H,10.0,42,25,0,0,1.0,1.0,0.0,0.0,-0.0,1.0060463784326161,-1.0060463784326161,1.0,False,1.0,-0.9543441206638258,1.0,chem
CPC004 HA1E 24H-triclosan-10.0,triclosan,HA1E,24H,10.0,25,39,1,0,0.3926227282495143,1.0,2.064327485380117,0.0,0.4060245634531765,-0.0,0.4060245634531765,0.7596881147142152,True,1.0,-0.1756079025995846,0.47317560813062315,chem
CPC004 HA1E 24H-cgp 57380-10.0,cgp 57380,HA1E,24H,10.0,55,60,0,1,1.0,0.7062317609264366,0.0,0.8245337536117678,0.1510527550752136,1.233510992418397,-1.0824582373431832,0.9518675165134086,False,1.0,-0.6646319657758832,0.6794401866044651,chem
CPC004 HA1E 24H-suloctidil-10.0,suloctidil,HA1E,24H,10.0,51,16,0,0,1.0,1.0,0.0,0.0,-0.0,-0.0,0.0,1.0,False,1.0,-0.9543441206638258,1.0,chem
CPC004 HA1E 24H-amg 9810-10.0,amg 9810,HA1E,24H,10.0,67,42,0,4,1.0,0.05884411340681371,0.0,2.8842880147227974,1.2302969761987435,0.6292453232810424,0.601051652917701,0.22554145313406937,True,1.0,1.4053082269492971,0.09830056647784072,chem
CPC004 HA1E 24H-bromhexine hydrochloride-10.0,bromhexine hydrochloride,HA1E,24H,10.0,52,54,0,0,1.0,1.0,0.0,0.0,-0.0,-0.0,0.0,1.0,False,1.0,-0.9543441206638258,1.0,chem
CPC004 HA1E 24H-BRD-K47635719 (dexamethasone acetate)-10.0,brd-k47635719 (dexamethasone acetate),HA1E,24H,10.0,43,22,0,0,1.0,1.0,0.0,0.0,-0.0,1.4015678013000814,-1.4015678013000814,1.0,False,1.0,-0.9543441206638258,1.0,chem
CPC004 HA1E 24H-na-tosyl-phe chloromethyl ketone-10.0,na-tosyl-phe chloromethyl ketone,HA1E,24H,10.0,40,70,0,0,1.0,1.0,0.0,0.0,-0.0,-0.0,0.0,1.0,False,1.0,-0.9543441206638258,1.0,chem
CPC004 HA1E 24H-ch 55-10.0,ch 55,HA1E,24H,10.0,92,99,2,1,0.3580180651355574,0.8719093541651274,1.6224226804123711,0.48640012469799704,0.5056237218969385,0.4312868157639813,0.07433690613295718,0.6755881567373345,True,1.0,0.015418648378582754,0.3975341552815728,chem
CPC004 HA1E 24H-toremifene-10.0,toremifene,HA1E,24H,10.0,57,39,1,2,0.3926227282495143,0.3567990927411277,2.064327485380117,1.6303896103896105,0.8536008220596931,-0.0,0.8536008220596931,0.41542767619140275,True,1.0,0.6828225331313716,0.20193268910363213,chem
CPC004 HA1E 24H-gm6001-10.0,gm6001,HA1E,24H,10.0,25,39,0,1,1.0,0.42621022100959977,0.0,1.864066193853428,0.3703761396174927,-0.0,0.3703761396174927,0.789691920411482,True,1.0,-0.24397992059192203,0.4971676107964012,chem
CPC004 HA1E 24H-oxibendazole-10.0,oxibendazole,HA1E,24H,10.0,78,126,1,0,0.8024820845291489,1.0,0.6189629629629629,0.0,0.09556465447073118,0.2792962439569765,-0.18373158948624532,0.9790648557190998,False,1.0,-0.7710555605574484,0.7240919693435521,chem
CPC004 HA1E 24H-pre-084 hydrochloride-10.0,pre-084 hydrochloride,HA1E,24H,10.0,49,25,0,2,1.0,0.2920841937160157,0.0,1.9103343465045592,0.5344919444562709,-0.0,0.5344919444562709,0.6515560616523749,True,1.0,0.07078655584431875,0.3768743752082639,chem
CPC004 HA1E 24H-chlorprothixene hydrochloride-10.0,chlorprothixene hydrochloride,HA1E,24H,10.0,90,59,1,2,0.5302154054815167,0.591734328636421,1.3482332907620265,1.0136363636363637,0.503420892941127,0.4286604236299346,0.0747604693111924,0.6774321948121189,True,1.0,0.011193724951532863,0.39786737754081974,chem
CPC004 HA1E 24H-mdl 29951-10.0,mdl 29951,HA1E,24H,10.0,35,25,0,0,1.0,1.0,0.0,0.0,-0.0,-0.0,0.0,1.0,False,1.0,-0.9543441206638258,1.0,chem
CPC004 HA1E 24H-dephostatin-10.0,dephostatin,HA1E,24H,10.0,60,63,0,2,1.0,0.3805671096433224,0.0,1.5453201970443349,0.419568748150007,0.7966751163001377,-0.37710636815013066,0.7482302332463664,True,1.0,-0.14963078663923532,0.46217927357547484,chem
CPC004 HA1E 24H-norpramin-10.0,norpramin,HA1E,24H,10.0,64,40,0,2,1.0,0.41167055954271353,0.0,1.444700460829493,0.3854501902901507,0.2296813124583833,0.1557688778317674,0.7770412978887299,True,1.0,-0.21506859288332603,0.48717094301899366,chem
CPC004 HA1E 24H-anagrelide hydrochloride-10.0,anagrelide hydrochloride,HA1E,24H,10.0,43,52,1,1,0.4859747478827887,0.6158785350844703,1.5349794238683128,1.0621411685241473,0.5238912287702486,-0.0,0.5238912287702486,0.6603499509379049,True,1.0,0.050454876470296686,0.3828723758747084,chem
CPC004 HA1E 24H-triflupromazine hydrochloride-10.0,triflupromazine hydrochloride,HA1E,24H,10.0,96,52,1,2,0.4859747478827887,0.6270766769139553,1.5349794238683128,0.9480243161094225,0.5160656486630839,0.49959114041938535,0.01647450824369856,0.6668654978597068,True,1.0,0.0354457779936352,0.388870376541153,chem
CPC004 HA1E 24H-fluvastatin-10.0,fluvastatin,HA1E,24H,10.0,83,152,0,0,1.0,1.0,0.0,0.0,-0.0,0.3677623894622528,-0.3677623894622528,1.0,False,1.0,-0.9543441206638258,1.0,chem
CPC004 HA1E 24H-zoxazolamine-10.0,zoxazolamine,HA1E,24H,10.0,51,45,0,2,1.0,0.3083955807540339,0.0,1.8317784256559766,0.5108918539281119,0.19883252618512057,0.3120593277429913,0.6711834966957433,True,1.0,0.025522680458139813,0.392535821392869,chem
CPC004 HA1E 24H-sib 1893-10.0,sib 1893,HA1E,24H,10.0,74,159,1,1,0.8715314762393938,0.8080655603011361,0.487107360525082,0.6080831633148742,0.15227032572775398,0.7816350892715833,-0.6293647635438293,0.9511770560760684,False,1.0,-0.6622967219248185,0.676107964011996,chem
CPC004 HA1E 24H-tacrolimus-10.0,tacrolimus,HA1E,24H,10.0,39,30,0,1,1.0,0.5800080222144941,0.0,1.1746920492721165,0.23656599957603974,0.8546801959799054,-0.6181141964038657,0.895946131618933,True,1.0,-0.5006215422423433,0.6131289570143286,chem
CPC004 HA1E 24H-benzoxiquine-10.0,benzoxiquine,HA1E,24H,10.0,24,42,0,0,1.0,1.0,0.0,0.0,-0.0,0.216663377403777,-0.216663377403777,1.0,False,1.0,-0.9543441206638258,1.0,chem
CPC004 HA1E 24H-bibx 1382 dihydrochloride-10.0,bibx 1382 dihydrochloride,HA1E,24H,10.0,96,82,1,2,0.6507217833049797,0.6270766769139553,0.9618960524310318,0.9480243161094225,0.3892840065460545,0.07591803311507811,0.3133659734309764,0.7738141672084516,False,1.0,-0.2077155117138415,0.4851716094635122,chem
CPC004 HA1E 24H-duloxetine hydrochloride-10.0,duloxetine hydrochloride,HA1E,24H,10.0,40,39,1,1,0.3926227282495143,0.5892759104577799,2.064327485380117,1.1443898890707402,0.6357058759115598,0.23656599957603974,0.39913987633552006,0.5700247800796238,True,1.0,0.2649101663139956,0.3052315894701766,chem
CPC004 HA1E 24H-psb 06126-10.0,psb 06126,HA1E,24H,10.0,38,22,0,1,1.0,0.5705325120706206,0.0,1.2066321640789726,0.24371960205988408,-0.0,0.24371960205988408,0.8907068697891558,True,1.0,-0.48690126557625846,0.6077974008663779,chem
CPC004 HA1E 24H-pizotyline malate-10.0,pizotyline malate,HA1E,24H,10.0,53,38,0,1,1.0,0.6927932572907209,0.0,0.8565193671576651,0.15939634780318535,-0.0,0.15939634780318535,0.9470647702762663,False,1.0,-0.6486293431985959,0.6731089636787737,chem
CPC004 HA1E 24H-BRD-K77830450 (forskolin)-10.0,brd-k77830450 (forskolin),HA1E,24H,10.0,68,31,0,0,1.0,1.0,0.0,0.0,-0.0,0.3027797890710162,-0.3027797890710162,1.0,False,1.0,-0.9543441206638258,1.0,chem
CPC004 HA1E 24H-fluspirilen-10.0,fluspirilen,HA1E,24H,10.0,49,27,0,1,1.0,0.6640580783349529,0.0,0.9284869976359338,0.1777939356962094,-0.0,0.1777939356962094,0.9359139369694509,False,1.0,-0.6133436257644824,0.6584471842719094,chem
CPC004 HA1E 24H-menadione-10.0,menadione,HA1E,24H,10.0,88,136,1,2,0.8265793183310692,0.5794175992733966,0.5721993598536809,1.0375415282392026,0.3197237829490452,0.626974090929332,-0.3072503079802868,0.8315220531503826,True,1.0,-0.34112878353892134,0.5398200599800067,chem
CPC004 HA1E 24H-albendazole-10.0,albendazole,HA1E,24H,10.0,46,91,0,1,1.0,0.6407694557263302,0.0,0.9908589440504334,0.1932981984307902,0.8437692548074449,-0.6504710563766547,0.9259666814856249,False,1.0,-0.5836071713413398,0.6467844051982673,chem
CPC004 HA1E 24H-triciribine-10.0,triciribine,HA1E,24H,10.0,98,100,3,0,0.13288021705520958,1.0,2.464439514550437,0.0,0.8765396711511623,0.0491380653868363,0.827401605764326,0.4010733132456779,True,1.0,0.7268181782133152,0.19426857714095302,chem
CPC004 HA1E 24H-vorinostat-10.0,vorinostat,HA1E,24H,10.0,238,204,0,6,1.0,0.42369299847128833,0.0,1.1599898580121704,0.37294871265798657,0.024600893925776315,0.34834781873221027,0.7875377280878865,True,1.0,-0.23904584521675265,0.493835388203932,chem
CPC004 HA1E 24H-sertraline hydrochloride-10.0,sertraline hydrochloride,HA1E,24H,10.0,115,50,0,5,1.0,0.10778588126699094,0.0,2.064366290643663,0.967438123095576,0.1729651157231477,0.7944730073724282,0.34789063740425635,True,1.0,0.9011571790192359,0.16294568477174276,chem
CPC004 HA1E 24H-rosuvastatin calcium-10.0,rosuvastatin calcium,HA1E,24H,10.0,101,102,1,0,0.7303159530865316,1.0,0.768976897689769,0.0,0.13648921248770526,0.41070458391591746,-0.2742153714282122,0.9598382091998259,False,1.0,-0.6925641627340154,0.688103965344885,chem
CPC004 HA1E 24H-BRD-K87343924 (wortmannin)-10.0,brd-k87343924 (wortmannin),HA1E,24H,10.0,65,84,0,1,1.0,0.7651538606375023,0.0,0.6945921985815603,0.1162512261443165,0.07228804903725279,0.04396317710706371,0.9699689761746659,False,1.0,-0.7313796787516905,0.7074308563812063,chem
"CPC004 HA1E 24H-methyl 2,5-dihydroxycinnamate-10.0","methyl 2,5-dihydroxycinnamate",HA1E,24H,10.0,57,130,0,0,1.0,1.0,0.0,0.0,-0.0,1.183402976234772,-1.183402976234772,1.0,False,1.0,-0.9543441206638258,1.0,chem
CPC004 HA1E 24H-chlorpromazine-10.0,chlorpromazine,HA1E,24H,10.0,86,49,0,3,1.0,0.2919805138988895,0.0,1.624945826471353,0.5346461313891518,0.7095160668394278,-0.17486993545027596,0.6514284431310037,True,1.0,0.07108227920638692,0.37554148617127625,chem
CPC004 HA1E 24H-dmbi-10.0,dmbi,HA1E,24H,10.0,33,25,0,1,1.0,0.519875405631676,0.0,1.3962765957446808,0.2841007277695349,0.3703761396174927,-0.08627541184795784,0.8599602725684471,True,1.0,-0.40945214562926635,0.5761412862379207,chem
CPC004 HA1E 24H-pifithrin- ?-10.0,pifithrin- ?,HA1E,24H,10.0,49,85,1,0,0.663994311241259,1.0,0.9271017048794826,0.0,0.1778356414258281,2.934361580732879,-2.756525939307051,0.9358878285735732,False,1.0,-0.6132636361158793,0.6561146284571809,chem
CPC004 HA1E 24H-amsacrine-10.0,amsacrine,HA1E,24H,10.0,197,184,3,6,0.4138129744166848,0.2637108044199694,1.303098118749563,1.4184631967970434,0.9620679733635784,0.37732431054840193,0.5847436628151765,0.35086971050005994,True,1.0,0.8908574817369636,0.1656114628457181,chem
CPC004 HA1E 6H-prednisolone acetate-10.0,prednisolone acetate,HA1E,6H,10.0,49,43,0,2,1.0,0.2920841937160157,0.0,1.9103343465045592,0.5344919444562709,0.2105049319006799,0.32398701255559104,0.6515560616523749,True,1.0,0.07078655584431875,0.3768743752082639,chem
CPC004 HA1E 6H-terfenadine-10.0,terfenadine,HA1E,6H,10.0,88,21,1,2,0.2351709230317128,0.5794175992733966,3.933333333333333,1.0375415282392026,0.8656246938892282,-0.0,0.8656246938892282,0.4078564596912113,True,1.0,0.7058837597610781,0.19860046651116295,chem
CPC004 HA1E 6H-sb 218078-10.0,sb 218078,HA1E,6H,10.0,104,134,3,0,0.24064599353500038,1.0,1.814957966953329,0.0,0.6186213644047632,0.1545144430577315,0.46410692134703174,0.5834289646811212,True,1.0,0.23214286828373232,0.3172275908030656,chem
CPC004 HA1E 6H-wortmannin-10.0,wortmannin,HA1E,6H,10.0,104,103,1,1,0.7337864634203204,0.9022428429107663,0.7613168724279835,0.4289058734421263,0.17910685850434413,1.7770861288358712,-1.5979792703315272,0.9350902976854493,False,1.0,-0.6108255009162675,0.655781406197934,chem
CPC004 HA1E 6H-trichostatin a-10.0,trichostatin a,HA1E,6H,10.0,176,107,0,4,1.0,0.5430756741903018,0.0,1.0380856083586114,0.26513964998130685,0.04713187769519812,0.21800777228610874,0.8746269606288337,True,1.0,-0.44581861045998195,0.5911362879040319,chem
CPC004 HA1E 6H-trimipramine maleate salt-10.0,trimipramine maleate salt,HA1E,6H,10.0,46,74,1,0,0.6127432468373719,1.0,1.0686622695755117,0.0,0.21272146649355322,0.09255340244080514,0.12016806405274809,0.9128705739911712,True,1.0,-0.546354247072416,0.6274575141619461,chem
CPC004 HA1E 6H-geldanamycin-10.0,geldanamycin,HA1E,6H,10.0,61,63,0,1,1.0,0.7431436031873149,0.0,0.741371158392435,0.12892725616443745,1.062555933216173,-0.9336286770517355,0.9637576558347487,False,1.0,-0.7070676430610809,0.6954348550483173,chem
CPC004 HA1E 6H-amlodipine besylate-10.0,amlodipine besylate,HA1E,6H,10.0,79,54,0,0,1.0,1.0,0.0,0.0,-0.0,0.15515819823734667,-0.15515819823734667,1.0,False,1.0,-0.9543441206638258,1.0,chem
CPC004 HA1E 6H-emetine-10.0,emetine,HA1E,6H,10.0,180,173,0,4,1.0,0.5610233072693079,0.0,1.0138339920948616,0.25101909594849814,0.0445961240483613,0.20642297190013684,0.8852907554294033,True,1.0,-0.47290117598498455,0.6014661779406865,chem
CPC004 HA1E 6H-prednisolone-10.0,prednisolone,HA1E,6H,10.0,75,38,1,1,0.38478436874628147,0.8123241056819546,2.1204537871204536,0.5997699827487062,0.5050532377041633,0.24371960205988408,0.26133363564427925,0.6760655968016869,True,1.0,0.014324486244723584,0.39786737754081974,chem
CPC004 HA1E 6H-paclitaxel-10.0,paclitaxel,HA1E,6H,10.0,39,49,2,1,0.1274250271465852,0.5800080222144941,3.375,1.1746920492721165,1.1313112647933328,-0.0,1.1313112647933328,0.2664322734937991,True,1.0,1.2154582388434978,0.1169610129956681,chem
CPC004 HA1E 6H-gitoxigenin-10.0,gitoxigenin,HA1E,6H,10.0,90,75,0,2,1.0,0.591734328636421,0.0,1.0136363636363637,0.22787323500741302,0.25456948766652177,-0.026696252659108743,0.9022158598324803,True,1.0,-0.5172938601610494,0.6174608463845385,chem
CPC004 HA1E 6H-mitotane-10.0,mitotane,HA1E,6H,10.0,75,23,1,1,0.25448668572827027,0.8123241056819546,3.574635241301908,0.5997699827487062,0.6846055931201028,0.3978441791525614,0.28676141396754146,0.5326002899656771,True,1.0,0.35869754833720946,0.27757414195268243,chem
CPC004 HA1E 6H-proscillaridin a-10.0,proscillaridin a,HA1E,6H,10.0,145,96,1,5,0.7085343761493428,0.21256429222377518,0.8183235867446393,1.6141814389989573,0.8221487631038177,1.0084061041481873,-0.18625734104436964,0.4357223139999964,True,1.0,0.6224989476977121,0.21359546817727423,chem
CPC004 HA1E 6H-teniposide-10.0,teniposide,HA1E,6H,10.0,142,119,1,2,0.7836747881713573,0.823760949758207,0.6564134756225152,0.6318367346938776,0.19006292436549632,0.2982766627780447,-0.10821373841254839,0.9280813213674748,False,1.0,-0.5898122764428168,0.647450849716761,chem
CPC004 HA1E 6H-dcpib-10.0,dcpib,HA1E,6H,10.0,71,36,0,2,1.0,0.4641759411062928,0.0,1.296687370600414,0.3333173733922878,-0.0,0.3333173733922878,0.8204270838871247,True,1.0,-0.3150569096560849,0.5288237254248583,chem
CPC004 HA1E 6H-ketorolac tromethamine-10.0,ketorolac tromethamine,HA1E,6H,10.0,59,39,0,0,1.0,1.0,0.0,0.0,-0.0,-0.0,0.0,1.0,False,1.0,-0.9543441206638258,1.0,chem
CPC004 HA1E 6H-ezetimibe-10.0,ezetimibe,HA1E,6H,10.0,75,30,0,0,1.0,1.0,0.0,0.0,-0.0,0.20921890154958778,-0.20921890154958778,1.0,False,1.0,-0.9543441206638258,1.0,chem
CPC004 HA1E 6H-iopanoic acid-10.0,iopanoic acid,HA1E,6H,10.0,76,32,0,3,1.0,0.23253902429906387,0.0,1.8504976840445453,0.6335041541049143,0.20578816707929776,0.4277159870256166,0.5717430529557714,True,1.0,0.26068736634752415,0.30623125624791736,chem
CPC004 HA1E 6H-ouabain-10.0,ouabain,HA1E,6H,10.0,124,103,0,4,1.0,0.2889158167702607,0.0,1.5004830917874397,0.539228681942525,0.17699510271302324,0.36223357922950183,0.6476394514492794,True,1.0,0.07987139791554003,0.37320893035654784,chem
CPC004 HA1E 6H-mitomycin c-10.0,mitomycin c,HA1E,6H,10.0,60,94,1,0,0.7008945876885398,1.0,0.836187441922209,0.0,0.15434729362763686,0.4681470980549928,-0.313799804427356,0.949990966380462,False,1.0,-0.6583131941460068,0.676107964011996,chem
CPC004 HA1E 6H-doxorubicin-10.0,doxorubicin,HA1E,6H,10.0,113,208,1,4,0.9324551778648057,0.2355599635026629,0.3688793463350629,1.6548331338917697,0.6582705567357813,0.6920764603801351,-0.033805903644353874,0.5525765253846087,True,1.0,0.3081881740715419,0.2925691436187937,chem
CPC004 HA1E 6H-colforsin-10.0,colforsin,HA1E,6H,10.0,64,68,0,0,1.0,1.0,0.0,0.0,-0.0,0.10767000742262935,-0.10767000742262935,1.0,False,1.0,-0.9543441206638258,1.0,chem
CPC004 HA1E 6H-selamectin-10.0,selamectin,HA1E,6H,10.0,110,54,0,4,1.0,0.2214460004276424,0.0,1.7024883784522833,0.6547321591719109,0.5988983939375746,0.05583376523433625,0.5552927888201169,True,1.0,0.30140169220586055,0.29456847717427526,chem
CPC004 HA1E 6H-cycloheximide-10.0,cycloheximide,HA1E,6H,10.0,165,130,1,4,0.8124940689332948,0.49193875122490444,0.5993875011962867,1.1109910883067784,0.39826876626149355,0.48262006082516634,-0.0843512945636728,0.7662388331667971,True,1.0,-0.19048316069174914,0.4758413862045985,chem
CPC004 HA1E 6H-BRD-A68930007 (ouabain)-10.0,brd-a68930007 (ouabain),HA1E,6H,10.0,154,93,0,4,1.0,0.43864886539329556,0.0,1.1945893719806764,0.3578829896476459,0.2907457195206418,0.0671372701270041,0.80012011104332,True,1.0,-0.26794120085655765,0.5068310563145618,chem
CPC004 HA1E 6H-cyclosporine-10.0,cyclosporine,HA1E,6H,10.0,74,16,1,1,0.18469199831054556,0.8080655603011361,5.248559670781893,0.6080831633148742,0.8261053221865581,0.21272146649355322,0.6133838556930049,0.43313042693525516,True,1.0,0.6300874438971453,0.21326224591802734,chem
CPC004 HA1E 6H-BRD-A75409952 (wortmannin)-10.0,brd-a75409952 (wortmannin),HA1E,6H,10.0,91,112,1,2,0.7631005699105197,0.5977922125178159,0.6985874763652541,1.0020866773675763,0.34086796894430005,0.6425485957204662,-0.30168062677616614,0.8142175271406848,True,1.0,-0.3005752187596059,0.5208263912029324,chem
CPC004 HA1E 6H-sirolimus-10.0,sirolimus,HA1E,6H,10.0,43,39,1,0,0.3926227282495143,1.0,2.064327485380117,0.0,0.4060245634531765,-0.0,0.4060245634531765,0.7596881147142152,True,1.0,-0.1756079025995846,0.47317560813062315,chem
CPC004 HA1E 6H-brazilin-10.0,brazilin,HA1E,6H,10.0,136,102,1,1,0.7303159530865316,0.9525683260996414,0.768976897689769,0.32555818229577094,0.15759307582109958,0.46654270956934724,-0.3089496337482477,0.9481167594716642,False,1.0,-0.6520879349437051,0.6737754081972676,chem
CPC004 HA1E 6H-meloxicam sodium-10.0,meloxicam sodium,HA1E,6H,10.0,50,41,2,0,0.09467214452496704,1.0,4.072435897435898,0.0,1.0237777850796144,-0.0,1.0237777850796144,0.317846148499762,True,1.0,1.0092140288987812,0.14461846051316227,chem
CPC004 HA1E 6H-digitoxin-10.0,digitoxin,HA1E,6H,10.0,197,86,0,6,1.0,0.2637108044199694,0.0,1.4184631967970434,0.5788720764870051,0.6905186483449973,-0.1116465718579922,0.6152115195053921,True,1.0,0.1559055838185739,0.34521826057980676,chem
CPC004 HA1E 6H-digoxin-10.0,digoxin,HA1E,6H,10.0,181,83,0,5,1.0,0.3650764666048621,0.0,1.276542800265428,0.4376161614437372,0.46820151994801584,-0.030585358504278626,0.7329452022353855,True,1.0,-0.11501668779094597,0.44918360546484504,chem
CPC004 HA1E 6H-ticlopidine hydrochloride-10.0,ticlopidine hydrochloride,HA1E,6H,10.0,67,27,0,1,1.0,0.7754460309199388,0.0,0.6733290350311627,0.11044842259476602,0.23943842161399886,-0.12898999901923286,0.9726550549608176,False,1.0,-0.7425091859221793,0.7140953015661446,chem
CPC004 HA1E 6H-amoxapine-10.0,amoxapine,HA1E,6H,10.0,70,77,0,2,1.0,0.4568394745592374,0.0,1.3159663865546218,0.3402363766480224,-0.0,0.3402363766480224,0.8147381216998828,True,1.0,-0.3017865833922742,0.5218260579806732,chem
CPC004 HA1E 6H-nsc 663284-10.0,nsc 663284,HA1E,6H,10.0,58,72,1,3,0.6026281819919359,0.1339051918309686,1.099113197704747,2.4631785480706343,1.0931531463500002,0.09731272543783062,0.9958404209121695,0.2838107692542495,True,1.0,1.1422727433840956,0.12495834721759413,chem
CPC004 HA1E 6H-sappanone a trimethyl ether-10.0,sappanone a trimethyl ether,HA1E,6H,10.0,46,50,0,2,1.0,0.2675399479808848,0.0,2.0415584415584416,0.5726113617087648,0.1729651157231477,0.3996462459856171,0.6202877269843359,True,1.0,0.14389782422067948,0.3515494835054982,chem
CPC004 HA1E 6H-ag 82-10.0,ag 82,HA1E,6H,10.0,48,41,0,0,1.0,1.0,0.0,0.0,-0.0,0.2230514587851949,-0.2230514587851949,1.0,False,1.0,-0.9543441206638258,1.0,chem
CPC004 HA1E 6H-penitrem a-10.0,penitrem a,HA1E,6H,10.0,63,25,0,1,1.0,0.754393433432854,0.0,0.7172271791352093,0.12240210054152371,-0.0,0.12240210054152371,0.9670126232559566,False,1.0,-0.7195825878931181,0.7030989670109964,chem
CPC004 HA1E 6H-epirubicin hydrochloride-10.0,epirubicin hydrochloride,HA1E,6H,10.0,149,164,4,2,0.15369545470312215,0.8438378208771122,1.9974358974358974,0.6010689990281827,0.8870799892792522,0.38105653594803285,0.5060234533312193,0.39460411646421656,True,1.0,0.747034017881866,0.1879373542152616,chem
CPC004 HA1E 6H-ro 31-8220 mesylate-10.0,ro 31-8220 mesylate,HA1E,6H,10.0,88,157,1,1,0.8681298573081844,0.8598507500913701,0.49351060462171575,0.5090894269177468,0.12699223251655542,0.170717696330583,-0.04372546381402759,0.9647354089186249,False,1.0,-0.7107789283700309,0.696434521826058,chem
CPC004 HA1E 6H-nu7026-10.0,nu7026,HA1E,6H,10.0,29,48,0,0,1.0,1.0,0.0,0.0,-0.0,-0.0,0.0,1.0,False,1.0,-0.9543441206638258,1.0,chem
CPC004 HA1E 6H-forskolin-10.0,forskolin,HA1E,6H,10.0,70,59,0,0,1.0,1.0,0.0,0.0,-0.0,-0.0,0.0,1.0,False,1.0,-0.9543441206638258,1.0,chem
CPC004 HA1E 6H-apigenin triacetate-10.0,apigenin triacetate,HA1E,6H,10.0,28,57,1,0,0.5179739744277554,1.0,1.3968253968253967,0.0,0.28569206080759085,0.4475762586065167,-0.16188419779892582,0.8587129392666633,True,1.0,-0.40640004291607845,0.5731422859046984,chem
CPC004 HA1E 6H-nocodazole-10.0,nocodazole,HA1E,6H,10.0,83,62,0,0,1.0,1.0,0.0,0.0,-0.0,-0.0,0.0,1.0,False,1.0,-0.9543441206638258,1.0,chem
CPC004 HA1E 6H-erythrosine sodium-10.0,erythrosine sodium,HA1E,6H,10.0,95,114,0,1,1.0,0.8802718869613024,0.0,0.4706503696997133,0.05538316788419342,-0.0,0.05538316788419342,0.9925280811585249,False,1.0,-0.8481217819566569,0.7454181939353549,chem
CPC004 HA1E 6H-chloroxine-10.0,chloroxine,HA1E,6H,10.0,80,24,1,1,0.26396306020823945,0.8322496989743087,3.418679549114332,0.5613609839303348,0.6582031986218922,-0.0,0.6582031986218922,0.5526281630533791,True,1.0,0.30805898434366,0.2925691436187937,chem
CPC004 HA1E 6H-phenolphthalein-10.0,phenolphthalein,HA1E,6H,10.0,80,99,1,3,0.7196340342744381,0.25609197333298406,0.7928949357520786,1.7532467532467533,0.7344923387464383,0.19274439605369217,0.5417479426927461,0.49597370913205374,True,1.0,0.45437800493368674,0.2535821392869044,chem
CPC004 HA1E 6H-prochlorperazine edisylate-10.0,prochlorperazine edisylate,HA1E,6H,10.0,55,29,1,1,0.30958910347272567,0.7062317609264366,2.8059964726631392,0.8245337536117678,0.6602670885454536,0.3232027624497683,0.33706432609568526,0.5510471953935188,True,1.0,0.3120174291724798,0.2922359213595468,chem
CPC004 HA1E 6H-rs 39604 hydrochloride-10.0,rs 39604 hydrochloride,HA1E,6H,10.0,53,38,0,1,1.0,0.6927932572907209,0.0,0.8565193671576651,0.15939634780318535,0.24371960205988408,-0.08432325425669873,0.9470647702762663,False,1.0,-0.6486293431985959,0.6731089636787737,chem
CPC004 HA1E 6H-simvastatin-10.0,simvastatin,HA1E,6H,10.0,43,51,0,1,1.0,0.6158785350844703,0.0,1.0621411685241473,0.2105049319006799,-0.0,0.2105049319006799,0.9143982595785249,True,1.0,-0.5506054572735489,0.631789403532156,chem
CPC004 HA1E 6H-piplartine-10.0,piplartine,HA1E,6H,10.0,102,97,0,1,1.0,0.8977353449218803,0.0,0.4375394986307141,0.046851675783073976,0.8753632723932303,-0.8285115966101564,0.9945830072153558,False,1.0,-0.8644847867876119,0.748750416527824,chem
CPC004 HA1E 6H-clomid-10.0,clomid,HA1E,6H,10.0,62,33,0,1,1.0,0.7488310518614769,0.0,0.7291012672945006,0.12561615495840892,-0.0,0.12561615495840892,0.9654243574822806,False,1.0,-0.7134181810898177,0.7000999666777741,chem
CPC004 HA1E 6H-primidone-10.0,primidone,HA1E,6H,10.0,44,51,1,0,0.4793275202099277,1.0,1.565925925925926,0.0,0.3193676356186813,0.16829365667717439,0.15107397894150693,0.8318111533096281,True,1.0,-0.3418118575449925,0.5408197267577474,chem
CPC004 HA1E 6H-inca-6-10.0,inca-6,HA1E,6H,10.0,71,21,0,1,1.0,0.7947056866867112,0.0,0.6344478216818642,0.09979367928482703,0.6522221155048256,-0.5524284362199985,0.977315891807183,False,1.0,-0.7629444877646601,0.7220926357880706,chem
CPC004 HA1E 6H-gw 3965 hydrochloride-10.0,gw 3965 hydrochloride,HA1E,6H,10.0,54,71,0,3,1.0,0.11443803062180481,0.0,2.658061785865425,0.941429624629815,-0.0,0.941429624629815,0.36250784661283836,True,1.0,0.8512740892856956,0.17194268577140953,chem
CPC004 HA1E 6H-niclosamide-10.0,niclosamide,HA1E,6H,10.0,111,60,0,0,1.0,1.0,0.0,0.0,-0.0,0.13233909927834112,-0.13233909927834112,1.0,False,1.0,-0.9543441206638258,1.0,chem
CPC004 HA1E 6H-BRD-K36055864 (cycloheximide)-10.0,brd-k36055864 (cycloheximide),HA1E,6H,10.0,132,121,0,3,1.0,0.5573537175367291,0.0,1.0378116111761753,0.25386909779160943,0.08761298956044905,0.16625610823116038,0.883157731443979,True,1.0,-0.4674350050767396,0.5984671776074642,chem
CPC004 HA1E 6H-doxepin hydrochloride-10.0,doxepin hydrochloride,HA1E,6H,10.0,155,66,1,1,0.5706908532949094,0.9691806344107288,1.2017094017094017,0.28451690153817816,0.25719436027877596,0.7548207252900666,-0.49762636501129065,0.8806564194256683,True,1.0,-0.4610573063697854,0.5964678440519827,chem
CPC004 HA1E 6H-ag 957-10.0,ag 957,HA1E,6H,10.0,141,108,1,2,0.7504881416164202,0.8207121089750633,0.7251644167532018,0.6364850976361768,0.21046532445646532,1.2508063274236783,-1.0403410029672129,0.9144254831113989,False,1.0,-0.5506814225083922,0.631789403532156,chem
CPC004 HA1E 6H-rhamnetin-10.0,rhamnetin,HA1E,6H,10.0,59,45,0,1,1.0,0.731382275965789,0.0,0.7671802396674003,0.13585556839436858,-0.0,0.13585556839436858,0.960172552967361,False,1.0,-0.6937794626179611,0.6897700766411197,chem
CPC004 HA1E 6H-BRD-K37694030 (doxepin hydrochloride)-10.0,brd-k37694030 (doxepin hydrochloride),HA1E,6H,10.0,62,31,0,0,1.0,1.0,0.0,0.0,-0.0,0.563996086172804,-0.563996086172804,1.0,False,1.0,-0.9543441206638258,1.0,chem
CPC004 HA1E 6H-paroxetine hydrochloride-10.0,paroxetine hydrochloride,HA1E,6H,10.0,68,38,1,2,0.38478436874628147,0.4419972308843989,2.1204537871204536,1.3562770562770563,0.7693630302995116,0.24371960205988408,0.5256434282396275,0.4713631083488886,True,1.0,0.5212583686002967,0.23492169276907698,chem
CPC004 HA1E 6H-domperidone-10.0,domperidone,HA1E,6H,10.0,42,38,1,1,0.38478436874628147,0.6072067945410671,2.1204537871204536,1.0882200311364816,0.6314459562030763,0.24371960205988408,0.38772635414319223,0.5733517960781755,True,1.0,0.2567398385514874,0.3065644785071643,chem
CPC004 HA1E 6H-bithionate sodium-10.0,bithionate sodium,HA1E,6H,10.0,104,37,0,0,1.0,1.0,0.0,0.0,-0.0,-0.0,0.0,1.0,False,1.0,-0.9543441206638258,1.0,chem
CPC004 HA1E 6H-triclosan-10.0,triclosan,HA1E,6H,10.0,83,27,0,0,1.0,1.0,0.0,0.0,-0.0,0.3456285941430332,-0.3456285941430332,1.0,False,1.0,-0.9543441206638258,1.0,chem
CPC004 HA1E 6H-cgp 57380-10.0,cgp 57380,HA1E,6H,10.0,58,26,1,2,0.28256026853690286,0.36475958920220486,3.1441975308641976,1.6010204081632653,0.9868821874340403,0.2805580222686066,0.7063241651654337,0.33727299606525324,True,1.0,0.9384499895771855,0.15694768410529825,chem
CPC004 HA1E 6H-suloctidil-10.0,suloctidil,HA1E,6H,10.0,63,7,0,2,1.0,0.40396339443609297,0.0,1.4686182669789227,0.3936579871534509,-0.0,0.3936579871534509,0.7701283432525822,True,1.0,-0.19932642045512258,0.48250583138953684,chem
CPC004 HA1E 6H-daunorubicin-10.0,daunorubicin,HA1E,6H,10.0,70,142,2,1,0.5408689713942205,0.7900503381574097,1.1164285714285713,0.6437455031349574,0.36925316917699263,0.2166015430162832,0.15265162616070943,0.7906315766493206,True,1.0,-0.24613372563858102,0.49850049983338884,chem
CPC004 HA1E 6H-dexamethasone acetate-10.0,dexamethasone acetate,HA1E,6H,10.0,52,26,0,1,1.0,0.6858468627899699,0.0,0.8734529272701989,0.16377284357838476,-0.0,0.16377284357838476,0.9444803376759113,False,1.0,-0.6402354279650758,0.6704431856047984,chem
CPC004 HA1E 6H-gr 113808-10.0,gr 113808,HA1E,6H,10.0,55,34,0,0,1.0,1.0,0.0,0.0,-0.0,0.2753470641431871,-0.2753470641431871,1.0,False,1.0,-0.9543441206638258,1.0,chem
CPC004 HA1E 6H-na-tosyl-phe chloromethyl ketone-10.0,na-tosyl-phe chloromethyl ketone,HA1E,6H,10.0,103,96,1,1,0.7085343761493428,0.9000143124393147,0.8183235867446393,0.4331803643443193,0.19538965828158505,1.2277644463083652,-1.0323747880267802,0.9245891342420439,False,1.0,-0.5795958486750721,0.6447850716427858,chem
CPC004 HA1E 6H-epicatechin monogallate-10.0,epicatechin monogallate,HA1E,6H,10.0,70,73,1,3,0.6077179178677024,0.19807442890577218,1.083676268861454,2.0181466766885,0.9194695463585121,-0.0,0.9194695463585121,0.3752227070371284,True,1.0,0.8091556810890415,0.17794068643785405,chem
CPC004 HA1E 6H-ch 55-10.0,ch 55,HA1E,6H,10.0,119,49,1,2,0.4657772989980638,0.7408274836495669,1.631687242798354,0.7588522588522588,0.4621045961990234,0.5344919444562709,-0.07238734825724752,0.7122172591468888,True,1.0,-0.06804900951686128,0.4298567144285238,chem
CPC004 HA1E 6H-toremifene-10.0,toremifene,HA1E,6H,10.0,56,23,0,1,1.0,0.7127304507454809,0.0,0.8094132817537073,0.1470746859789352,-0.0,0.1470746859789352,0.9540980287345754,False,1.0,-0.6722617171802987,0.6814395201599467,chem
CPC004 HA1E 6H-gm6001-10.0,gm6001,HA1E,6H,10.0,39,24,0,1,1.0,0.5800080222144941,0.0,1.1746920492721165,0.23656599957603974,0.4060245634531765,-0.16945856387713676,0.895946131618933,True,1.0,-0.5006215422423433,0.6131289570143286,chem
CPC004 HA1E 6H-oxibendazole-10.0,oxibendazole,HA1E,6H,10.0,46,65,0,0,1.0,1.0,0.0,0.0,-0.0,1.317349368387879,-1.317349368387879,1.0,False,1.0,-0.9543441206638258,1.0,chem
CPC004 HA1E 6H-ns-1619-10.0,ns-1619,HA1E,6H,10.0,73,38,0,3,1.0,0.21515601867064685,0.0,1.9307297019527236,0.6672465006672248,-0.0,0.6672465006672248,0.54571997132861,True,1.0,0.3254036168301796,0.28490503165611464,chem
CPC004 HA1E 6H-dorsomorphin dihydrochloride-10.0,dorsomorphin dihydrochloride,HA1E,6H,10.0,127,194,3,1,0.4476753018723767,0.9418479154935535,1.2328848830273709,0.3493189237870089,0.37505608393642165,0.3012842257452927,0.07377185819112897,0.785771511905639,True,1.0,-0.23500400517272046,0.4931689436854382,chem
CPC004 HA1E 6H-chlorprothixene hydrochloride-10.0,chlorprothixene hydrochloride,HA1E,6H,10.0,47,40,0,0,1.0,1.0,0.0,0.0,-0.0,-0.0,0.0,1.0,False,1.0,-0.9543441206638258,1.0,chem
CPC004 HA1E 6H-dephostatin-10.0,dephostatin,HA1E,6H,10.0,75,49,0,3,1.0,0.22671458191289856,0.0,1.8764988009592327,0.6445205458609377,-0.0,0.6445205458609377,0.5631733954091461,True,1.0,0.28181629308002965,0.30256581139620126,chem
CPC004 HA1E 6H-triflupromazine hydrochloride-10.0,triflupromazine hydrochloride,HA1E,6H,10.0,57,55,1,0,0.5054175517404941,1.0,1.4490169181527206,0.0,0.2963496803193755,-0.0,0.2963496803193755,0.8502995065599512,True,1.0,-0.38595922465230376,0.5604798400533155,chem
CPC004 HA1E 6H-sib 1893-10.0,sib 1893,HA1E,6H,10.0,49,58,0,0,1.0,1.0,0.0,0.0,-0.0,-0.0,0.0,1.0,False,1.0,-0.9543441206638258,1.0,chem
CPC004 HA1E 6H-tacrolimus-10.0,tacrolimus,HA1E,6H,10.0,72,25,1,1,0.27332042905520476,0.7992585201226767,3.2757201646090537,0.6254120467485765,0.6606406316362605,0.3703761396174927,0.2902644920187678,0.550761330578975,True,1.0,0.3127338674375568,0.29056981006331223,chem
CPC004 HA1E 6H-bibx 1382 dihydrochloride-10.0,bibx 1382 dihydrochloride,HA1E,6H,10.0,55,70,1,0,0.592252218742723,1.0,1.1313293970298801,0.0,0.22749330361335865,0.10234523670003882,0.1251480669133198,0.902487368919322,True,1.0,-0.5180225508944707,0.6174608463845385,chem
CPC004 HA1E 6H-duloxetine hydrochloride-10.0,duloxetine hydrochloride,HA1E,6H,10.0,47,27,0,2,1.0,0.27572684290809535,0.0,1.9958730158730158,0.5595209518507488,0.3456285941430332,0.21389235770771559,0.6309580328570098,True,1.0,0.11879102728444477,0.36054648450516497,chem
CPC004 HA1E 6H-nicergoline-10.0,nicergoline,HA1E,6H,10.0,57,26,0,1,1.0,0.7190863678527015,0.0,0.7948328267477204,0.14321894434703947,0.28569206080759085,-0.14247311646055139,0.9562222164291826,False,1.0,-0.6796568502006229,0.6844385204931689,chem
CPC004 HA1E 6H-BRD-K77830450 (forskolin)-10.0,brd-k77830450 (forskolin),HA1E,6H,10.0,54,49,0,1,1.0,0.6995871145504498,0.0,0.8402248093135287,0.15515819823734667,0.1777939356962094,-0.022635737458862742,0.9495250730711686,False,1.0,-0.6567579168406003,0.6757747417527491,chem
CPC004 HA1E 6H-quipazine dimaleate salt-10.0,quipazine dimaleate salt,HA1E,6H,10.0,68,38,0,1,1.0,0.7804228786816634,0.0,0.6631734942309728,0.10767000742262935,0.23536909605855375,-0.12769908863592438,0.9739048146533101,False,1.0,-0.747838056926831,0.716427857380873,chem
CPC004 HA1E 6H-menadione-10.0,menadione,HA1E,6H,10.0,164,58,1,5,0.5241335714508069,0.2910814024667513,1.372103097249296,1.4169306339806271,0.8165435635287988,0.6022152116435691,0.2143283518852297,0.4394133096872187,True,1.0,0.6117484357547348,0.21526157947350882,chem
CPC004 HA1E 6H-triciribine-10.0,triciribine,HA1E,6H,10.0,87,71,0,1,1.0,0.8566640097411657,0.0,0.5150915388421573,0.06718947834152734,0.17226599602448384,-0.10507651768295649,0.9891980628477683,False,1.0,-0.8254778279144607,0.740753082305898,chem
CPC004 HA1E 6H-vorinostat-10.0,vorinostat,HA1E,6H,10.0,203,157,2,5,0.5958886422641765,0.4611476243674089,1.0059677419354838,1.1306495613064955,0.560994916538085,0.38439028177088264,0.17660463476720234,0.6297528625497466,True,1.0,0.12161802296277098,0.3582139286904365,chem
CPC004 HA1E 6H-sertraline hydrochloride-10.0,sertraline hydrochloride,HA1E,6H,10.0,51,50,1,1,0.47259539417038376,0.6787445310778502,1.598135550516503,0.8910638297872341,0.49380417191602116,1.0169680669802437,-0.5231638950642226,0.6854971594750625,True,1.0,-0.0072506984537359185,0.4068643785404865,chem
CPC004 HA1E 6H-rosuvastatin calcium-10.0,rosuvastatin calcium,HA1E,6H,10.0,38,77,1,0,0.627440793597535,1.0,1.0259909031838856,0.0,0.20242724869474582,0.08588873523477,0.11653851345997582,0.9198946903410153,True,1.0,-0.566098077761855,0.6404531822725759,chem
CPC004 HA1E 6H-BRD-K87343924 (wortmannin)-10.0,brd-k87343924 (wortmannin),HA1E,6H,10.0,91,86,1,0,0.6683067962120237,1.0,0.9160493827160494,0.0,0.17502412238315684,0.2305859975482238,-0.05556187516506694,0.9376397381759655,False,1.0,-0.6186559988037045,0.6587804065311563,chem
"CPC004 HA1E 6H-methyl 2,5-dihydroxycinnamate-10.0","methyl 2,5-dihydroxycinnamate",HA1E,6H,10.0,77,60,0,0,1.0,1.0,0.0,0.0,-0.0,0.3347663479730869,-0.3347663479730869,1.0,False,1.0,-0.9543441206638258,1.0,chem
CPC004 HA1E 6H-chlorpromazine-10.0,chlorpromazine,HA1E,6H,10.0,31,41,0,0,1.0,1.0,0.0,0.0,-0.0,-0.0,0.0,1.0,False,1.0,-0.9543441206638258,1.0,chem
CPC004 HA1E 6H-pifithrin- ?-10.0,pifithrin- ?,HA1E,6H,10.0,94,63,0,1,1.0,0.8775464313583057,0.0,0.4757873865629528,0.05672989554678364,0.12240210054152371,-0.06567220499474008,0.9921762953396299,False,1.0,-0.8455388209707289,0.745084971676108,chem
CPC004 HA1E 6H-amsacrine-10.0,amsacrine,HA1E,6H,10.0,205,151,2,8,0.5744768279694653,0.08070340083679974,1.04748322147651,1.859231759981817,1.3338356480212592,0.5029059878046284,0.8309296602166308,0.18875317496563684,True,1.0,1.6038905812598852,0.08030656447850716,chem
CPC004 HCC515 24H-prednisolone acetate-10.0,prednisolone acetate,HCC515,24H,10.0,79,65,0,1,1.0,0.8284402406749884,0.0,0.5686488452445899,0.0817388138362365,0.19590718982297833,-0.11416837598674183,0.9843614541111402,False,1.0,-0.7975728794991802,0.7317560813062313,chem
CPC004 HCC515 24H-betamethasone-10.0,betamethasone,HCC515,24H,10.0,56,73,0,1,1.0,0.7127304507454809,0.0,0.8094132817537073,0.1470746859789352,1.5688821854565855,-1.4218074994776504,0.9540980287345754,False,1.0,-0.6722617171802987,0.6814395201599467,chem
CPC004 HCC515 24H-norgestimate-10.0,norgestimate,HCC515,24H,10.0,108,64,0,1,1.0,0.9106744047128277,0.0,0.41260688009544644,0.040636869472461576,0.1192815748949867,-0.07864470542252512,0.9958860720452045,False,1.0,-0.8764044960809787,0.7527490836387871,chem
CPC004 HCC515 24H-terfenadine-10.0,terfenadine,HCC515,24H,10.0,95,134,2,2,0.5095239600794103,0.6213536046765916,1.1856060606060606,0.9583717357910906,0.49949656655754404,-0.0,0.49949656655754404,0.6807204982182269,True,1.0,0.0036670495691121796,0.4031989336887704,chem
CPC004 HCC515 24H-sb 218078-10.0,sb 218078,HCC515,24H,10.0,133,149,1,6,0.8536107088134507,0.07154608452597637,0.5208541875208542,2.155511811023622,1.2141542739039535,0.37001052668460055,0.8441437472193529,0.23181250811217943,True,1.0,1.3743472751599077,0.10096634455181606,chem
CPC004 HCC515 24H-dexamethasone-10.0,dexamethasone,HCC515,24H,10.0,103,122,0,6,1.0,0.025206109282305975,0.0,2.8358095815645847,1.5984941851695502,0.8489512775240101,0.7495429076455401,0.11798145135420954,True,1.0,2.1114933394389293,0.04465178273908697,chem
CPC004 HCC515 24H-carvedilol-10.0,carvedilol,HCC515,24H,10.0,104,59,0,3,1.0,0.40033485559437765,0.0,1.3315050929553387,0.39757659592213196,-0.0,0.39757659592213196,0.766822977706065,True,1.0,-0.19181071119201054,0.4781739420193269,chem
CPC004 HCC515 24H-wortmannin-10.0,wortmannin,HCC515,24H,10.0,102,99,1,3,0.7196340342744381,0.38841448371220477,0.7928949357520786,1.3588402005668192,0.5535928892923542,0.32770700656369,0.22588588272866417,0.635814214601742,True,1.0,0.10742127916400912,0.36221259580139953,chem
CPC004 HCC515 24H-alaproclate-10.0,alaproclate,HCC515,24H,10.0,95,48,1,0,0.4588721505929316,1.0,1.6666666666666667,0.0,0.338308299269452,-0.0,0.338308299269452,0.8163260518464907,True,1.0,-0.30548454607993386,0.5238253915361546,chem
CPC004 HCC515 24H-benazepril hydrochloride-10.0,benazepril hydrochloride,HCC515,24H,10.0,142,50,0,3,1.0,0.6072932541550211,0.0,0.9615961906733606,0.2166015430162832,0.07591803311507811,0.1406835099012051,0.9101768075837771,False,1.0,-0.5389124408639129,0.6254581806064645,chem
CPC004 HCC515 24H-trichostatin a-10.0,trichostatin a,HCC515,24H,10.0,127,192,3,2,0.44095873098014793,0.7728639174288976,1.2463331324090818,0.7093714285714285,0.4674990220118586,0.12669936285539973,0.3407996591564589,0.7076585679172913,True,1.0,-0.057702751841246853,0.42452515828057313,chem
CPC004 HCC515 24H-trimipramine maleate salt-10.0,trimipramine maleate salt,HCC515,24H,10.0,139,60,0,2,1.0,0.8144734478443029,0.0,0.6459854014598541,0.08912306929612847,0.07923786013618105,0.009885209159947422,0.9816143546639641,False,1.0,-0.7834102211586347,0.7257580806397868,chem
CPC004 HCC515 24H-geldanamycin-10.0,geldanamycin,HCC515,24H,10.0,97,207,3,2,0.4905259178857798,0.6327330456208606,1.1518987341772151,0.9378947368421052,0.5081175240271325,1.4233500455805543,-0.9152325215534218,0.6735021320613507,True,1.0,0.020201644813456796,0.3962012662445851,chem
CPC004 HCC515 24H-praziquantel-10.0,praziquantel,HCC515,24H,10.0,132,61,0,1,1.0,0.9480702707677038,0.0,0.3357154458340101,0.023159471653892177,0.08761298956044905,-0.06445351790655687,0.998627686246526,False,1.0,-0.9099253317739812,0.7580806397867378,chem
CPC004 HCC515 24H-amlodipine besylate-10.0,amlodipine besylate,HCC515,24H,10.0,108,111,3,0,0.1657260515872308,1.0,2.209563994374121,0.0,0.7806092165579348,0.037857840177961594,0.7427513763799732,0.46360522961825024,True,1.0,0.5428280304947561,0.23225591469510162,chem
CPC004 HCC515 24H-emetine-10.0,emetine,HCC515,24H,10.0,164,197,1,8,0.9219340793504625,0.02730744524341044,0.3902746283698665,2.363566781477229,1.5990190595207736,0.903331219312599,0.6956878402081746,0.1178693753924494,True,1.0,2.112500024019178,0.044318560479840056,chem
CPC004 HCC515 24H-clobetasol propionate-10.0,clobetasol propionate,HCC515,24H,10.0,84,116,0,3,1.0,0.2799624355993186,0.0,1.6656008526512123,0.5529002368947883,0.6785354279904839,-0.12563519109569565,0.6363825685150029,True,1.0,0.10609280409854478,0.36254581806064645,chem
CPC004 HCC515 24H-altrenogest-10.0,altrenogest,HCC515,24H,10.0,115,73,0,1,1.0,0.9237282240319958,0.0,0.38683588403633196,0.03445578653401987,-0.0,0.03445578653401987,0.9970144015657597,False,1.0,-0.8882595255158632,0.7550816394535155,chem
CPC004 HCC515 24H-prednisolone-10.0,prednisolone,HCC515,24H,10.0,173,105,0,3,1.0,0.7373517206131002,0.0,0.7823106220905628,0.13232530198586392,0.04913216611867838,0.08319313586718555,0.9620156138137066,False,1.0,-0.7005503493060399,0.692102632455848,chem
CPC004 HCC515 24H-gitoxigenin-10.0,gitoxigenin,HCC515,24H,10.0,160,80,1,2,0.6415870714529841,0.8712490394254633,0.9865604000625098,0.5582278481012658,0.25260208376822973,0.21731649711118037,0.03528558665704937,0.8841072458915789,False,1.0,-0.46986507901219215,0.5984671776074642,chem
CPC004 HCC515 24H-proscillaridin a-10.0,proscillaridin a,HCC515,24H,10.0,156,179,3,6,0.39665076624456796,0.12746527031047095,1.3411967779056386,1.818235294117647,1.2961998311103535,0.07010310040595594,1.2260967307043975,0.20145870317024425,True,1.0,1.5317068358340082,0.08497167610796401,chem
CPC004 HCC515 24H-teniposide-10.0,teniposide,HCC515,24H,10.0,128,167,0,4,1.0,0.30876113403058675,0.0,1.4511453950444133,0.5103773726444716,0.052404737086475105,0.4579726355579965,0.6716133067560135,True,1.0,0.02453592929786653,0.39320226591136287,chem
CPC004 HCC515 24H-amcinonide-10.0,amcinonide,HCC515,24H,10.0,65,83,0,2,1.0,0.41932905746011573,0.0,1.4215419501133786,0.377445042062586,0.24785404624581234,0.12959099581677366,0.7837676592067451,True,1.0,-0.23042209465858576,0.49250249916694433,chem
CPC004 HCC515 24H-dcpib-10.0,dcpib,HCC515,24H,10.0,92,59,0,1,1.0,0.8719093541651274,0.0,0.48640012469799704,0.05952866304010019,0.2950865807670231,-0.23555791772692292,0.991421805527956,False,1.0,-0.8401709151611637,0.7447517494168611,chem
CPC004 HCC515 24H-ketorolac tromethamine-10.0,ketorolac tromethamine,HCC515,24H,10.0,86,103,0,1,1.0,0.853405330487763,0.0,0.5212348769294952,0.06884464880481618,1.0221204737885534,-0.9532758249837372,0.9886877084910747,False,1.0,-0.8223032879903956,0.7400866377874042,chem
CPC004 HCC515 24H-iopanoic acid-10.0,iopanoic acid,HCC515,24H,10.0,115,131,0,2,1.0,0.7234197483874949,0.0,0.7862199747155499,0.14060963975652596,0.36664292316548813,-0.22603328340896217,0.957638220995633,False,1.0,-0.6846613749794015,0.6854381872709097,chem
CPC004 HCC515 24H-doxylamine succinate-10.0,doxylamine succinate,HCC515,24H,10.0,81,32,0,2,1.0,0.5342135057225317,0.0,1.1307414104882458,0.27228513655683023,-0.0,0.27228513655683023,0.8691438431256362,True,1.0,-0.43211389972837716,0.5844718427190936,chem
CPC004 HCC515 24H-mitomycin c-10.0,mitomycin c,HCC515,24H,10.0,130,231,1,1,0.950137039549138,0.9456649025133632,0.33075684380032205,0.3410302930342515,0.046476480419979614,0.3584310578740357,-0.3119545774540561,0.9946663767186754,False,1.0,-0.8652043940340465,0.748750416527824,chem
CPC004 HCC515 24H-donepezil hydrochloride-10.0,donepezil hydrochloride,HCC515,24H,10.0,128,102,0,3,1.0,0.5363608679869017,0.0,1.0717122302158273,0.2705429150808718,0.09282929822911855,0.17771361685175324,0.8704858426459374,True,1.0,-0.4354553994437623,0.5854715094968344,chem
CPC004 HCC515 24H-desoxymetasone-10.0,desoxymetasone,HCC515,24H,10.0,73,61,0,0,1.0,1.0,0.0,0.0,-0.0,0.6267804213287917,-0.6267804213287917,1.0,False,1.0,-0.9543441206638258,1.0,chem
CPC004 HCC515 24H-fipronil-10.0,fipronil,HCC515,24H,10.0,156,65,1,4,0.5651268656183144,0.44846735654410813,1.220679012345679,1.1784897025171626,0.5961232095428726,-0.0,0.5961232095428726,0.6013201895982431,True,1.0,0.188992454226104,0.33588803732089306,chem
CPC004 HCC515 24H-venlafaxine hcl-10.0,venlafaxine hcl,HCC515,24H,10.0,58,58,1,2,0.5241335714508069,0.36475958920220486,1.372103097249296,1.6010204081632653,0.7185513043409186,-0.0,0.7185513043409186,0.5074994791651262,True,1.0,0.42380384277116057,0.2619126957680773,chem
CPC004 HCC515 24H-doxorubicin-10.0,doxorubicin,HCC515,24H,10.0,198,203,5,3,0.11404844681164039,0.8155528537087638,2.0313524858979406,0.6792473713337023,1.0314585131570349,0.22370045982043427,0.8077580533366006,0.31391926280358895,True,1.0,1.0239453079231844,0.14228590469843386,chem
CPC004 HCC515 24H-etomidate-10.0,etomidate,HCC515,24H,10.0,113,55,0,4,1.0,0.2355599635026629,0.0,1.6548331338917697,0.6278985216413541,0.2667366968050333,0.36116182483632076,0.5761301503330885,True,1.0,0.2499360241444693,0.3138953682105965,chem
CPC004 HCC515 24H-primaquine diphosphate-10.0,primaquine diphosphate,HCC515,24H,10.0,75,59,1,2,0.5302154054815167,0.49293320212056363,1.3482332907620265,1.224853228962818,0.5827595863561537,0.20921890154958778,0.3735406848065659,0.6120686613721183,True,1.0,0.16336164683959173,0.344218593802066,chem
CPC004 HCC515 24H-piroxicam-10.0,piroxicam,HCC515,24H,10.0,96,46,0,1,1.0,0.8829370996986431,0.0,0.4656215005599104,0.054070234391632666,0.1932981984307902,-0.13922796403915755,0.992863930278105,False,1.0,-0.8506399272971039,0.7467510829723426,chem
CPC004 HCC515 24H-selamectin-10.0,selamectin,HCC515,24H,10.0,108,237,4,1,0.3531116713700286,0.9106744047128277,1.3555628920435787,0.41260688009544644,0.4927247969735694,0.7036949159437612,-0.2109701189701918,0.6864037663051978,True,1.0,-0.009320889363885415,0.40719760079973344,chem
CPC004 HCC515 24H-budesonide-10.0,budesonide,HCC515,24H,10.0,101,104,0,3,1.0,0.3824335346193158,0.0,1.372926148876817,0.4174440325529268,0.4351026192658871,-0.017658586712960334,0.7500288035606344,True,1.0,-0.1537058922792988,0.4628457180939687,chem
CPC004 HCC515 24H-cycloheximide-10.0,cycloheximide,HCC515,24H,10.0,162,180,1,3,0.9024099515409353,0.6955439232571561,0.42851231119387545,0.8379258857065291,0.20227156337106655,0.46347352446083423,-0.2612019610897677,0.9199995073038709,False,1.0,-0.5663966749677456,0.6407864045318227,chem
CPC004 HCC515 24H-naltrexone hydrochloride-10.0,naltrexone hydrochloride,HCC515,24H,10.0,57,104,1,2,0.7372128501727195,0.3567990927411277,0.7538055855207959,1.6303896103896105,0.5799833619150625,0.28569206080759085,0.29429130110747165,0.6143123770878485,True,1.0,0.15803697755513807,0.34521826057980676,chem
"CPC004 HCC515 24H-betamethasone 17,21-dipropionate-10.0","betamethasone 17,21-dipropionate",HCC515,24H,10.0,91,115,0,3,1.0,0.32215849591434986,0.0,1.5313930673642904,0.49193041101927093,0.528097831276455,-0.03616742025718411,0.6870711713275293,True,1.0,-0.010844484656920176,0.40753082305898036,chem
CPC004 HCC515 24H-nafronyl oxalate-10.0,nafronyl oxalate,HCC515,24H,10.0,63,97,0,1,1.0,0.754393433432854,0.0,0.7172271791352093,0.12240210054152371,0.25665933834520666,-0.13425723780368293,0.9670126232559566,False,1.0,-0.7195825878931181,0.7030989670109964,chem
CPC004 HCC515 24H-brompheniramine maleate-10.0,brompheniramine maleate,HCC515,24H,10.0,98,103,1,3,0.7337864634203204,0.3644218610809633,0.7613168724279835,1.4169632714880727,0.5728258824760708,0.14509829150344086,0.4277275909726299,0.6201134967987356,True,1.0,0.14430926506949743,0.3505498167277574,chem
CPC004 HCC515 24H-ouabain-10.0,ouabain,HCC515,24H,10.0,207,225,3,6,0.5471244636997659,0.30170230542112186,1.0554225111187137,1.3456979806848113,0.7823352372854592,0.7385257475410142,0.043809489744444985,0.4624224095796776,True,1.0,0.5461384579285581,0.23192269243585473,chem
CPC004 HCC515 24H-cyclosporine-10.0,cyclosporine,HCC515,24H,10.0,89,30,1,4,0.31837322969696735,0.1309693570339165,2.7088122605363987,2.1302642796248934,1.3798937614571458,0.16690461887254393,1.2129891425846018,0.17418240208988053,True,1.0,1.6922278994831765,0.07264245251582806,chem
CPC004 HCC515 24H-skf 96365 hydrochloride-10.0,skf 96365 hydrochloride,HCC515,24H,10.0,137,78,0,2,1.0,0.808043162583749,0.0,0.6557671957671958,0.09256544025104814,0.2891560938204769,-0.19659065356942879,0.9802693229499232,False,1.0,-0.776807913860255,0.7240919693435521,chem
CPC004 HCC515 24H-exemestane-10.0,exemestane,HCC515,24H,10.0,77,52,0,0,1.0,1.0,0.0,0.0,-0.0,0.16377284357838476,-0.16377284357838476,1.0,False,1.0,-0.9543441206638258,1.0,chem
CPC004 HCC515 24H-liothyronine-10.0,liothyronine,HCC515,24H,10.0,103,48,0,2,1.0,0.6652806581435554,0.0,0.8813295615275814,0.17699510271302324,-0.0,0.17699510271302324,0.9364133188788992,False,1.0,-0.6148757502519782,0.6587804065311563,chem
CPC004 HCC515 24H-BRD-A75409952 (wortmannin)-10.0,brd-a75409952 (wortmannin),HCC515,24H,10.0,55,98,1,1,0.7159813477174795,0.7062317609264366,0.8011963853888252,0.8245337536117678,0.29615104657865443,0.7347452586099192,-0.4385942120312648,0.850457228793962,False,1.0,-0.38634019492344573,0.5608130623125624,chem
CPC004 HCC515 24H-prednisolone hemisuccinate-10.0,prednisolone hemisuccinate,HCC515,24H,10.0,73,69,0,3,1.0,0.21515601867064685,0.0,1.9307297019527236,0.6672465006672248,0.21629795878786012,0.4509485418793647,0.54571997132861,True,1.0,0.3254036168301796,0.28490503165611464,chem
CPC004 HCC515 24H-sirolimus-10.0,sirolimus,HCC515,24H,10.0,98,160,1,1,0.8731996344259924,0.8880920571859723,0.483966146439941,0.45587482635080795,0.1104284688983283,1.6161323145262956,-1.5057038456279672,0.9726641151356495,False,1.0,-0.7425474561833875,0.7140953015661446,chem
CPC004 HCC515 24H-meloxicam sodium-10.0,meloxicam sodium,HCC515,24H,10.0,129,81,0,1,1.0,0.9444210553679332,0.0,0.34375,0.02483433911959801,0.09149401889833315,-0.06665967977873515,0.9984260536767092,False,1.0,-0.9067130139158941,0.7580806397867378,chem
CPC004 HCC515 24H-nadolol-10.0,nadolol,HCC515,24H,10.0,85,85,0,1,1.0,0.8500731001258712,0.0,0.5275244849712935,0.07054372650188606,0.1778356414258281,-0.10729191492394205,0.9881529670840907,False,1.0,-0.8190445360351926,0.7397534155281573,chem
CPC004 HCC515 24H-alclometazone dipropionate-10.0,alclometazone dipropionate,HCC515,24H,10.0,79,65,0,1,1.0,0.8284402406749884,0.0,0.5686488452445899,0.0817388138362365,0.3121584159672948,-0.23041960213105833,0.9843614541111402,False,1.0,-0.7975728794991802,0.7317560813062313,chem
CPC004 HCC515 24H-betamethasone acetate-10.0,betamethasone acetate,HCC515,24H,10.0,90,119,1,3,0.7836747881713573,0.31611419473224045,0.6564134756225152,1.549243363929546,0.6060201270659035,0.16429882876165772,0.4417212983042458,0.5934173760555459,True,1.0,0.20797428147525168,0.3258913695434855,chem
CPC004 HCC515 24H-digitoxin-10.0,digitoxin,HCC515,24H,10.0,203,231,2,8,0.7968582020190785,0.07722107536623171,0.6728165938864629,1.8789131266743206,1.2108831075978481,0.27170815588387126,0.9391749517139769,0.2331016598665294,True,1.0,1.368073330410825,0.10096634455181606,chem
CPC004 HCC515 24H-dexamethasone acetate-10.0,dexamethasone acetate,HCC515,24H,10.0,69,78,0,2,1.0,0.4494461875405671,0.0,1.335820895522388,0.3473222991548074,0.7464727686716078,-0.39915046951680044,0.8088858988600576,True,1.0,-0.2881961137726538,0.514495168277241,chem
CPC004 HCC515 24H-digoxin-10.0,digoxin,HCC515,24H,10.0,203,226,3,7,0.5501641665156729,0.15756293850343825,1.0505193846852472,1.6232804232804232,1.0620536279651365,0.25430217657712284,0.8077514513880136,0.298672130660865,True,1.0,1.082625314359913,0.13528823725424857,chem
CPC004 HCC515 24H-ru 24969-10.0,ru 24969,HCC515,24H,10.0,88,54,1,3,0.49901872549289583,0.30403547782894635,1.4765897973445143,1.5862039779940753,0.8189588930437175,0.15515819823734667,0.6638006948063708,0.4378200825031938,True,1.0,0.6163809253652892,0.2149283572142619,chem
CPC004 HCC515 24H-amoxapine-10.0,amoxapine,HCC515,24H,10.0,61,39,0,1,1.0,0.7431436031873149,0.0,0.741371158392435,0.12892725616443745,0.23656599957603974,-0.10763874341160229,0.9637576558347487,False,1.0,-0.7070676430610809,0.6954348550483173,chem
CPC004 HCC515 24H-nsc 663284-10.0,nsc 663284,HCC515,24H,10.0,145,209,2,3,0.7485987325507498,0.621535284895267,0.7469806763285024,0.9408248049447766,0.33228512371222063,0.8680840132397415,-0.5357988895275209,0.8212735306884376,False,1.0,-0.317036716505988,0.530156614461846,chem
CPC004 HCC515 24H-ro 31-8220 mesylate-10.0,ro 31-8220 mesylate,HCC515,24H,10.0,155,235,6,1,0.07656702615241792,0.9691806344107288,2.124683980694093,0.28451690153817816,1.1295534927481385,0.9933229192274031,0.13623057352073542,0.26721247396649317,True,1.0,1.212086913859975,0.1169610129956681,chem
CPC004 HCC515 24H-raf1 kinase inhibitor i-10.0,raf1 kinase inhibitor i,HCC515,24H,10.0,59,60,1,2,0.5362204462844031,0.37268299449326364,1.325172630257376,1.5726817042606516,0.6993170538577544,0.13233909927834112,0.5669779545794134,0.52163039748513,True,1.0,0.38691344542384115,0.271242919026991,chem
CPC004 HCC515 24H-perphenazine-10.0,perphenazine,HCC515,24H,10.0,112,77,0,1,1.0,0.9183834231469469,0.0,0.39748258897195066,0.03697596390601147,0.20330695733370435,-0.1663309934276929,0.9965748663293303,False,1.0,-0.8834259425946118,0.7540819726757747,chem
CPC004 HCC515 24H-nocodazole-10.0,nocodazole,HCC515,24H,10.0,54,66,0,0,1.0,1.0,0.0,0.0,-0.0,0.41519101577060974,-0.41519101577060974,1.0,False,1.0,-0.9543441206638258,1.0,chem
CPC004 HCC515 24H-benzopurpurin (b)-10.0,benzopurpurin (b),HCC515,24H,10.0,120,60,0,2,1.0,0.7450317505639639,0.0,0.7523002421307506,0.12782521879412068,-0.0,0.12782521879412068,0.9643157859195426,False,1.0,-0.7091812994532636,0.696434521826058,chem
CPC004 HCC515 24H-erythrosine sodium-10.0,erythrosine sodium,HCC515,24H,10.0,126,145,0,2,1.0,0.7690554541500532,0.0,0.7152073732718894,0.11404234347157817,0.5281551605530457,-0.4141128170814675,0.9710034178140469,False,1.0,-0.7356162129260921,0.7080973008997001,chem
CPC004 HCC515 24H-chloroxine-10.0,chloroxine,HCC515,24H,10.0,94,73,0,3,1.0,0.3402929110005341,0.0,1.4801960629298758,0.4681470980549928,0.24924733790106535,0.21889976015392748,0.707111153948127,True,1.0,-0.05645977214919042,0.42085971342885703,chem
CPC004 HCC515 24H-indirubin-3?-monoxime-10.0,indirubin-3?-monoxime,HCC515,24H,10.0,98,52,2,3,0.14031890889401918,0.3644218610809633,3.171,1.4169632714880727,1.2912793792864588,0.6154915217266405,0.6757878575598183,0.2031748102892021,True,1.0,1.5222696382124683,0.08563812062645784,chem
CPC004 HCC515 24H-phenolphthalein-10.0,phenolphthalein,HCC515,24H,10.0,88,51,0,1,1.0,0.8598507500913701,0.0,0.5090894269177468,0.06557692554351893,0.16829365667717439,-0.10271673113365545,0.9896851619175879,False,1.0,-0.8285706291397609,0.7427524158613795,chem
CPC004 HCC515 24H-rs 39604 hydrochloride-10.0,rs 39604 hydrochloride,HCC515,24H,10.0,88,57,0,3,1.0,0.30403547782894635,0.0,1.5862039779940753,0.517075735712501,-0.0,0.517075735712501,0.6660234259422864,True,1.0,0.03738307794930508,0.3882039320226591,chem
CPC004 HCC515 24H-simvastatin-10.0,simvastatin,HCC515,24H,10.0,92,89,0,3,1.0,0.3282040419466988,0.0,1.5139439010589282,0.48385607476269943,0.5513701888877109,-0.06751411412501152,0.6938626585647172,True,1.0,-0.026330685852101295,0.4145284905031656,chem
CPC004 HCC515 24H-piplartine-10.0,piplartine,HCC515,24H,10.0,194,142,1,5,0.8396184375627423,0.42211623003350357,0.5473251028806584,1.1862279380527556,0.4504859823620366,0.6552218392445517,-0.2047358568825151,0.7220466066213029,True,1.0,-0.09033297017582616,0.437187604131956,chem
CPC004 HCC515 24H-physostigmine salicylate-10.0,physostigmine salicylate,HCC515,24H,10.0,89,38,0,3,1.0,0.3100726680892379,0.0,1.5675087836707378,0.5085365137406291,0.24371960205988408,0.26481691168074506,0.6731518233788127,True,1.0,0.021005247585962,0.3962012662445851,chem
CPC004 HCC515 24H-pipamperone-10.0,pipamperone,HCC515,24H,10.0,116,54,1,2,0.49901872549289583,0.7278612478474529,1.4765897973445143,0.7791979949874687,0.4398345596630303,0.5174190423699583,-0.07758448270692797,0.7310661545489955,True,1.0,-0.11076190324106497,0.4465178273908697,chem
CPC004 HCC515 24H-flutamide-10.0,flutamide,HCC515,24H,10.0,55,66,2,0,0.20346766663963176,1.0,2.471875,0.0,0.6915045953609432,0.9272501027077832,-0.23574550734683997,0.527438687114208,True,1.0,0.3719295135852143,0.27424191936021325,chem
CPC004 HCC515 24H-hypericin-10.0,hypericin,HCC515,24H,10.0,139,55,0,3,1.0,0.5927048257681895,0.0,0.983283961066441,0.22716153674619585,-0.0,0.22716153674619585,0.9027242818486423,False,1.0,-0.5186588643066843,0.6177940686437854,chem
CPC004 HCC515 24H-ranitidine hydrochloride-10.0,ranitidine hydrochloride,HCC515,24H,10.0,104,43,0,2,1.0,0.6704756738798134,0.0,0.8725490196078431,0.17361697454827255,0.13240710330854585,0.04120987123972669,0.9385102975229462,False,1.0,-0.6213548428683973,0.6604465178273908,chem
CPC004 HCC515 24H-mycophenolic acid-10.0,mycophenolic acid,HCC515,24H,10.0,154,88,0,2,1.0,0.8568929305860626,0.0,0.5808270676691729,0.06707344010785905,0.12963661513724903,-0.06256317502938998,0.9892334484914128,False,1.0,-0.8257003838467155,0.7414195268243918,chem
CPC004 HCC515 24H-inca-6-10.0,inca-6,HCC515,24H,10.0,59,49,0,0,1.0,1.0,0.0,0.0,-0.0,-0.0,0.0,1.0,False,1.0,-0.9543441206638258,1.0,chem
CPC004 HCC515 24H-gw 3965 hydrochloride-10.0,gw 3965 hydrochloride,HCC515,24H,10.0,99,31,0,3,1.0,0.37043599849059783,0.0,1.401978417266187,0.4312868157639813,-0.0,0.4312868157639813,0.738306576843817,True,1.0,-0.12715607826415995,0.4525158280573142,chem
CPC004 HCC515 24H-niclosamide-10.0,niclosamide,HCC515,24H,10.0,109,262,3,2,0.6513615967738723,0.6954847519757756,0.8992229118811397,0.8311081441922563,0.3438902374914935,1.3117234398208146,-0.9678332023293211,0.8117235571188517,False,1.0,-0.29477864832948375,0.5194935021659447,chem
CPC004 HCC515 24H-BRD-K36055864 (cycloheximide)-10.0,brd-k36055864 (cycloheximide),HCC515,24H,10.0,96,130,1,3,0.8124940689332948,0.35236920952048756,0.5993875011962867,1.4478997447203528,0.5431818484307572,0.10570345130995383,0.4374783971208034,0.6443770881452917,True,1.0,0.08745338727658332,0.3708763745418194,chem
CPC004 HCC515 24H-ag 957-10.0,ag 957,HCC515,24H,10.0,104,65,0,1,1.0,0.9022428429107663,0.0,0.4289058734421263,0.044676554318817056,1.6084631296354048,-1.5637865753165878,0.9950579788604937,False,1.0,-0.8686565685352478,0.7510829723425525,chem
CPC004 HCC515 24H-rhamnetin-10.0,rhamnetin,HCC515,24H,10.0,55,83,1,2,0.655202511366462,0.34077621024715454,0.9500150557061127,1.6924528301886792,0.6511551777660691,-0.0,0.6511551777660691,0.5580462547114002,True,1.0,0.29454120832680447,0.2952349216927691,chem
CPC004 HCC515 24H-paroxetine hydrochloride-10.0,paroxetine hydrochloride,HCC515,24H,10.0,122,187,4,4,0.21189426644476322,0.2790639621018677,1.739946756340199,1.526406288381233,1.2281770385397488,0.7445426489402901,0.4836343895994587,0.2263564448850123,True,1.0,1.4012422851721371,0.09863378873708764,chem
CPC004 HCC515 24H-bithionate sodium-10.0,bithionate sodium,HCC515,24H,10.0,108,258,3,1,0.6409411845326363,0.9106744047128277,0.9139240506329114,0.41260688009544644,0.23381869081927315,1.0873851311063887,-0.8535664402871155,0.8979394089840507,False,1.0,-0.5058907525898741,0.6134621792735755,chem
CPC004 HCC515 24H-rottlerin-10.0,rottlerin,HCC515,24H,10.0,133,253,4,2,0.399610310733578,0.7945901628001607,1.2651632169704459,0.676226826608506,0.498220130555895,0.5820451952105486,-0.08382506465465367,0.6817909058640375,True,1.0,0.001218904717797383,0.4045318227257581,chem
CPC004 HCC515 24H-l 161982-10.0,l 161982,HCC515,24H,10.0,84,86,0,5,1.0,0.036693025468091174,0.0,2.888755428254643,1.4354164776709792,0.24954658671351376,1.1858698909574654,0.15796966048698202,True,1.0,1.7987178853926151,0.06597800733088971,chem
CPC004 HCC515 24H-triclosan-10.0,triclosan,HCC515,24H,10.0,89,200,5,1,0.10884667234208398,0.8629671286518186,2.063603063603064,0.503223726627982,1.0271905903753624,0.7276040047214971,0.2995865856538653,0.3160963508016314,True,1.0,1.0157596306387284,0.1432855714761746,chem
CPC004 HCC515 24H-protriptyline hydrochloride-10.0,protriptyline hydrochloride,HCC515,24H,10.0,107,44,0,1,1.0,0.908636776675755,0.0,0.4165663053659842,0.04160968928662406,-0.0,0.04160968928662406,0.9956931302038672,False,1.0,-0.8745386729482701,0.7520826391202933,chem
CPC004 HCC515 24H-cgp 57380-10.0,cgp 57380,HCC515,24H,10.0,99,113,0,3,1.0,0.37043599849059783,0.0,1.401978417266187,0.4312868157639813,0.482210419560302,-0.05092360379632066,0.738306576843817,True,1.0,-0.12715607826415995,0.4525158280573142,chem
CPC004 HCC515 24H-y-27152-10.0,y-27152,HCC515,24H,10.0,107,52,1,1,0.4859747478827887,0.908636776675755,1.5349794238683128,0.4165663053659842,0.3549959861561928,0.12654408677915316,0.22845189937703966,0.8025212863067567,True,1.0,-0.2734783392044244,0.510163278907031,chem
CPC004 HCC515 24H-amg 9810-10.0,amg 9810,HCC515,24H,10.0,118,39,0,3,1.0,0.4815714967214395,0.0,1.1667813575226775,0.31733922603371767,-0.0,0.31733922603371767,0.8334560644915748,True,1.0,-0.3457022527354845,0.5421526157947351,chem
CPC004 HCC515 24H-daunorubicin-10.0,daunorubicin,HCC515,24H,10.0,145,231,4,0,0.3356697564289192,1.0,1.3927482209420536,0.0,0.4740877865676704,0.30943379850298364,0.16465398806468678,0.70209608343564,True,1.0,-0.045065808035997704,0.41886037987337554,chem
CPC004 HCC515 24H-prednicarbate-10.0,prednicarbate,HCC515,24H,10.0,74,60,0,2,1.0,0.4858340389150258,0.0,1.242063492063492,0.3135120605578806,0.21272146649355322,0.10079059406432739,0.8365518973642119,True,1.0,-0.35304257801829975,0.5438187270909697,chem
CPC004 HCC515 24H-BRD-K47635719 (dexamethasone acetate)-10.0,brd-k47635719 (dexamethasone acetate),HCC515,24H,10.0,127,124,1,2,0.7972798758834772,0.7728639174288976,0.6292281441332932,0.7093714285714285,0.21028616584592408,0.12209210898739237,0.08819405685853171,0.9145485918766583,False,1.0,-0.5510250403861383,0.6321226257914029,chem
CPC004 HCC515 24H-emd 386088 hydrochloride-10.0,emd 386088 hydrochloride,HCC515,24H,10.0,148,63,0,5,1.0,0.22449913844827055,0.0,1.5795518350262876,0.648785321332729,0.06971935156738573,0.5790659697653433,0.5598746768128797,True,1.0,0.289995933970596,0.29656781072975674,chem
CPC004 HCC515 24H-nbqx disodium salt-10.0,nbqx disodium salt,HCC515,24H,10.0,78,45,0,1,1.0,0.8245448959637394,0.0,0.5761260016579165,0.08378569230754836,0.19883252618512057,-0.11504683387757221,0.9836191366591749,False,1.0,-0.793647061844135,0.7297567477507497,chem
CPC004 HCC515 24H-immethridine dihydrobromide-10.0,immethridine dihydrobromide,HCC515,24H,10.0,103,58,3,0,0.03671170986387775,1.0,4.375373993095512,0.0,1.4351953875702832,0.4244382002514081,1.010757187318875,0.1580314108086235,True,1.0,1.7982938448680637,0.06597800733088971,chem
CPC004 HCC515 24H-epicatechin monogallate-10.0,epicatechin monogallate,HCC515,24H,10.0,88,42,0,2,1.0,0.5794175992733966,0.0,1.0375415282392026,0.23700831763891578,-0.0,0.23700831763891578,0.8956242197497757,True,1.0,-0.49977319678132953,0.6121292902365878,chem
CPC004 HCC515 24H-ch 55-10.0,ch 55,HCC515,24H,10.0,112,73,2,0,0.23616719893670252,1.0,2.225704225352113,0.0,0.6267804213287917,0.21231826637236284,0.4144621549564289,0.5770073031095266,True,1.0,0.2477915597765601,0.31422859046984336,chem
CPC004 HCC515 24H-gm6001-10.0,gm6001,HCC515,24H,10.0,118,63,1,4,0.5537843286751912,0.25954111808014435,1.2604540023894863,1.580981439105009,0.8424531671406794,0.3536786452596455,0.48877452188103393,0.4225397669009805,True,1.0,0.6614418497606743,0.20459846717760746,chem
CPC004 HCC515 24H-amperozide-10.0,amperozide,HCC515,24H,10.0,83,54,0,1,1.0,0.8431813571287766,0.0,0.5405639162774607,0.07407900434405931,-0.0,0.07407900434405931,0.9870055087593451,False,1.0,-0.812264037650548,0.7374208597134289,chem
CPC004 HCC515 24H-penicillin g potassium-10.0,penicillin g potassium,HCC515,24H,10.0,122,65,1,4,0.5651268656183144,0.2790639621018677,1.220679012345679,1.526406288381233,0.8021502902689401,-0.0,0.8021502902689401,0.4489935695197764,True,1.0,0.5841428074434317,0.22125958013995334,chem
CPC004 HCC515 24H-irbesartan-10.0,irbesartan,HCC515,24H,10.0,122,61,0,3,1.0,0.5038615951497613,0.0,1.126836346049211,0.29768874275589374,0.10130642312064184,0.1963823196352519,0.8492353703950241,True,1.0,-0.3833909652132751,0.5598133955348217,chem
CPC004 HCC515 24H-dephostatin-10.0,dephostatin,HCC515,24H,10.0,87,75,0,3,1.0,0.29800421783834874,0.0,1.605344295991778,0.5257775890413382,0.3072119284224398,0.21856566061889843,0.6587823205039529,True,1.0,0.054072827687143034,0.38020659780073307,chem
CPC004 HCC515 24H-anagrelide hydrochloride-10.0,anagrelide hydrochloride,HCC515,24H,10.0,113,79,0,2,1.0,0.7143548097752149,0.0,0.8006435006435006,0.14608602680430152,0.28340574282619463,-0.1373197160218931,0.9546462715300791,False,1.0,-0.6741579194692953,0.6814395201599467,chem
CPC004 HCC515 24H-guanabenz acetate-10.0,guanabenz acetate,HCC515,24H,10.0,111,33,0,3,1.0,0.4415061884020428,0.0,1.2438049560351718,0.35506320472509095,0.2841007277695349,0.07096247695555608,0.8024654192745898,True,1.0,-0.27334941711734123,0.510163278907031,chem
CPC004 HCC515 24H-triflupromazine hydrochloride-10.0,triflupromazine hydrochloride,HCC515,24H,10.0,129,48,0,2,1.0,0.7803180399310861,0.0,0.6979752530933633,0.10772835264878554,-0.0,0.10772835264878554,0.9738788160558718,False,1.0,-0.7477261534981996,0.7147617460846385,chem
CPC004 HCC515 24H-evista-10.0,evista,HCC515,24H,10.0,54,44,0,1,1.0,0.6995871145504498,0.0,0.8402248093135287,0.15515819823734667,-0.0,0.15515819823734667,0.9495250730711686,False,1.0,-0.6567579168406003,0.6757747417527491,chem
CPC004 HCC515 24H-dihydrosamidin-10.0,dihydrosamidin,HCC515,24H,10.0,90,37,0,2,1.0,0.591734328636421,0.0,1.0136363636363637,0.22787323500741302,0.25115733143770075,-0.023284096430287726,0.9022158598324803,True,1.0,-0.5172938601610494,0.6174608463845385,chem
CPC004 HCC515 24H-gw 4064-10.0,gw 4064,HCC515,24H,10.0,100,34,1,3,0.3524192105517165,0.376440303204988,2.3789749345304902,1.387302529110732,0.877244311450709,-0.0,0.877244311450709,0.40063834959227873,True,1.0,0.7281696455169134,0.1939353548817061,chem
CPC004 HCC515 24H-fluvastatin-10.0,fluvastatin,HCC515,24H,10.0,80,81,0,2,1.0,0.527493035028704,0.0,1.1454212454212453,0.2777832703782703,0.4650295326105224,-0.1872462622322521,0.8648879283045416,True,1.0,-0.4215687349183839,0.5784738420526491,chem
CPC004 HCC515 24H-zoxazolamine-10.0,zoxazolamine,HCC515,24H,10.0,82,34,0,3,1.0,0.2679948788549785,0.0,1.7083143611692924,0.5718735048752182,0.2753470641431871,0.29652644073203105,0.6208871605799575,True,1.0,0.14248264915062428,0.352215928023992,chem
CPC004 HCC515 24H-pivmecillinam hydrochloride-10.0,pivmecillinam hydrochloride,HCC515,24H,10.0,116,43,0,0,1.0,1.0,0.0,0.0,-0.0,-0.0,0.0,1.0,False,1.0,-0.9543441206638258,1.0,chem
CPC004 HCC515 24H-sib 1893-10.0,sib 1893,HCC515,24H,10.0,81,106,1,4,0.7439354626290973,0.10158777180461004,0.739212228101117,2.354601919819311,1.1216233036870733,0.042606799354774696,1.0790165043322986,0.27075658652343515,True,1.0,1.1968771802777838,0.11896034655114962,chem
CPC004 HCC515 24H-BRD-K67847053 (guanabenz acetate)-10.0,brd-k67847053 (guanabenz acetate),HCC515,24H,10.0,107,48,0,0,1.0,1.0,0.0,0.0,-0.0,-0.0,0.0,1.0,False,1.0,-0.9543441206638258,1.0,chem
CPC004 HCC515 24H-deracoxib-10.0,deracoxib,HCC515,24H,10.0,25,58,1,1,0.5241335714508069,0.42621022100959977,1.372103097249296,1.864066193853428,0.6509341618860993,0.7028086556706268,-0.051874493784527465,0.5582166356366992,True,1.0,0.294117310154152,0.2952349216927691,chem
CPC004 HCC515 24H-quetiapine-10.0,quetiapine,HCC515,24H,10.0,74,45,1,0,0.4376233415150166,1.0,1.7811447811447811,0.0,0.3588995220932153,0.21272146649355322,0.14617805559966207,0.7992738221710531,True,1.0,-0.2659915389310087,0.506164611796068,chem
CPC004 HCC515 24H-thiethylperazine dimalate-10.0,thiethylperazine dimalate,HCC515,24H,10.0,142,62,1,3,0.5480039676880454,0.6072932541550211,1.2813195709370573,0.9615961906733606,0.477817840118071,0.12561615495840892,0.3522016851596621,0.6989501000268695,True,1.0,-0.0379117389069978,0.4178607130956348,chem
CPC004 HCC515 24H-benzoxiquine-10.0,benzoxiquine,HCC515,24H,10.0,114,61,1,2,0.5421496516795823,0.7189177545851785,1.302880658436214,0.7933673469387755,0.4092016077193593,0.12892725616443745,0.28027435155492186,0.7570022225000334,True,1.0,-0.1695144795430379,0.4711762745751416,chem
CPC004 HCC515 24H-bibx 1382 dihydrochloride-10.0,bibx 1382 dihydrochloride,HCC515,24H,10.0,148,158,2,2,0.5993794667724182,0.8411014494298962,0.9993589743589744,0.6052837573385519,0.2974497575931586,1.4152185624567568,-1.1177688048635983,0.8494253999302637,False,1.0,-0.3838493276340582,0.5598133955348217,chem
CPC004 HCC515 24H-duloxetine hydrochloride-10.0,duloxetine hydrochloride,HCC515,24H,10.0,68,47,1,2,0.4518788513570958,0.4419972308843989,1.703166935050993,1.3562770562770563,0.6995584353600701,-0.0,0.6995584353600701,0.5214515648885676,True,1.0,0.38737640391242445,0.271242919026991,chem
CPC004 HCC515 24H-psb 06126-10.0,psb 06126,HCC515,24H,10.0,64,36,0,1,1.0,0.759833479050158,0.0,0.7057300461555781,0.1192815748949867,-0.0,0.1192815748949867,0.968526285004875,False,1.0,-0.7255676108673179,0.7060979673442186,chem
CPC004 HCC515 24H-arcyriaflavin a-10.0,arcyriaflavin a,HCC515,24H,10.0,63,64,0,1,1.0,0.754393433432854,0.0,0.7172271791352093,0.12240210054152371,0.8413937990781827,-0.718991698536659,0.9670126232559566,False,1.0,-0.7195825878931181,0.7030989670109964,chem
CPC004 HCC515 24H-rizatriptan benzoate-10.0,rizatriptan benzoate,HCC515,24H,10.0,76,44,0,0,1.0,1.0,0.0,0.0,-0.0,-0.0,0.0,1.0,False,1.0,-0.9543441206638258,1.0,chem
CPC004 HCC515 24H-fluspirilen-10.0,fluspirilen,HCC515,24H,10.0,83,36,0,2,1.0,0.5474590331479379,0.0,1.1024691358024692,0.26164837391881857,0.18362444661011315,0.07802392730870542,0.87728538779694,True,1.0,-0.4525147154788446,0.5921359546817727,chem
CPC004 HCC515 24H-albendazole-10.0,albendazole,HCC515,24H,10.0,68,66,0,0,1.0,1.0,0.0,0.0,-0.0,0.7854119734026229,-0.7854119734026229,1.0,False,1.0,-0.9543441206638258,1.0,chem
CPC004 HCC515 24H-triciribine-10.0,triciribine,HCC515,24H,10.0,145,73,0,3,1.0,0.621535284895267,0.0,0.9408248049447766,0.20653421118915244,0.2578495648253869,-0.05131535363623446,0.9171142184094759,False,1.0,-0.5582211148179745,0.6334555148283906,chem
CPC004 HCC515 24H-vorinostat-10.0,vorinostat,HCC515,24H,10.0,184,227,3,2,0.553192232230788,0.9164364128501955,1.0456600361663653,0.4827315541601256,0.29502159003867917,1.2558460381722856,-0.9608244481336063,0.8513534158655639,True,1.0,-0.3885064400070629,0.5631456181272909,chem
CPC004 HCC515 24H-sertraline hydrochloride-10.0,sertraline hydrochloride,HCC515,24H,10.0,101,59,1,2,0.5302154054815167,0.6546948815405835,1.3482332907620265,0.8994227994227995,0.45950871234907775,0.27444019677874787,0.18506851557032988,0.7144122269259265,True,1.0,-0.07302779393977422,0.4315228257247584,chem
CPC004 HCC515 24H-rosuvastatin calcium-10.0,rosuvastatin calcium,HCC515,24H,10.0,69,79,0,2,1.0,0.4494461875405671,0.0,1.335820895522388,0.3473222991548074,0.7444258902002959,-0.39710359104548854,0.8088858988600576,True,1.0,-0.2881961137726538,0.514495168277241,chem
CPC004 HCC515 24H-BRD-K87343924 (wortmannin)-10.0,brd-k87343924 (wortmannin),HCC515,24H,10.0,65,73,2,1,0.23616719893670252,0.7651538606375023,2.225704225352113,0.6945921985815603,0.7430316474731082,0.7963999210661337,-0.05336827359302543,0.4898699777265968,True,1.0,0.4707560016886954,0.24825058313895368,chem
"CPC004 HCC515 24H-methyl 2,5-dihydroxycinnamate-10.0","methyl 2,5-dihydroxycinnamate",HCC515,24H,10.0,73,93,1,0,0.6970008515701811,1.0,0.8454106280193237,0.0,0.15676669129653192,0.8416593264406836,-0.6848926351441518,0.9485963055411202,False,1.0,-0.65367290200544,0.6741086304565145,chem
CPC004 HCC515 24H-chlorpromazine-10.0,chlorpromazine,HCC515,24H,10.0,92,52,0,1,1.0,0.8719093541651274,0.0,0.48640012469799704,0.05952866304010019,0.16377284357838476,-0.10424418053828458,0.991421805527956,False,1.0,-0.8401709151611637,0.7447517494168611,chem
CPC004 HCC515 24H-benzonatate-10.0,benzonatate,HCC515,24H,10.0,67,53,1,1,0.49253813478307085,0.7754460309199388,1.5052231718898386,0.6733290350311627,0.4180085611932297,0.15939634780318535,0.25861221339004437,0.7495509631846418,True,1.0,-0.15262315261793555,0.46251249583472176,chem
CPC004 HCC515 24H-dienestrol-10.0,dienestrol,HCC515,24H,10.0,46,46,0,1,1.0,0.6407694557263302,0.0,0.9908589440504334,0.1932981984307902,0.5451370422189641,-0.35183884378817387,0.9259666814856249,False,1.0,-0.5836071713413398,0.6467844051982673,chem
CPC004 HCC515 24H-dmbi-10.0,dmbi,HCC515,24H,10.0,106,36,0,3,1.0,0.4121923705851255,0.0,1.305231542921003,0.38490005099311,-0.0,0.38490005099311,0.777504091245046,True,1.0,-0.2161237344539306,0.4878373875374875,chem
CPC004 HCC515 24H-pifithrin- ?-10.0,pifithrin- ?,HCC515,24H,10.0,133,72,2,3,0.23147121101905088,0.5625136860451732,2.257857142857143,1.0296624239070282,0.8853699228286772,0.29626951327932655,0.5891004095493506,0.39564826765776445,True,1.0,0.7437541900088095,0.1882705764745085,chem
CPC004 HCC515 24H-amsacrine-10.0,amsacrine,HCC515,24H,10.0,112,157,0,4,1.0,0.2308303306282532,0.0,1.6704240472356415,0.6367071263697271,0.18078212431700283,0.45592500205272435,0.5692442930834106,True,1.0,0.2668305180988655,0.30489836721092967,chem
CPC004 HCC515 6H-prednisolone acetate-10.0,prednisolone acetate,HCC515,6H,10.0,49,29,0,3,1.0,0.09180422147250257,0.0,2.949327494526118,1.0371373479919974,-0.0,1.0371373479919974,0.31104160707131867,True,1.0,1.034837048868065,0.14128623792069311,chem
CPC004 HCC515 6H-betamethasone-10.0,betamethasone,HCC515,6H,10.0,125,92,0,4,1.0,0.29386089524401754,0.0,1.4878428554317882,0.531858202663936,0.15649422637467256,0.37536397628926343,0.6537372788737681,True,1.0,0.06573516164964922,0.37754081972675774,chem
CPC004 HCC515 6H-terfenadine-10.0,terfenadine,HCC515,6H,10.0,55,22,1,2,0.24488981103905827,0.34077621024715454,3.7454438565549677,1.6924528301886792,1.0785600150453953,1.3775671308564106,-0.29900711581101524,0.29070522268484633,True,1.0,1.1142837966435042,0.13062312562479172,chem
CPC004 HCC515 6H-sb 218078-10.0,sb 218078,HCC515,6H,10.0,57,59,0,0,1.0,1.0,0.0,0.0,-0.0,-0.0,0.0,1.0,False,1.0,-0.9543441206638258,1.0,chem
CPC004 HCC515 6H-dexamethasone-10.0,dexamethasone,HCC515,6H,10.0,79,47,1,3,0.4518788513570958,0.2501693122743965,1.703166935050993,1.7765997728133283,0.9467439491950492,0.19590718982297833,0.7508367593720708,0.3594822933593849,True,1.0,0.8614667164959792,0.17127624125291568,chem
CPC004 HCC515 6H-wortmannin-10.0,wortmannin,HCC515,6H,10.0,47,33,0,4,1.0,0.0190817484008056,0.0,4.239298955173576,1.719381834766417,0.2841007277695349,1.435281106996882,0.09462682885438856,True,1.0,2.343350225773826,0.035654781739420195,chem
CPC004 HCC515 6H-trichostatin a-10.0,trichostatin a,HCC515,6H,10.0,196,165,0,2,1.0,0.9330195250825565,0.0,0.4519882179675994,0.03010926777880908,0.1996700344870173,-0.16956076670820824,0.9977049767614616,False,1.0,-0.8965959462200468,0.7560813062312562,chem
CPC004 HCC515 6H-geldanamycin-10.0,geldanamycin,HCC515,6H,10.0,85,53,1,2,0.49253813478307085,0.5604415890053939,1.5052231718898386,1.0755593803786574,0.5590297828530888,0.33723198922901343,0.22179779362407537,0.6313598353578916,True,1.0,0.11784898800382804,0.36054648450516497,chem
CPC004 HCC515 6H-emetine-10.0,emetine,HCC515,6H,10.0,183,140,1,7,0.8353834411765372,0.10679170469294277,0.5553779198863131,1.8136363636363637,1.0495766183785424,0.13023812839856852,0.9193384899799739,0.3048142364152488,True,1.0,1.058694990599252,0.137620793068977,chem
CPC004 HCC515 6H-clobetasol propionate-10.0,clobetasol propionate,HCC515,6H,10.0,126,78,0,6,1.0,0.058041832690638874,0.0,2.2838235294117646,1.2362588830215946,0.9337537863999945,0.3025050966216001,0.2232632072201922,True,1.0,1.4167428867939937,0.09696767744085305,chem
CPC004 HCC515 6H-prednisolone-10.0,prednisolone,HCC515,6H,10.0,89,74,0,6,1.0,0.013116613420096018,0.0,3.3215804394046775,1.882178281028804,1.0808959024742937,0.8012823785545102,0.06996238496147926,True,1.0,2.6555862338578287,0.02332555814728424,chem
CPC004 HCC515 6H-gitoxigenin-10.0,gitoxigenin,HCC515,6H,10.0,42,29,0,0,1.0,1.0,0.0,0.0,-0.0,0.3232027624497683,-0.3232027624497683,1.0,False,1.0,-0.9543441206638258,1.0,chem
CPC004 HCC515 6H-rolipram-10.0,rolipram,HCC515,6H,10.0,43,40,0,1,1.0,0.6158785350844703,0.0,1.0621411685241473,0.2105049319006799,0.2296813124583833,-0.019176380557703404,0.9143982595785249,True,1.0,-0.5506054572735489,0.631789403532156,chem
CPC004 HCC515 6H-proscillaridin a-10.0,proscillaridin a,HCC515,6H,10.0,69,64,0,4,1.0,0.06422243114711439,0.0,2.794648829431438,1.1923132581934983,0.6626870763640594,0.5296261818294389,0.2405388692343518,True,1.0,1.3324572234142995,0.10529823392202599,chem
CPC004 HCC515 6H-teniposide-10.0,teniposide,HCC515,6H,10.0,49,53,0,3,1.0,0.09180422147250257,0.0,2.949327494526118,1.0371373479919974,0.4912180296846482,0.5459193183073492,0.31104160707131867,True,1.0,1.034837048868065,0.14128623792069311,chem
CPC004 HCC515 6H-amcinonide-10.0,amcinonide,HCC515,6H,10.0,36,43,1,4,0.4230017123766502,0.007580100582703704,1.866549088771311,5.706521739130435,2.493982906071507,0.643706162556088,1.850276743515419,0.02161946768450959,True,1.0,3.828999033930722,0.006331222925691436,chem
CPC004 HCC515 6H-ketorolac tromethamine-10.0,ketorolac tromethamine,HCC515,6H,10.0,100,45,0,6,1.0,0.022154527070789458,0.0,2.9277221526908637,1.654537516349529,0.4405569713398567,1.2139805450096723,0.10655692618708347,True,1.0,2.2189818406262507,0.04065311562812396,chem
CPC004 HCC515 6H-iopanoic acid-10.0,iopanoic acid,HCC515,6H,10.0,90,86,1,5,0.6683067962120237,0.04714003125649617,0.9160493827160494,2.682267067410906,1.5016342562330507,1.0346678871150332,0.4669663691180175,0.14043352569129863,True,1.0,1.9257205031837175,0.05664778407197601,chem
CPC004 HCC515 6H-ouabain-10.0,ouabain,HCC515,6H,10.0,55,73,0,3,1.0,0.11919804789072416,0.0,2.606530160486995,0.9237308569886403,0.6672465006672248,0.25648435632141553,0.37272858884288906,True,1.0,0.8173286765745368,0.17627457514161946,chem
CPC004 HCC515 6H-mitomycin c-10.0,mitomycin c,HCC515,6H,10.0,104,159,1,4,0.8715314762393938,0.1939682539190968,0.487107360525082,1.806376811594203,0.7719862669440579,0.7535540230808611,0.018432243863196862,0.4695456469801328,True,1.0,0.5262896144103723,0.23492169276907698,chem
CPC004 HCC515 6H-doxorubicin-10.0,doxorubicin,HCC515,6H,10.0,97,208,2,2,0.7461909116824493,0.6327330456208606,0.7507281553398059,0.9378947368421052,0.32592952794071206,1.670395105008915,-1.344465577068203,0.8264712343572681,False,1.0,-0.3292264534336171,0.5354881706097967,chem
CPC004 HCC515 6H-colforsin-10.0,colforsin,HCC515,6H,10.0,60,33,0,0,1.0,1.0,0.0,0.0,-0.0,0.2841007277695349,-0.2841007277695349,1.0,False,1.0,-0.9543441206638258,1.0,chem
CPC004 HCC515 6H-budesonide-10.0,budesonide,HCC515,6H,10.0,106,56,0,6,1.0,0.028526899438647564,0.0,2.7494117647058824,1.5447454288287803,0.5858835047819382,0.9588619240468421,0.12999445047312266,True,1.0,2.0084057260135544,0.050983005664778404,chem
CPC004 HCC515 6H-cycloheximide-10.0,cycloheximide,HCC515,6H,10.0,155,121,1,8,0.7892217912271114,0.02025329880711246,0.6452674897119342,2.511930145192405,1.796305161815165,0.5342094167336413,1.2620957450815238,0.08209792023314946,True,1.0,2.490885587372137,0.028323892035988004,chem
CPC004 HCC515 6H-naltrexone hydrochloride-10.0,naltrexone hydrochloride,HCC515,6H,10.0,61,30,0,2,1.0,0.3884098485330607,0.0,1.5188861985472155,0.410709766639067,-0.0,0.410709766639067,0.7557267841575523,True,1.0,-0.1666219009182758,0.4708430523158947,chem
"CPC004 HCC515 6H-betamethasone 17,21-dipropionate-10.0","betamethasone 17,21-dipropionate",HCC515,6H,10.0,98,75,1,5,0.6177049739872678,0.06356165441888145,1.054054054054054,2.4483949454516916,1.4060237088034204,0.7589306065706956,0.6470931022327249,0.16637378573812553,True,1.0,1.7423439225178328,0.06997667444185271,chem
CPC004 HCC515 6H-brompheniramine maleate-10.0,brompheniramine maleate,HCC515,6H,10.0,67,32,0,3,1.0,0.18135029400144548,0.0,2.113758992805755,0.7414817360135059,-0.0,0.7414817360135059,0.4909741469996677,True,1.0,0.46778334363539914,0.24991669443518827,chem
CPC004 HCC515 6H-BRD-A68930007 (ouabain)-10.0,brd-a68930007 (ouabain),HCC515,6H,10.0,76,71,0,2,1.0,0.49997088260222594,0.0,1.2081081081081082,0.3010552874507807,0.3333173733922878,-0.03226208594150709,0.8465534067899609,True,1.0,-0.37693408915300974,0.5578140619793402,chem
CPC004 HCC515 6H-diltiazem hydrochloride-10.0,diltiazem hydrochloride,HCC515,6H,10.0,64,21,0,0,1.0,1.0,0.0,0.0,-0.0,-0.0,0.0,1.0,False,1.0,-0.9543441206638258,1.0,chem
CPC004 HCC515 6H-cyclosporine-10.0,cyclosporine,HCC515,6H,10.0,49,35,0,0,1.0,1.0,0.0,0.0,-0.0,-0.0,0.0,1.0,False,1.0,-0.9543441206638258,1.0,chem
CPC004 HCC515 6H-BRD-A75409952 (wortmannin)-10.0,brd-a75409952 (wortmannin),HCC515,6H,10.0,47,36,0,0,1.0,1.0,0.0,0.0,-0.0,0.7295858103630471,-0.7295858103630471,1.0,False,1.0,-0.9543441206638258,1.0,chem
CPC004 HCC515 6H-prednisolone hemisuccinate-10.0,prednisolone hemisuccinate,HCC515,6H,10.0,58,69,0,4,1.0,0.03779248005833353,0.0,3.3698336017176596,1.4225946074132905,0.8825734934357231,0.5400211139775674,0.16158723355404225,True,1.0,1.7741261349131288,0.06831056314561813,chem
CPC004 HCC515 6H-sirolimus-10.0,sirolimus,HCC515,6H,10.0,119,94,1,5,0.7008945876885398,0.11994248676402199,0.836187441922209,1.9906518120117813,1.0753742448179158,0.40620621354734576,0.66916803127057,0.29222885906395907,True,1.0,1.108173637599259,0.13128957014328557,chem
CPC004 HCC515 6H-brazilin-10.0,brazilin,HCC515,6H,10.0,58,60,0,4,1.0,0.03779248005833353,0.0,3.3698336017176596,1.4225946074132905,-0.0,1.4225946074132905,0.16158723355404225,True,1.0,1.7741261349131288,0.06831056314561813,chem
CPC004 HCC515 6H-alclometazone dipropionate-10.0,alclometazone dipropionate,HCC515,6H,10.0,138,63,0,5,1.0,0.18558625031962336,0.0,1.701059217386532,0.7314542028559198,0.6731954100490882,0.05825879280683155,0.49815720953065934,True,1.0,0.44855100167746514,0.2559146951016328,chem
CPC004 HCC515 6H-fulvestrant-10.0,fulvestrant,HCC515,6H,10.0,78,50,0,4,1.0,0.09145580200495292,0.0,2.4512338425381905,1.0387887374395568,-0.0,1.0387887374395568,0.31020888558065224,True,1.0,1.038004336979913,0.1409530156614462,chem
CPC004 HCC515 6H-betamethasone acetate-10.0,betamethasone acetate,HCC515,6H,10.0,99,89,1,5,0.6809188878324794,0.06581516556770402,0.8843995510662177,2.4219599316664078,1.3485786407072449,0.5101008055715425,0.8384778351357024,0.18397443840672692,True,1.0,1.6321669551560603,0.07764078640453183,chem
CPC004 HCC515 6H-digitoxin-10.0,digitoxin,HCC515,6H,10.0,66,52,0,2,1.0,0.426937311048509,0.0,1.3991071428571429,0.3696358895286629,0.407371931596067,-0.03773604206740411,0.7903113793783637,True,1.0,-0.24539968581423854,0.49850049983338884,chem
CPC004 HCC515 6H-thalidomide-10.0,thalidomide,HCC515,6H,10.0,55,25,1,2,0.27332042905520476,0.34077621024715454,3.2757201646090537,1.6924528301886792,1.0308586373543858,-0.0,1.0308586373543858,0.3142245155706272,True,1.0,1.0227947740493464,0.14228590469843386,chem
CPC004 HCC515 6H-digoxin-10.0,digoxin,HCC515,6H,10.0,88,93,1,4,0.6970008515701811,0.12711851810474883,0.8454106280193237,2.155969634230504,1.0525578698936344,0.21487890511189192,0.8376789647817425,0.3033371925262056,True,1.0,1.06441289227056,0.13662112629123627,chem
CPC004 HCC515 6H-pindolol-10.0,pindolol,HCC515,6H,10.0,106,36,1,1,0.36880667214133844,0.906553002549182,2.2423280423280425,0.4206011482607227,0.4758080300101828,-0.0,0.4758080300101828,0.7006449106538661,True,1.0,-0.04176646116599884,0.4178607130956348,chem
CPC004 HCC515 6H-ru 24969-10.0,ru 24969,HCC515,6H,10.0,50,74,0,3,1.0,0.09616829868870361,0.0,2.8861166386040105,1.0169680669802437,-0.0,1.0169680669802437,0.32136132530426303,True,1.0,0.9961533064792147,0.14728423858713763,chem
CPC004 HCC515 6H-amoxapine-10.0,amoxapine,HCC515,6H,10.0,126,43,1,1,0.4230017123766502,0.9405173328316271,1.866549088771311,0.35217021276595745,0.40029107093929966,0.3060695863714111,0.09422148456788859,0.7645316699199105,True,1.0,-0.18660447442908915,0.47550816394535156,chem
CPC004 HCC515 6H-protein tyrosine phosphatase inhibitor iv-10.0,protein tyrosine phosphatase inhibitor iv,HCC515,6H,10.0,84,85,1,2,0.663994311241259,0.5539833404052215,0.9271017048794826,1.088850174216028,0.4343389367675633,0.25146964425462504,0.18286929251293826,0.7357212257957878,True,1.0,-0.12130225221188966,0.4498500499833389,chem
CPC004 HCC515 6H-nsc 663284-10.0,nsc 663284,HCC515,6H,10.0,188,97,0,6,1.0,0.2307201586550928,0.0,1.4907886231415644,0.6369144583172547,0.5679055257124969,0.06900893260475782,0.5690827467052342,True,1.0,0.26722817112588515,0.30489836721092967,chem
CPC004 HCC515 6H-sappanone a trimethyl ether-10.0,sappanone a trimethyl ether,HCC515,6H,10.0,71,35,0,0,1.0,1.0,0.0,0.0,-0.0,0.49063397793331587,-0.49063397793331587,1.0,False,1.0,-0.9543441206638258,1.0,chem
CPC004 HCC515 6H-epirubicin hydrochloride-10.0,epirubicin hydrochloride,HCC515,6H,10.0,49,114,2,0,0.42551299213618554,1.0,1.4017857142857142,0.0,0.3710871751166129,0.36709716167839046,0.003990013438222417,0.7890967372835869,True,1.0,-0.24261618759314715,0.4955014995001666,chem
CPC004 HCC515 6H-ro 31-8220 mesylate-10.0,ro 31-8220 mesylate,HCC515,6H,10.0,68,278,1,2,0.9732765683779647,0.4419972308843989,0.272540892276151,1.3562770562770563,0.36634418363356436,1.6200751872299026,-1.2537310035963383,0.793063687249254,True,1.0,-0.2517130245391859,0.4995001666111296,chem
CPC004 HCC515 6H-promazine hydrochloride-10.0,promazine hydrochloride,HCC515,6H,10.0,62,40,1,1,0.4003624230876708,0.7488310518614769,2.0110794555239,0.7291012672945006,0.5231628459201005,-0.0,0.5231628459201005,0.6609555750167004,True,1.0,0.049057872059521446,0.38353882039320225,chem
CPC004 HCC515 6H-raf1 kinase inhibitor i-10.0,raf1 kinase inhibitor i,HCC515,6H,10.0,34,40,0,1,1.0,0.5304603602039942,0.0,1.3537502686438856,0.2753470641431871,0.4529404260000321,-0.177593361856845,0.8667775572045433,True,1.0,-0.4262412651067009,0.5821392869043652,chem
CPC004 HCC515 6H-forskolin-10.0,forskolin,HCC515,6H,10.0,114,33,0,0,1.0,1.0,0.0,0.0,-0.0,0.11397851246519532,-0.11397851246519532,1.0,False,1.0,-0.9543441206638258,1.0,chem
CPC004 HCC515 6H-diloxanide furoate-10.0,diloxanide furoate,HCC515,6H,10.0,68,32,0,1,1.0,0.7804228786816634,0.0,0.6631734942309728,0.10767000742262935,-0.0,0.10767000742262935,0.9739048146533101,False,1.0,-0.747838056926831,0.716427857380873,chem
CPC004 HCC515 6H-benzopurpurin (b)-10.0,benzopurpurin (b),HCC515,6H,10.0,52,32,0,3,1.0,0.10514475561135127,0.0,2.7674350315665834,0.9782123840889413,-0.0,0.9782123840889413,0.34197461725334627,True,1.0,0.9218217102166888,0.1599466844385205,chem
CPC004 HCC515 6H-erythrosine sodium-10.0,erythrosine sodium,HCC515,6H,10.0,42,53,1,0,0.49253813478307085,1.0,1.5052231718898386,0.0,0.3075601385984637,-0.0,0.3075601385984637,0.8413454609435183,True,1.0,-0.3644580873595821,0.550483172275908,chem
"CPC004 HCC515 6H-r(-)-2,10,11-trihydroxy-n-propyl-noraporphine-10.0","r(-)-2,10,11-trihydroxy-n-propyl-noraporphine",HCC515,6H,10.0,37,73,1,1,0.6077179178677024,0.5608447625414748,1.083676268861454,1.2403467297084318,0.46745529022556087,0.09490004427342848,0.3725552459521324,0.7076955091881205,True,1.0,-0.05778662737227645,0.42485838053982006,chem
CPC004 HCC515 6H-amiodarone hydrochloride-10.0,amiodarone hydrochloride,HCC515,6H,10.0,79,31,0,2,1.0,0.520708008486312,0.0,1.160482374768089,0.28340574282619463,-0.0,0.28340574282619463,0.8605042667622493,True,1.0,-0.41078509440897926,0.5768077307564146,chem
CPC004 HCC515 6H-mephentermine sulfate-10.0,mephentermine sulfate,HCC515,6H,10.0,87,37,1,1,0.3768461025365561,0.8566640097411657,2.179698216735254,0.5150915388421573,0.4910254503235291,-0.0,0.4910254503235291,0.6878316501505779,True,1.0,-0.012580157158369784,0.40819726757747415,chem
CPC004 HCC515 6H-indirubin-3?-monoxime-10.0,indirubin-3?-monoxime,HCC515,6H,10.0,41,49,1,3,0.4657772989980638,0.06013912660815709,1.631687242798354,3.574782279439606,1.552664565267151,0.1777939356962094,1.3748706295709414,0.12815632333212135,True,1.0,2.0235942611797593,0.049983338887037654,chem
CPC004 HCC515 6H-phenolphthalein-10.0,phenolphthalein,HCC515,6H,10.0,35,69,0,1,1.0,0.5408135634417319,0.0,1.3137254901960784,0.26695242495467336,0.7902185354805358,-0.5232661105258625,0.8732412092558232,True,1.0,-0.44234179241982474,0.5888037320893036,chem
CPC004 HCC515 6H-rs 39604 hydrochloride-10.0,rs 39604 hydrochloride,HCC515,6H,10.0,47,36,0,1,1.0,0.6487051647006395,0.0,0.9691643539932162,0.18795264439741394,0.2588956525938111,-0.07094300819639715,0.9294498119856278,False,1.0,-0.5938596952182346,0.6511162945684772,chem
CPC004 HCC515 6H-simvastatin-10.0,simvastatin,HCC515,6H,10.0,72,25,0,1,1.0,0.7992585201226767,0.0,0.6254120467485765,0.09731272543783062,-0.0,0.09731272543783062,0.9783490408718478,False,1.0,-0.767702841790265,0.7240919693435521,chem
CPC004 HCC515 6H-piplartine-10.0,piplartine,HCC515,6H,10.0,42,74,0,1,1.0,0.6072067945410671,0.0,1.0882200311364816,0.216663377403777,0.4739293728623294,-0.2572659954585524,0.9101336802598143,True,1.0,-0.5387938453862066,0.6254581806064645,chem
CPC004 HCC515 6H-flutamide-10.0,flutamide,HCC515,6H,10.0,68,32,0,5,1.0,0.016319726698141804,0.0,3.6316765148881935,1.7872871185284056,0.5286056258753618,1.2586814926530439,0.0834816145896641,True,1.0,2.4735894000091267,0.029656781072975674,chem
CPC004 HCC515 6H-hypericin-10.0,hypericin,HCC515,6H,10.0,78,38,0,2,1.0,0.5138589275695541,0.0,1.17593984962406,0.2891560938204769,0.585502163561407,-0.29634606974093014,0.855989547373036,True,1.0,-0.3997561887985783,0.5704765078307231,chem
CPC004 HCC515 6H-naproxol-10.0,naproxol,HCC515,6H,10.0,81,53,0,3,1.0,0.2620344426225369,0.0,1.7304925290536801,0.5816416199100709,0.4886055304624651,0.09303608944760583,0.612971753663844,True,1.0,0.16121743922136078,0.34488503832055983,chem
CPC004 HCC515 6H-niclosamide-10.0,niclosamide,HCC515,6H,10.0,160,78,0,3,1.0,0.6874319930322264,0.0,0.8488750400953123,0.1627702596965704,0.4807094411069342,-0.3179391814103638,0.9450762613619195,False,1.0,-0.642158337194449,0.6704431856047984,chem
CPC004 HCC515 6H-BRD-K36055864 (cycloheximide)-10.0,brd-k36055864 (cycloheximide),HCC515,6H,10.0,115,142,0,4,1.0,0.24508893850150054,0.0,1.624494059276668,0.6106762891402745,0.13066390493312816,0.4800123842071463,0.5897168573677767,True,1.0,0.21690458365611467,0.3242252582472509,chem
CPC004 HCC515 6H-ag 957-10.0,ag 957,HCC515,6H,10.0,52,70,1,0,0.592252218742723,1.0,1.1313293970298801,0.0,0.22749330361335865,0.41573153356960757,-0.18823822995624892,0.902487368919322,True,1.0,-0.5180225508944707,0.6174608463845385,chem
CPC004 HCC515 6H-paroxetine hydrochloride-10.0,paroxetine hydrochloride,HCC515,6H,10.0,114,52,0,1,1.0,0.9219864112003046,0.0,0.39032197326303897,0.035275479796927564,-0.0,0.035275479796927564,0.9968745674550353,False,1.0,-0.8866873919826094,0.7550816394535155,chem
CPC004 HCC515 6H-bithionate sodium-10.0,bithionate sodium,HCC515,6H,10.0,69,52,1,3,0.4859747478827887,0.19245718290276026,1.5349794238683128,2.0490516677567037,1.0290521723622166,0.2313882898700793,0.7976638824921373,0.31514522797079764,True,1.0,1.0193300582594862,0.1432855714761746,chem
CPC004 HCC515 6H-rottlerin-10.0,rottlerin,HCC515,6H,10.0,58,45,0,0,1.0,1.0,0.0,0.0,-0.0,0.4793905484537272,-0.4793905484537272,1.0,False,1.0,-0.9543441206638258,1.0,chem
CPC004 HCC515 6H-l 161982-10.0,l 161982,HCC515,6H,10.0,70,25,0,0,1.0,1.0,0.0,0.0,-0.0,-0.0,0.0,1.0,False,1.0,-0.9543441206638258,1.0,chem
CPC004 HCC515 6H-ritanserin-10.0,ritanserin,HCC515,6H,10.0,66,59,0,1,1.0,0.7703571921696406,0.0,0.6837970540098199,0.11330785843939327,-0.0,0.11330785843939327,0.9713441429952586,False,1.0,-0.7370249210380446,0.7110963012329223,chem
CPC004 HCC515 6H-cgp 57380-10.0,cgp 57380,HCC515,6H,10.0,51,40,0,1,1.0,0.6787445310778502,0.0,0.8910638297872341,0.16829365667717439,-0.0,0.16829365667717439,0.9417651400069137,False,1.0,-0.6315647188208182,0.6657780739753415,chem
CPC004 HCC515 6H-daunorubicin-10.0,daunorubicin,HCC515,6H,10.0,66,161,1,0,0.8748463924204599,1.0,0.4808641975308642,0.0,0.05806819472678415,0.16020294254818496,-0.1021347478214008,0.9918194436286326,False,1.0,-0.8429720254221825,0.7447517494168611,chem
CPC004 HCC515 6H-prednicarbate-10.0,prednicarbate,HCC515,6H,10.0,80,53,0,6,1.0,0.007956967181905463,0.0,3.7309220985691574,2.099252433160079,0.19274439605369217,1.9065080371063867,0.0464186180046093,True,1.0,3.0719243559470977,0.012329223592135955,chem
CPC004 HCC515 6H-dexamethasone acetate-10.0,dexamethasone acetate,HCC515,6H,10.0,69,32,0,3,1.0,0.19245718290276026,0.0,2.0490516677567037,0.7156658754926478,-0.0,0.7156658754926478,0.5096038288682874,True,1.0,0.41826972451564026,0.26291236254581807,chem
CPC004 HCC515 6H-gr 113808-10.0,gr 113808,HCC515,6H,10.0,57,46,1,1,0.44479629002890175,0.7190863678527015,1.741289437585734,0.7948328267477204,0.4950577881352134,0.8583034225163557,-0.3632456343811423,0.6844445420366584,True,1.0,-0.004846320883238675,0.40619793402199267,chem
CPC004 HCC515 6H-ch 55-10.0,ch 55,HCC515,6H,10.0,54,29,1,0,0.30958910347272567,1.0,2.8059964726631392,0.0,0.5092143334702399,-0.0,0.5092143334702399,0.6725852168095567,True,1.0,0.0223052742845371,0.3958680439853382,chem
CPC004 HCC515 6H-gm6001-10.0,gm6001,HCC515,6H,10.0,36,40,1,1,0.4003624230876708,0.550940054199812,2.0110794555239,1.2759878419452888,0.6564423435555027,0.4332012306554081,0.22324111290009457,0.5539790244758258,True,1.0,0.3046817462689552,0.2935688103965345,chem
CPC004 HCC515 6H-dorsomorphin dihydrochloride-10.0,dorsomorphin dihydrochloride,HCC515,6H,10.0,132,97,0,4,1.0,0.3287445694647202,0.0,1.4048913043478262,0.48314141255841486,0.4456330128464072,0.037508399712007645,0.6944644261067754,True,1.0,-0.027701374702610207,0.4148617127624125,chem
CPC004 HCC515 6H-penicillin g potassium-10.0,penicillin g potassium,HCC515,6H,10.0,65,67,0,2,1.0,0.41932905746011573,0.0,1.4215419501133786,0.377445042062586,0.35830246884057837,0.01914257322200763,0.7837676592067451,True,1.0,-0.23042209465858576,0.49250249916694433,chem
CPC004 HCC515 6H-bibx 1382 dihydrochloride-10.0,bibx 1382 dihydrochloride,HCC515,6H,10.0,43,67,0,0,1.0,1.0,0.0,0.0,-0.0,0.37365787452986343,-0.37365787452986343,1.0,False,1.0,-0.9543441206638258,1.0,chem
CPC004 HCC515 6H-psb 06126-10.0,psb 06126,HCC515,6H,10.0,44,29,0,1,1.0,0.6243601472782201,0.0,1.037275276265875,0.20456482561205844,0.6893720072496241,-0.48480718163756564,0.9184512075361329,True,1.0,-0.5619983047080963,0.6371209596801066,chem
CPC004 HCC515 6H-carbamazepine-10.0,carbamazepine,HCC515,6H,10.0,69,50,0,3,1.0,0.19245718290276026,0.0,2.0490516677567037,0.7156658754926478,0.2313882898700793,0.4842775856225685,0.5096038288682874,True,1.0,0.41826972451564026,0.26291236254581807,chem
CPC004 HCC515 6H-arcyriaflavin a-10.0,arcyriaflavin a,HCC515,6H,10.0,53,45,0,1,1.0,0.6927932572907209,0.0,0.8565193671576651,0.15939634780318535,0.19883252618512057,-0.03943617838193522,0.9470647702762663,False,1.0,-0.6486293431985959,0.6731089636787737,chem
CPC004 HCC515 6H-quipazine dimaleate salt-10.0,quipazine dimaleate salt,HCC515,6H,10.0,48,36,0,2,1.0,0.2839095009713827,0.0,1.9521739130434783,0.5468200736580036,-0.0,0.5468200736580036,0.6413798827110317,True,1.0,0.09443133395506907,0.36987670776407866,chem
CPC004 HCC515 6H-menadione-10.0,menadione,HCC515,6H,10.0,46,47,0,2,1.0,0.2675399479808848,0.0,2.0415584415584416,0.5726113617087648,-0.0,0.5726113617087648,0.6202877269843359,True,1.0,0.14389782422067948,0.3515494835054982,chem
CPC004 HCC515 6H-triciribine-10.0,triciribine,HCC515,6H,10.0,25,33,0,0,1.0,1.0,0.0,0.0,-0.0,0.7884679027740765,-0.7884679027740765,1.0,False,1.0,-0.9543441206638258,1.0,chem
CPC004 HCC515 6H-vorinostat-10.0,vorinostat,HCC515,6H,10.0,105,107,0,1,1.0,0.9044220448427397,0.0,0.4247135842880524,0.04362886048316272,0.37872516773650305,-0.33509630725334033,0.99527952716537,False,1.0,-0.8706659965568624,0.7514161946017994,chem
CPC004 HCC515 6H-sertraline hydrochloride-10.0,sertraline hydrochloride,HCC515,6H,10.0,65,25,0,3,1.0,0.17042787514453694,0.0,2.182640983987004,0.7684593706528187,0.3703761396174927,0.39808323103532595,0.4719903014072856,True,1.0,0.5195251914503776,0.23525491502832388,chem
CPC004 HCC515 6H-BRD-K87343924 (wortmannin)-10.0,brd-k87343924 (wortmannin),HCC515,6H,10.0,52,40,0,4,1.0,0.026643720700282685,0.0,3.7946859903381642,1.5744051275959396,0.2296813124583833,1.3447238151375562,0.12323258433245732,True,1.0,2.065291648014,0.0469843385538154,chem
CPC004 HCC515 6H-dienestrol-10.0,dienestrol,HCC515,6H,10.0,90,31,0,5,1.0,0.04714003125649617,0.0,2.682267067410906,1.326610133849894,-0.0,1.326610133849894,0.19113551307981771,True,1.0,1.5900323813235961,0.08197267577474175,chem
CPC004 HCC515 6H-dmbi-10.0,dmbi,HCC515,6H,10.0,49,29,0,0,1.0,1.0,0.0,0.0,-0.0,0.3318216818814629,-0.3318216818814629,1.0,False,1.0,-0.9543441206638258,1.0,chem
CPC004 HCC515 6H-pifithrin- ?-10.0,pifithrin- ?,HCC515,6H,10.0,38,38,0,0,1.0,1.0,0.0,0.0,-0.0,0.24371960205988408,-0.24371960205988408,1.0,False,1.0,-0.9543441206638258,1.0,chem
CPC004 HCC515 6H-droperidol-10.0,droperidol,HCC515,6H,10.0,66,26,0,3,1.0,0.1758649426315368,0.0,2.147653305926687,0.7548207252900666,-0.0,0.7548207252900666,0.4815250628533836,True,1.0,0.4933669043285844,0.24525158280573142,chem
CPC004 HCC515 6H-amsacrine-10.0,amsacrine,HCC515,6H,10.0,95,82,1,5,0.6507217833049797,0.057068506719788525,0.9618960524310318,2.5312246553122466,1.4302081459996296,1.0409950403906458,0.3892131056089838,0.15943018223341512,True,1.0,1.7887285476203483,0.06664445184938354,chem
CPC004 HCC515 6H-salsolinol hydrobromide-10.0,salsolinol hydrobromide,HCC515,6H,10.0,62,45,0,1,1.0,0.7488310518614769,0.0,0.7291012672945006,0.12561615495840892,-0.0,0.12561615495840892,0.9654243574822806,False,1.0,-0.7134181810898177,0.7000999666777741,chem
CPC004 HEPG2 6H-ipratropium bromide-10.0,ipratropium bromide,HEPG2,6H,10.0,56,51,1,1,0.4793275202099277,0.7127304507454809,1.565925925925926,0.8094132817537073,0.4664423215976165,-0.0,0.4664423215976165,0.7085512608500786,True,1.0,-0.05972945406146539,0.4255248250583139,chem
CPC004 HEPG2 6H-terfenadine-10.0,terfenadine,HEPG2,6H,10.0,35,31,0,0,1.0,1.0,0.0,0.0,-0.0,-0.0,0.0,1.0,False,1.0,-0.9543441206638258,1.0,chem
CPC004 HEPG2 6H-sb 218078-10.0,sb 218078,HEPG2,6H,10.0,86,90,1,2,0.6850167188736285,0.5668335193650729,0.8743237619642114,1.0625850340136054,0.4108433046794219,0.5890854608827227,-0.17824215620330086,0.7556138395589009,True,1.0,-0.1663657811711619,0.46984338553815397,chem
CPC004 HEPG2 6H-wortmannin-10.0,wortmannin,HEPG2,6H,10.0,59,81,1,0,0.6461835462951568,1.0,0.9740740740740741,0.0,0.18964410457308736,0.27228513655683023,-0.08264103198374287,0.9283536063197891,False,1.0,-0.5906155533145832,0.6481172942352549,chem
CPC004 HEPG2 6H-benazepril hydrochloride-10.0,benazepril hydrochloride,HEPG2,6H,10.0,68,40,0,2,1.0,0.4419972308843989,0.0,1.3562770562770563,0.3545804515002124,-0.0,0.3545804515002124,0.8028666045914017,True,1.0,-0.2742753153373971,0.5104965011662779,chem
CPC004 HEPG2 6H-trichostatin a-10.0,trichostatin a,HEPG2,6H,10.0,155,111,0,1,1.0,0.9691806344107288,0.0,0.28451690153817816,0.013595272261093748,0.5850657266463154,-0.5714704543852217,0.9995201278743567,False,1.0,-0.9282690211326154,0.7607464178607131,chem
CPC004 HEPG2 6H-geldanamycin-10.0,geldanamycin,HEPG2,6H,10.0,67,46,0,1,1.0,0.7754460309199388,0.0,0.6733290350311627,0.11044842259476602,0.23943842161399886,-0.12898999901923286,0.9726550549608176,False,1.0,-0.7425091859221793,0.7140953015661446,chem
CPC004 HEPG2 6H-amlodipine besylate-10.0,amlodipine besylate,HEPG2,6H,10.0,37,29,0,1,1.0,0.5608447625414748,0.0,1.2403467297084318,0.25115733143770075,-0.0,0.25115733143770075,0.8851875294433746,True,1.0,-0.47263604674957976,0.6011329556814395,chem
CPC004 HEPG2 6H-emetine-10.0,emetine,HEPG2,6H,10.0,131,121,0,4,1.0,0.32373901264644145,0.0,1.416181672943056,0.48980496214773966,0.7627065248863558,-0.27290156273861615,0.6888575703129453,True,1.0,-0.014920996683257332,0.40819726757747415,chem
CPC004 HEPG2 6H-proscillaridin a-10.0,proscillaridin a,HEPG2,6H,10.0,76,46,0,2,1.0,0.49997088260222594,0.0,1.2081081081081082,0.3010552874507807,0.1932981984307902,0.10775708901999048,0.8465534067899609,True,1.0,-0.37693408915300974,0.5578140619793402,chem
CPC004 HEPG2 6H-teniposide-10.0,teniposide,HEPG2,6H,10.0,83,94,0,0,1.0,1.0,0.0,0.0,-0.0,0.39435144216732965,-0.39435144216732965,1.0,False,1.0,-0.9543441206638258,1.0,chem
CPC004 HEPG2 6H-pregnenolone succinate-10.0,pregnenolone succinate,HEPG2,6H,10.0,79,75,0,1,1.0,0.8284402406749884,0.0,0.5686488452445899,0.0817388138362365,-0.0,0.0817388138362365,0.9843614541111402,False,1.0,-0.7975728794991802,0.7317560813062313,chem
CPC004 HEPG2 6H-iopanoic acid-10.0,iopanoic acid,HEPG2,6H,10.0,52,37,0,1,1.0,0.6858468627899699,0.0,0.8734529272701989,0.16377284357838476,0.5645436283072696,-0.40077078472888483,0.9444803376759113,False,1.0,-0.6402354279650758,0.6704431856047984,chem
CPC004 HEPG2 6H-ouabain-10.0,ouabain,HEPG2,6H,10.0,92,58,2,1,0.1668769441137969,0.8719093541651274,2.8285714285714287,0.48640012469799704,0.8371323247780355,0.13948074947219694,0.6976515753058385,0.42596579601917584,True,1.0,0.6512367217182691,0.20759746751082972,chem
CPC004 HEPG2 6H-mitomycin c-10.0,mitomycin c,HEPG2,6H,10.0,114,105,1,1,0.7405956674860377,0.9219864112003046,0.7464387464387464,0.39032197326303897,0.16569431271597784,0.11397851246519532,0.051715800250782526,0.9433318883668297,False,1.0,-0.6365501395760916,0.6671109630123292,chem
CPC004 HEPG2 6H-venlafaxine hcl-10.0,venlafaxine hcl,HEPG2,6H,10.0,44,33,0,2,1.0,0.2511692107532274,0.0,2.139455782312925,0.6000335990889489,-0.0,0.6000335990889489,0.5981917306989533,True,1.0,0.19649239940274754,0.3338887037654115,chem
CPC004 HEPG2 6H-doxorubicin-10.0,doxorubicin,HEPG2,6H,10.0,73,123,2,0,0.4642646949594351,1.0,1.2956611570247933,0.0,0.333234341031817,0.7475135670322859,-0.4142792260004689,0.8204951932405751,True,1.0,-0.3152161618594985,0.5294901699433522,chem
CPC004 HEPG2 6H-testosterone-10.0,testosterone,HEPG2,6H,10.0,33,33,0,0,1.0,1.0,0.0,0.0,-0.0,-0.0,0.0,1.0,False,1.0,-0.9543441206638258,1.0,chem
CPC004 HEPG2 6H-colforsin-10.0,colforsin,HEPG2,6H,10.0,33,58,0,0,1.0,1.0,0.0,0.0,-0.0,0.4379932820723121,-0.4379932820723121,1.0,False,1.0,-0.9543441206638258,1.0,chem
CPC004 HEPG2 6H-selamectin-10.0,selamectin,HEPG2,6H,10.0,111,41,0,3,1.0,0.4415061884020428,0.0,1.2438049560351718,0.35506320472509095,0.3848049029731933,-0.029741698248102355,0.8024654192745898,True,1.0,-0.27334941711734123,0.510163278907031,chem
CPC004 HEPG2 6H-cycloheximide-10.0,cycloheximide,HEPG2,6H,10.0,85,102,1,4,0.7303159530865316,0.11586436636761491,0.768976897689769,2.2368938987296474,1.0725393215576233,0.7139810823481301,0.35855823920949326,0.29359031269433955,True,1.0,1.1027363867111681,0.13195601466177942,chem
CPC004 HEPG2 6H-BRD-A68930007 (ouabain)-10.0,brd-a68930007 (ouabain),HEPG2,6H,10.0,95,76,1,1,0.6226038944643802,0.8802718869613024,1.0398353909465021,0.4706503696997133,0.26117133496349115,0.1519717624032751,0.10919957256021606,0.8776475451212068,True,1.0,-0.4534296539958189,0.5928023992002666,chem
CPC004 HEPG2 6H-cyclosporine-10.0,cyclosporine,HEPG2,6H,10.0,52,21,0,1,1.0,0.6858468627899699,0.0,0.8734529272701989,0.16377284357838476,0.8528838009959151,-0.6891109574175304,0.9444803376759113,False,1.0,-0.6402354279650758,0.6704431856047984,chem
CPC004 HEPG2 6H-BRD-A75409952 (wortmannin)-10.0,brd-a75409952 (wortmannin),HEPG2,6H,10.0,49,76,2,0,0.25028593820381745,1.0,2.1344594594594595,0.0,0.6015635496408298,0.08804976007215684,0.513513789568673,0.5969698213405479,True,1.0,0.19942677336392886,0.3288903698767078,chem
CPC004 HEPG2 6H-sirolimus-10.0,sirolimus,HEPG2,6H,10.0,56,71,0,1,1.0,0.7127304507454809,0.0,0.8094132817537073,0.1470746859789352,0.624271715099401,-0.47719702912046585,0.9540980287345754,False,1.0,-0.6722617171802987,0.6814395201599467,chem
CPC004 HEPG2 6H-brazilin-10.0,brazilin,HEPG2,6H,10.0,64,37,0,1,1.0,0.759833479050158,0.0,0.7057300461555781,0.1192815748949867,-0.0,0.1192815748949867,0.968526285004875,False,1.0,-0.7255676108673179,0.7060979673442186,chem
CPC004 HEPG2 6H-fulvestrant-10.0,fulvestrant,HEPG2,6H,10.0,32,32,0,0,1.0,1.0,0.0,0.0,-0.0,1.2838176560577157,-1.2838176560577157,1.0,False,1.0,-0.9543441206638258,1.0,chem
CPC004 HEPG2 6H-digitoxin-10.0,digitoxin,HEPG2,6H,10.0,77,51,0,0,1.0,1.0,0.0,0.0,-0.0,0.16829365667717439,-0.16829365667717439,1.0,False,1.0,-0.9543441206638258,1.0,chem
CPC004 HEPG2 6H-digoxin-10.0,digoxin,HEPG2,6H,10.0,108,56,0,3,1.0,0.4239784715777087,0.0,1.2799588900308325,0.3726561950873998,0.12465616560757334,0.24800002947982644,0.7877827808673615,True,1.0,-0.239606880304627,0.4948350549816728,chem
CPC004 HEPG2 6H-pindolol-10.0,pindolol,HEPG2,6H,10.0,41,16,0,1,1.0,0.5983406945291184,0.0,1.1156028368794326,0.2230514587851949,-0.0,0.2230514587851949,0.9056454619772062,True,1.0,-0.5265418025705121,0.6214595134955015,chem
CPC004 HEPG2 6H-ru 24969-10.0,ru 24969,HEPG2,6H,10.0,56,68,1,2,0.5816087129141987,0.3488038208789939,1.1654689515386032,1.6608465608465608,0.6927878624081893,0.3986243491297426,0.29416351327844675,0.5264819337290654,True,1.0,0.3743907600640967,0.2735754748417194,chem
CPC004 HEPG2 6H-nsc 663284-10.0,nsc 663284,HEPG2,6H,10.0,62,30,0,1,1.0,0.7488310518614769,0.0,0.7291012672945006,0.12561615495840892,0.2612162971017878,-0.13560014214337887,0.9654243574822806,False,1.0,-0.7134181810898177,0.7000999666777741,chem
CPC004 HEPG2 6H-sappanone a trimethyl ether-10.0,sappanone a trimethyl ether,HEPG2,6H,10.0,54,24,0,0,1.0,1.0,0.0,0.0,-0.0,-0.0,0.0,1.0,False,1.0,-0.9543441206638258,1.0,chem
CPC004 HEPG2 6H-penitrem a-10.0,penitrem a,HEPG2,6H,10.0,42,36,0,0,1.0,1.0,0.0,0.0,-0.0,-0.0,0.0,1.0,False,1.0,-0.9543441206638258,1.0,chem
CPC004 HEPG2 6H-epirubicin hydrochloride-10.0,epirubicin hydrochloride,HEPG2,6H,10.0,70,94,1,1,0.7008945876885398,0.7900503381574097,0.836187441922209,0.6437455031349574,0.2566925303276757,0.6956404016683515,-0.4389478713406758,0.8810347591959843,False,1.0,-0.4620197928629856,0.5968010663112296,chem
CPC004 HEPG2 6H-ro 31-8220 mesylate-10.0,ro 31-8220 mesylate,HEPG2,6H,10.0,72,149,1,0,0.8536107088134507,1.0,0.5208541875208542,0.0,0.06874014518923728,0.4137854170161327,-0.3450452718268954,0.9887202404883108,False,1.0,-0.8225037210619266,0.7400866377874042,chem
CPC004 HEPG2 6H-promazine hydrochloride-10.0,promazine hydrochloride,HEPG2,6H,10.0,41,52,0,0,1.0,1.0,0.0,0.0,-0.0,0.16377284357838476,-0.16377284357838476,1.0,False,1.0,-0.9543441206638258,1.0,chem
CPC004 HEPG2 6H-nocodazole-10.0,nocodazole,HEPG2,6H,10.0,85,66,2,0,0.20346766663963176,1.0,2.471875,0.0,0.6915045953609432,-0.0,0.6915045953609432,0.527438687114208,True,1.0,0.3719295135852143,0.27424191936021325,chem
CPC004 HEPG2 6H-ropinirole hcl-10.0,ropinirole hcl,HEPG2,6H,10.0,42,59,1,0,0.5302154054815167,1.0,1.3482332907620265,0.0,0.27554765793371394,-0.0,0.27554765793371394,0.8666221968838379,True,1.0,-0.4258565355512437,0.5801399533488837,chem
CPC004 HEPG2 6H-chloroxine-10.0,chloroxine,HEPG2,6H,10.0,137,37,2,1,0.07938717791350901,0.9536310111254935,4.5407142857142855,0.3231122236128494,1.120869270804105,-0.0,1.120869270804105,0.2710956464050641,True,1.0,1.1954309802977017,0.11962679106964345,chem
CPC004 HEPG2 6H-amiodarone hydrochloride-10.0,amiodarone hydrochloride,HEPG2,6H,10.0,37,42,0,0,1.0,1.0,0.0,0.0,-0.0,0.6292453232810424,-0.6292453232810424,1.0,False,1.0,-0.9543441206638258,1.0,chem
CPC004 HEPG2 6H-mephentermine sulfate-10.0,mephentermine sulfate,HEPG2,6H,10.0,37,50,1,0,0.47259539417038376,1.0,1.598135550516503,0.0,0.3255105152388468,-0.0,0.3255105152388468,0.8268130429458003,True,1.0,-0.33003010029674357,0.5368210596467844,chem
CPC004 HEPG2 6H-simvastatin-10.0,simvastatin,HEPG2,6H,10.0,16,34,0,0,1.0,1.0,0.0,0.0,-0.0,-0.0,0.0,1.0,False,1.0,-0.9543441206638258,1.0,chem
CPC004 HEPG2 6H-coumarin-10.0,coumarin,HEPG2,6H,10.0,42,38,0,4,1.0,0.01302072676161078,0.0,4.80091533180778,1.885364774619706,-0.0,1.885364774619706,0.06954647276857438,True,1.0,2.661697780279456,0.02299233588803732,chem
CPC004 HEPG2 6H-piplartine-10.0,piplartine,HEPG2,6H,10.0,91,46,1,4,0.44479629002890175,0.13881469339037025,1.741289437585734,2.080626353489922,1.2094034056187501,-0.0,1.2094034056187501,0.23368685299767575,True,1.0,1.3652353308738887,0.10129956681106297,chem
CPC004 HEPG2 6H-mycophenolic acid-10.0,mycophenolic acid,HEPG2,6H,10.0,56,61,1,1,0.5421496516795823,0.7127304507454809,1.302880658436214,0.8094132817537073,0.41295550289497035,-0.0,0.41295550289497035,0.753827116123844,True,1.0,-0.16231468328637114,0.4665111629456848,chem
CPC004 HEPG2 6H-niclosamide-10.0,niclosamide,HEPG2,6H,10.0,68,26,0,1,1.0,0.7804228786816634,0.0,0.6631734942309728,0.10767000742262935,0.23536909605855375,-0.12769908863592438,0.9739048146533101,False,1.0,-0.747838056926831,0.716427857380873,chem
CPC004 HEPG2 6H-BRD-K36055864 (cycloheximide)-10.0,brd-k36055864 (cycloheximide),HEPG2,6H,10.0,55,78,1,1,0.6322164470171077,0.7062317609264366,1.0125060125060126,0.8245337536117678,0.35018696531815263,0.08378569230754836,0.2664012730106043,0.8065130527417212,True,1.0,-0.2827018173806146,0.514161946017994,chem
CPC004 HEPG2 6H-ag 957-10.0,ag 957,HEPG2,6H,10.0,57,46,0,0,1.0,1.0,0.0,0.0,-0.0,0.28569206080759085,-0.28569206080759085,1.0,False,1.0,-0.9543441206638258,1.0,chem
CPC004 HEPG2 6H-rhamnetin-10.0,rhamnetin,HEPG2,6H,10.0,43,34,0,2,1.0,0.24299369171813912,0.0,2.19198606271777,0.6144050008361067,-0.0,0.6144050008361067,0.5867616776915617,True,1.0,0.22405607917049664,0.31922692435854716,chem
CPC004 HEPG2 6H-paroxetine hydrochloride-10.0,paroxetine hydrochloride,HEPG2,6H,10.0,48,42,2,0,0.09861741661849546,1.0,3.97,0.0,1.0060463784326161,0.216663377403777,0.7893830010288392,0.3270653913765991,True,1.0,0.9752060160933319,0.15361546151282907,chem
CPC004 HEPG2 6H-bithionate sodium-10.0,bithionate sodium,HEPG2,6H,10.0,72,20,0,2,1.0,0.4714545127331613,0.0,1.2779591836734694,0.3265602028671769,0.21995056234504395,0.10660964052213295,0.8259565562453897,True,1.0,-0.3280168482735593,0.5351549483505498,chem
CPC004 HEPG2 6H-rottlerin-10.0,rottlerin,HEPG2,6H,10.0,83,44,0,1,1.0,0.8431813571287766,0.0,0.5405639162774607,0.07407900434405931,-0.0,0.07407900434405931,0.9870055087593451,False,1.0,-0.812264037650548,0.7374208597134289,chem
CPC004 HEPG2 6H-l 161982-10.0,l 161982,HEPG2,6H,10.0,60,37,1,2,0.3768461025365561,0.3805671096433224,2.179698216735254,1.5453201970443349,0.8434047201320087,-0.0,0.8434047201320087,0.42192920967370606,True,1.0,0.6632668841168554,0.20459846717760746,chem
CPC004 HEPG2 6H-triclosan-10.0,triclosan,HEPG2,6H,10.0,49,27,1,0,0.2916840368340455,1.0,3.022792022792023,0.0,0.5350873381206043,0.3456285941430332,0.18945874397757106,0.6510633090684346,True,1.0,0.07192849318544675,0.3748750416527824,chem
CPC004 HEPG2 6H-cgp 57380-10.0,cgp 57380,HEPG2,6H,10.0,39,42,0,0,1.0,1.0,0.0,0.0,-0.0,0.4060245634531765,-0.4060245634531765,1.0,False,1.0,-0.9543441206638258,1.0,chem
CPC004 HEPG2 6H-amg 9810-10.0,amg 9810,HEPG2,6H,10.0,44,49,1,2,0.4657772989980638,0.2511692107532274,1.631687242798354,2.139455782312925,0.9318552809704118,1.0371373479919974,-0.1052820670215856,0.3680092363570689,True,1.0,0.8329109436957839,0.17360879706764412,chem
CPC004 HEPG2 6H-daunorubicin-10.0,daunorubicin,HEPG2,6H,10.0,81,134,2,0,0.5095239600794103,1.0,1.1856060606060606,0.0,0.29283538872211184,0.6604384050720195,-0.3676030163499076,0.8530849610371032,True,1.0,-0.3926994723958214,0.56647784071976,chem
CPC004 HEPG2 6H-dexamethasone acetate-10.0,dexamethasone acetate,HEPG2,6H,10.0,46,60,0,0,1.0,1.0,0.0,0.0,-0.0,0.419568748150007,-0.419568748150007,1.0,False,1.0,-0.9543441206638258,1.0,chem
CPC004 HEPG2 6H-na-tosyl-phe chloromethyl ketone-10.0,na-tosyl-phe chloromethyl ketone,HEPG2,6H,10.0,45,29,0,0,1.0,1.0,0.0,0.0,-0.0,-0.0,0.0,1.0,False,1.0,-0.9543441206638258,1.0,chem
CPC004 HEPG2 6H-ch 55-10.0,ch 55,HEPG2,6H,10.0,50,37,0,0,1.0,1.0,0.0,0.0,-0.0,0.3255105152388468,-0.3255105152388468,1.0,False,1.0,-0.9543441206638258,1.0,chem
CPC004 HEPG2 6H-oxibendazole-10.0,oxibendazole,HEPG2,6H,10.0,77,63,0,0,1.0,1.0,0.0,0.0,-0.0,0.3936579871534509,-0.3936579871534509,1.0,False,1.0,-0.9543441206638258,1.0,chem
CPC004 HEPG2 6H-dorsomorphin dihydrochloride-10.0,dorsomorphin dihydrochloride,HEPG2,6H,10.0,107,83,1,0,0.655202511366462,1.0,0.9500150557061127,0.0,0.18362444661011315,0.38819246069797175,-0.2045680140878586,0.9322292837075963,False,1.0,-0.6021609771585459,0.652115961346218,chem
CPC004 HEPG2 6H-mdl 29951-10.0,mdl 29951,HEPG2,6H,10.0,53,29,0,0,1.0,1.0,0.0,0.0,-0.0,-0.0,0.0,1.0,False,1.0,-0.9543441206638258,1.0,chem
CPC004 HEPG2 6H-ly-83583-10.0,ly-83583,HEPG2,6H,10.0,42,26,0,1,1.0,0.6072067945410671,0.0,1.0882200311364816,0.216663377403777,-0.0,0.216663377403777,0.9101336802598143,True,1.0,-0.5387938453862066,0.6254581806064645,chem
CPC004 HEPG2 6H-triflupromazine hydrochloride-10.0,triflupromazine hydrochloride,HEPG2,6H,10.0,42,23,1,2,0.25448668572827027,0.23483059403922776,3.574635241301908,2.2471428571428573,1.2235802574962813,0.38137597042152427,0.842204287074757,0.22813249255640067,True,1.0,1.392425873045209,0.09863378873708764,chem
CPC004 HEPG2 6H-fluvastatin-10.0,fluvastatin,HEPG2,6H,10.0,22,48,1,0,0.4588721505929316,1.0,1.6666666666666667,0.0,0.338308299269452,0.1827872497531294,0.1555210495163226,0.8163260518464907,True,1.0,-0.30548454607993386,0.5238253915361546,chem
CPC004 HEPG2 6H-sib 1893-10.0,sib 1893,HEPG2,6H,10.0,42,29,0,0,1.0,1.0,0.0,0.0,-0.0,0.38137597042152427,-0.38137597042152427,1.0,False,1.0,-0.9543441206638258,1.0,chem
CPC004 HEPG2 6H-menadione-10.0,menadione,HEPG2,6H,10.0,135,28,0,1,1.0,0.9514814618598719,0.0,0.32804064782470627,0.021599668848734363,0.08391123105685296,-0.06231156220811859,0.9988034642067984,False,1.0,-0.912916960967752,0.7584138620459847,chem
CPC004 HEPG2 6H-triciribine-10.0,triciribine,HEPG2,6H,10.0,159,113,2,0,0.42111937438367414,1.0,1.4146396396396397,0.0,0.375594777590987,0.09583228399041252,0.2797624936005745,0.7853198060072272,True,1.0,-0.2339708158117527,0.4931689436854382,chem
CPC004 HEPG2 6H-vorinostat-10.0,vorinostat,HEPG2,6H,10.0,97,107,1,1,0.7472327760814235,0.8855433919286201,0.7321220591660843,0.46069739952718675,0.17933424015373872,0.37872516773650305,-0.19939092758276433,0.9349472917623773,False,1.0,-0.6103893934940938,0.655781406197934,chem
CPC004 HEPG2 6H-sertraline hydrochloride-10.0,sertraline hydrochloride,HEPG2,6H,10.0,53,19,0,2,1.0,0.3246343487509062,0.0,1.7593837535014005,0.4886055304624651,0.463125985490834,0.025479544971631074,0.6898661091975169,True,1.0,-0.01722145083921597,0.40819726757747415,chem
CPC004 HEPG2 6H-BRD-K87343924 (wortmannin)-10.0,brd-k87343924 (wortmannin),HEPG2,6H,10.0,58,56,0,1,1.0,0.7253026271272716,0.0,0.7807639666542242,0.13948074947219694,0.1470746859789352,-0.007593936506738258,0.9582453842687312,False,1.0,-0.6868265340110402,0.6874375208263912,chem
"CPC004 HEPG2 6H-methyl 2,5-dihydroxycinnamate-10.0","methyl 2,5-dihydroxycinnamate",HEPG2,6H,10.0,69,30,0,1,1.0,0.78529018296315,0.0,0.6533166458072591,0.1049698316977878,0.8546801959799054,-0.7497103642821176,0.9750963669568261,False,1.0,-0.7530168683124985,0.7190936354548484,chem
CPC004 HEPG2 6H-ami-193-10.0,ami-193,HEPG2,6H,10.0,56,42,0,1,1.0,0.7127304507454809,0.0,0.8094132817537073,0.1470746859789352,1.1954270425301297,-1.0483523565511945,0.9540980287345754,False,1.0,-0.6722617171802987,0.6814395201599467,chem
CPC004 HEPG2 6H-pifithrin- ?-10.0,pifithrin- ?,HEPG2,6H,10.0,36,43,0,0,1.0,1.0,0.0,0.0,-0.0,-0.0,0.0,1.0,False,1.0,-0.9543441206638258,1.0,chem
CPC004 HEPG2 6H-amsacrine-10.0,amsacrine,HEPG2,6H,10.0,86,149,2,2,0.5671622207101092,0.5668335193650729,1.0620748299319729,1.0625850340136054,0.49283718160518863,0.6410711298573833,-0.1482339482521947,0.6863093577701573,True,1.0,-0.009105340870337712,0.40719760079973344,chem
CPC004 HT29 6H-terfenadine-10.0,terfenadine,HT29,6H,10.0,25,5,0,1,1.0,0.42621022100959977,0.0,1.864066193853428,0.3703761396174927,-0.0,0.3703761396174927,0.789691920411482,True,1.0,-0.24397992059192203,0.4971676107964012,chem
CPC004 HT29 6H-sb 218078-10.0,sb 218078,HT29,6H,10.0,65,100,2,1,0.3626127150963803,0.7651538606375023,1.6056122448979593,0.6945921985815603,0.5568081974841732,0.0491380653868363,0.5076701320973369,0.633178473411244,True,1.0,0.11358809064928735,0.3608797067644119,chem
CPC004 HT29 6H-wortmannin-10.0,wortmannin,HT29,6H,10.0,29,29,0,0,1.0,1.0,0.0,0.0,-0.0,0.5092143334702399,-0.5092143334702399,1.0,False,1.0,-0.9543441206638258,1.0,chem
CPC004 HT29 6H-gw 1929-10.0,gw 1929,HT29,6H,10.0,19,6,0,0,1.0,1.0,0.0,0.0,-0.0,-0.0,0.0,1.0,False,1.0,-0.9543441206638258,1.0,chem
CPC004 HT29 6H-trichostatin a-10.0,trichostatin a,HT29,6H,10.0,104,71,0,3,1.0,0.40033485559437765,0.0,1.3315050929553387,0.39757659592213196,0.3333173733922878,0.06425922252984417,0.766822977706065,True,1.0,-0.19181071119201054,0.4781739420193269,chem
CPC004 HT29 6H-trimipramine maleate salt-10.0,trimipramine maleate salt,HT29,6H,10.0,20,8,0,0,1.0,1.0,0.0,0.0,-0.0,-0.0,0.0,1.0,False,1.0,-0.9543441206638258,1.0,chem
CPC004 HT29 6H-geldanamycin-10.0,geldanamycin,HT29,6H,10.0,87,38,0,1,1.0,0.8566640097411657,0.0,0.5150915388421573,0.06718947834152734,0.8660597150322402,-0.7988702366907129,0.9891980628477683,False,1.0,-0.8254778279144607,0.740753082305898,chem
CPC004 HT29 6H-amlodipine besylate-10.0,amlodipine besylate,HT29,6H,10.0,28,20,0,2,1.0,0.12483510559722781,0.0,3.464835164835165,0.9036632670315768,-0.0,0.9036632670315768,0.38458719563035254,True,1.0,0.7788399728963177,0.18327224258580474,chem
CPC004 HT29 6H-emetine-10.0,emetine,HT29,6H,10.0,166,105,0,4,1.0,0.4966861377898519,0.0,1.1039541957416354,0.3039179607323481,0.09778200655711287,0.20613595417523523,0.8442655900075882,True,1.0,-0.3714436150154803,0.5524825058313896,chem
CPC004 HT29 6H-proscillaridin a-10.0,proscillaridin a,HT29,6H,10.0,115,38,0,3,1.0,0.4645551047542968,0.0,1.1986125385405961,0.33296276332525243,0.35602094952590285,-0.02305818620065042,0.8207179339893707,True,1.0,-0.31573703526262953,0.530156614461846,chem
CPC004 HT29 6H-teniposide-10.0,teniposide,HT29,6H,10.0,57,80,0,2,1.0,0.3567990927411277,0.0,1.6303896103896105,0.4475762586065167,0.28569206080759085,0.16188419779892582,0.7245099655650861,True,1.0,-0.09591368493286956,0.4395201599466844,chem
CPC004 HT29 6H-ouabain-10.0,ouabain,HT29,6H,10.0,66,41,1,5,0.40800468005173895,0.014484194773985066,1.960493827160494,3.751944477683379,2.2284404989778457,0.2435990880176822,1.9848414109601635,0.03623290317635,True,1.0,3.3197010543279677,0.00866377874041986,chem
CPC004 HT29 6H-mitomycin c-10.0,mitomycin c,HT29,6H,10.0,56,61,1,3,0.5421496516795823,0.12403072318748379,1.302880658436214,2.556943124745487,1.1723515409627283,0.12892725616443745,1.0434242847982909,0.24876217827604877,True,1.0,1.2941715786982495,0.10796401199600134,chem
CPC004 HT29 6H-pioglitazone hydrochloride-10.0,pioglitazone hydrochloride,HT29,6H,10.0,12,10,0,0,1.0,1.0,0.0,0.0,-0.0,-0.0,0.0,1.0,False,1.0,-0.9543441206638258,1.0,chem
CPC004 HT29 6H-doxorubicin-10.0,doxorubicin,HT29,6H,10.0,51,113,1,1,0.7661539734420094,0.6787445310778502,0.6922398589065256,0.8910638297872341,0.2839775984069941,0.4654536624229828,-0.1814760640159887,0.8600566847848141,False,1.0,-0.409688302016708,0.5761412862379207,chem
CPC004 HT29 6H-primaquine diphosphate-10.0,primaquine diphosphate,HT29,6H,10.0,42,22,0,0,1.0,1.0,0.0,0.0,-0.0,-0.0,0.0,1.0,False,1.0,-0.9543441206638258,1.0,chem
CPC004 HT29 6H-selamectin-10.0,selamectin,HT29,6H,10.0,42,14,0,1,1.0,0.6072067945410671,0.0,1.0882200311364816,0.216663377403777,0.38137597042152427,-0.16471259301774727,0.9101336802598143,True,1.0,-0.5387938453862066,0.6254581806064645,chem
CPC004 HT29 6H-cycloheximide-10.0,cycloheximide,HT29,6H,10.0,154,61,1,3,0.5421496516795823,0.6621436725977277,1.302880658436214,0.8834627662108724,0.4449285835994359,0.19298694575816755,0.25194163784126833,0.7267519034766105,True,1.0,-0.10099180238502979,0.4431856047984005,chem
CPC004 HT29 6H-BRD-A68930007 (ouabain)-10.0,brd-a68930007 (ouabain),HT29,6H,10.0,117,56,1,4,0.5117356325563969,0.25470393733836555,1.4224466891133558,1.5952289342054637,0.8849186831545357,0.5050144767709259,0.3799042063836098,0.39592414017023897,True,1.0,0.742888733312562,0.18927024325224925,chem
CPC004 HT29 6H-cyclosporine-10.0,cyclosporine,HT29,6H,10.0,52,13,0,1,1.0,0.6858468627899699,0.0,0.8734529272701989,0.16377284357838476,-0.0,0.16377284357838476,0.9444803376759113,False,1.0,-0.6402354279650758,0.6704431856047984,chem
CPC004 HT29 6H-BRD-A75409952 (wortmannin)-10.0,brd-a75409952 (wortmannin),HT29,6H,10.0,40,37,0,0,1.0,1.0,0.0,0.0,-0.0,0.25115733143770075,-0.25115733143770075,1.0,False,1.0,-0.9543441206638258,1.0,chem
CPC004 HT29 6H-sirolimus-10.0,sirolimus,HT29,6H,10.0,58,10,0,1,1.0,0.7253026271272716,0.0,0.7807639666542242,0.13948074947219694,0.2805580222686066,-0.14107727279640966,0.9582453842687312,False,1.0,-0.6868265340110402,0.6874375208263912,chem
CPC004 HT29 6H-digitoxin-10.0,digitoxin,HT29,6H,10.0,62,23,0,2,1.0,0.3962092340634282,0.0,1.4933333333333334,0.4020754070002483,0.2612162971017878,0.1408591098984605,0.7630248296592255,True,1.0,-0.18318220089952464,0.47517494168610463,chem
CPC004 HT29 6H-digoxin-10.0,digoxin,HT29,6H,10.0,66,29,0,2,1.0,0.426937311048509,0.0,1.3991071428571429,0.3696358895286629,1.1222412391805876,-0.7526053496519247,0.7903113793783637,True,1.0,-0.24539968581423854,0.49850049983338884,chem
CPC004 HT29 6H-amoxapine-10.0,amoxapine,HT29,6H,10.0,18,8,0,0,1.0,1.0,0.0,0.0,-0.0,-0.0,0.0,1.0,False,1.0,-0.9543441206638258,1.0,chem
CPC004 HT29 6H-nsc 663284-10.0,nsc 663284,HT29,6H,10.0,49,17,0,1,1.0,0.6640580783349529,0.0,0.9284869976359338,0.1777939356962094,-0.0,0.1777939356962094,0.9359139369694509,False,1.0,-0.6133436257644824,0.6584471842719094,chem
CPC004 HT29 6H-penitrem a-10.0,penitrem a,HT29,6H,10.0,51,23,0,3,1.0,0.10061584975109725,0.0,2.8255395683453237,0.997333600619595,-0.0,0.997333600619595,0.3316746632821806,True,1.0,0.9584953137032076,0.15428190603132289,chem
CPC004 HT29 6H-epirubicin hydrochloride-10.0,epirubicin hydrochloride,HT29,6H,10.0,68,118,1,2,0.7808474583387228,0.4419972308843989,0.6621293658330696,1.3562770562770563,0.46201425049389444,0.13278913599314193,0.32922511450075254,0.7122936387323457,True,1.0,-0.0682222883749976,0.4298567144285238,chem
CPC004 HT29 6H-ro 31-8220 mesylate-10.0,ro 31-8220 mesylate,HT29,6H,10.0,59,193,3,1,0.4443207787487068,0.731382275965789,1.2395736175882746,0.7671802396674003,0.4881589448116248,0.20997282794219452,0.2781861168694303,0.6902416989633169,True,1.0,-0.018077981335349894,0.4085304898367211,chem
CPC004 HT29 6H-nocodazole-10.0,nocodazole,HT29,6H,10.0,59,21,1,0,0.2351709230317128,1.0,3.933333333333333,0.0,0.6286163762503125,0.27554765793371394,0.3530687183165986,0.5755673581597309,True,1.0,0.25131283587858194,0.31356214595134957,chem
CPC004 HT29 6H-erythrosine sodium-10.0,erythrosine sodium,HT29,6H,10.0,36,36,0,0,1.0,1.0,0.0,0.0,-0.0,-0.0,0.0,1.0,False,1.0,-0.9543441206638258,1.0,chem
CPC004 HT29 6H-chloroxine-10.0,chloroxine,HT29,6H,10.0,92,14,0,0,1.0,1.0,0.0,0.0,-0.0,-0.0,0.0,1.0,False,1.0,-0.9543441206638258,1.0,chem
CPC004 HT29 6H-aristolochic acid-10.0,aristolochic acid,HT29,6H,10.0,46,68,1,2,0.5816087129141987,0.2675399479808848,1.1654689515386032,2.0415584415584416,0.8079804577673185,0.3545804515002124,0.45340000626710614,0.44509524556977587,True,1.0,0.5953247973943718,0.22059313562145952,chem
CPC004 HT29 6H-prochlorperazine edisylate-10.0,prochlorperazine edisylate,HT29,6H,10.0,35,34,0,1,1.0,0.5408135634417319,0.0,1.3137254901960784,0.26695242495467336,-0.0,0.26695242495467336,0.8732412092558232,True,1.0,-0.44234179241982474,0.5888037320893036,chem
CPC004 HT29 6H-piplartine-10.0,piplartine,HT29,6H,10.0,87,28,0,1,1.0,0.8566640097411657,0.0,0.5150915388421573,0.06718947834152734,0.8539448420842668,-0.7867553637427395,0.9891980628477683,False,1.0,-0.8254778279144607,0.740753082305898,chem
CPC004 HT29 6H-sb 216641 hydrochloride-10.0,sb 216641 hydrochloride,HT29,6H,10.0,18,11,0,1,1.0,0.329502428825324,0.0,2.634543178973717,0.4821413797906146,0.6642834066948583,-0.1821420269042437,0.6953066522222757,True,1.0,-0.029619391014022094,0.41686104631789406,chem
CPC004 HT29 6H-mycophenolic acid-10.0,mycophenolic acid,HT29,6H,10.0,46,30,0,0,1.0,1.0,0.0,0.0,-0.0,1.2065190397680794,-1.2065190397680794,1.0,False,1.0,-0.9543441206638258,1.0,chem
CPC004 HT29 6H-niclosamide-10.0,niclosamide,HT29,6H,10.0,68,30,0,1,1.0,0.7804228786816634,0.0,0.6631734942309728,0.10767000742262935,0.6721041149632296,-0.5644341075406003,0.9739048146533101,False,1.0,-0.747838056926831,0.716427857380873,chem
CPC004 HT29 6H-BRD-K36055864 (cycloheximide)-10.0,brd-k36055864 (cycloheximide),HT29,6H,10.0,122,60,1,3,0.5362204462844031,0.5038615951497613,1.325172630257376,1.126836346049211,0.5683453729837136,0.10130642312064184,0.4670389498630717,0.6237567803553516,True,1.0,0.13571585636682032,0.35421526157947353,chem
CPC004 HT29 6H-paroxetine hydrochloride-10.0,paroxetine hydrochloride,HT29,6H,10.0,22,3,0,0,1.0,1.0,0.0,0.0,-0.0,-0.0,0.0,1.0,False,1.0,-0.9543441206638258,1.0,chem
CPC004 HT29 6H-bithionate sodium-10.0,bithionate sodium,HT29,6H,10.0,57,14,0,0,1.0,1.0,0.0,0.0,-0.0,0.7894447625294002,-0.7894447625294002,1.0,False,1.0,-0.9543441206638258,1.0,chem
CPC004 HT29 6H-daunorubicin-10.0,daunorubicin,HT29,6H,10.0,33,107,2,0,0.394420236682506,1.0,1.496904761904762,0.0,0.40404081063225056,0.16388298632504048,0.24015782430721008,0.761364507907359,True,1.0,-0.1794126481947862,0.47317560813062315,chem
CPC004 HT29 6H-ch 55-10.0,ch 55,HT29,6H,10.0,60,20,0,0,1.0,1.0,0.0,0.0,-0.0,0.44529824527564915,-0.44529824527564915,1.0,False,1.0,-0.9543441206638258,1.0,chem
CPC004 HT29 6H-oxibendazole-10.0,oxibendazole,HT29,6H,10.0,43,25,0,0,1.0,1.0,0.0,0.0,-0.0,0.3703761396174927,-0.3703761396174927,1.0,False,1.0,-0.9543441206638258,1.0,chem
CPC004 HT29 6H-dorsomorphin dihydrochloride-10.0,dorsomorphin dihydrochloride,HT29,6H,10.0,44,74,1,2,0.6127432468373719,0.2511692107532274,1.0686622695755117,2.139455782312925,0.8127550655825022,0.3135120605578806,0.4992430050246216,0.44192068718643873,True,1.0,0.6044822729941575,0.21792735754748419,chem
CPC004 HT29 6H-penicillin g potassium-10.0,penicillin g potassium,HT29,6H,10.0,42,19,0,1,1.0,0.6072067945410671,0.0,1.0882200311364816,0.216663377403777,0.38137597042152427,-0.16471259301774727,0.9101336802598143,True,1.0,-0.5387938453862066,0.6254581806064645,chem
CPC004 HT29 6H-dephostatin-10.0,dephostatin,HT29,6H,10.0,12,21,0,1,1.0,0.23384061641080872,0.0,4.075435203094777,0.6310800528359605,0.4285405625261831,0.20253949030977736,0.5736380458255381,True,1.0,0.25603805292093007,0.3092302565811396,chem
CPC004 HT29 6H-triflupromazine hydrochloride-10.0,triflupromazine hydrochloride,HT29,6H,10.0,22,19,0,0,1.0,1.0,0.0,0.0,-0.0,-0.0,0.0,1.0,False,1.0,-0.9543441206638258,1.0,chem
CPC004 HT29 6H-triciribine-10.0,triciribine,HT29,6H,10.0,26,25,0,0,1.0,1.0,0.0,0.0,-0.0,0.3703761396174927,-0.3703761396174927,1.0,False,1.0,-0.9543441206638258,1.0,chem
CPC004 HT29 6H-vorinostat-10.0,vorinostat,HT29,6H,10.0,109,56,0,3,1.0,0.4298421999343495,0.0,1.2676801954662684,0.3666909497125254,0.1470746859789352,0.21961626373359022,0.7927739227361162,True,1.0,-0.25104794333674224,0.4995001666111296,chem
CPC004 HT29 6H-sertraline hydrochloride-10.0,sertraline hydrochloride,HT29,6H,10.0,20,10,0,0,1.0,1.0,0.0,0.0,-0.0,-0.0,0.0,1.0,False,1.0,-0.9543441206638258,1.0,chem
CPC004 HT29 6H-BRD-K87343924 (wortmannin)-10.0,brd-k87343924 (wortmannin),HT29,6H,10.0,33,43,0,0,1.0,1.0,0.0,0.0,-0.0,0.6738599098723764,-0.6738599098723764,1.0,False,1.0,-0.9543441206638258,1.0,chem
CPC004 HT29 6H-ami-193-10.0,ami-193,HT29,6H,10.0,28,4,0,1,1.0,0.4632900827536739,0.0,1.6561597058050959,0.3341469962601578,-0.0,0.3341469962601578,0.8197463491810851,True,1.0,-0.3134657316025945,0.5271576141286238,chem
CPC004 HT29 6H-pifithrin- ?-10.0,pifithrin- ?,HT29,6H,10.0,43,22,1,0,0.24488981103905827,1.0,3.7454438565549677,0.0,0.6110292838894394,0.4127517643182056,0.19827751957123385,0.5894367765341211,True,1.0,0.21758161115815383,0.32355881372875706,chem
CPC004 HT29 6H-amsacrine-10.0,amsacrine,HT29,6H,10.0,40,48,1,2,0.4588721505929316,0.21856038072636244,1.6666666666666667,2.366165413533835,0.9987368607379334,0.39754669096169165,0.6011901697762418,0.33092876393712434,True,1.0,0.9611867013084833,0.15394868377207596,chem
CPC004 MCF7 6H-alprenolol hydrochloride-10.0,alprenolol hydrochloride,MCF7,6H,10.0,35,17,0,0,1.0,1.0,0.0,0.0,-0.0,0.9453784432192243,-0.9453784432192243,1.0,False,1.0,-0.9543441206638258,1.0,chem
CPC004 MCF7 6H-norgestimate-10.0,norgestimate,MCF7,6H,10.0,31,16,0,0,1.0,1.0,0.0,0.0,-0.0,-0.0,0.0,1.0,False,1.0,-0.9543441206638258,1.0,chem
CPC004 MCF7 6H-terfenadine-10.0,terfenadine,MCF7,6H,10.0,38,9,0,1,1.0,0.5705325120706206,0.0,1.2066321640789726,0.24371960205988408,-0.0,0.24371960205988408,0.8907068697891558,True,1.0,-0.48690126557625846,0.6077974008663779,chem
CPC004 MCF7 6H-sb 218078-10.0,sb 218078,MCF7,6H,10.0,77,84,1,1,0.6596264503537799,0.8205617425227882,0.9384203480589023,0.5837999253452781,0.26659067314346757,0.2747152977319986,-0.008124624588531026,0.8735180372620295,False,1.0,-0.44303561555934223,0.5891369543485505,chem
CPC004 MCF7 6H-wortmannin-10.0,wortmannin,MCF7,6H,10.0,48,31,1,0,0.32704694092676984,1.0,2.618106995884774,0.0,0.4853899087391307,-0.0,0.4853899087391307,0.69257146731304,True,1.0,-0.023388863663350253,0.4125291569476841,chem
CPC004 MCF7 6H-gw 1929-10.0,gw 1929,MCF7,6H,10.0,49,46,0,0,1.0,1.0,0.0,0.0,-0.0,0.1932981984307902,-0.1932981984307902,1.0,False,1.0,-0.9543441206638258,1.0,chem
CPC004 MCF7 6H-trichostatin a-10.0,trichostatin a,MCF7,6H,10.0,185,122,0,4,1.0,0.5829202428359654,0.0,0.9850268236047722,0.23439086284952187,0.07086604215879057,0.16352482069073132,0.8975251581275491,False,1.0,-0.5047933532622855,0.6134621792735755,chem
CPC004 MCF7 6H-geldanamycin-10.0,geldanamycin,MCF7,6H,10.0,50,29,0,1,1.0,0.6714827869538534,0.0,0.9093935446519034,0.1729651157231477,0.6487132776886151,-0.4757481619654674,0.9389121529512973,False,1.0,-0.6226050777602773,0.6624458513828724,chem
CPC004 MCF7 6H-amlodipine besylate-10.0,amlodipine besylate,MCF7,6H,10.0,36,11,0,0,1.0,1.0,0.0,0.0,-0.0,-0.0,0.0,1.0,False,1.0,-0.9543441206638258,1.0,chem
CPC004 MCF7 6H-emetine-10.0,emetine,MCF7,6H,10.0,173,143,2,7,0.54469062438848,0.08530846448905452,1.1083333333333334,1.9260151717983043,1.3328579751186194,0.4428693309427278,0.8899886441758915,0.18907396532118184,True,1.0,1.602015450129319,0.08063978673775409,chem
CPC004 MCF7 6H-gitoxigenin-10.0,gitoxigenin,MCF7,6H,10.0,63,56,1,1,0.5117356325563969,0.754393433432854,1.4224466891133558,0.7172271791352093,0.413356442248637,0.8691869101621312,-0.45583046791349424,0.7534879065439273,True,1.0,-0.16154570026403364,0.4665111629456848,chem
CPC004 MCF7 6H-carbinoxamine maleate-10.0,carbinoxamine maleate,MCF7,6H,10.0,19,35,0,0,1.0,1.0,0.0,0.0,-0.0,0.26695242495467336,-0.26695242495467336,1.0,False,1.0,-0.9543441206638258,1.0,chem
CPC004 MCF7 6H-proscillaridin a-10.0,proscillaridin a,MCF7,6H,10.0,90,71,0,1,1.0,0.8660146882025537,0.0,0.49748983982787476,0.06247474198817105,2.133252073178138,-2.0707773311899667,0.9905938538560416,False,1.0,-0.834520472836622,0.7444185271576141,chem
CPC004 MCF7 6H-teniposide-10.0,teniposide,MCF7,6H,10.0,87,152,3,1,0.30266762823509014,0.8566640097411657,1.5911137541415343,0.5150915388421573,0.5862235047938593,0.18482327514909927,0.4014002296447601,0.6092742833081927,True,1.0,0.1700052812072277,0.33988670443185603,chem
CPC004 MCF7 6H-ezetimibe-10.0,ezetimibe,MCF7,6H,10.0,34,10,0,2,1.0,0.17057190474517306,0.0,2.8125,0.7680925008294601,-0.0,0.7680925008294601,0.4722450927460994,True,1.0,0.5188215522017214,0.23658780406531157,chem
CPC004 MCF7 6H-ouabain-10.0,ouabain,MCF7,6H,10.0,98,88,1,3,0.6767684038226862,0.3644218610809633,0.8947069675039023,1.4169632714880727,0.6079555036227136,0.6621740272159419,-0.05421852359322832,0.5918778435731271,True,1.0,0.21168624364710262,0.3255581472842386,chem
CPC004 MCF7 6H-mitomycin c-10.0,mitomycin c,MCF7,6H,10.0,68,104,0,1,1.0,0.7804228786816634,0.0,0.6631734942309728,0.10767000742262935,0.17361697454827255,-0.0659469671256432,0.9739048146533101,False,1.0,-0.747838056926831,0.716427857380873,chem
CPC004 MCF7 6H-doxorubicin-10.0,doxorubicin,MCF7,6H,10.0,109,167,1,0,0.8842924876734224,1.0,0.4630373345232783,0.0,0.05340406442944166,0.44668810722625363,-0.39328404279681195,0.9930316380748383,False,1.0,-0.8519176102838979,0.7467510829723426,chem
CPC004 MCF7 6H-testosterone-10.0,testosterone,MCF7,6H,10.0,21,17,0,0,1.0,1.0,0.0,0.0,-0.0,-0.0,0.0,1.0,False,1.0,-0.9543441206638258,1.0,chem
CPC004 MCF7 6H-colforsin-10.0,colforsin,MCF7,6H,10.0,65,17,0,2,1.0,0.41932905746011573,0.0,1.4215419501133786,0.377445042062586,-0.0,0.377445042062586,0.7837676592067451,True,1.0,-0.23042209465858576,0.49250249916694433,chem
CPC004 MCF7 6H-selamectin-10.0,selamectin,MCF7,6H,10.0,33,16,0,0,1.0,1.0,0.0,0.0,-0.0,0.5243113267647002,-0.5243113267647002,1.0,False,1.0,-0.9543441206638258,1.0,chem
CPC004 MCF7 6H-cycloheximide-10.0,cycloheximide,MCF7,6H,10.0,92,66,0,4,1.0,0.1428072969546557,0.0,2.0566534914361,0.8452496010600042,1.3256930306514285,-0.4804434295914243,0.4207473026632027,True,1.0,0.6668052798839178,0.20426524491836054,chem
CPC004 MCF7 6H-brompheniramine maleate-10.0,brompheniramine maleate,MCF7,6H,10.0,18,3,0,1,1.0,0.329502428825324,0.0,2.634543178973717,0.4821413797906146,-0.0,0.4821413797906146,0.6953066522222757,True,1.0,-0.029619391014022094,0.41686104631789406,chem
CPC004 MCF7 6H-BRD-A68930007 (ouabain)-10.0,brd-a68930007 (ouabain),MCF7,6H,10.0,84,63,0,4,1.0,0.11221540914105801,0.0,2.265217391304348,0.94994750274617,0.5743599250621485,0.3755875776840215,0.35766809648819975,True,1.0,0.8676109831274087,0.17027657447517494,chem
CPC004 MCF7 6H-cyclosporine-10.0,cyclosporine,MCF7,6H,10.0,55,22,0,2,1.0,0.34077621024715454,0.0,1.6924528301886792,0.46753073115595595,-0.0,0.46753073115595595,0.7076317826209719,True,1.0,-0.05764193517847551,0.42452515828057313,chem
CPC004 MCF7 6H-BRD-A75409952 (wortmannin)-10.0,brd-a75409952 (wortmannin),MCF7,6H,10.0,71,48,0,1,1.0,0.7947056866867112,0.0,0.6344478216818642,0.09979367928482703,-0.0,0.09979367928482703,0.977315891807183,False,1.0,-0.7629444877646601,0.7220926357880706,chem
CPC004 MCF7 6H-sirolimus-10.0,sirolimus,MCF7,6H,10.0,60,27,0,1,1.0,0.7373282957339664,0.0,0.7540569780021638,0.13233909927834112,0.616285224370853,-0.4839461250925119,0.9620084761089149,False,1.0,-0.7005238867411354,0.692102632455848,chem
CPC004 MCF7 6H-brazilin-10.0,brazilin,MCF7,6H,10.0,43,41,0,1,1.0,0.6158785350844703,0.0,1.0621411685241473,0.2105049319006799,0.2230514587851949,-0.012546526884514991,0.9143982595785249,True,1.0,-0.5506054572735489,0.631789403532156,chem
CPC004 MCF7 6H-fulvestrant-10.0,fulvestrant,MCF7,6H,10.0,31,44,1,0,0.4303588667204714,1.0,1.8228538616135515,0.0,0.36616924479985585,-0.0,0.36616924479985585,0.7932098532892162,True,1.0,-0.252048549081337,0.5008330556481173,chem
CPC004 MCF7 6H-digitoxin-10.0,digitoxin,MCF7,6H,10.0,104,74,0,4,1.0,0.1939682539190968,0.0,1.806376811594203,0.712269343657109,1.074990593494284,-0.362721249837175,0.5120879783600077,True,1.0,0.41175533451507745,0.26491169610129955,chem
CPC004 MCF7 6H-digoxin-10.0,digoxin,MCF7,6H,10.0,104,64,0,2,1.0,0.6704756738798134,0.0,0.8725490196078431,0.17361697454827255,0.8046749889102371,-0.6310580143619646,0.9385102975229462,False,1.0,-0.6213548428683973,0.6604465178273908,chem
CPC004 MCF7 6H-pindolol-10.0,pindolol,MCF7,6H,10.0,21,37,0,1,1.0,0.3727858656135989,0.0,2.2382978723404254,0.4285405625261831,0.25115733143770075,0.17738323108848236,0.7406327326789057,True,1.0,-0.13242326417542877,0.45684771742752417,chem
CPC004 MCF7 6H-nsc 663284-10.0,nsc 663284,MCF7,6H,10.0,42,32,0,2,1.0,0.23483059403922776,0.0,2.2471428571428573,0.6292453232810424,-0.0,0.6292453232810424,0.5750745050714916,True,1.0,0.252519127015029,0.311562812395868,chem
CPC004 MCF7 6H-sappanone a trimethyl ether-10.0,sappanone a trimethyl ether,MCF7,6H,10.0,28,15,0,1,1.0,0.4632900827536739,0.0,1.6561597058050959,0.3341469962601578,-0.0,0.3341469962601578,0.8197463491810851,True,1.0,-0.3134657316025945,0.5271576141286238,chem
CPC004 MCF7 6H-epirubicin hydrochloride-10.0,epirubicin hydrochloride,MCF7,6H,10.0,76,100,1,1,0.7232403102257315,0.8164888153230178,0.7847611921685996,0.5916784869976359,0.22876713627088616,0.0491380653868363,0.17962907088404986,0.9015762062496754,False,1.0,-0.5155793991360327,0.6151282905698101,chem
CPC004 MCF7 6H-ro 31-8220 mesylate-10.0,ro 31-8220 mesylate,MCF7,6H,10.0,97,170,0,1,1.0,0.8855433919286201,0.0,0.46069739952718675,0.05279015337458556,0.5069277188885198,-0.45413756551393425,0.9931845741856322,False,1.0,-0.8530950631183288,0.7470843052315894,chem
CPC004 MCF7 6H-promazine hydrochloride-10.0,promazine hydrochloride,MCF7,6H,10.0,82,53,1,2,0.49253813478307085,0.5408689713942205,1.5052231718898386,1.1164285714285713,0.5744680710754175,0.18660465475253937,0.38786341632287813,0.6187804297009127,True,1.0,0.14745890638264167,0.3478840386537821,chem
CPC004 MCF7 6H-raf1 kinase inhibitor i-10.0,raf1 kinase inhibitor i,MCF7,6H,10.0,48,30,0,1,1.0,0.6564667745672195,0.0,0.9483929379809869,0.1827872497531294,-0.0,0.1827872497531294,0.9327626090240357,False,1.0,-0.6037666817706956,0.6544485171609463,chem
CPC004 MCF7 6H-diclofenac sodium-10.0,diclofenac sodium,MCF7,6H,10.0,24,22,1,0,0.24488981103905827,1.0,3.7454438565549677,0.0,0.6110292838894394,0.4127517643182056,0.19827751957123385,0.5894367765341211,True,1.0,0.21758161115815383,0.32355881372875706,chem
CPC004 MCF7 6H-nu7026-10.0,nu7026,MCF7,6H,10.0,28,15,1,1,0.17420818834684237,0.4632900827536739,5.624338624338624,1.6561597058050959,1.0930784318670845,0.5478231629924638,0.5452552688746207,0.28384571437543443,True,1.0,1.1421294444827546,0.12495834721759413,chem
CPC004 MCF7 6H-forskolin-10.0,forskolin,MCF7,6H,10.0,45,6,0,1,1.0,0.6326557707753426,0.0,1.0135396518375241,0.19883252618512057,-0.0,0.19883252618512057,0.9223038099527754,True,1.0,-0.5729925882523731,0.6441186271242919,chem
CPC004 MCF7 6H-nocodazole-10.0,nocodazole,MCF7,6H,10.0,43,17,0,1,1.0,0.6158785350844703,0.0,1.0621411685241473,0.2105049319006799,-0.0,0.2105049319006799,0.9143982595785249,True,1.0,-0.5506054572735489,0.631789403532156,chem
CPC004 MCF7 6H-erythrosine sodium-10.0,erythrosine sodium,MCF7,6H,10.0,36,39,1,0,0.3926227282495143,1.0,2.064327485380117,0.0,0.4060245634531765,1.3574733591113186,-0.9514487956581421,0.7596881147142152,True,1.0,-0.1756079025995846,0.47317560813062315,chem
CPC004 MCF7 6H-chloroxine-10.0,chloroxine,MCF7,6H,10.0,72,11,0,2,1.0,0.4714545127331613,0.0,1.2779591836734694,0.3265602028671769,0.21995056234504395,0.10660964052213295,0.8259565562453897,True,1.0,-0.3280168482735593,0.5351549483505498,chem
CPC004 MCF7 6H-mephentermine sulfate-10.0,mephentermine sulfate,MCF7,6H,10.0,25,25,1,0,0.27332042905520476,1.0,3.2757201646090537,0.0,0.5633279061984299,-0.0,0.5633279061984299,0.6278472108512141,True,1.0,0.12609258856399594,0.35688103965344886,chem
CPC004 MCF7 6H-phenolphthalein-10.0,phenolphthalein,MCF7,6H,10.0,62,42,0,2,1.0,0.3962092340634282,0.0,1.4933333333333334,0.4020754070002483,0.8904616203828302,-0.48838621338258187,0.7630248296592255,True,1.0,-0.18318220089952464,0.47517494168610463,chem
CPC004 MCF7 6H-prochlorperazine edisylate-10.0,prochlorperazine edisylate,MCF7,6H,10.0,46,23,1,2,0.25448668572827027,0.2675399479808848,3.574635241301908,2.0415584415584416,1.1669462959240036,0.3518388437881739,0.8151074521358297,0.25103023593383417,True,1.0,1.2838045702508594,0.10963012329223593,chem
CPC004 MCF7 6H-rs 39604 hydrochloride-10.0,rs 39604 hydrochloride,MCF7,6H,10.0,21,8,1,0,0.09699853464336017,1.0,11.261022927689595,0.0,1.0132348265699376,1.545462668993607,-0.5322278424236695,0.323301878393414,True,1.0,0.9889931251012188,0.1506164611796068,chem
CPC004 MCF7 6H-piplartine-10.0,piplartine,MCF7,6H,10.0,91,61,0,4,1.0,0.13881469339037025,0.0,2.080626353489922,0.8575645618305763,0.1617413487434076,0.6958232130871687,0.41292032142245283,True,1.0,0.6904248015565043,0.20059980006664446,chem
CPC004 MCF7 6H-mycophenolic acid-10.0,mycophenolic acid,MCF7,6H,10.0,49,26,1,0,0.28256026853690286,1.0,3.1441975308641976,0.0,0.5488889053617282,-0.0,0.5488889053617282,0.6396778533983358,True,1.0,0.09839925688827286,0.3665444851716095,chem
CPC004 MCF7 6H-niclosamide-10.0,niclosamide,MCF7,6H,10.0,61,24,0,2,1.0,0.3884098485330607,0.0,1.5188861985472155,0.410709766639067,0.3837413370785968,0.026968429560470186,0.7557267841575523,True,1.0,-0.1666219009182758,0.4708430523158947,chem
CPC004 MCF7 6H-BRD-K36055864 (cycloheximide)-10.0,brd-k36055864 (cycloheximide),MCF7,6H,10.0,84,82,0,1,1.0,0.8466656705832771,0.0,0.533965649833376,0.07228804903725279,0.44760987038565136,-0.3753218213483986,0.9875926500030084,False,1.0,-0.8156990065856365,0.7387537487504166,chem
CPC004 MCF7 6H-ag 957-10.0,ag 957,MCF7,6H,10.0,72,33,0,0,1.0,1.0,0.0,0.0,-0.0,0.21995056234504395,-0.21995056234504395,1.0,False,1.0,-0.9543441206638258,1.0,chem
CPC004 MCF7 6H-paroxetine hydrochloride-10.0,paroxetine hydrochloride,MCF7,6H,10.0,30,11,0,1,1.0,0.4866779630748387,0.0,1.5414526779163609,0.31275831829660106,-0.0,0.31275831829660106,0.8371603837039141,True,1.0,-0.3544882205995071,0.5474841719426857,chem
CPC004 MCF7 6H-ethamivan-10.0,ethamivan,MCF7,6H,10.0,28,11,0,0,1.0,1.0,0.0,0.0,-0.0,0.6642834066948583,-0.6642834066948583,1.0,False,1.0,-0.9543441206638258,1.0,chem
CPC004 MCF7 6H-bithionate sodium-10.0,bithionate sodium,MCF7,6H,10.0,42,13,0,0,1.0,1.0,0.0,0.0,-0.0,-0.0,0.0,1.0,False,1.0,-0.9543441206638258,1.0,chem
CPC004 MCF7 6H-rottlerin-10.0,rottlerin,MCF7,6H,10.0,41,27,0,1,1.0,0.5983406945291184,0.0,1.1156028368794326,0.2230514587851949,-0.0,0.2230514587851949,0.9056454619772062,True,1.0,-0.5265418025705121,0.6214595134955015,chem
CPC004 MCF7 6H-l 161982-10.0,l 161982,MCF7,6H,10.0,64,47,0,2,1.0,0.41167055954271353,0.0,1.444700460829493,0.3854501902901507,0.18795264439741394,0.19749754589273677,0.7770412978887299,True,1.0,-0.21506859288332603,0.48717094301899366,chem
CPC004 MCF7 6H-bisacodyl-10.0,bisacodyl,MCF7,6H,10.0,94,95,0,3,1.0,0.3402929110005341,0.0,1.4801960629298758,0.4681470980549928,1.2846256189154484,-0.8164785208604555,0.707111153948127,True,1.0,-0.05645977214919042,0.42085971342885703,chem
CPC004 MCF7 6H-suloctidil-10.0,suloctidil,MCF7,6H,10.0,52,34,0,0,1.0,1.0,0.0,0.0,-0.0,0.2753470641431871,-0.2753470641431871,1.0,False,1.0,-0.9543441206638258,1.0,chem
CPC004 MCF7 6H-amg 9810-10.0,amg 9810,MCF7,6H,10.0,21,22,0,0,1.0,1.0,0.0,0.0,-0.0,-0.0,0.0,1.0,False,1.0,-0.9543441206638258,1.0,chem
CPC004 MCF7 6H-daunorubicin-10.0,daunorubicin,MCF7,6H,10.0,85,144,1,0,0.8437457774546954,1.0,0.5394975394975395,0.0,0.07378838759228352,0.7433753100616434,-0.6695869224693598,0.9871015948791707,False,1.0,-0.8128214270563987,0.7377540819726758,chem
CPC004 MCF7 6H-epicatechin monogallate-10.0,epicatechin monogallate,MCF7,6H,10.0,29,16,0,1,1.0,0.47511335427849205,0.0,1.596757852077001,0.3232027624497683,1.3289047162437604,-1.005701953793992,0.8286935975885885,True,1.0,-0.3344562627532951,0.538487170943019,chem
CPC004 MCF7 6H-ch 55-10.0,ch 55,MCF7,6H,10.0,82,41,0,0,1.0,1.0,0.0,0.0,-0.0,0.6445780833977223,-0.6445780833977223,1.0,False,1.0,-0.9543441206638258,1.0,chem
CPC004 MCF7 6H-dorsomorphin dihydrochloride-10.0,dorsomorphin dihydrochloride,MCF7,6H,10.0,123,135,0,1,1.0,0.9363414876287647,0.0,0.3610045343564702,0.028565733371317566,0.563546008767749,-0.5349802753964314,0.9979293787824558,False,1.0,-0.899556373384155,0.7567477507497501,chem
CPC004 MCF7 6H-ly-83583-10.0,ly-83583,MCF7,6H,10.0,29,6,0,1,1.0,0.47511335427849205,0.0,1.596757852077001,0.3232027624497683,-0.0,0.3232027624497683,0.8286935975885885,True,1.0,-0.3344562627532951,0.538487170943019,chem
CPC004 MCF7 6H-sib 1893-10.0,sib 1893,MCF7,6H,10.0,39,25,1,0,0.27332042905520476,1.0,3.2757201646090537,0.0,0.5633279061984299,0.3703761396174927,0.19295176658093716,0.6278472108512141,True,1.0,0.12609258856399594,0.35688103965344886,chem
CPC004 MCF7 6H-duloxetine hydrochloride-10.0,duloxetine hydrochloride,MCF7,6H,10.0,23,31,1,2,0.32704694092676984,0.08957928566628257,2.618106995884774,4.293197278911564,1.5331823138189933,0.897114723286255,0.6360675905327383,0.132722023352808,True,1.0,1.986228209522482,0.05198267244251916,chem
CPC004 MCF7 6H-BRD-K77830450 (forskolin)-10.0,brd-k77830450 (forskolin),MCF7,6H,10.0,68,14,1,3,0.16359123498284758,0.18688175891338424,6.0579297245963915,2.080907581627006,1.5146730560155122,0.6721041149632296,0.8425689410522825,0.1371978286929185,True,1.0,1.9507283143967498,0.05498167277574142,chem
CPC004 MCF7 6H-menadione-10.0,menadione,MCF7,6H,10.0,31,17,0,1,1.0,0.49798952875506386,0.0,1.4898345153664303,0.3027797890710162,-0.0,0.3027797890710162,0.8451759903818608,True,1.0,-0.37362657529629517,0.5541486171276241,chem
CPC004 MCF7 6H-triciribine-10.0,triciribine,MCF7,6H,10.0,68,28,1,0,0.3006931742591438,1.0,2.910379515317787,0.0,0.5218764302807071,-0.0,0.5218764302807071,0.6620256040529326,True,1.0,0.04659058672742235,0.3855381539486838,chem
CPC004 MCF7 6H-vorinostat-10.0,vorinostat,MCF7,6H,10.0,142,104,1,6,0.7372128501727195,0.09135613727183195,0.7538055855207959,2.009948096885813,1.171669374895755,0.07591803311507811,1.0957513417806768,0.2490474393615164,True,1.0,1.292863215926873,0.10796401199600134,chem
CPC004 MCF7 6H-BRD-K87343924 (wortmannin)-10.0,brd-k87343924 (wortmannin),MCF7,6H,10.0,42,31,1,0,0.32704694092676984,1.0,2.618106995884774,0.0,0.4853899087391307,-0.0,0.4853899087391307,0.69257146731304,True,1.0,-0.023388863663350253,0.4125291569476841,chem
"CPC004 MCF7 6H-methyl 2,5-dihydroxycinnamate-10.0","methyl 2,5-dihydroxycinnamate",MCF7,6H,10.0,17,12,0,0,1.0,1.0,0.0,0.0,-0.0,-0.0,0.0,1.0,False,1.0,-0.9543441206638258,1.0,chem
CPC004 MCF7 6H-pifithrin- ?-10.0,pifithrin- ?,MCF7,6H,10.0,48,37,0,0,1.0,1.0,0.0,0.0,-0.0,0.338308299269452,-0.338308299269452,1.0,False,1.0,-0.9543441206638258,1.0,chem
CPC004 MCF7 6H-amsacrine-10.0,amsacrine,MCF7,6H,10.0,86,88,3,1,0.1001311441683274,0.853405330487763,2.8177215189873417,0.5212348769294952,1.0682754700592754,0.23700831763891578,0.8312671524203596,0.29564798154037536,True,1.0,1.0945585179586685,0.13428857047650783,chem
CPC004 PC3 24H-terfenadine-10.0,terfenadine,PC3,24H,10.0,35,5,0,1,1.0,0.5408135634417319,0.0,1.3137254901960784,0.26695242495467336,0.44289623632572833,-0.17594381137105497,0.8732412092558232,True,1.0,-0.44234179241982474,0.5888037320893036,chem
CPC004 PC3 24H-sb 218078-10.0,sb 218078,PC3,24H,10.0,51,55,0,2,1.0,0.3083955807540339,0.0,1.8317784256559766,0.5108918539281119,0.1510527550752136,0.3598390988528983,0.6711834966957433,True,1.0,0.025522680458139813,0.392535821392869,chem
CPC004 PC3 24H-wortmannin-10.0,wortmannin,PC3,24H,10.0,21,53,1,0,0.49253813478307085,1.0,1.5052231718898386,0.0,0.3075601385984637,0.15939634780318535,0.14816379079527836,0.8413454609435183,True,1.0,-0.3644580873595821,0.550483172275908,chem
CPC004 PC3 24H-gw 1929-10.0,gw 1929,PC3,24H,10.0,52,16,0,1,1.0,0.6858468627899699,0.0,0.8734529272701989,0.16377284357838476,-0.0,0.16377284357838476,0.9444803376759113,False,1.0,-0.6402354279650758,0.6704431856047984,chem
CPC004 PC3 24H-trichostatin a-10.0,trichostatin a,PC3,24H,10.0,111,138,1,2,0.8310380157702344,0.7050442912227425,0.5636658556366586,0.8155963302752294,0.23216270855633758,0.21000983110406604,0.02215287745227154,0.8991356927972208,False,1.0,-0.509066849507884,0.6141286237920693,chem
CPC004 PC3 24H-geldanamycin-10.0,geldanamycin,PC3,24H,10.0,48,77,0,1,1.0,0.6564667745672195,0.0,0.9483929379809869,0.1827872497531294,0.6333463003690437,-0.4505590506159143,0.9327626090240357,False,1.0,-0.6037666817706956,0.6544485171609463,chem
CPC004 PC3 24H-praziquantel-10.0,praziquantel,PC3,24H,10.0,38,10,0,0,1.0,1.0,0.0,0.0,-0.0,-0.0,0.0,1.0,False,1.0,-0.9543441206638258,1.0,chem
CPC004 PC3 24H-emetine-10.0,emetine,PC3,24H,10.0,161,145,1,6,0.8457699237815064,0.14183353294940537,0.5356652949245542,1.7581593927893737,0.9209688418288657,0.13761506472342666,0.7833537771054391,0.3743437033193725,True,1.0,0.8120312600304094,0.17794068643785405,chem
CPC004 PC3 24H-prednisolone-10.0,prednisolone,PC3,24H,10.0,67,35,0,0,1.0,1.0,0.0,0.0,-0.0,0.23943842161399886,-0.23943842161399886,1.0,False,1.0,-0.9543441206638258,1.0,chem
CPC004 PC3 24H-paclitaxel-10.0,paclitaxel,PC3,24H,10.0,72,53,0,1,1.0,0.7992585201226767,0.0,0.6254120467485765,0.09731272543783062,0.3793469101482293,-0.28203418471039865,0.9783490408718478,False,1.0,-0.767702841790265,0.7240919693435521,chem
CPC004 PC3 24H-proscillaridin a-10.0,proscillaridin a,PC3,24H,10.0,56,32,0,3,1.0,0.12403072318748379,0.0,2.556943124745487,0.906470724046693,0.29095434170711326,0.6155163823395797,0.38291087049923234,True,1.0,0.7842245448043216,0.1809396867710763,chem
CPC004 PC3 24H-teniposide-10.0,teniposide,PC3,24H,10.0,98,84,0,4,1.0,0.1676804014108567,0.0,1.923527597903176,0.7755176950356364,-0.0,0.7755176950356364,0.46710653695583204,True,1.0,0.533062729152527,0.2339220259913362,chem
CPC004 PC3 24H-ezetimibe-10.0,ezetimibe,PC3,24H,10.0,16,18,0,0,1.0,1.0,0.0,0.0,-0.0,0.733551919745753,-0.733551919745753,1.0,False,1.0,-0.9543441206638258,1.0,chem
CPC004 PC3 24H-ouabain-10.0,ouabain,PC3,24H,10.0,111,111,0,4,1.0,0.22612532673516897,0.0,1.6863063795205202,0.6456507926067416,0.3848049029731933,0.2608458896335483,0.5622981369334447,True,1.0,0.2839840537416535,0.29856714428523823,chem
CPC004 PC3 24H-mitomycin c-10.0,mitomycin c,PC3,24H,10.0,97,106,0,5,1.0,0.06135265901802922,0.0,2.4754046334496986,1.2121666102502187,0.14734823737586386,1.0648183728743548,0.23259509430250366,True,1.0,1.370535028769372,0.10096634455181606,chem
CPC004 PC3 24H-pioglitazone hydrochloride-10.0,pioglitazone hydrochloride,PC3,24H,10.0,23,14,0,0,1.0,1.0,0.0,0.0,-0.0,-0.0,0.0,1.0,False,1.0,-0.9543441206638258,1.0,chem
CPC004 PC3 24H-fipronil-10.0,fipronil,PC3,24H,10.0,35,10,0,0,1.0,1.0,0.0,0.0,-0.0,-0.0,0.0,1.0,False,1.0,-0.9543441206638258,1.0,chem
CPC004 PC3 24H-doxorubicin-10.0,doxorubicin,PC3,24H,10.0,164,154,3,2,0.30964044445894867,0.8800766580702268,1.5695364238410596,0.5440917107583775,0.564621815305471,0.8116005798490085,-0.2469787645435375,0.6267913177674886,True,1.0,0.12857424601832937,0.35554815061646117,chem
CPC004 PC3 24H-primaquine diphosphate-10.0,primaquine diphosphate,PC3,24H,10.0,32,8,0,0,1.0,1.0,0.0,0.0,-0.0,-0.0,0.0,1.0,False,1.0,-0.9543441206638258,1.0,chem
CPC004 PC3 24H-selamectin-10.0,selamectin,PC3,24H,10.0,66,57,1,1,0.5179739744277554,0.7703571921696406,1.3968253968253967,0.6837970540098199,0.39899991924698414,1.13908085396746,-0.7400809347204758,0.7656216985004669,True,1.0,-0.18908084329029717,0.4758413862045985,chem
CPC004 PC3 24H-cycloheximide-10.0,cycloheximide,PC3,24H,10.0,166,181,1,5,0.9036813821055434,0.29966959534454546,0.4260631001371742,1.3988756403862719,0.5673419836782043,0.04013411517398118,0.5272078685042232,0.6245739004879867,True,1.0,0.1337914023722814,0.35421526157947353,chem
CPC004 PC3 24H-naltrexone hydrochloride-10.0,naltrexone hydrochloride,PC3,24H,10.0,34,37,0,2,1.0,0.17057190474517306,0.0,2.8125,0.7680925008294601,-0.0,0.7680925008294601,0.4722450927460994,True,1.0,0.5188215522017214,0.23658780406531157,chem
CPC004 PC3 24H-brompheniramine maleate-10.0,brompheniramine maleate,PC3,24H,10.0,32,9,0,1,1.0,0.50905354969512,0.0,1.441546556851979,0.29323652981680803,-0.0,0.29323652981680803,0.8527675562589397,True,1.0,-0.39193010244357745,0.56647784071976,chem
CPC004 PC3 24H-BRD-A68930007 (ouabain)-10.0,brd-a68930007 (ouabain),PC3,24H,10.0,92,63,0,2,1.0,0.6037830607527295,0.0,0.9907936507936508,0.21911907535533895,0.15923101237265452,0.059888062982684426,0.9084159573245703,False,1.0,-0.534083930992744,0.623125624791736,chem
CPC004 PC3 24H-cyclosporine-10.0,cyclosporine,PC3,24H,10.0,72,19,0,1,1.0,0.7992585201226767,0.0,0.6254120467485765,0.09731272543783062,0.21995056234504395,-0.12263783690721333,0.9783490408718478,False,1.0,-0.767702841790265,0.7240919693435521,chem
CPC004 PC3 24H-skf 96365 hydrochloride-10.0,skf 96365 hydrochloride,PC3,24H,10.0,51,25,0,0,1.0,1.0,0.0,0.0,-0.0,0.689743775236174,-0.689743775236174,1.0,False,1.0,-0.9543441206638258,1.0,chem
CPC004 PC3 24H-BRD-A75409952 (wortmannin)-10.0,brd-a75409952 (wortmannin),PC3,24H,10.0,136,120,2,1,0.45151091452479575,0.9525683260996414,1.3292372881355932,0.32555818229577094,0.3664356102107829,0.9925303164495161,-0.6260947062387332,0.792987293569424,True,1.0,-0.2515376726186809,0.4995001666111296,chem
CPC004 PC3 24H-sirolimus-10.0,sirolimus,PC3,24H,10.0,36,21,1,0,0.2351709230317128,1.0,3.933333333333333,0.0,0.6286163762503125,-0.0,0.6286163762503125,0.5755673581597309,True,1.0,0.25131283587858194,0.31356214595134957,chem
CPC004 PC3 24H-digitoxin-10.0,digitoxin,PC3,24H,10.0,134,126,0,4,1.0,0.33876966124958685,0.0,1.3828316610925306,0.4700954901414056,0.08512584002839398,0.38496965011301165,0.7054657547671639,True,1.0,-0.05272284679724835,0.42019326891036324,chem
CPC004 PC3 24H-naringenine-10.0,naringenine,PC3,24H,10.0,17,15,0,0,1.0,1.0,0.0,0.0,-0.0,0.5478231629924638,-0.5478231629924638,1.0,False,1.0,-0.9543441206638258,1.0,chem
CPC004 PC3 24H-digoxin-10.0,digoxin,PC3,24H,10.0,50,50,0,2,1.0,0.3002473560088206,0.0,1.8702380952380953,0.5225208083241747,0.3255105152388468,0.19701029308532791,0.661489549258411,True,1.0,0.04782647382820727,0.3842052649116961,chem
CPC004 PC3 24H-protein tyrosine phosphatase inhibitor iv-10.0,protein tyrosine phosphatase inhibitor iv,PC3,24H,10.0,10,14,0,0,1.0,1.0,0.0,0.0,-0.0,-0.0,0.0,1.0,False,1.0,-0.9543441206638258,1.0,chem
CPC004 PC3 24H-nsc 663284-10.0,nsc 663284,PC3,24H,10.0,110,73,1,2,0.6077179178677024,0.7002958569376848,1.083676268861454,0.8232804232804233,0.37101640178789685,0.21587580862463812,0.15514059316325873,0.7891559866540147,True,1.0,-0.24275192754413782,0.4955014995001666,chem
CPC004 PC3 24H-epirubicin hydrochloride-10.0,epirubicin hydrochloride,PC3,24H,10.0,188,144,1,3,0.8437457774546954,0.7869505613623472,0.5394975394975395,0.7171300797200078,0.17784093808194312,0.4501942839453618,-0.2723533458634187,0.9358845125306908,False,1.0,-0.6132534773759344,0.6561146284571809,chem
CPC004 PC3 24H-ro 31-8220 mesylate-10.0,ro 31-8220 mesylate,PC3,24H,10.0,153,129,1,5,0.8100390974583673,0.24482359728268852,0.6041666666666666,1.5249556125468535,0.702640744004223,0.3430271163092424,0.3596136276949807,0.5191712889366846,True,1.0,0.39328812845450667,0.2689103632122626,chem
CPC004 PC3 24H-promazine hydrochloride-10.0,promazine hydrochloride,PC3,24H,10.0,24,11,0,0,1.0,1.0,0.0,0.0,-0.0,-0.0,0.0,1.0,False,1.0,-0.9543441206638258,1.0,chem
CPC004 PC3 24H-nocodazole-10.0,nocodazole,PC3,24H,10.0,32,48,0,0,1.0,1.0,0.0,0.0,-0.0,0.1827872497531294,-0.1827872497531294,1.0,False,1.0,-0.9543441206638258,1.0,chem
CPC004 PC3 24H-erythrosine sodium-10.0,erythrosine sodium,PC3,24H,10.0,42,27,0,3,1.0,0.06376361890404526,0.0,3.4825677919203097,1.1954270425301297,0.3456285941430332,0.8497984483870964,0.23927760202773998,True,1.0,1.3384293168698118,0.10463178940353215,chem
CPC004 PC3 24H-chloroxine-10.0,chloroxine,PC3,24H,10.0,52,15,0,2,1.0,0.31652561375974103,0.0,1.794857142857143,0.49959114041938535,0.8528838009959151,-0.35329266057652975,0.6806412056898324,True,1.0,0.0038484378350625544,0.4031989336887704,chem
CPC004 PC3 24H-phenolphthalein-10.0,phenolphthalein,PC3,24H,10.0,41,9,0,0,1.0,1.0,0.0,0.0,-0.0,-0.0,0.0,1.0,False,1.0,-0.9543441206638258,1.0,chem
CPC004 PC3 24H-rs 39604 hydrochloride-10.0,rs 39604 hydrochloride,PC3,24H,10.0,18,15,0,0,1.0,1.0,0.0,0.0,-0.0,-0.0,0.0,1.0,False,1.0,-0.9543441206638258,1.0,chem
CPC004 PC3 24H-simvastatin-10.0,simvastatin,PC3,24H,10.0,89,60,2,1,0.17591799811122535,0.8629671286518186,2.7301724137931034,0.503223726627982,0.8186954724617599,1.008410485709041,-0.18971501324728113,0.43799364110816463,True,1.0,0.6158756969475568,0.2149283572142619,chem
CPC004 PC3 24H-piplartine-10.0,piplartine,PC3,24H,10.0,117,91,0,4,1.0,0.25470393733836555,0.0,1.5952289342054637,0.5939643414474224,0.41892254418732394,0.17504179726009844,0.6030506530098527,True,1.0,0.18485184568347746,0.3372209263578807,chem
CPC004 PC3 24H-sb 216641 hydrochloride-10.0,sb 216641 hydrochloride,PC3,24H,10.0,36,11,0,1,1.0,0.550940054199812,0.0,1.2759878419452888,0.2588956525938111,0.4332012306554081,-0.17430557806159702,0.8793715466909027,True,1.0,-0.45779430688038386,0.5958013995334889,chem
CPC004 PC3 24H-mycophenolic acid-10.0,mycophenolic acid,PC3,24H,10.0,35,33,0,1,1.0,0.5408135634417319,0.0,1.3137254901960784,0.26695242495467336,-0.0,0.26695242495467336,0.8732412092558232,True,1.0,-0.44234179241982474,0.5888037320893036,chem
CPC004 PC3 24H-gw 3965 hydrochloride-10.0,gw 3965 hydrochloride,PC3,24H,10.0,50,15,0,0,1.0,1.0,0.0,0.0,-0.0,0.5478231629924638,-0.5478231629924638,1.0,False,1.0,-0.9543441206638258,1.0,chem
CPC004 PC3 24H-niclosamide-10.0,niclosamide,PC3,24H,10.0,175,114,2,4,0.42551299213618554,0.5385316772672051,1.4017857142857142,1.0443257903212138,0.6398759208573028,0.7782497586319147,-0.13837383777461187,0.5667779547263783,True,1.0,0.27290811846395296,0.3045651449516828,chem
CPC004 PC3 24H-BRD-K36055864 (cycloheximide)-10.0,brd-k36055864 (cycloheximide),PC3,24H,10.0,72,109,0,3,1.0,0.20942593416589572,0.0,1.9590240850797622,0.6789695386660867,-0.0,0.6789695386660867,0.5368393272216452,True,1.0,0.34788785817216894,0.27990669776741084,chem
CPC004 PC3 24H-ag 957-10.0,ag 957,PC3,24H,10.0,47,26,0,1,1.0,0.6487051647006395,0.0,0.9691643539932162,0.18795264439741394,-0.0,0.18795264439741394,0.9294498119856278,False,1.0,-0.5938596952182346,0.6511162945684772,chem
CPC004 PC3 24H-rhamnetin-10.0,rhamnetin,PC3,24H,10.0,24,14,0,0,1.0,1.0,0.0,0.0,-0.0,0.5732524250499975,-0.5732524250499975,1.0,False,1.0,-0.9543441206638258,1.0,chem
CPC004 PC3 24H-paroxetine hydrochloride-10.0,paroxetine hydrochloride,PC3,24H,10.0,26,18,1,1,0.20526676523894072,0.4388444509082874,4.62962962962963,1.7892198581560284,1.0453707504285334,0.4821413797906146,0.5632293706379188,0.30690814027305946,True,1.0,1.0506283315941614,0.13995334888370542,chem
CPC004 PC3 24H-bithionate sodium-10.0,bithionate sodium,PC3,24H,10.0,58,36,0,0,1.0,1.0,0.0,0.0,-0.0,0.7776036617379353,-0.7776036617379353,1.0,False,1.0,-0.9543441206638258,1.0,chem
CPC004 PC3 24H-rottlerin-10.0,rottlerin,PC3,24H,10.0,90,69,0,2,1.0,0.591734328636421,0.0,1.0136363636363637,0.22787323500741302,0.6049915874236692,-0.3771183524162562,0.9022158598324803,True,1.0,-0.5172938601610494,0.6174608463845385,chem
CPC004 PC3 24H-bisacodyl-10.0,bisacodyl,PC3,24H,10.0,28,7,0,2,1.0,0.12483510559722781,0.0,3.464835164835165,0.9036632670315768,-0.0,0.9036632670315768,0.38458719563035254,True,1.0,0.7788399728963177,0.18327224258580474,chem
CPC004 PC3 24H-triclosan-10.0,triclosan,PC3,24H,10.0,49,15,0,0,1.0,1.0,0.0,0.0,-0.0,1.7125543568396062,-1.7125543568396062,1.0,False,1.0,-0.9543441206638258,1.0,chem
CPC004 PC3 24H-daunorubicin-10.0,daunorubicin,PC3,24H,10.0,57,76,2,0,0.25028593820381745,1.0,2.1344594594594595,0.0,0.6015635496408298,0.6335041541049143,-0.03194060446408453,0.5969698213405479,True,1.0,0.19942677336392886,0.3288903698767078,chem
CPC004 PC3 24H-immethridine dihydrobromide-10.0,immethridine dihydrobromide,PC3,24H,10.0,34,16,0,1,1.0,0.5304603602039942,0.0,1.3537502686438856,0.2753470641431871,-0.0,0.2753470641431871,0.8667775572045433,True,1.0,-0.4262412651067009,0.5821392869043652,chem
CPC004 PC3 24H-epicatechin monogallate-10.0,epicatechin monogallate,PC3,24H,10.0,27,12,0,0,1.0,1.0,0.0,0.0,-0.0,0.5350873381206043,-0.5350873381206043,1.0,False,1.0,-0.9543441206638258,1.0,chem
CPC004 PC3 24H-ch 55-10.0,ch 55,PC3,24H,10.0,60,46,0,2,1.0,0.3805671096433224,0.0,1.5453201970443349,0.419568748150007,0.9479879241778458,-0.5284191760278388,0.7482302332463664,True,1.0,-0.14963078663923532,0.46217927357547484,chem
CPC004 PC3 24H-oxibendazole-10.0,oxibendazole,PC3,24H,10.0,22,17,0,1,1.0,0.38658788127807586,0.0,2.131374535629855,0.4127517643182056,0.502482206893496,-0.08973044257529039,0.7539994803439586,True,1.0,-0.1627054443954878,0.4688437187604132,chem
CPC004 PC3 24H-dorsomorphin dihydrochloride-10.0,dorsomorphin dihydrochloride,PC3,24H,10.0,24,29,0,0,1.0,1.0,0.0,0.0,-0.0,-0.0,0.0,1.0,False,1.0,-0.9543441206638258,1.0,chem
CPC004 PC3 24H-penicillin g potassium-10.0,penicillin g potassium,PC3,24H,10.0,14,9,0,1,1.0,0.26714532281495496,0.0,3.447354064375341,0.5732524250499975,-0.0,0.5732524250499975,0.619767127893641,True,1.0,0.14512735387682985,0.3505498167277574,chem
CPC004 PC3 24H-irbesartan-10.0,irbesartan,PC3,24H,10.0,34,12,0,0,1.0,1.0,0.0,0.0,-0.0,-0.0,0.0,1.0,False,1.0,-0.9543441206638258,1.0,chem
CPC004 PC3 24H-triflupromazine hydrochloride-10.0,triflupromazine hydrochloride,PC3,24H,10.0,17,4,0,0,1.0,1.0,0.0,0.0,-0.0,-0.0,0.0,1.0,False,1.0,-0.9543441206638258,1.0,chem
CPC004 PC3 24H-gw 4064-10.0,gw 4064,PC3,24H,10.0,33,15,0,0,1.0,1.0,0.0,0.0,-0.0,-0.0,0.0,1.0,False,1.0,-0.9543441206638258,1.0,chem
CPC004 PC3 24H-fluvastatin-10.0,fluvastatin,PC3,24H,10.0,41,15,0,0,1.0,1.0,0.0,0.0,-0.0,-0.0,0.0,1.0,False,1.0,-0.9543441206638258,1.0,chem
CPC004 PC3 24H-sib 1893-10.0,sib 1893,PC3,24H,10.0,14,28,0,0,1.0,1.0,0.0,0.0,-0.0,1.6899032360370898,-1.6899032360370898,1.0,False,1.0,-0.9543441206638258,1.0,chem
CPC004 PC3 24H-forskolin-10.0,forskolin,PC3,24H,10.0,12,13,0,1,1.0,0.23384061641080872,0.0,4.075435203094777,0.6310800528359605,-0.0,0.6310800528359605,0.5736380458255381,True,1.0,0.25603805292093007,0.3092302565811396,chem
CPC004 PC3 24H-fluspirilen-10.0,fluspirilen,PC3,24H,10.0,59,15,0,2,1.0,0.37268299449326364,0.0,1.5726817042606516,0.4286604236299346,-0.0,0.4286604236299346,0.740531210291556,True,1.0,-0.13219337615625426,0.4538487170943019,chem
CPC004 PC3 24H-menadione-10.0,menadione,PC3,24H,10.0,63,37,1,1,0.3768461025365561,0.754393433432854,2.179698216735254,0.7172271791352093,0.5462380725235255,-0.0,0.5462380725235255,0.6418589972897162,True,1.0,0.09331508286297278,0.36987670776407866,chem
CPC004 PC3 24H-albendazole-10.0,albendazole,PC3,24H,10.0,18,42,0,0,1.0,1.0,0.0,0.0,-0.0,0.216663377403777,-0.216663377403777,1.0,False,1.0,-0.9543441206638258,1.0,chem
CPC004 PC3 24H-triciribine-10.0,triciribine,PC3,24H,10.0,172,108,2,4,0.3989086638367877,0.5247683382891898,1.4825471698113208,1.0634920634920635,0.6791589070565819,0.7614571533285595,-0.08229824627197757,0.5366965741402727,True,1.0,0.34825105793274735,0.27990669776741084,chem
CPC004 PC3 24H-vorinostat-10.0,vorinostat,PC3,24H,10.0,180,153,2,5,0.581702909938798,0.36068389610263724,1.0332781456953641,1.284045881126173,0.678172011388921,0.3554694752993611,0.3227025360895599,0.5374407796496314,True,1.0,0.34635823796805865,0.28023992002665776,chem
CPC004 PC3 24H-sertraline hydrochloride-10.0,sertraline hydrochloride,PC3,24H,10.0,61,5,0,1,1.0,0.7431436031873149,0.0,0.741371158392435,0.12892725616443745,-0.0,0.12892725616443745,0.9637576558347487,False,1.0,-0.7070676430610809,0.6954348550483173,chem
CPC004 PC3 24H-rosuvastatin calcium-10.0,rosuvastatin calcium,PC3,24H,10.0,61,42,0,0,1.0,1.0,0.0,0.0,-0.0,0.6292453232810424,-0.6292453232810424,1.0,False,1.0,-0.9543441206638258,1.0,chem
CPC004 PC3 24H-BRD-K87343924 (wortmannin)-10.0,brd-k87343924 (wortmannin),PC3,24H,10.0,30,65,3,0,0.048827298578184374,1.0,3.8770926908942425,0.0,1.3113373028516913,0.1162512261443165,1.1950860767073748,0.19625965310051127,True,1.0,1.560739802200988,0.08363878707097634,chem
"CPC004 PC3 24H-methyl 2,5-dihydroxycinnamate-10.0","methyl 2,5-dihydroxycinnamate",PC3,24H,10.0,34,56,0,0,1.0,1.0,0.0,0.0,-0.0,0.1470746859789352,-0.1470746859789352,1.0,False,1.0,-0.9543441206638258,1.0,chem
CPC004 PC3 24H-chlorpromazine-10.0,chlorpromazine,PC3,24H,10.0,39,5,0,0,1.0,1.0,0.0,0.0,-0.0,-0.0,0.0,1.0,False,1.0,-0.9543441206638258,1.0,chem
CPC004 PC3 24H-amsacrine-10.0,amsacrine,PC3,24H,10.0,28,44,0,2,1.0,0.12483510559722781,0.0,3.464835164835165,0.9036632670315768,-0.0,0.9036632670315768,0.38458719563035254,True,1.0,0.7788399728963177,0.18327224258580474,chem
CPC004 PC3 6H-biperiden-10.0,biperiden,PC3,6H,10.0,4,9,0,0,1.0,1.0,0.0,0.0,-0.0,-0.0,0.0,1.0,False,1.0,-0.9543441206638258,1.0,chem
CPC004 PC3 6H-terfenadine-10.0,terfenadine,PC3,6H,10.0,44,9,0,0,1.0,1.0,0.0,0.0,-0.0,-0.0,0.0,1.0,False,1.0,-0.9543441206638258,1.0,chem
CPC004 PC3 6H-sb 218078-10.0,sb 218078,PC3,6H,10.0,28,36,0,0,1.0,1.0,0.0,0.0,-0.0,-0.0,0.0,1.0,False,1.0,-0.9543441206638258,1.0,chem
CPC004 PC3 6H-carvedilol-10.0,carvedilol,PC3,6H,10.0,7,11,0,0,1.0,1.0,0.0,0.0,-0.0,-0.0,0.0,1.0,False,1.0,-0.9543441206638258,1.0,chem
CPC004 PC3 6H-wortmannin-10.0,wortmannin,PC3,6H,10.0,36,45,0,0,1.0,1.0,0.0,0.0,-0.0,1.019310434618092,-1.019310434618092,1.0,False,1.0,-0.9543441206638258,1.0,chem
CPC004 PC3 6H-gw 1929-10.0,gw 1929,PC3,6H,10.0,24,9,0,0,1.0,1.0,0.0,0.0,-0.0,-0.0,0.0,1.0,False,1.0,-0.9543441206638258,1.0,chem
CPC004 PC3 6H-trichostatin a-10.0,trichostatin a,PC3,6H,10.0,179,136,2,3,0.5174875104403993,0.7581918788347808,1.1675373134328357,0.7549051667756703,0.40632099915204273,0.8134431881565867,-0.40712218900454394,0.7594375615414625,True,1.0,-0.17503935272400312,0.47184271909363545,chem
CPC004 PC3 6H-geldanamycin-10.0,geldanamycin,PC3,6H,10.0,81,37,0,4,1.0,0.10158777180461004,0.0,2.354601919819311,0.9931585652547705,0.5624569906436125,0.430701574611158,0.33390195008001233,True,1.0,0.9504877901616847,0.1562812395868044,chem
CPC004 PC3 6H-amlodipine besylate-10.0,amlodipine besylate,PC3,6H,10.0,12,3,0,0,1.0,1.0,0.0,0.0,-0.0,-0.0,0.0,1.0,False,1.0,-0.9543441206638258,1.0,chem
CPC004 PC3 6H-emetine-10.0,emetine,PC3,6H,10.0,173,115,0,5,1.0,0.3300255484090643,0.0,1.3390684741049705,0.4814524385960661,0.7896951827598744,-0.30824274416380826,0.6958869896694313,True,1.0,-0.030940748164802506,0.41686104631789406,chem
CPC004 PC3 6H-chlorthalidone-10.0,chlorthalidone,PC3,6H,10.0,6,9,0,0,1.0,1.0,0.0,0.0,-0.0,-0.0,0.0,1.0,False,1.0,-0.9543441206638258,1.0,chem
CPC004 PC3 6H-gitoxigenin-10.0,gitoxigenin,PC3,6H,10.0,15,4,0,0,1.0,1.0,0.0,0.0,-0.0,-0.0,0.0,1.0,False,1.0,-0.9543441206638258,1.0,chem
CPC004 PC3 6H-proscillaridin a-10.0,proscillaridin a,PC3,6H,10.0,38,28,1,2,0.3006931742591438,0.2023980299630858,2.910379515317787,2.4984126984126984,1.2156701492884636,-0.0,1.2156701492884636,0.23121721942854154,True,1.0,1.3772546536050698,0.10063312229256914,chem
CPC004 PC3 6H-teniposide-10.0,teniposide,PC3,6H,10.0,39,59,1,3,0.5302154054815167,0.05319374211698514,1.3482332907620265,3.774580335731415,1.5496871144341307,0.541880131847545,1.0078069825865856,0.12884459761453498,True,1.0,2.0178836490397973,0.049983338887037654,chem
CPC004 PC3 6H-practolol-10.0,practolol,PC3,6H,10.0,21,14,0,0,1.0,1.0,0.0,0.0,-0.0,-0.0,0.0,1.0,False,1.0,-0.9543441206638258,1.0,chem
CPC004 PC3 6H-ornidazole-10.0,ornidazole,PC3,6H,10.0,18,7,0,0,1.0,1.0,0.0,0.0,-0.0,-0.0,0.0,1.0,False,1.0,-0.9543441206638258,1.0,chem
CPC004 PC3 6H-ouabain-10.0,ouabain,PC3,6H,10.0,130,89,1,4,0.6809188878324794,0.31873931208116524,0.8843995510662177,1.4276512537382102,0.6634689878838487,0.37085257091114315,0.2926164169727055,0.5485995859746249,True,1.0,0.3181585231008814,0.28857047650783074,chem
CPC004 PC3 6H-mitomycin c-10.0,mitomycin c,PC3,6H,10.0,33,59,1,1,0.5302154054815167,0.519875405631676,1.3482332907620265,1.3962765957446808,0.5596483857032488,-0.0,0.5596483857032488,0.6308538017554073,True,1.0,0.11903543948331576,0.35888037320893035,chem
CPC004 PC3 6H-pioglitazone hydrochloride-10.0,pioglitazone hydrochloride,PC3,6H,10.0,14,20,0,0,1.0,1.0,0.0,0.0,-0.0,1.1538740520062138,-1.1538740520062138,1.0,False,1.0,-0.9543441206638258,1.0,chem
CPC004 PC3 6H-doxorubicin-10.0,doxorubicin,PC3,6H,10.0,30,52,1,0,0.4859747478827887,1.0,1.5349794238683128,0.0,0.31338629686956876,0.6608363004790364,-0.34745000360946765,0.8366534531329213,True,1.0,-0.3532837869199801,0.5451516161279574,chem
CPC004 PC3 6H-colforsin-10.0,colforsin,PC3,6H,10.0,20,11,0,0,1.0,1.0,0.0,0.0,-0.0,-0.0,0.0,1.0,False,1.0,-0.9543441206638258,1.0,chem
CPC004 PC3 6H-thiorphan-10.0,thiorphan,PC3,6H,10.0,14,15,0,0,1.0,1.0,0.0,0.0,-0.0,1.3807326749581432,-1.3807326749581432,1.0,False,1.0,-0.9543441206638258,1.0,chem
CPC004 PC3 6H-selamectin-10.0,selamectin,PC3,6H,10.0,47,14,0,1,1.0,0.6487051647006395,0.0,0.9691643539932162,0.18795264439741394,0.3449779838598578,-0.15702533946244385,0.9294498119856278,False,1.0,-0.5938596952182346,0.6511162945684772,chem
CPC004 PC3 6H-cycloheximide-10.0,cycloheximide,PC3,6H,10.0,130,105,0,5,1.0,0.15646897897464462,0.0,1.8122627737226278,0.8055717513797025,0.6436619029973452,0.16190984838235734,0.44670289785109496,True,1.0,0.590705010633772,0.22092635788070644,chem
CPC004 PC3 6H-BRD-A68930007 (ouabain)-10.0,brd-a68930007 (ouabain),PC3,6H,10.0,49,41,1,2,0.40800468005173895,0.2920841937160157,1.960493827160494,1.9103343465045592,0.9238267997267142,0.8947452652172931,0.02908153450942108,0.3726725830871177,True,1.0,0.8175126902813996,0.17594135288237253,chem
CPC004 PC3 6H-cyclosporine-10.0,cyclosporine,PC3,6H,10.0,18,11,0,1,1.0,0.329502428825324,0.0,2.634543178973717,0.4821413797906146,0.6642834066948583,-0.1821420269042437,0.6953066522222757,True,1.0,-0.029619391014022094,0.41686104631789406,chem
CPC004 PC3 6H-BRD-A75409952 (wortmannin)-10.0,brd-a75409952 (wortmannin),PC3,6H,10.0,118,117,2,1,0.4385914984930246,0.9287253152508068,1.3645652173913043,0.37673516396920653,0.39005250705736255,1.2975929753306852,-0.9075404682733226,0.7731668722262057,True,1.0,-0.20624156349586506,0.4838387204265245,chem
CPC004 PC3 6H-sirolimus-10.0,sirolimus,PC3,6H,10.0,18,28,0,0,1.0,1.0,0.0,0.0,-0.0,-0.0,0.0,1.0,False,1.0,-0.9543441206638258,1.0,chem
CPC004 PC3 6H-brazilin-10.0,brazilin,PC3,6H,10.0,52,49,1,1,0.4657772989980638,0.6858468627899699,1.631687242798354,0.8734529272701989,0.4955945254598476,0.1777939356962094,0.31780058976363823,0.683993976199672,True,1.0,-0.0038168836720395764,0.40586471176274574,chem
CPC004 PC3 6H-estradiol cypionate-10.0,estradiol cypionate,PC3,6H,10.0,15,27,0,0,1.0,1.0,0.0,0.0,-0.0,0.3456285941430332,-0.3456285941430332,1.0,False,1.0,-0.9543441206638258,1.0,chem
CPC004 PC3 6H-l 755507-10.0,l 755507,PC3,6H,10.0,12,15,0,0,1.0,1.0,0.0,0.0,-0.0,-0.0,0.0,1.0,False,1.0,-0.9543441206638258,1.0,chem
CPC004 PC3 6H-digitoxin-10.0,digitoxin,PC3,6H,10.0,132,66,1,3,0.5706908532949094,0.5573537175367291,1.2017094017094017,1.0378116111761753,0.49746818580929164,0.4130568099745678,0.08441137583472386,0.6824216693195737,True,1.0,-0.00022329031390957708,0.4045318227257581,chem
CPC004 PC3 6H-digoxin-10.0,digoxin,PC3,6H,10.0,93,56,0,4,1.0,0.14684523922258017,0.0,2.033219345383488,0.833140128902015,0.48118663617034846,0.3519534927316666,0.4285496279092458,True,1.0,0.643579875807708,0.21026324558480505,chem
CPC004 PC3 6H-amoxapine-10.0,amoxapine,PC3,6H,10.0,12,11,0,0,1.0,1.0,0.0,0.0,-0.0,-0.0,0.0,1.0,False,1.0,-0.9543441206638258,1.0,chem
CPC004 PC3 6H-protein tyrosine phosphatase inhibitor iv-10.0,protein tyrosine phosphatase inhibitor iv,PC3,6H,10.0,13,10,0,0,1.0,1.0,0.0,0.0,-0.0,-0.0,0.0,1.0,False,1.0,-0.9543441206638258,1.0,chem
CPC004 PC3 6H-nsc 663284-10.0,nsc 663284,PC3,6H,10.0,44,51,0,1,1.0,0.6243601472782201,0.0,1.037275276265875,0.20456482561205844,0.36616924479985585,-0.16160441918779742,0.9184512075361329,True,1.0,-0.5619983047080963,0.6371209596801066,chem
CPC004 PC3 6H-sappanone a trimethyl ether-10.0,sappanone a trimethyl ether,PC3,6H,10.0,31,20,0,0,1.0,1.0,0.0,0.0,-0.0,0.44529824527564915,-0.44529824527564915,1.0,False,1.0,-0.9543441206638258,1.0,chem
CPC004 PC3 6H-epirubicin hydrochloride-10.0,epirubicin hydrochloride,PC3,6H,10.0,99,184,1,1,0.9073983126015337,0.8905843608057327,0.41887607097078866,0.45115067303517153,0.09252696829234117,0.5650969529168146,-0.4725699846244734,0.980284577102323,False,1.0,-0.7768817012867353,0.7250916361212929,chem
CPC004 PC3 6H-ro 31-8220 mesylate-10.0,ro 31-8220 mesylate,PC3,6H,10.0,80,205,2,2,0.7388505931898393,0.527493035028704,0.7621921182266009,1.1454212454212453,0.40922664404473363,0.32815262153085706,0.08107402251387658,0.756981051642217,True,1.0,-0.16946646103605298,0.4711762745751416,chem
CPC004 PC3 6H-ym 90709-10.0,ym 90709,PC3,6H,10.0,13,11,0,0,1.0,1.0,0.0,0.0,-0.0,0.6642834066948583,-0.6642834066948583,1.0,False,1.0,-0.9543441206638258,1.0,chem
CPC004 PC3 6H-promazine hydrochloride-10.0,promazine hydrochloride,PC3,6H,10.0,19,15,0,0,1.0,1.0,0.0,0.0,-0.0,-0.0,0.0,1.0,False,1.0,-0.9543441206638258,1.0,chem
CPC004 PC3 6H-forskolin-10.0,forskolin,PC3,6H,10.0,21,10,0,1,1.0,0.3727858656135989,0.0,2.2382978723404254,0.4285405625261831,-0.0,0.4285405625261831,0.7406327326789057,True,1.0,-0.13242326417542877,0.45684771742752417,chem
CPC004 PC3 6H-diloxanide furoate-10.0,diloxanide furoate,PC3,6H,10.0,13,10,0,0,1.0,1.0,0.0,0.0,-0.0,-0.0,0.0,1.0,False,1.0,-0.9543441206638258,1.0,chem
CPC004 PC3 6H-apigenin triacetate-10.0,apigenin triacetate,PC3,6H,10.0,27,19,0,0,1.0,1.0,0.0,0.0,-0.0,1.8066225082959124,-1.8066225082959124,1.0,False,1.0,-0.9543441206638258,1.0,chem
CPC004 PC3 6H-erythrosine sodium-10.0,erythrosine sodium,PC3,6H,10.0,16,19,0,0,1.0,1.0,0.0,0.0,-0.0,-0.0,0.0,1.0,False,1.0,-0.9543441206638258,1.0,chem
CPC004 PC3 6H-indirubin-3?-monoxime-10.0,indirubin-3?-monoxime,PC3,6H,10.0,3,11,0,0,1.0,1.0,0.0,0.0,-0.0,-0.0,0.0,1.0,False,1.0,-0.9543441206638258,1.0,chem
CPC004 PC3 6H-piplartine-10.0,piplartine,PC3,6H,10.0,60,46,0,2,1.0,0.3805671096433224,0.0,1.5453201970443349,0.419568748150007,2.0214027789610824,-1.6018340308110754,0.7482302332463664,True,1.0,-0.14963078663923532,0.46217927357547484,chem
CPC004 PC3 6H-oxaprozin-10.0,oxaprozin,PC3,6H,10.0,22,11,0,0,1.0,1.0,0.0,0.0,-0.0,-0.0,0.0,1.0,False,1.0,-0.9543441206638258,1.0,chem
CPC004 PC3 6H-sb 216641 hydrochloride-10.0,sb 216641 hydrochloride,PC3,6H,10.0,14,21,0,1,1.0,0.26714532281495496,0.0,3.447354064375341,0.5732524250499975,1.902755001708675,-1.3295025766586774,0.619767127893641,True,1.0,0.14512735387682985,0.3505498167277574,chem
CPC004 PC3 6H-inca-6-10.0,inca-6,PC3,6H,10.0,20,20,0,0,1.0,1.0,0.0,0.0,-0.0,-0.0,0.0,1.0,False,1.0,-0.9543441206638258,1.0,chem
CPC004 PC3 6H-gw 3965 hydrochloride-10.0,gw 3965 hydrochloride,PC3,6H,10.0,18,21,0,0,1.0,1.0,0.0,0.0,-0.0,-0.0,0.0,1.0,False,1.0,-0.9543441206638258,1.0,chem
CPC004 PC3 6H-niclosamide-10.0,niclosamide,PC3,6H,10.0,94,30,0,3,1.0,0.3402929110005341,0.0,1.4801960629298758,0.4681470980549928,0.15434729362763686,0.313799804427356,0.707111153948127,True,1.0,-0.05645977214919042,0.42085971342885703,chem
CPC004 PC3 6H-BRD-K36055864 (cycloheximide)-10.0,brd-k36055864 (cycloheximide),PC3,6H,10.0,125,114,0,5,1.0,0.13932719293910237,0.0,1.889294403892944,0.8559641126438686,0.13224104313149992,0.7237230695123686,0.41393136600765956,True,1.0,0.6873552144944288,0.20126624458513828,chem
CPC004 PC3 6H-ag 957-10.0,ag 957,PC3,6H,10.0,53,24,0,1,1.0,0.6927932572907209,0.0,0.8565193671576651,0.15939634780318535,0.3837413370785968,-0.22434498927541147,0.9470647702762663,False,1.0,-0.6486293431985959,0.6731089636787737,chem
CPC004 PC3 6H-paroxetine hydrochloride-10.0,paroxetine hydrochloride,PC3,6H,10.0,24,10,0,1,1.0,0.41329358362585905,0.0,1.9454209065679926,0.3837413370785968,0.5784568453658027,-0.19471550828720585,0.7784785882603942,True,1.0,-0.21834609382039896,0.4901699433522159,chem
CPC004 PC3 6H-bithionate sodium-10.0,bithionate sodium,PC3,6H,10.0,72,22,0,1,1.0,0.7992585201226767,0.0,0.6254120467485765,0.09731272543783062,0.635503016192683,-0.5381902907548524,0.9783490408718478,False,1.0,-0.767702841790265,0.7240919693435521,chem
CPC004 PC3 6H-rottlerin-10.0,rottlerin,PC3,6H,10.0,48,14,0,0,1.0,1.0,0.0,0.0,-0.0,-0.0,0.0,1.0,False,1.0,-0.9543441206638258,1.0,chem
CPC004 PC3 6H-bisacodyl-10.0,bisacodyl,PC3,6H,10.0,58,19,0,1,1.0,0.7253026271272716,0.0,0.7807639666542242,0.13948074947219694,0.2805580222686066,-0.14107727279640966,0.9582453842687312,False,1.0,-0.6868265340110402,0.6874375208263912,chem
CPC004 PC3 6H-triclosan-10.0,triclosan,PC3,6H,10.0,19,7,0,0,1.0,1.0,0.0,0.0,-0.0,-0.0,0.0,1.0,False,1.0,-0.9543441206638258,1.0,chem
CPC004 PC3 6H-cgp 57380-10.0,cgp 57380,PC3,6H,10.0,32,19,1,1,0.21536096059990822,0.50905354969512,4.3717421124828535,1.441546556851979,0.9600695501336745,0.9372890116916492,0.02278053844202521,0.35198350375419796,True,1.0,0.8870245989800398,0.16594468510496502,chem
CPC004 PC3 6H-suloctidil-10.0,suloctidil,PC3,6H,10.0,19,12,0,0,1.0,1.0,0.0,0.0,-0.0,0.6310800528359605,-0.6310800528359605,1.0,False,1.0,-0.9543441206638258,1.0,chem
CPC004 PC3 6H-amg 9810-10.0,amg 9810,PC3,6H,10.0,18,8,0,0,1.0,1.0,0.0,0.0,-0.0,-0.0,0.0,1.0,False,1.0,-0.9543441206638258,1.0,chem
CPC004 PC3 6H-daunorubicin-10.0,daunorubicin,PC3,6H,10.0,60,193,1,2,0.9177197497536612,0.3805671096433224,0.3986625514403292,1.5453201970443349,0.45685867012689,0.6039983736171305,-0.14713970349024047,0.7166537308463596,True,1.0,-0.07811045160034953,0.4335221592802399,chem
CPC004 PC3 6H-na-tosyl-phe chloromethyl ketone-10.0,na-tosyl-phe chloromethyl ketone,PC3,6H,10.0,17,6,0,0,1.0,1.0,0.0,0.0,-0.0,-0.0,0.0,1.0,False,1.0,-0.9543441206638258,1.0,chem
CPC004 PC3 6H-ch 55-10.0,ch 55,PC3,6H,10.0,38,38,0,1,1.0,0.5705325120706206,0.0,1.2066321640789726,0.24371960205988408,-0.0,0.24371960205988408,0.8907068697891558,True,1.0,-0.48690126557625846,0.6077974008663779,chem
CPC004 PC3 6H-trimetozine-10.0,trimetozine,PC3,6H,10.0,15,21,0,0,1.0,1.0,0.0,0.0,-0.0,-0.0,0.0,1.0,False,1.0,-0.9543441206638258,1.0,chem
CPC004 PC3 6H-dorsomorphin dihydrochloride-10.0,dorsomorphin dihydrochloride,PC3,6H,10.0,113,90,2,3,0.3162119251702138,0.45307946040599706,1.790909090909091,1.2207979071288424,0.8438473811090985,0.06247474198817105,0.7813726391209275,0.42164540042336696,True,1.0,0.6641158872713734,0.20459846717760746,chem
CPC004 PC3 6H-anagrelide hydrochloride-10.0,anagrelide hydrochloride,PC3,6H,10.0,21,13,0,1,1.0,0.3727858656135989,0.0,2.2382978723404254,0.4285405625261831,-0.0,0.4285405625261831,0.7406327326789057,True,1.0,-0.13242326417542877,0.45684771742752417,chem
CPC004 PC3 6H-zoxazolamine-10.0,zoxazolamine,PC3,6H,10.0,17,23,0,1,1.0,0.31442552382028793,0.0,2.799645390070922,0.502482206893496,0.3978441791525614,0.10463802774093461,0.6782183825747264,True,1.0,0.009393368794592719,0.40019993335554815,chem
CPC004 PC3 6H-sib 1893-10.0,sib 1893,PC3,6H,10.0,15,19,0,1,1.0,0.2832545123134497,0.0,3.2006079027355625,0.5478231629924638,-0.0,0.5478231629924638,0.6405544305334788,True,1.0,0.09635521261909535,0.36854381872709097,chem
CPC004 PC3 6H-menadione-10.0,menadione,PC3,6H,10.0,9,36,0,1,1.0,0.18104564964237885,0.0,5.6063829787234045,0.7422119064117775,-0.0,0.7422119064117775,0.4904537641082757,True,1.0,0.46918377648029047,0.24925024991669442,chem
CPC004 PC3 6H-triciribine-10.0,triciribine,PC3,6H,10.0,118,40,1,4,0.4003624230876708,0.25954111808014435,2.0110794555239,1.580981439105009,0.9833405197571645,0.7263708752931203,0.25696964446404424,0.3391873106072541,True,1.0,0.9316572357869368,0.15761412862379207,chem
CPC004 PC3 6H-vorinostat-10.0,vorinostat,PC3,6H,10.0,206,125,1,5,0.7998976790610448,0.47400454961519145,0.6240541616885703,1.1132294730725933,0.4211830531725339,0.8440763814765914,-0.42289332830405746,0.7468635161756056,True,1.0,-0.1465346247288496,0.4608463845384872,chem
CPC004 PC3 6H-sertraline hydrochloride-10.0,sertraline hydrochloride,PC3,6H,10.0,13,14,0,0,1.0,1.0,0.0,0.0,-0.0,-0.0,0.0,1.0,False,1.0,-0.9543441206638258,1.0,chem
CPC004 PC3 6H-BRD-K87343924 (wortmannin)-10.0,brd-k87343924 (wortmannin),PC3,6H,10.0,84,56,0,3,1.0,0.2799624355993186,0.0,1.6656008526512123,0.5529002368947883,1.0871726619553905,-0.5342724250606022,0.6363825685150029,True,1.0,0.10609280409854478,0.36254581806064645,chem
"CPC004 PC3 6H-methyl 2,5-dihydroxycinnamate-10.0","methyl 2,5-dihydroxycinnamate",PC3,6H,10.0,17,9,0,0,1.0,1.0,0.0,0.0,-0.0,0.7422119064117775,-0.7422119064117775,1.0,False,1.0,-0.9543441206638258,1.0,chem
CPC004 PC3 6H-amodiaquin dihydrochloride dihydrate-10.0,amodiaquin dihydrochloride dihydrate,PC3,6H,10.0,18,8,0,0,1.0,1.0,0.0,0.0,-0.0,-0.0,0.0,1.0,False,1.0,-0.9543441206638258,1.0,chem
CPC004 PC3 6H-riboflavine-10.0,riboflavine,PC3,6H,10.0,13,10,0,0,1.0,1.0,0.0,0.0,-0.0,-0.0,0.0,1.0,False,1.0,-0.9543441206638258,1.0,chem
CPC004 PC3 6H-gw 7647-10.0,gw 7647,PC3,6H,10.0,18,17,0,0,1.0,1.0,0.0,0.0,-0.0,-0.0,0.0,1.0,False,1.0,-0.9543441206638258,1.0,chem
CPC004 PC3 6H-pifithrin- ?-10.0,pifithrin- ?,PC3,6H,10.0,62,22,0,0,1.0,1.0,0.0,0.0,-0.0,1.3424337476388228,-1.3424337476388228,1.0,False,1.0,-0.9543441206638258,1.0,chem
CPC004 PC3 6H-amsacrine-10.0,amsacrine,PC3,6H,10.0,48,41,1,2,0.40800468005173895,0.2839095009713827,1.960493827160494,1.9521739130434783,0.9361549289284469,-0.0,0.9361549289284469,0.36553062437429135,True,1.0,0.84115746839215,0.17260913028990338,chem
CPC004 VCAP 24H-alprenolol hydrochloride-10.0,alprenolol hydrochloride,VCAP,24H,10.0,7,10,0,0,1.0,1.0,0.0,0.0,-0.0,-0.0,0.0,1.0,False,1.0,-0.9543441206638258,1.0,chem
CPC004 VCAP 24H-chlormadinone acetate-10.0,chlormadinone acetate,VCAP,24H,10.0,16,26,0,0,1.0,1.0,0.0,0.0,-0.0,1.0912413085767776,-1.0912413085767776,1.0,False,1.0,-0.9543441206638258,1.0,chem
CPC004 VCAP 24H-betamethasone-10.0,betamethasone,VCAP,24H,10.0,20,10,0,0,1.0,1.0,0.0,0.0,-0.0,-0.0,0.0,1.0,False,1.0,-0.9543441206638258,1.0,chem
CPC004 VCAP 24H-norgestimate-10.0,norgestimate,VCAP,24H,10.0,39,49,1,0,0.4657772989980638,1.0,1.631687242798354,0.0,0.3318216818814629,1.443161911445174,-1.111340229563711,0.8216533535553789,True,1.0,-0.31792557637078944,0.5311562812395868,chem
CPC004 VCAP 24H-terfenadine-10.0,terfenadine,VCAP,24H,10.0,32,34,1,0,0.3524192105517165,1.0,2.3789749345304902,0.0,0.4529404260000321,0.2753470641431871,0.177593361856845,0.7199691427045483,True,1.0,-0.08562546149741368,0.4351882705764745,chem
CPC004 VCAP 24H-sb 218078-10.0,sb 218078,VCAP,24H,10.0,38,71,0,1,1.0,0.5705325120706206,0.0,1.2066321640789726,0.24371960205988408,-0.0,0.24371960205988408,0.8907068697891558,True,1.0,-0.48690126557625846,0.6077974008663779,chem
CPC004 VCAP 24H-mrs 1334-10.0,mrs 1334,VCAP,24H,10.0,3,11,0,0,1.0,1.0,0.0,0.0,-0.0,-0.0,0.0,1.0,False,1.0,-0.9543441206638258,1.0,chem
CPC004 VCAP 24H-wortmannin-10.0,wortmannin,VCAP,24H,10.0,14,88,2,0,0.3068335587766116,1.0,1.833139534883721,0.0,0.5130971427854331,0.23700831763891578,0.2760888251465173,0.6693420153174839,True,1.0,0.02975232186181208,0.3902032655781406,chem
CPC004 VCAP 24H-badge-10.0,badge,VCAP,24H,10.0,5,8,0,0,1.0,1.0,0.0,0.0,-0.0,-0.0,0.0,1.0,False,1.0,-0.9543441206638258,1.0,chem
CPC004 VCAP 24H-estradiol-10.0,estradiol,VCAP,24H,10.0,41,73,0,1,1.0,0.5983406945291184,0.0,1.1156028368794326,0.2230514587851949,1.666156961132993,-1.443105502347798,0.9056454619772062,True,1.0,-0.5265418025705121,0.6214595134955015,chem
CPC004 VCAP 24H-trichostatin a-10.0,trichostatin a,VCAP,24H,10.0,103,65,0,3,1.0,0.39438197285374427,0.0,1.3450359712230215,0.404082944818742,1.1928975709042269,-0.7888146260854849,0.7613289077440375,True,1.0,-0.1793318367858396,0.47317560813062315,chem
CPC004 VCAP 24H-trimipramine maleate salt-10.0,trimipramine maleate salt,VCAP,24H,10.0,19,20,1,1,0.22532848983783352,0.3442500519831315,4.14100064977258,2.487785657998424,1.110309879443311,-0.0,1.110309879443311,0.2758818096173241,True,1.0,1.175178559056411,0.12095968010663112,chem
CPC004 VCAP 24H-geldanamycin-10.0,geldanamycin,VCAP,24H,10.0,51,95,1,2,0.7047388892260853,0.3083955807540339,0.8271604938271605,1.8317784256559766,0.662863616331387,0.7798733395231542,-0.11700972319176717,0.5490618706779875,True,1.0,0.3169974486346514,0.28923692102632453,chem
CPC004 VCAP 24H-amlodipine besylate-10.0,amlodipine besylate,VCAP,24H,10.0,35,21,0,0,1.0,1.0,0.0,0.0,-0.0,0.4285405625261831,-0.4285405625261831,1.0,False,1.0,-0.9543441206638258,1.0,chem
CPC004 VCAP 24H-clobetasol propionate-10.0,clobetasol propionate,VCAP,24H,10.0,11,4,0,0,1.0,1.0,0.0,0.0,-0.0,-0.0,0.0,1.0,False,1.0,-0.9543441206638258,1.0,chem
CPC004 VCAP 24H-altrenogest-10.0,altrenogest,VCAP,24H,10.0,77,126,1,0,0.8024820845291489,1.0,0.6189629629629629,0.0,0.09556465447073118,0.845618356308131,-0.7500537018373998,0.9790648557190998,False,1.0,-0.7710555605574484,0.7240919693435521,chem
CPC004 VCAP 24H-prednisolone-10.0,prednisolone,VCAP,24H,10.0,10,6,0,0,1.0,1.0,0.0,0.0,-0.0,-0.0,0.0,1.0,False,1.0,-0.9543441206638258,1.0,chem
CPC004 VCAP 24H-paclitaxel-10.0,paclitaxel,VCAP,24H,10.0,30,10,0,1,1.0,0.4866779630748387,0.0,1.5414526779163609,0.31275831829660106,0.4970634569006517,-0.18430513860405062,0.8371603837039141,True,1.0,-0.3544882205995071,0.5474841719426857,chem
CPC004 VCAP 24H-carbinoxamine maleate-10.0,carbinoxamine maleate,VCAP,24H,10.0,7,18,0,0,1.0,1.0,0.0,0.0,-0.0,2.179057131482856,-2.179057131482856,1.0,False,1.0,-0.9543441206638258,1.0,chem
CPC004 VCAP 24H-oxfendazole-10.0,oxfendazole,VCAP,24H,10.0,60,17,0,2,1.0,0.3805671096433224,0.0,1.5453201970443349,0.419568748150007,0.7546897257470556,-0.3351209775970486,0.7482302332463664,True,1.0,-0.14963078663923532,0.46217927357547484,chem
CPC004 VCAP 24H-teniposide-10.0,teniposide,VCAP,24H,10.0,115,109,0,1,1.0,0.9237282240319958,0.0,0.38683588403633196,0.03445578653401987,0.7490266949270812,-0.7145709083930614,0.9970144015657597,False,1.0,-0.8882595255158632,0.7550816394535155,chem
CPC004 VCAP 24H-pregnenolone succinate-10.0,pregnenolone succinate,VCAP,24H,10.0,10,5,0,0,1.0,1.0,0.0,0.0,-0.0,0.9216944484842399,-0.9216944484842399,1.0,False,1.0,-0.9543441206638258,1.0,chem
CPC004 VCAP 24H-estradiol benzoate-10.0,estradiol benzoate,VCAP,24H,10.0,57,109,3,1,0.15957946701648726,0.7190863678527015,2.251970384523525,0.7948328267477204,0.9402419341187165,0.44340444798257794,0.49683748613613854,0.36318675741710965,True,1.0,0.8489961541554228,0.17194268577140953,chem
CPC004 VCAP 24H-mitomycin c-10.0,mitomycin c,VCAP,24H,10.0,116,133,0,0,1.0,1.0,0.0,0.0,-0.0,1.2293563508115872,-1.2293563508115872,1.0,False,1.0,-0.9543441206638258,1.0,chem
CPC004 VCAP 24H-donepezil hydrochloride-10.0,donepezil hydrochloride,VCAP,24H,10.0,19,16,0,0,1.0,1.0,0.0,0.0,-0.0,0.6668330203168664,-0.6668330203168664,1.0,False,1.0,-0.9543441206638258,1.0,chem
CPC004 VCAP 24H-fipronil-10.0,fipronil,VCAP,24H,10.0,13,8,0,1,1.0,0.2506766783838304,0.0,3.735224586288416,0.6008860685960127,-0.0,0.6008860685960127,0.5975107507456399,True,1.0,0.19812739624702705,0.3312229256914362,chem
CPC004 VCAP 24H-testosterone-10.0,testosterone,VCAP,24H,10.0,40,105,2,0,0.3853998495876252,1.0,1.5264563106796116,0.0,0.4140884591753171,1.4332186050705098,-1.0191301458951927,0.7528685523506748,True,1.0,-0.16014172586358427,0.465511496167944,chem
CPC004 VCAP 24H-colforsin-10.0,colforsin,VCAP,24H,10.0,12,24,0,1,1.0,0.23384061641080872,0.0,4.075435203094777,0.6310800528359605,1.0160756974218452,-0.38499564458588476,0.5736380458255381,True,1.0,0.25603805292093007,0.3092302565811396,chem
CPC004 VCAP 24H-primaquine diphosphate-10.0,primaquine diphosphate,VCAP,24H,10.0,9,3,0,0,1.0,1.0,0.0,0.0,-0.0,-0.0,0.0,1.0,False,1.0,-0.9543441206638258,1.0,chem
CPC004 VCAP 24H-selamectin-10.0,selamectin,VCAP,24H,10.0,76,87,1,3,0.6725645987653445,0.23253902429906387,0.905254091300603,1.8504976840445453,0.8057701501293981,0.6687530279823571,0.13701712214704098,0.446570324247221,True,1.0,0.5910855302030628,0.22092635788070644,chem
CPC004 VCAP 24H-cycloheximide-10.0,cycloheximide,VCAP,24H,10.0,126,115,1,2,0.7721446248622859,0.7690554541500532,0.6798787091184753,0.7152073732718894,0.22634369093759696,1.0630027775663071,-0.8366590866287101,0.9033075957361371,False,1.0,-0.5202274545085463,0.6177940686437854,chem
"CPC004 VCAP 24H-betamethasone 17,21-dipropionate-10.0","betamethasone 17,21-dipropionate",VCAP,24H,10.0,10,13,0,0,1.0,1.0,0.0,0.0,-0.0,-0.0,0.0,1.0,False,1.0,-0.9543441206638258,1.0,chem
CPC004 VCAP 24H-brompheniramine maleate-10.0,brompheniramine maleate,VCAP,24H,10.0,8,10,0,0,1.0,1.0,0.0,0.0,-0.0,-0.0,0.0,1.0,False,1.0,-0.9543441206638258,1.0,chem
CPC004 VCAP 24H-diltiazem hydrochloride-10.0,diltiazem hydrochloride,VCAP,24H,10.0,7,11,1,0,0.1309247131426979,1.0,7.879012345679012,0.0,0.8829783689688089,0.6642834066948583,0.21869496227395058,0.3971120456683773,True,1.0,0.7391673009982248,0.1919360213262246,chem
CPC004 VCAP 24H-cyclosporine-10.0,cyclosporine,VCAP,24H,10.0,43,13,0,2,1.0,0.24299369171813912,0.0,2.19198606271777,0.6144050008361067,0.9745439431258761,-0.3601389422897694,0.5867616776915617,True,1.0,0.22405607917049664,0.31922692435854716,chem
CPC004 VCAP 24H-skf 96365 hydrochloride-10.0,skf 96365 hydrochloride,VCAP,24H,10.0,42,5,0,1,1.0,0.6072067945410671,0.0,1.0882200311364816,0.216663377403777,0.38137597042152427,-0.16471259301774727,0.9101336802598143,True,1.0,-0.5387938453862066,0.6254581806064645,chem
CPC004 VCAP 24H-exemestane-10.0,exemestane,VCAP,24H,10.0,53,79,0,1,1.0,0.6927932572907209,0.0,0.8565193671576651,0.15939634780318535,1.0232980746310203,-0.863901726827835,0.9470647702762663,False,1.0,-0.6486293431985959,0.6731089636787737,chem
CPC004 VCAP 24H-liothyronine-10.0,liothyronine,VCAP,24H,10.0,8,4,0,0,1.0,1.0,0.0,0.0,-0.0,-0.0,0.0,1.0,False,1.0,-0.9543441206638258,1.0,chem
CPC004 VCAP 24H-BRD-A75409952 (wortmannin)-10.0,brd-a75409952 (wortmannin),VCAP,24H,10.0,7,86,2,1,0.297433088726244,0.14385787876763215,1.8773809523809524,7.4775413711583925,1.3686770666994503,0.06884464880481618,1.299832417894634,0.1776345726419723,True,1.0,1.670714800914705,0.07464178607130956,chem
CPC004 VCAP 24H-sirolimus-10.0,sirolimus,VCAP,24H,10.0,15,26,1,1,0.28256026853690286,0.2832545123134497,3.1441975308641976,3.2006079027355625,1.096712068354192,-0.0,1.096712068354192,0.2821503992425247,True,1.0,1.149098590171194,0.1242919026991003,chem
CPC004 VCAP 24H-bendroflumethiazide-10.0,bendroflumethiazide,VCAP,24H,10.0,20,10,0,1,1.0,0.35867553496041954,0.0,2.356476297125793,0.44529824527564915,0.6471838939524771,-0.20188564867682796,0.7264388683586092,True,1.0,-0.10028280849251912,0.4428523825391536,chem
CPC004 VCAP 24H-brazilin-10.0,brazilin,VCAP,24H,10.0,55,36,0,1,1.0,0.7062317609264366,0.0,0.8245337536117678,0.1510527550752136,0.2588956525938111,-0.10784289751859749,0.9518675165134086,False,1.0,-0.6646319657758832,0.6794401866044651,chem
CPC004 VCAP 24H-estradiol cypionate-10.0,estradiol cypionate,VCAP,24H,10.0,21,35,0,0,1.0,1.0,0.0,0.0,-0.0,2.020524789712673,-2.020524789712673,1.0,False,1.0,-0.9543441206638258,1.0,chem
CPC004 VCAP 24H-danazol-10.0,danazol,VCAP,24H,10.0,53,115,1,2,0.7721446248622859,0.3246343487509062,0.6798787091184753,1.7593837535014005,0.6009068779284839,1.2749982616940396,-0.6740913837655558,0.5974941322117068,True,1.0,0.19816730757832982,0.3288903698767078,chem
CPC004 VCAP 24H-lupanine perchlorate-10.0,lupanine perchlorate,VCAP,24H,10.0,10,20,0,1,1.0,0.1990335100833351,0.0,4.982663514578408,0.701073797866221,1.1538740520062138,-0.4528002541399928,0.5203297379452708,True,1.0,0.39028279868076066,0.27090969676774407,chem
CPC004 VCAP 24H-l 755507-10.0,l 755507,VCAP,24H,10.0,11,2,0,0,1.0,1.0,0.0,0.0,-0.0,1.3626103748969798,-1.3626103748969798,1.0,False,1.0,-0.9543441206638258,1.0,chem
CPC004 VCAP 24H-fenoterol hydrobromide-10.0,fenoterol hydrobromide,VCAP,24H,10.0,14,18,0,1,1.0,0.26714532281495496,0.0,3.447354064375341,0.5732524250499975,0.4821413797906146,0.0911110452593829,0.619767127893641,True,1.0,0.14512735387682985,0.3505498167277574,chem
CPC004 VCAP 24H-pindolol-10.0,pindolol,VCAP,24H,10.0,11,19,0,0,1.0,1.0,0.0,0.0,-0.0,0.463125985490834,-0.463125985490834,1.0,False,1.0,-0.9543441206638258,1.0,chem
CPC004 VCAP 24H-ru 24969-10.0,ru 24969,VCAP,24H,10.0,14,13,0,1,1.0,0.26714532281495496,0.0,3.447354064375341,0.5732524250499975,-0.0,0.5732524250499975,0.619767127893641,True,1.0,0.14512735387682985,0.3505498167277574,chem
CPC004 VCAP 24H-amoxapine-10.0,amoxapine,VCAP,24H,10.0,26,11,0,0,1.0,1.0,0.0,0.0,-0.0,-0.0,0.0,1.0,False,1.0,-0.9543441206638258,1.0,chem
CPC004 VCAP 24H-nsc 663284-10.0,nsc 663284,VCAP,24H,10.0,73,52,0,2,1.0,0.4786741886222464,0.0,1.259758551307847,0.31995999019332333,1.8718871600966103,-1.551927169903287,0.831330266650633,True,1.0,-0.3406757490364663,0.5398200599800067,chem
CPC004 VCAP 24H-penitrem a-10.0,penitrem a,VCAP,24H,10.0,7,3,0,0,1.0,1.0,0.0,0.0,-0.0,-0.0,0.0,1.0,False,1.0,-0.9543441206638258,1.0,chem
CPC004 VCAP 24H-promazine hydrochloride-10.0,promazine hydrochloride,VCAP,24H,10.0,19,11,0,1,1.0,0.3442500519831315,0.0,2.487785657998424,0.463125985490834,-0.0,0.463125985490834,0.7113538288519228,True,1.0,-0.0660900323862384,0.42919026991003,chem
CPC004 VCAP 24H-diclofenac sodium-10.0,diclofenac sodium,VCAP,24H,10.0,7,16,0,0,1.0,1.0,0.0,0.0,-0.0,0.5243113267647002,-0.5243113267647002,1.0,False,1.0,-0.9543441206638258,1.0,chem
CPC004 VCAP 24H-nu7026-10.0,nu7026,VCAP,24H,10.0,12,9,0,0,1.0,1.0,0.0,0.0,-0.0,-0.0,0.0,1.0,False,1.0,-0.9543441206638258,1.0,chem
CPC004 VCAP 24H-forskolin-10.0,forskolin,VCAP,24H,10.0,12,14,0,0,1.0,1.0,0.0,0.0,-0.0,0.5732524250499975,-0.5732524250499975,1.0,False,1.0,-0.9543441206638258,1.0,chem
CPC004 VCAP 24H-thiotepa-10.0,thiotepa,VCAP,24H,10.0,5,9,0,0,1.0,1.0,0.0,0.0,-0.0,-0.0,0.0,1.0,False,1.0,-0.9543441206638258,1.0,chem
CPC004 VCAP 24H-perphenazine-10.0,perphenazine,VCAP,24H,10.0,37,19,0,1,1.0,0.5608447625414748,0.0,1.2403467297084318,0.25115733143770075,0.463125985490834,-0.21196865405313325,0.8851875294433746,True,1.0,-0.47263604674957976,0.6011329556814395,chem
CPC004 VCAP 24H-nocodazole-10.0,nocodazole,VCAP,24H,10.0,17,19,0,0,1.0,1.0,0.0,0.0,-0.0,-0.0,0.0,1.0,False,1.0,-0.9543441206638258,1.0,chem
CPC004 VCAP 24H-benzopurpurin (b)-10.0,benzopurpurin (b),VCAP,24H,10.0,8,13,0,0,1.0,1.0,0.0,0.0,-0.0,0.6008860685960127,-0.6008860685960127,1.0,False,1.0,-0.9543441206638258,1.0,chem
CPC004 VCAP 24H-cinchonine-10.0,cinchonine,VCAP,24H,10.0,2,11,0,0,1.0,1.0,0.0,0.0,-0.0,0.6642834066948583,-0.6642834066948583,1.0,False,1.0,-0.9543441206638258,1.0,chem
CPC004 VCAP 24H-erythrosine sodium-10.0,erythrosine sodium,VCAP,24H,10.0,75,69,0,1,1.0,0.8123241056819546,0.0,0.5997699827487062,0.09027065890486403,0.1049698316977878,-0.014699172792923765,0.9811704422572142,False,1.0,-0.7812091976929704,0.7254248583805398,chem
"CPC004 VCAP 24H-r(-)-2,10,11-trihydroxy-n-propyl-noraporphine-10.0","r(-)-2,10,11-trihydroxy-n-propyl-noraporphine",VCAP,24H,10.0,9,13,0,0,1.0,1.0,0.0,0.0,-0.0,-0.0,0.0,1.0,False,1.0,-0.9543441206638258,1.0,chem
CPC004 VCAP 24H-chloroxine-10.0,chloroxine,VCAP,24H,10.0,16,11,0,0,1.0,1.0,0.0,0.0,-0.0,1.3978353264406111,-1.3978353264406111,1.0,False,1.0,-0.9543441206638258,1.0,chem
CPC004 VCAP 24H-amiodarone hydrochloride-10.0,amiodarone hydrochloride,VCAP,24H,10.0,10,15,0,1,1.0,0.1990335100833351,0.0,4.982663514578408,0.701073797866221,0.5478231629924638,0.15325063487375723,0.5203297379452708,True,1.0,0.39028279868076066,0.27090969676774407,chem
CPC004 VCAP 24H-indirubin-3?-monoxime-10.0,indirubin-3?-monoxime,VCAP,24H,10.0,14,7,0,0,1.0,1.0,0.0,0.0,-0.0,-0.0,0.0,1.0,False,1.0,-0.9543441206638258,1.0,chem
CPC004 VCAP 24H-phenolphthalein-10.0,phenolphthalein,VCAP,24H,10.0,30,34,0,1,1.0,0.4866779630748387,0.0,1.5414526779163609,0.31275831829660106,1.4240016196907932,-1.1112433013941923,0.8371603837039141,True,1.0,-0.3544882205995071,0.5474841719426857,chem
CPC004 VCAP 24H-rs 39604 hydrochloride-10.0,rs 39604 hydrochloride,VCAP,24H,10.0,10,13,0,0,1.0,1.0,0.0,0.0,-0.0,-0.0,0.0,1.0,False,1.0,-0.9543441206638258,1.0,chem
CPC004 VCAP 24H-simvastatin-10.0,simvastatin,VCAP,24H,10.0,9,4,0,0,1.0,1.0,0.0,0.0,-0.0,-0.0,0.0,1.0,False,1.0,-0.9543441206638258,1.0,chem
CPC004 VCAP 24H-dioxybenzone-10.0,dioxybenzone,VCAP,24H,10.0,3,7,0,0,1.0,1.0,0.0,0.0,-0.0,-0.0,0.0,1.0,False,1.0,-0.9543441206638258,1.0,chem
CPC004 VCAP 24H-piplartine-10.0,piplartine,VCAP,24H,10.0,197,83,1,7,0.655202511366462,0.14129237883930257,0.9500150557061127,1.6761793372319689,1.0335057095124343,0.41350565161425,0.6200000578981842,0.31287936331300376,True,1.0,1.0278717352651165,0.14128623792069311,chem
CPC004 VCAP 24H-epitestosterone-10.0,epitestosterone,VCAP,24H,10.0,8,41,3,0,0.014773087771721328,1.0,6.349766822118587,0.0,1.8305287218805664,1.6578129099676597,0.17271581191290664,0.07704088670503308,True,1.0,2.556524782960112,0.026657780739753417,chem
CPC004 VCAP 24H-chlorambucil-10.0,chlorambucil,VCAP,24H,10.0,4,17,0,0,1.0,1.0,0.0,0.0,-0.0,-0.0,0.0,1.0,False,1.0,-0.9543441206638258,1.0,chem
CPC004 VCAP 24H-sb 216641 hydrochloride-10.0,sb 216641 hydrochloride,VCAP,24H,10.0,21,17,0,1,1.0,0.3727858656135989,0.0,2.2382978723404254,0.4285405625261831,0.502482206893496,-0.07394164436731288,0.7406327326789057,True,1.0,-0.13242326417542877,0.45684771742752417,chem
CPC004 VCAP 24H-mycophenolic acid-10.0,mycophenolic acid,VCAP,24H,10.0,36,64,0,0,1.0,1.0,0.0,0.0,-0.0,-0.0,0.0,1.0,False,1.0,-0.9543441206638258,1.0,chem
CPC004 VCAP 24H-niclosamide-10.0,niclosamide,VCAP,24H,10.0,157,105,1,3,0.7405956674860377,0.6749666324890138,0.7464387464387464,0.8658320097169018,0.3011365292496333,0.1050441674561992,0.1960923617934341,0.8464885702466789,False,1.0,-0.37677827116345475,0.5561479506831056,chem
CPC004 VCAP 24H-BRD-K36055864 (cycloheximide)-10.0,brd-k36055864 (cycloheximide),VCAP,24H,10.0,89,113,1,1,0.7661539734420094,0.8629671286518186,0.6922398589065256,0.503223726627982,0.179689688444524,0.850331590139249,-0.6706419016947249,0.934723528288381,False,1.0,-0.6097076602134042,0.655781406197934,chem
CPC004 VCAP 24H-ag 957-10.0,ag 957,VCAP,24H,10.0,48,56,0,0,1.0,1.0,0.0,0.0,-0.0,0.7957270656190876,-0.7957270656190876,1.0,False,1.0,-0.9543441206638258,1.0,chem
CPC004 VCAP 24H-rhamnetin-10.0,rhamnetin,VCAP,24H,10.0,8,7,0,0,1.0,1.0,0.0,0.0,-0.0,-0.0,0.0,1.0,False,1.0,-0.9543441206638258,1.0,chem
CPC004 VCAP 24H-paroxetine hydrochloride-10.0,paroxetine hydrochloride,VCAP,24H,10.0,29,23,0,0,1.0,1.0,0.0,0.0,-0.0,-0.0,0.0,1.0,False,1.0,-0.9543441206638258,1.0,chem
CPC004 VCAP 24H-bithionate sodium-10.0,bithionate sodium,VCAP,24H,10.0,60,6,0,2,1.0,0.3805671096433224,0.0,1.5453201970443349,0.419568748150007,0.2706566302278198,0.14891211792218717,0.7482302332463664,True,1.0,-0.14963078663923532,0.46217927357547484,chem
CPC004 VCAP 24H-rottlerin-10.0,rottlerin,VCAP,24H,10.0,25,5,0,1,1.0,0.42621022100959977,0.0,1.864066193853428,0.3703761396174927,-0.0,0.3703761396174927,0.789691920411482,True,1.0,-0.24397992059192203,0.4971676107964012,chem
CPC004 VCAP 24H-l 161982-10.0,l 161982,VCAP,24H,10.0,12,7,0,0,1.0,1.0,0.0,0.0,-0.0,0.8478609369911335,-0.8478609369911335,1.0,False,1.0,-0.9543441206638258,1.0,chem
CPC004 VCAP 24H-erythromycin estolate-10.0,erythromycin estolate,VCAP,24H,10.0,29,3,0,0,1.0,1.0,0.0,0.0,-0.0,-0.0,0.0,1.0,False,1.0,-0.9543441206638258,1.0,chem
CPC004 VCAP 24H-loxapine succinate-10.0,loxapine succinate,VCAP,24H,10.0,5,12,0,0,1.0,1.0,0.0,0.0,-0.0,-0.0,0.0,1.0,False,1.0,-0.9543441206638258,1.0,chem
CPC004 VCAP 24H-bisacodyl-10.0,bisacodyl,VCAP,24H,10.0,99,78,1,3,0.6322164470171077,0.37043599849059783,1.0125060125060126,1.401978417266187,0.6304210260069203,0.4320443991969136,0.19837662681000667,0.5741537985703984,True,1.0,0.25477407013110853,0.30989670109963346,chem
CPC004 VCAP 24H-triclosan-10.0,triclosan,VCAP,24H,10.0,11,19,0,1,1.0,0.21662899918732118,0.0,4.483687943262411,0.6642834066948583,-0.0,0.6642834066948583,0.5479780159614023,True,1.0,0.31972054048084503,0.2882372542485838,chem
CPC004 VCAP 24H-xe 991 dihydrochloride-10.0,xe 991 dihydrochloride,VCAP,24H,10.0,6,13,0,0,1.0,1.0,0.0,0.0,-0.0,-0.0,0.0,1.0,False,1.0,-0.9543441206638258,1.0,chem
CPC004 VCAP 24H-amg 9810-10.0,amg 9810,VCAP,24H,10.0,17,13,0,0,1.0,1.0,0.0,0.0,-0.0,-0.0,0.0,1.0,False,1.0,-0.9543441206638258,1.0,chem
CPC004 VCAP 24H-ro 04-6790-10.0,ro 04-6790,VCAP,24H,10.0,13,6,0,0,1.0,1.0,0.0,0.0,-0.0,-0.0,0.0,1.0,False,1.0,-0.9543441206638258,1.0,chem
CPC004 VCAP 24H-diethylstilbestrol-10.0,diethylstilbestrol,VCAP,24H,10.0,13,10,0,1,1.0,0.2506766783838304,0.0,3.735224586288416,0.6008860685960127,-0.0,0.6008860685960127,0.5975107507456399,True,1.0,0.19812739624702705,0.3312229256914362,chem
CPC004 VCAP 24H-proadifen hydrochloride-10.0,proadifen hydrochloride,VCAP,24H,10.0,9,11,0,0,1.0,1.0,0.0,0.0,-0.0,-0.0,0.0,1.0,False,1.0,-0.9543441206638258,1.0,chem
CPC004 VCAP 24H-emd 386088 hydrochloride-10.0,emd 386088 hydrochloride,VCAP,24H,10.0,10,7,0,1,1.0,0.1990335100833351,0.0,4.982663514578408,0.701073797866221,-0.0,0.701073797866221,0.5203297379452708,True,1.0,0.39028279868076066,0.27090969676774407,chem
CPC004 VCAP 24H-ch 55-10.0,ch 55,VCAP,24H,10.0,49,13,0,1,1.0,0.6640580783349529,0.0,0.9284869976359338,0.1777939356962094,-0.0,0.1777939356962094,0.9359139369694509,False,1.0,-0.6133436257644824,0.6584471842719094,chem
CPC004 VCAP 24H-toremifene-10.0,toremifene,VCAP,24H,10.0,8,8,0,0,1.0,1.0,0.0,0.0,-0.0,0.7887279586179001,-0.7887279586179001,1.0,False,1.0,-0.9543441206638258,1.0,chem
CPC004 VCAP 24H-gm6001-10.0,gm6001,VCAP,24H,10.0,9,21,0,0,1.0,1.0,0.0,0.0,-0.0,-0.0,0.0,1.0,False,1.0,-0.9543441206638258,1.0,chem
CPC004 VCAP 24H-oxibendazole-10.0,oxibendazole,VCAP,24H,10.0,72,17,0,3,1.0,0.20942593416589572,0.0,1.9590240850797622,0.6789695386660867,1.2030506073441705,-0.5240810686780838,0.5368393272216452,True,1.0,0.34788785817216894,0.27990669776741084,chem
CPC004 VCAP 24H-dorsomorphin dihydrochloride-10.0,dorsomorphin dihydrochloride,VCAP,24H,10.0,71,149,2,0,0.5671622207101092,1.0,1.0620748299319729,0.0,0.24629270568742445,1.1877406233089227,-0.9414479176214983,0.8888055381435078,True,1.0,-0.4819661725598251,0.6054648450516494,chem
CPC004 VCAP 24H-penicillin g potassium-10.0,penicillin g potassium,VCAP,24H,10.0,15,7,0,0,1.0,1.0,0.0,0.0,-0.0,-0.0,0.0,1.0,False,1.0,-0.9543441206638258,1.0,chem
CPC004 VCAP 24H-spiperone-10.0,spiperone,VCAP,24H,10.0,22,6,0,0,1.0,1.0,0.0,0.0,-0.0,-0.0,0.0,1.0,False,1.0,-0.9543441206638258,1.0,chem
CPC004 VCAP 24H-chlorprothixene hydrochloride-10.0,chlorprothixene hydrochloride,VCAP,24H,10.0,23,11,0,0,1.0,1.0,0.0,0.0,-0.0,0.6642834066948583,-0.6642834066948583,1.0,False,1.0,-0.9543441206638258,1.0,chem
CPC004 VCAP 24H-dephostatin-10.0,dephostatin,VCAP,24H,10.0,24,26,0,0,1.0,1.0,0.0,0.0,-0.0,-0.0,0.0,1.0,False,1.0,-0.9543441206638258,1.0,chem
CPC004 VCAP 24H-norpramin-10.0,norpramin,VCAP,24H,10.0,30,4,0,0,1.0,1.0,0.0,0.0,-0.0,-0.0,0.0,1.0,False,1.0,-0.9543441206638258,1.0,chem
CPC004 VCAP 24H-triflupromazine hydrochloride-10.0,triflupromazine hydrochloride,VCAP,24H,10.0,17,6,0,1,1.0,0.31442552382028793,0.0,2.799645390070922,0.502482206893496,-0.0,0.502482206893496,0.6782183825747264,True,1.0,0.009393368794592719,0.40019993335554815,chem
CPC004 VCAP 24H-fluvastatin-10.0,fluvastatin,VCAP,24H,10.0,13,12,0,0,1.0,1.0,0.0,0.0,-0.0,-0.0,0.0,1.0,False,1.0,-0.9543441206638258,1.0,chem
CPC004 VCAP 24H-sib 1893-10.0,sib 1893,VCAP,24H,10.0,62,94,0,2,1.0,0.3962092340634282,0.0,1.4933333333333334,0.4020754070002483,0.2612162971017878,0.1408591098984605,0.7630248296592255,True,1.0,-0.18318220089952464,0.47517494168610463,chem
CPC004 VCAP 24H-quetiapine-10.0,quetiapine,VCAP,24H,10.0,16,6,0,0,1.0,1.0,0.0,0.0,-0.0,-0.0,0.0,1.0,False,1.0,-0.9543441206638258,1.0,chem
CPC004 VCAP 24H-tacrolimus-10.0,tacrolimus,VCAP,24H,10.0,8,9,0,1,1.0,0.1626567315919705,0.0,6.408308004052685,0.7887279586179001,-0.0,0.7887279586179001,0.4580597754017103,True,1.0,0.5583993999543914,0.22592469176941019,chem
CPC004 VCAP 24H-benzoxiquine-10.0,benzoxiquine,VCAP,24H,10.0,121,57,3,2,0.03512513226695211,0.749177934867542,4.457102672292546,0.7458583433373349,1.5797970538564146,1.1521237504924606,0.4276733033639539,0.12203877487236507,True,1.0,2.075633111664506,0.04598467177607464,chem
CPC004 VCAP 24H-bibx 1382 dihydrochloride-10.0,bibx 1382 dihydrochloride,VCAP,24H,10.0,26,14,0,0,1.0,1.0,0.0,0.0,-0.0,-0.0,0.0,1.0,False,1.0,-0.9543441206638258,1.0,chem
CPC004 VCAP 24H-psb 06126-10.0,psb 06126,VCAP,24H,10.0,10,12,0,1,1.0,0.1990335100833351,0.0,4.982663514578408,0.701073797866221,0.6310800528359605,0.06999374503026057,0.5203297379452708,True,1.0,0.39028279868076066,0.27090969676774407,chem
CPC004 VCAP 24H-carbamazepine-10.0,carbamazepine,VCAP,24H,10.0,7,9,0,0,1.0,1.0,0.0,0.0,-0.0,0.7422119064117775,-0.7422119064117775,1.0,False,1.0,-0.9543441206638258,1.0,chem
CPC004 VCAP 24H-arcyriaflavin a-10.0,arcyriaflavin a,VCAP,24H,10.0,4,14,0,0,1.0,1.0,0.0,0.0,-0.0,2.7401651501039987,-2.7401651501039987,1.0,False,1.0,-0.9543441206638258,1.0,chem
CPC004 VCAP 24H-pizotyline malate-10.0,pizotyline malate,VCAP,24H,10.0,12,6,0,1,1.0,0.23384061641080872,0.0,4.075435203094777,0.6310800528359605,-0.0,0.6310800528359605,0.5736380458255381,True,1.0,0.25603805292093007,0.3092302565811396,chem
CPC004 VCAP 24H-BRD-K77830450 (forskolin)-10.0,brd-k77830450 (forskolin),VCAP,24H,10.0,4,8,0,0,1.0,1.0,0.0,0.0,-0.0,0.7887279586179001,-0.7887279586179001,1.0,False,1.0,-0.9543441206638258,1.0,chem
CPC004 VCAP 24H-fluspirilen-10.0,fluspirilen,VCAP,24H,10.0,22,5,0,0,1.0,1.0,0.0,0.0,-0.0,-0.0,0.0,1.0,False,1.0,-0.9543441206638258,1.0,chem
CPC004 VCAP 24H-menadione-10.0,menadione,VCAP,24H,10.0,161,67,0,5,1.0,0.27828878124936546,0.0,1.44488115291035,0.5555043011747651,1.3879119734189107,-0.8324076722441456,0.6342468267562484,True,1.0,0.11108727820557551,0.3608797067644119,chem
CPC004 VCAP 24H-albendazole-10.0,albendazole,VCAP,24H,10.0,42,13,0,0,1.0,1.0,0.0,0.0,-0.0,0.38137597042152427,-0.38137597042152427,1.0,False,1.0,-0.9543441206638258,1.0,chem
CPC004 VCAP 24H-sildenafil citrate-10.0,sildenafil citrate,VCAP,24H,10.0,5,5,0,0,1.0,1.0,0.0,0.0,-0.0,0.9788360123353402,-0.9788360123353402,1.0,False,1.0,-0.9543441206638258,1.0,chem
CPC004 VCAP 24H-triciribine-10.0,triciribine,VCAP,24H,10.0,32,57,1,1,0.5179739744277554,0.50905354969512,1.3968253968253967,1.441546556851979,0.5789285906243988,0.4475762586065167,0.13135233201788216,0.6151657799491742,True,1.0,0.15601397530416986,0.34521826057980676,chem
CPC004 VCAP 24H-vorinostat-10.0,vorinostat,VCAP,24H,10.0,144,158,0,2,1.0,0.8297203820093362,0.0,0.6227364185110664,0.0810682413712867,1.1365752394018023,-1.0555069980305156,0.9846014016912614,False,1.0,-0.7988590062813921,0.7320893035654782,chem
CPC004 VCAP 24H-sertraline hydrochloride-10.0,sertraline hydrochloride,VCAP,24H,10.0,31,32,0,0,1.0,1.0,0.0,0.0,-0.0,-0.0,0.0,1.0,False,1.0,-0.9543441206638258,1.0,chem
CPC004 VCAP 24H-BRD-K87343924 (wortmannin)-10.0,brd-k87343924 (wortmannin),VCAP,24H,10.0,6,67,1,0,0.5761845096666045,1.0,1.1833146277590723,0.0,0.23943842161399886,0.3620163816928742,-0.12257796007887534,0.8938507829022412,True,1.0,-0.49511237044371975,0.611462845718094,chem
"CPC004 VCAP 24H-methyl 2,5-dihydroxycinnamate-10.0","methyl 2,5-dihydroxycinnamate",VCAP,24H,10.0,27,19,0,1,1.0,0.4512024049980868,0.0,1.7201309328968903,0.3456285941430332,0.463125985490834,-0.1174973913478008,0.8102869879520673,True,1.0,-0.2914445611674814,0.5174941686104632,chem
CPC004 VCAP 24H-chlorpromazine-10.0,chlorpromazine,VCAP,24H,10.0,9,4,0,1,1.0,0.18104564964237885,0.0,5.6063829787234045,0.7422119064117775,-0.0,0.7422119064117775,0.4904537641082757,True,1.0,0.46918377648029047,0.24925024991669442,chem
CPC004 VCAP 24H-pifithrin- ?-10.0,pifithrin- ?,VCAP,24H,10.0,42,18,0,1,1.0,0.6072067945410671,0.0,1.0882200311364816,0.216663377403777,0.4821413797906146,-0.2654780023868376,0.9101336802598143,True,1.0,-0.5387938453862066,0.6254581806064645,chem
CPC004 VCAP 24H-amsacrine-10.0,amsacrine,VCAP,24H,10.0,77,46,0,3,1.0,0.23839092491838962,0.0,1.825199300019444,0.6227102813683921,0.7867587667813566,-0.16404848541296446,0.5802061818865214,True,1.0,0.23998522073934256,0.3162279240253249,chem
CPC004 VCAP 24H-verteporfin-10.0,verteporfin,VCAP,24H,10.0,18,10,0,0,1.0,1.0,0.0,0.0,-0.0,0.701073797866221,-0.701073797866221,1.0,False,1.0,-0.9543441206638258,1.0,chem
CPC004 VCAP 6H-chlormadinone acetate-10.0,chlormadinone acetate,VCAP,6H,10.0,50,35,0,1,1.0,0.6714827869538534,0.0,0.9093935446519034,0.1729651157231477,0.26695242495467336,-0.09398730923152565,0.9389121529512973,False,1.0,-0.6226050777602773,0.6624458513828724,chem
CPC004 VCAP 6H-betamethasone-10.0,betamethasone,VCAP,6H,10.0,23,12,0,1,1.0,0.40008827198770297,0.0,2.0341715022566085,0.3978441791525614,0.6310800528359605,-0.2332358736833991,0.7665971658146649,True,1.0,-0.19129749900822096,0.47784071976007997,chem
CPC004 VCAP 6H-norgestimate-10.0,norgestimate,VCAP,6H,10.0,52,45,1,1,0.4376233415150166,0.6858468627899699,1.7811447811447811,0.8734529272701989,0.5226723656716,0.5861092039626837,-0.06343683829108371,0.661363488953391,True,1.0,0.048117153767741186,0.3838720426524492,chem
CPC004 VCAP 6H-terfenadine-10.0,terfenadine,VCAP,6H,10.0,73,23,2,2,0.033758567876389485,0.4786741886222464,7.58452380952381,1.259758551307847,1.7915759757164205,0.21629795878786012,1.5752780169285603,0.08282083379308275,True,1.0,2.48181522851075,0.02865711429523492,chem
CPC004 VCAP 6H-sb 218078-10.0,sb 218078,VCAP,6H,10.0,23,39,0,1,1.0,0.40008827198770297,0.0,2.0341715022566085,0.3978441791525614,-0.0,0.3978441791525614,0.7665971658146649,True,1.0,-0.19129749900822096,0.47784071976007997,chem
CPC004 VCAP 6H-wortmannin-10.0,wortmannin,VCAP,6H,10.0,37,14,0,1,1.0,0.5608447625414748,0.0,1.2403467297084318,0.25115733143770075,-0.0,0.25115733143770075,0.8851875294433746,True,1.0,-0.47263604674957976,0.6011329556814395,chem
CPC004 VCAP 6H-estradiol-10.0,estradiol,VCAP,6H,10.0,56,57,0,2,1.0,0.3488038208789939,0.0,1.6608465608465608,0.4574187663496356,0.4475762586065167,0.0098425077431189,0.7161799218722633,True,1.0,-0.07703621310959566,0.4335221592802399,chem
CPC004 VCAP 6H-trichostatin a-10.0,trichostatin a,VCAP,6H,10.0,188,128,1,3,0.8075523806626437,0.7869505613623472,0.609021094585399,0.7171300797200078,0.19688184871877817,1.578633494047581,-1.3817516453288028,0.9236013185698724,False,1.0,-0.5767338968566683,0.6447850716427858,chem
CPC004 VCAP 6H-trimipramine maleate salt-10.0,trimipramine maleate salt,VCAP,6H,10.0,43,9,0,0,1.0,1.0,0.0,0.0,-0.0,-0.0,0.0,1.0,False,1.0,-0.9543441206638258,1.0,chem
CPC004 VCAP 6H-geldanamycin-10.0,geldanamycin,VCAP,6H,10.0,80,26,0,1,1.0,0.8322496989743087,0.0,0.5613609839303348,0.0797463532560896,0.550433784884717,-0.47068743162862736,0.9850696892279829,False,1.0,-0.801394326171346,0.7337554148617128,chem
CPC004 VCAP 6H-amlodipine besylate-10.0,amlodipine besylate,VCAP,6H,10.0,72,21,0,2,1.0,0.4714545127331613,0.0,1.2779591836734694,0.3265602028671769,0.21995056234504395,0.10660964052213295,0.8259565562453897,True,1.0,-0.3280168482735593,0.5351549483505498,chem
CPC004 VCAP 6H-altrenogest-10.0,altrenogest,VCAP,6H,10.0,60,66,0,3,1.0,0.1440436551415642,0.0,2.3759939416887543,0.8415058668364971,0.7548207252900666,0.08668514154643048,0.4231482395493449,True,1.0,0.6596249718605393,0.20593135621459513,chem
CPC004 VCAP 6H-carbinoxamine maleate-10.0,carbinoxamine maleate,VCAP,6H,10.0,20,38,0,0,1.0,1.0,0.0,0.0,-0.0,0.24371960205988408,-0.24371960205988408,1.0,False,1.0,-0.9543441206638258,1.0,chem
CPC004 VCAP 6H-proscillaridin a-10.0,proscillaridin a,VCAP,6H,10.0,68,85,1,2,0.663994311241259,0.4419972308843989,0.9271017048794826,1.3562770562770563,0.5324160929260405,0.5436855636677141,-0.011269470741673615,0.6532750398905783,True,1.0,0.0668051692105495,0.3772075974675108,chem
CPC004 VCAP 6H-teniposide-10.0,teniposide,VCAP,6H,10.0,103,124,0,4,1.0,0.18949817899420668,0.0,1.8249158249158248,0.722394959081489,0.5428977384283245,0.17949722065316454,0.5047048762117695,True,1.0,0.43117579369639475,0.26124625124958345,chem
CPC004 VCAP 6H-estradiol benzoate-10.0,estradiol benzoate,VCAP,6H,10.0,81,80,0,1,1.0,0.8359751513899556,0.0,0.5542553191489362,0.07780663138228645,0.2777832703782703,-0.19997663899598384,0.9857454412722926,False,1.0,-0.8051146224589772,0.7354215261579473,chem
CPC004 VCAP 6H-ouabain-10.0,ouabain,VCAP,6H,10.0,76,61,0,2,1.0,0.49997088260222594,0.0,1.2081081081081082,0.3010552874507807,-0.0,0.3010552874507807,0.8465534067899609,True,1.0,-0.37693408915300974,0.5578140619793402,chem
CPC004 VCAP 6H-mitomycin c-10.0,mitomycin c,VCAP,6H,10.0,36,70,2,0,0.2221000339543677,1.0,2.325,0.0,0.6534513750571388,0.3402363766480224,0.3132149984091164,0.5562778295176323,True,1.0,0.2989452078759184,0.2949016994335222,chem
CPC004 VCAP 6H-testosterone-10.0,testosterone,VCAP,6H,10.0,145,100,1,2,0.7232403102257315,0.8326320616892533,0.7847611921685996,0.6182817182817183,0.22026424619537183,0.18755221079487303,0.0327120354004988,0.9076116478255587,False,1.0,-0.5318875466128924,0.6214595134955015,chem
CPC004 VCAP 6H-colforsin-10.0,colforsin,VCAP,6H,10.0,42,36,0,1,1.0,0.6072067945410671,0.0,1.0882200311364816,0.216663377403777,0.2588956525938111,-0.042232275190034085,0.9101336802598143,True,1.0,-0.5387938453862066,0.6254581806064645,chem
CPC004 VCAP 6H-selamectin-10.0,selamectin,VCAP,6H,10.0,37,28,1,1,0.3006931742591438,0.5608447625414748,2.910379515317787,1.2403467297084318,0.7730337617184078,0.3341469962601578,0.43888676545824995,0.4688212488291693,True,1.0,0.5282986606416683,0.23458847050983006,chem
CPC004 VCAP 6H-budesonide-10.0,budesonide,VCAP,6H,10.0,13,13,1,0,0.15283946844712004,1.0,6.563786008230453,0.0,0.8157644813924487,0.6008860685960127,0.21487841279643605,0.43992810279416616,True,1.0,0.6102541924723512,0.21592802399200267,chem
CPC004 VCAP 6H-cycloheximide-10.0,cycloheximide,VCAP,6H,10.0,61,58,0,3,1.0,0.14920631239604587,0.0,2.334656412800794,0.826212802997538,0.40536156638823206,0.4208512366093059,0.4330601736042704,True,1.0,0.6302935870909095,0.21326224591802734,chem
CPC004 VCAP 6H-BRD-A68930007 (ouabain)-10.0,brd-a68930007 (ouabain),VCAP,6H,10.0,68,72,2,0,0.23147121101905088,1.0,2.257857142857143,0.0,0.635503016192683,0.23536909605855375,0.4001339201341293,0.5701829812440053,True,1.0,0.2645210908134098,0.3052315894701766,chem
CPC004 VCAP 6H-cyclosporine-10.0,cyclosporine,VCAP,6H,10.0,100,15,0,1,1.0,0.8930215405336677,0.0,0.44652195716025506,0.0491380653868363,0.14071737619872932,-0.09157931081189302,0.9940620848626931,False,1.0,-0.8600995979263458,0.7480839720093302,chem
CPC004 VCAP 6H-exemestane-10.0,exemestane,VCAP,6H,10.0,81,64,0,2,1.0,0.5342135057225317,0.0,1.1307414104882458,0.27228513655683023,0.7824074269735336,-0.5101222904167033,0.8691438431256362,True,1.0,-0.43211389972837716,0.5844718427190936,chem
CPC004 VCAP 6H-liothyronine-10.0,liothyronine,VCAP,6H,10.0,31,15,0,0,1.0,1.0,0.0,0.0,-0.0,0.5478231629924638,-0.5478231629924638,1.0,False,1.0,-0.9543441206638258,1.0,chem
CPC004 VCAP 6H-BRD-A75409952 (wortmannin)-10.0,brd-a75409952 (wortmannin),VCAP,6H,10.0,34,51,1,1,0.4793275202099277,0.5304603602039942,1.565925925925926,1.3537502686438856,0.5947146997618684,-0.0,0.5947146997618684,0.6024489320485522,True,1.0,0.18629099801213245,0.33655448183938685,chem
CPC004 VCAP 6H-sirolimus-10.0,sirolimus,VCAP,6H,10.0,74,28,1,2,0.3006931742591438,0.4858340389150258,2.910379515317787,1.242063492063492,0.8353884908385877,0.21272146649355322,0.6226670243450345,0.4270930392086507,True,1.0,0.6478921293729485,0.20826391202932357,chem
CPC004 VCAP 6H-bromocriptine mesylate-10.0,bromocriptine mesylate,VCAP,6H,10.0,30,15,1,1,0.17420818834684237,0.4866779630748387,5.624338624338624,1.5414526779163609,1.0716897539035277,-0.0,1.0716897539035277,0.2939993434898622,True,1.0,1.101106955485842,0.13195601466177942,chem
CPC004 VCAP 6H-brazilin-10.0,brazilin,VCAP,6H,10.0,111,56,1,1,0.5117356325563969,0.9165204503269608,1.4224466891133558,0.4011605415860735,0.3288121818850749,0.11918195646461732,0.20963022542045756,0.8241167721349457,True,1.0,-0.3236976573146602,0.5321559480173276,chem
CPC004 VCAP 6H-fulvestrant-10.0,fulvestrant,VCAP,6H,10.0,25,22,0,1,1.0,0.42621022100959977,0.0,1.864066193853428,0.3703761396174927,-0.0,0.3703761396174927,0.789691920411482,True,1.0,-0.24397992059192203,0.4971676107964012,chem
CPC004 VCAP 6H-bepridil hydrochloride-10.0,bepridil hydrochloride,VCAP,6H,10.0,28,47,0,1,1.0,0.4632900827536739,0.0,1.6561597058050959,0.3341469962601578,-0.0,0.3341469962601578,0.8197463491810851,True,1.0,-0.3134657316025945,0.5271576141286238,chem
CPC004 VCAP 6H-estradiol cypionate-10.0,estradiol cypionate,VCAP,6H,10.0,32,19,0,1,1.0,0.50905354969512,0.0,1.441546556851979,0.29323652981680803,0.463125985490834,-0.16988945567402597,0.8527675562589397,True,1.0,-0.39193010244357745,0.56647784071976,chem
CPC004 VCAP 6H-danazol-10.0,danazol,VCAP,6H,10.0,97,115,0,2,1.0,0.6327330456208606,0.0,0.9378947368421052,0.19877948313842178,0.7580245265161384,-0.5592450433777166,0.922339183884282,False,1.0,-0.5730943223475458,0.6444518493835388,chem
CPC004 VCAP 6H-l 755507-10.0,l 755507,VCAP,6H,10.0,22,37,0,0,1.0,1.0,0.0,0.0,-0.0,-0.0,0.0,1.0,False,1.0,-0.9543441206638258,1.0,chem
CPC004 VCAP 6H-digitoxin-10.0,digitoxin,VCAP,6H,10.0,68,67,1,1,0.5761845096666045,0.7804228786816634,1.1833146277590723,0.6631734942309728,0.3471084290366282,-0.0,0.3471084290366282,0.8090628955115942,True,1.0,-0.288606306706725,0.514495168277241,chem
CPC004 VCAP 6H-digoxin-10.0,digoxin,VCAP,6H,10.0,42,45,0,1,1.0,0.6072067945410671,0.0,1.0882200311364816,0.216663377403777,0.19883252618512057,0.017830851218656435,0.9101336802598143,True,1.0,-0.5387938453862066,0.6254581806064645,chem
CPC004 VCAP 6H-fenoterol hydrobromide-10.0,fenoterol hydrobromide,VCAP,6H,10.0,86,73,0,3,1.0,0.2919805138988895,0.0,1.624945826471353,0.5346461313891518,0.4949841125764802,0.03966201881267167,0.6514284431310037,True,1.0,0.07108227920638692,0.37554148617127625,chem
CPC004 VCAP 6H-pindolol-10.0,pindolol,VCAP,6H,10.0,25,33,0,0,1.0,1.0,0.0,0.0,-0.0,-0.0,0.0,1.0,False,1.0,-0.9543441206638258,1.0,chem
CPC004 VCAP 6H-ru 24969-10.0,ru 24969,VCAP,6H,10.0,21,31,0,1,1.0,0.3727858656135989,0.0,2.2382978723404254,0.4285405625261831,0.9313961653213287,-0.5028556027951456,0.7406327326789057,True,1.0,-0.13242326417542877,0.45684771742752417,chem
CPC004 VCAP 6H-amoxapine-10.0,amoxapine,VCAP,6H,10.0,44,18,0,1,1.0,0.6243601472782201,0.0,1.037275276265875,0.20456482561205844,-0.0,0.20456482561205844,0.9184512075361329,True,1.0,-0.5619983047080963,0.6371209596801066,chem
CPC004 VCAP 6H-protein tyrosine phosphatase inhibitor iv-10.0,protein tyrosine phosphatase inhibitor iv,VCAP,6H,10.0,13,26,0,1,1.0,0.2506766783838304,0.0,3.735224586288416,0.6008860685960127,0.9572100567442597,-0.35632398814824706,0.5975107507456399,True,1.0,0.19812739624702705,0.3312229256914362,chem
CPC004 VCAP 6H-nsc 663284-10.0,nsc 663284,VCAP,6H,10.0,34,46,1,2,0.44479629002890175,0.17057190474517306,1.741289437585734,2.8125,1.119931344617634,0.4529404260000321,0.666990918617602,0.2715178996244203,True,1.0,1.1936320815191057,0.11962679106964345,chem
CPC004 VCAP 6H-epirubicin hydrochloride-10.0,epirubicin hydrochloride,VCAP,6H,10.0,45,116,2,1,0.43424932881752276,0.6326557707753426,1.3767543859649123,1.0135396518375241,0.5610933703177321,1.2834334169329131,-0.722340046615181,0.6296723957628201,True,1.0,0.12180685273051821,0.3582139286904365,chem
CPC004 VCAP 6H-promazine hydrochloride-10.0,promazine hydrochloride,VCAP,6H,10.0,58,43,0,1,1.0,0.7253026271272716,0.0,0.7807639666542242,0.13948074947219694,-0.0,0.13948074947219694,0.9582453842687312,False,1.0,-0.6868265340110402,0.6874375208263912,chem
CPC004 VCAP 6H-diclofenac sodium-10.0,diclofenac sodium,VCAP,6H,10.0,18,31,1,0,0.32704694092676984,1.0,2.618106995884774,0.0,0.4853899087391307,-0.0,0.4853899087391307,0.69257146731304,True,1.0,-0.023388863663350253,0.4125291569476841,chem
CPC004 VCAP 6H-thiotepa-10.0,thiotepa,VCAP,6H,10.0,24,49,1,0,0.4657772989980638,1.0,1.631687242798354,0.0,0.3318216818814629,1.0371373479919974,-0.7053156661105345,0.8216533535553789,True,1.0,-0.31792557637078944,0.5311562812395868,chem
CPC004 VCAP 6H-amiodarone hydrochloride-10.0,amiodarone hydrochloride,VCAP,6H,10.0,37,27,0,1,1.0,0.5608447625414748,0.0,1.2403467297084318,0.25115733143770075,-0.0,0.25115733143770075,0.8851875294433746,True,1.0,-0.47263604674957976,0.6011329556814395,chem
CPC004 VCAP 6H-indirubin-3?-monoxime-10.0,indirubin-3?-monoxime,VCAP,6H,10.0,12,26,0,0,1.0,1.0,0.0,0.0,-0.0,0.35768938883102475,-0.35768938883102475,1.0,False,1.0,-0.9543441206638258,1.0,chem
CPC004 VCAP 6H-rs 39604 hydrochloride-10.0,rs 39604 hydrochloride,VCAP,6H,10.0,50,24,0,1,1.0,0.6714827869538534,0.0,0.9093935446519034,0.1729651157231477,-0.0,0.1729651157231477,0.9389121529512973,False,1.0,-0.6226050777602773,0.6624458513828724,chem
CPC004 VCAP 6H-piplartine-10.0,piplartine,VCAP,6H,10.0,171,66,0,5,1.0,0.32131248155187975,0.0,1.355641544279307,0.49307240372385935,0.9467876975814308,-0.4537152938575714,0.6861117691941235,True,1.0,-0.00865419579295419,0.40719760079973344,chem
CPC004 VCAP 6H-epitestosterone-10.0,epitestosterone,VCAP,6H,10.0,45,56,1,1,0.5117356325563969,0.6326557707753426,1.4224466891133558,1.0135396518375241,0.4897868678922338,1.829715847288936,-1.3399289793967024,0.6888727824888847,True,1.0,-0.014955700623288656,0.40819726757747415,chem
CPC004 VCAP 6H-sb 216641 hydrochloride-10.0,sb 216641 hydrochloride,VCAP,6H,10.0,22,19,0,0,1.0,1.0,0.0,0.0,-0.0,-0.0,0.0,1.0,False,1.0,-0.9543441206638258,1.0,chem
CPC004 VCAP 6H-inca-6-10.0,inca-6,VCAP,6H,10.0,14,14,0,0,1.0,1.0,0.0,0.0,-0.0,0.5732524250499975,-0.5732524250499975,1.0,False,1.0,-0.9543441206638258,1.0,chem
CPC004 VCAP 6H-niclosamide-10.0,niclosamide,VCAP,6H,10.0,126,29,1,2,0.30958910347272567,0.7690554541500532,2.8059964726631392,0.7152073732718894,0.6232566769418181,0.3216209493638932,0.3016357275779249,0.5797762183869641,True,1.0,0.24103318202227078,0.31522825724758413,chem
CPC004 VCAP 6H-BRD-K36055864 (cycloheximide)-10.0,brd-k36055864 (cycloheximide),VCAP,6H,10.0,66,72,2,2,0.23147121101905088,0.426937311048509,2.257857142857143,1.3991071428571429,1.005138905721346,0.3265602028671769,0.6785787028541691,0.32754302446716876,True,1.0,0.9734655256629974,0.15361546151282907,chem
CPC004 VCAP 6H-ag 957-10.0,ag 957,VCAP,6H,10.0,90,49,0,1,1.0,0.8660146882025537,0.0,0.49748983982787476,0.06247474198817105,0.5000217557258814,-0.4375470137377103,0.9905938538560416,False,1.0,-0.834520472836622,0.7444185271576141,chem
CPC004 VCAP 6H-rhamnetin-10.0,rhamnetin,VCAP,6H,10.0,25,22,0,1,1.0,0.42621022100959977,0.0,1.864066193853428,0.3703761396174927,-0.0,0.3703761396174927,0.789691920411482,True,1.0,-0.24397992059192203,0.4971676107964012,chem
CPC004 VCAP 6H-paroxetine hydrochloride-10.0,paroxetine hydrochloride,VCAP,6H,10.0,57,13,0,0,1.0,1.0,0.0,0.0,-0.0,0.28569206080759085,-0.28569206080759085,1.0,False,1.0,-0.9543441206638258,1.0,chem
CPC004 VCAP 6H-bithionate sodium-10.0,bithionate sodium,VCAP,6H,10.0,27,13,0,0,1.0,1.0,0.0,0.0,-0.0,-0.0,0.0,1.0,False,1.0,-0.9543441206638258,1.0,chem
CPC004 VCAP 6H-rottlerin-10.0,rottlerin,VCAP,6H,10.0,22,11,0,1,1.0,0.38658788127807586,0.0,2.131374535629855,0.4127517643182056,-0.0,0.4127517643182056,0.7539994803439586,True,1.0,-0.1627054443954878,0.4688437187604132,chem
CPC004 VCAP 6H-erythromycin estolate-10.0,erythromycin estolate,VCAP,6H,10.0,43,46,0,0,1.0,1.0,0.0,0.0,-0.0,0.1932981984307902,-0.1932981984307902,1.0,False,1.0,-0.9543441206638258,1.0,chem
CPC004 VCAP 6H-bisacodyl-10.0,bisacodyl,VCAP,6H,10.0,131,68,1,2,0.5816087129141987,0.7875586762202808,1.1654689515386032,0.6869324473975637,0.3390861757437342,0.6578549143827304,-0.3187687386389962,0.8156856444479574,True,1.0,-0.30399261520129006,0.5218260579806732,chem
CPC004 VCAP 6H-protriptyline hydrochloride-10.0,protriptyline hydrochloride,VCAP,6H,10.0,26,19,0,0,1.0,1.0,0.0,0.0,-0.0,-0.0,0.0,1.0,False,1.0,-0.9543441206638258,1.0,chem
CPC004 VCAP 6H-cgp 57380-10.0,cgp 57380,VCAP,6H,10.0,23,31,0,0,1.0,1.0,0.0,0.0,-0.0,-0.0,0.0,1.0,False,1.0,-0.9543441206638258,1.0,chem
CPC004 VCAP 6H-amg 9810-10.0,amg 9810,VCAP,6H,10.0,32,29,0,0,1.0,1.0,0.0,0.0,-0.0,0.3232027624497683,-0.3232027624497683,1.0,False,1.0,-0.9543441206638258,1.0,chem
CPC004 VCAP 6H-diethylstilbestrol-10.0,diethylstilbestrol,VCAP,6H,10.0,29,42,0,2,1.0,0.1322384800587634,0.0,3.335978835978836,0.8786421511629053,-0.0,0.8786421511629053,0.39977653874224595,True,1.0,0.7308506370354506,0.1939353548817061,chem
CPC004 VCAP 6H-bromhexine hydrochloride-10.0,bromhexine hydrochloride,VCAP,6H,10.0,21,20,0,1,1.0,0.3727858656135989,0.0,2.2382978723404254,0.4285405625261831,-0.0,0.4285405625261831,0.7406327326789057,True,1.0,-0.13242326417542877,0.45684771742752417,chem
CPC004 VCAP 6H-icilin-10.0,icilin,VCAP,6H,10.0,26,50,0,1,1.0,0.4388444509082874,0.0,1.7892198581560284,0.35768938883102475,0.1729651157231477,0.18472427310787704,0.800281240870174,True,1.0,-0.26831251821348673,0.5091636121292903,chem
CPC004 VCAP 6H-ch 55-10.0,ch 55,VCAP,6H,10.0,26,43,0,0,1.0,1.0,0.0,0.0,-0.0,-0.0,0.0,1.0,False,1.0,-0.9543441206638258,1.0,chem
CPC004 VCAP 6H-toremifene-10.0,toremifene,VCAP,6H,10.0,34,18,0,0,1.0,1.0,0.0,0.0,-0.0,-0.0,0.0,1.0,False,1.0,-0.9543441206638258,1.0,chem
CPC004 VCAP 6H-oxibendazole-10.0,oxibendazole,VCAP,6H,10.0,24,17,0,0,1.0,1.0,0.0,0.0,-0.0,-0.0,0.0,1.0,False,1.0,-0.9543441206638258,1.0,chem
CPC004 VCAP 6H-amperozide-10.0,amperozide,VCAP,6H,10.0,22,11,0,1,1.0,0.38658788127807586,0.0,2.131374535629855,0.4127517643182056,-0.0,0.4127517643182056,0.7539994803439586,True,1.0,-0.1627054443954878,0.4688437187604132,chem
CPC004 VCAP 6H-dorsomorphin dihydrochloride-10.0,dorsomorphin dihydrochloride,VCAP,6H,10.0,120,88,0,0,1.0,1.0,0.0,0.0,-0.0,0.5823400645163044,-0.5823400645163044,1.0,False,1.0,-0.9543441206638258,1.0,chem
CPC004 VCAP 6H-robustic acid-10.0,robustic acid,VCAP,6H,10.0,37,45,0,1,1.0,0.5608447625414748,0.0,1.2403467297084318,0.25115733143770075,0.5861092039626837,-0.334951872524983,0.8851875294433746,True,1.0,-0.47263604674957976,0.6011329556814395,chem
CPC004 VCAP 6H-penicillin g potassium-10.0,penicillin g potassium,VCAP,6H,10.0,15,26,0,0,1.0,1.0,0.0,0.0,-0.0,-0.0,0.0,1.0,False,1.0,-0.9543441206638258,1.0,chem
CPC004 VCAP 6H-chlorprothixene hydrochloride-10.0,chlorprothixene hydrochloride,VCAP,6H,10.0,54,22,2,1,0.031074274877460555,0.6995871145504498,7.965,0.8402248093135287,1.662757195127747,0.30188315733121646,1.3608740377965305,0.10497058713491139,True,1.0,2.234746802014333,0.039986671109630126,chem
CPC004 VCAP 6H-dephostatin-10.0,dephostatin,VCAP,6H,10.0,35,36,2,2,0.07569943541980848,0.1784514501209019,4.675,2.726839826839827,1.8693872780928742,-0.0,1.8693872780928742,0.07165572496901106,True,1.0,2.6310536854650435,0.023992002665778073,chem
CPC004 VCAP 6H-norpramin-10.0,norpramin,VCAP,6H,10.0,47,17,0,2,1.0,0.27572684290809535,0.0,1.9958730158730158,0.5595209518507488,-0.0,0.5595209518507488,0.6309580328570098,True,1.0,0.11879102728444477,0.36054648450516497,chem
CPC004 VCAP 6H-triflupromazine hydrochloride-10.0,triflupromazine hydrochloride,VCAP,6H,10.0,39,15,0,0,1.0,1.0,0.0,0.0,-0.0,-0.0,0.0,1.0,False,1.0,-0.9543441206638258,1.0,chem
CPC004 VCAP 6H-sib 1893-10.0,sib 1893,VCAP,6H,10.0,45,35,0,0,1.0,1.0,0.0,0.0,-0.0,0.3588995220932153,-0.3588995220932153,1.0,False,1.0,-0.9543441206638258,1.0,chem
CPC004 VCAP 6H-bibx 1382 dihydrochloride-10.0,bibx 1382 dihydrochloride,VCAP,6H,10.0,41,16,0,0,1.0,1.0,0.0,0.0,-0.0,0.3893348552704433,-0.3893348552704433,1.0,False,1.0,-0.9543441206638258,1.0,chem
CPC004 VCAP 6H-duloxetine hydrochloride-10.0,duloxetine hydrochloride,VCAP,6H,10.0,34,17,0,1,1.0,0.5304603602039942,0.0,1.3537502686438856,0.2753470641431871,-0.0,0.2753470641431871,0.8667775572045433,True,1.0,-0.4262412651067009,0.5821392869043652,chem
CPC004 VCAP 6H-carbamazepine-10.0,carbamazepine,VCAP,6H,10.0,32,42,1,1,0.4155507108671836,0.50905354969512,1.9123757904245708,1.441546556851979,0.6746125002383323,0.6292453232810424,0.04536717695728987,0.5401300084923533,True,1.0,0.3395312612255872,0.28257247584138623,chem
CPC004 VCAP 6H-pizotyline malate-10.0,pizotyline malate,VCAP,6H,10.0,31,14,0,0,1.0,1.0,0.0,0.0,-0.0,0.4853899087391307,-0.4853899087391307,1.0,False,1.0,-0.9543441206638258,1.0,chem
CPC004 VCAP 6H-nicergoline-10.0,nicergoline,VCAP,6H,10.0,38,37,0,0,1.0,1.0,0.0,0.0,-0.0,0.25115733143770075,-0.25115733143770075,1.0,False,1.0,-0.9543441206638258,1.0,chem
CPC004 VCAP 6H-forskolin-10.0,forskolin,VCAP,6H,10.0,64,51,0,0,1.0,1.0,0.0,0.0,-0.0,-0.0,0.0,1.0,False,1.0,-0.9543441206638258,1.0,chem
CPC004 VCAP 6H-menadione-10.0,menadione,VCAP,6H,10.0,51,46,0,1,1.0,0.6787445310778502,0.0,0.8910638297872341,0.16829365667717439,0.1932981984307902,-0.025004541753615828,0.9417651400069137,False,1.0,-0.6315647188208182,0.6657780739753415,chem
CPC004 VCAP 6H-triciribine-10.0,triciribine,VCAP,6H,10.0,31,35,1,0,0.3606648044546297,1.0,2.308641975308642,0.0,0.44289623632572833,1.2338698272967261,-0.7909735909709978,0.7284730339492311,True,1.0,-0.10488974987928945,0.44518493835388206,chem
CPC004 VCAP 6H-vorinostat-10.0,vorinostat,VCAP,6H,10.0,155,124,0,4,1.0,0.44356433662769684,0.0,1.1864862270851328,0.3530433791784873,0.7926170448944281,-0.43957366571594075,0.8041432958625313,True,1.0,-0.277223348521723,0.5108297234255248,chem
CPC004 VCAP 6H-sertraline hydrochloride-10.0,sertraline hydrochloride,VCAP,6H,10.0,58,33,1,2,0.3440685854951422,0.36475958920220486,2.4537037037037037,1.6010204081632653,0.9013482600440086,0.2805580222686066,0.620790237775402,0.3859737213290477,True,1.0,0.774399897224642,0.18393868710429856,chem
CPC004 VCAP 6H-BRD-K87343924 (wortmannin)-10.0,brd-k87343924 (wortmannin),VCAP,6H,10.0,56,15,0,2,1.0,0.3488038208789939,0.0,1.6608465608465608,0.4574187663496356,-0.0,0.4574187663496356,0.7161799218722633,True,1.0,-0.07703621310959566,0.4335221592802399,chem
CPC004 VCAP 6H-chlorpromazine-10.0,chlorpromazine,VCAP,6H,10.0,43,21,1,0,0.2351709230317128,1.0,3.933333333333333,0.0,0.6286163762503125,-0.0,0.6286163762503125,0.5755673581597309,True,1.0,0.25131283587858194,0.31356214595134957,chem
CPC004 VCAP 6H-amodiaquin dihydrochloride dihydrate-10.0,amodiaquin dihydrochloride dihydrate,VCAP,6H,10.0,31,23,0,0,1.0,1.0,0.0,0.0,-0.0,0.883234087891692,-0.883234087891692,1.0,False,1.0,-0.9543441206638258,1.0,chem
CPC004 VCAP 6H-ami-193-10.0,ami-193,VCAP,6H,10.0,17,17,0,0,1.0,1.0,0.0,0.0,-0.0,-0.0,0.0,1.0,False,1.0,-0.9543441206638258,1.0,chem
CPC004 VCAP 6H-pifithrin- ?-10.0,pifithrin- ?,VCAP,6H,10.0,65,35,0,2,1.0,0.41932905746011573,0.0,1.4215419501133786,0.377445042062586,0.5148064712004857,-0.13736142913789973,0.7837676592067451,True,1.0,-0.23042209465858576,0.49250249916694433,chem
CPC004 VCAP 6H-amsacrine-10.0,amsacrine,VCAP,6H,10.0,207,121,1,10,0.7892217912271114,0.015241095880174343,0.6452674897119342,2.3592524227041993,1.9197847367433605,0.15620434071432882,1.7635803960290317,0.06520066502824082,True,1.0,2.727713665875452,0.020659780073308896,chem
CPC004 VCAP 6H-lumicolchicine gamma-10.0,lumicolchicine gamma,VCAP,6H,10.0,95,79,1,1,0.6369316207732983,0.8802718869613024,0.9993668882557771,0.4706503696997133,0.25129035770717173,0.28340574282619463,-0.0321153851190229,0.885088170766792,False,1.0,-0.47238090855520554,0.6004665111629457,chem
CPC004 VCAP 6H-verteporfin-10.0,verteporfin,VCAP,6H,10.0,27,16,0,0,1.0,1.0,0.0,0.0,-0.0,0.5243113267647002,-0.5243113267647002,1.0,False,1.0,-0.9543441206638258,1.0,chem
CPC005 A375 24H-yo-2-10.0,yo-2,A375,24H,10.0,109,41,0,4,1.0,0.21679340297640043,0.0,1.7189786059351277,0.6639539375143592,-0.0,0.6639539375143592,0.5482294205433564,True,1.0,0.31908863392472797,0.28857047650783074,chem
CPC005 A375 24H-rhodomyrtoxin b-10.0,rhodomyrtoxin b,A375,24H,10.0,128,220,5,4,0.14570886474532146,0.30876113403058675,1.8655995167623074,1.4511453950444133,1.3468913981369224,2.064201716082596,-0.7173103179456737,0.18451578884496195,True,1.0,1.6289309024232028,0.07830723092302566,chem
CPC005 A375 24H-heliotrine-10.0,heliotrine,A375,24H,10.0,53,43,1,1,0.4230017123766502,0.6927932572907209,1.866549088771311,0.8565193671576651,0.5330542223330488,-0.0,0.5330542223330488,0.6527464530917161,True,1.0,0.06802907171739005,0.3768743752082639,chem
CPC005 A375 24H-amyleine hydrochloride-10.0,amyleine hydrochloride,A375,24H,10.0,52,50,0,0,1.0,1.0,0.0,0.0,-0.0,0.5225208083241747,-0.5225208083241747,1.0,False,1.0,-0.9543441206638258,1.0,chem
CPC005 A375 24H-homatropine bromide-10.0,homatropine bromide,A375,24H,10.0,56,45,1,0,0.4376233415150166,1.0,1.7811447811447811,0.0,0.3588995220932153,-0.0,0.3588995220932153,0.7992738221710531,True,1.0,-0.2659915389310087,0.506164611796068,chem
CPC005 A375 24H-fluorometholone-10.0,fluorometholone,A375,24H,10.0,39,28,0,0,1.0,1.0,0.0,0.0,-0.0,0.3341469962601578,-0.3341469962601578,1.0,False,1.0,-0.9543441206638258,1.0,chem
CPC005 A375 24H-ethopropazine hydrochloride-10.0,ethopropazine hydrochloride,A375,24H,10.0,26,38,1,0,0.38478436874628147,1.0,2.1204537871204536,0.0,0.41478257879929925,0.24371960205988408,0.17106297673941517,0.7522812157032219,True,1.0,-0.158810436726132,0.4651782739086971,chem
CPC005 A375 24H-gelsemine-10.0,gelsemine,A375,24H,10.0,42,19,1,2,0.21536096059990822,0.23483059403922776,4.3717421124828535,2.2471428571428573,1.2960783435979089,-0.0,1.2960783435979089,0.2015009190202259,True,1.0,1.5314738284386464,0.08497167610796401,chem
CPC005 A375 24H-trichostatin a-10.0,trichostatin a,A375,24H,10.0,130,169,1,6,0.8872818898160455,0.06555367199683938,0.4573780129335685,2.208728652751423,1.2353413589480233,0.5951506821691352,0.6401906767788881,0.22361250593015927,True,1.0,1.4149831183185129,0.09763412195934688,chem
CPC005 A375 24H-geldanamycin-10.0,geldanamycin,A375,24H,10.0,105,229,3,0,0.5592131335793831,1.0,1.0360703483813152,0.0,0.2524226373802693,0.887268281367292,-0.6348456439870227,0.8842415645582474,True,1.0,-0.4702092488336362,0.5984671776074642,chem
CPC005 A375 24H-bvt 948-10.0,bvt 948,A375,24H,10.0,174,123,2,5,0.4642646949594351,0.3343916153765487,1.2956611570247933,1.3309290372737874,0.8089789617425596,0.5467073822219756,0.262271579520584,0.44443001747329447,True,1.0,0.5972398815527985,0.2202599133622126,chem
CPC005 A375 24H-nicardipine hydrochloride-10.0,nicardipine hydrochloride,A375,24H,10.0,73,35,0,0,1.0,1.0,0.0,0.0,-0.0,0.21629795878786012,-0.21629795878786012,1.0,False,1.0,-0.9543441206638258,1.0,chem
CPC005 A375 24H-cyclopiazonic acid-10.0,cyclopiazonic acid,A375,24H,10.0,77,35,0,1,1.0,0.8205617425227882,0.0,0.5837999253452781,0.08588873523477,-0.0,0.08588873523477,0.9828410557170588,False,1.0,-0.7896135233763073,0.728423858713762,chem
CPC005 A375 24H-metergoline-10.0,metergoline,A375,24H,10.0,82,21,0,2,1.0,0.5408689713942205,0.0,1.1164285714285713,0.2669079324769538,0.18660465475253937,0.08030327772441445,0.8732752646151595,True,1.0,-0.4424271269216021,0.5891369543485505,chem
CPC005 A375 24H-triamcinolone diacetate-10.0,triamcinolone diacetate,A375,24H,10.0,45,30,0,1,1.0,0.6326557707753426,0.0,1.0135396518375241,0.19883252618512057,0.31275831829660106,-0.11392579211148049,0.9223038099527754,True,1.0,-0.5729925882523731,0.6441186271242919,chem
CPC005 A375 24H-prozac-10.0,prozac,A375,24H,10.0,42,37,0,0,1.0,1.0,0.0,0.0,-0.0,-0.0,0.0,1.0,False,1.0,-0.9543441206638258,1.0,chem
CPC005 A375 24H-leucine enkephalin-10.0,leucine enkephalin,A375,24H,10.0,54,37,3,0,0.011163941780049457,1.0,7.10126582278481,0.0,1.952182437022997,-0.0,1.952182437022997,0.061346598891992433,True,1.0,2.7898509473620003,0.01866044651782739,chem
CPC005 A375 24H-metixene hydrochloride-10.0,metixene hydrochloride,A375,24H,10.0,37,40,0,0,1.0,1.0,0.0,0.0,-0.0,0.6604285614684814,-0.6604285614684814,1.0,False,1.0,-0.9543441206638258,1.0,chem
CPC005 A375 24H-triamcinolone-10.0,triamcinolone,A375,24H,10.0,49,41,1,1,0.40800468005173895,0.6640580783349529,1.960493827160494,0.9284869976359338,0.5671287909666527,0.2230514587851949,0.3440773321814578,0.6247475732286702,True,1.0,0.13338250867259835,0.35421526157947353,chem
CPC005 A375 24H-fludrocortisone acetate-10.0,fludrocortisone acetate,A375,24H,10.0,56,41,2,2,0.09467214452496704,0.3488038208789939,4.072435897435898,1.6608465608465608,1.48119655142925,0.6445780833977223,0.8366184680315277,0.14564623437664284,True,1.0,1.8865219364530115,0.060313228923692105,chem
CPC005 A375 24H-penicillic acid-10.0,penicillic acid,A375,24H,10.0,92,48,0,2,1.0,0.6037830607527295,0.0,0.9907936507936508,0.21911907535533895,0.3420182621257839,-0.12289918677044495,0.9084159573245703,False,1.0,-0.534083930992744,0.623125624791736,chem
CPC005 A375 24H-karakoline-10.0,karakoline,A375,24H,10.0,47,48,0,1,1.0,0.6487051647006395,0.0,0.9691643539932162,0.18795264439741394,-0.0,0.18795264439741394,0.9294498119856278,False,1.0,-0.5938596952182346,0.6511162945684772,chem
CPC005 A375 24H-pentobarbital-10.0,pentobarbital,A375,24H,10.0,48,43,1,0,0.4230017123766502,1.0,1.866549088771311,0.0,0.37365787452986343,-0.0,0.37365787452986343,0.7869435245693329,True,1.0,-0.2376857057478399,0.493835388203932,chem
CPC005 A375 24H-dihydroergocristine mesylate-10.0,dihydroergocristine mesylate,A375,24H,10.0,95,25,0,3,1.0,0.34633333593147414,0.0,1.4638723803565843,0.4605057039044729,0.3703761396174927,0.09012956428698016,0.7135691247671176,True,1.0,-0.07111561053223042,0.4315228257247584,chem
CPC005 A375 24H-periplocymarin-10.0,periplocymarin,A375,24H,10.0,151,198,3,4,0.46101478253751194,0.4238339821688346,1.2068159688412854,1.2195602878832692,0.7090893739999589,0.08854788829598817,0.6205414857039707,0.5144206224542098,True,1.0,0.4056563006947905,0.2669110296567811,chem
CPC005 A375 24H-quinacrine dihydrochloride dihydrate-10.0,quinacrine dihydrochloride dihydrate,A375,24H,10.0,240,146,0,7,1.0,0.2738602354545105,0.0,1.3572722937529804,0.5624710227894464,0.016738484244006657,0.5457325385454397,0.6285468666601367,True,1.0,0.1244491260612384,0.35688103965344886,chem
CPC005 A375 24H-calyculin a-10.0,calyculin a,A375,24H,10.0,155,138,1,1,0.8310380157702344,0.9691806344107288,0.5636658556366586,0.28451690153817816,0.09397438125483222,0.08331173173926149,0.010662649515570735,0.9797072479707493,False,1.0,-0.7741056305810589,0.7240919693435521,chem
CPC005 A375 24H-citalopram hydrobromide-10.0,citalopram hydrobromide,A375,24H,10.0,36,26,2,0,0.042324442012743886,1.0,6.633333333333334,0.0,1.3734087587331132,-0.0,1.3734087587331132,0.1761708568095674,True,1.0,1.6797899660426499,0.07464178607130956,chem
CPC005 A375 24H-phccc-10.0,phccc,A375,24H,10.0,61,32,1,1,0.3356116081383177,0.7431436031873149,2.533253683791318,0.741371158392435,0.6030902823652528,-0.0,0.6030902823652528,0.5957516744868803,True,1.0,0.20235497568178973,0.32655781406197937,chem
CPC005 A375 24H-trimeprazine tartrate-10.0,trimeprazine tartrate,A375,24H,10.0,62,27,0,2,1.0,0.3962092340634282,0.0,1.4933333333333334,0.4020754070002483,-0.0,0.4020754070002483,0.7630248296592255,True,1.0,-0.18318220089952464,0.47517494168610463,chem
CPC005 A375 24H-tetrindole mesylate-10.0,tetrindole mesylate,A375,24H,10.0,173,111,2,3,0.4122826862258731,0.7373517206131002,1.4410550458715596,0.7823106220905628,0.5171302049590573,0.08699000629663997,0.43014019866241726,0.6659780258425143,True,1.0,0.03748754742943528,0.3878707097634122,chem
CPC005 A375 24H-bw-b 70c-10.0,bw-b 70c,A375,24H,10.0,52,39,0,1,1.0,0.6858468627899699,0.0,0.8734529272701989,0.16377284357838476,-0.0,0.16377284357838476,0.9444803376759113,False,1.0,-0.6402354279650758,0.6704431856047984,chem
CPC005 A375 24H-ca-074-me-10.0,ca-074-me,A375,24H,10.0,145,96,0,3,1.0,0.621535284895267,0.0,0.9408248049447766,0.20653421118915244,0.5257498105732941,-0.3192155993841416,0.9171142184094759,False,1.0,-0.5582211148179745,0.6334555148283906,chem
CPC005 A375 24H-n-formylmethionylalanine-10.0,n-formylmethionylalanine,A375,24H,10.0,44,51,0,1,1.0,0.6243601472782201,0.0,1.037275276265875,0.20456482561205844,-0.0,0.20456482561205844,0.9184512075361329,True,1.0,-0.5619983047080963,0.6371209596801066,chem
CPC005 A375 24H-helveticoside-10.0,helveticoside,A375,24H,10.0,181,137,4,6,0.09518800270688298,0.2060654144243372,2.413341044919992,1.5521848739495798,1.7074126788734802,0.2784728677190343,1.428939811154446,0.09673042558997537,True,1.0,2.3203939417642707,0.03632122625791403,chem
CPC005 A375 24H-cv 1808-10.0,cv 1808,A375,24H,10.0,69,35,0,0,1.0,1.0,0.0,0.0,-0.0,-0.0,0.0,1.0,False,1.0,-0.9543441206638258,1.0,chem
CPC005 A375 24H-dihydroergocristine-10.0,dihydroergocristine,A375,24H,10.0,46,27,0,1,1.0,0.6407694557263302,0.0,0.9908589440504334,0.1932981984307902,-0.0,0.1932981984307902,0.9259666814856249,False,1.0,-0.5836071713413398,0.6467844051982673,chem
CPC005 A375 24H-hydrocortisone acetate-10.0,hydrocortisone acetate,A375,24H,10.0,109,78,0,1,1.0,0.9126669014974301,0.0,0.4087207775151038,0.03968769917695973,0.20658597482851138,-0.16689827565155163,0.9960703315310336,False,1.0,-0.8782249605374433,0.753082305898034,chem
CPC005 A375 24H-htmt dimaleate-10.0,htmt dimaleate,A375,24H,10.0,50,39,0,0,1.0,1.0,0.0,0.0,-0.0,-0.0,0.0,1.0,False,1.0,-0.9543441206638258,1.0,chem
CPC005 A375 24H-reserpine-10.0,reserpine,A375,24H,10.0,43,45,0,1,1.0,0.6158785350844703,0.0,1.0621411685241473,0.2105049319006799,0.19883252618512057,0.01167240571555933,0.9143982595785249,True,1.0,-0.5506054572735489,0.631789403532156,chem
CPC005 A375 24H-lasalocid sodium-10.0,lasalocid sodium,A375,24H,10.0,145,165,7,4,0.0047018043941462785,0.3939554533704627,3.6825316455696204,1.2726898961866584,2.73228832585776,0.3808367284040303,2.3514515974537296,0.0135057346370399,True,1.0,4.286057739370249,0.0026657780739753416,chem
CPC005 A375 24H-wortmannin-10.0,wortmannin,A375,24H,10.0,100,183,4,2,0.20133137354313743,0.6493035677401624,1.7799742157284058,0.9087463556851312,0.8836407543613354,1.1121798570829486,-0.22853910272161326,0.3967062144101613,True,1.0,0.74043772535652,0.18960346551149618,chem
CPC005 A375 24H-sdm25n hydrochloride-10.0,sdm25n hydrochloride,A375,24H,10.0,37,23,0,1,1.0,0.5608447625414748,0.0,1.2403467297084318,0.25115733143770075,-0.0,0.25115733143770075,0.8851875294433746,True,1.0,-0.47263604674957976,0.6011329556814395,chem
CPC005 A375 24H-salubrinal-10.0,salubrinal,A375,24H,10.0,40,31,0,1,1.0,0.5892759104577799,0.0,1.1443898890707402,0.2296813124583833,0.3027797890710162,-0.07309847661263291,0.9009208199692085,True,1.0,-0.5138260517502456,0.6151282905698101,chem
CPC005 A375 24H-fluocinolone acetonide-10.0,fluocinolone acetonide,A375,24H,10.0,81,83,1,1,0.655202511366462,0.8359751513899556,0.9500150557061127,0.5542553191489362,0.2614310779923996,0.5622946594663188,-0.30086358147391923,0.8774503866365978,False,1.0,-0.45293147895369723,0.5921359546817727,chem
CPC005 A375 24H-cercosporin-10.0,cercosporin,A375,24H,10.0,196,171,2,5,0.6427365950041759,0.4308392385577753,0.9205621301775148,1.1734245423625176,0.5576517226211073,0.19379959489825904,0.36385212772284825,0.6324877027767234,True,1.0,0.11520593260789073,0.36054648450516497,chem
CPC005 A375 24H-simvastatin-10.0,simvastatin,A375,24H,10.0,99,159,2,2,0.6028480285668267,0.6438463024494593,0.9928343949044586,0.9182621502209131,0.41100994905543714,1.3659107585585748,-0.9549008095031377,0.7554728913075432,False,1.0,-0.166046165012878,0.46984338553815397,chem
CPC005 A375 24H-budesonide-10.0,budesonide,A375,24H,10.0,47,58,0,2,1.0,0.27572684290809535,0.0,1.9958730158730158,0.5595209518507488,0.13948074947219694,0.4200402023785519,0.6309580328570098,True,1.0,0.11879102728444477,0.36054648450516497,chem
CPC005 A375 24H-thioridazine hydrochloride-10.0,thioridazine hydrochloride,A375,24H,10.0,114,115,4,2,0.05747151511920751,0.7189177545851785,2.901824901824902,0.7933673469387755,1.3838681442310037,0.967438123095576,0.4164300211354277,0.17297377782235437,True,1.0,1.699850580692735,0.07197600799733422,chem
CPC005 A375 24H-triamcinolone acetonide-10.0,triamcinolone acetonide,A375,24H,10.0,49,44,0,1,1.0,0.6640580783349529,0.0,0.9284869976359338,0.1777939356962094,0.9318552809704118,-0.7540613452742024,0.9359139369694509,False,1.0,-0.6133436257644824,0.6584471842719094,chem
CPC005 A375 24H-tocainide hydrochloride-10.0,tocainide hydrochloride,A375,24H,10.0,84,44,0,3,1.0,0.2799624355993186,0.0,1.6656008526512123,0.5529002368947883,-0.0,0.5529002368947883,0.6363825685150029,True,1.0,0.10609280409854478,0.36254581806064645,chem
"CPC005 A375 24H-hydroxytacrine maleate (r,s)-10.0","hydroxytacrine maleate (r,s)",A375,24H,10.0,62,24,0,2,1.0,0.3962092340634282,0.0,1.4933333333333334,0.4020754070002483,-0.0,0.4020754070002483,0.7630248296592255,True,1.0,-0.18318220089952464,0.47517494168610463,chem
CPC005 A375 24H-dubinidine-10.0,dubinidine,A375,24H,10.0,109,84,1,0,0.6596264503537799,1.0,0.9384203480589023,0.0,0.18070193790869757,0.25650329534173516,-0.07580135743303759,0.9340848716360394,False,1.0,-0.6077662128468608,0.6554481839386871,chem
CPC005 A375 24H-maprotiline hydrochloride-10.0,maprotiline hydrochloride,A375,24H,10.0,47,31,0,0,1.0,1.0,0.0,0.0,-0.0,0.647757772930874,-0.647757772930874,1.0,False,1.0,-0.9543441206638258,1.0,chem
"CPC005 A375 24H-tamoxifen, 4-hydroxy-, (z)--10.0","tamoxifen, 4-hydroxy-, (z)-",A375,24H,10.0,135,79,2,2,0.26443289403421427,0.801416864224142,2.050324675324675,0.665843179377014,0.6738260448644405,0.08391123105685296,0.5899148138075876,0.540725241950188,True,1.0,0.33802287641671735,0.28257247584138623,chem
CPC005 A375 24H-nicotine ditartrate-10.0,nicotine ditartrate,A375,24H,10.0,47,29,0,1,1.0,0.6487051647006395,0.0,0.9691643539932162,0.18795264439741394,-0.0,0.18795264439741394,0.9294498119856278,False,1.0,-0.5938596952182346,0.6511162945684772,chem
CPC005 A375 24H-clioquinol-10.0,clioquinol,A375,24H,10.0,46,29,0,0,1.0,1.0,0.0,0.0,-0.0,0.8786421511629053,-0.8786421511629053,1.0,False,1.0,-0.9543441206638258,1.0,chem
CPC005 A375 24H-fgin-1-27-10.0,fgin-1-27,A375,24H,10.0,59,48,1,2,0.4588721505929316,0.37268299449326364,1.6666666666666667,1.5726817042606516,0.7669687228993867,0.1827872497531294,0.5841814731462572,0.4730261393601487,True,1.0,0.5166661984276378,0.2392535821392869,chem
CPC005 A375 24H-gsk-3 inhibitor ii-10.0,gsk-3 inhibitor ii,A375,24H,10.0,100,61,2,2,0.1804681225736556,0.6493035677401624,2.6834745762711862,0.9087463556851312,0.9311517104423255,0.12892725616443745,0.802224454277888,0.3684160729540029,True,1.0,0.8315615281640643,0.17360879706764412,chem
"CPC005 A375 24H-l-741,742 hydrochloride-10.0","l-741,742 hydrochloride",A375,24H,10.0,66,59,1,1,0.5302154054815167,0.7703571921696406,1.3482332907620265,0.6837970540098199,0.3888555163731072,0.13585556839436858,0.25299994797873865,0.7741750198918176,True,1.0,-0.20853733592546247,0.4851716094635122,chem
CPC005 A375 24H-pepstatin a-10.0,pepstatin a,A375,24H,10.0,54,34,0,0,1.0,1.0,0.0,0.0,-0.0,0.2753470641431871,-0.2753470641431871,1.0,False,1.0,-0.9543441206638258,1.0,chem
CPC005 A375 24H-rhodomyrtoxin-10.0,rhodomyrtoxin,A375,24H,10.0,53,35,0,0,1.0,1.0,0.0,0.0,-0.0,-0.0,0.0,1.0,False,1.0,-0.9543441206638258,1.0,chem
"CPC005 A375 24H-l-168,049-10.0","l-168,049",A375,24H,10.0,80,35,1,1,0.3606648044546297,0.8322496989743087,2.308641975308642,0.5613609839303348,0.522642589581818,0.26695242495467336,0.2556901646271446,0.6613882551167487,True,1.0,0.048060044613190515,0.3838720426524492,chem
CPC005 A375 24H-digitoxigenin-10.0,digitoxigenin,A375,24H,10.0,140,219,2,4,0.7716304777539748,0.36889413534883414,0.711405529953917,1.3205456095481671,0.5456888760852097,0.730899370710849,-0.18521049462563932,0.6423112270998684,True,1.0,0.09226174965152593,0.3702099300233256,chem
CPC005 A375 24H-dihomo-gamma-linolenic acid-10.0,dihomo-gamma-linolenic acid,A375,24H,10.0,73,66,2,1,0.20346766663963176,0.8037110802824048,2.471875,0.6166272655634357,0.7864046396343717,-0.0,0.7864046396343717,0.4596419739798542,True,1.0,0.5539433822612686,0.22859046984338555,chem
CPC005 A375 24H-phenamil-10.0,phenamil,A375,24H,10.0,42,49,0,0,1.0,1.0,0.0,0.0,-0.0,-0.0,0.0,1.0,False,1.0,-0.9543441206638258,1.0,chem
CPC005 A375 24H-mitoxantrone dihydrochloride-10.0,mitoxantrone dihydrochloride,A375,24H,10.0,209,179,0,3,1.0,0.8432210413838535,0.0,0.6418244045540267,0.07405856479414323,0.5581389958170438,-0.4840804310229006,0.9870122768963107,False,1.0,-0.8123032397561181,0.7374208597134289,chem
CPC005 A375 24H-ly-294002-10.0,ly-294002,A375,24H,10.0,108,43,0,0,1.0,1.0,0.0,0.0,-0.0,0.12465616560757334,-0.12465616560757334,1.0,False,1.0,-0.9543441206638258,1.0,chem
CPC005 A375 24H-BRD-K31342827-10.0,brd-k31342827,A375,24H,10.0,78,58,0,1,1.0,0.8245448959637394,0.0,0.5761260016579165,0.08378569230754836,0.4379932820723121,-0.35420758976476374,0.9836191366591749,False,1.0,-0.793647061844135,0.7297567477507497,chem
CPC005 A375 24H-chelidonine (+)-10.0,chelidonine (+),A375,24H,10.0,110,106,1,1,0.7439354626290973,0.9146152597044003,0.739212228101117,0.4049059795692628,0.16722629543298057,0.38490005099311,-0.2176737555601294,0.9424103049040171,False,1.0,-0.6336118680167748,0.6657780739753415,chem
CPC005 A375 24H-eugenol-10.0,eugenol,A375,24H,10.0,41,43,1,0,0.4230017123766502,1.0,1.866549088771311,0.0,0.37365787452986343,-0.0,0.37365787452986343,0.7869435245693329,True,1.0,-0.2376857057478399,0.493835388203932,chem
CPC005 A375 24H-gw 5074-10.0,gw 5074,A375,24H,10.0,110,99,0,1,1.0,0.9146152597044003,0.0,0.4049059795692628,0.03876155700067792,1.1540586054093704,-1.1152970484086926,0.9962463026947637,False,1.0,-0.8800012581328736,0.7537487504165278,chem
CPC005 A375 24H-eburnamonine (-)-10.0,eburnamonine (-),A375,24H,10.0,43,42,1,0,0.4155507108671836,1.0,1.9123757904245708,0.0,0.38137597042152427,0.37365787452986343,0.007718095891660837,0.7804668270512971,True,1.0,-0.2228827569946612,0.4911696101299567,chem
CPC005 A375 24H-zm 39923 hydrochloride-10.0,zm 39923 hydrochloride,A375,24H,10.0,64,22,0,0,1.0,1.0,0.0,0.0,-0.0,-0.0,0.0,1.0,False,1.0,-0.9543441206638258,1.0,chem
CPC005 A375 24H-c2 ceramide-10.0,c2 ceramide,A375,24H,10.0,57,24,0,2,1.0,0.3567990927411277,0.0,1.6303896103896105,0.4475762586065167,-0.0,0.4475762586065167,0.7245099655650861,True,1.0,-0.09591368493286956,0.4395201599466844,chem
CPC005 A375 24H-ag 527-10.0,ag 527,A375,24H,10.0,79,31,0,0,1.0,1.0,0.0,0.0,-0.0,0.3027797890710162,-0.3027797890710162,1.0,False,1.0,-0.9543441206638258,1.0,chem
CPC005 A375 24H-cortisone-10.0,cortisone,A375,24H,10.0,59,31,0,1,1.0,0.731382275965789,0.0,0.7671802396674003,0.13585556839436858,0.27554765793371394,-0.13969208953934537,0.960172552967361,False,1.0,-0.6937794626179611,0.6897700766411197,chem
CPC005 A375 24H-rlm-1-127-10.0,rlm-1-127,A375,24H,10.0,46,19,0,1,1.0,0.6407694557263302,0.0,0.9908589440504334,0.1932981984307902,-0.0,0.1932981984307902,0.9259666814856249,False,1.0,-0.5836071713413398,0.6467844051982673,chem
CPC005 A375 24H-ki 8751-10.0,ki 8751,A375,24H,10.0,142,70,1,2,0.592252218742723,0.823760949758207,1.1313293970298801,0.6318367346938776,0.3116921031579244,0.07591803311507811,0.23577407004284628,0.8380204239688182,True,1.0,-0.3565331716184167,0.5484838387204265,chem
"CPC005 A375 24H-ym 298198, desmethyl--10.0","ym 298198, desmethyl-",A375,24H,10.0,21,56,0,0,1.0,1.0,0.0,0.0,-0.0,0.4574187663496356,-0.4574187663496356,1.0,False,1.0,-0.9543441206638258,1.0,chem
CPC005 A375 24H-dilazep dihydrochloride-10.0,dilazep dihydrochloride,A375,24H,10.0,59,29,0,1,1.0,0.731382275965789,0.0,0.7671802396674003,0.13585556839436858,0.3232027624497683,-0.18734719405539974,0.960172552967361,False,1.0,-0.6937794626179611,0.6897700766411197,chem
CPC005 A375 24H-pd 158780-10.0,pd 158780,A375,24H,10.0,85,51,1,0,0.4793275202099277,1.0,1.565925925925926,0.0,0.3193676356186813,1.1751692420454232,-0.8558016064267419,0.8318111533096281,True,1.0,-0.3418118575449925,0.5408197267577474,chem
CPC005 A375 24H-cgs 15943-10.0,cgs 15943,A375,24H,10.0,69,41,0,3,1.0,0.19245718290276026,0.0,2.0490516677567037,0.7156658754926478,0.6445780833977223,0.07108779209492555,0.5096038288682874,True,1.0,0.41826972451564026,0.26291236254581807,chem
CPC005 A375 24H-bibu 1361 dihydrochloride-10.0,bibu 1361 dihydrochloride,A375,24H,10.0,144,68,2,2,0.2127628920777679,0.8297203820093362,2.396212121212121,0.6227364185110664,0.7531723563345163,0.18145839501491287,0.5717139613196034,0.48268613331657595,True,1.0,0.4902054093798489,0.246917694101966,chem
CPC005 A375 24H-bisindolylmaleimide iv-10.0,bisindolylmaleimide iv,A375,24H,10.0,47,35,0,1,1.0,0.6487051647006395,0.0,0.9691643539932162,0.18795264439741394,0.26695242495467336,-0.07899978055725942,0.9294498119856278,False,1.0,-0.5938596952182346,0.6511162945684772,chem
CPC005 A375 24H-e6 berbamine-10.0,e6 berbamine,A375,24H,10.0,96,56,1,2,0.5117356325563969,0.6270766769139553,1.4224466891133558,0.9480243161094225,0.49363369350062836,0.14963907412534697,0.3439946193752814,0.6856403326395263,True,1.0,-0.007577668121126221,0.40719760079973344,chem
CPC005 A375 24H-purvalanol a-10.0,purvalanol a,A375,24H,10.0,96,67,1,0,0.5761845096666045,1.0,1.1833146277590723,0.0,0.23943842161399886,0.11044842259476602,0.12898999901923286,0.8938507829022412,True,1.0,-0.49511237044371975,0.611462845718094,chem
CPC005 A375 24H-pac 1-10.0,pac 1,A375,24H,10.0,181,125,4,5,0.07340725273238677,0.3650764666048621,2.657766475948294,1.276542800265428,1.5718771905461146,0.3277662328590339,1.2441109576870808,0.12379599419083533,True,1.0,2.0604431823917664,0.047317560813062313,chem
CPC005 A375 24H-gr 103691-10.0,gr 103691,A375,24H,10.0,42,36,0,1,1.0,0.6072067945410671,0.0,1.0882200311364816,0.216663377403777,0.38137597042152427,-0.16471259301774727,0.9101336802598143,True,1.0,-0.5387938453862066,0.6254581806064645,chem
CPC005 A375 24H-v-ama37-10.0,v-ama37,A375,24H,10.0,81,26,0,1,1.0,0.8359751513899556,0.0,0.5542553191489362,0.07780663138228645,-0.0,0.07780663138228645,0.9857454412722926,False,1.0,-0.8051146224589772,0.7354215261579473,chem
CPC005 A375 24H-ritodrine hydrochloride-10.0,ritodrine hydrochloride,A375,24H,10.0,35,39,0,0,1.0,1.0,0.0,0.0,-0.0,1.717035692826145,-1.717035692826145,1.0,False,1.0,-0.9543441206638258,1.0,chem
CPC005 A375 24H-niridazole-10.0,niridazole,A375,24H,10.0,83,44,2,2,0.10664407559233556,0.5474590331479379,3.7797619047619047,1.1024691358024692,1.2337116398626087,-0.0,1.2337116398626087,0.2242341161151032,True,1.0,1.4118573929528127,0.09796734421859381,chem
CPC005 A375 24H-indirubin-3-oxime-10.0,indirubin-3-oxime,A375,24H,10.0,93,95,0,2,1.0,0.6097068788929911,0.0,0.9797488226059654,0.21487890511189192,0.6172723952010049,-0.40239349008911296,0.9113757971844759,False,1.0,-0.5422163802003676,0.6264578473842053,chem
CPC005 A375 24H-cmpd-1-10.0,cmpd-1,A375,24H,10.0,76,87,0,2,1.0,0.49997088260222594,0.0,1.2081081081081082,0.3010552874507807,0.6687530279823571,-0.36769774053157644,0.8465534067899609,True,1.0,-0.37693408915300974,0.5578140619793402,chem
CPC005 A375 24H-fluphenazine dihydrochloride-10.0,fluphenazine dihydrochloride,A375,24H,10.0,44,16,0,2,1.0,0.2511692107532274,0.0,2.139455782312925,0.6000335990889489,-0.0,0.6000335990889489,0.5981917306989533,True,1.0,0.19649239940274754,0.3338887037654115,chem
CPC005 A375 24H-calcipotriol-10.0,calcipotriol,A375,24H,10.0,55,46,1,0,0.44479629002890175,1.0,1.741289437585734,0.0,0.3518388437881739,-0.0,0.3518388437881739,0.8051430568568094,True,1.0,-0.2795335913464415,0.5131622792402533,chem
CPC005 A375 24H-ro 90-7501-10.0,ro 90-7501,A375,24H,10.0,46,30,1,1,0.31837322969696735,0.6407694557263302,2.7088122605363987,0.9908589440504334,0.6903616553314419,-0.0,0.6903616553314419,0.5282917040971716,True,1.0,0.3697374077961498,0.2745751416194602,chem
CPC005 A375 24H-linopirdine dihydrochloride-10.0,linopirdine dihydrochloride,A375,24H,10.0,45,36,0,2,1.0,0.25935271340486415,0.0,2.0893687707641195,0.5861092039626837,-0.0,0.5861092039626837,0.6093663993562095,True,1.0,0.16978605753210257,0.34155281572809065,chem
CPC005 A375 24H-am 281-10.0,am 281,A375,24H,10.0,40,25,0,0,1.0,1.0,0.0,0.0,-0.0,2.027959214935304,-2.027959214935304,1.0,False,1.0,-0.9543441206638258,1.0,chem
CPC005 A375 24H-daphnetin-10.0,daphnetin,A375,24H,10.0,63,69,2,1,0.21742672465468826,0.754393433432854,2.360074626865672,0.7172271791352093,0.7850891769055831,0.36162917004299444,0.42346000686258867,0.46053949717302867,True,1.0,0.5514203859634365,0.23092302565811396,chem
CPC005 A375 24H-methoxsalen-10.0,methoxsalen,A375,24H,10.0,62,50,1,4,0.47259539417038376,0.04650756461852421,1.598135550516503,3.135432283858071,1.6579869170824892,-0.0,1.6579869170824892,0.10588851693989412,True,1.0,2.2255976307117766,0.04031989336887704,chem
CPC005 A375 24H-mbcq-10.0,mbcq,A375,24H,10.0,64,45,1,2,0.4376233415150166,0.41167055954271353,1.7811447811447811,1.444700460829493,0.744349712383366,-0.0,0.744349712383366,0.4889322650077933,True,1.0,0.47328398884949113,0.24791736087970676,chem
CPC005 A375 24H-ml 9 hydrochloride-10.0,ml 9 hydrochloride,A375,24H,10.0,68,29,0,0,1.0,1.0,0.0,0.0,-0.0,0.3232027624497683,-0.3232027624497683,1.0,False,1.0,-0.9543441206638258,1.0,chem
CPC005 A375 24H-thapsigargin-10.0,thapsigargin,A375,24H,10.0,170,200,3,6,0.4676350862043478,0.16948148312216363,1.1941785002891474,1.6592539454806312,1.1009706557661965,1.5787763050417576,-0.47780564927556113,0.2801743810234131,True,1.0,1.1572663626510549,0.12295901366211263,chem
CPC005 A375 24H-manumycin a-10.0,manumycin a,A375,24H,10.0,227,150,1,4,0.8555085620746835,0.740089015993872,0.5172756649266717,0.7940469227269773,0.1984916809180024,0.09580960273679774,0.10268207818120466,0.9225310273255057,False,1.0,-0.5736463136132312,0.6444518493835388,chem
CPC005 A375 24H-zamifenacin fumarate-10.0,zamifenacin fumarate,A375,24H,10.0,42,26,1,0,0.28256026853690286,1.0,3.1441975308641976,0.0,0.5488889053617282,-0.0,0.5488889053617282,0.6396778533983358,True,1.0,0.09839925688827286,0.3665444851716095,chem
CPC005 A375 24H-sb 258585 hydrochloride-10.0,sb 258585 hydrochloride,A375,24H,10.0,50,36,0,1,1.0,0.6714827869538534,0.0,0.9093935446519034,0.1729651157231477,-0.0,0.1729651157231477,0.9389121529512973,False,1.0,-0.6226050777602773,0.6624458513828724,chem
CPC005 A375 24H-tcs 359-10.0,tcs 359,A375,24H,10.0,17,82,0,0,1.0,1.0,0.0,0.0,-0.0,0.2669079324769538,-0.2669079324769538,1.0,False,1.0,-0.9543441206638258,1.0,chem
CPC005 A375 24H-vorinostat-10.0,vorinostat,A375,24H,10.0,158,189,1,5,0.9132808344702007,0.2656191171732615,0.4074074074074074,1.4739277706216307,0.6151363271646417,1.0767688523525005,-0.4616325251878588,0.5861829356441155,True,1.0,0.22545872903584116,0.31789403532155946,chem
CPC005 A375 24H-dipropyldopamine-10.0,dipropyldopamine,A375,24H,10.0,113,36,0,3,1.0,0.45307946040599706,0.0,1.2207979071288424,0.3438256253832172,0.11568394172981974,0.22814168365339746,0.8117769233341258,True,1.0,-0.29490257134638775,0.5198267244251916,chem
CPC005 A375 24H-trequinsin hydrochloride-10.0,trequinsin hydrochloride,A375,24H,10.0,42,31,0,2,1.0,0.23483059403922776,0.0,2.2471428571428573,0.6292453232810424,0.3027797890710162,0.3264655342100262,0.5750745050714916,True,1.0,0.252519127015029,0.311562812395868,chem
CPC005 A375 24H-bmy 45778-10.0,bmy 45778,A375,24H,10.0,61,46,0,1,1.0,0.7431436031873149,0.0,0.741371158392435,0.12892725616443745,0.1932981984307902,-0.06437094226635276,0.9637576558347487,False,1.0,-0.7070676430610809,0.6954348550483173,chem
CPC005 A375 24H-liothyronine (l- isomer) sodium-10.0,liothyronine (l- isomer) sodium,A375,24H,10.0,34,57,0,3,1.0,0.037670239407879814,0.0,4.3868647017869575,1.4240016196907932,0.14321894434703947,1.2807826753437537,0.16118661865331263,True,1.0,1.7768247189850719,0.06764411862712429,chem
CPC005 A375 24H-trifluoperazine dihydrochloride-10.0,trifluoperazine dihydrochloride,A375,24H,10.0,26,14,1,1,0.16359123498284758,0.4388444509082874,6.0579297245963915,1.7892198581560284,1.1439293578365377,-0.0,1.1439293578365377,0.26088849663445496,True,1.0,1.2396591541085205,0.11362879040319894,chem
CPC005 A375 24H-ala-ala-phe-cmk-10.0,ala-ala-phe-cmk,A375,24H,10.0,83,32,0,2,1.0,0.5474590331479379,0.0,1.1024691358024692,0.26164837391881857,-0.0,0.26164837391881857,0.87728538779694,True,1.0,-0.4525147154788446,0.5921359546817727,chem
"CPC005 A375 24H-vegf receptor 3 kinase inhibitor, maz51-10.0","vegf receptor 3 kinase inhibitor, maz51",A375,24H,10.0,93,94,0,2,1.0,0.6097068788929911,0.0,0.9797488226059654,0.21487890511189192,1.1563367338254733,-0.9414578287135814,0.9113757971844759,False,1.0,-0.5422163802003676,0.6264578473842053,chem
CPC005 A375 24H-n-ethylmaleimide-10.0,n-ethylmaleimide,A375,24H,10.0,35,31,0,1,1.0,0.5408135634417319,0.0,1.3137254901960784,0.26695242495467336,-0.0,0.26695242495467336,0.8732412092558232,True,1.0,-0.44234179241982474,0.5888037320893036,chem
CPC005 A375 24H-hexylresorcinol-10.0,hexylresorcinol,A375,24H,10.0,55,34,2,0,0.06849795862817308,1.0,4.96875,0.0,1.1643223711313753,-0.0,1.1643223711313753,0.2521376522712992,True,1.0,1.2787720046047861,0.10963012329223593,chem
CPC005 A375 6H-hydrocortisone hemisuccinate-10.0,hydrocortisone hemisuccinate,A375,6H,10.0,52,47,0,0,1.0,1.0,0.0,0.0,-0.0,0.5013389412669826,-0.5013389412669826,1.0,False,1.0,-0.9543441206638258,1.0,chem
CPC005 A375 6H-rhodomyrtoxin b-10.0,rhodomyrtoxin b,A375,6H,10.0,123,59,0,3,1.0,0.5093585555328166,0.0,1.1172661870503597,0.2929763947387971,0.46908990942618556,-0.17611351468738845,0.8529734054737608,True,1.0,-0.39242902941763336,0.56647784071976,chem
CPC005 A375 6H-amyleine hydrochloride-10.0,amyleine hydrochloride,A375,6H,10.0,31,36,1,0,0.36880667214133844,1.0,2.2423280423280425,0.0,0.4332012306554081,-0.0,0.4332012306554081,0.7366849457620127,True,1.0,-0.1234843195910483,0.4521826057980673,chem
CPC005 A375 6H-fluocinonide-10.0,fluocinonide,A375,6H,10.0,42,47,0,1,1.0,0.6072067945410671,0.0,1.0882200311364816,0.216663377403777,0.5595209518507488,-0.3428575744469718,0.9101336802598143,True,1.0,-0.5387938453862066,0.6254581806064645,chem
CPC005 A375 6H-isoxsuprine hydrochloride-10.0,isoxsuprine hydrochloride,A375,6H,10.0,90,13,0,2,1.0,0.591734328636421,0.0,1.0136363636363637,0.22787323500741302,0.6008860685960127,-0.37301283358859966,0.9022158598324803,True,1.0,-0.5172938601610494,0.6174608463845385,chem
CPC005 A375 6H-etoposide-10.0,etoposide,A375,6H,10.0,215,116,2,7,0.43424932881752276,0.19252362699827702,1.3767543859649123,1.5266381766381767,1.077776809273458,0.4453457522393272,0.6324310570341309,0.2910791829507658,True,1.0,1.1127816444199605,0.13095634788403865,chem
CPC005 A375 6H-trichostatin a-10.0,trichostatin a,A375,6H,10.0,233,161,1,10,0.8748463924204599,0.03161880607048996,0.4808641975308642,2.075349911672782,1.5581227278272256,0.5686242922032891,0.9894984356239365,0.12690339629904335,True,1.0,2.0340627629705446,0.04865044985004998,chem
CPC005 A375 6H-geldanamycin-10.0,geldanamycin,A375,6H,10.0,140,78,0,4,1.0,0.36889413534883414,0.0,1.3205456095481671,0.43309824909926165,0.6902469745304245,-0.25714872543116285,0.7367721784278104,True,1.0,-0.123681833423418,0.4525158280573142,chem
CPC005 A375 6H-bvt 948-10.0,bvt 948,A375,6H,10.0,107,31,0,1,1.0,0.908636776675755,0.0,0.4165663053659842,0.04160968928662406,0.4293238758501694,-0.38771418656354534,0.9956931302038672,False,1.0,-0.8745386729482701,0.7520826391202933,chem
CPC005 A375 6H-metergoline-10.0,metergoline,A375,6H,10.0,29,28,0,0,1.0,1.0,0.0,0.0,-0.0,0.9036632670315768,-0.9036632670315768,1.0,False,1.0,-0.9543441206638258,1.0,chem
CPC005 A375 6H-triamcinolone diacetate-10.0,triamcinolone diacetate,A375,6H,10.0,32,26,1,1,0.28256026853690286,0.50905354969512,3.1441975308641976,1.441546556851979,0.8421254351785362,0.35768938883102475,0.4844360463475115,0.42275020392834517,True,1.0,0.6608132751085213,0.20459846717760746,chem
"CPC005 A375 6H-ici 204,448 hydrochloride-10.0","ici 204,448 hydrochloride",A375,6H,10.0,30,37,0,1,1.0,0.4866779630748387,0.0,1.5414526779163609,0.31275831829660106,-0.0,0.31275831829660106,0.8371603837039141,True,1.0,-0.3544882205995071,0.5474841719426857,chem
CPC005 A375 6H-triamcinolone-10.0,triamcinolone,A375,6H,10.0,50,24,1,0,0.26396306020823945,1.0,3.418679549114332,0.0,0.5784568453658027,0.3837413370785968,0.19471550828720585,0.6155476311933638,True,1.0,0.15510918985118016,0.34588470509830055,chem
CPC005 A375 6H-fludrocortisone acetate-10.0,fludrocortisone acetate,A375,6H,10.0,20,45,2,1,0.11072197576051265,0.35867553496041954,3.691279069767442,2.356476297125793,1.4010644183956942,0.19883252618512057,1.2022318922105737,0.1678310348704561,True,1.0,1.732832234299885,0.07030989670109963,chem
CPC005 A375 6H-penicillic acid-10.0,penicillic acid,A375,6H,10.0,67,31,0,1,1.0,0.7754460309199388,0.0,0.6733290350311627,0.11044842259476602,0.8317058850046023,-0.7212574624098362,0.9726550549608176,False,1.0,-0.7425091859221793,0.7140953015661446,chem
CPC005 A375 6H-periplocymarin-10.0,periplocymarin,A375,6H,10.0,181,116,1,4,0.7750828448278925,0.565451484459466,0.6738593666129898,1.0079423565053631,0.3582565268475476,0.5320739179357704,-0.1738173910882228,0.799809180703126,True,1.0,-0.2672247738899628,0.506164611796068,chem
CPC005 A375 6H-quinacrine dihydrochloride dihydrate-10.0,quinacrine dihydrochloride dihydrate,A375,6H,10.0,150,124,2,4,0.468478117705648,0.4188750088455136,1.2848360655737705,1.2281119714115545,0.7072262398879607,0.11845953817691639,0.5887667017110444,0.5157903924838814,True,1.0,0.40208289617023585,0.26724425191602796,chem
CPC005 A375 6H-dihydro-7-desacetyldeoxygedunin-10.0,dihydro-7-desacetyldeoxygedunin,A375,6H,10.0,41,34,0,0,1.0,1.0,0.0,0.0,-0.0,0.2753470641431871,-0.2753470641431871,1.0,False,1.0,-0.9543441206638258,1.0,chem
CPC005 A375 6H-dipivefrin hydrochloride-10.0,dipivefrin hydrochloride,A375,6H,10.0,41,25,0,0,1.0,1.0,0.0,0.0,-0.0,-0.0,0.0,1.0,False,1.0,-0.9543441206638258,1.0,chem
CPC005 A375 6H-calyculin a-10.0,calyculin a,A375,6H,10.0,71,26,0,0,1.0,1.0,0.0,0.0,-0.0,-0.0,0.0,1.0,False,1.0,-0.9543441206638258,1.0,chem
CPC005 A375 6H-citalopram hydrobromide-10.0,citalopram hydrobromide,A375,6H,10.0,34,37,0,1,1.0,0.5304603602039942,0.0,1.3537502686438856,0.2753470641431871,-0.0,0.2753470641431871,0.8667775572045433,True,1.0,-0.4262412651067009,0.5821392869043652,chem
CPC005 A375 6H-trimeprazine tartrate-10.0,trimeprazine tartrate,A375,6H,10.0,48,24,0,0,1.0,1.0,0.0,0.0,-0.0,0.3837413370785968,-0.3837413370785968,1.0,False,1.0,-0.9543441206638258,1.0,chem
CPC005 A375 6H-tetrindole mesylate-10.0,tetrindole mesylate,A375,6H,10.0,89,58,1,2,0.5241335714508069,0.5856094367718828,1.372103097249296,1.0254515599343186,0.5129499557467303,0.30638536834474084,0.20656458740198946,0.6694648765012227,True,1.0,0.029470023971032676,0.39053648783738754,chem
CPC005 A375 6H-tianeptine-10.0,tianeptine,A375,6H,10.0,58,19,0,2,1.0,0.36475958920220486,0.0,1.6010204081632653,0.4379932820723121,0.463125985490834,-0.025132703418521918,0.732625763651118,True,1.0,-0.11429338797491335,0.4488503832055981,chem
CPC005 A375 6H-cgp 54626 hydrochloride-10.0,cgp 54626 hydrochloride,A375,6H,10.0,74,22,0,3,1.0,0.22091957808218016,0.0,1.9032323437025027,0.6557657948741976,0.618219265139391,0.037546529734806655,0.5544985406548764,True,1.0,0.30338415738188135,0.2939020326557814,chem
CPC005 A375 6H-bntx maleate-10.0,bntx maleate,A375,6H,10.0,199,80,0,7,1.0,0.14662116202412823,0.0,1.658179012345679,0.8338033428802196,0.6259506019535045,0.20785274092671513,0.42811959252901977,True,1.0,0.6448518893547749,0.2092635788070643,chem
CPC005 A375 6H-ca-074-me-10.0,ca-074-me,A375,6H,10.0,89,26,0,0,1.0,1.0,0.0,0.0,-0.0,0.9572100567442597,-0.9572100567442597,1.0,False,1.0,-0.9543441206638258,1.0,chem
CPC005 A375 6H-bromocryptine mesylate-10.0,bromocryptine mesylate,A375,6H,10.0,36,43,0,0,1.0,1.0,0.0,0.0,-0.0,-0.0,0.0,1.0,False,1.0,-0.9543441206638258,1.0,chem
CPC005 A375 6H-helveticoside-10.0,helveticoside,A375,6H,10.0,72,53,0,1,1.0,0.7992585201226767,0.0,0.6254120467485765,0.09731272543783062,0.15939634780318535,-0.062083622365354724,0.9783490408718478,False,1.0,-0.767702841790265,0.7240919693435521,chem
CPC005 A375 6H-dihydroergocristine-10.0,dihydroergocristine,A375,6H,10.0,76,46,0,4,1.0,0.08498648384953789,0.0,2.5201288244766507,1.070650138477656,0.1932981984307902,0.8773519400468659,0.2945005221202495,True,1.0,1.0991130214782558,0.13328890369876709,chem
CPC005 A375 6H-cimaterol-10.0,cimaterol,A375,6H,10.0,47,43,0,1,1.0,0.6487051647006395,0.0,0.9691643539932162,0.18795264439741394,0.5554829157605377,-0.3675302713631237,0.9294498119856278,False,1.0,-0.5938596952182346,0.6511162945684772,chem
CPC005 A375 6H-psb 36-10.0,psb 36,A375,6H,10.0,56,85,0,1,1.0,0.7127304507454809,0.0,0.8094132817537073,0.1470746859789352,-0.0,0.1470746859789352,0.9540980287345754,False,1.0,-0.6722617171802987,0.6814395201599467,chem
CPC005 A375 6H-articaine hydrochloride-10.0,articaine hydrochloride,A375,6H,10.0,43,29,0,0,1.0,1.0,0.0,0.0,-0.0,-0.0,0.0,1.0,False,1.0,-0.9543441206638258,1.0,chem
CPC005 A375 6H-sr 202-10.0,sr 202,A375,6H,10.0,43,25,0,1,1.0,0.6158785350844703,0.0,1.0621411685241473,0.2105049319006799,-0.0,0.2105049319006799,0.9143982595785249,True,1.0,-0.5506054572735489,0.631789403532156,chem
CPC005 A375 6H-lasalocid sodium-10.0,lasalocid sodium,A375,6H,10.0,49,35,1,0,0.3606648044546297,1.0,2.308641975308642,0.0,0.44289623632572833,0.5987741068361363,-0.15587787051040797,0.7284730339492311,True,1.0,-0.10488974987928945,0.44518493835388206,chem
CPC005 A375 6H-wortmannin-10.0,wortmannin,A375,6H,10.0,142,109,0,2,1.0,0.823760949758207,0.0,0.6318367346938776,0.08419879954456574,0.2336304202900652,-0.14943162074549945,0.9834675220760742,False,1.0,-0.7928547413877719,0.728757080973009,chem
CPC005 A375 6H-sdm25n hydrochloride-10.0,sdm25n hydrochloride,A375,6H,10.0,42,39,0,1,1.0,0.6072067945410671,0.0,1.0882200311364816,0.216663377403777,0.23656599957603974,-0.01990262217226274,0.9101336802598143,True,1.0,-0.5387938453862066,0.6254581806064645,chem
CPC005 A375 6H-doxorubicin hydrochloride-10.0,doxorubicin hydrochloride,A375,6H,10.0,96,187,2,1,0.6910036994265711,0.8829370996986431,0.8387837837837838,0.4656215005599104,0.2145898619288014,0.556969967020241,-0.3423801050914397,0.9115765036164818,False,1.0,-0.5427707515747071,0.6264578473842053,chem
CPC005 A375 6H-fluocinolone acetonide-10.0,fluocinolone acetonide,A375,6H,10.0,70,90,2,2,0.3162119251702138,0.4568394745592374,1.790909090909091,1.3159663865546218,0.8402581323739038,0.2899680456015297,0.5502900867723741,0.42395066851868357,True,1.0,0.6572318752254871,0.20626457847384205,chem
CPC005 A375 6H-cercosporin-10.0,cercosporin,A375,6H,10.0,204,41,0,6,1.0,0.29018263398651983,0.0,1.3667557932263814,0.537328581524394,0.03207676003188852,0.5052518214925055,0.6492095836720659,True,1.0,0.07622709373607554,0.3735421526157947,chem
CPC005 A375 6H-simvastatin-10.0,simvastatin,A375,6H,10.0,50,36,0,2,1.0,0.3002473560088206,0.0,1.8702380952380953,0.5225208083241747,-0.0,0.5225208083241747,0.661489549258411,True,1.0,0.04782647382820727,0.3842052649116961,chem
CPC005 A375 6H-thioridazine hydrochloride-10.0,thioridazine hydrochloride,A375,6H,10.0,52,40,0,0,1.0,1.0,0.0,0.0,-0.0,-0.0,0.0,1.0,False,1.0,-0.9543441206638258,1.0,chem
"CPC005 A375 6H-hydroxytacrine maleate (r,s)-10.0","hydroxytacrine maleate (r,s)",A375,6H,10.0,28,23,2,2,0.033758567876389485,0.12483510559722781,7.58452380952381,3.464835164835165,2.375279252554674,-0.0,2.375279252554674,0.027263202563353912,True,1.0,3.601330950443534,0.006331222925691436,chem
CPC005 A375 6H-dihydrexidine hydrochloride-10.0,dihydrexidine hydrochloride,A375,6H,10.0,62,23,0,0,1.0,1.0,0.0,0.0,-0.0,-0.0,0.0,1.0,False,1.0,-0.9543441206638258,1.0,chem
CPC005 A375 6H-maprotiline hydrochloride-10.0,maprotiline hydrochloride,A375,6H,10.0,42,27,0,1,1.0,0.6072067945410671,0.0,1.0882200311364816,0.216663377403777,-0.0,0.216663377403777,0.9101336802598143,True,1.0,-0.5387938453862066,0.6254581806064645,chem
"CPC005 A375 6H-tamoxifen, 4-hydroxy-, (z)--10.0","tamoxifen, 4-hydroxy-, (z)-",A375,6H,10.0,55,28,0,2,1.0,0.34077621024715454,0.0,1.6924528301886792,0.46753073115595595,1.2000129473509524,-0.7324822161949964,0.7076317826209719,True,1.0,-0.05764193517847551,0.42452515828057313,chem
CPC005 A375 6H-linoleic acid-10.0,linoleic acid,A375,6H,10.0,43,27,0,1,1.0,0.6158785350844703,0.0,1.0621411685241473,0.2105049319006799,-0.0,0.2105049319006799,0.9143982595785249,True,1.0,-0.5506054572735489,0.631789403532156,chem
CPC005 A375 6H-gsk-3 inhibitor ii-10.0,gsk-3 inhibitor ii,A375,6H,10.0,64,20,0,2,1.0,0.41167055954271353,0.0,1.444700460829493,0.3854501902901507,0.7117002069413388,-0.32625001665118813,0.7770412978887299,True,1.0,-0.21506859288332603,0.48717094301899366,chem
CPC005 A375 6H-digitoxigenin-10.0,digitoxigenin,A375,6H,10.0,158,102,2,5,0.3717660614342895,0.2656191171732615,1.573,1.4739277706216307,1.0054709306276648,0.26914981475132205,0.7363211158763427,0.32736820293155167,True,1.0,0.9741023339823041,0.15361546151282907,chem
CPC005 A375 6H-dihomo-gamma-linolenic acid-10.0,dihomo-gamma-linolenic acid,A375,6H,10.0,32,32,1,0,0.3356116081383177,1.0,2.533253683791318,0.0,0.4741630262008153,0.29323652981680803,0.18092649638400726,0.7020326021274549,True,1.0,-0.04492150192095514,0.41886037987337554,chem
CPC005 A375 6H-phenamil-10.0,phenamil,A375,6H,10.0,37,16,0,0,1.0,1.0,0.0,0.0,-0.0,0.5243113267647002,-0.5243113267647002,1.0,False,1.0,-0.9543441206638258,1.0,chem
CPC005 A375 6H-mitoxantrone dihydrochloride-10.0,mitoxantrone dihydrochloride,A375,6H,10.0,69,188,0,3,1.0,0.19245718290276026,0.0,2.0490516677567037,0.7156658754926478,0.9261492771101536,-0.21048340161750578,0.5096038288682874,True,1.0,0.41826972451564026,0.26291236254581807,chem
CPC005 A375 6H-oxotremorine sesquifumarate-10.0,oxotremorine sesquifumarate,A375,6H,10.0,36,22,0,0,1.0,1.0,0.0,0.0,-0.0,-0.0,0.0,1.0,False,1.0,-0.9543441206638258,1.0,chem
CPC005 A375 6H-sb 203186 hydrochloride-10.0,sb 203186 hydrochloride,A375,6H,10.0,29,46,0,0,1.0,1.0,0.0,0.0,-0.0,-0.0,0.0,1.0,False,1.0,-0.9543441206638258,1.0,chem
CPC005 A375 6H-ly-294002-10.0,ly-294002,A375,6H,10.0,59,38,2,1,0.08313025277671661,0.731382275965789,4.413888888888889,0.7671802396674003,1.2160964673178771,0.6937937190077564,0.5223027483101207,0.23105004352837907,True,1.0,1.3780723117464753,0.10063312229256914,chem
CPC005 A375 6H-splitomicin-10.0,splitomicin,A375,6H,10.0,56,37,0,0,1.0,1.0,0.0,0.0,-0.0,0.29095434170711326,-0.29095434170711326,1.0,False,1.0,-0.9543441206638258,1.0,chem
CPC005 A375 6H-BRD-K31342827-10.0,brd-k31342827,A375,6H,10.0,81,76,0,2,1.0,0.5342135057225317,0.0,1.1307414104882458,0.27228513655683023,0.08804976007215684,0.1842353764846734,0.8691438431256362,True,1.0,-0.43211389972837716,0.5844718427190936,chem
CPC005 A375 6H-i-ome-ag 538-10.0,i-ome-ag 538,A375,6H,10.0,64,55,2,0,0.153482108122576,1.0,2.9900943396226416,0.0,0.8139422442683899,0.4032591398711221,0.4106831043972678,0.4411338668851087,True,1.0,0.606759226467494,0.21759413528823726,chem
CPC005 A375 6H-sb 206553 hydrochloride-10.0,sb 206553 hydrochloride,A375,6H,10.0,80,52,0,1,1.0,0.8322496989743087,0.0,0.5613609839303348,0.0797463532560896,0.49959114041938535,-0.41984478716329576,0.9850696892279829,False,1.0,-0.801394326171346,0.7337554148617128,chem
CPC005 A375 6H-paxilline-10.0,paxilline,A375,6H,10.0,55,41,0,1,1.0,0.7062317609264366,0.0,0.8245337536117678,0.1510527550752136,0.2963496803193755,-0.14529692524416188,0.9518675165134086,False,1.0,-0.6646319657758832,0.6794401866044651,chem
CPC005 A375 6H-gw 5074-10.0,gw 5074,A375,6H,10.0,33,39,1,0,0.3926227282495143,1.0,2.064327485380117,0.0,0.4060245634531765,-0.0,0.4060245634531765,0.7596881147142152,True,1.0,-0.1756079025995846,0.47317560813062315,chem
CPC005 A375 6H-zm 39923 hydrochloride-10.0,zm 39923 hydrochloride,A375,6H,10.0,39,25,0,1,1.0,0.5800080222144941,0.0,1.1746920492721165,0.23656599957603974,-0.0,0.23656599957603974,0.895946131618933,True,1.0,-0.5006215422423433,0.6131289570143286,chem
CPC005 A375 6H-rho-kinase inhibitor ii-10.0,rho-kinase inhibitor ii,A375,6H,10.0,68,29,0,3,1.0,0.18688175891338424,0.0,2.080907581627006,0.7284330870099992,0.23536909605855375,0.4930639909514455,0.5003346399045383,True,1.0,0.4427566420747426,0.2582472509163612,chem
CPC005 A375 6H-ki 8751-10.0,ki 8751,A375,6H,10.0,108,28,0,2,1.0,0.6906105767089603,0.0,0.8390835579514825,0.1607667747106249,0.7332735274718815,-0.5725067527612566,0.9462602329329548,False,1.0,-0.646000928163908,0.6717760746417861,chem
CPC005 A375 6H-dilazep dihydrochloride-10.0,dilazep dihydrochloride,A375,6H,10.0,42,43,0,0,1.0,1.0,0.0,0.0,-0.0,0.995780971257631,-0.995780971257631,1.0,False,1.0,-0.9543441206638258,1.0,chem
CPC005 A375 6H-pd 158780-10.0,pd 158780,A375,6H,10.0,84,17,1,0,0.19504431421926893,1.0,4.919753086419753,0.0,0.7098667053839154,-0.0,0.7098667053839154,0.5138498033701566,True,1.0,0.40714718611555584,0.26657780739753417,chem
CPC005 A375 6H-bibu 1361 dihydrochloride-10.0,bibu 1361 dihydrochloride,A375,6H,10.0,92,52,0,3,1.0,0.3282040419466988,0.0,1.5139439010589282,0.48385607476269943,2.7571788373443527,-2.2733227625816532,0.6938626585647172,True,1.0,-0.026330685852101295,0.4145284905031656,chem
CPC005 A375 6H-e6 berbamine-10.0,e6 berbamine,A375,6H,10.0,43,23,0,2,1.0,0.24299369171813912,0.0,2.19198606271777,0.6144050008361067,-0.0,0.6144050008361067,0.5867616776915617,True,1.0,0.22405607917049664,0.31922692435854716,chem
CPC005 A375 6H-purvalanol a-10.0,purvalanol a,A375,6H,10.0,176,148,3,4,0.2887525535704789,0.5430756741903018,1.636054124836316,1.0380856083586114,0.8046138164000172,0.3784334691317085,0.42618034726830867,0.44734339994333616,True,1.0,0.5888677359209143,0.22125958013995334,chem
CPC005 A375 6H-pac 1-10.0,pac 1,A375,6H,10.0,113,38,2,2,0.08313025277671661,0.7143548097752149,4.413888888888889,0.8006435006435006,1.2263269257278102,0.35940354378970385,0.8669233819381064,0.22706980930425189,True,1.0,1.3976938548951414,0.09863378873708764,chem
CPC005 A375 6H-indirubin-3-oxime-10.0,indirubin-3-oxime,A375,6H,10.0,83,29,0,2,1.0,0.5474590331479379,0.0,1.1024691358024692,0.26164837391881857,0.5068272090598814,-0.24517883514106287,0.87728538779694,True,1.0,-0.4525147154788446,0.5921359546817727,chem
CPC005 A375 6H-cmpd-1-10.0,cmpd-1,A375,6H,10.0,37,31,0,0,1.0,1.0,0.0,0.0,-0.0,1.2555418569866041,-1.2555418569866041,1.0,False,1.0,-0.9543441206638258,1.0,chem
CPC005 A375 6H-anpirtoline hydrochloride-10.0,anpirtoline hydrochloride,A375,6H,10.0,37,58,0,0,1.0,1.0,0.0,0.0,-0.0,-0.0,0.0,1.0,False,1.0,-0.9543441206638258,1.0,chem
CPC005 A375 6H-tas 301-10.0,tas 301,A375,6H,10.0,23,19,1,2,0.21536096059990822,0.08957928566628257,4.3717421124828535,4.293197278911564,1.714625425396729,1.0574609197060727,0.6571645056906563,0.09545759589668425,True,1.0,2.3342276539456237,0.03598800399866711,chem
CPC005 A375 6H-calcipotriol-10.0,calcipotriol,A375,6H,10.0,62,22,0,2,1.0,0.3962092340634282,0.0,1.4933333333333334,0.4020754070002483,0.2612162971017878,0.1408591098984605,0.7630248296592255,True,1.0,-0.18318220089952464,0.47517494168610463,chem
CPC005 A375 6H-bms 182874 hydrochloride-10.0,bms 182874 hydrochloride,A375,6H,10.0,68,24,0,0,1.0,1.0,0.0,0.0,-0.0,-0.0,0.0,1.0,False,1.0,-0.9543441206638258,1.0,chem
CPC005 A375 6H-indomethacin-10.0,indomethacin,A375,6H,10.0,39,19,0,0,1.0,1.0,0.0,0.0,-0.0,-0.0,0.0,1.0,False,1.0,-0.9543441206638258,1.0,chem
CPC005 A375 6H-ro 90-7501-10.0,ro 90-7501,A375,6H,10.0,67,36,1,1,0.36880667214133844,0.7754460309199388,2.2423280423280425,0.6733290350311627,0.5436496532501741,0.2588956525938111,0.284754000656363,0.643991421102381,True,1.0,0.08835061515059824,0.3708763745418194,chem
CPC005 A375 6H-am 281-10.0,am 281,A375,6H,10.0,45,28,1,2,0.3006931742591438,0.25935271340486415,2.910379515317787,2.0893687707641195,1.107985634243391,0.9557661731200451,0.15221946112334583,0.2769448630174753,True,1.0,1.170720764923351,0.12162612462512495,chem
CPC005 A375 6H-mbcq-10.0,mbcq,A375,6H,10.0,43,27,0,2,1.0,0.24299369171813912,0.0,2.19198606271777,0.6144050008361067,0.3456285941430332,0.2687764066930735,0.5867616776915617,True,1.0,0.22405607917049664,0.31922692435854716,chem
CPC005 A375 6H-etazolate hydrochloride-10.0,etazolate hydrochloride,A375,6H,10.0,76,26,0,0,1.0,1.0,0.0,0.0,-0.0,0.35768938883102475,-0.35768938883102475,1.0,False,1.0,-0.9543441206638258,1.0,chem
CPC005 A375 6H-nabumetone-10.0,nabumetone,A375,6H,10.0,30,57,0,0,1.0,1.0,0.0,0.0,-0.0,-0.0,0.0,1.0,False,1.0,-0.9543441206638258,1.0,chem
CPC005 A375 6H-ml 9 hydrochloride-10.0,ml 9 hydrochloride,A375,6H,10.0,30,27,1,1,0.2916840368340455,0.4866779630748387,3.022792022792023,1.5414526779163609,0.8478456564172053,-0.0,0.8478456564172053,0.41908829237864675,True,1.0,0.6717843932497656,0.20359880039986672,chem
CPC005 A375 6H-manumycin a-10.0,manumycin a,A375,6H,10.0,167,48,1,4,0.4588721505929316,0.5014151295731455,1.6666666666666667,1.0970036454165555,0.6381108651578278,-0.0,0.6381108651578278,0.568151024666836,True,1.0,0.2695228237704696,0.30489836721092967,chem
CPC005 A375 6H-nitrofurazone-10.0,nitrofurazone,A375,6H,10.0,68,20,0,3,1.0,0.18688175891338424,0.0,2.080907581627006,0.7284330870099992,0.23536909605855375,0.4930639909514455,0.5003346399045383,True,1.0,0.4427566420747426,0.2582472509163612,chem
CPC005 A375 6H-vorinostat-10.0,vorinostat,A375,6H,10.0,255,134,1,6,0.8220044335905973,0.4900612691416936,0.5809895108140722,1.0777817150956768,0.39487545961883075,0.41422454656558794,-0.019349086946757188,0.7691017137171937,True,1.0,-0.19699136492246247,0.4805064978340553,chem
CPC005 A375 6H-dipropyldopamine-10.0,dipropyldopamine,A375,6H,10.0,23,45,1,0,0.4376233415150166,1.0,1.7811447811447811,0.0,0.3588995220932153,0.7931674604003593,-0.43426793830714405,0.7992738221710531,True,1.0,-0.2659915389310087,0.506164611796068,chem
CPC005 A375 6H-trequinsin hydrochloride-10.0,trequinsin hydrochloride,A375,6H,10.0,63,24,0,1,1.0,0.754393433432854,0.0,0.7172271791352093,0.12240210054152371,0.25665933834520666,-0.13425723780368293,0.9670126232559566,False,1.0,-0.7195825878931181,0.7030989670109964,chem
CPC005 A375 6H-bmy 45778-10.0,bmy 45778,A375,6H,10.0,115,39,1,1,0.3926227282495143,0.9237282240319958,2.064327485380117,0.38683588403633196,0.4404803499871964,-0.0,0.4404803499871964,0.7305191719894618,True,1.0,-0.1095233074516219,0.4461846051316228,chem
CPC005 A375 6H-ala-ala-phe-cmk-10.0,ala-ala-phe-cmk,A375,6H,10.0,70,36,0,0,1.0,1.0,0.0,0.0,-0.0,0.2588956525938111,-0.2588956525938111,1.0,False,1.0,-0.9543441206638258,1.0,chem
"CPC005 A375 6H-vegf receptor 3 kinase inhibitor, maz51-10.0","vegf receptor 3 kinase inhibitor, maz51",A375,6H,10.0,26,51,0,1,1.0,0.4388444509082874,0.0,1.7892198581560284,0.35768938883102475,0.16829365667717439,0.18939573215385036,0.800281240870174,True,1.0,-0.26831251821348673,0.5091636121292903,chem
CPC005 A549 24H-hydrocortisone hemisuccinate-10.0,hydrocortisone hemisuccinate,A549,24H,10.0,69,69,0,5,1.0,0.017293054547214384,0.0,3.574361313868613,1.7621282886327374,0.9470541653627271,0.8150741232700103,0.08745876441525703,True,1.0,2.425335935053099,0.032322559146951015,chem
CPC005 A549 24H-rhodomyrtoxin b-10.0,rhodomyrtoxin b,A549,24H,10.0,130,128,1,4,0.8075523806626437,0.31873931208116524,0.609021094585399,1.4276512537382102,0.5893936672404232,0.3322665436914523,0.2571271235489709,0.6067219359821437,True,1.0,0.17608550525399555,0.3388870376541153,chem
CPC005 A549 24H-heliotrine-10.0,heliotrine,A549,24H,10.0,56,43,1,2,0.4230017123766502,0.3488038208789939,1.866549088771311,1.6608465608465608,0.831076640879499,-0.0,0.831076640879499,0.42988962799217567,True,1.0,0.6396222018063902,0.21159613462179275,chem
CPC005 A549 24H-homatropine bromide-10.0,homatropine bromide,A549,24H,10.0,90,47,0,1,1.0,0.8660146882025537,0.0,0.49748983982787476,0.06247474198817105,0.18795264439741394,-0.1254779024092429,0.9905938538560416,False,1.0,-0.834520472836622,0.7444185271576141,chem
CPC005 A549 24H-fluorometholone-10.0,fluorometholone,A549,24H,10.0,75,53,0,4,1.0,0.08183948614493604,0.0,2.556031843233313,1.0870371061424184,0.3686152493527731,0.7184218567896453,0.28668334646133775,True,1.0,1.1305424628801914,0.12662445851382872,chem
CPC005 A549 24H-fluocinonide-10.0,fluocinonide,A549,24H,10.0,81,78,0,3,1.0,0.2620344426225369,0.0,1.7304925290536801,0.5816416199100709,0.27342979688063573,0.3082118230294352,0.612971753663844,True,1.0,0.16121743922136078,0.34488503832055983,chem
CPC005 A549 24H-ethopropazine hydrochloride-10.0,ethopropazine hydrochloride,A549,24H,10.0,59,74,0,1,1.0,0.731382275965789,0.0,0.7671802396674003,0.13585556839436858,-0.0,0.13585556839436858,0.960172552967361,False,1.0,-0.6937794626179611,0.6897700766411197,chem
CPC005 A549 24H-isoxsuprine hydrochloride-10.0,isoxsuprine hydrochloride,A549,24H,10.0,34,34,1,0,0.3524192105517165,1.0,2.3789749345304902,0.0,0.4529404260000321,-0.0,0.4529404260000321,0.7199691427045483,True,1.0,-0.08562546149741368,0.4351882705764745,chem
CPC005 A549 24H-gelsemine-10.0,gelsemine,A549,24H,10.0,59,34,0,0,1.0,1.0,0.0,0.0,-0.0,-0.0,0.0,1.0,False,1.0,-0.9543441206638258,1.0,chem
CPC005 A549 24H-etoposide-10.0,etoposide,A549,24H,10.0,100,190,4,1,0.21992019840060492,0.8930215405336677,1.7110559691204852,0.44652195716025506,0.7068729467532746,0.7642588000893349,-0.05738585333606028,0.5160503885975335,True,1.0,0.40140529637865263,0.26724425191602796,chem
CPC005 A549 24H-trichostatin a-10.0,trichostatin a,A549,24H,10.0,166,245,3,5,0.6056267972878631,0.29966959534454546,0.9650591066011089,1.3988756403862719,0.7411522353652756,1.001218239801875,-0.26006600443659933,0.4912090965479654,True,1.0,0.4671513767256382,0.24991669443518827,chem
CPC005 A549 24H-geldanamycin-10.0,geldanamycin,A549,24H,10.0,126,156,1,1,0.866395836830197,0.9405173328316271,0.4967741935483871,0.35217021276595745,0.08891683964122193,0.17345093475436146,-0.08453409511313953,0.9816936504064647,False,1.0,-0.7838057600397033,0.7257580806397868,chem
CPC005 A549 24H-lomatin-10.0,lomatin,A549,24H,10.0,34,38,0,0,1.0,1.0,0.0,0.0,-0.0,0.24371960205988408,-0.24371960205988408,1.0,False,1.0,-0.9543441206638258,1.0,chem
CPC005 A549 24H-bvt 948-10.0,bvt 948,A549,24H,10.0,34,28,0,1,1.0,0.5304603602039942,0.0,1.3537502686438856,0.2753470641431871,0.7870874222601899,-0.5117403581170028,0.8667775572045433,True,1.0,-0.4262412651067009,0.5821392869043652,chem
CPC005 A549 24H-triamcinolone diacetate-10.0,triamcinolone diacetate,A549,24H,10.0,110,86,0,3,1.0,0.4356850840326678,0.0,1.2556310092113225,0.36082730816888536,0.24654447591776416,0.11428283225112121,0.7976677539295958,True,1.0,-0.2622941349487559,0.5034988337220926,chem
CPC005 A549 24H-prozac-10.0,prozac,A549,24H,10.0,52,36,0,5,1.0,0.0053726135718896485,0.0,4.880416213697779,2.269814395171346,0.2588956525938111,2.010918742577535,0.03345226029391436,True,1.0,3.39905426186371,0.007997334221926024,chem
CPC005 A549 24H-leucine enkephalin-10.0,leucine enkephalin,A549,24H,10.0,50,54,0,1,1.0,0.6714827869538534,0.0,0.9093935446519034,0.1729651157231477,-0.0,0.1729651157231477,0.9389121529512973,False,1.0,-0.6226050777602773,0.6624458513828724,chem
CPC005 A549 24H-budesonide-10.0,budesonide,A549,24H,10.0,89,71,1,4,0.5974732240617563,0.1309693570339165,1.1149911816578484,2.1302642796248934,1.1065118575351365,0.8578466947295661,0.24866516280557038,0.27762072740308863,True,1.0,1.167894129780156,0.12162612462512495,chem
CPC005 A549 24H-triamcinolone-10.0,triamcinolone,A549,24H,10.0,106,70,0,6,1.0,0.028526899438647564,0.0,2.7494117647058824,1.5447454288287803,0.7492640085699298,0.7954814202588505,0.12999445047312266,True,1.0,2.0084057260135544,0.050983005664778404,chem
CPC005 A549 24H-fludrocortisone acetate-10.0,fludrocortisone acetate,A549,24H,10.0,113,95,1,6,0.7047388892260853,0.037365776962012,0.8271604938271605,2.5666575041231448,1.5794977452529106,0.05538316788419342,1.5241145773687172,0.12210476262523043,True,1.0,2.0750590516915217,0.04598467177607464,chem
CPC005 A549 24H-pentobarbital-10.0,pentobarbital,A549,24H,10.0,193,100,1,4,0.7232403102257315,0.6166335809359633,0.7847611921685996,0.942105666743348,0.35069020414092383,0.18755221079487303,0.1631379933460508,0.8060958195864055,False,1.0,-0.2817366287371124,0.514161946017994,chem
CPC005 A549 24H-dihydroergocristine mesylate-10.0,dihydroergocristine mesylate,A549,24H,10.0,52,59,1,1,0.5302154054815167,0.6858468627899699,1.3482332907620265,0.8734529272701989,0.43932050151209867,0.13585556839436858,0.3034649331177301,0.731501567714675,True,1.0,-0.11174784285249384,0.4465178273908697,chem
CPC005 A549 24H-periplocymarin-10.0,periplocymarin,A549,24H,10.0,97,97,0,6,1.0,0.01936326730569414,0.0,3.025694893341952,1.7130213591603685,0.14734823737586386,1.5656731217845046,0.09573930213907002,True,1.0,2.3311511295506357,0.03598800399866711,chem
CPC005 A549 24H-quinacrine dihydrochloride dihydrate-10.0,quinacrine dihydrochloride dihydrate,A549,24H,10.0,42,65,0,0,1.0,1.0,0.0,0.0,-0.0,0.1162512261443165,-0.1162512261443165,1.0,False,1.0,-0.9543441206638258,1.0,chem
CPC005 A549 24H-hydrocortisone phosphate triethylamine-10.0,hydrocortisone phosphate triethylamine,A549,24H,10.0,60,35,0,1,1.0,0.7373282957339664,0.0,0.7540569780021638,0.13233909927834112,0.7484799185575953,-0.6161408192792542,0.9620084761089149,False,1.0,-0.7005238867411354,0.692102632455848,chem
CPC005 A549 24H-calyculin a-10.0,calyculin a,A549,24H,10.0,123,116,1,2,0.7750828448278925,0.7572980774715996,0.6738593666129898,0.7332939787485242,0.23138502109560108,1.4822251764332215,-1.2508401553376205,0.899696129942688,False,1.0,-0.510558417867343,0.6147950683105632,chem
CPC005 A549 24H-citalopram hydrobromide-10.0,citalopram hydrobromide,A549,24H,10.0,33,40,0,2,1.0,0.16275415972533228,0.0,2.9036866359447004,0.7884679027740765,0.6604285614684814,0.12803934130559513,0.4582366867517227,True,1.0,0.5579006249478194,0.22659113628790403,chem
CPC005 A549 24H-trimeprazine tartrate-10.0,trimeprazine tartrate,A549,24H,10.0,60,18,0,2,1.0,0.3805671096433224,0.0,1.5453201970443349,0.419568748150007,0.2706566302278198,0.14891211792218717,0.7482302332463664,True,1.0,-0.14963078663923532,0.46217927357547484,chem
CPC005 A549 24H-mdl 73005ef hydrochloride-10.0,mdl 73005ef hydrochloride,A549,24H,10.0,66,25,0,4,1.0,0.05624945791754328,0.0,2.9312762973352036,1.2498816585420058,-0.0,1.2498816585420058,0.21813308454333524,True,1.0,1.4428707362966915,0.09463512162612463,chem
CPC005 A549 24H-tetrindole mesylate-10.0,tetrindole mesylate,A549,24H,10.0,72,31,0,1,1.0,0.7992585201226767,0.0,0.6254120467485765,0.09731272543783062,-0.0,0.09731272543783062,0.9783490408718478,False,1.0,-0.767702841790265,0.7240919693435521,chem
CPC005 A549 24H-bntx maleate-10.0,bntx maleate,A549,24H,10.0,74,99,0,0,1.0,1.0,0.0,0.0,-0.0,0.05032493560880137,-0.05032493560880137,1.0,False,1.0,-0.9543441206638258,1.0,chem
CPC005 A549 24H-n-formylmethionylalanine-10.0,n-formylmethionylalanine,A549,24H,10.0,60,44,0,1,1.0,0.7373282957339664,0.0,0.7540569780021638,0.13233909927834112,0.20456482561205844,-0.07222572633371732,0.9620084761089149,False,1.0,-0.7005238867411354,0.692102632455848,chem
CPC005 A549 24H-helveticoside-10.0,helveticoside,A549,24H,10.0,125,119,1,4,0.7836747881713573,0.29386089524401754,0.6564134756225152,1.4878428554317882,0.6377223274848666,0.5777439324876731,0.059978394997193485,0.5684535152169308,True,1.0,0.2687776265946042,0.30489836721092967,chem
CPC005 A549 24H-hydrocortisone acetate-10.0,hydrocortisone acetate,A549,24H,10.0,161,119,1,5,0.7836747881713573,0.27828878124936546,0.6564134756225152,1.44488115291035,0.6613684259956957,0.5777439324876731,0.08362449350802259,0.5502046065672049,True,1.0,0.31412974315053044,0.2899033655448184,chem
CPC005 A549 24H-psb 36-10.0,psb 36,A549,24H,10.0,52,18,0,1,1.0,0.6858468627899699,0.0,0.8734529272701989,0.16377284357838476,-0.0,0.16377284357838476,0.9444803376759113,False,1.0,-0.6402354279650758,0.6704431856047984,chem
CPC005 A549 24H-lasalocid sodium-10.0,lasalocid sodium,A549,24H,10.0,119,127,1,3,0.8050335131788985,0.4871880857061059,0.6139525769155398,1.1565368394939222,0.40648938078837177,0.9412726154572424,-0.5347832346688706,0.7592952368813162,True,1.0,-0.17471640458128204,0.47184271909363545,chem
CPC005 A549 24H-wortmannin-10.0,wortmannin,A549,24H,10.0,82,176,4,1,0.18326285447900642,0.8396184375627423,1.8545020870602267,0.5473251028806584,0.8128435863175665,0.9099490139052349,-0.09710542758766838,0.44186198417272415,True,1.0,0.6046520516446361,0.21792735754748419,chem
CPC005 A549 24H-sdm25n hydrochloride-10.0,sdm25n hydrochloride,A549,24H,10.0,73,55,0,0,1.0,1.0,0.0,0.0,-0.0,0.21629795878786012,-0.21629795878786012,1.0,False,1.0,-0.9543441206638258,1.0,chem
CPC005 A549 24H-fluocinolone acetonide-10.0,fluocinolone acetonide,A549,24H,10.0,108,76,0,4,1.0,0.21216858773060296,0.0,1.7357859531772575,0.6733189144266584,0.425711453058354,0.24760746136830436,0.5411092699611251,True,1.0,0.3370502238367232,0.2829056981006331,chem
CPC005 A549 24H-cercosporin-10.0,cercosporin,A549,24H,10.0,136,211,1,1,0.9350728147438261,0.9525683260996414,0.3634332745443857,0.32555818229577094,0.050258432343059156,0.10526009110649631,-0.055001658763437156,0.9937987959796539,False,1.0,-0.8579507862413756,0.7470843052315894,chem
CPC005 A549 24H-simvastatin-10.0,simvastatin,A549,24H,10.0,59,28,1,2,0.3006931742591438,0.37268299449326364,2.910379515317787,1.5726817042606516,0.9505368539106417,0.27554765793371394,0.6749891959769277,0.3573351322036097,True,1.0,0.868741331234994,0.1696101299566811,chem
CPC005 A549 24H-BRD-A82238138 (budesonide)-10.0,brd-a82238138 (budesonide),A549,24H,10.0,93,66,0,3,1.0,0.33424933537083606,0.0,1.4968824940047962,0.47592944762638306,0.2700745497359252,0.20585489789045786,0.700542503212572,True,1.0,-0.041533587828380986,0.4178607130956348,chem
CPC005 A549 24H-chromanol 293b-10.0,chromanol 293b,A549,24H,10.0,42,35,1,1,0.3606648044546297,0.6072067945410671,2.308641975308642,1.0882200311364816,0.6595596137295053,0.26695242495467336,0.39260718877483197,0.5515888418557204,True,1.0,0.31066052539832983,0.2925691436187937,chem
CPC005 A549 24H-naltrexone hydrochloride-10.0,naltrexone hydrochloride,A549,24H,10.0,142,98,2,4,0.3534120244859724,0.37892968055996984,1.6395833333333334,1.3009871875656376,0.8731600544024849,0.27087763385583385,0.602282420546651,0.40316445033157944,True,1.0,0.7203362305621971,0.19726757747417528,chem
CPC005 A549 24H-thioridazine hydrochloride-10.0,thioridazine hydrochloride,A549,24H,10.0,81,35,1,3,0.3606648044546297,0.2620344426225369,2.308641975308642,1.7304925290536801,1.0245378562357992,0.26695242495467336,0.7575854312811259,0.3174557620789817,True,1.0,1.0106718100058971,0.14395201599466845,chem
CPC005 A549 24H-triamcinolone acetonide-10.0,triamcinolone acetonide,A549,24H,10.0,118,71,0,4,1.0,0.25954111808014435,0.0,1.580981439105009,0.5857938287954728,0.7983758748507042,-0.21258204605523134,0.6096205955437684,True,1.0,0.1691811826375975,0.34221926024658444,chem
CPC005 A549 24H-tocainide hydrochloride-10.0,tocainide hydrochloride,A549,24H,10.0,49,48,0,0,1.0,1.0,0.0,0.0,-0.0,0.1827872497531294,-0.1827872497531294,1.0,False,1.0,-0.9543441206638258,1.0,chem
"CPC005 A549 24H-tamoxifen, 4-hydroxy-, (z)--10.0","tamoxifen, 4-hydroxy-, (z)-",A549,24H,10.0,86,33,0,2,1.0,0.5668335193650729,0.0,1.0625850340136054,0.24654447591776416,-0.0,0.24654447591776416,0.888619033083886,True,1.0,-0.48148328897433856,0.6054648450516494,chem
CPC005 A549 24H-fgin-1-27-10.0,fgin-1-27,A549,24H,10.0,85,38,1,1,0.38478436874628147,0.8500731001258712,2.1204537871204536,0.5275244849712935,0.4853263053011853,-0.0,0.4853263053011853,0.6926249996433862,True,1.0,-0.023510852097498702,0.41286237920693103,chem
CPC005 A549 24H-triprolidine hydrochloride-10.0,triprolidine hydrochloride,A549,24H,10.0,37,38,0,0,1.0,1.0,0.0,0.0,-0.0,1.3021085164065682,-1.3021085164065682,1.0,False,1.0,-0.9543441206638258,1.0,chem
CPC005 A549 24H-pepstatin a-10.0,pepstatin a,A549,24H,10.0,57,47,1,1,0.4518788513570958,0.7190863678527015,1.703166935050993,0.7948328267477204,0.48819692820689725,-0.0,0.48819692820689725,0.6902097523098334,True,1.0,-0.01800513095080139,0.4085304898367211,chem
"CPC005 A549 24H-l-168,049-10.0","l-168,049",A549,24H,10.0,67,29,1,2,0.30958910347272567,0.4344938346499571,2.8059964726631392,1.3773626373626373,0.8712307151631141,0.23943842161399886,0.6317922935491153,0.40436190305358033,True,1.0,0.7166358476842439,0.1976007997334222,chem
CPC005 A549 24H-digitoxigenin-10.0,digitoxigenin,A549,24H,10.0,149,152,0,5,1.0,0.22852244928303914,0.0,1.5683292781832927,0.6410711298573833,0.2608632472604828,0.3802078825969005,0.5658491961429963,True,1.0,0.275200473706215,0.3042319226924359,chem
CPC005 A549 24H-megestrol acetate-10.0,megestrol acetate,A549,24H,10.0,48,52,0,3,1.0,0.08752570745248299,0.0,3.015347721822542,1.0578643702348192,0.16377284357838476,0.8940915266564344,0.3007228150643737,True,1.0,1.0745905129832225,0.13628790403198934,chem
CPC005 A549 24H-dihomo-gamma-linolenic acid-10.0,dihomo-gamma-linolenic acid,A549,24H,10.0,56,57,0,0,1.0,1.0,0.0,0.0,-0.0,-0.0,0.0,1.0,False,1.0,-0.9543441206638258,1.0,chem
CPC005 A549 24H-mitoxantrone dihydrochloride-10.0,mitoxantrone dihydrochloride,A549,24H,10.0,120,135,0,1,1.0,0.9318746942869267,0.0,0.3702842839263365,0.030642481678608353,0.1259196717730967,-0.09527719009448836,0.997624903963335,False,1.0,-0.8955732667737161,0.7560813062312562,chem
CPC005 A549 24H-ly-294002-10.0,ly-294002,A549,24H,10.0,42,31,0,1,1.0,0.6072067945410671,0.0,1.0882200311364816,0.216663377403777,-0.0,0.216663377403777,0.9101336802598143,True,1.0,-0.5387938453862066,0.6254581806064645,chem
CPC005 A549 24H-BRD-K31342827-10.0,brd-k31342827,A549,24H,10.0,86,45,0,1,1.0,0.853405330487763,0.0,0.5212348769294952,0.06884464880481618,-0.0,0.06884464880481618,0.9886877084910747,False,1.0,-0.8223032879903956,0.7400866377874042,chem
CPC005 A549 24H-chelidonine (+)-10.0,chelidonine (+),A549,24H,10.0,152,125,0,2,1.0,0.8517941267402043,0.0,0.5887619047619047,0.06966535878341797,0.11622957249694692,-0.04656421371352895,0.9884307774959554,False,1.0,-0.8207292044437541,0.7397534155281573,chem
CPC005 A549 24H-rlm-1-127-10.0,rlm-1-127,A549,24H,10.0,36,55,0,2,1.0,0.1863863869089493,0.0,2.646218487394958,0.7295858103630471,-0.0,0.7295858103630471,0.49950310563322653,True,1.0,0.4449675118230957,0.2575808063978674,chem
CPC005 A549 24H-ki 8751-10.0,ki 8751,A549,24H,10.0,124,46,0,0,1.0,1.0,0.0,0.0,-0.0,1.4304015603233238,-1.4304015603233238,1.0,False,1.0,-0.9543441206638258,1.0,chem
CPC005 A549 24H-dilazep dihydrochloride-10.0,dilazep dihydrochloride,A549,24H,10.0,62,40,0,2,1.0,0.3962092340634282,0.0,1.4933333333333334,0.4020754070002483,-0.0,0.4020754070002483,0.7630248296592255,True,1.0,-0.18318220089952464,0.47517494168610463,chem
CPC005 A549 24H-bibu 1361 dihydrochloride-10.0,bibu 1361 dihydrochloride,A549,24H,10.0,86,42,0,3,1.0,0.2919805138988895,0.0,1.624945826471353,0.5346461313891518,0.216663377403777,0.31798275398537484,0.6514284431310037,True,1.0,0.07108227920638692,0.37554148617127625,chem
CPC005 A549 24H-e6 berbamine-10.0,e6 berbamine,A549,24H,10.0,82,22,0,2,1.0,0.5408689713942205,0.0,1.1164285714285713,0.2669079324769538,-0.0,0.2669079324769538,0.8732752646151595,True,1.0,-0.4424271269216021,0.5891369543485505,chem
CPC005 A549 24H-purvalanol a-10.0,purvalanol a,A549,24H,10.0,65,82,0,1,1.0,0.7651538606375023,0.0,0.6945921985815603,0.1162512261443165,-0.0,0.1162512261443165,0.9699689761746659,False,1.0,-0.7313796787516905,0.7074308563812063,chem
CPC005 A549 24H-pac 1-10.0,pac 1,A549,24H,10.0,55,21,0,2,1.0,0.34077621024715454,0.0,1.6924528301886792,0.46753073115595595,-0.0,0.46753073115595595,0.7076317826209719,True,1.0,-0.05764193517847551,0.42452515828057313,chem
CPC005 A549 24H-gr 103691-10.0,gr 103691,A549,24H,10.0,83,57,0,3,1.0,0.2739714703686665,0.0,1.6866906474820145,0.5622946594663188,-0.0,0.5622946594663188,0.6286909085694826,True,1.0,0.1241108694146712,0.3572142619126958,chem
CPC005 A549 24H-estropipate-10.0,estropipate,A549,24H,10.0,36,56,1,2,0.5117356325563969,0.1863863869089493,1.4224466891133558,2.646218487394958,1.0205401520701605,0.1470746859789352,0.8734654660912253,0.3195134672061826,True,1.0,1.0030043994521802,0.14561812729090304,chem
CPC005 A549 24H-sc 19220-10.0,sc 19220,A549,24H,10.0,64,38,0,4,1.0,0.051250696211929146,0.0,3.0299516908212563,1.2903002305854696,-0.0,1.2903002305854696,0.2035178510929105,True,1.0,1.5203916765693455,0.08597134288570477,chem
CPC005 A549 24H-indirubin-3-oxime-10.0,indirubin-3-oxime,A549,24H,10.0,77,90,0,2,1.0,0.5069463481404619,0.0,1.1918095238095239,0.2950380010995917,0.22787323500741302,0.0671647660921787,0.851340402065879,True,1.0,-0.38847496435593293,0.5631456181272909,chem
CPC005 A549 24H-cmpd-1-10.0,cmpd-1,A549,24H,10.0,103,110,0,3,1.0,0.39438197285374427,0.0,1.3450359712230215,0.404082944818742,1.453628584265291,-1.049545639446549,0.7613289077440375,True,1.0,-0.1793318367858396,0.47317560813062315,chem
CPC005 A549 24H-fluphenazine dihydrochloride-10.0,fluphenazine dihydrochloride,A549,24H,10.0,28,7,1,2,0.0854016481657964,0.12483510559722781,13.139917695473251,3.464835164835165,1.9721970148155976,-0.0,1.9721970148155976,0.05907490138536599,True,1.0,2.828237976175738,0.017994001999333556,chem
CPC005 A549 24H-calcipotriol-10.0,calcipotriol,A549,24H,10.0,49,45,0,0,1.0,1.0,0.0,0.0,-0.0,0.3318216818814629,-0.3318216818814629,1.0,False,1.0,-0.9543441206638258,1.0,chem
CPC005 A549 24H-propentofylline-10.0,propentofylline,A549,24H,10.0,49,40,0,1,1.0,0.6640580783349529,0.0,0.9284869976359338,0.1777939356962094,-0.0,0.1777939356962094,0.9359139369694509,False,1.0,-0.6133436257644824,0.6584471842719094,chem
CPC005 A549 24H-linopirdine dihydrochloride-10.0,linopirdine dihydrochloride,A549,24H,10.0,45,30,1,1,0.31837322969696735,0.6326557707753426,2.7088122605363987,1.0135396518375241,0.6958959830857723,-0.0,0.6958959830857723,0.5241690144166664,True,1.0,0.38035199088511656,0.27190936354548484,chem
CPC005 A549 24H-methoxsalen-10.0,methoxsalen,A549,24H,10.0,116,95,1,4,0.7047388892260853,0.24988620176760173,0.8271604938271605,1.6097308488612836,0.7542294865154588,0.2066611778354322,0.5475683086800267,0.4819413019493196,True,1.0,0.49223293587259936,0.2465844718427191,chem
CPC005 A549 24H-thapsigargin-10.0,thapsigargin,A549,24H,10.0,112,182,3,3,0.40696419062421907,0.44730460650590853,1.3180821724064775,1.2321958946604183,0.7398404325832064,0.5498384350530916,0.19000199753011482,0.49214520566558906,True,1.0,0.46463540003529563,0.2505831389536821,chem
CPC005 A549 24H-manumycin a-10.0,manumycin a,A549,24H,10.0,26,23,0,0,1.0,1.0,0.0,0.0,-0.0,0.5488889053617282,-0.5488889053617282,1.0,False,1.0,-0.9543441206638258,1.0,chem
CPC005 A549 24H-sb 258585 hydrochloride-10.0,sb 258585 hydrochloride,A549,24H,10.0,77,54,0,1,1.0,0.8205617425227882,0.0,0.5837999253452781,0.08588873523477,-0.0,0.08588873523477,0.9828410557170588,False,1.0,-0.7896135233763073,0.728423858713762,chem
CPC005 A549 24H-vorinostat-10.0,vorinostat,A549,24H,10.0,147,188,2,4,0.6938377304392058,0.4039454205216824,0.8341397849462365,1.2544846457889935,0.5524193982503665,0.4731994676342068,0.07921993061615967,0.6367772336848925,True,1.0,0.10517057795470859,0.3628790403198934,chem
CPC005 A549 24H-dipropyldopamine-10.0,dipropyldopamine,A549,24H,10.0,92,73,0,2,1.0,0.6037830607527295,0.0,0.9907936507936508,0.21911907535533895,-0.0,0.21911907535533895,0.9084159573245703,False,1.0,-0.534083930992744,0.623125624791736,chem
CPC005 A549 24H-trifluoperazine dihydrochloride-10.0,trifluoperazine dihydrochloride,A549,24H,10.0,7,6,0,0,1.0,1.0,0.0,0.0,-0.0,-0.0,0.0,1.0,False,1.0,-0.9543441206638258,1.0,chem
CPC005 A549 24H-ala-ala-phe-cmk-10.0,ala-ala-phe-cmk,A549,24H,10.0,68,53,3,3,0.02914604445438932,0.18688175891338424,4.816708860759493,2.080907581627006,2.263853464045208,0.15939634780318535,2.1044571162420227,0.03383981530704111,True,1.0,3.3876214733599044,0.007997334221926024,chem
"CPC005 A549 24H-vegf receptor 3 kinase inhibitor, maz51-10.0","vegf receptor 3 kinase inhibitor, maz51",A549,24H,10.0,69,83,2,1,0.283302082263472,0.78529018296315,1.9478395061728395,0.6533166458072591,0.6527200651116521,0.07407900434405931,0.5786410607675928,0.5568407114490076,True,1.0,0.29754258943249823,0.2949016994335222,chem
"CPC005 A549 6H-dibutyryl-camp, sodium salt-10.0","dibutyryl-camp, sodium salt",A549,6H,10.0,64,60,0,0,1.0,1.0,0.0,0.0,-0.0,0.13233909927834112,-0.13233909927834112,1.0,False,1.0,-0.9543441206638258,1.0,chem
CPC005 A549 6H-hydrocortisone hemisuccinate-10.0,hydrocortisone hemisuccinate,A549,6H,10.0,66,40,0,4,1.0,0.05624945791754328,0.0,2.9312762973352036,1.2498816585420058,0.4732804004760655,0.7766012580659403,0.21813308454333524,True,1.0,1.4428707362966915,0.09463512162612463,chem
CPC005 A549 6H-rhodomyrtoxin b-10.0,rhodomyrtoxin b,A549,6H,10.0,122,35,0,5,1.0,0.1294671786996628,0.0,1.9386736540021212,0.8878403158781465,0.337211756045396,0.5506285598327505,0.39414054118131564,True,1.0,0.7484922889162116,0.1879373542152616,chem
CPC005 A549 6H-amyleine hydrochloride-10.0,amyleine hydrochloride,A549,6H,10.0,35,50,0,2,1.0,0.1784514501209019,0.0,2.726839826839827,0.7484799185575953,-0.0,0.7484799185575953,0.4860015858436313,True,1.0,0.4812055320896105,0.24758413862045986,chem
CPC005 A549 6H-fluorometholone-10.0,fluorometholone,A549,6H,10.0,63,56,0,1,1.0,0.754393433432854,0.0,0.7172271791352093,0.12240210054152371,-0.0,0.12240210054152371,0.9670126232559566,False,1.0,-0.7195825878931181,0.7030989670109964,chem
CPC005 A549 6H-fluocinonide-10.0,fluocinonide,A549,6H,10.0,88,69,0,5,1.0,0.04348079886893791,0.0,2.7477794389235775,1.3617024852576776,0.8604194419402404,0.5012830433174371,0.17981205415302362,True,1.0,1.6573378782764432,0.0753082305898034,chem
CPC005 A549 6H-isoxsuprine hydrochloride-10.0,isoxsuprine hydrochloride,A549,6H,10.0,40,43,0,1,1.0,0.5892759104577799,0.0,1.1443898890707402,0.2296813124583833,-0.0,0.2296813124583833,0.9009208199692085,True,1.0,-0.5138260517502456,0.6151282905698101,chem
CPC005 A549 6H-etoposide-10.0,etoposide,A549,6H,10.0,54,86,1,2,0.6683067962120237,0.33271882252510226,0.9160493827160494,1.7252747252747254,0.6529467519695218,0.24654447591776416,0.4064022760517576,0.556666198892336,True,1.0,0.29797736427685967,0.2949016994335222,chem
CPC005 A549 6H-trichostatin a-10.0,trichostatin a,A549,6H,10.0,231,178,1,4,0.8998171494036167,0.7524442383420358,0.4334937574108949,0.7795441486305306,0.16937141293534014,0.3699689441781903,-0.20059753124285018,0.9411111440327281,False,1.0,-0.6294976324718026,0.6637787404198601,chem
CPC005 A549 6H-geldanamycin-10.0,geldanamycin,A549,6H,10.0,70,51,0,2,1.0,0.4568394745592374,0.0,1.3159663865546218,0.3402363766480224,0.8217450317343131,-0.4815086550862907,0.8147381216998828,True,1.0,-0.3017865833922742,0.5218260579806732,chem
CPC005 A549 6H-lomatin-10.0,lomatin,A549,6H,10.0,54,84,1,2,0.6596264503537799,0.33271882252510226,0.9384203480589023,1.7252747252747254,0.6586245674950625,1.379519229144333,-0.7208946616492705,0.5523051806072494,True,1.0,0.30886715023370337,0.2925691436187937,chem
CPC005 A549 6H-homochlorcyclizine dihydrochloride-10.0,homochlorcyclizine dihydrochloride,A549,6H,10.0,22,45,0,0,1.0,1.0,0.0,0.0,-0.0,-0.0,0.0,1.0,False,1.0,-0.9543441206638258,1.0,chem
CPC005 A549 6H-ethotoin-10.0,ethotoin,A549,6H,10.0,56,54,1,1,0.49901872549289583,0.7127304507454809,1.4765897973445143,0.8094132817537073,0.44895784331015165,0.15515819823734667,0.293799645072805,0.7233402547941472,True,1.0,-0.09326386976431467,0.43785404865044986,chem
CPC005 A549 6H-metergoline-10.0,metergoline,A549,6H,10.0,47,41,0,1,1.0,0.6487051647006395,0.0,0.9691643539932162,0.18795264439741394,0.2230514587851949,-0.03509881438778095,0.9294498119856278,False,1.0,-0.5938596952182346,0.6511162945684772,chem
CPC005 A549 6H-triamcinolone diacetate-10.0,triamcinolone diacetate,A549,6H,10.0,54,32,0,1,1.0,0.6995871145504498,0.0,0.8402248093135287,0.15515819823734667,0.30188315733121646,-0.1467249590938698,0.9495250730711686,False,1.0,-0.6567579168406003,0.6757747417527491,chem
CPC005 A549 6H-prozac-10.0,prozac,A549,6H,10.0,21,48,0,0,1.0,1.0,0.0,0.0,-0.0,-0.0,0.0,1.0,False,1.0,-0.9543441206638258,1.0,chem
CPC005 A549 6H-budesonide-10.0,budesonide,A549,6H,10.0,46,61,1,3,0.5421496516795823,0.07923355273240792,1.302880658436214,3.1566003011544255,1.3669716873369389,0.12892725616443745,1.2380444311725014,0.17816479549797826,True,1.0,1.6674439626584374,0.07464178607130956,chem
CPC005 A549 6H-ipratropium bromide-10.0,ipratropium bromide,A549,6H,10.0,45,53,0,2,1.0,0.25935271340486415,0.0,2.0893687707641195,0.5861092039626837,-0.0,0.5861092039626837,0.6093663993562095,True,1.0,0.16978605753210257,0.34155281572809065,chem
CPC005 A549 6H-triamcinolone-10.0,triamcinolone,A549,6H,10.0,106,98,0,4,1.0,0.20300652397615374,0.0,1.7703893151463483,0.6924900050359686,0.874008977085249,-0.18151897204928047,0.5267039105846678,True,1.0,0.37381948348517985,0.27424191936021325,chem
CPC005 A549 6H-fludrocortisone acetate-10.0,fludrocortisone acetate,A549,6H,10.0,140,93,1,6,0.6970008515701811,0.08671815998250587,0.8454106280193237,2.0406057945566287,1.2186566370229093,0.5540435851207062,0.6646130519022031,0.23004831811416682,True,1.0,1.382982598101427,0.09963345551482838,chem
CPC005 A549 6H-epibatidine (+/-)-10.0,epibatidine (+/-),A549,6H,10.0,25,47,1,1,0.4518788513570958,0.42621022100959977,1.703166935050993,1.864066193853428,0.7153541234773505,0.18795264439741394,0.5274014790799366,0.5098315201244503,True,1.0,0.41767179865789955,0.263245584805065,chem
CPC005 A549 6H-dihydroergocristine mesylate-10.0,dihydroergocristine mesylate,A549,6H,10.0,35,32,0,1,1.0,0.5408135634417319,0.0,1.3137254901960784,0.26695242495467336,-0.0,0.26695242495467336,0.8732412092558232,True,1.0,-0.44234179241982474,0.5888037320893036,chem
CPC005 A549 6H-periplocymarin-10.0,periplocymarin,A549,6H,10.0,150,109,0,6,1.0,0.1112247142826728,0.0,1.8958333333333333,0.9537987012069619,0.4012051619023985,0.5525935393045633,0.3554967288844184,True,1.0,0.8749974025569753,0.1692769076974342,chem
CPC005 A549 6H-hydrocortisone phosphate triethylamine-10.0,hydrocortisone phosphate triethylamine,A549,6H,10.0,54,30,0,2,1.0,0.33271882252510226,0.0,1.7252747252747254,0.47792262958636494,-0.0,0.47792262958636494,0.6988617536468926,True,1.0,-0.037710757583261686,0.4178607130956348,chem
CPC005 A549 6H-dihydro-7-desacetyldeoxygedunin-10.0,dihydro-7-desacetyldeoxygedunin,A549,6H,10.0,64,27,1,2,0.2916840368340455,0.41167055954271353,3.022792022792023,1.444700460829493,0.920537528410755,-0.0,0.920537528410755,0.3745964086437347,True,1.0,0.8112040209659466,0.17794068643785405,chem
CPC005 A549 6H-calyculin a-10.0,calyculin a,A549,6H,10.0,72,46,0,1,1.0,0.7992585201226767,0.0,0.6254120467485765,0.09731272543783062,0.41324876077583417,-0.3159360353380035,0.9783490408718478,False,1.0,-0.767702841790265,0.7240919693435521,chem
CPC005 A549 6H-tetrindole mesylate-10.0,tetrindole mesylate,A549,6H,10.0,93,47,1,2,0.4518788513570958,0.6097068788929911,1.703166935050993,0.9797488226059654,0.5598568889717497,0.5595209518507488,0.00033593712100088435,0.6306832768750036,True,1.0,0.119435339049454,0.35888037320893035,chem
CPC005 A549 6H-tianeptine-10.0,tianeptine,A549,6H,10.0,67,31,0,3,1.0,0.18135029400144548,0.0,2.113758992805755,0.7414817360135059,-0.0,0.7414817360135059,0.4909741469996677,True,1.0,0.46778334363539914,0.24991669443518827,chem
CPC005 A549 6H-racephedrine hydrochloride-10.0,racephedrine hydrochloride,A549,6H,10.0,37,40,0,1,1.0,0.5608447625414748,0.0,1.2403467297084318,0.25115733143770075,0.6604285614684814,-0.40927123003078064,0.8851875294433746,True,1.0,-0.47263604674957976,0.6011329556814395,chem
CPC005 A549 6H-bntx maleate-10.0,bntx maleate,A549,6H,10.0,74,74,1,3,0.6127432468373719,0.22091957808218016,1.0686622695755117,1.9032323437025027,0.8684872613677508,0.618219265139391,0.2502679962283598,0.4060692386532032,True,1.0,0.7113740309732911,0.19860046651116295,chem
CPC005 A549 6H-helveticoside-10.0,helveticoside,A549,6H,10.0,140,83,0,2,1.0,0.8176164573812933,0.0,0.6412008281573499,0.087450375431049,0.07811413749432315,0.009336237936725847,0.9822532859296391,False,1.0,-0.7866183701518703,0.7280906364545152,chem
CPC005 A549 6H-hydrocortisone acetate-10.0,hydrocortisone acetate,A549,6H,10.0,74,70,0,2,1.0,0.4858340389150258,0.0,1.242063492063492,0.3135120605578806,0.5529578431415756,-0.23944578258369498,0.8365518973642119,True,1.0,-0.35304257801829975,0.5438187270909697,chem
CPC005 A549 6H-bh3i-1-10.0,bh3i-1,A549,6H,10.0,44,16,0,0,1.0,1.0,0.0,0.0,-0.0,-0.0,0.0,1.0,False,1.0,-0.9543441206638258,1.0,chem
CPC005 A549 6H-lasalocid sodium-10.0,lasalocid sodium,A549,6H,10.0,65,53,0,1,1.0,0.7651538606375023,0.0,0.6945921985815603,0.1162512261443165,0.24785404624581234,-0.13160282010149582,0.9699689761746659,False,1.0,-0.7313796787516905,0.7074308563812063,chem
"CPC005 A549 6H-homatropine hydrobromide (r,s)-10.0","homatropine hydrobromide (r,s)",A549,6H,10.0,24,45,0,1,1.0,0.41329358362585905,0.0,1.9454209065679926,0.3837413370785968,-0.0,0.3837413370785968,0.7784785882603942,True,1.0,-0.21834609382039896,0.4901699433522159,chem
CPC005 A549 6H-wortmannin-10.0,wortmannin,A549,6H,10.0,71,78,2,3,0.25971548029049063,0.20373137868582933,2.0776315789473685,1.9881506559458315,1.2764442394184292,0.2236815529786425,1.0527626864397868,0.20842755535044039,True,1.0,1.4938165303092672,0.08997000999666778,chem
CPC005 A549 6H-sdm25n hydrochloride-10.0,sdm25n hydrochloride,A549,6H,10.0,37,32,1,0,0.3356116081383177,1.0,2.533253683791318,0.0,0.4741630262008153,-0.0,0.4741630262008153,0.7020326021274549,True,1.0,-0.04492150192095514,0.41886037987337554,chem
CPC005 A549 6H-doxorubicin hydrochloride-10.0,doxorubicin hydrochloride,A549,6H,10.0,71,140,1,0,0.8353834411765372,1.0,0.5553779198863131,0.0,0.07811413749432315,0.223585203591379,-0.14547106609705585,0.9856392231486457,False,1.0,-0.8045248400461043,0.7337554148617128,chem
CPC005 A549 6H-cercosporin-10.0,cercosporin,A549,6H,10.0,137,111,2,5,0.4122826862258731,0.1818408867216055,1.4410550458715596,1.7142225171422252,1.1251133624749254,0.6384467173199199,0.4866666451550056,0.2691919328320207,True,1.0,1.203570950620541,0.11796067977340886,chem
CPC005 A549 6H-nsc 23766-10.0,nsc 23766,A549,6H,10.0,28,52,0,1,1.0,0.4632900827536739,0.0,1.6561597058050959,0.3341469962601578,0.16377284357838476,0.17037415268177306,0.8197463491810851,True,1.0,-0.3134657316025945,0.5271576141286238,chem
CPC005 A549 6H-BRD-A82238138 (budesonide)-10.0,brd-a82238138 (budesonide),A549,6H,10.0,79,79,0,3,1.0,0.2501693122743965,0.0,1.7765997728133283,0.6017659653351914,1.3907822290928875,-0.7890162637576961,0.5968082496108829,True,1.0,0.19981499724615762,0.327890703098967,chem
CPC005 A549 6H-thioridazine hydrochloride-10.0,thioridazine hydrochloride,A549,6H,10.0,77,30,0,1,1.0,0.8205617425227882,0.0,0.5837999253452781,0.08588873523477,0.9062188866471674,-0.8203301514123974,0.9828410557170588,False,1.0,-0.7896135233763073,0.728423858713762,chem
CPC005 A549 6H-triamcinolone acetonide-10.0,triamcinolone acetonide,A549,6H,10.0,76,69,0,6,1.0,0.006215638477419743,0.0,3.946638655462185,2.2065142535101727,1.3172294251334775,0.8892848283766952,0.03779535101484087,True,1.0,3.2776475358742423,0.008997000999666778,chem
CPC005 A549 6H-dubinidine-10.0,dubinidine,A549,6H,10.0,31,39,1,1,0.3926227282495143,0.49798952875506386,2.064327485380117,1.4898345153664303,0.7088043525241927,-0.0,0.7088043525241927,0.5146300220225635,True,1.0,0.4051096427679461,0.2669110296567811,chem
CPC005 A549 6H-maprotiline hydrochloride-10.0,maprotiline hydrochloride,A549,6H,10.0,42,47,0,1,1.0,0.6072067945410671,0.0,1.0882200311364816,0.216663377403777,0.18795264439741394,0.028710733006363065,0.9101336802598143,True,1.0,-0.5387938453862066,0.6254581806064645,chem
"CPC005 A549 6H-tamoxifen, 4-hydroxy-, (z)--10.0","tamoxifen, 4-hydroxy-, (z)-",A549,6H,10.0,61,35,1,0,0.3606648044546297,1.0,2.308641975308642,0.0,0.44289623632572833,0.26588081691603516,0.17701541940969318,0.7284730339492311,True,1.0,-0.10488974987928945,0.44518493835388206,chem
CPC005 A549 6H-fgin-1-27-10.0,fgin-1-27,A549,6H,10.0,39,26,0,0,1.0,1.0,0.0,0.0,-0.0,-0.0,0.0,1.0,False,1.0,-0.9543441206638258,1.0,chem
CPC005 A549 6H-gsk-3 inhibitor ii-10.0,gsk-3 inhibitor ii,A549,6H,10.0,91,37,0,1,1.0,0.868994937932384,0.0,0.49188337273443655,0.06098275339533326,1.2050115724618387,-1.1440288190665053,0.9910174507892915,False,1.0,-0.8373820375269452,0.7444185271576141,chem
CPC005 A549 6H-triprolidine hydrochloride-10.0,triprolidine hydrochloride,A549,6H,10.0,57,72,0,4,1.0,0.035774536496519946,0.0,3.4339622641509435,1.446425984355265,-0.0,1.446425984355265,0.15492230678377758,True,1.0,1.8198336068779295,0.06364545151616129,chem
CPC005 A549 6H-pepstatin a-10.0,pepstatin a,A549,6H,10.0,35,52,0,0,1.0,1.0,0.0,0.0,-0.0,-0.0,0.0,1.0,False,1.0,-0.9543441206638258,1.0,chem
CPC005 A549 6H-digitoxigenin-10.0,digitoxigenin,A549,6H,10.0,160,131,1,6,0.8149176954067295,0.13890107406147847,0.594681861348528,1.7698624904507256,0.9461806477113196,0.7386460289140748,0.20753461879724477,0.35980204537844684,True,1.0,0.860386330463817,0.17127624125291568,chem
CPC005 A549 6H-megestrol acetate-10.0,megestrol acetate,A549,6H,10.0,22,42,1,2,0.4155507108671836,0.08294353665958591,1.9123757904245708,4.508571428571429,1.4625934209585594,0.216663377403777,1.2459300435547824,0.1505441675804964,True,1.0,1.8508419979200021,0.061312895701432855,chem
CPC005 A549 6H-mk 212-10.0,mk 212,A549,6H,10.0,29,31,2,1,0.05816189280288597,0.47511335427849205,5.485344827586207,1.596757852077001,1.5585642308217484,-0.0,1.5585642308217484,0.12680254424497236,True,1.0,2.0349095451683867,0.04865044985004998,chem
CPC005 A549 6H-dihomo-gamma-linolenic acid-10.0,dihomo-gamma-linolenic acid,A549,6H,10.0,14,51,0,1,1.0,0.26714532281495496,0.0,3.447354064375341,0.5732524250499975,-0.0,0.5732524250499975,0.619767127893641,True,1.0,0.14512735387682985,0.3505498167277574,chem
CPC005 A549 6H-phenamil-10.0,phenamil,A549,6H,10.0,41,44,0,0,1.0,1.0,0.0,0.0,-0.0,0.20456482561205844,-0.20456482561205844,1.0,False,1.0,-0.9543441206638258,1.0,chem
CPC005 A549 6H-mitoxantrone dihydrochloride-10.0,mitoxantrone dihydrochloride,A549,6H,10.0,103,114,0,1,1.0,0.9000143124393147,0.0,0.4331803643443193,0.045750584156238075,0.16970578398245462,-0.12395519982621654,0.9948259719442275,False,1.0,-0.866596629287809,0.7494168610463179,chem
CPC005 A549 6H-ns3694-10.0,ns3694,A549,6H,10.0,28,60,0,1,1.0,0.4632900827536739,0.0,1.6561597058050959,0.3341469962601578,0.13233909927834112,0.2018078969818167,0.8197463491810851,True,1.0,-0.3134657316025945,0.5271576141286238,chem
CPC005 A549 6H-sb 203186 hydrochloride-10.0,sb 203186 hydrochloride,A549,6H,10.0,30,57,0,1,1.0,0.4866779630748387,0.0,1.5414526779163609,0.31275831829660106,-0.0,0.31275831829660106,0.8371603837039141,True,1.0,-0.3544882205995071,0.5474841719426857,chem
CPC005 A549 6H-ly-294002-10.0,ly-294002,A549,6H,10.0,44,34,0,0,1.0,1.0,0.0,0.0,-0.0,-0.0,0.0,1.0,False,1.0,-0.9543441206638258,1.0,chem
CPC005 A549 6H-BRD-K31342827-10.0,brd-k31342827,A549,6H,10.0,108,83,0,3,1.0,0.4239784715777087,0.0,1.2799588900308325,0.3726561950873998,0.07407900434405931,0.29857719074334044,0.7877827808673615,True,1.0,-0.239606880304627,0.4948350549816728,chem
CPC005 A549 6H-chelidonine (+)-10.0,chelidonine (+),A549,6H,10.0,26,60,0,2,1.0,0.11035447354240814,0.0,3.7547619047619047,0.9572100567442597,-0.0,0.9572100567442597,0.3535820904777834,True,1.0,0.8815402237276807,0.16861046317894035,chem
CPC005 A549 6H-sb 206553 hydrochloride-10.0,sb 206553 hydrochloride,A549,6H,10.0,42,24,0,0,1.0,1.0,0.0,0.0,-0.0,0.3837413370785968,-0.3837413370785968,1.0,False,1.0,-0.9543441206638258,1.0,chem
CPC005 A549 6H-paxilline-10.0,paxilline,A549,6H,10.0,19,42,0,1,1.0,0.3442500519831315,0.0,2.487785657998424,0.463125985490834,0.6292453232810424,-0.16611933779020843,0.7113538288519228,True,1.0,-0.0660900323862384,0.42919026991003,chem
CPC005 A549 6H-byssochlamic acid-10.0,byssochlamic acid,A549,6H,10.0,63,28,1,1,0.3006931742591438,0.754393433432854,2.910379515317787,0.7172271791352093,0.6442785308222307,-0.0,0.6442785308222307,0.5633609075582673,True,1.0,0.28135211949813,0.3032322559146951,chem
CPC005 A549 6H-rlm-1-127-10.0,rlm-1-127,A549,6H,10.0,41,32,1,0,0.3356116081383177,1.0,2.533253683791318,0.0,0.4741630262008153,0.6825713850872513,-0.20840835888643605,0.7020326021274549,True,1.0,-0.04492150192095514,0.41886037987337554,chem
CPC005 A549 6H-ki 8751-10.0,ki 8751,A549,6H,10.0,116,33,0,3,1.0,0.47025427916987306,0.0,1.1878143502896799,0.32766724381286805,0.7413795026065898,-0.41371225879372175,0.8250525323540464,True,1.0,-0.32589359525665357,0.5328223925358214,chem
CPC005 A549 6H-piribedil dihydrochloride-10.0,piribedil dihydrochloride,A549,6H,10.0,56,62,3,6,0.043420544883432444,0.0013195312131667745,4.076163913323321,5.542941176470588,4.241885063095505,-0.0,4.241885063095505,0.0006169099904836943,True,1.0,7.181394031245135,0.0003332222592469177,chem
CPC005 A549 6H-dilazep dihydrochloride-10.0,dilazep dihydrochloride,A549,6H,10.0,28,55,1,1,0.5054175517404941,0.4632900827536739,1.4490169181527206,1.6561597058050959,0.6304966765795332,-0.0,0.6304966765795332,0.5740945822398675,True,1.0,0.2549191644089275,0.30989670109963346,chem
CPC005 A549 6H-pd 158780-10.0,pd 158780,A549,6H,10.0,97,23,0,2,1.0,0.6327330456208606,0.0,0.9378947368421052,0.19877948313842178,0.5451924165284252,-0.34641293339000345,0.922339183884282,False,1.0,-0.5730943223475458,0.6444518493835388,chem
CPC005 A549 6H-bibu 1361 dihydrochloride-10.0,bibu 1361 dihydrochloride,A549,6H,10.0,68,45,0,2,1.0,0.4419972308843989,0.0,1.3562770562770563,0.3545804515002124,0.8214783000212375,-0.46689784852102506,0.8028666045914017,True,1.0,-0.2742753153373971,0.5104965011662779,chem
CPC005 A549 6H-bisindolylmaleimide iv-10.0,bisindolylmaleimide iv,A549,6H,10.0,55,28,1,1,0.3006931742591438,0.7062317609264366,2.910379515317787,0.8245337536117678,0.6729291853559207,0.3341469962601578,0.3387821890957629,0.5414045031876804,True,1.0,0.3363027416153651,0.28323892035988,chem
CPC005 A549 6H-e6 berbamine-10.0,e6 berbamine,A549,6H,10.0,62,17,0,2,1.0,0.3962092340634282,0.0,1.4933333333333334,0.4020754070002483,-0.0,0.4020754070002483,0.7630248296592255,True,1.0,-0.18318220089952464,0.47517494168610463,chem
CPC005 A549 6H-purvalanol a-10.0,purvalanol a,A549,6H,10.0,176,127,1,2,0.8050335131788985,0.9033325426437243,0.6139525769155398,0.5055829228243022,0.13833838375842109,0.15902884575932758,-0.02069046200090649,0.9588564085508464,False,1.0,-0.6890175382892696,0.6874375208263912,chem
CPC005 A549 6H-pac 1-10.0,pac 1,A549,6H,10.0,92,50,2,4,0.13169063555436272,0.1428072969546557,3.3041666666666667,2.0566534914361,1.7256947074320195,-0.0,1.7256947074320195,0.09353465717462257,True,1.0,2.355458021772477,0.03465511496167944,chem
CPC005 A549 6H-st638-10.0,st638,A549,6H,10.0,30,42,0,0,1.0,1.0,0.0,0.0,-0.0,0.7137268343044287,-0.7137268343044287,1.0,False,1.0,-0.9543441206638258,1.0,chem
CPC005 A549 6H-sc 19220-10.0,sc 19220,A549,6H,10.0,28,59,0,1,1.0,0.4632900827536739,0.0,1.6561597058050959,0.3341469962601578,-0.0,0.3341469962601578,0.8197463491810851,True,1.0,-0.3134657316025945,0.5271576141286238,chem
CPC005 A549 6H-indirubin-3-oxime-10.0,indirubin-3-oxime,A549,6H,10.0,90,53,1,3,0.49253813478307085,0.31611419473224045,1.5052231718898386,1.549243363929546,0.8077161408434366,0.9886272861883465,-0.18091114534490993,0.44527145853687955,True,1.0,0.5948178498345403,0.22059313562145952,chem
CPC005 A549 6H-cmpd-1-10.0,cmpd-1,A549,6H,10.0,45,39,1,1,0.3926227282495143,0.6326557707753426,2.064327485380117,1.0135396518375241,0.6048570896382971,0.9557661731200451,-0.350909083481748,0.5943434731373546,True,1.0,0.20574362981186828,0.3258913695434855,chem
CPC005 A549 6H-zk 756326-10.0,zk 756326,A549,6H,10.0,69,18,0,2,1.0,0.4494461875405671,0.0,1.335820895522388,0.3473222991548074,-0.0,0.3473222991548074,0.8088858988600576,True,1.0,-0.2881961137726538,0.514495168277241,chem
CPC005 A549 6H-ro 90-7501-10.0,ro 90-7501,A549,6H,10.0,41,22,1,1,0.24488981103905827,0.5983406945291184,3.7454438565549677,1.1156028368794326,0.8340807426746344,1.081217450537035,-0.24713670786240072,0.427939816684195,True,1.0,0.6453839292514677,0.2089303565478174,chem
CPC005 A549 6H-linopirdine dihydrochloride-10.0,linopirdine dihydrochloride,A549,6H,10.0,27,36,0,2,1.0,0.11753764457351683,0.0,3.604,0.9298230166926931,-0.0,0.9298230166926931,0.36918534401780184,True,1.0,0.8290131553839685,0.17360879706764412,chem
CPC005 A549 6H-nsc 119889-10.0,nsc 119889,A549,6H,10.0,21,33,0,1,1.0,0.3727858656135989,0.0,2.2382978723404254,0.4285405625261831,-0.0,0.4285405625261831,0.7406327326789057,True,1.0,-0.13242326417542877,0.45684771742752417,chem
CPC005 A549 6H-mbcq-10.0,mbcq,A549,6H,10.0,77,39,1,3,0.3926227282495143,0.23839092491838962,2.064327485380117,1.825199300019444,1.0287348448215687,0.23656599957603974,0.792168845245529,0.3153071910643659,True,1.0,1.0187214388035841,0.1432855714761746,chem
CPC005 A549 6H-manumycin a-10.0,manumycin a,A549,6H,10.0,120,102,0,2,1.0,0.7450317505639639,0.0,0.7523002421307506,0.12782521879412068,0.8370022480604531,-0.7091770292663324,0.9643157859195426,False,1.0,-0.7091812994532636,0.696434521826058,chem
CPC005 A549 6H-tcs 359-10.0,tcs 359,A549,6H,10.0,31,59,0,0,1.0,1.0,0.0,0.0,-0.0,0.13585556839436858,-0.13585556839436858,1.0,False,1.0,-0.9543441206638258,1.0,chem
CPC005 A549 6H-vorinostat-10.0,vorinostat,A549,6H,10.0,151,129,1,5,0.8100390974583673,0.2366327392134702,0.6041666666666666,1.5463453654634536,0.7174191878367159,1.0142929002478867,-0.2968737124111708,0.5083244768829672,True,1.0,0.42163249599993835,0.26257914028657114,chem
CPC005 A549 6H-trequinsin hydrochloride-10.0,trequinsin hydrochloride,A549,6H,10.0,54,31,0,3,1.0,0.11443803062180481,0.0,2.658061785865425,0.941429624629815,-0.0,0.941429624629815,0.36250784661283836,True,1.0,0.8512740892856956,0.17194268577140953,chem
CPC005 A549 6H-bmy 45778-10.0,bmy 45778,A549,6H,10.0,78,22,0,3,1.0,0.24426832983492683,0.0,1.8005755395683454,0.6121328370361013,-0.0,0.6121328370361013,0.5885615962025932,True,1.0,0.21969817473882863,0.3205598133955348,chem
CPC005 A549 6H-trifluoperazine dihydrochloride-10.0,trifluoperazine dihydrochloride,A549,6H,10.0,17,4,0,1,1.0,0.31442552382028793,0.0,2.799645390070922,0.502482206893496,0.7098667053839154,-0.2073844984904194,0.6782183825747264,True,1.0,0.009393368794592719,0.40019993335554815,chem
CPC005 A549 6H-fisetinidol-10.0,fisetinidol,A549,6H,10.0,23,27,0,0,1.0,1.0,0.0,0.0,-0.0,-0.0,0.0,1.0,False,1.0,-0.9543441206638258,1.0,chem
CPC005 HA1E 24H-rhodomyrtoxin b-10.0,rhodomyrtoxin b,HA1E,24H,10.0,134,152,1,1,0.8592316510504144,0.9503698722477554,0.5102608126890688,0.3305604436623474,0.08799707322871034,1.6379284721022054,-1.549931398873495,0.9820455212189123,False,1.0,-0.7855698292169228,0.7280906364545152,chem
CPC005 HA1E 24H-fluorometholone-10.0,fluorometholone,HA1E,24H,10.0,38,64,0,1,1.0,0.5705325120706206,0.0,1.2066321640789726,0.24371960205988408,0.534064153694286,-0.29034455163440187,0.8907068697891558,True,1.0,-0.48690126557625846,0.6077974008663779,chem
CPC005 HA1E 24H-etoposide-10.0,etoposide,HA1E,24H,10.0,187,138,4,1,0.09712853634943881,0.9851347143075939,2.3949483352468426,0.23434759399069627,1.0191575326246263,0.23079552960089206,0.7883620030237342,0.32022766915373135,True,1.0,1.0003525996968152,0.14561812729090304,chem
CPC005 HA1E 24H-estriol-10.0,estriol,HA1E,24H,10.0,51,47,0,1,1.0,0.6787445310778502,0.0,0.8910638297872341,0.16829365667717439,-0.0,0.16829365667717439,0.9417651400069137,False,1.0,-0.6315647188208182,0.6657780739753415,chem
CPC005 HA1E 24H-trichostatin a-10.0,trichostatin a,HA1E,24H,10.0,175,217,0,4,1.0,0.5385316772672051,0.0,1.0443257903212138,0.2687887457406899,0.20361200941042046,0.06517673633026944,0.8718337570908405,True,1.0,-0.4388198146067258,0.5861379540153282,chem
CPC005 HA1E 24H-geldanamycin-10.0,geldanamycin,HA1E,24H,10.0,99,197,1,2,0.9219340793504625,0.6438463024494593,0.3902746283698665,0.9182621502209131,0.22651792508074559,0.17242423010374633,0.05409369497699926,0.9031834106790259,False,1.0,-0.5198932815300957,0.6177940686437854,chem
CPC005 HA1E 24H-cyclopiazonic acid-10.0,cyclopiazonic acid,HA1E,24H,10.0,50,53,0,1,1.0,0.6714827869538534,0.0,0.9093935446519034,0.1729651157231477,0.15939634780318535,0.013568767919962366,0.9389121529512973,False,1.0,-0.6226050777602773,0.6624458513828724,chem
CPC005 HA1E 24H-metergoline-10.0,metergoline,HA1E,24H,10.0,58,26,0,2,1.0,0.36475958920220486,0.0,1.6010204081632653,0.4379932820723121,-0.0,0.4379932820723121,0.732625763651118,True,1.0,-0.11429338797491335,0.4488503832055981,chem
CPC005 HA1E 24H-periplocymarin-10.0,periplocymarin,HA1E,24H,10.0,125,232,2,3,0.7988469231211022,0.520257598868461,0.6697826086956522,1.0985965326099776,0.38131800099440727,0.3979852863244952,-0.016667285330087933,0.7805155354349024,True,1.0,-0.2229939396582235,0.4911696101299567,chem
CPC005 HA1E 24H-calyculin a-10.0,calyculin a,HA1E,24H,10.0,126,132,1,2,0.817310372212129,0.7690554541500532,0.5900480633305061,0.7152073732718894,0.2016553330320272,0.11872412612462335,0.08293120690740385,0.9204139682958958,False,1.0,-0.5675785760813103,0.6407864045318227,chem
CPC005 HA1E 24H-trimeprazine tartrate-10.0,trimeprazine tartrate,HA1E,24H,10.0,53,23,0,2,1.0,0.3246343487509062,0.0,1.7593837535014005,0.4886055304624651,-0.0,0.4886055304624651,0.6898661091975169,True,1.0,-0.01722145083921597,0.40819726757747415,chem
CPC005 HA1E 24H-tetrindole mesylate-10.0,tetrindole mesylate,HA1E,24H,10.0,128,73,1,2,0.6077179178677024,0.776617934086707,1.083676268861454,0.7036281179138322,0.3260905434959823,0.31995999019332333,0.006130553302658992,0.826339857115127,True,1.0,-0.32891763309158095,0.5351549483505498,chem
CPC005 HA1E 24H-bntx maleate-10.0,bntx maleate,HA1E,24H,10.0,206,197,1,4,0.9219340793504625,0.6677178633274228,0.3902746283698665,0.8796097001004448,0.2107071360192132,0.2199883214021191,-0.009281185382905899,0.9142592367443101,False,1.0,-0.5502176391839132,0.6287904031989336,chem
CPC005 HA1E 24H-bw-b 70c-10.0,bw-b 70c,HA1E,24H,10.0,43,39,0,0,1.0,1.0,0.0,0.0,-0.0,-0.0,0.0,1.0,False,1.0,-0.9543441206638258,1.0,chem
CPC005 HA1E 24H-ca-074-me-10.0,ca-074-me,HA1E,24H,10.0,88,56,1,3,0.5117356325563969,0.30403547782894635,1.4224466891133558,1.5862039779940753,0.8080300774196143,0.4574187663496356,0.3506113110699787,0.4450621710141043,True,1.0,0.5954199655783896,0.22059313562145952,chem
CPC005 HA1E 24H-n-formylmethionylalanine-10.0,n-formylmethionylalanine,HA1E,24H,10.0,76,52,0,3,1.0,0.23253902429906387,0.0,1.8504976840445453,0.6335041541049143,-0.0,0.6335041541049143,0.5717430529557714,True,1.0,0.26068736634752415,0.30623125624791736,chem
CPC005 HA1E 24H-helveticoside-10.0,helveticoside,HA1E,24H,10.0,75,122,0,4,1.0,0.08183948614493604,0.0,2.556031843233313,1.0870371061424184,0.5542962440231278,0.5327408621192906,0.28668334646133775,True,1.0,1.1305424628801914,0.12662445851382872,chem
CPC005 HA1E 24H-dihydroergocristine-10.0,dihydroergocristine,HA1E,24H,10.0,115,70,2,3,0.2221000339543677,0.4645551047542968,2.325,1.1986125385405961,0.9864141383823912,0.3402363766480224,0.6461777617343688,0.33752548183044995,True,1.0,0.9375522932771146,0.15694768410529825,chem
CPC005 HA1E 24H-atpa-10.0,atpa,HA1E,24H,10.0,70,42,1,1,0.4155507108671836,0.7900503381574097,1.9123757904245708,0.6437455031349574,0.4837212071215631,0.4441566810171357,0.0395645261044274,0.6939762135391692,True,1.0,-0.02658935571164017,0.4145284905031656,chem
CPC005 HA1E 24H-reserpine-10.0,reserpine,HA1E,24H,10.0,89,89,1,4,0.6809188878324794,0.1309693570339165,0.8843995510662177,2.1302642796248934,1.049734923429038,-0.0,1.049734923429038,0.30473565546516307,True,1.0,1.0589986123192656,0.137620793068977,chem
CPC005 HA1E 24H-lasalocid sodium-10.0,lasalocid sodium,HA1E,24H,10.0,88,92,1,1,0.6930570531303011,0.8598507500913701,0.8548365215031881,0.5090894269177468,0.22480793791617346,1.2926221910339208,-1.0678142531177475,0.9044002149425208,False,1.0,-0.5231729573362884,0.6184605131622792,chem
"CPC005 HA1E 24H-homatropine hydrobromide (r,s)-10.0","homatropine hydrobromide (r,s)",HA1E,24H,10.0,52,28,0,0,1.0,1.0,0.0,0.0,-0.0,-0.0,0.0,1.0,False,1.0,-0.9543441206638258,1.0,chem
CPC005 HA1E 24H-wortmannin-10.0,wortmannin,HA1E,24H,10.0,171,108,0,3,1.0,0.7301002877328149,0.0,0.7918807810894142,0.13661748040354987,0.4231710561656491,-0.2865535757620992,0.9597703984716018,False,1.0,-0.6923181508404632,0.6874375208263912,chem
CPC005 HA1E 24H-sdm25n hydrochloride-10.0,sdm25n hydrochloride,HA1E,24H,10.0,113,45,1,1,0.4376233415150166,0.9202051071949088,1.7811447811447811,0.39387031408308004,0.39501488279667896,0.3145164679149403,0.08049841488173864,0.7689841270747992,True,1.0,-0.19672395775550536,0.4805064978340553,chem
CPC005 HA1E 24H-cercosporin-10.0,cercosporin,HA1E,24H,10.0,106,167,0,3,1.0,0.4121923705851255,0.0,1.305231542921003,0.38490005099311,0.4614323690083824,-0.07653231801527244,0.777504091245046,True,1.0,-0.2161237344539306,0.4878373875374875,chem
CPC005 HA1E 24H-simvastatin-10.0,simvastatin,HA1E,24H,10.0,98,125,0,1,1.0,0.8880920571859723,0.0,0.45587482635080795,0.05154201411361645,0.531858202663936,-0.48031618855031954,0.9934907100656264,False,1.0,-0.8554889361378282,0.7470843052315894,chem
CPC005 HA1E 24H-thioridazine hydrochloride-10.0,thioridazine hydrochloride,HA1E,24H,10.0,61,37,0,1,1.0,0.7431436031873149,0.0,0.741371158392435,0.12892725616443745,-0.0,0.12892725616443745,0.9637576558347487,False,1.0,-0.7070676430610809,0.6954348550483173,chem
CPC005 HA1E 24H-triamcinolone acetonide-10.0,triamcinolone acetonide,HA1E,24H,10.0,39,40,0,1,1.0,0.5800080222144941,0.0,1.1746920492721165,0.23656599957603974,0.6357058759115598,-0.39913987633552006,0.895946131618933,True,1.0,-0.5006215422423433,0.6131289570143286,chem
CPC005 HA1E 24H-dubinidine-10.0,dubinidine,HA1E,24H,10.0,98,45,1,3,0.4376233415150166,0.3644218610809633,1.7811447811447811,1.4169632714880727,0.797295100383759,0.19883252618512057,0.5984625741986384,0.4522583510741943,True,1.0,0.5748307791833341,0.22292569143618793,chem
"CPC005 HA1E 24H-tamoxifen, 4-hydroxy-, (z)--10.0","tamoxifen, 4-hydroxy-, (z)-",HA1E,24H,10.0,82,52,0,2,1.0,0.5408689713942205,0.0,1.1164285714285713,0.2669079324769538,-0.0,0.2669079324769538,0.8732752646151595,True,1.0,-0.4424271269216021,0.5891369543485505,chem
CPC005 HA1E 24H-fgin-1-27-10.0,fgin-1-27,HA1E,24H,10.0,49,49,0,0,1.0,1.0,0.0,0.0,-0.0,-0.0,0.0,1.0,False,1.0,-0.9543441206638258,1.0,chem
CPC005 HA1E 24H-gsk-3 inhibitor ii-10.0,gsk-3 inhibitor ii,HA1E,24H,10.0,79,71,1,1,0.5974732240617563,0.8284402406749884,1.1149911816578484,0.5686488452445899,0.305420366814879,0.19590718982297833,0.10951317699190066,0.8430622796733124,True,1.0,-0.368562070064711,0.5521492835721427,chem
CPC005 HA1E 24H-pepstatin a-10.0,pepstatin a,HA1E,24H,10.0,61,100,2,1,0.3626127150963803,0.7431436031873149,1.6056122448979593,0.741371158392435,0.5694842275042942,-0.0,0.5694842275042942,0.6228298822516294,True,1.0,0.1379001263398969,0.3535488170609797,chem
CPC005 HA1E 24H-rhodomyrtoxin-10.0,rhodomyrtoxin,HA1E,24H,10.0,45,33,1,0,0.3440685854951422,1.0,2.4537037037037037,0.0,0.4633549779716965,0.7884679027740765,-0.32511292480238,0.7111602675128056,True,1.0,-0.06565083546427046,0.42852382539153616,chem
CPC005 HA1E 24H-clebopride maleate-10.0,clebopride maleate,HA1E,24H,10.0,44,44,0,5,1.0,0.002581942328449171,0.0,5.88901366273629,2.588053462579285,-0.0,2.588053462579285,0.01796828745086199,True,1.0,4.009421983673056,0.004665111629456847,chem
CPC005 HA1E 24H-digitoxigenin-10.0,digitoxigenin,HA1E,24H,10.0,146,248,4,3,0.3851059094498535,0.6262048296497553,1.2921395544346364,0.9340946822961211,0.6177034042564623,0.11056438578341483,0.5071390184730474,0.5841537265932755,True,1.0,0.23038226343721302,0.31756081306231254,chem
CPC005 HA1E 24H-mk 212-10.0,mk 212,HA1E,24H,10.0,74,71,1,1,0.5974732240617563,0.8080655603011361,1.1149911816578484,0.6080831633148742,0.3162349554194476,-0.0,0.3162349554194476,0.834350372405031,True,1.0,-0.3478201923856438,0.542485838053982,chem
CPC005 HA1E 24H-mitoxantrone dihydrochloride-10.0,mitoxantrone dihydrochloride,HA1E,24H,10.0,131,122,2,5,0.46003221347729145,0.15999881913364522,1.3066666666666666,1.797590082261615,1.1330949786746853,0.6431824956950282,0.48991248297965717,0.26564254489270794,True,1.0,1.2188793190615506,0.11596134621792736,chem
CPC005 HA1E 24H-ly-294002-10.0,ly-294002,HA1E,24H,10.0,35,68,1,1,0.5816087129141987,0.5408135634417319,1.1654689515386032,1.3137254901960784,0.5023215210132271,0.3545804515002124,0.14774106951301474,0.6783529867309328,True,1.0,0.009085180753867644,0.4005331556147951,chem
CPC005 HA1E 24H-BRD-K31342827-10.0,brd-k31342827,HA1E,24H,10.0,89,96,1,1,0.7085343761493428,0.8629671286518186,0.8183235867446393,0.503223726627982,0.2136448208400512,0.6199066666908982,-0.406261845850847,0.9122317676150695,False,1.0,-0.5445832964047775,0.6271242919026991,chem
CPC005 HA1E 24H-chelidonine (+)-10.0,chelidonine (+),HA1E,24H,10.0,89,104,0,0,1.0,1.0,0.0,0.0,-0.0,0.39757659592213196,-0.39757659592213196,1.0,False,1.0,-0.9543441206638258,1.0,chem
CPC005 HA1E 24H-gw 5074-10.0,gw 5074,HA1E,24H,10.0,38,49,1,2,0.4657772989980638,0.2023980299630858,1.631687242798354,2.4984126984126984,1.0256154008892193,0.9492745232555702,0.07634087763364916,0.31690298964904334,True,1.0,1.0127384905068577,0.14361879373542152,chem
CPC005 HA1E 24H-rlm-1-127-10.0,rlm-1-127,HA1E,24H,10.0,53,37,0,2,1.0,0.3246343487509062,0.0,1.7593837535014005,0.4886055304624651,-0.0,0.4886055304624651,0.6898661091975169,True,1.0,-0.01722145083921597,0.40819726757747415,chem
CPC005 HA1E 24H-ki 8751-10.0,ki 8751,HA1E,24H,10.0,108,114,2,0,0.42551299213618554,1.0,1.4017857142857142,0.0,0.3710871751166129,0.5424473220150479,-0.17136014689843498,0.7890967372835869,True,1.0,-0.24261618759314715,0.4955014995001666,chem
CPC005 HA1E 24H-cgs 15943-10.0,cgs 15943,HA1E,24H,10.0,40,35,0,1,1.0,0.5892759104577799,0.0,1.1443898890707402,0.2296813124583833,0.39754669096169165,-0.16786537850330835,0.9009208199692085,True,1.0,-0.5138260517502456,0.6151282905698101,chem
CPC005 HA1E 24H-bibu 1361 dihydrochloride-10.0,bibu 1361 dihydrochloride,HA1E,24H,10.0,84,72,1,2,0.6026281819919359,0.5539833404052215,1.099113197704747,1.088850174216028,0.4764538576867791,0.3265602028671769,0.1498936548196022,0.7001002281058952,True,1.0,-0.040527793736332765,0.4178607130956348,chem
CPC005 HA1E 24H-bisindolylmaleimide iv-10.0,bisindolylmaleimide iv,HA1E,24H,10.0,29,41,0,1,1.0,0.47511335427849205,0.0,1.596757852077001,0.3232027624497683,-0.0,0.3232027624497683,0.8286935975885885,True,1.0,-0.3344562627532951,0.538487170943019,chem
CPC005 HA1E 24H-e6 berbamine-10.0,e6 berbamine,HA1E,24H,10.0,101,48,0,3,1.0,0.3824335346193158,0.0,1.372926148876817,0.4174440325529268,0.1827872497531294,0.23465678279979738,0.7500288035606344,True,1.0,-0.1537058922792988,0.4628457180939687,chem
CPC005 HA1E 24H-purvalanol a-10.0,purvalanol a,HA1E,24H,10.0,113,104,0,3,1.0,0.45307946040599706,0.0,1.2207979071288424,0.3438256253832172,-0.0,0.3438256253832172,0.8117769233341258,True,1.0,-0.29490257134638775,0.5198267244251916,chem
CPC005 HA1E 24H-pac 1-10.0,pac 1,HA1E,24H,10.0,71,81,0,1,1.0,0.7947056866867112,0.0,0.6344478216818642,0.09979367928482703,0.49596668953547274,-0.3961730102506457,0.977315891807183,False,1.0,-0.7629444877646601,0.7220926357880706,chem
CPC005 HA1E 24H-indirubin-3-oxime-10.0,indirubin-3-oxime,HA1E,24H,10.0,51,54,1,1,0.49901872549289583,0.6787445310778502,1.4765897973445143,0.8910638297872341,0.47017681400839084,-0.0,0.47017681400839084,0.7053970895347191,True,1.0,-0.05256687140483409,0.42019326891036324,chem
CPC005 HA1E 24H-cmpd-1-10.0,cmpd-1,HA1E,24H,10.0,72,113,0,0,1.0,1.0,0.0,0.0,-0.0,0.3438256253832172,-0.3438256253832172,1.0,False,1.0,-0.9543441206638258,1.0,chem
CPC005 HA1E 24H-fluphenazine dihydrochloride-10.0,fluphenazine dihydrochloride,HA1E,24H,10.0,37,13,0,0,1.0,1.0,0.0,0.0,-0.0,-0.0,0.0,1.0,False,1.0,-0.9543441206638258,1.0,chem
CPC005 HA1E 24H-ro 90-7501-10.0,ro 90-7501,HA1E,24H,10.0,100,41,0,1,1.0,0.8930215405336677,0.0,0.44652195716025506,0.0491380653868363,0.14071737619872932,-0.09157931081189302,0.9940620848626931,False,1.0,-0.8600995979263458,0.7480839720093302,chem
CPC005 HA1E 24H-mbcq-10.0,mbcq,HA1E,24H,10.0,76,44,0,2,1.0,0.49997088260222594,0.0,1.2081081081081082,0.3010552874507807,-0.0,0.3010552874507807,0.8465534067899609,True,1.0,-0.37693408915300974,0.5578140619793402,chem
CPC005 HA1E 24H-thapsigargin-10.0,thapsigargin,HA1E,24H,10.0,81,83,0,1,1.0,0.8359751513899556,0.0,0.5542553191489362,0.07780663138228645,0.8241053645624311,-0.7462987331801446,0.9857454412722926,False,1.0,-0.8051146224589772,0.7354215261579473,chem
CPC005 HA1E 24H-tcs 359-10.0,tcs 359,HA1E,24H,10.0,47,53,1,0,0.49253813478307085,1.0,1.5052231718898386,0.0,0.3075601385984637,-0.0,0.3075601385984637,0.8413454609435183,True,1.0,-0.3644580873595821,0.550483172275908,chem
CPC005 HA1E 24H-vorinostat-10.0,vorinostat,HA1E,24H,10.0,170,184,0,4,1.0,0.5154871525453781,0.0,1.0766544438624062,0.2877821541402667,0.0891190996847434,0.1986630544555233,0.8570710532687329,True,1.0,-0.4023913411679711,0.571142952349217,chem
CPC005 HA1E 24H-bmy 45778-10.0,bmy 45778,HA1E,24H,10.0,88,70,0,0,1.0,1.0,0.0,0.0,-0.0,0.5097963019801923,-0.5097963019801923,1.0,False,1.0,-0.9543441206638258,1.0,chem
CPC005 HA1E 24H-trifluoperazine dihydrochloride-10.0,trifluoperazine dihydrochloride,HA1E,24H,10.0,29,21,0,3,1.0,0.024889550366496316,0.0,5.23464305478694,1.6039829489162496,-0.0,1.6039829489162496,0.11681430662657204,True,1.0,2.122020532881613,0.044318560479840056,chem
CPC005 HA1E 6H-rhodomyrtoxin b-10.0,rhodomyrtoxin b,HA1E,6H,10.0,110,45,0,1,1.0,0.9146152597044003,0.0,0.4049059795692628,0.03876155700067792,0.3198082905363302,-0.2810467335356523,0.9962463026947637,False,1.0,-0.8800012581328736,0.7537487504165278,chem
CPC005 HA1E 6H-amyleine hydrochloride-10.0,amyleine hydrochloride,HA1E,6H,10.0,85,53,0,2,1.0,0.5604415890053939,0.0,1.0755593803786574,0.25146964425462504,0.33723198922901343,-0.0857623449743884,0.8849542247521202,True,1.0,-0.4720370453004158,0.6004665111629457,chem
CPC005 HA1E 6H-norethindrone acetate-10.0,norethindrone acetate,HA1E,6H,10.0,98,67,0,1,1.0,0.8880920571859723,0.0,0.45587482635080795,0.05154201411361645,0.8137350598411299,-0.7621930457275135,0.9934907100656264,False,1.0,-0.8554889361378282,0.7470843052315894,chem
CPC005 HA1E 6H-etoposide-10.0,etoposide,HA1E,6H,10.0,88,97,2,3,0.34879505489622675,0.30403547782894635,1.6571052631578946,1.5862039779940753,0.9745054166953926,0.4456330128464072,0.5288724038489854,0.3440009038799965,True,1.0,0.9147119192622002,0.16127957347550817,chem
CPC005 HA1E 6H-trichostatin a-10.0,trichostatin a,HA1E,6H,10.0,140,103,1,2,0.7337864634203204,0.8176164573812933,0.7613168724279835,0.6412008281573499,0.22188067961657607,0.6289155115175827,-0.40703483190100664,0.9064728394537037,False,1.0,-0.5287873025328901,0.6214595134955015,chem
CPC005 HA1E 6H-geldanamycin-10.0,geldanamycin,HA1E,6H,10.0,120,73,0,3,1.0,0.49277573570014,0.0,1.1464674414314702,0.3073506849973938,0.19922004719779082,0.108130637799603,0.8415136686662614,True,1.0,-0.3648598096193633,0.550816394535155,chem
CPC005 HA1E 6H-periplocymarin-10.0,periplocymarin,HA1E,6H,10.0,104,94,0,4,1.0,0.1939682539190968,0.0,1.806376811594203,0.712269343657109,0.05672989554678364,0.6555394481103254,0.5120879783600077,True,1.0,0.41175533451507745,0.26491169610129955,chem
CPC005 HA1E 6H-bntx maleate-10.0,bntx maleate,HA1E,6H,10.0,144,68,0,2,1.0,0.8297203820093362,0.0,0.6227364185110664,0.0810682413712867,0.10767000742262935,-0.02660176605134265,0.9846014016912614,False,1.0,-0.7988590062813921,0.7320893035654782,chem
CPC005 HA1E 6H-ca-074-me-10.0,ca-074-me,HA1E,6H,10.0,92,58,0,1,1.0,0.8719093541651274,0.0,0.48640012469799704,0.05952866304010019,0.15923101237265452,-0.09970234933255434,0.991421805527956,False,1.0,-0.8401709151611637,0.7447517494168611,chem
CPC005 HA1E 6H-n-formylmethionylalanine-10.0,n-formylmethionylalanine,HA1E,6H,10.0,70,41,0,1,1.0,0.7900503381574097,0.0,0.6437455031349574,0.10234523670003882,0.2230514587851949,-0.12070622208515606,0.9762325077058558,False,1.0,-0.7580507193808048,0.7200933022325892,chem
CPC005 HA1E 6H-helveticoside-10.0,helveticoside,HA1E,6H,10.0,86,64,0,2,1.0,0.5668335193650729,0.0,1.0625850340136054,0.24654447591776416,0.1192815748949867,0.12726290102277746,0.888619033083886,True,1.0,-0.48148328897433856,0.6054648450516494,chem
CPC005 HA1E 6H-bh3i-1-10.0,bh3i-1,HA1E,6H,10.0,82,70,0,3,1.0,0.2679948788549785,0.0,1.7083143611692924,0.5718735048752182,0.18660465475253937,0.38526885012267875,0.6208871605799575,True,1.0,0.14248264915062428,0.352215928023992,chem
CPC005 HA1E 6H-wortmannin-10.0,wortmannin,HA1E,6H,10.0,81,89,0,3,1.0,0.2620344426225369,0.0,1.7304925290536801,0.5816416199100709,0.5085365137406291,0.07310510616944177,0.612971753663844,True,1.0,0.16121743922136078,0.34488503832055983,chem
CPC005 HA1E 6H-doxorubicin hydrochloride-10.0,doxorubicin hydrochloride,HA1E,6H,10.0,70,157,1,0,0.8681298573081844,1.0,0.49351060462171575,0.0,0.06141530697303648,0.170717696330583,-0.10930238935754652,0.9908955471815313,False,1.0,-0.8365524198940958,0.7444185271576141,chem
CPC005 HA1E 6H-thioridazine hydrochloride-10.0,thioridazine hydrochloride,HA1E,6H,10.0,74,70,0,0,1.0,1.0,0.0,0.0,-0.0,0.7031715875706519,-0.7031715875706519,1.0,False,1.0,-0.9543441206638258,1.0,chem
CPC005 HA1E 6H-gsk-3 inhibitor ii-10.0,gsk-3 inhibitor ii,HA1E,6H,10.0,114,33,0,0,1.0,1.0,0.0,0.0,-0.0,1.0408721766661375,-1.0408721766661375,1.0,False,1.0,-0.9543441206638258,1.0,chem
CPC005 HA1E 6H-digitoxigenin-10.0,digitoxigenin,HA1E,6H,10.0,103,102,1,4,0.7303159530865316,0.18949817899420668,0.768976897689769,1.8249158249158248,0.8588841715691943,0.4712898760344821,0.3875942955347122,0.4120880722701301,True,1.0,0.6929557516262053,0.20026657780739754,chem
CPC005 HA1E 6H-mitoxantrone dihydrochloride-10.0,mitoxantrone dihydrochloride,HA1E,6H,10.0,103,123,1,2,0.7946282488013978,0.6652806581435554,0.6344869459623558,0.8813295615275814,0.2768311026776741,0.5467073822219756,-0.2698762795443015,0.8656271906320658,False,1.0,-0.423394948258333,0.5791402865711429,chem
CPC005 HA1E 6H-torasemide-10.0,torasemide,HA1E,6H,10.0,83,79,0,2,1.0,0.5474590331479379,0.0,1.1024691358024692,0.26164837391881857,0.0817388138362365,0.17990956008258208,0.87728538779694,True,1.0,-0.4525147154788446,0.5921359546817727,chem
CPC005 HA1E 6H-BRD-K31342827-10.0,brd-k31342827,HA1E,6H,10.0,85,58,0,2,1.0,0.5604415890053939,0.0,1.0755593803786574,0.25146964425462504,0.13948074947219694,0.1119888947824281,0.8849542247521202,True,1.0,-0.4720370453004158,0.6004665111629457,chem
CPC005 HA1E 6H-y-27632-10.0,y-27632,HA1E,6H,10.0,81,88,1,0,0.6767684038226862,1.0,0.8947069675039023,0.0,0.16955992533216985,-0.0,0.16955992533216985,0.9409964905265602,False,1.0,-0.6291360744672403,0.6637787404198601,chem
CPC005 HA1E 6H-ki 8751-10.0,ki 8751,HA1E,6H,10.0,131,42,0,3,1.0,0.5521580550805475,0.0,1.0460881294964028,0.2579365878071407,0.08888625167190034,0.16905033613524034,0.8800962872992821,True,1.0,-0.4596337485104625,0.5964678440519827,chem
CPC005 HA1E 6H-bibu 1361 dihydrochloride-10.0,bibu 1361 dihydrochloride,HA1E,6H,10.0,57,67,3,0,0.052607017627456315,1.0,3.7547468354430378,0.0,1.2789563183254837,1.2302969761987435,0.04865934212674028,0.20752972649550003,True,1.0,1.498634580751637,0.08897034321892702,chem
CPC005 HA1E 6H-purvalanol a-10.0,purvalanol a,HA1E,6H,10.0,118,123,2,1,0.4642646949594351,0.9287253152508068,1.2956611570247933,0.37673516396920653,0.36534705729718886,0.1359995323649996,0.22934752493218927,0.7938966655218664,True,1.0,-0.253625466450378,0.5011662779073642,chem
CPC005 HA1E 6H-pac 1-10.0,pac 1,HA1E,6H,10.0,56,78,2,1,0.25971548029049063,0.7127304507454809,2.0776315789473685,0.8094132817537073,0.7325768495403422,0.08378569230754836,0.6487911572327938,0.49734964131177606,True,1.0,0.4507041857750334,0.25558147284238586,chem
CPC005 HA1E 6H-gr 103691-10.0,gr 103691,HA1E,6H,10.0,91,58,0,2,1.0,0.5977922125178159,0.0,1.0020866773675763,0.22344974684536567,0.13948074947219694,0.08396899737316874,0.9053635129125419,True,1.0,-0.5257779046057199,0.6197934021992669,chem
CPC005 HA1E 6H-cmpd-1-10.0,cmpd-1,HA1E,6H,10.0,71,48,1,2,0.4588721505929316,0.4641759411062928,1.6666666666666667,1.296687370600414,0.6716256726617398,0.5468200736580036,0.12480559900373622,0.5423926414044591,True,1.0,0.3338026649278071,0.28390536487837387,chem
CPC005 HA1E 6H-fluphenazine dihydrochloride-10.0,fluphenazine dihydrochloride,HA1E,6H,10.0,40,28,0,2,1.0,0.21856038072636244,0.0,2.366165413533835,0.6604285614684814,-0.0,0.6604285614684814,0.5509236131684239,True,1.0,0.312327126724591,0.2922359213595468,chem
CPC005 HA1E 6H-calcipotriol-10.0,calcipotriol,HA1E,6H,10.0,98,38,0,2,1.0,0.6383228619654419,0.0,0.9279761904761905,0.19495960074075572,-0.0,0.19495960074075572,0.9248730611922473,False,1.0,-0.5804206790253522,0.6454515161612796,chem
CPC005 HA1E 6H-manumycin a-10.0,manumycin a,HA1E,6H,10.0,133,51,0,2,1.0,0.7945901628001607,0.0,0.676226826608506,0.09985681590795663,0.16829365667717439,-0.06843684076921776,0.9772893379342458,False,1.0,-0.7628233946596047,0.7204265244918361,chem
CPC005 HA1E 6H-vorinostat-10.0,vorinostat,HA1E,6H,10.0,152,129,1,5,0.8100390974583673,0.24071842188432863,0.6041666666666666,1.5355777347435324,0.7099846913297124,0.5042685785303225,0.20571611279938995,0.513763197195928,True,1.0,0.4073734776690355,0.2659113628790403,chem
CPC005 HA1E 6H-bmy 45778-10.0,bmy 45778,HA1E,6H,10.0,127,53,0,1,1.0,0.9418479154935535,0.0,0.3493189237870089,0.026019219069437483,0.6632310645053139,-0.6372118454358764,0.9982754048227388,False,1.0,-0.9044404693113248,0.7577474175274909,chem
CPC005 HCC515 6H-hydrocortisone hemisuccinate-10.0,hydrocortisone hemisuccinate,HCC515,6H,10.0,106,74,0,2,1.0,0.680671485666299,0.0,0.8554945054945055,0.16706244225152309,0.4419767989901833,-0.27491435673866016,0.9425091223501489,False,1.0,-0.6339261307937872,0.6667777407530823,chem
CPC005 HCC515 6H-rhodomyrtoxin b-10.0,rhodomyrtoxin b,HCC515,6H,10.0,102,66,1,2,0.5706908532949094,0.6600204894971509,1.2017094017094017,0.8902857142857142,0.42404167014637834,0.24979707092709852,0.17424459921927982,0.744442953385817,True,1.0,-0.14105193040076966,0.45884705098300566,chem
CPC005 HCC515 6H-fluorometholone-10.0,fluorometholone,HCC515,6H,10.0,81,66,0,2,1.0,0.5342135057225317,0.0,1.1307414104882458,0.27228513655683023,1.1953437695246238,-0.9230586329677937,0.8691438431256362,True,1.0,-0.43211389972837716,0.5844718427190936,chem
CPC005 HCC515 6H-fluocinonide-10.0,fluocinonide,HCC515,6H,10.0,92,77,0,2,1.0,0.6037830607527295,0.0,0.9907936507936508,0.21911907535533895,0.7819412937410466,-0.5628222183857077,0.9084159573245703,False,1.0,-0.534083930992744,0.623125624791736,chem
CPC005 HCC515 6H-trichostatin a-10.0,trichostatin a,HCC515,6H,10.0,95,122,3,0,0.20070094694957188,1.0,2.0018083182640143,0.0,0.6974505784143404,0.1519717624032751,0.5454788160110653,0.5230144861979661,True,1.0,0.38333363238112206,0.2715761412862379,chem
CPC005 HCC515 6H-geldanamycin-10.0,geldanamycin,HCC515,6H,10.0,128,80,0,4,1.0,0.30876113403058675,0.0,1.4511453950444133,0.5103773726444716,1.8283721858361273,-1.3179948131916557,0.6716133067560135,True,1.0,0.02453592929786653,0.39320226591136287,chem
CPC005 HCC515 6H-triamcinolone diacetate-10.0,triamcinolone diacetate,HCC515,6H,10.0,86,42,0,4,1.0,0.11956512240786052,0.0,2.209261223047013,0.9223954871940371,1.0221204737885534,-0.09972498659451634,0.3735087802952331,True,1.0,0.8147674994508615,0.17660779740086638,chem
CPC005 HCC515 6H-budesonide-10.0,budesonide,HCC515,6H,10.0,64,60,0,2,1.0,0.41167055954271353,0.0,1.444700460829493,0.3854501902901507,-0.0,0.3854501902901507,0.7770412978887299,True,1.0,-0.21506859288332603,0.48717094301899366,chem
CPC005 HCC515 6H-fludrocortisone acetate-10.0,fludrocortisone acetate,HCC515,6H,10.0,90,84,0,2,1.0,0.591734328636421,0.0,1.0136363636363637,0.22787323500741302,0.4208021241033929,-0.19292888909597988,0.9022158598324803,True,1.0,-0.5172938601610494,0.6174608463845385,chem
CPC005 HCC515 6H-periplocymarin-10.0,periplocymarin,HCC515,6H,10.0,105,61,1,3,0.5421496516795823,0.4062720164358156,1.302880658436214,1.3182395260262378,0.657063907279867,1.240301262172855,-0.5832373548929881,0.5535019721159702,True,1.0,0.30587387656738035,0.29323558813728756,chem
CPC005 HCC515 6H-quinacrine dihydrochloride dihydrate-10.0,quinacrine dihydrochloride dihydrate,HCC515,6H,10.0,46,100,0,2,1.0,0.2675399479808848,0.0,2.0415584415584416,0.5726113617087648,0.5393910545830469,0.033220307125717885,0.6202877269843359,True,1.0,0.14389782422067948,0.3515494835054982,chem
CPC005 HCC515 6H-hydrocortisone phosphate triethylamine-10.0,hydrocortisone phosphate triethylamine,HCC515,6H,10.0,93,73,0,5,1.0,0.052963081493336006,0.0,2.5895819508958193,1.2760267547500148,-0.0,1.2760267547500148,0.20857709874570696,True,1.0,1.4930158141431915,0.09030323225591469,chem
CPC005 HCC515 6H-calyculin a-10.0,calyculin a,HCC515,6H,10.0,106,44,0,3,1.0,0.4121923705851255,0.0,1.305231542921003,0.38490005099311,0.12846473843230266,0.2564353125608073,0.777504091245046,True,1.0,-0.2161237344539306,0.4878373875374875,chem
CPC005 HCC515 6H-bntx maleate-10.0,bntx maleate,HCC515,6H,10.0,89,63,0,0,1.0,1.0,0.0,0.0,-0.0,1.8176673474011023,-1.8176673474011023,1.0,False,1.0,-0.9543441206638258,1.0,chem
CPC005 HCC515 6H-hydrocortisone acetate-10.0,hydrocortisone acetate,HCC515,6H,10.0,87,43,1,2,0.4230017123766502,0.5731589146951137,1.866549088771311,1.0499159663865547,0.6153828228825423,1.3430452835436784,-0.727662460661136,0.585987933422009,True,1.0,0.22593149635192267,0.31789403532155946,chem
CPC005 HCC515 6H-wortmannin-10.0,wortmannin,HCC515,6H,10.0,42,52,1,2,0.4859747478827887,0.23483059403922776,1.5349794238683128,2.2471428571428573,0.9426316201506112,-0.0,0.9426316201506112,0.36182177628673334,True,1.0,0.8535794607588747,0.17194268577140953,chem
CPC005 HCC515 6H-doxorubicin hydrochloride-10.0,doxorubicin hydrochloride,HCC515,6H,10.0,82,171,1,2,0.890194975998616,0.5408689713942205,0.45185185185185184,1.1164285714285713,0.31742279355520314,0.47048603554090374,-0.1530632419857006,0.8333883519951424,True,1.0,-0.3455419741181488,0.5414861712762412,chem
CPC005 HCC515 6H-cercosporin-10.0,cercosporin,HCC515,6H,10.0,94,94,3,3,0.11606098519127238,0.3402929110005341,2.6294338572819584,1.4801960629298758,1.4034608452736876,0.4681470980549928,0.9353137472186948,0.1671254284918944,True,1.0,1.7374284695324642,0.06997667444185271,chem
CPC005 HCC515 6H-BRD-A82238138 (budesonide)-10.0,brd-a82238138 (budesonide),HCC515,6H,10.0,111,56,1,2,0.5117356325563969,0.7050442912227425,1.4224466891133558,0.8155963302752294,0.44273794126971233,0.1470746859789352,0.29566325529077714,0.7286070960466178,True,1.0,-0.10519335243035625,0.44518493835388206,chem
CPC005 HCC515 6H-thioridazine hydrochloride-10.0,thioridazine hydrochloride,HCC515,6H,10.0,108,56,0,2,1.0,0.6906105767089603,0.0,0.8390835579514825,0.1607667747106249,-0.0,0.1607667747106249,0.9462602329329548,False,1.0,-0.646000928163908,0.6717760746417861,chem
CPC005 HCC515 6H-triamcinolone acetonide-10.0,triamcinolone acetonide,HCC515,6H,10.0,67,47,1,1,0.4518788513570958,0.7754460309199388,1.703166935050993,0.6733290350311627,0.4554264064546238,0.23943842161399886,0.21598798484062492,0.7178654785706537,True,1.0,-0.08085746667235769,0.43418860379873375,chem
CPC005 HCC515 6H-digitoxigenin-10.0,digitoxigenin,HCC515,6H,10.0,66,56,0,4,1.0,0.05624945791754328,0.0,2.9312762973352036,1.2498816585420058,-0.0,1.2498816585420058,0.21813308454333524,True,1.0,1.4428707362966915,0.09463512162612463,chem
CPC005 HCC515 6H-mitoxantrone dihydrochloride-10.0,mitoxantrone dihydrochloride,HCC515,6H,10.0,53,154,0,0,1.0,1.0,0.0,0.0,-0.0,0.37463357870632275,-0.37463357870632275,1.0,False,1.0,-0.9543441206638258,1.0,chem
CPC005 HCC515 6H-pd 158780-10.0,pd 158780,HCC515,6H,10.0,64,67,1,2,0.5761845096666045,0.41167055954271353,1.1833146277590723,1.444700460829493,0.6248886119041496,0.3626548073906745,0.26223380451347506,0.578493011665483,True,1.0,0.24416315733678004,0.3148950349883372,chem
CPC005 HCC515 6H-bibu 1361 dihydrochloride-10.0,bibu 1361 dihydrochloride,HCC515,6H,10.0,87,76,0,2,1.0,0.5731589146951137,0.0,1.0499159663865547,0.2417249483526789,0.3010552874507807,-0.059330339098101786,0.8921747319014167,True,1.0,-0.4907269185640632,0.6101299566811063,chem
CPC005 HCC515 6H-purvalanol a-10.0,purvalanol a,HCC515,6H,10.0,108,61,1,0,0.5421496516795823,1.0,1.302880658436214,0.0,0.26588081691603516,0.25358342177201076,0.012297395144024392,0.8740608278188708,True,1.0,-0.4443970867698982,0.590803065644785,chem
CPC005 HCC515 6H-pac 1-10.0,pac 1,HCC515,6H,10.0,111,29,0,2,1.0,0.7050442912227425,0.0,0.8155963302752294,0.1517835995625991,0.3848049029731933,-0.2330213034105942,0.9514535016365393,False,1.0,-0.6632302400594406,0.6771076307897368,chem
CPC005 HCC515 6H-indirubin-3-oxime-10.0,indirubin-3-oxime,HCC515,6H,10.0,102,77,0,1,1.0,0.8977353449218803,0.0,0.4375394986307141,0.046851675783073976,0.42973025954682315,-0.38287858376374917,0.9945830072153558,False,1.0,-0.8644847867876119,0.748750416527824,chem
CPC005 HCC515 6H-manumycin a-10.0,manumycin a,HCC515,6H,10.0,84,32,0,0,1.0,1.0,0.0,0.0,-0.0,0.54058402565867,-0.54058402565867,1.0,False,1.0,-0.9543441206638258,1.0,chem
CPC005 HCC515 6H-vorinostat-10.0,vorinostat,HCC515,6H,10.0,137,92,1,2,0.6930570531303011,0.808043162583749,0.8548365215031881,0.6557671957671958,0.25179645262370265,0.28279755475451535,-0.031001102130812697,0.884709960927758,False,1.0,-0.4714102420567825,0.5994668443852049,chem
CPC005 HT29 24H-rhodomyrtoxin b-10.0,rhodomyrtoxin b,HT29,24H,10.0,109,186,3,5,0.4206383767795279,0.0907671875284154,1.28844158539116,2.185569904548007,1.418162228354321,1.7410346939007786,-0.32287246554645765,0.16285516172410774,True,1.0,1.7656250381419056,0.06864378540486504,chem
CPC005 HT29 24H-etoposide-10.0,etoposide,HT29,24H,10.0,79,50,0,3,1.0,0.2501693122743965,0.0,1.7765997728133283,0.6017659653351914,0.36887230554612604,0.2328936597890654,0.5968082496108829,True,1.0,0.19981499724615762,0.327890703098967,chem
CPC005 HT29 24H-trichostatin a-10.0,trichostatin a,HT29,24H,10.0,168,212,1,5,0.9359228912552433,0.308299698228583,0.3616523316365339,1.3812637141193855,0.5397868307806645,0.5460398997893641,-0.006253069008699597,0.6471784828734,True,1.0,0.08094190141324227,0.37220926357880707,chem
CPC005 HT29 24H-geldanamycin-10.0,geldanamycin,HT29,24H,10.0,107,147,1,1,0.8497408274652074,0.908636776675755,0.528158295281583,0.4165663053659842,0.11232320400180722,0.8904621436098326,-0.7781389396080254,0.9717983647787931,False,1.0,-0.738913442427747,0.7110963012329223,chem
CPC005 HT29 24H-lomatin-10.0,lomatin,HT29,24H,10.0,48,62,0,0,1.0,1.0,0.0,0.0,-0.0,-0.0,0.0,1.0,False,1.0,-0.9543441206638258,1.0,chem
CPC005 HT29 24H-metergoline-10.0,metergoline,HT29,24H,10.0,70,42,0,1,1.0,0.7900503381574097,0.0,0.6437455031349574,0.10234523670003882,1.2325902500584578,-1.130245013358419,0.9762325077058558,False,1.0,-0.7580507193808048,0.7200933022325892,chem
CPC005 HT29 24H-metixene hydrochloride-10.0,metixene hydrochloride,HT29,24H,10.0,95,31,0,3,1.0,0.34633333593147414,0.0,1.4638723803565843,0.4605057039044729,0.9836776474078774,-0.5231719435034046,0.7135691247671176,True,1.0,-0.07111561053223042,0.4315228257247584,chem
CPC005 HT29 24H-chlorphensin carbamate-10.0,chlorphensin carbamate,HT29,24H,10.0,57,64,0,2,1.0,0.3567990927411277,0.0,1.6303896103896105,0.4475762586065167,-0.0,0.4475762586065167,0.7245099655650861,True,1.0,-0.09591368493286956,0.4395201599466844,chem
CPC005 HT29 24H-periplocymarin-10.0,periplocymarin,HT29,24H,10.0,132,127,3,2,0.21715455100373135,0.7911002909692584,1.9195590036749695,0.6815384615384615,0.7649995202572657,1.5225499122864357,-0.75755039202917,0.4743968866087628,True,1.0,0.5128893593982813,0.24058647117627457,chem
CPC005 HT29 24H-quinacrine dihydrochloride dihydrate-10.0,quinacrine dihydrochloride dihydrate,HT29,24H,10.0,179,119,1,5,0.7836747881713573,0.3562933707580289,0.6564134756225152,1.2916352042956625,0.5540563829357893,0.40159170241280623,0.15246468052298306,0.6354340052604152,True,1.0,0.10831023840311463,0.3618793735421526,chem
CPC005 HT29 24H-calyculin a-10.0,calyculin a,HT29,24H,10.0,94,75,1,2,0.6177049739872678,0.6155637042819571,1.054054054054054,0.968944099378882,0.4199458971068043,0.9353137472186948,-0.5153678501118905,0.7479109433087132,True,1.0,-0.14890743249099034,0.4608463845384872,chem
CPC005 HT29 24H-trimeprazine tartrate-10.0,trimeprazine tartrate,HT29,24H,10.0,88,31,0,3,1.0,0.30403547782894635,0.0,1.5862039779940753,0.517075735712501,0.5130971427854331,0.0039785929270679254,0.6660234259422864,True,1.0,0.03738307794930508,0.3882039320226591,chem
CPC005 HT29 24H-tetrindole mesylate-10.0,tetrindole mesylate,HT29,24H,10.0,32,16,0,0,1.0,1.0,0.0,0.0,-0.0,-0.0,0.0,1.0,False,1.0,-0.9543441206638258,1.0,chem
CPC005 HT29 24H-ca-074-me-10.0,ca-074-me,HT29,24H,10.0,106,68,0,1,1.0,0.906553002549182,0.0,0.4206011482607227,0.042606799354774696,0.48304518993251505,-0.44043839057774037,0.9954910929315649,False,1.0,-0.8726262622387764,0.7520826391202933,chem
CPC005 HT29 24H-helveticoside-10.0,helveticoside,HT29,24H,10.0,87,78,0,3,1.0,0.29800421783834874,0.0,1.605344295991778,0.5257775890413382,0.2891560938204769,0.2366214952208613,0.6587823205039529,True,1.0,0.054072827687143034,0.38020659780073307,chem
CPC005 HT29 24H-reserpine-10.0,reserpine,HT29,24H,10.0,38,40,1,1,0.4003624230876708,0.5705325120706206,2.0110794555239,1.2066321640789726,0.6412662930215758,0.41478257879929925,0.22648371422227653,0.5656976193073635,True,1.0,0.27557478757308085,0.3042319226924359,chem
CPC005 HT29 24H-lasalocid sodium-10.0,lasalocid sodium,HT29,24H,10.0,109,66,0,2,1.0,0.6954847519757756,0.0,0.8311081441922563,0.1577123871749871,0.23610814096035626,-0.07839575378536917,0.9480473910339858,False,1.0,-0.6518591013191866,0.6737754081972676,chem
CPC005 HT29 24H-wortmannin-10.0,wortmannin,HT29,24H,10.0,85,75,2,0,0.24557543774505536,1.0,2.164041095890411,0.0,0.6098150731384948,0.4850475698482679,0.1247675032902269,0.5904004580244522,True,1.0,0.2152528114419943,0.3252249250249917,chem
CPC005 HT29 24H-salubrinal-10.0,salubrinal,HT29,24H,10.0,68,47,0,0,1.0,1.0,0.0,0.0,-0.0,0.18795264439741394,-0.18795264439741394,1.0,False,1.0,-0.9543441206638258,1.0,chem
CPC005 HT29 24H-cercosporin-10.0,cercosporin,HT29,24H,10.0,161,139,2,2,0.5292744719659357,0.873509936034241,1.1414233576642336,0.5546271338724169,0.33505120307408437,0.9229490220212002,-0.5878978189471158,0.8190039718601365,True,1.0,-0.31173150501138414,0.5244918360546484,chem
CPC005 HT29 24H-naltrexone hydrochloride-10.0,naltrexone hydrochloride,HT29,24H,10.0,36,25,0,0,1.0,1.0,0.0,0.0,-0.0,0.4332012306554081,-0.4332012306554081,1.0,False,1.0,-0.9543441206638258,1.0,chem
CPC005 HT29 24H-thioridazine hydrochloride-10.0,thioridazine hydrochloride,HT29,24H,10.0,110,92,0,1,1.0,0.9146152597044003,0.0,0.4049059795692628,0.03876155700067792,0.449038606022669,-0.4102770490219911,0.9962463026947637,False,1.0,-0.8800012581328736,0.7537487504165278,chem
"CPC005 HT29 24H-tamoxifen, 4-hydroxy-, (z)--10.0","tamoxifen, 4-hydroxy-, (z)-",HT29,24H,10.0,59,28,0,2,1.0,0.37268299449326364,0.0,1.5726817042606516,0.4286604236299346,0.7660216222557941,-0.33736119862585945,0.740531210291556,True,1.0,-0.13219337615625426,0.4538487170943019,chem
CPC005 HT29 24H-fgin-1-27-10.0,fgin-1-27,HT29,24H,10.0,45,15,0,1,1.0,0.6326557707753426,0.0,1.0135396518375241,0.19883252618512057,0.3588995220932153,-0.16006699590809473,0.9223038099527754,True,1.0,-0.5729925882523731,0.6441186271242919,chem
CPC005 HT29 24H-gemfibrozil-10.0,gemfibrozil,HT29,24H,10.0,38,57,0,0,1.0,1.0,0.0,0.0,-0.0,0.14321894434703947,-0.14321894434703947,1.0,False,1.0,-0.9543441206638258,1.0,chem
CPC005 HT29 24H-indirubin-10.0,indirubin,HT29,24H,10.0,64,59,0,1,1.0,0.759833479050158,0.0,0.7057300461555781,0.1192815748949867,0.3880619531902771,-0.2687803782952904,0.968526285004875,False,1.0,-0.7255676108673179,0.7060979673442186,chem
"CPC005 HT29 24H-l-168,049-10.0","l-168,049",HT29,24H,10.0,44,34,0,2,1.0,0.2511692107532274,0.0,2.139455782312925,0.6000335990889489,0.6415163089430429,-0.04148270985409397,0.5981917306989533,True,1.0,0.19649239940274754,0.3338887037654115,chem
CPC005 HT29 24H-digitoxigenin-10.0,digitoxigenin,HT29,24H,10.0,157,140,3,4,0.2611169550209802,0.453357320730895,1.7338076318950384,1.1705977076821066,0.9267242943311036,0.49451355607229813,0.43221073825880546,0.37098428316471543,True,1.0,0.8230699500956669,0.17460846384538486,chem
CPC005 HT29 24H-mk 212-10.0,mk 212,HT29,24H,10.0,66,73,2,0,0.23616719893670252,1.0,2.225704225352113,0.0,0.6267804213287917,0.31995999019332333,0.3068204311354684,0.5770073031095266,True,1.0,0.2477915597765601,0.31422859046984336,chem
CPC005 HT29 24H-mitoxantrone dihydrochloride-10.0,mitoxantrone dihydrochloride,HT29,24H,10.0,153,148,1,2,0.8516882357389317,0.8543637194433569,0.5244813974972705,0.5847682119205299,0.13807655380717243,0.14011946572641404,-0.002042911919241608,0.9589959729698008,False,1.0,-0.6895197159513233,0.6874375208263912,chem
CPC005 HT29 24H-ly-294002-10.0,ly-294002,HT29,24H,10.0,42,27,0,1,1.0,0.6072067945410671,0.0,1.0882200311364816,0.216663377403777,-0.0,0.216663377403777,0.9101336802598143,True,1.0,-0.5387938453862066,0.6254581806064645,chem
CPC005 HT29 24H-BRD-K31342827-10.0,brd-k31342827,HT29,24H,10.0,99,88,1,1,0.6767684038226862,0.8905843608057327,0.8947069675039023,0.45115067303517153,0.2198848609409712,0.06557692554351893,0.15430793539745227,0.9078783380272354,False,1.0,-0.5326151898758728,0.6227924025324891,chem
CPC005 HT29 24H-chelidonine (+)-10.0,chelidonine (+),HT29,24H,10.0,87,152,1,1,0.8592316510504144,0.8566640097411657,0.5102608126890688,0.5150915388421573,0.13307921182105203,0.2419313548079018,-0.10885214298684975,0.9616248390256936,False,1.0,-0.6991043853258742,0.6904365211596135,chem
CPC005 HT29 24H-hymecromone-10.0,hymecromone,HT29,24H,10.0,21,56,0,0,1.0,1.0,0.0,0.0,-0.0,-0.0,0.0,1.0,False,1.0,-0.9543441206638258,1.0,chem
CPC005 HT29 24H-cgs 15943-10.0,cgs 15943,HT29,24H,10.0,67,67,0,1,1.0,0.7754460309199388,0.0,0.6733290350311627,0.11044842259476602,0.6014548033068731,-0.49100638071210706,0.9726550549608176,False,1.0,-0.7425091859221793,0.7140953015661446,chem
CPC005 HT29 24H-bibu 1361 dihydrochloride-10.0,bibu 1361 dihydrochloride,HT29,24H,10.0,88,56,0,3,1.0,0.30403547782894635,0.0,1.5862039779940753,0.517075735712501,0.1470746859789352,0.3700010497335658,0.6660234259422864,True,1.0,0.03738307794930508,0.3882039320226591,chem
CPC005 HT29 24H-e6 berbamine-10.0,e6 berbamine,HT29,24H,10.0,42,19,0,1,1.0,0.6072067945410671,0.0,1.0882200311364816,0.216663377403777,1.193513332528352,-0.9768499551245751,0.9101336802598143,True,1.0,-0.5387938453862066,0.6254581806064645,chem
CPC005 HT29 24H-purvalanol a-10.0,purvalanol a,HT29,24H,10.0,96,74,2,2,0.2408689030819002,0.6270766769139553,2.1944444444444446,0.9480243161094225,0.8208986169329061,0.46315113468322755,0.35774748224967856,0.43654358892902656,True,1.0,0.620101225518336,0.214595134955015,chem
CPC005 HT29 24H-pac 1-10.0,pac 1,HT29,24H,10.0,119,54,1,2,0.49901872549289583,0.7408274836495669,1.4765897973445143,0.7588522588522588,0.43216607164877696,1.6744817777159027,-1.2423157060671257,0.7375617954941094,True,1.0,-0.12546970639391358,0.4525158280573142,chem
CPC005 HT29 24H-fluphenazine dihydrochloride-10.0,fluphenazine dihydrochloride,HT29,24H,10.0,32,9,0,0,1.0,1.0,0.0,0.0,-0.0,0.7422119064117775,-0.7422119064117775,1.0,False,1.0,-0.9543441206638258,1.0,chem
CPC005 HT29 24H-anpirtoline hydrochloride-10.0,anpirtoline hydrochloride,HT29,24H,10.0,42,85,0,0,1.0,1.0,0.0,0.0,-0.0,0.38137597042152427,-0.38137597042152427,1.0,False,1.0,-0.9543441206638258,1.0,chem
CPC005 HT29 24H-calcipotriol-10.0,calcipotriol,HT29,24H,10.0,49,26,0,1,1.0,0.6640580783349529,0.0,0.9284869976359338,0.1777939356962094,0.3318216818814629,-0.15402774618525347,0.9359139369694509,False,1.0,-0.6133436257644824,0.6584471842719094,chem
CPC005 HT29 24H-mbcq-10.0,mbcq,HT29,24H,10.0,53,33,0,1,1.0,0.6927932572907209,0.0,0.8565193671576651,0.15939634780318535,1.0960280413725403,-0.9366316935693549,0.9470647702762663,False,1.0,-0.6486293431985959,0.6731089636787737,chem
CPC005 HT29 24H-thapsigargin-10.0,thapsigargin,HT29,24H,10.0,194,164,4,3,0.15369545470312215,0.8045213210488695,1.9974358974358974,0.6939244415985536,0.9078014178165875,0.970088091378684,-0.062286673562096495,0.38211828545403514,True,1.0,0.7867767535302077,0.18060646451182938,chem
CPC005 HT29 24H-manumycin a-10.0,manumycin a,HT29,24H,10.0,13,10,0,0,1.0,1.0,0.0,0.0,-0.0,-0.0,0.0,1.0,False,1.0,-0.9543441206638258,1.0,chem
CPC005 HT29 24H-nitrofurazone-10.0,nitrofurazone,HT29,24H,10.0,60,50,0,0,1.0,1.0,0.0,0.0,-0.0,-0.0,0.0,1.0,False,1.0,-0.9543441206638258,1.0,chem
CPC005 HT29 24H-vorinostat-10.0,vorinostat,HT29,24H,10.0,200,208,1,5,0.9324551778648057,0.44820607504036813,0.3688793463350629,1.1486056522552872,0.37889429637457084,0.10915535710581313,0.2697389392687577,0.7825512134669992,True,1.0,-0.2276424923302687,0.49183605464845054,chem
CPC005 HT29 24H-rs 102895 hydrochloride-10.0,rs 102895 hydrochloride,HT29,24H,10.0,58,26,1,0,0.28256026853690286,1.0,3.1441975308641976,0.0,0.5488889053617282,0.7776036617379353,-0.22871475637620708,0.6396778533983358,True,1.0,0.09839925688827286,0.3665444851716095,chem
CPC005 HT29 24H-trifluoperazine dihydrochloride-10.0,trifluoperazine dihydrochloride,HT29,24H,10.0,16,2,0,0,1.0,1.0,0.0,0.0,-0.0,-0.0,0.0,1.0,False,1.0,-0.9543441206638258,1.0,chem
"CPC005 HT29 24H-vegf receptor 3 kinase inhibitor, maz51-10.0","vegf receptor 3 kinase inhibitor, maz51",HT29,24H,10.0,62,40,0,2,1.0,0.3962092340634282,0.0,1.4933333333333334,0.4020754070002483,0.2296813124583833,0.172394094541865,0.7630248296592255,True,1.0,-0.18318220089952464,0.47517494168610463,chem
CPC005 HT29 6H-rhodomyrtoxin b-10.0,rhodomyrtoxin b,HT29,6H,10.0,42,46,0,1,1.0,0.6072067945410671,0.0,1.0882200311364816,0.216663377403777,0.5726113617087648,-0.3559479843049878,0.9101336802598143,True,1.0,-0.5387938453862066,0.6254581806064645,chem
CPC005 HT29 6H-trichostatin a-10.0,trichostatin a,HT29,6H,10.0,52,38,0,2,1.0,0.31652561375974103,0.0,1.794857142857143,0.49959114041938535,0.31338629686956876,0.1862048435498166,0.6806412056898324,True,1.0,0.0038484378350625544,0.4031989336887704,chem
CPC005 HT29 6H-geldanamycin-10.0,geldanamycin,HT29,6H,10.0,94,49,1,2,0.4657772989980638,0.6155637042819571,1.631687242798354,0.968944099378882,0.5425486774386794,0.6529003250245171,-0.11035164758583771,0.6448992187547896,True,1.0,0.086238994778836,0.3712095968010663,chem
CPC005 HT29 6H-quinacrine dihydrochloride dihydrate-10.0,quinacrine dihydrochloride dihydrate,HT29,6H,10.0,105,76,0,5,1.0,0.0802641439929091,0.0,2.2744525547445256,1.0954784216418814,0.13041883291905026,0.965059588722831,0.28272501199762046,True,1.0,1.1467325131856008,0.12462512495834721,chem
CPC005 HT29 6H-calyculin a-10.0,calyculin a,HT29,6H,10.0,76,53,0,1,1.0,0.8164888153230178,0.0,0.5916784869976359,0.08804976007215684,0.6015635496408298,-0.513513789568673,0.9820254437778243,False,1.0,-0.7854687783030118,0.7280906364545152,chem
CPC005 HT29 6H-tetrindole mesylate-10.0,tetrindole mesylate,HT29,6H,10.0,50,23,0,1,1.0,0.6714827869538534,0.0,0.9093935446519034,0.1729651157231477,-0.0,0.1729651157231477,0.9389121529512973,False,1.0,-0.6226050777602773,0.6624458513828724,chem
CPC005 HT29 6H-bntx maleate-10.0,bntx maleate,HT29,6H,10.0,193,65,0,4,1.0,0.6166335809359633,0.0,0.942105666743348,0.20997282794219452,0.35230337641725623,-0.1423305484750617,0.914763771828165,False,1.0,-0.5516260079040916,0.6321226257914029,chem
CPC005 HT29 6H-reserpine-10.0,reserpine,HT29,6H,10.0,50,33,0,0,1.0,1.0,0.0,0.0,-0.0,0.2841007277695349,-0.2841007277695349,1.0,False,1.0,-0.9543441206638258,1.0,chem
CPC005 HT29 6H-doxorubicin hydrochloride-10.0,doxorubicin hydrochloride,HT29,6H,10.0,68,55,2,1,0.153482108122576,0.7804228786816634,2.9900943396226416,0.6631734942309728,0.9216122516910192,0.1510527550752136,0.7705594966158056,0.3739669776950155,True,1.0,0.8132652902044888,0.17727424191936023,chem
CPC005 HT29 6H-thioridazine hydrochloride-10.0,thioridazine hydrochloride,HT29,6H,10.0,59,21,0,0,1.0,1.0,0.0,0.0,-0.0,1.1945621847819772,-1.1945621847819772,1.0,False,1.0,-0.9543441206638258,1.0,chem
CPC005 HT29 6H-digitoxigenin-10.0,digitoxigenin,HT29,6H,10.0,111,62,0,4,1.0,0.22612532673516897,0.0,1.6863063795205202,0.6456507926067416,0.24479811142302624,0.4008526811837154,0.5622981369334447,True,1.0,0.2839840537416535,0.29856714428523823,chem
CPC005 HT29 6H-mitoxantrone dihydrochloride-10.0,mitoxantrone dihydrochloride,HT29,6H,10.0,61,73,0,1,1.0,0.7431436031873149,0.0,0.741371158392435,0.12892725616443745,0.31995999019332333,-0.19103273402888588,0.9637576558347487,False,1.0,-0.7070676430610809,0.6954348550483173,chem
CPC005 HT29 6H-BRD-K31342827-10.0,brd-k31342827,HT29,6H,10.0,61,56,0,0,1.0,1.0,0.0,0.0,-0.0,0.1470746859789352,-0.1470746859789352,1.0,False,1.0,-0.9543441206638258,1.0,chem
CPC005 HT29 6H-qx 222-10.0,qx 222,HT29,6H,10.0,52,26,0,1,1.0,0.6858468627899699,0.0,0.8734529272701989,0.16377284357838476,-0.0,0.16377284357838476,0.9444803376759113,False,1.0,-0.6402354279650758,0.6704431856047984,chem
CPC005 HT29 6H-dilazep dihydrochloride-10.0,dilazep dihydrochloride,HT29,6H,10.0,58,55,0,1,1.0,0.7253026271272716,0.0,0.7807639666542242,0.13948074947219694,0.46753073115595595,-0.328049981683759,0.9582453842687312,False,1.0,-0.6868265340110402,0.6874375208263912,chem
CPC005 HT29 6H-bibu 1361 dihydrochloride-10.0,bibu 1361 dihydrochloride,HT29,6H,10.0,40,30,1,0,0.31837322969696735,1.0,2.7088122605363987,0.0,0.4970634569006517,-0.0,0.4970634569006517,0.6827612307700588,True,1.0,-0.000999541526336282,0.4051982672442519,chem
CPC005 HT29 6H-purvalanol a-10.0,purvalanol a,HT29,6H,10.0,65,58,0,1,1.0,0.7651538606375023,0.0,0.6945921985815603,0.1162512261443165,-0.0,0.1162512261443165,0.9699689761746659,False,1.0,-0.7313796787516905,0.7074308563812063,chem
CPC005 HT29 6H-nitrofurazone-10.0,nitrofurazone,HT29,6H,10.0,59,54,0,1,1.0,0.731382275965789,0.0,0.7671802396674003,0.13585556839436858,0.4307058561710606,-0.29485028777669203,0.960172552967361,False,1.0,-0.6937794626179611,0.6897700766411197,chem
CPC005 HT29 6H-vorinostat-10.0,vorinostat,HT29,6H,10.0,128,89,0,3,1.0,0.5363608679869017,0.0,1.0717122302158273,0.2705429150808718,0.37814104161419204,-0.10759812653332024,0.8704858426459374,True,1.0,-0.4354553994437623,0.5854715094968344,chem
CPC005 HT29 6H-trifluoperazine dihydrochloride-10.0,trifluoperazine dihydrochloride,HT29,6H,10.0,10,9,0,0,1.0,1.0,0.0,0.0,-0.0,-0.0,0.0,1.0,False,1.0,-0.9543441206638258,1.0,chem
CPC005 MCF7 24H-rhodomyrtoxin b-10.0,rhodomyrtoxin b,MCF7,24H,10.0,79,45,0,2,1.0,0.520708008486312,0.0,1.160482374768089,0.28340574282619463,0.19883252618512057,0.08457321664107406,0.8605042667622493,True,1.0,-0.41078509440897926,0.5768077307564146,chem
CPC005 MCF7 24H-homatropine bromide-10.0,homatropine bromide,MCF7,24H,10.0,30,7,0,0,1.0,1.0,0.0,0.0,-0.0,0.8420663478048985,-0.8420663478048985,1.0,False,1.0,-0.9543441206638258,1.0,chem
CPC005 MCF7 24H-etoposide-10.0,etoposide,MCF7,24H,10.0,54,89,3,0,0.1027205887609774,1.0,2.784515749190462,0.0,0.9883425000334886,0.8104196710718456,0.1779228289616429,0.33648621952842656,True,1.0,0.9412508011862522,0.15661446184605132,chem
CPC005 MCF7 24H-trichostatin a-10.0,trichostatin a,MCF7,24H,10.0,91,82,1,2,0.6507217833049797,0.5977922125178159,0.9618960524310318,1.0020866773675763,0.41005440159790507,0.7336148536186258,-0.3235604520207207,0.7562810535683481,True,1.0,-0.16787886056935075,0.4708430523158947,chem
CPC005 MCF7 24H-geldanamycin-10.0,geldanamycin,MCF7,24H,10.0,94,54,1,2,0.49901872549289583,0.6155637042819571,1.4765897973445143,0.968944099378882,0.5126101528884329,1.0904719454560414,-0.5778617925676085,0.6697485439266913,True,1.0,0.028818297901783578,0.39053648783738754,chem
CPC005 MCF7 24H-bvt 948-10.0,bvt 948,MCF7,24H,10.0,44,31,0,2,1.0,0.2511692107532274,0.0,2.139455782312925,0.6000335990889489,0.6689490338708721,-0.06891543478192319,0.5981917306989533,True,1.0,0.19649239940274754,0.3338887037654115,chem
CPC005 MCF7 24H-metergoline-10.0,metergoline,MCF7,24H,10.0,10,2,0,0,1.0,1.0,0.0,0.0,-0.0,-0.0,0.0,1.0,False,1.0,-0.9543441206638258,1.0,chem
CPC005 MCF7 24H-penicillic acid-10.0,penicillic acid,MCF7,24H,10.0,19,9,0,0,1.0,1.0,0.0,0.0,-0.0,0.6668330203168664,-0.6668330203168664,1.0,False,1.0,-0.9543441206638258,1.0,chem
CPC005 MCF7 24H-periplocymarin-10.0,periplocymarin,MCF7,24H,10.0,156,86,2,3,0.297433088726244,0.6707320596528714,1.8773809523809524,0.871632106079842,0.7000616536489132,0.22740286640285326,0.4726587872460599,0.5210788661564312,True,1.0,0.388341553172808,0.271242919026991,chem
CPC005 MCF7 24H-quinacrine dihydrochloride dihydrate-10.0,quinacrine dihydrochloride dihydrate,MCF7,24H,10.0,62,89,0,4,1.0,0.04650756461852421,0.0,3.135432283858071,1.3324764018436426,0.23239193347812376,1.1000844683655189,0.18919929786326528,True,1.0,1.6012836103446946,0.08063978673775409,chem
CPC005 MCF7 24H-calyculin a-10.0,calyculin a,MCF7,24H,10.0,64,64,1,0,0.5594916574926359,1.0,1.2402508328434254,0.0,0.2522063847959085,0.2522063847959085,0.0,0.8844033801590154,True,1.0,-0.47062401122697395,0.5994668443852049,chem
CPC005 MCF7 24H-trimeprazine tartrate-10.0,trimeprazine tartrate,MCF7,24H,10.0,21,6,0,1,1.0,0.3727858656135989,0.0,2.2382978723404254,0.4285405625261831,-0.0,0.4285405625261831,0.7406327326789057,True,1.0,-0.13242326417542877,0.45684771742752417,chem
CPC005 MCF7 24H-bntx maleate-10.0,bntx maleate,MCF7,24H,10.0,122,104,2,3,0.3808686279232279,0.5038615951497613,1.5416666666666667,1.126836346049211,0.7169135413759802,0.10130642312064184,0.6156071182553383,0.508693226766777,True,1.0,0.4206626896188614,0.26257914028657114,chem
CPC005 MCF7 24H-ca-074-me-10.0,ca-074-me,MCF7,24H,10.0,45,14,0,0,1.0,1.0,0.0,0.0,-0.0,-0.0,0.0,1.0,False,1.0,-0.9543441206638258,1.0,chem
CPC005 MCF7 24H-helveticoside-10.0,helveticoside,MCF7,24H,10.0,88,53,2,2,0.14467862906812226,0.5794175992733966,3.1083333333333334,1.0375415282392026,1.0766039327758363,0.3289562731353552,0.7476476596404811,0.2916399542505978,True,1.0,1.1105321218781556,0.13095634788403865,chem
CPC005 MCF7 24H-lasalocid sodium-10.0,lasalocid sodium,MCF7,24H,10.0,20,10,0,1,1.0,0.35867553496041954,0.0,2.356476297125793,0.44529824527564915,-0.0,0.44529824527564915,0.7264388683586092,True,1.0,-0.10028280849251912,0.4428523825391536,chem
CPC005 MCF7 24H-wortmannin-10.0,wortmannin,MCF7,24H,10.0,20,30,0,2,1.0,0.07016587541465566,0.0,5.011111111111111,1.1538740520062138,0.31275831829660106,0.8411157337096128,0.2565891120684154,True,1.0,1.2587326147426139,0.11196267910696435,chem
CPC005 MCF7 24H-doxorubicin hydrochloride-10.0,doxorubicin hydrochloride,MCF7,24H,10.0,45,72,1,1,0.6026281819919359,0.6326557707753426,1.099113197704747,1.0135396518375241,0.41878308853016455,-0.0,0.41878308853016455,0.7488953320284113,True,1.0,-0.15113764522886952,0.46217927357547484,chem
CPC005 MCF7 24H-salubrinal-10.0,salubrinal,MCF7,24H,10.0,20,15,1,0,0.17420818834684237,1.0,5.624338624338624,0.0,0.7589314356069268,-0.0,0.7589314356069268,0.4786377309400268,True,1.0,0.5012510554215232,0.24358547150949683,chem
CPC005 MCF7 24H-cercosporin-10.0,cercosporin,MCF7,24H,10.0,84,36,1,3,0.36880667214133844,0.2799624355993186,2.2423280423280425,1.6656008526512123,0.9861014675501965,-0.0,0.9861014675501965,0.33769423478969196,True,1.0,0.9369526051713224,0.15694768410529825,chem
CPC005 MCF7 24H-simvastatin-10.0,simvastatin,MCF7,24H,10.0,23,11,0,1,1.0,0.40008827198770297,0.0,2.0341715022566085,0.3978441791525614,-0.0,0.3978441791525614,0.7665971658146649,True,1.0,-0.19129749900822096,0.47784071976007997,chem
CPC005 MCF7 24H-thioridazine hydrochloride-10.0,thioridazine hydrochloride,MCF7,24H,10.0,27,15,0,1,1.0,0.4512024049980868,0.0,1.7201309328968903,0.3456285941430332,-0.0,0.3456285941430332,0.8102869879520673,True,1.0,-0.2914445611674814,0.5174941686104632,chem
"CPC005 MCF7 24H-tamoxifen, 4-hydroxy-, (z)--10.0","tamoxifen, 4-hydroxy-, (z)-",MCF7,24H,10.0,32,14,1,0,0.16359123498284758,1.0,6.0579297245963915,0.0,0.786239969005513,-0.0,0.786239969005513,0.45975426003169206,True,1.0,0.5536275516581812,0.23092302565811396,chem
CPC005 MCF7 24H-gsk-3 inhibitor ii-10.0,gsk-3 inhibitor ii,MCF7,24H,10.0,14,8,0,0,1.0,1.0,0.0,0.0,-0.0,-0.0,0.0,1.0,False,1.0,-0.9543441206638258,1.0,chem
"CPC005 MCF7 24H-l-741,742 hydrochloride-10.0","l-741,742 hydrochloride",MCF7,24H,10.0,11,11,0,0,1.0,1.0,0.0,0.0,-0.0,0.6642834066948583,-0.6642834066948583,1.0,False,1.0,-0.9543441206638258,1.0,chem
CPC005 MCF7 24H-indirubin-10.0,indirubin,MCF7,24H,10.0,26,4,0,1,1.0,0.4388444509082874,0.0,1.7892198581560284,0.35768938883102475,-0.0,0.35768938883102475,0.800281240870174,True,1.0,-0.26831251821348673,0.5091636121292903,chem
CPC005 MCF7 24H-digitoxigenin-10.0,digitoxigenin,MCF7,24H,10.0,71,63,0,1,1.0,0.7947056866867112,0.0,0.6344478216818642,0.09979367928482703,0.2236815529786425,-0.12388787369381547,0.977315891807183,False,1.0,-0.7629444877646601,0.7220926357880706,chem
CPC005 MCF7 24H-phenamil-10.0,phenamil,MCF7,24H,10.0,23,11,0,1,1.0,0.40008827198770297,0.0,2.0341715022566085,0.3978441791525614,-0.0,0.3978441791525614,0.7665971658146649,True,1.0,-0.19129749900822096,0.47784071976007997,chem
CPC005 MCF7 24H-mitoxantrone dihydrochloride-10.0,mitoxantrone dihydrochloride,MCF7,24H,10.0,25,52,1,1,0.4859747478827887,0.42621022100959977,1.5349794238683128,1.864066193853428,0.6837624364870615,1.0629190466178153,-0.37915661013075386,0.5332331803950646,True,1.0,0.35708041315192374,0.2782405864711763,chem
CPC005 MCF7 24H-ly-294002-10.0,ly-294002,MCF7,24H,10.0,14,7,0,0,1.0,1.0,0.0,0.0,-0.0,-0.0,0.0,1.0,False,1.0,-0.9543441206638258,1.0,chem
CPC005 MCF7 24H-BRD-K31342827-10.0,brd-k31342827,MCF7,24H,10.0,16,12,0,1,1.0,0.2990120381303704,0.0,2.986761229314421,0.5243113267647002,-0.0,0.5243113267647002,0.6600007335052211,True,1.0,0.051260604874098746,0.3822059313562146,chem
CPC005 MCF7 24H-chelidonine (+)-10.0,chelidonine (+),MCF7,24H,10.0,25,16,0,1,1.0,0.42621022100959977,0.0,1.864066193853428,0.3703761396174927,-0.0,0.3703761396174927,0.789691920411482,True,1.0,-0.24397992059192203,0.4971676107964012,chem
CPC005 MCF7 24H-gw 5074-10.0,gw 5074,MCF7,24H,10.0,14,8,0,0,1.0,1.0,0.0,0.0,-0.0,-0.0,0.0,1.0,False,1.0,-0.9543441206638258,1.0,chem
CPC005 MCF7 24H-rlm-1-127-10.0,rlm-1-127,MCF7,24H,10.0,18,4,0,0,1.0,1.0,0.0,0.0,-0.0,-0.0,0.0,1.0,False,1.0,-0.9543441206638258,1.0,chem
CPC005 MCF7 24H-ki 8751-10.0,ki 8751,MCF7,24H,10.0,18,14,0,0,1.0,1.0,0.0,0.0,-0.0,-0.0,0.0,1.0,False,1.0,-0.9543441206638258,1.0,chem
CPC005 MCF7 24H-cgs 15943-10.0,cgs 15943,MCF7,24H,10.0,57,43,2,1,0.1026086474695751,0.7190863678527015,3.872560975609756,0.7948328267477204,1.1320349813289152,0.9000970616436976,0.2319379196852176,0.26611161129722355,True,1.0,1.2168462934800863,0.1169610129956681,chem
CPC005 MCF7 24H-bibu 1361 dihydrochloride-10.0,bibu 1361 dihydrochloride,MCF7,24H,10.0,16,2,0,0,1.0,1.0,0.0,0.0,-0.0,-0.0,0.0,1.0,False,1.0,-0.9543441206638258,1.0,chem
CPC005 MCF7 24H-e6 berbamine-10.0,e6 berbamine,MCF7,24H,10.0,11,5,0,1,1.0,0.21662899918732118,0.0,4.483687943262411,0.6642834066948583,-0.0,0.6642834066948583,0.5479780159614023,True,1.0,0.31972054048084503,0.2882372542485838,chem
CPC005 MCF7 24H-purvalanol a-10.0,purvalanol a,MCF7,24H,10.0,24,47,2,0,0.1189984689319847,1.0,3.526111111111111,0.0,0.924458626327369,-0.0,0.924458626327369,0.37230392342870905,True,1.0,0.8187245042989597,0.1752749083638787,chem
CPC005 MCF7 24H-pac 1-10.0,pac 1,MCF7,24H,10.0,60,25,0,1,1.0,0.7373282957339664,0.0,0.7540569780021638,0.13233909927834112,1.3980053220955688,-1.2656662228172277,0.9620084761089149,False,1.0,-0.7005238867411354,0.692102632455848,chem
CPC005 MCF7 24H-indirubin-3-oxime-10.0,indirubin-3-oxime,MCF7,24H,10.0,19,8,0,1,1.0,0.3442500519831315,0.0,2.487785657998424,0.463125985490834,-0.0,0.463125985490834,0.7113538288519228,True,1.0,-0.0660900323862384,0.42919026991003,chem
CPC005 MCF7 24H-cmpd-1-10.0,cmpd-1,MCF7,24H,10.0,17,15,1,1,0.17420818834684237,0.31442552382028793,5.624338624338624,2.799645390070922,1.2614136425004228,0.5478231629924638,0.713590479507959,0.21387161412810152,True,1.0,1.4649885448799418,0.09296901032989004,chem
CPC005 MCF7 24H-calcipotriol-10.0,calcipotriol,MCF7,24H,10.0,24,16,0,0,1.0,1.0,0.0,0.0,-0.0,0.5243113267647002,-0.5243113267647002,1.0,False,1.0,-0.9543441206638258,1.0,chem
CPC005 MCF7 24H-ro 90-7501-10.0,ro 90-7501,MCF7,24H,10.0,31,15,0,1,1.0,0.49798952875506386,0.0,1.4898345153664303,0.3027797890710162,-0.0,0.3027797890710162,0.8451759903818608,True,1.0,-0.37362657529629517,0.5541486171276241,chem
CPC005 MCF7 24H-ethacrynic acid-10.0,ethacrynic acid,MCF7,24H,10.0,42,45,1,0,0.4376233415150166,1.0,1.7811447811447811,0.0,0.3588995220932153,-0.0,0.3588995220932153,0.7992738221710531,True,1.0,-0.2659915389310087,0.506164611796068,chem
CPC005 MCF7 24H-mbcq-10.0,mbcq,MCF7,24H,10.0,27,12,0,0,1.0,1.0,0.0,0.0,-0.0,0.5350873381206043,-0.5350873381206043,1.0,False,1.0,-0.9543441206638258,1.0,chem
CPC005 MCF7 24H-manumycin a-10.0,manumycin a,MCF7,24H,10.0,33,48,1,0,0.4588721505929316,1.0,1.6666666666666667,0.0,0.338308299269452,-0.0,0.338308299269452,0.8163260518464907,True,1.0,-0.30548454607993386,0.5238253915361546,chem
CPC005 MCF7 24H-vorinostat-10.0,vorinostat,MCF7,24H,10.0,118,119,2,3,0.4472225380878544,0.4815714967214395,1.3408119658119657,1.1667813575226775,0.6668155440342798,0.6851777314813551,-0.018362187447075295,0.5460480514762238,True,1.0,0.3245770620630614,0.2855714761746085,chem
CPC005 MCF7 24H-bmy 45778-10.0,bmy 45778,MCF7,24H,10.0,8,13,0,0,1.0,1.0,0.0,0.0,-0.0,1.0132348265699376,-1.0132348265699376,1.0,False,1.0,-0.9543441206638258,1.0,chem
"CPC005 MCF7 24H-vegf receptor 3 kinase inhibitor, maz51-10.0","vegf receptor 3 kinase inhibitor, maz51",MCF7,24H,10.0,21,23,0,2,1.0,0.0764689218968299,0.0,4.746616541353384,1.1165150327031619,0.3978441791525614,0.7186708535506006,0.2730606456927459,True,1.0,1.1870797542476288,0.12062645784738421,chem
CPC005 MCF7 6H-ethinyl estradiol-10.0,ethinyl estradiol,MCF7,6H,10.0,27,18,0,0,1.0,1.0,0.0,0.0,-0.0,-0.0,0.0,1.0,False,1.0,-0.9543441206638258,1.0,chem
CPC005 MCF7 6H-rhodomyrtoxin b-10.0,rhodomyrtoxin b,MCF7,6H,10.0,48,21,1,2,0.2351709230317128,0.2839095009713827,3.933333333333333,1.9521739130434783,1.175436449908316,-0.0,1.175436449908316,0.24747568106075823,True,1.0,1.3000882904974769,0.10763078973675441,chem
CPC005 MCF7 6H-homatropine bromide-10.0,homatropine bromide,MCF7,6H,10.0,26,30,0,0,1.0,1.0,0.0,0.0,-0.0,-0.0,0.0,1.0,False,1.0,-0.9543441206638258,1.0,chem
CPC005 MCF7 6H-nor-binaltorphimine dihydrochloride-10.0,nor-binaltorphimine dihydrochloride,MCF7,6H,10.0,9,14,0,0,1.0,1.0,0.0,0.0,-0.0,0.5732524250499975,-0.5732524250499975,1.0,False,1.0,-0.9543441206638258,1.0,chem
CPC005 MCF7 6H-fluorometholone-10.0,fluorometholone,MCF7,6H,10.0,5,10,0,0,1.0,1.0,0.0,0.0,-0.0,0.701073797866221,-0.701073797866221,1.0,False,1.0,-0.9543441206638258,1.0,chem
CPC005 MCF7 6H-fluocinonide-10.0,fluocinonide,MCF7,6H,10.0,10,9,0,0,1.0,1.0,0.0,0.0,-0.0,-0.0,0.0,1.0,False,1.0,-0.9543441206638258,1.0,chem
CPC005 MCF7 6H-ethopropazine hydrochloride-10.0,ethopropazine hydrochloride,MCF7,6H,10.0,18,8,0,0,1.0,1.0,0.0,0.0,-0.0,0.6876813615975087,-0.6876813615975087,1.0,False,1.0,-0.9543441206638258,1.0,chem
CPC005 MCF7 6H-etoposide-10.0,etoposide,MCF7,6H,10.0,43,45,2,0,0.11072197576051265,1.0,3.691279069767442,0.0,0.9557661731200451,0.5861092039626837,0.36965696915736135,0.35439147528800174,True,1.0,0.8787709221285782,0.1692769076974342,chem
CPC005 MCF7 6H-trichostatin a-10.0,trichostatin a,MCF7,6H,10.0,189,122,0,4,1.0,0.5999859075905625,0.0,0.9631022326674501,0.22185895016224114,0.06863706946511346,0.15322188069712767,0.9064881753302552,False,1.0,-0.5288289786151089,0.6214595134955015,chem
CPC005 MCF7 6H-geldanamycin-10.0,geldanamycin,MCF7,6H,10.0,115,48,0,1,1.0,0.9237282240319958,0.0,0.38683588403633196,0.03445578653401987,0.9318139446802106,-0.8973581581461907,0.9970144015657597,False,1.0,-0.8882595255158632,0.7550816394535155,chem
CPC005 MCF7 6H-bvt 948-10.0,bvt 948,MCF7,6H,10.0,24,10,0,2,1.0,0.09636610431010836,0.0,4.097402597402597,1.0160756974218452,-0.0,1.0160756974218452,0.32182431463692596,True,1.0,0.9944417831932523,0.1486171276241253,chem
CPC005 MCF7 6H-cyclopiazonic acid-10.0,cyclopiazonic acid,MCF7,6H,10.0,12,11,0,3,1.0,0.0019656656160541106,0.0,15.16306954436451,2.7064903590643032,-0.0,2.7064903590643032,0.014215545042751033,True,1.0,4.236578439586949,0.002999000333222259,chem
CPC005 MCF7 6H-metergoline-10.0,metergoline,MCF7,6H,10.0,28,6,0,2,1.0,0.12483510559722781,0.0,3.464835164835165,0.9036632670315768,-0.0,0.9036632670315768,0.38458719563035254,True,1.0,0.7788399728963177,0.18327224258580474,chem
CPC005 MCF7 6H-prozac-10.0,prozac,MCF7,6H,10.0,18,17,0,1,1.0,0.329502428825324,0.0,2.634543178973717,0.4821413797906146,-0.0,0.4821413797906146,0.6953066522222757,True,1.0,-0.029619391014022094,0.41686104631789406,chem
CPC005 MCF7 6H-sotalol hydrochloride-10.0,sotalol hydrochloride,MCF7,6H,10.0,20,9,0,1,1.0,0.35867553496041954,0.0,2.356476297125793,0.44529824527564915,-0.0,0.44529824527564915,0.7264388683586092,True,1.0,-0.10028280849251912,0.4428523825391536,chem
CPC005 MCF7 6H-metixene hydrochloride-10.0,metixene hydrochloride,MCF7,6H,10.0,18,21,0,1,1.0,0.329502428825324,0.0,2.634543178973717,0.4821413797906146,-0.0,0.4821413797906146,0.6953066522222757,True,1.0,-0.029619391014022094,0.41686104631789406,chem
CPC005 MCF7 6H-ipratropium bromide-10.0,ipratropium bromide,MCF7,6H,10.0,22,24,0,0,1.0,1.0,0.0,0.0,-0.0,-0.0,0.0,1.0,False,1.0,-0.9543441206638258,1.0,chem
CPC005 MCF7 6H-estrone-10.0,estrone,MCF7,6H,10.0,17,11,0,0,1.0,1.0,0.0,0.0,-0.0,-0.0,0.0,1.0,False,1.0,-0.9543441206638258,1.0,chem
CPC005 MCF7 6H-fludrocortisone acetate-10.0,fludrocortisone acetate,MCF7,6H,10.0,9,8,0,0,1.0,1.0,0.0,0.0,-0.0,-0.0,0.0,1.0,False,1.0,-0.9543441206638258,1.0,chem
CPC005 MCF7 6H-penicillic acid-10.0,penicillic acid,MCF7,6H,10.0,17,17,0,1,1.0,0.31442552382028793,0.0,2.799645390070922,0.502482206893496,-0.0,0.502482206893496,0.6782183825747264,True,1.0,0.009393368794592719,0.40019993335554815,chem
CPC005 MCF7 6H-karakoline-10.0,karakoline,MCF7,6H,10.0,49,10,1,0,0.11975828043785647,1.0,8.755829903978052,0.0,0.9216944484842399,-0.0,0.9216944484842399,0.3739188715553383,True,1.0,0.8134229398288003,0.17727424191936023,chem
CPC005 MCF7 6H-pentobarbital-10.0,pentobarbital,MCF7,6H,10.0,22,14,0,0,1.0,1.0,0.0,0.0,-0.0,0.6110292838894394,-0.6110292838894394,1.0,False,1.0,-0.9543441206638258,1.0,chem
CPC005 MCF7 6H-periplocymarin-10.0,periplocymarin,MCF7,6H,10.0,77,62,0,2,1.0,0.5069463481404619,0.0,1.1918095238095239,0.2950380010995917,0.4020754070002483,-0.10703740590065658,0.851340402065879,True,1.0,-0.38847496435593293,0.5631456181272909,chem
CPC005 MCF7 6H-quinacrine dihydrochloride dihydrate-10.0,quinacrine dihydrochloride dihydrate,MCF7,6H,10.0,39,87,0,0,1.0,1.0,0.0,0.0,-0.0,0.6477495118058554,-0.6477495118058554,1.0,False,1.0,-0.9543441206638258,1.0,chem
CPC005 MCF7 6H-calyculin a-10.0,calyculin a,MCF7,6H,10.0,66,39,0,2,1.0,0.426937311048509,0.0,1.3991071428571429,0.3696358895286629,0.928070594936983,-0.5584347054083201,0.7903113793783637,True,1.0,-0.24539968581423854,0.49850049983338884,chem
CPC005 MCF7 6H-phccc-10.0,phccc,MCF7,6H,10.0,12,9,0,1,1.0,0.23384061641080872,0.0,4.075435203094777,0.6310800528359605,0.8478609369911335,-0.21678088415517305,0.5736380458255381,True,1.0,0.25603805292093007,0.3092302565811396,chem
CPC005 MCF7 6H-ib-meca-10.0,ib-meca,MCF7,6H,10.0,8,10,0,0,1.0,1.0,0.0,0.0,-0.0,-0.0,0.0,1.0,False,1.0,-0.9543441206638258,1.0,chem
CPC005 MCF7 6H-trimeprazine tartrate-10.0,trimeprazine tartrate,MCF7,6H,10.0,11,5,0,0,1.0,1.0,0.0,0.0,-0.0,-0.0,0.0,1.0,False,1.0,-0.9543441206638258,1.0,chem
CPC005 MCF7 6H-tetrindole mesylate-10.0,tetrindole mesylate,MCF7,6H,10.0,16,10,0,1,1.0,0.2990120381303704,0.0,2.986761229314421,0.5243113267647002,-0.0,0.5243113267647002,0.6600007335052211,True,1.0,0.051260604874098746,0.3822059313562146,chem
CPC005 MCF7 6H-bntx maleate-10.0,bntx maleate,MCF7,6H,10.0,125,121,0,5,1.0,0.13932719293910237,0.0,1.889294403892944,0.8559641126438686,1.2386687803633758,-0.3827046677195072,0.41393136600765956,True,1.0,0.6873552144944288,0.20126624458513828,chem
CPC005 MCF7 6H-ca-074-me-10.0,ca-074-me,MCF7,6H,10.0,19,5,0,0,1.0,1.0,0.0,0.0,-0.0,-0.0,0.0,1.0,False,1.0,-0.9543441206638258,1.0,chem
CPC005 MCF7 6H-n-formylmethionylalanine-10.0,n-formylmethionylalanine,MCF7,6H,10.0,14,6,1,1,0.07365766682373491,0.26714532281495496,15.77037037037037,3.447354064375341,1.7060344670017178,-0.0,1.7060344670017178,0.09697543742751011,True,1.0,2.31775059553029,0.03632122625791403,chem
"CPC005 MCF7 6H-mdl 11,939-10.0","mdl 11,939",MCF7,6H,10.0,8,8,0,0,1.0,1.0,0.0,0.0,-0.0,-0.0,0.0,1.0,False,1.0,-0.9543441206638258,1.0,chem
CPC005 MCF7 6H-helveticoside-10.0,helveticoside,MCF7,6H,10.0,21,24,1,0,0.26396306020823945,1.0,3.418679549114332,0.0,0.5784568453658027,0.3837413370785968,0.19471550828720585,0.6155476311933638,True,1.0,0.15510918985118016,0.34588470509830055,chem
CPC005 MCF7 6H-cv 1808-10.0,cv 1808,MCF7,6H,10.0,11,7,0,0,1.0,1.0,0.0,0.0,-0.0,-0.0,0.0,1.0,False,1.0,-0.9543441206638258,1.0,chem
CPC005 MCF7 6H-dihydroergocristine-10.0,dihydroergocristine,MCF7,6H,10.0,22,4,0,2,1.0,0.08294353665958591,0.0,4.508571428571429,1.081217450537035,-0.0,1.081217450537035,0.2894393660622276,True,1.0,1.1193806342508374,0.12862379206931024,chem
CPC005 MCF7 6H-reserpine-10.0,reserpine,MCF7,6H,10.0,15,18,0,0,1.0,1.0,0.0,0.0,-0.0,-0.0,0.0,1.0,False,1.0,-0.9543441206638258,1.0,chem
CPC005 MCF7 6H-sr 202-10.0,sr 202,MCF7,6H,10.0,11,5,0,0,1.0,1.0,0.0,0.0,-0.0,-0.0,0.0,1.0,False,1.0,-0.9543441206638258,1.0,chem
CPC005 MCF7 6H-lasalocid sodium-10.0,lasalocid sodium,MCF7,6H,10.0,54,13,0,2,1.0,0.33271882252510226,0.0,1.7252747252747254,0.47792262958636494,-0.0,0.47792262958636494,0.6988617536468926,True,1.0,-0.037710757583261686,0.4178607130956348,chem
CPC005 MCF7 6H-wortmannin-10.0,wortmannin,MCF7,6H,10.0,75,45,1,1,0.4376233415150166,0.8123241056819546,1.7811447811447811,0.5997699827487062,0.4491701809980793,0.40805142773470837,0.041118753263370944,0.7231604908047327,True,1.0,-0.09285661596015322,0.43785404865044986,chem
CPC005 MCF7 6H-sdm25n hydrochloride-10.0,sdm25n hydrochloride,MCF7,6H,10.0,9,14,0,0,1.0,1.0,0.0,0.0,-0.0,0.5732524250499975,-0.5732524250499975,1.0,False,1.0,-0.9543441206638258,1.0,chem
CPC005 MCF7 6H-doxorubicin hydrochloride-10.0,doxorubicin hydrochloride,MCF7,6H,10.0,78,167,1,0,0.8842924876734224,1.0,0.4630373345232783,0.0,0.05340406442944166,0.4989367761313147,-0.44553271170187303,0.9930316380748383,False,1.0,-0.8519176102838979,0.7467510829723426,chem
CPC005 MCF7 6H-fluocinolone acetonide-10.0,fluocinolone acetonide,MCF7,6H,10.0,75,38,0,2,1.0,0.49293320212056363,0.0,1.224853228962818,0.3072119284224398,0.45293850360947185,-0.14572657518703208,0.8416250826695822,True,1.0,-0.3651259382729903,0.5521492835721427,chem
CPC005 MCF7 6H-cercosporin-10.0,cercosporin,MCF7,6H,10.0,59,46,0,3,1.0,0.1389425384070243,0.0,2.4188078108941418,0.8571647710576535,0.8481590196424788,0.00900575141517479,0.41317270730508926,True,1.0,0.6896580214585836,0.20126624458513828,chem
CPC005 MCF7 6H-naltrexone hydrochloride-10.0,naltrexone hydrochloride,MCF7,6H,10.0,4,28,0,0,1.0,1.0,0.0,0.0,-0.0,0.3341469962601578,-0.3341469962601578,1.0,False,1.0,-0.9543441206638258,1.0,chem
CPC005 MCF7 6H-thioridazine hydrochloride-10.0,thioridazine hydrochloride,MCF7,6H,10.0,46,7,0,0,1.0,1.0,0.0,0.0,-0.0,-0.0,0.0,1.0,False,1.0,-0.9543441206638258,1.0,chem
CPC005 MCF7 6H-n6 -cyclopentyladenosine-10.0,n6 -cyclopentyladenosine,MCF7,6H,10.0,14,9,0,0,1.0,1.0,0.0,0.0,-0.0,0.786239969005513,-0.786239969005513,1.0,False,1.0,-0.9543441206638258,1.0,chem
CPC005 MCF7 6H-dihydroptaeroxylin-10.0,dihydroptaeroxylin,MCF7,6H,10.0,19,7,0,0,1.0,1.0,0.0,0.0,-0.0,-0.0,0.0,1.0,False,1.0,-0.9543441206638258,1.0,chem
"CPC005 MCF7 6H-hydroxytacrine maleate (r,s)-10.0","hydroxytacrine maleate (r,s)",MCF7,6H,10.0,13,8,0,1,1.0,0.2506766783838304,0.0,3.735224586288416,0.6008860685960127,-0.0,0.6008860685960127,0.5975107507456399,True,1.0,0.19812739624702705,0.3312229256914362,chem
CPC005 MCF7 6H-dihydrexidine hydrochloride-10.0,dihydrexidine hydrochloride,MCF7,6H,10.0,9,10,1,0,0.11975828043785647,1.0,8.755829903978052,0.0,0.9216944484842399,-0.0,0.9216944484842399,0.3739188715553383,True,1.0,0.8134229398288003,0.17727424191936023,chem
CPC005 MCF7 6H-dubinidine-10.0,dubinidine,MCF7,6H,10.0,10,23,1,0,0.25448668572827027,1.0,3.574635241301908,0.0,0.5943349342152388,-0.0,0.5943349342152388,0.6027534354187716,True,1.0,0.18556262536635387,0.3372209263578807,chem
CPC005 MCF7 6H-maprotiline hydrochloride-10.0,maprotiline hydrochloride,MCF7,6H,10.0,14,16,1,1,0.18469199831054556,0.26714532281495496,5.248559670781893,3.447354064375341,1.3068043447957505,-0.0,1.3068043447957505,0.19780386203527497,True,1.0,1.5520457995940884,0.08430523158947018,chem
"CPC005 MCF7 6H-tamoxifen, 4-hydroxy-, (z)--10.0","tamoxifen, 4-hydroxy-, (z)-",MCF7,6H,10.0,25,7,0,0,1.0,1.0,0.0,0.0,-0.0,-0.0,0.0,1.0,False,1.0,-0.9543441206638258,1.0,chem
CPC005 MCF7 6H-ethoprop-10.0,ethoprop,MCF7,6H,10.0,12,11,0,1,1.0,0.23384061641080872,0.0,4.075435203094777,0.6310800528359605,-0.0,0.6310800528359605,0.5736380458255381,True,1.0,0.25603805292093007,0.3092302565811396,chem
CPC005 MCF7 6H-fgin-1-27-10.0,fgin-1-27,MCF7,6H,10.0,23,16,1,0,0.18469199831054556,1.0,5.248559670781893,0.0,0.733551919745753,-0.0,0.733551919745753,0.49664892055521137,True,1.0,0.45257432505343265,0.25524825058313894,chem
CPC005 MCF7 6H-gsk-3 inhibitor ii-10.0,gsk-3 inhibitor ii,MCF7,6H,10.0,20,20,0,1,1.0,0.35867553496041954,0.0,2.356476297125793,0.44529824527564915,-0.0,0.44529824527564915,0.7264388683586092,True,1.0,-0.10028280849251912,0.4428523825391536,chem
"CPC005 MCF7 6H-l-741,742 hydrochloride-10.0","l-741,742 hydrochloride",MCF7,6H,10.0,14,30,0,1,1.0,0.26714532281495496,0.0,3.447354064375341,0.5732524250499975,-0.0,0.5732524250499975,0.619767127893641,True,1.0,0.14512735387682985,0.3505498167277574,chem
CPC005 MCF7 6H-pepstatin a-10.0,pepstatin a,MCF7,6H,10.0,14,10,0,1,1.0,0.26714532281495496,0.0,3.447354064375341,0.5732524250499975,-0.0,0.5732524250499975,0.619767127893641,True,1.0,0.14512735387682985,0.3505498167277574,chem
CPC005 MCF7 6H-indirubin-10.0,indirubin,MCF7,6H,10.0,10,19,0,1,1.0,0.1990335100833351,0.0,4.982663514578408,0.701073797866221,-0.0,0.701073797866221,0.5203297379452708,True,1.0,0.39028279868076066,0.27090969676774407,chem
CPC005 MCF7 6H-digitoxigenin-10.0,digitoxigenin,MCF7,6H,10.0,73,57,0,2,1.0,0.4786741886222464,0.0,1.259758551307847,0.31995999019332333,0.3595169031348996,-0.03955691294157626,0.831330266650633,True,1.0,-0.3406757490364663,0.5398200599800067,chem
CPC005 MCF7 6H-phenamil-10.0,phenamil,MCF7,6H,10.0,21,6,0,0,1.0,1.0,0.0,0.0,-0.0,-0.0,0.0,1.0,False,1.0,-0.9543441206638258,1.0,chem
CPC005 MCF7 6H-mitoxantrone dihydrochloride-10.0,mitoxantrone dihydrochloride,MCF7,6H,10.0,96,190,1,4,0.9144122539727374,0.1592212546720597,0.4051864916062447,1.9659735349716445,0.8368569207642241,0.10075609960275696,0.7361008211614671,0.42614367707056666,True,1.0,0.6507085096358987,0.20759746751082972,chem
CPC005 MCF7 6H-ly-294002-10.0,ly-294002,MCF7,6H,10.0,15,25,0,0,1.0,1.0,0.0,0.0,-0.0,-0.0,0.0,1.0,False,1.0,-0.9543441206638258,1.0,chem
CPC005 MCF7 6H-BRD-K31342827-10.0,brd-k31342827,MCF7,6H,10.0,26,25,0,1,1.0,0.4388444509082874,0.0,1.7892198581560284,0.35768938883102475,-0.0,0.35768938883102475,0.800281240870174,True,1.0,-0.26831251821348673,0.5091636121292903,chem
CPC005 MCF7 6H-chelidonine (+)-10.0,chelidonine (+),MCF7,6H,10.0,10,29,0,0,1.0,1.0,0.0,0.0,-0.0,0.3232027624497683,-0.3232027624497683,1.0,False,1.0,-0.9543441206638258,1.0,chem
CPC005 MCF7 6H-eugenol-10.0,eugenol,MCF7,6H,10.0,10,6,0,0,1.0,1.0,0.0,0.0,-0.0,-0.0,0.0,1.0,False,1.0,-0.9543441206638258,1.0,chem
CPC005 MCF7 6H-i-ome-ag 538-10.0,i-ome-ag 538,MCF7,6H,10.0,6,15,0,0,1.0,1.0,0.0,0.0,-0.0,-0.0,0.0,1.0,False,1.0,-0.9543441206638258,1.0,chem
CPC005 MCF7 6H-marmesin-10.0,marmesin,MCF7,6H,10.0,22,5,0,0,1.0,1.0,0.0,0.0,-0.0,-0.0,0.0,1.0,False,1.0,-0.9543441206638258,1.0,chem
CPC005 MCF7 6H-paxilline-10.0,paxilline,MCF7,6H,10.0,31,11,0,1,1.0,0.49798952875506386,0.0,1.4898345153664303,0.3027797890710162,0.6642834066948583,-0.3615036176238421,0.8451759903818608,True,1.0,-0.37362657529629517,0.5541486171276241,chem
CPC005 MCF7 6H-gw 5074-10.0,gw 5074,MCF7,6H,10.0,10,4,0,1,1.0,0.1990335100833351,0.0,4.982663514578408,0.701073797866221,-0.0,0.701073797866221,0.5203297379452708,True,1.0,0.39028279868076066,0.27090969676774407,chem
CPC005 MCF7 6H-zm 39923 hydrochloride-10.0,zm 39923 hydrochloride,MCF7,6H,10.0,26,19,0,0,1.0,1.0,0.0,0.0,-0.0,-0.0,0.0,1.0,False,1.0,-0.9543441206638258,1.0,chem
CPC005 MCF7 6H-alfaxalone-10.0,alfaxalone,MCF7,6H,10.0,20,12,0,0,1.0,1.0,0.0,0.0,-0.0,-0.0,0.0,1.0,False,1.0,-0.9543441206638258,1.0,chem
CPC005 MCF7 6H-c2 ceramide-10.0,c2 ceramide,MCF7,6H,10.0,17,8,0,0,1.0,1.0,0.0,0.0,-0.0,-0.0,0.0,1.0,False,1.0,-0.9543441206638258,1.0,chem
CPC005 MCF7 6H-y-27632-10.0,y-27632,MCF7,6H,10.0,10,4,0,1,1.0,0.1990335100833351,0.0,4.982663514578408,0.701073797866221,-0.0,0.701073797866221,0.5203297379452708,True,1.0,0.39028279868076066,0.27090969676774407,chem
CPC005 MCF7 6H-piribedil dihydrochloride-10.0,piribedil dihydrochloride,MCF7,6H,10.0,13,16,0,0,1.0,1.0,0.0,0.0,-0.0,-0.0,0.0,1.0,False,1.0,-0.9543441206638258,1.0,chem
CPC005 MCF7 6H-dilazep dihydrochloride-10.0,dilazep dihydrochloride,MCF7,6H,10.0,8,13,0,0,1.0,1.0,0.0,0.0,-0.0,-0.0,0.0,1.0,False,1.0,-0.9543441206638258,1.0,chem
CPC005 MCF7 6H-pd 158780-10.0,pd 158780,MCF7,6H,10.0,19,6,0,1,1.0,0.3442500519831315,0.0,2.487785657998424,0.463125985490834,-0.0,0.463125985490834,0.7113538288519228,True,1.0,-0.0660900323862384,0.42919026991003,chem
CPC005 MCF7 6H-cgs 15943-10.0,cgs 15943,MCF7,6H,10.0,32,54,1,1,0.49901872549289583,0.50905354969512,1.4765897973445143,1.441546556851979,0.5951196871480244,0.47792262958636494,0.11719705756165949,0.6021242844505634,True,1.0,0.18706774497240652,0.33622125958013993,chem
CPC005 MCF7 6H-bibu 1361 dihydrochloride-10.0,bibu 1361 dihydrochloride,MCF7,6H,10.0,32,8,0,3,1.0,0.03222268848927882,0.0,4.690895559414537,1.4918382271896717,-0.0,1.4918382271896717,0.14291034507764777,True,1.0,1.9069321753436257,0.05931356214595135,chem
CPC005 MCF7 6H-bisindolylmaleimide iv-10.0,bisindolylmaleimide iv,MCF7,6H,10.0,25,47,0,1,1.0,0.42621022100959977,0.0,1.864066193853428,0.3703761396174927,1.0791735393763502,-0.7087973997588575,0.789691920411482,True,1.0,-0.24397992059192203,0.4971676107964012,chem
CPC005 MCF7 6H-e6 berbamine-10.0,e6 berbamine,MCF7,6H,10.0,10,1,0,0,1.0,1.0,0.0,0.0,-0.0,-0.0,0.0,1.0,False,1.0,-0.9543441206638258,1.0,chem
CPC005 MCF7 6H-purvalanol a-10.0,purvalanol a,MCF7,6H,10.0,90,99,4,1,0.03634728602227969,0.8660146882025537,3.39919028340081,0.49748983982787476,1.5020027534657725,1.1816740218347008,0.3203287316310717,0.14034112726806697,True,1.0,1.9264272637277997,0.05664778407197601,chem
CPC005 MCF7 6H-pac 1-10.0,pac 1,MCF7,6H,10.0,21,6,0,0,1.0,1.0,0.0,0.0,-0.0,0.9043424936470758,-0.9043424936470758,1.0,False,1.0,-0.9543441206638258,1.0,chem
CPC005 MCF7 6H-gr 103691-10.0,gr 103691,MCF7,6H,10.0,25,11,0,0,1.0,1.0,0.0,0.0,-0.0,-0.0,0.0,1.0,False,1.0,-0.9543441206638258,1.0,chem
CPC005 MCF7 6H-v-ama37-10.0,v-ama37,MCF7,6H,10.0,23,22,1,1,0.24488981103905827,0.40008827198770297,3.7454438565549677,2.0341715022566085,1.0088734630420009,-0.0,1.0088734630420009,0.3255810351229572,True,1.0,0.9806282328137589,0.15194935021659448,chem
CPC005 MCF7 6H-cnqx disodium salt-10.0,cnqx disodium salt,MCF7,6H,10.0,5,19,0,0,1.0,1.0,0.0,0.0,-0.0,-0.0,0.0,1.0,False,1.0,-0.9543441206638258,1.0,chem
CPC005 MCF7 6H-indirubin-3-oxime-10.0,indirubin-3-oxime,MCF7,6H,10.0,20,9,0,1,1.0,0.35867553496041954,0.0,2.356476297125793,0.44529824527564915,0.7422119064117775,-0.2969136611361283,0.7264388683586092,True,1.0,-0.10028280849251912,0.4428523825391536,chem
CPC005 MCF7 6H-cmpd-1-10.0,cmpd-1,MCF7,6H,10.0,19,18,0,0,1.0,1.0,0.0,0.0,-0.0,-0.0,0.0,1.0,False,1.0,-0.9543441206638258,1.0,chem
CPC005 MCF7 6H-r 59-022-10.0,r 59-022,MCF7,6H,10.0,12,34,0,0,1.0,1.0,0.0,0.0,-0.0,0.2753470641431871,-0.2753470641431871,1.0,False,1.0,-0.9543441206638258,1.0,chem
CPC005 MCF7 6H-calcipotriol-10.0,calcipotriol,MCF7,6H,10.0,13,9,0,0,1.0,1.0,0.0,0.0,-0.0,0.8157644813924487,-0.8157644813924487,1.0,False,1.0,-0.9543441206638258,1.0,chem
CPC005 MCF7 6H-ro 90-7501-10.0,ro 90-7501,MCF7,6H,10.0,20,14,0,0,1.0,1.0,0.0,0.0,-0.0,-0.0,0.0,1.0,False,1.0,-0.9543441206638258,1.0,chem
CPC005 MCF7 6H-ethacrynic acid-10.0,ethacrynic acid,MCF7,6H,10.0,47,29,0,0,1.0,1.0,0.0,0.0,-0.0,0.3449779838598578,-0.3449779838598578,1.0,False,1.0,-0.9543441206638258,1.0,chem
CPC005 MCF7 6H-mbcq-10.0,mbcq,MCF7,6H,10.0,29,8,0,1,1.0,0.47511335427849205,0.0,1.596757852077001,0.3232027624497683,-0.0,0.3232027624497683,0.8286935975885885,True,1.0,-0.3344562627532951,0.538487170943019,chem
CPC005 MCF7 6H-haloperidol-10.0,haloperidol,MCF7,6H,10.0,12,16,0,0,1.0,1.0,0.0,0.0,-0.0,0.5243113267647002,-0.5243113267647002,1.0,False,1.0,-0.9543441206638258,1.0,chem
CPC005 MCF7 6H-ha 1100 hydrochloride-10.0,ha 1100 hydrochloride,MCF7,6H,10.0,6,9,0,0,1.0,1.0,0.0,0.0,-0.0,-0.0,0.0,1.0,False,1.0,-0.9543441206638258,1.0,chem
CPC005 MCF7 6H-manumycin a-10.0,manumycin a,MCF7,6H,10.0,141,78,1,1,0.6322164470171077,0.9576504684051877,1.0125060125060126,0.31367781155015195,0.2179271848200155,0.8821377879337289,-0.6642106031137134,0.9092508710980294,True,1.0,-0.5363699215740291,0.623125624791736,chem
CPC005 MCF7 6H-nitrofurazone-10.0,nitrofurazone,MCF7,6H,10.0,24,12,0,0,1.0,1.0,0.0,0.0,-0.0,0.6310800528359605,-0.6310800528359605,1.0,False,1.0,-0.9543441206638258,1.0,chem
CPC005 MCF7 6H-vorinostat-10.0,vorinostat,MCF7,6H,10.0,141,101,0,3,1.0,0.6024686716142809,0.0,0.9687206756334064,0.22006553148967187,1.0348828848472351,-0.8148173533575632,0.9077513633114985,False,1.0,-0.5322686721710962,0.6214595134955015,chem
CPC005 MCF7 6H-dipropyldopamine-10.0,dipropyldopamine,MCF7,6H,10.0,10,9,0,1,1.0,0.1990335100833351,0.0,4.982663514578408,0.701073797866221,-0.0,0.701073797866221,0.5203297379452708,True,1.0,0.39028279868076066,0.27090969676774407,chem
CPC005 MCF7 6H-liothyronine (l- isomer) sodium-10.0,liothyronine (l- isomer) sodium,MCF7,6H,10.0,16,12,0,1,1.0,0.2990120381303704,0.0,2.986761229314421,0.5243113267647002,-0.0,0.5243113267647002,0.6600007335052211,True,1.0,0.051260604874098746,0.3822059313562146,chem
CPC005 MCF7 6H-ipsapirone-10.0,ipsapirone,MCF7,6H,10.0,10,20,0,0,1.0,1.0,0.0,0.0,-0.0,-0.0,0.0,1.0,False,1.0,-0.9543441206638258,1.0,chem
CPC005 MCF7 6H-ala-ala-phe-cmk-10.0,ala-ala-phe-cmk,MCF7,6H,10.0,16,8,0,0,1.0,1.0,0.0,0.0,-0.0,-0.0,0.0,1.0,False,1.0,-0.9543441206638258,1.0,chem
CPC005 MCF7 6H-n-ethylmaleimide-10.0,n-ethylmaleimide,MCF7,6H,10.0,22,22,0,0,1.0,1.0,0.0,0.0,-0.0,-0.0,0.0,1.0,False,1.0,-0.9543441206638258,1.0,chem
CPC005 PC3 24H-rhodomyrtoxin b-10.0,rhodomyrtoxin b,PC3,24H,10.0,178,119,2,3,0.4472225380878544,0.7548127633295246,1.3408119658119657,0.7593422404933197,0.47163708284481914,1.3264100482272605,-0.8547729653824414,0.704164290822851,True,1.0,-0.04976614373120312,0.4195268243918694,chem
CPC005 PC3 24H-fluorometholone-10.0,fluorometholone,PC3,24H,10.0,20,18,0,0,1.0,1.0,0.0,0.0,-0.0,-0.0,0.0,1.0,False,1.0,-0.9543441206638258,1.0,chem
CPC005 PC3 24H-etoposide-10.0,etoposide,PC3,24H,10.0,18,31,1,0,0.32704694092676984,1.0,2.618106995884774,0.0,0.4853899087391307,-0.0,0.4853899087391307,0.69257146731304,True,1.0,-0.023388863663350253,0.4125291569476841,chem
CPC005 PC3 24H-trichostatin a-10.0,trichostatin a,PC3,24H,10.0,238,280,5,7,0.28078411920039703,0.26701416302636966,1.444391971664699,1.369472502805836,1.1250931610790162,0.15200335208711357,0.9730898089919027,0.2692009672853651,True,1.0,1.2035322052832733,0.11796067977340886,chem
CPC005 PC3 24H-geldanamycin-10.0,geldanamycin,PC3,24H,10.0,109,120,0,4,1.0,0.21679340297640043,0.0,1.7189786059351277,0.6639539375143592,0.6926127380711153,-0.02865880055675618,0.5482294205433564,True,1.0,0.31908863392472797,0.28857047650783074,chem
CPC005 PC3 24H-bvt 948-10.0,bvt 948,PC3,24H,10.0,188,136,0,5,1.0,0.39583486774883786,0.0,1.226317258984484,0.4024859529190236,0.6895550418658628,-0.2870690889468392,0.7626780595993807,True,1.0,-0.182394792932357,0.47384205264911694,chem
CPC005 PC3 24H-budesonide-10.0,budesonide,PC3,24H,10.0,17,43,0,2,1.0,0.05239626709168985,0.0,6.016190476190476,1.2806996526962109,-0.0,1.2806996526962109,0.20690866331839092,True,1.0,1.5019782149473992,0.08863712095968011,chem
CPC005 PC3 24H-periplocymarin-10.0,periplocymarin,PC3,24H,10.0,169,111,2,8,0.4122826862258731,0.031889935303960816,1.4410550458715596,2.2883100027811256,1.881151264795186,0.08979622289121297,1.791355041903973,0.07009693574211384,True,1.0,2.6536164645146734,0.023658780406531157,chem
CPC005 PC3 24H-quinacrine dihydrochloride dihydrate-10.0,quinacrine dihydrochloride dihydrate,PC3,24H,10.0,166,162,2,4,0.6131201248353046,0.4966861377898519,0.97375,1.1039541957416354,0.5163723892446842,0.01156779503229255,0.5048045942123917,0.6666097467127208,True,1.0,0.03603409215475562,0.388870376541153,chem
CPC005 PC3 24H-calyculin a-10.0,calyculin a,PC3,24H,10.0,101,99,1,2,0.7196340342744381,0.6546948815405835,0.7928949357520786,0.8994227994227995,0.3268493597918005,-0.0,0.3268493597918005,0.8257204999048036,False,1.0,-0.3274622587482523,0.5338220593135622,chem
CPC005 PC3 24H-tetrindole mesylate-10.0,tetrindole mesylate,PC3,24H,10.0,63,7,0,0,1.0,1.0,0.0,0.0,-0.0,-0.0,0.0,1.0,False,1.0,-0.9543441206638258,1.0,chem
CPC005 PC3 24H-bntx maleate-10.0,bntx maleate,PC3,24H,10.0,130,156,3,5,0.3166201471941982,0.15646897897464462,1.5485232067510548,1.8122627737226278,1.305033204918824,0.6436619029973452,0.6613713019214789,0.19841015388513208,True,1.0,1.5486488357313848,0.0846384538487171,chem
CPC005 PC3 24H-bw-b 70c-10.0,bw-b 70c,PC3,24H,10.0,44,13,0,1,1.0,0.6243601472782201,0.0,1.037275276265875,0.20456482561205844,-0.0,0.20456482561205844,0.9184512075361329,True,1.0,-0.5619983047080963,0.6371209596801066,chem
CPC005 PC3 24H-ca-074-me-10.0,ca-074-me,PC3,24H,10.0,70,54,0,1,1.0,0.7900503381574097,0.0,0.6437455031349574,0.10234523670003882,-0.0,0.10234523670003882,0.9762325077058558,False,1.0,-0.7580507193808048,0.7200933022325892,chem
CPC005 PC3 24H-helveticoside-10.0,helveticoside,PC3,24H,10.0,116,46,1,4,0.44479629002890175,0.24988620176760173,1.741289437585734,1.6097308488612836,0.9540965679003577,0.7413795026065898,0.21271706529376788,0.35532922294014996,True,1.0,0.8755686970134723,0.1692769076974342,chem
CPC005 PC3 24H-psb 36-10.0,psb 36,PC3,24H,10.0,31,13,0,1,1.0,0.49798952875506386,0.0,1.4898345153664303,0.3027797890710162,0.6008860685960127,-0.29810627952499646,0.8451759903818608,True,1.0,-0.37362657529629517,0.5541486171276241,chem
CPC005 PC3 24H-lasalocid sodium-10.0,lasalocid sodium,PC3,24H,10.0,109,48,2,1,0.12319378727280222,0.9126669014974301,3.4489130434782607,0.4087207775151038,0.9490988924944382,0.39428337013977854,0.5548155223546597,0.35814796476341015,True,1.0,0.8659833881552628,0.17060979673442186,chem
CPC005 PC3 24H-wortmannin-10.0,wortmannin,PC3,24H,10.0,149,186,5,5,0.08620246232432041,0.22852244928303914,2.2282413718877807,1.5683292781832927,1.705551458480561,0.17619307360109732,1.5293583848794636,0.09706144160298409,True,1.0,2.3168242076638528,0.03698767077640786,chem
CPC005 PC3 24H-doxorubicin hydrochloride-10.0,doxorubicin hydrochloride,PC3,24H,10.0,131,175,5,2,0.07036777562681207,0.7875586762202808,2.3766233766233764,0.6869324473975637,1.2563432567843948,0.4314389716116416,0.8249042851727533,0.21573618325881197,True,1.0,1.4552637810305697,0.0939686771076308,chem
CPC005 PC3 24H-salubrinal-10.0,salubrinal,PC3,24H,10.0,22,5,0,0,1.0,1.0,0.0,0.0,-0.0,-0.0,0.0,1.0,False,1.0,-0.9543441206638258,1.0,chem
CPC005 PC3 24H-cercosporin-10.0,cercosporin,PC3,24H,10.0,101,88,0,4,1.0,0.1806614103369527,0.0,1.8631405946511281,0.7431346037617094,0.8672166961681663,-0.12408209240645696,0.48979668877157767,True,1.0,0.47095346705908897,0.24825058313895368,chem
CPC005 PC3 24H-simvastatin-10.0,simvastatin,PC3,24H,10.0,118,74,1,4,0.6127432468373719,0.25954111808014435,1.0686622695755117,1.580981439105009,0.798515295289026,0.8189242777339254,-0.020408982444899415,0.45143628510832345,True,1.0,0.5771710562290072,0.22259246917694103,chem
CPC005 PC3 24H-BRD-A82238138 (budesonide)-10.0,brd-a82238138 (budesonide),PC3,24H,10.0,9,16,1,0,0.18469199831054556,1.0,5.248559670781893,0.0,0.733551919745753,-0.0,0.733551919745753,0.49664892055521137,True,1.0,0.45257432505343265,0.25524825058313894,chem
CPC005 PC3 24H-l 670596-10.0,l 670596,PC3,24H,10.0,13,13,0,0,1.0,1.0,0.0,0.0,-0.0,-0.0,0.0,1.0,False,1.0,-0.9543441206638258,1.0,chem
"CPC005 PC3 24H-tamoxifen, 4-hydroxy-, (z)--10.0","tamoxifen, 4-hydroxy-, (z)-",PC3,24H,10.0,48,5,0,2,1.0,0.2839095009713827,0.0,1.9521739130434783,0.5468200736580036,-0.0,0.5468200736580036,0.6413798827110317,True,1.0,0.09443133395506907,0.36987670776407866,chem
CPC005 PC3 24H-gsk-3 inhibitor ii-10.0,gsk-3 inhibitor ii,PC3,24H,10.0,27,12,1,0,0.14195119829236505,1.0,7.161616161616162,0.0,0.8478609369911335,0.6310800528359605,0.21678088415517305,0.41907854161880065,True,1.0,0.6718137006794676,0.20359880039986672,chem
CPC005 PC3 24H-rhodomyrtoxin-10.0,rhodomyrtoxin,PC3,24H,10.0,64,10,0,2,1.0,0.41167055954271353,0.0,1.444700460829493,0.3854501902901507,-0.0,0.3854501902901507,0.7770412978887299,True,1.0,-0.21506859288332603,0.48717094301899366,chem
CPC005 PC3 24H-indirubin-10.0,indirubin,PC3,24H,10.0,25,17,0,1,1.0,0.42621022100959977,0.0,1.864066193853428,0.3703761396174927,-0.0,0.3703761396174927,0.789691920411482,True,1.0,-0.24397992059192203,0.4971676107964012,chem
"CPC005 PC3 24H-l-168,049-10.0","l-168,049",PC3,24H,10.0,26,8,0,0,1.0,1.0,0.0,0.0,-0.0,-0.0,0.0,1.0,False,1.0,-0.9543441206638258,1.0,chem
CPC005 PC3 24H-digitoxigenin-10.0,digitoxigenin,PC3,24H,10.0,176,131,2,4,0.49742262738678095,0.5430756741903018,1.2137596899224805,1.0380856083586114,0.5684141128638248,0.20520325720454113,0.3632108556592837,0.6237008176120076,True,1.0,0.13584769625801496,0.35421526157947353,chem
CPC005 PC3 24H-mitoxantrone dihydrochloride-10.0,mitoxantrone dihydrochloride,PC3,24H,10.0,158,206,4,3,0.26399372985035247,0.6791614646460962,1.5714648387915715,0.8601067533070318,0.7464333517556194,1.015984960627612,-0.2695516088719925,0.4874523158823122,True,1.0,0.47728031220184786,0.24758413862045986,chem
CPC005 PC3 24H-ly-294002-10.0,ly-294002,PC3,24H,10.0,66,35,0,1,1.0,0.7703571921696406,0.0,0.6837970540098199,0.11330785843939327,0.5105515129723556,-0.3972436545329623,0.9713441429952586,False,1.0,-0.7370249210380446,0.7110963012329223,chem
CPC005 PC3 24H-BRD-K31342827-10.0,brd-k31342827,PC3,24H,10.0,22,32,0,0,1.0,1.0,0.0,0.0,-0.0,0.29323652981680803,-0.29323652981680803,1.0,False,1.0,-0.9543441206638258,1.0,chem
CPC005 PC3 24H-chelidonine (+)-10.0,chelidonine (+),PC3,24H,10.0,49,65,1,0,0.5651268656183144,1.0,1.220679012345679,0.0,0.24785404624581234,0.1162512261443165,0.13160282010149582,0.8876476116150732,True,1.0,-0.4789715940269194,0.6034655114961679,chem
CPC005 PC3 24H-ag 527-10.0,ag 527,PC3,24H,10.0,15,7,0,1,1.0,0.2832545123134497,0.0,3.2006079027355625,0.5478231629924638,-0.0,0.5478231629924638,0.6405544305334788,True,1.0,0.09635521261909535,0.36854381872709097,chem
CPC005 PC3 24H-rlm-1-127-10.0,rlm-1-127,PC3,24H,10.0,36,13,0,1,1.0,0.550940054199812,0.0,1.2759878419452888,0.2588956525938111,-0.0,0.2588956525938111,0.8793715466909027,True,1.0,-0.45779430688038386,0.5958013995334889,chem
CPC005 PC3 24H-ki 8751-10.0,ki 8751,PC3,24H,10.0,19,7,0,1,1.0,0.3442500519831315,0.0,2.487785657998424,0.463125985490834,-0.0,0.463125985490834,0.7113538288519228,True,1.0,-0.0660900323862384,0.42919026991003,chem
CPC005 PC3 24H-cgs 15943-10.0,cgs 15943,PC3,24H,10.0,26,12,0,1,1.0,0.4388444509082874,0.0,1.7892198581560284,0.35768938883102475,0.6310800528359605,-0.2733906640049357,0.800281240870174,True,1.0,-0.26831251821348673,0.5091636121292903,chem
CPC005 PC3 24H-bibu 1361 dihydrochloride-10.0,bibu 1361 dihydrochloride,PC3,24H,10.0,40,13,0,1,1.0,0.5892759104577799,0.0,1.1443898890707402,0.2296813124583833,0.6008860685960127,-0.3712047561376294,0.9009208199692085,True,1.0,-0.5138260517502456,0.6151282905698101,chem
CPC005 PC3 24H-e6 berbamine-10.0,e6 berbamine,PC3,24H,10.0,30,19,0,1,1.0,0.4866779630748387,0.0,1.5414526779163609,0.31275831829660106,-0.0,0.31275831829660106,0.8371603837039141,True,1.0,-0.3544882205995071,0.5474841719426857,chem
CPC005 PC3 24H-purvalanol a-10.0,purvalanol a,PC3,24H,10.0,100,130,4,1,0.08213908395010587,0.8930215405336677,2.5502645502645502,0.44652195716025506,1.1345882102784135,0.4027879453825195,0.731800264895894,0.2649829619881039,True,1.0,1.221743267788917,0.11529490169943352,chem
CPC005 PC3 24H-pac 1-10.0,pac 1,PC3,24H,10.0,157,64,2,5,0.19422261317621148,0.2614262263995196,2.5524193548387095,1.483864771417595,1.294351052888671,0.34411646711578286,0.9502345857728882,0.20210198752858866,True,1.0,1.5281609652390176,0.08530489836721093,chem
CPC005 PC3 24H-gr 103691-10.0,gr 103691,PC3,24H,10.0,23,4,0,1,1.0,0.40008827198770297,0.0,2.0341715022566085,0.3978441791525614,-0.0,0.3978441791525614,0.7665971658146649,True,1.0,-0.19129749900822096,0.47784071976007997,chem
CPC005 PC3 24H-v-ama37-10.0,v-ama37,PC3,24H,10.0,17,2,0,0,1.0,1.0,0.0,0.0,-0.0,-0.0,0.0,1.0,False,1.0,-0.9543441206638258,1.0,chem
CPC005 PC3 24H-indirubin-3-oxime-10.0,indirubin-3-oxime,PC3,24H,10.0,21,15,0,0,1.0,1.0,0.0,0.0,-0.0,-0.0,0.0,1.0,False,1.0,-0.9543441206638258,1.0,chem
CPC005 PC3 24H-cmpd-1-10.0,cmpd-1,PC3,24H,10.0,79,52,1,1,0.4859747478827887,0.8284402406749884,1.5349794238683128,0.5686488452445899,0.39512511070580525,0.16377284357838476,0.2313522671274205,0.7688911604642097,True,1.0,-0.1965125457553345,0.4805064978340553,chem
CPC005 PC3 24H-calcipotriol-10.0,calcipotriol,PC3,24H,10.0,64,16,0,1,1.0,0.759833479050158,0.0,0.7057300461555781,0.1192815748949867,-0.0,0.1192815748949867,0.968526285004875,False,1.0,-0.7255676108673179,0.7060979673442186,chem
CPC005 PC3 24H-indomethacin-10.0,indomethacin,PC3,24H,10.0,23,21,0,0,1.0,1.0,0.0,0.0,-0.0,-0.0,0.0,1.0,False,1.0,-0.9543441206638258,1.0,chem
CPC005 PC3 24H-ro 90-7501-10.0,ro 90-7501,PC3,24H,10.0,21,21,0,0,1.0,1.0,0.0,0.0,-0.0,-0.0,0.0,1.0,False,1.0,-0.9543441206638258,1.0,chem
CPC005 PC3 24H-mbcq-10.0,mbcq,PC3,24H,10.0,28,11,0,1,1.0,0.4632900827536739,0.0,1.6561597058050959,0.3341469962601578,-0.0,0.3341469962601578,0.8197463491810851,True,1.0,-0.3134657316025945,0.5271576141286238,chem
CPC005 PC3 24H-manumycin a-10.0,manumycin a,PC3,24H,10.0,220,176,2,6,0.6584173899658251,0.3524731498213109,0.8933908045977011,1.2612699285321605,0.6343726676159849,0.5614847018931045,0.07288796572288037,0.571064917291023,True,1.0,0.26235313484486966,0.3055648117294235,chem
CPC005 PC3 24H-vorinostat-10.0,vorinostat,PC3,24H,10.0,181,134,1,3,0.8220044335905973,0.7648384757932444,0.5809895108140722,0.7461805836229892,0.2015561126897626,0.14196607951092333,0.05959003317883926,0.9204806381075525,False,1.0,-0.5677688760804853,0.6407864045318227,chem
CPC005 PC3 24H-trequinsin hydrochloride-10.0,trequinsin hydrochloride,PC3,24H,10.0,13,13,0,0,1.0,1.0,0.0,0.0,-0.0,-0.0,0.0,1.0,False,1.0,-0.9543441206638258,1.0,chem
CPC005 PC3 24H-bmy 45778-10.0,bmy 45778,PC3,24H,10.0,58,5,0,0,1.0,1.0,0.0,0.0,-0.0,-0.0,0.0,1.0,False,1.0,-0.9543441206638258,1.0,chem
CPC005 PC3 24H-liothyronine (l- isomer) sodium-10.0,liothyronine (l- isomer) sodium,PC3,24H,10.0,25,23,0,1,1.0,0.42621022100959977,0.0,1.864066193853428,0.3703761396174927,-0.0,0.3703761396174927,0.789691920411482,True,1.0,-0.24397992059192203,0.4971676107964012,chem
CPC005 PC3 24H-fisetinidol-10.0,fisetinidol,PC3,24H,10.0,21,13,0,0,1.0,1.0,0.0,0.0,-0.0,-0.0,0.0,1.0,False,1.0,-0.9543441206638258,1.0,chem
"CPC005 PC3 24H-vegf receptor 3 kinase inhibitor, maz51-10.0","vegf receptor 3 kinase inhibitor, maz51",PC3,24H,10.0,51,20,0,3,1.0,0.10061584975109725,0.0,2.8255395683453237,0.997333600619595,1.1538740520062138,-0.15654045138661887,0.3316746632821806,True,1.0,0.9584953137032076,0.15428190603132289,chem
CPC005 PC3 6H-rhodomyrtoxin b-10.0,rhodomyrtoxin b,PC3,6H,10.0,117,39,1,3,0.3926227282495143,0.47592665658649147,2.064327485380117,1.1772056039379024,0.728484533199059,1.2182961668853725,-0.4898116336863134,0.5002975094063123,True,1.0,0.4428553134712747,0.2575808063978674,chem
CPC005 PC3 6H-amyleine hydrochloride-10.0,amyleine hydrochloride,PC3,6H,10.0,26,49,0,0,1.0,1.0,0.0,0.0,-0.0,0.1777939356962094,-0.1777939356962094,1.0,False,1.0,-0.9543441206638258,1.0,chem
CPC005 PC3 6H-etilefrine hydrochloride-10.0,etilefrine hydrochloride,PC3,6H,10.0,28,19,0,0,1.0,1.0,0.0,0.0,-0.0,0.5218764302807071,-0.5218764302807071,1.0,False,1.0,-0.9543441206638258,1.0,chem
CPC005 PC3 6H-fluorometholone-10.0,fluorometholone,PC3,6H,10.0,10,36,1,1,0.36880667214133844,0.1990335100833351,2.2423280423280425,4.982663514578408,1.1342750285216292,-0.0,1.1342750285216292,0.26512118314989036,True,1.0,1.2211425997535383,0.11562812395868044,chem
CPC005 PC3 6H-isoxsuprine hydrochloride-10.0,isoxsuprine hydrochloride,PC3,6H,10.0,28,7,0,0,1.0,1.0,0.0,0.0,-0.0,-0.0,0.0,1.0,False,1.0,-0.9543441206638258,1.0,chem
CPC005 PC3 6H-trichostatin a-10.0,trichostatin a,PC3,6H,10.0,1,93,1,0,0.6970008515701811,1.0,0.8454106280193237,0.0,0.15676669129653192,0.05811139137126125,0.09865529992527067,0.9485963055411202,False,1.0,-0.65367290200544,0.6741086304565145,chem
