term,perturbagen,cell_line,time,dose,n_up,n_down,k_downNdisUP,k_upNdisDOWN,p_rev_up,p_rev_down,or_rev_up,or_rev_down,reversal_score,mimic_score,net_score,p_combined,directional,fdr,z_vs_null,emp_p,library
CPC001 HA1E 24H-hemado-10.0,hemado,HA1E,24H,10.0,74,46,0,0,1.0,1.0,0.0,0.0,-0.0,-0.0,0.0,1.0,False,1.0,-0.5657980364905775,1.0,chem
CPC001 HA1E 24H-ici-89406-10.0,ici-89406,HA1E,24H,10.0,40,56,1,0,0.20253482817430737,1.0,4.649454545454545,0.0,0.6935002841365968,-0.0,0.6935002841365968,0.5259512351037625,True,1.0,0.8501149967537601,0.1809396867710763,chem
CPC001 HA1E 24H-n-benzylnaltrindole hydrochloride-10.0,n-benzylnaltrindole hydrochloride,HA1E,24H,10.0,110,101,0,0,1.0,1.0,0.0,0.0,-0.0,-0.0,0.0,1.0,False,1.0,-0.5657980364905775,1.0,chem
CPC001 HA1E 24H-cilnidipine-10.0,cilnidipine,HA1E,24H,10.0,11,50,0,0,1.0,1.0,0.0,0.0,-0.0,-0.0,0.0,1.0,False,1.0,-0.5657980364905775,1.0,chem
CPC001 HA1E 24H-norketamine hydrochloride-10.0,norketamine hydrochloride,HA1E,24H,10.0,72,53,0,0,1.0,1.0,0.0,0.0,-0.0,-0.0,0.0,1.0,False,1.0,-0.5657980364905775,1.0,chem
CPC001 HA1E 24H-sdz 21009-10.0,sdz 21009,HA1E,24H,10.0,60,13,0,0,1.0,1.0,0.0,0.0,-0.0,-0.0,0.0,1.0,False,1.0,-0.5657980364905775,1.0,chem
CPC001 HA1E 24H-brefeldin a-10.0,brefeldin a,HA1E,24H,10.0,102,211,1,0,0.5781906911142227,1.0,1.1881904761904762,0.0,0.23792890476198866,0.8171635172767224,-0.5792346125147337,0.8949533570304582,True,1.0,-0.0800208206131938,0.3112295901366211,chem
CPC001 HA1E 24H-trichostatin a-10.0,trichostatin a,HA1E,24H,10.0,198,200,1,2,0.5584595977213203,0.10339922586312482,1.2560804020100502,3.99234693877551,1.2384909535874056,0.25588073396585614,0.9826102196215494,0.22241546106140092,True,1.0,1.9628173409678906,0.058647117627457515,chem
CPC001 HA1E 24H-geldanamycin-10.0,geldanamycin,HA1E,24H,10.0,122,166,1,0,0.49170192691608877,1.0,1.5231515151515151,0.0,0.30829808976274736,-0.0,0.30829808976274736,0.8407525621821896,True,1.0,0.06365128516741615,0.3055648117294235,chem
CPC001 HA1E 24H-vinblastine sulfate-10.0,vinblastine sulfate,HA1E,24H,10.0,140,175,0,1,1.0,0.3256749708543354,0.0,2.673296656792213,0.48721561704929883,0.4091934932335874,0.07802212381571144,0.6910352010532892,True,1.0,0.4289455244859679,0.2619126957680773,chem
CPC001 HA1E 24H-taxol-10.0,taxol,HA1E,24H,10.0,112,116,0,1,1.0,0.26987631286244124,0.0,3.3624801271860094,0.5688352319480254,0.5557893343448462,0.013045897603179202,0.6233580203702593,True,1.0,0.5955875275925274,0.2315894701766078,chem
CPC001 HA1E 24H-dpn-10.0,dpn,HA1E,24H,10.0,47,18,0,0,1.0,1.0,0.0,0.0,-0.0,-0.0,0.0,1.0,False,1.0,-0.5657980364905775,1.0,chem
CPC001 HA1E 24H-genistin-10.0,genistin,HA1E,24H,10.0,76,98,1,2,0.32790609287527117,0.018427217002475182,2.6189690721649486,10.780405405405405,2.218790763351609,-0.0,2.218790763351609,0.03691272691211155,True,1.0,3.9642862788792206,0.006331222925691436,chem
CPC001 HA1E 24H-cyclosporine-10.0,cyclosporine,HA1E,24H,10.0,122,133,0,0,1.0,1.0,0.0,0.0,-0.0,0.9137343130855491,-0.9137343130855491,1.0,False,1.0,-0.5657980364905775,1.0,chem
CPC001 HA1E 24H-estradiol valerate-10.0,estradiol valerate,HA1E,24H,10.0,107,90,1,1,0.3055889997807604,0.2594643221145999,2.857977528089888,3.5238623751387346,1.100784634797722,-0.0,1.100784634797722,0.28026045159494856,True,1.0,1.681663639960887,0.07364211929356881,chem
CPC001 HA1E 24H-lfm-a12-10.0,lfm-a12,HA1E,24H,10.0,62,79,0,1,1.0,0.15923366916048404,0.0,6.166827386692382,0.7979650974991642,-0.0,0.7979650974991642,0.451806832374428,True,1.0,1.0633998275446332,0.13962012662445852,chem
CPC001 HA1E 24H-ro 60-0175-10.0,ro 60-0175,HA1E,24H,10.0,42,39,0,0,1.0,1.0,0.0,0.0,-0.0,0.9863854370713357,-0.9863854370713357,1.0,False,1.0,-0.5657980364905775,1.0,chem
CPC001 HA1E 24H-kf 38789-10.0,kf 38789,HA1E,24H,10.0,95,94,0,0,1.0,1.0,0.0,0.0,-0.0,0.49536710861879296,-0.49536710861879296,1.0,False,1.0,-0.5657980364905775,1.0,chem
CPC001 HA1E 24H-lobelanidine hydrochloride-10.0,lobelanidine hydrochloride,HA1E,24H,10.0,85,60,2,1,0.023802039684718376,0.21196287520080873,9.181034482758621,4.46218487394958,2.2971260231181097,-0.0,2.2971260231181097,0.03173059609983418,True,1.0,4.124222644880943,0.004665111629456847,chem
CPC001 HA1E 24H-fluticasone propionate-10.0,fluticasone propionate,HA1E,24H,10.0,20,58,0,0,1.0,1.0,0.0,0.0,-0.0,-0.0,0.0,1.0,False,1.0,-0.5657980364905775,1.0,chem
CPC001 HA1E 24H-rimcazole dihydrochloride-10.0,rimcazole dihydrochloride,HA1E,24H,10.0,87,20,1,1,0.07743881863633138,0.21639730745761476,13.534736842105263,4.357045143638851,1.7757894282837243,0.5271883160897466,1.2486011121939777,0.08527761058759332,True,1.0,3.0598146032141083,0.019326891036321226,chem
CPC001 HA1E 24H-clobetasol propionate-10.0,clobetasol propionate,HA1E,24H,10.0,46,54,0,0,1.0,1.0,0.0,0.0,-0.0,-0.0,0.0,1.0,False,1.0,-0.5657980364905775,1.0,chem
CPC001 HA1E 24H-ginsenoside-rc-10.0,ginsenoside-rc,HA1E,24H,10.0,69,62,1,0,0.22173067173433159,1.0,4.188196721311475,0.0,0.654174227302204,-0.0,0.654174227302204,0.5557217696993249,True,1.0,0.7698233549309331,0.2015994668443852,chem
CPC001 HA1E 24H-bw-b 70c-10.0,bw-b 70c,HA1E,24H,10.0,47,57,0,0,1.0,1.0,0.0,0.0,-0.0,0.7622425527905643,-0.7622425527905643,1.0,False,1.0,-0.5657980364905775,1.0,chem
CPC001 HA1E 24H-wortmannin-10.0,wortmannin,HA1E,24H,10.0,136,100,0,0,1.0,1.0,0.0,0.0,-0.0,0.37178853246535365,-0.37178853246535365,1.0,False,1.0,-0.5657980364905775,1.0,chem
CPC001 HA1E 24H-pd 166793-10.0,pd 166793,HA1E,24H,10.0,67,62,0,0,1.0,1.0,0.0,0.0,-0.0,0.6245429220468399,-0.6245429220468399,1.0,False,1.0,-0.5657980364905775,1.0,chem
CPC001 HA1E 24H-fr 139317-10.0,fr 139317,HA1E,24H,10.0,44,54,1,0,0.19603564821290864,1.0,4.826415094339622,0.0,0.7076649469372981,-0.0,0.7076649469372981,0.5154676520054673,True,1.0,0.8790348560959862,0.17560813062312564,chem
CPC001 HA1E 24H-u 18666a-10.0,u 18666a,HA1E,24H,10.0,105,62,0,1,1.0,0.2552603907065274,0.0,3.5927601809954752,0.5930165703589346,1.1817422141536316,-0.5887256437946969,0.6038110809706237,True,1.0,0.6449583396894902,0.22292569143618793,chem
CPC001 HA1E 24H-sdz nkt 343-10.0,sdz nkt 343,HA1E,24H,10.0,51,56,0,0,1.0,1.0,0.0,0.0,-0.0,-0.0,0.0,1.0,False,1.0,-0.5657980364905775,1.0,chem
CPC001 HA1E 24H-naltrindole hydrochloride-10.0,naltrindole hydrochloride,HA1E,24H,10.0,59,49,1,1,0.17956411208873052,0.15211527114417434,5.333333333333333,6.488843813387424,1.563607641743526,0.8928783478043839,0.6707292939391422,0.12565571782491886,True,1.0,2.6266050374049614,0.031322892369210265,chem
CPC001 HA1E 24H-tenidap-10.0,tenidap,HA1E,24H,10.0,27,43,1,1,0.15936974499723136,0.07255857404396601,6.100952380952381,14.547511312217194,1.9369053830900596,-0.0,1.9369053830900596,0.06313620405148782,True,1.0,3.388763538769212,0.01299566811062979,chem
CPC001 HA1E 24H-sarmentogenin-10.0,sarmentogenin,HA1E,24H,10.0,143,256,4,0,0.017979193078825464,1.0,4.470418470418471,0.0,1.7452298036638225,0.6421431884633737,1.1030866152004488,0.09022930196688313,True,1.0,2.9974213039175637,0.020659780073308896,chem
CPC001 HA1E 24H-ntncb hydrochloride-10.0,ntncb hydrochloride,HA1E,24H,10.0,131,45,0,1,1.0,0.3081946206649024,0.0,2.862443438914027,0.5111749458769689,0.38416774042990404,0.12700720544706484,0.6709470273902775,True,1.0,0.4778630616966705,0.254915028323892,chem
CPC001 HA1E 24H-ebpc-10.0,ebpc,HA1E,24H,10.0,42,45,1,1,0.16615372806130616,0.11069037968717034,5.821818181818182,9.203730272596843,1.735380032673451,-0.0,1.735380032673451,0.09188195849042913,True,1.0,2.977311118761544,0.021326224591802733,chem
"CPC001 HA1E 24H-l-732,138-10.0","l-732,138",HA1E,24H,10.0,76,65,0,0,1.0,1.0,0.0,0.0,-0.0,-0.0,0.0,1.0,False,1.0,-0.5657980364905775,1.0,chem
CPC001 HA1E 24H-ro 08-2750-10.0,ro 08-2750,HA1E,24H,10.0,97,146,1,0,0.4480067012296149,1.0,1.7387586206896553,0.0,0.34871548982936135,0.48791003667950106,-0.1391945468501397,0.8077323776450116,True,1.0,0.14617111224350335,0.3015661446184605,chem
CPC001 HA1E 24H-gr 32191 hydrochloride-10.0,gr 32191 hydrochloride,HA1E,24H,10.0,25,46,0,0,1.0,1.0,0.0,0.0,-0.0,-0.0,0.0,1.0,False,1.0,-0.5657980364905775,1.0,chem
CPC001 HA1E 24H-o-2050-10.0,o-2050,HA1E,24H,10.0,46,45,0,0,1.0,1.0,0.0,0.0,-0.0,-0.0,0.0,1.0,False,1.0,-0.5657980364905775,1.0,chem
CPC001 HA1E 24H-rottlerin ncgc00025228-11-10.0,rottlerin ncgc00025228-11,HA1E,24H,10.0,139,177,0,0,1.0,1.0,0.0,0.0,-0.0,0.9726942275315625,-0.9726942275315625,1.0,False,1.0,-0.5657980364905775,1.0,chem
CPC001 HA1E 24H-jak3 inhibitor vi-10.0,jak3 inhibitor vi,HA1E,24H,10.0,145,240,3,0,0.06988186898694562,1.0,3.418271876719868,0.0,1.1556354883504858,-0.0,1.1556354883504858,0.2558339617689213,True,1.0,1.793652113803585,0.06597800733088971,chem
CPC001 HA1E 24H-zk 164015-10.0,zk 164015,HA1E,24H,10.0,40,49,1,0,0.17956411208873052,1.0,5.333333333333333,0.0,0.7457804576422037,-0.0,0.7457804576422037,0.48791572895196733,True,1.0,0.9568549372269262,0.16061312895701432,chem
CPC001 HA1E 24H-isoeugenitol-10.0,isoeugenitol,HA1E,24H,10.0,61,54,1,0,0.19603564821290864,1.0,4.826415094339622,0.0,0.7076649469372981,0.6604243160213854,0.047240630915912685,0.5154676520054673,True,1.0,0.8790348560959862,0.17560813062312564,chem
CPC001 HA1E 24H-r(-)-n-allylnorapomorphine-10.0,r(-)-n-allylnorapomorphine,HA1E,24H,10.0,56,47,0,0,1.0,1.0,0.0,0.0,-0.0,-0.0,0.0,1.0,False,1.0,-0.5657980364905775,1.0,chem
CPC001 HA1E 24H-angiogenesis inhibitor-10.0,angiogenesis inhibitor,HA1E,24H,10.0,70,71,1,1,0.24969371631983528,0.17794113953728358,3.6445714285714286,5.445012787723785,1.35231601930299,-0.0,1.35231601930299,0.1827803698283563,True,1.0,2.195212911298824,0.04865044985004998,chem
CPC001 HA1E 24H-mibefradil dihydrochloride-10.0,mibefradil dihydrochloride,HA1E,24H,10.0,85,42,0,0,1.0,1.0,0.0,0.0,-0.0,0.5356881335312719,-0.5356881335312719,1.0,False,1.0,-0.5657980364905775,1.0,chem
CPC001 HA1E 24H-ic 261-10.0,ic 261,HA1E,24H,10.0,101,116,1,1,0.375626138373073,0.24678481747818873,2.202782608695652,3.7388235294117647,1.0329257566540981,0.4735368277919005,0.5593889288621976,0.31317366947377073,True,1.0,1.5431168041733314,0.08297234255248251,chem
CPC001 HA1E 24H-benzo[a]pyrene-10.0,benzo[a]pyrene,HA1E,24H,10.0,51,52,0,0,1.0,1.0,0.0,0.0,-0.0,0.7300406268108973,-0.7300406268108973,1.0,False,1.0,-0.5657980364905775,1.0,chem
CPC001 HA1E 24H-cdc-10.0,cdc,HA1E,24H,10.0,41,58,0,0,1.0,1.0,0.0,0.0,-0.0,-0.0,0.0,1.0,False,1.0,-0.5657980364905775,1.0,chem
CPC001 HA1E 24H-gbr 13069 dihydrochloride-10.0,gbr 13069 dihydrochloride,HA1E,24H,10.0,61,26,0,0,1.0,1.0,0.0,0.0,-0.0,-0.0,0.0,1.0,False,1.0,-0.5657980364905775,1.0,chem
CPC001 HA1E 24H-gr 127935 hydrochloride-10.0,gr 127935 hydrochloride,HA1E,24H,10.0,134,112,1,0,0.3653118645941806,1.0,2.283603603603604,0.0,0.4373362225482623,-0.0,0.4373362225482623,0.7331823247794703,True,1.0,0.3271072320153584,0.28023992002665776,chem
CPC001 HA1E 24H-dichlorobenzamil-10.0,dichlorobenzamil,HA1E,24H,10.0,129,110,0,0,1.0,1.0,0.0,0.0,-0.0,0.38929061718825575,-0.38929061718825575,1.0,False,1.0,-0.5657980364905775,1.0,chem
CPC001 HA1E 24H-cyclosporin a-10.0,cyclosporin a,HA1E,24H,10.0,87,68,0,1,1.0,0.21639730745761476,0.0,4.357045143638851,0.6647481472788466,-0.0,0.6647481472788466,0.5476235035128203,True,1.0,0.7914120282882204,0.19726757747417528,chem
CPC001 HA1E 24H-cosmosiin-10.0,cosmosiin,HA1E,24H,10.0,25,62,0,0,1.0,1.0,0.0,0.0,-0.0,-0.0,0.0,1.0,False,1.0,-0.5657980364905775,1.0,chem
CPC001 HA1E 24H-syrosingopine-10.0,syrosingopine,HA1E,24H,10.0,47,43,1,0,0.15936974499723136,1.0,6.100952380952381,0.0,0.7975941222616931,0.7622425527905643,0.03535156947112883,0.45205679761433903,True,1.0,1.0626424108776737,0.1409530156614462,chem
"CPC001 HA1E 24H-ly-165,163-10.0","ly-165,163",HA1E,24H,10.0,54,47,0,0,1.0,1.0,0.0,0.0,-0.0,-0.0,0.0,1.0,False,1.0,-0.5657980364905775,1.0,chem
CPC001 HA1E 24H-ag 556-10.0,ag 556,HA1E,24H,10.0,74,62,0,1,1.0,0.18714677864101364,0.0,5.143432715551974,0.7278176439995865,1.9027283641637318,-1.1749107201641453,0.5007789641472482,True,1.0,0.9201804288927504,0.16694435188270576,chem
CPC001 HA1E 24H-fit-10.0,fit,HA1E,24H,10.0,137,107,1,0,0.3521884880253418,1.0,2.393207547169811,0.0,0.45322484390758244,0.36938311942372987,0.08384172448385258,0.7197284388251124,True,1.0,0.3595468813962584,0.2735754748417194,chem
CPC001 HA1E 24H-am 404-10.0,am 404,HA1E,24H,10.0,61,39,1,0,0.14564222006616478,1.0,6.747368421052632,0.0,0.8367127096121924,0.6604243160213854,0.17628839359080695,0.42623684344579826,True,1.0,1.142510464198859,0.12862379206931024,chem
CPC001 HA1E 24H-digoxin-10.0,digoxin,HA1E,24H,10.0,171,269,4,0,0.0211805877079652,1.0,4.242195540308748,0.0,1.67406199348325,-0.0,1.67406199348325,0.10282476777250024,True,1.0,2.8521186525890396,0.02332555814728424,chem
CPC001 HA1E 24H-arecaidine propargyl ester tosylate-10.0,arecaidine propargyl ester tosylate,HA1E,24H,10.0,44,49,1,0,0.17956411208873052,1.0,5.333333333333333,0.0,0.7457804576422037,0.788430056468702,-0.042649598826498325,0.48791572895196733,True,1.0,0.9568549372269262,0.16061312895701432,chem
CPC001 HA1E 24H-sb 269970 hydrochloride-10.0,sb 269970 hydrochloride,HA1E,24H,10.0,90,58,0,0,1.0,1.0,0.0,0.0,-0.0,0.514862283016828,-0.514862283016828,1.0,False,1.0,-0.5657980364905775,1.0,chem
CPC001 HA1E 24H-levcromakalim-10.0,levcromakalim,HA1E,24H,10.0,47,43,1,0,0.15936974499723136,1.0,6.100952380952381,0.0,0.7975941222616931,-0.0,0.7975941222616931,0.45205679761433903,True,1.0,1.0626424108776737,0.1409530156614462,chem
CPC001 HA1E 24H-resveratrol-10.0,resveratrol,HA1E,24H,10.0,81,88,0,0,1.0,1.0,0.0,0.0,-0.0,-0.0,0.0,1.0,False,1.0,-0.5657980364905775,1.0,chem
CPC001 HA1E 24H-pdgf receptor tyrosine kinase inhibitor i-10.0,pdgf receptor tyrosine kinase inhibitor i,HA1E,24H,10.0,57,103,2,0,0.06361753690538624,1.0,5.236798679867987,0.0,1.19642314958117,-0.0,1.19642314958117,0.23887533327290805,True,1.0,1.8769278996296586,0.062312562479173605,chem
CPC001 HA1E 24H-h 89 dihydrochloride-10.0,h 89 dihydrochloride,HA1E,24H,10.0,88,71,0,0,1.0,1.0,0.0,0.0,-0.0,-0.0,0.0,1.0,False,1.0,-0.5657980364905775,1.0,chem
CPC001 HA1E 24H-zuclopenthixol hydrochloride-10.0,zuclopenthixol hydrochloride,HA1E,24H,10.0,65,42,0,0,1.0,1.0,0.0,0.0,-0.0,0.6360850498129149,-0.6360850498129149,1.0,False,1.0,-0.5657980364905775,1.0,chem
CPC001 HA1E 24H-isoflupredone acetate-10.0,isoflupredone acetate,HA1E,24H,10.0,31,44,0,0,1.0,1.0,0.0,0.0,-0.0,1.8666348716368522,-1.8666348716368522,1.0,False,1.0,-0.5657980364905775,1.0,chem
CPC001 HA1E 24H-syk inhibitor-10.0,syk inhibitor,HA1E,24H,10.0,62,95,0,0,1.0,1.0,0.0,0.0,-0.0,2.730751542946522,-2.730751542946522,1.0,False,1.0,-0.5657980364905775,1.0,chem
CPC001 HA1E 24H-nsc 693868-10.0,nsc 693868,HA1E,24H,10.0,63,43,0,0,1.0,1.0,0.0,0.0,-0.0,-0.0,0.0,1.0,False,1.0,-0.5657980364905775,1.0,chem
CPC001 HA1E 24H-ag 494-10.0,ag 494,HA1E,24H,10.0,35,51,0,0,1.0,1.0,0.0,0.0,-0.0,0.8766267776019061,-0.8766267776019061,1.0,False,1.0,-0.5657980364905775,1.0,chem
CPC001 HA1E 24H-bapta-am-10.0,bapta-am,HA1E,24H,10.0,25,69,0,0,1.0,1.0,0.0,0.0,-0.0,-0.0,0.0,1.0,False,1.0,-0.5657980364905775,1.0,chem
CPC001 HA1E 24H-tms-10.0,tms,HA1E,24H,10.0,42,65,0,0,1.0,1.0,0.0,0.0,-0.0,-0.0,0.0,1.0,False,1.0,-0.5657980364905775,1.0,chem
CPC001 HA1E 24H-aloisine-10.0,aloisine,HA1E,24H,10.0,47,34,0,0,1.0,1.0,0.0,0.0,-0.0,0.7622425527905643,-0.7622425527905643,1.0,False,1.0,-0.5657980364905775,1.0,chem
CPC001 HA1E 24H-oxindole i-10.0,oxindole i,HA1E,24H,10.0,28,36,0,0,1.0,1.0,0.0,0.0,-0.0,-0.0,0.0,1.0,False,1.0,-0.5657980364905775,1.0,chem
CPC001 HA1E 24H-jak3 inhibitor ii-10.0,jak3 inhibitor ii,HA1E,24H,10.0,55,69,0,0,1.0,1.0,0.0,0.0,-0.0,1.4559262162571371,-1.4559262162571371,1.0,False,1.0,-0.5657980364905775,1.0,chem
CPC001 HA1E 24H-metergoline-10.0,metergoline,HA1E,24H,10.0,71,30,0,0,1.0,1.0,0.0,0.0,-0.0,0.6025923867714367,-0.6025923867714367,1.0,False,1.0,-0.5657980364905775,1.0,chem
CPC001 HA1E 24H-cyclopamine-10.0,cyclopamine,HA1E,24H,10.0,46,45,0,0,1.0,1.0,0.0,0.0,-0.0,-0.0,0.0,1.0,False,1.0,-0.5657980364905775,1.0,chem
CPC001 HA1E 24H-ag-879-10.0,ag-879,HA1E,24H,10.0,51,61,0,0,1.0,1.0,0.0,0.0,-0.0,-0.0,0.0,1.0,False,1.0,-0.5657980364905775,1.0,chem
CPC001 HA1E 24H-sb 225002-10.0,sb 225002,HA1E,24H,10.0,75,145,1,0,0.44572971792515226,1.0,1.751111111111111,0.0,0.35092840943940395,-0.0,0.35092840943940395,0.8058982843454677,True,1.0,0.15068920948016454,0.3012329223592136,chem
CPC001 HA1E 24H-vegf receptor 2 kinase inhibitor iv-10.0,vegf receptor 2 kinase inhibitor iv,HA1E,24H,10.0,47,36,0,0,1.0,1.0,0.0,0.0,-0.0,0.7622425527905643,-0.7622425527905643,1.0,False,1.0,-0.5657980364905775,1.0,chem
CPC001 HA1E 24H-t 98475-10.0,t 98475,HA1E,24H,10.0,104,71,0,0,1.0,1.0,0.0,0.0,-0.0,-0.0,0.0,1.0,False,1.0,-0.5657980364905775,1.0,chem
CPC001 HA1E 24H-lylamine hydrochloride-10.0,lylamine hydrochloride,HA1E,24H,10.0,148,112,0,0,1.0,1.0,0.0,0.0,-0.0,-0.0,0.0,1.0,False,1.0,-0.5657980364905775,1.0,chem
CPC001 HA1E 24H-BRD-K62310379 (fluticasone propionate)-10.0,brd-k62310379 (fluticasone propionate),HA1E,24H,10.0,29,62,0,0,1.0,1.0,0.0,0.0,-0.0,2.859862114282703,-2.859862114282703,1.0,False,1.0,-0.5657980364905775,1.0,chem
CPC001 HA1E 24H-austricine hydrate-10.0,austricine hydrate,HA1E,24H,10.0,37,61,1,0,0.2185625172745057,1.0,4.258666666666667,0.0,0.6604243160213854,-0.0,0.6604243160213854,0.5509268621917025,True,1.0,0.7825841025165525,0.1979340219926691,chem
CPC001 HA1E 24H-cfm 1571 hydrochloride-10.0,cfm 1571 hydrochloride,HA1E,24H,10.0,52,19,0,0,1.0,1.0,0.0,0.0,-0.0,-0.0,0.0,1.0,False,1.0,-0.5657980364905775,1.0,chem
CPC001 HA1E 24H-diphenyleneiodonium chloride-10.0,diphenyleneiodonium chloride,HA1E,24H,10.0,74,97,2,1,0.05721384211874097,0.18714677864101364,5.57280701754386,5.143432715551974,1.970316530791861,-0.0,1.970316530791861,0.059284886079955766,True,1.0,3.4569787660283176,0.012329223592135955,chem
CPC001 HA1E 24H-lawsone-10.0,lawsone,HA1E,24H,10.0,43,43,0,1,1.0,0.1131791192962548,0.0,8.983193277310924,0.946233689851697,-0.0,0.946233689851697,0.3597719270071249,True,1.0,1.3661184235349881,0.09763412195934688,chem
"CPC001 HA1E 24H-ici-162,846-10.0","ici-162,846",HA1E,24H,10.0,52,50,0,1,1.0,0.13528368405107447,0.0,7.387543252595155,0.868754578523359,0.7224238932797868,0.14633068524357218,0.4059026415009191,True,1.0,1.2079300477788584,0.11929356881039653,chem
CPC001 HA1E 24H-gsk-3b inhibitor viii-10.0,gsk-3b inhibitor viii,HA1E,24H,10.0,69,86,1,1,0.2941649340268648,0.1756243931010335,2.9943529411764707,5.525951557093426,1.2868242621833215,0.6133860774839782,0.6734381846993432,0.204739793484254,True,1.0,2.0614990043301193,0.052649116961012994,chem
CPC001 HA1E 24H-tyrphostin ag 1478-10.0,tyrphostin ag 1478,HA1E,24H,10.0,74,85,0,0,1.0,1.0,0.0,0.0,-0.0,0.6737401980679902,-0.6737401980679902,1.0,False,1.0,-0.5657980364905775,1.0,chem
CPC001 HA1E 24H-w-9 hydrochloride-10.0,w-9 hydrochloride,HA1E,24H,10.0,52,54,0,0,1.0,1.0,0.0,0.0,-0.0,0.7224238932797868,-0.7224238932797868,1.0,False,1.0,-0.5657980364905775,1.0,chem
CPC001 HA1E 24H-cdk2/5 inhibitor-10.0,cdk2/5 inhibitor,HA1E,24H,10.0,54,68,0,0,1.0,1.0,0.0,0.0,-0.0,0.7076649469372981,-0.7076649469372981,1.0,False,1.0,-0.5657980364905775,1.0,chem
CPC001 HA1E 24H-peucedanin-10.0,peucedanin,HA1E,24H,10.0,37,37,0,0,1.0,1.0,0.0,0.0,-0.0,-0.0,0.0,1.0,False,1.0,-0.5657980364905775,1.0,chem
CPC001 HA1E 24H-jak3 inhibitor i-10.0,jak3 inhibitor i,HA1E,24H,10.0,46,50,0,1,1.0,0.12060593047710985,0.0,8.380392156862746,0.9186313363902346,-0.0,0.9186313363902346,0.3757148294095546,True,1.0,1.3097629570582023,0.10396534488503832,chem
CPC001 HA1E 24H-arp 101-10.0,arp 101,HA1E,24H,10.0,146,108,0,0,1.0,1.0,0.0,0.0,-0.0,0.5824322020278224,-0.5824322020278224,1.0,False,1.0,-0.5657980364905775,1.0,chem
CPC001 HA1E 24H-purmorphamine-10.0,purmorphamine,HA1E,24H,10.0,33,47,0,1,1.0,0.0879929549047966,0.0,11.808823529411764,1.05555209794588,-0.0,1.05555209794588,0.30185970206486407,True,1.0,1.5893127932197586,0.07964011996001333,chem
CPC001 HA1E 24H-imd 0354-10.0,imd 0354,HA1E,24H,10.0,141,189,0,0,1.0,1.0,0.0,0.0,-0.0,-0.0,0.0,1.0,False,1.0,-0.5657980364905775,1.0,chem
CPC001 HA1E 24H-homoharringtonine-10.0,homoharringtonine,HA1E,24H,10.0,183,251,1,0,0.6430371448571173,1.0,0.99168,0.0,0.19176393945440381,1.094896381988108,-0.9031324425337041,0.92697198918881,False,1.0,-0.17427539779719853,0.31322892369210265,chem
CPC001 HA1E 24H-gangleoidin acetate-10.0,gangleoidin acetate,HA1E,24H,10.0,38,56,1,0,0.20253482817430737,1.0,4.649454545454545,0.0,0.6935002841365968,-0.0,0.6935002841365968,0.5259512351037625,True,1.0,0.8501149967537601,0.1809396867710763,chem
CPC001 HA1E 24H-leflunomide-10.0,leflunomide,HA1E,24H,10.0,31,40,0,0,1.0,1.0,0.0,0.0,-0.0,-0.0,0.0,1.0,False,1.0,-0.5657980364905775,1.0,chem
CPC001 HA1E 24H-herniarin-10.0,herniarin,HA1E,24H,10.0,44,44,1,1,0.16276834344693925,0.11566128005704895,5.9581395348837205,8.772913816689467,1.7252420620110986,-0.0,1.7252420620110986,0.09361257344213049,True,1.0,2.956612519035165,0.02165944685104965,chem
CPC001 HA1E 24H-BRD-K81209512 (ag 494)-10.0,brd-k81209512 (ag 494),HA1E,24H,10.0,50,51,0,0,1.0,1.0,0.0,0.0,-0.0,-0.0,0.0,1.0,False,1.0,-0.5657980364905775,1.0,chem
CPC001 HA1E 24H-vorinostat-10.0,vorinostat,HA1E,24H,10.0,243,187,1,2,0.5339959520588831,0.14498705598080863,1.3466666666666667,3.2235477178423237,1.1111328036881039,0.20004818332824295,0.9110846203598609,0.2755062533411766,True,1.0,1.7027913994402464,0.07064311896034656,chem
CPC001 HA1E 24H-halcinonide-10.0,halcinonide,HA1E,24H,10.0,45,45,0,0,1.0,1.0,0.0,0.0,-0.0,-0.0,0.0,1.0,False,1.0,-0.5657980364905775,1.0,chem
CPC001 HA1E 24H-pd 407824-10.0,pd 407824,HA1E,24H,10.0,158,154,0,0,1.0,1.0,0.0,0.0,-0.0,-0.0,0.0,1.0,False,1.0,-0.5657980364905775,1.0,chem
CPC001 HA1E 24H-fk 888-10.0,fk 888,HA1E,24H,10.0,30,51,0,1,1.0,0.08030634288988928,0.0,13.036511156186613,1.0952501511934496,-0.0,1.0952501511934496,0.28283144476658817,True,1.0,1.670363936634417,0.07464178607130956,chem
CPC001 HA1E 24H-r(+)-skf-81297-10.0,r(+)-skf-81297,HA1E,24H,10.0,82,58,0,0,1.0,1.0,0.0,0.0,-0.0,0.5488889053617282,-0.5488889053617282,1.0,False,1.0,-0.5657980364905775,1.0,chem
CPC001 HA1E 24H-strophanthidin-10.0,strophanthidin,HA1E,24H,10.0,67,184,0,0,1.0,1.0,0.0,0.0,-0.0,0.6245429220468399,-0.6245429220468399,1.0,False,1.0,-0.5657980364905775,1.0,chem
CPC001 HA1E 24H-caffeic acid phenethyl ester-10.0,caffeic acid phenethyl ester,HA1E,24H,10.0,136,102,1,0,0.3388044043839892,1.0,2.5136633663366337,0.0,0.4700509525702869,0.603953799027189,-0.13390284645690215,0.705503360165749,True,1.0,0.39390058982187176,0.26724425191602796,chem
CPC001 HA1E 24H-mdm2 inhibitor-10.0,mdm2 inhibitor,HA1E,24H,10.0,54,88,0,0,1.0,1.0,0.0,0.0,-0.0,-0.0,0.0,1.0,False,1.0,-0.5657980364905775,1.0,chem
CPC001 HA1E 24H-nnc 05-2090 hydrochloride-10.0,nnc 05-2090 hydrochloride,HA1E,24H,10.0,87,45,0,0,1.0,1.0,0.0,0.0,-0.0,-0.0,0.0,1.0,False,1.0,-0.5657980364905775,1.0,chem
CPC001 HA1E 24H-cabergoline-10.0,cabergoline,HA1E,24H,10.0,50,70,1,0,0.24663508299031428,1.0,3.6979710144927536,0.0,0.6079451464532162,1.7725871191534939,-1.1646419727002777,0.5918860771819702,True,1.0,0.6754378736466958,0.21992669110296567,chem
CPC001 HA1E 24H-olvanil-10.0,olvanil,HA1E,24H,10.0,107,107,1,0,0.3521884880253418,1.0,2.393207547169811,0.0,0.45322484390758244,-0.0,0.45322484390758244,0.7197284388251124,True,1.0,0.3595468813962584,0.2735754748417194,chem
CPC001 HA1E 24H-rs 504393-10.0,rs 504393,HA1E,24H,10.0,69,43,0,1,1.0,0.1756243931010335,0.0,5.525951557093426,0.7554151635242407,0.6133860774839782,0.14202908604026243,0.48110681381209774,True,1.0,0.9765260259660405,0.1582805731422859,chem
CPC001 HA1E 24H-mpmq hydrochloride-10.0,mpmq hydrochloride,HA1E,24H,10.0,71,25,0,1,1.0,0.1802517359595711,0.0,5.366386554621848,0.7441205440064134,-0.0,0.7441205440064134,0.4890952175357808,True,1.0,0.953465907107203,0.16127957347550817,chem
CPC001 HA1E 24H-piretanide-10.0,piretanide,HA1E,24H,10.0,95,75,1,1,0.26180927464089154,0.23390046910449,3.4454054054054053,3.981226533166458,1.2129838797328447,0.49536710861879296,0.7176167711140518,0.23227303923973877,True,1.0,1.9107397872354324,0.06064645118293902,chem
CPC001 HA1E 24H-xaliproden hydrochloride-10.0,xaliproden hydrochloride,HA1E,24H,10.0,50,62,0,0,1.0,1.0,0.0,0.0,-0.0,1.5357889962611169,-1.5357889962611169,1.0,False,1.0,-0.5657980364905775,1.0,chem
CPC001 HA1E 24H-emd 41000-10.0,emd 41000,HA1E,24H,10.0,25,22,0,0,1.0,1.0,0.0,0.0,-0.0,-0.0,0.0,1.0,False,1.0,-0.5657980364905775,1.0,chem
CPC001 HA1E 24H-ag 592-10.0,ag 592,HA1E,24H,10.0,157,200,2,0,0.1910391957611451,1.0,2.6304713804713806,0.0,0.7188775188444436,0.978133920345404,-0.2592564015009604,0.5072619173784185,True,1.0,0.9019274591167366,0.16994335221592802,chem
CPC001 HA1E 24H-tws119-10.0,tws119,HA1E,24H,10.0,120,133,1,0,0.41769166421280884,1.0,1.9139393939393938,0.0,0.37914419177462716,0.41366125776844614,-0.034517065993818985,0.782341400826878,True,1.0,0.20829710794175885,0.29656781072975674,chem
CPC001 HA1E 24H-mevastatin-10.0,mevastatin,HA1E,24H,10.0,153,137,1,1,0.4271858714255819,0.350189345347935,1.856470588235294,2.4396284829721364,0.8250801910600569,0.4949924484860915,0.33008774257396545,0.43380090397459037,True,1.0,1.1187604600471939,0.13328890369876709,chem
CPC001 HA1E 24H-y 134-10.0,y 134,HA1E,24H,10.0,106,63,0,0,1.0,1.0,0.0,0.0,-0.0,-0.0,0.0,1.0,False,1.0,-0.5657980364905775,1.0,chem
CPC001 HA1E 24H-BRD-K94841585-10.0,brd-k94841585,HA1E,24H,10.0,46,37,0,0,1.0,1.0,0.0,0.0,-0.0,0.7707638179093317,-0.7707638179093317,1.0,False,1.0,-0.5657980364905775,1.0,chem
CPC001 HA1E 24H-dehydroisoandosterone 3-acetate-10.0,dehydroisoandosterone 3-acetate,HA1E,24H,10.0,37,39,0,1,1.0,0.0981474232697675,0.0,10.490196078431373,1.0081210977390735,-0.0,1.0081210977390735,0.32597552657277346,True,1.0,1.4924733644425325,0.08630456514495169,chem
CPC001 HA1E 24H-sr 49059-10.0,sr 49059,HA1E,24H,10.0,41,57,0,0,1.0,1.0,0.0,0.0,-0.0,-0.0,0.0,1.0,False,1.0,-0.5657980364905775,1.0,chem
CPC001 HA1E 24H-src kinase inhibitor ii-10.0,src kinase inhibitor ii,HA1E,24H,10.0,86,103,0,0,1.0,1.0,0.0,0.0,-0.0,-0.0,0.0,1.0,False,1.0,-0.5657980364905775,1.0,chem
CPC001 HA1E 24H-pi 828-10.0,pi 828,HA1E,24H,10.0,104,152,0,0,1.0,1.0,0.0,0.0,-0.0,-0.0,0.0,1.0,False,1.0,-0.5657980364905775,1.0,chem
"CPC001 HA1E 6H-cp 55,940-10.0","cp 55,940",HA1E,6H,10.0,51,48,0,0,1.0,1.0,0.0,0.0,-0.0,0.9012716332371923,-0.9012716332371923,1.0,False,1.0,-0.5657980364905775,1.0,chem
CPC001 HA1E 6H-n-benzylnaltrindole hydrochloride-10.0,n-benzylnaltrindole hydrochloride,HA1E,6H,10.0,67,35,0,0,1.0,1.0,0.0,0.0,-0.0,-0.0,0.0,1.0,False,1.0,-0.5657980364905775,1.0,chem
CPC001 HA1E 6H-ub 165 fumarate-10.0,ub 165 fumarate,HA1E,6H,10.0,40,39,0,0,1.0,1.0,0.0,0.0,-0.0,0.9863854370713357,-0.9863854370713357,1.0,False,1.0,-0.5657980364905775,1.0,chem
CPC001 HA1E 6H-brefeldin a-10.0,brefeldin a,HA1E,6H,10.0,103,77,0,0,1.0,1.0,0.0,0.0,-0.0,-0.0,0.0,1.0,False,1.0,-0.5657980364905775,1.0,chem
CPC001 HA1E 6H-trichostatin a-10.0,trichostatin a,HA1E,6H,10.0,142,103,1,1,0.34150231484946586,0.329502428825324,2.4886274509803923,2.634543178973717,0.9487477279284302,-0.0,0.9487477279284302,0.35834668855768514,True,1.0,1.3712513115241414,0.09630123292235922,chem
CPC001 HA1E 6H-geldanamycin-10.0,geldanamycin,HA1E,6H,10.0,99,61,0,0,1.0,1.0,0.0,0.0,-0.0,1.2267877739764337,-1.2267877739764337,1.0,False,1.0,-0.5657980364905775,1.0,chem
CPC001 HA1E 6H-vinblastine sulfate-10.0,vinblastine sulfate,HA1E,6H,10.0,119,37,0,1,1.0,0.28422102921285514,0.0,3.159521435692921,0.5463437922311117,-0.0,0.5463437922311117,0.6417719569876486,True,1.0,0.5496669658277181,0.24191936021326224,chem
CPC001 HA1E 6H-cyclosporine-10.0,cyclosporine,HA1E,6H,10.0,78,42,1,0,0.15595788320671106,1.0,6.250731707317073,0.0,0.8069926680588373,0.5673958234598213,0.23959684459901598,0.44575403194486074,True,1.0,1.0818313337838668,0.137620793068977,chem
CPC001 HA1E 6H-estradiol valerate-10.0,estradiol valerate,HA1E,6H,10.0,83,71,0,1,1.0,0.2075047499425856,0.0,4.572453371592539,0.6829719575049308,0.544426570632047,0.13854538687288376,0.5338269372261669,True,1.0,0.8286194109017821,0.18693768743752082,chem
CPC001 HA1E 6H-cucurbitacin i-10.0,cucurbitacin i,HA1E,6H,10.0,85,51,1,0,0.18619129527236197,1.0,5.1184,0.0,0.7300406268108973,-0.0,0.7300406268108973,0.4991752625373401,True,1.0,0.9247190720731665,0.16661112962345884,chem
CPC001 HA1E 6H-kf 38789-10.0,kf 38789,HA1E,6H,10.0,62,50,0,1,1.0,0.15923366916048404,0.0,6.166827386692382,0.7979650974991642,0.8846657845573468,-0.08670068705818257,0.451806832374428,True,1.0,1.0633998275446332,0.13962012662445852,chem
CPC001 HA1E 6H-rimcazole dihydrochloride-10.0,rimcazole dihydrochloride,HA1E,6H,10.0,62,52,0,0,1.0,1.0,0.0,0.0,-0.0,-0.0,0.0,1.0,False,1.0,-0.5657980364905775,1.0,chem
CPC001 HA1E 6H-wortmannin-10.0,wortmannin,HA1E,6H,10.0,76,63,0,0,1.0,1.0,0.0,0.0,-0.0,-0.0,0.0,1.0,False,1.0,-0.5657980364905775,1.0,chem
CPC001 HA1E 6H-fr 139317-10.0,fr 139317,HA1E,6H,10.0,42,57,0,0,1.0,1.0,0.0,0.0,-0.0,-0.0,0.0,1.0,False,1.0,-0.5657980364905775,1.0,chem
CPC001 HA1E 6H-sarmentogenin-10.0,sarmentogenin,HA1E,6H,10.0,122,93,0,1,1.0,0.2902869203869858,0.0,3.079727758872144,0.5371725319662184,-0.0,0.5371725319662184,0.6493385927397808,True,1.0,0.5309420896634559,0.24425191602799068,chem
CPC001 HA1E 6H-ntncb hydrochloride-10.0,ntncb hydrochloride,HA1E,6H,10.0,53,37,0,0,1.0,1.0,0.0,0.0,-0.0,1.0081210977390735,-1.0081210977390735,1.0,False,1.0,-0.5657980364905775,1.0,chem
CPC001 HA1E 6H-dibutyrylcyclic amp-10.0,dibutyrylcyclic amp,HA1E,6H,10.0,84,19,0,1,1.0,0.20973678162792958,0.0,4.51665485471297,0.6783254004489399,-0.0,0.6783254004489399,0.5373250709452475,True,1.0,0.8191325788906287,0.18993668777074307,chem
"CPC001 HA1E 6H-l-732,138-10.0","l-732,138",HA1E,6H,10.0,61,31,0,0,1.0,1.0,0.0,0.0,-0.0,1.0815747838474978,-1.0815747838474978,1.0,False,1.0,-0.5657980364905775,1.0,chem
CPC001 HA1E 6H-talniflumate-10.0,talniflumate,HA1E,6H,10.0,60,17,0,0,1.0,1.0,0.0,0.0,-0.0,-0.0,0.0,1.0,False,1.0,-0.5657980364905775,1.0,chem
CPC001 HA1E 6H-esculin hydrate-10.0,esculin hydrate,HA1E,6H,10.0,65,24,0,0,1.0,1.0,0.0,0.0,-0.0,-0.0,0.0,1.0,False,1.0,-0.5657980364905775,1.0,chem
CPC001 HA1E 6H-ro 08-2750-10.0,ro 08-2750,HA1E,6H,10.0,52,43,0,1,1.0,0.13528368405107447,0.0,7.387543252595155,0.868754578523359,-0.0,0.868754578523359,0.4059026415009191,True,1.0,1.2079300477788584,0.11929356881039653,chem
CPC001 HA1E 6H-o-2050-10.0,o-2050,HA1E,6H,10.0,55,68,0,0,1.0,1.0,0.0,0.0,-0.0,0.7611977252571888,-0.7611977252571888,1.0,False,1.0,-0.5657980364905775,1.0,chem
CPC001 HA1E 6H-rottlerin ncgc00025228-11-10.0,rottlerin ncgc00025228-11,HA1E,6H,10.0,80,49,0,0,1.0,1.0,0.0,0.0,-0.0,1.4508858945456296,-1.4508858945456296,1.0,False,1.0,-0.5657980364905775,1.0,chem
CPC001 HA1E 6H-jak3 inhibitor vi-10.0,jak3 inhibitor vi,HA1E,6H,10.0,149,151,1,1,0.45925736334355666,0.3427375828777599,1.6794666666666667,2.507154213036566,0.8029821422690447,-0.0,0.8029821422690447,0.4484358804983194,True,1.0,1.073643080850417,0.13828723758747083,chem
CPC001 HA1E 6H-zk 164015-10.0,zk 164015,HA1E,6H,10.0,67,32,0,1,1.0,0.1709723885348117,0.0,5.695187165775401,0.7670740210418253,-0.0,0.7670740210418253,0.47295291793453675,True,1.0,1.0003298061367136,0.15361546151282907,chem
CPC001 HA1E 6H-ryuvidine-10.0,ryuvidine,HA1E,6H,10.0,58,36,0,0,1.0,1.0,0.0,0.0,-0.0,-0.0,0.0,1.0,False,1.0,-0.5657980364905775,1.0,chem
CPC001 HA1E 6H-r(-)-n-allylnorapomorphine-10.0,r(-)-n-allylnorapomorphine,HA1E,6H,10.0,58,17,1,1,0.06620224971861792,0.14972984990012858,16.08,6.603715170278638,2.0038188626746583,-0.0,2.0038188626746583,0.05564814827901059,True,1.0,3.525380163175527,0.011996001332889037,chem
CPC001 HA1E 6H-selinidin-10.0,selinidin,HA1E,6H,10.0,63,43,0,0,1.0,1.0,0.0,0.0,-0.0,-0.0,0.0,1.0,False,1.0,-0.5657980364905775,1.0,chem
CPC001 HA1E 6H-ag 825-10.0,ag 825,HA1E,6H,10.0,51,23,0,0,1.0,1.0,0.0,0.0,-0.0,-0.0,0.0,1.0,False,1.0,-0.5657980364905775,1.0,chem
CPC001 HA1E 6H-angiogenesis inhibitor-10.0,angiogenesis inhibitor,HA1E,6H,10.0,106,108,1,0,0.3548338625048991,1.0,2.370467289719626,0.0,0.44997494127189797,0.5824322020278224,-0.13245726075592446,0.7224792116748933,True,1.0,0.35291158563085046,0.27590803065644787,chem
CPC001 HA1E 6H-mibefradil dihydrochloride-10.0,mibefradil dihydrochloride,HA1E,6H,10.0,38,55,0,0,1.0,1.0,0.0,0.0,-0.0,-0.0,0.0,1.0,False,1.0,-0.5657980364905775,1.0,chem
CPC001 HA1E 6H-ic 261-10.0,ic 261,HA1E,6H,10.0,40,42,0,0,1.0,1.0,0.0,0.0,-0.0,-0.0,0.0,1.0,False,1.0,-0.5657980364905775,1.0,chem
CPC001 HA1E 6H-saquinavir mesylate-10.0,saquinavir mesylate,HA1E,6H,10.0,84,17,0,0,1.0,1.0,0.0,0.0,-0.0,0.540026810832711,-0.540026810832711,1.0,False,1.0,-0.5657980364905775,1.0,chem
CPC001 HA1E 6H-cdc-10.0,cdc,HA1E,6H,10.0,92,38,0,1,1.0,0.22738050782237604,0.0,4.1144149967679375,0.6432467679157314,0.5069127521727649,0.13633401574296655,0.5641606946274296,True,1.0,0.7475128634726382,0.2052649116961013,chem
CPC001 HA1E 6H-gbr 13069 dihydrochloride-10.0,gbr 13069 dihydrochloride,HA1E,6H,10.0,83,22,0,0,1.0,1.0,0.0,0.0,-0.0,-0.0,0.0,1.0,False,1.0,-0.5657980364905775,1.0,chem
CPC001 HA1E 6H-gr 127935 hydrochloride-10.0,gr 127935 hydrochloride,HA1E,6H,10.0,113,91,1,0,0.3084171147565907,1.0,2.8257777777777777,0.0,0.5108615299787004,0.4342635001238334,0.07659802985486697,0.67120882794089,True,1.0,0.47722316339333115,0.254915028323892,chem
CPC001 HA1E 6H-er 27319 maleate-10.0,er 27319 maleate,HA1E,6H,10.0,140,207,1,0,0.571115904659402,1.0,1.2120388349514564,0.0,0.2432757452639882,1.7474570374539289,-1.5041812921899407,0.8910339628609436,True,1.0,-0.06910422645074832,0.31089636787737424,chem
CPC001 HA1E 6H-dichlorobenzamil-10.0,dichlorobenzamil,HA1E,6H,10.0,68,28,0,0,1.0,1.0,0.0,0.0,-0.0,-0.0,0.0,1.0,False,1.0,-0.5657980364905775,1.0,chem
CPC001 HA1E 6H-cosmosiin-10.0,cosmosiin,HA1E,6H,10.0,93,41,0,0,1.0,1.0,0.0,0.0,-0.0,0.5030148154057824,-0.5030148154057824,1.0,False,1.0,-0.5657980364905775,1.0,chem
CPC001 HA1E 6H-syrosingopine-10.0,syrosingopine,HA1E,6H,10.0,90,70,0,0,1.0,1.0,0.0,0.0,-0.0,0.514862283016828,-0.514862283016828,1.0,False,1.0,-0.5657980364905775,1.0,chem
CPC001 HA1E 6H-ag 556-10.0,ag 556,HA1E,6H,10.0,64,25,0,1,1.0,0.163947870305798,0.0,5.969187675070028,0.7852942204734046,1.1716031253273353,-0.38630890485393077,0.4603995186109855,True,1.0,1.0375298166249614,0.1449516827724092,chem
CPC001 HA1E 6H-ikk 16-10.0,ikk 16,HA1E,6H,10.0,147,129,1,1,0.4080462423202528,0.3389815071564469,1.975,2.5423045930701047,0.8591146108995606,-0.0,0.8591146108995606,0.41194286731174,True,1.0,1.1882482161908832,0.12095968010663112,chem
CPC001 HA1E 6H-z-leu3-vs-10.0,z-leu3-vs,HA1E,6H,10.0,75,79,0,0,1.0,1.0,0.0,0.0,-0.0,-0.0,0.0,1.0,False,1.0,-0.5657980364905775,1.0,chem
CPC001 HA1E 6H-fit-10.0,fit,HA1E,6H,10.0,61,33,1,0,0.12464601989828769,1.0,8.02,0.0,0.9043215844992204,0.6604243160213854,0.243897268477835,0.3841936101001166,True,1.0,1.2805468706795138,0.10863045651449517,chem
CPC001 HA1E 6H-digoxin-10.0,digoxin,HA1E,6H,10.0,121,95,0,0,1.0,1.0,0.0,0.0,-0.0,-0.0,0.0,1.0,False,1.0,-0.5657980364905775,1.0,chem
CPC001 HA1E 6H-sb 269970 hydrochloride-10.0,sb 269970 hydrochloride,HA1E,6H,10.0,66,50,1,0,0.1828841639308616,1.0,5.223673469387755,0.0,0.7378238987619528,-0.0,0.7378238987619528,0.49358649259491405,True,1.0,0.940610105500074,0.1639453515494835,chem
CPC001 HA1E 6H-levcromakalim-10.0,levcromakalim,HA1E,6H,10.0,56,22,0,0,1.0,1.0,0.0,0.0,-0.0,-0.0,0.0,1.0,False,1.0,-0.5657980364905775,1.0,chem
CPC001 HA1E 6H-resveratrol-10.0,resveratrol,HA1E,6H,10.0,39,54,1,0,0.19603564821290864,1.0,4.826415094339622,0.0,0.7076649469372981,-0.0,0.7076649469372981,0.5154676520054673,True,1.0,0.8790348560959862,0.17560813062312564,chem
CPC001 HA1E 6H-wr 216174-10.0,wr 216174,HA1E,6H,10.0,167,77,1,0,0.2677962916415009,1.0,3.353684210526316,0.0,0.5721954412552421,-0.0,0.5721954412552421,0.6206255898421207,True,1.0,0.6024480354558234,0.23125624791736088,chem
CPC001 HA1E 6H-pdgf receptor tyrosine kinase inhibitor i-10.0,pdgf receptor tyrosine kinase inhibitor i,HA1E,6H,10.0,100,62,1,0,0.22173067173433159,1.0,4.188196721311475,0.0,0.654174227302204,0.7979650974991642,-0.14379087019696024,0.5557217696993249,True,1.0,0.7698233549309331,0.2015994668443852,chem
CPC001 HA1E 6H-h 89 dihydrochloride-10.0,h 89 dihydrochloride,HA1E,6H,10.0,51,50,1,0,0.1828841639308616,1.0,5.223673469387755,0.0,0.7378238987619528,-0.0,0.7378238987619528,0.49358649259491405,True,1.0,0.940610105500074,0.1639453515494835,chem
CPC001 HA1E 6H-arachidonamide-10.0,arachidonamide,HA1E,6H,10.0,75,40,0,2,1.0,0.017971701945674583,0.0,10.929794520547945,1.7454107926397855,0.9759533711534798,0.7694574214863057,0.09019919698687047,True,1.0,2.9977908274142386,0.020659780073308896,chem
CPC001 HA1E 6H-syk inhibitor-10.0,syk inhibitor,HA1E,6H,10.0,31,51,0,0,1.0,1.0,0.0,0.0,-0.0,0.9298228660944556,-0.9298228660944556,1.0,False,1.0,-0.5657980364905775,1.0,chem
CPC001 HA1E 6H-ag 494-10.0,ag 494,HA1E,6H,10.0,69,28,0,2,1.0,0.015343475166074816,0.0,11.919776119402986,1.8140762652552593,0.6133860774839782,1.200690187771281,0.07943416773791936,True,1.0,3.1379844795786,0.016994335221592802,chem
CPC001 HA1E 6H-bapta-am-10.0,bapta-am,HA1E,6H,10.0,83,106,1,0,0.3495326855479937,1.0,2.4163809523809525,0.0,0.45651220621471916,1.1338768054433466,-0.6773645992286275,0.7169468344093577,True,1.0,0.3662586582219392,0.2725758080639787,chem
CPC001 HA1E 6H-oxindole i-10.0,oxindole i,HA1E,6H,10.0,60,34,0,1,1.0,0.15449437092896082,0.0,6.377866400797608,0.8110873396632657,-0.0,0.8110873396632657,0.4430276899814367,True,1.0,1.0901913864387607,0.13662112629123627,chem
CPC001 HA1E 6H-jak3 inhibitor ii-10.0,jak3 inhibitor ii,HA1E,6H,10.0,56,55,0,0,1.0,1.0,0.0,0.0,-0.0,0.6935002841365968,-0.6935002841365968,1.0,False,1.0,-0.5657980364905775,1.0,chem
CPC001 HA1E 6H-ag-879-10.0,ag-879,HA1E,6H,10.0,72,33,0,0,1.0,1.0,0.0,0.0,-0.0,1.05555209794588,-1.05555209794588,1.0,False,1.0,-0.5657980364905775,1.0,chem
CPC001 HA1E 6H-sb 225002-10.0,sb 225002,HA1E,6H,10.0,69,51,0,0,1.0,1.0,0.0,0.0,-0.0,-0.0,0.0,1.0,False,1.0,-0.5657980364905775,1.0,chem
CPC001 HA1E 6H-lylamine hydrochloride-10.0,lylamine hydrochloride,HA1E,6H,10.0,65,29,0,0,1.0,1.0,0.0,0.0,-0.0,-0.0,0.0,1.0,False,1.0,-0.5657980364905775,1.0,chem
CPC001 HA1E 6H-fluticasone propionate-10.0,fluticasone propionate,HA1E,6H,10.0,43,32,0,0,1.0,1.0,0.0,0.0,-0.0,-0.0,0.0,1.0,False,1.0,-0.5657980364905775,1.0,chem
CPC001 HA1E 6H-zd 2079 hydrochloride-10.0,zd 2079 hydrochloride,HA1E,6H,10.0,104,42,0,1,1.0,0.25314998249379406,0.0,3.6282124500285553,0.5966220983101204,0.46320220766619413,0.13341989064392623,0.6009206312957833,True,1.0,0.6523197123299738,0.22259246917694103,chem
CPC001 HA1E 6H-lawsone-10.0,lawsone,HA1E,6H,10.0,72,29,0,0,1.0,1.0,0.0,0.0,-0.0,-0.0,0.0,1.0,False,1.0,-0.5657980364905775,1.0,chem
CPC001 HA1E 6H-gsk-3b inhibitor viii-10.0,gsk-3b inhibitor viii,HA1E,6H,10.0,60,48,1,0,0.17623109129409104,1.0,5.447659574468085,0.0,0.753917469441078,-0.0,0.753917469441078,0.4821610625960958,True,1.0,0.9734681979872054,0.1586137954015328,chem
CPC001 HA1E 6H-tyrphostin ag 1478-10.0,tyrphostin ag 1478,HA1E,6H,10.0,95,61,0,2,1.0,0.02798563134414377,0.0,8.55241935483871,1.5530648911447804,1.2998350607704023,0.2532298303743781,0.12806404198071503,True,1.0,2.6050800022745246,0.03265578140619793,chem
CPC001 HA1E 6H-arp 101-10.0,arp 101,HA1E,6H,10.0,116,59,0,0,1.0,1.0,0.0,0.0,-0.0,-0.0,0.0,1.0,False,1.0,-0.5657980364905775,1.0,chem
CPC001 HA1E 6H-imd 0354-10.0,imd 0354,HA1E,6H,10.0,151,59,0,0,1.0,1.0,0.0,0.0,-0.0,-0.0,0.0,1.0,False,1.0,-0.5657980364905775,1.0,chem
CPC001 HA1E 6H-homoharringtonine-10.0,homoharringtonine,HA1E,6H,10.0,152,167,1,1,0.49379700457940195,0.34833392152437254,1.513734939759036,2.456174522789248,0.7644557797979274,-0.0,0.7644557797979274,0.4747758542829629,True,1.0,0.9949841675173606,0.15361546151282907,chem
CPC001 HA1E 6H-rs 17053 hydrochloride-10.0,rs 17053 hydrochloride,HA1E,6H,10.0,96,42,0,0,1.0,1.0,0.0,0.0,-0.0,0.49161524607514395,-0.49161524607514395,1.0,False,1.0,-0.5657980364905775,1.0,chem
CPC001 HA1E 6H-pyrrolidinedithiocarbamate ammonium-10.0,pyrrolidinedithiocarbamate ammonium,HA1E,6H,10.0,72,19,0,0,1.0,1.0,0.0,0.0,-0.0,-0.0,0.0,1.0,False,1.0,-0.5657980364905775,1.0,chem
CPC001 HA1E 6H-BRD-K81209512 (ag 494)-10.0,brd-k81209512 (ag 494),HA1E,6H,10.0,55,24,0,0,1.0,1.0,0.0,0.0,-0.0,-0.0,0.0,1.0,False,1.0,-0.5657980364905775,1.0,chem
CPC001 HA1E 6H-sch 58261-10.0,sch 58261,HA1E,6H,10.0,75,56,0,2,1.0,0.017971701945674583,0.0,10.929794520547945,1.7454107926397855,-0.0,1.7454107926397855,0.09019919698687047,True,1.0,2.9977908274142386,0.020659780073308896,chem
CPC001 HA1E 6H-vorinostat-10.0,vorinostat,HA1E,6H,10.0,207,149,2,2,0.11951912993982919,0.11140721362200125,3.5719954648526078,3.8115853658536585,1.8756492647039043,-0.0,1.8756492647039043,0.07082194142043649,True,1.0,3.2636974957222393,0.014661779406864379,chem
CPC001 HA1E 6H-halcinonide-10.0,halcinonide,HA1E,6H,10.0,56,38,0,0,1.0,1.0,0.0,0.0,-0.0,0.6935002841365968,-0.6935002841365968,1.0,False,1.0,-0.5657980364905775,1.0,chem
CPC001 HA1E 6H-pd 407824-10.0,pd 407824,HA1E,6H,10.0,99,71,0,0,1.0,1.0,0.0,0.0,-0.0,-0.0,0.0,1.0,False,1.0,-0.5657980364905775,1.0,chem
CPC001 HA1E 6H-strophanthidin-10.0,strophanthidin,HA1E,6H,10.0,83,64,2,2,0.02684623728386491,0.021752019540047716,8.583333333333334,9.837962962962964,3.233616990854174,-0.0,3.233616990854174,0.004931937257570554,True,1.0,6.0362474804351836,0.0006664445184938354,chem
CPC001 HA1E 6H-caffeic acid phenethyl ester-10.0,caffeic acid phenethyl ester,HA1E,6H,10.0,80,36,0,1,1.0,0.20077287697796306,0.0,4.748324646314222,0.6972949577343067,-0.0,0.6972949577343067,0.5231299885696582,True,1.0,0.8578625462887901,0.17794068643785405,chem
CPC001 HA1E 6H-mdm2 inhibitor-10.0,mdm2 inhibitor,HA1E,6H,10.0,93,28,0,0,1.0,1.0,0.0,0.0,-0.0,-0.0,0.0,1.0,False,1.0,-0.5657980364905775,1.0,chem
CPC001 HA1E 6H-nnc 05-2090 hydrochloride-10.0,nnc 05-2090 hydrochloride,HA1E,6H,10.0,71,63,0,0,1.0,1.0,0.0,0.0,-0.0,-0.0,0.0,1.0,False,1.0,-0.5657980364905775,1.0,chem
CPC001 HA1E 6H-olvanil-10.0,olvanil,HA1E,6H,10.0,77,22,0,0,1.0,1.0,0.0,0.0,-0.0,-0.0,0.0,1.0,False,1.0,-0.5657980364905775,1.0,chem
CPC001 HA1E 6H-ag 592-10.0,ag 592,HA1E,6H,10.0,116,50,1,0,0.1828841639308616,1.0,5.223673469387755,0.0,0.7378238987619528,-0.0,0.7378238987619528,0.49358649259491405,True,1.0,0.940610105500074,0.1639453515494835,chem
CPC001 HA1E 6H-tws119-10.0,tws119,HA1E,6H,10.0,69,111,1,1,0.3627078103854775,0.1756243931010335,2.3047272727272725,5.525951557093426,1.1958582559427222,-0.0,1.1958582559427222,0.23910338829263741,True,1.0,1.8757745615800994,0.062312562479173605,chem
CPC001 HA1E 6H-mevastatin-10.0,mevastatin,HA1E,6H,10.0,41,31,0,0,1.0,1.0,0.0,0.0,-0.0,-0.0,0.0,1.0,False,1.0,-0.5657980364905775,1.0,chem
CPC001 HA1E 6H-y 134-10.0,y 134,HA1E,6H,10.0,63,41,1,0,0.1525327083921917,1.0,6.408,0.0,0.816637018277212,-0.0,0.816637018277212,0.4393515867377291,True,1.0,1.1015221132741315,0.13628790403198934,chem
CPC001 HA1E 6H-ftt-10.0,ftt,HA1E,6H,10.0,80,21,1,0,0.08115536507504469,1.0,12.856,0.0,1.0906827642484969,-0.0,1.0906827642484969,0.28496812715698183,True,1.0,1.6610387454972857,0.0753082305898034,chem
CPC001 HA1E 6H-pi 828-10.0,pi 828,HA1E,6H,10.0,85,65,0,0,1.0,1.0,0.0,0.0,-0.0,-0.0,0.0,1.0,False,1.0,-0.5657980364905775,1.0,chem
CPC001 HCC515 24H-hemado-10.0,hemado,HCC515,24H,10.0,81,41,1,2,0.1525327083921917,0.020778029128145664,6.408,10.090189873417721,2.499032667518231,-0.0,2.499032667518231,0.021406394413407963,True,1.0,4.536453549242696,0.003332222592469177,chem
CPC001 HCC515 24H-n-benzylnaltrindole hydrochloride-10.0,n-benzylnaltrindole hydrochloride,HCC515,24H,10.0,139,93,1,1,0.3140401561230074,0.3237535128007305,2.763478260869565,2.6930946291560103,0.992800326095017,-0.0,0.992800326095017,0.33409362498193873,True,1.0,1.4611930885055335,0.08797067644118627,chem
CPC001 HCC515 24H-skf 81297 hydrobromide-10.0,skf 81297 hydrobromide,HCC515,24H,10.0,115,62,0,1,1.0,0.27605697904530124,0.0,3.2724458204334366,0.5590012689094621,0.4282180726280322,0.13078319628142993,0.6313831644054306,True,1.0,0.5755096173836222,0.23625458180606465,chem
CPC001 HCC515 24H-brefeldin a-10.0,brefeldin a,HCC515,24H,10.0,86,237,1,0,0.6215150650465469,1.0,1.0528813559322034,0.0,0.20654833993096125,1.5797409851643203,-1.373192645233359,0.9171046022768298,True,1.0,-0.14409022584802847,0.3128957014328557,chem
CPC001 HCC515 24H-trichostatin a-10.0,trichostatin a,HCC515,24H,10.0,139,218,1,2,0.5903024076668535,0.05595219735714508,1.1485714285714286,5.765510948905109,1.481108298586782,0.7012733339740689,0.7798349646127132,0.1456691223536647,True,1.0,2.458166901355514,0.036654448517160945,chem
CPC001 HCC515 24H-vinpocetine-10.0,vinpocetine,HCC515,24H,10.0,173,95,0,2,1.0,0.08213444727878974,0.0,4.594298245614035,1.0854746610842039,0.29568285528897575,0.7897918057952281,0.2874211019297318,True,1.0,1.650405410057511,0.0753082305898034,chem
CPC001 HCC515 24H-geldanamycin-10.0,geldanamycin,HCC515,24H,10.0,94,183,1,2,0.526210045668021,0.027441280515353925,1.3771428571428572,8.646739130434783,1.840436491873752,0.3940622579754241,1.4463742338983279,0.07563263618230726,True,1.0,3.1918039073166367,0.01599466844385205,chem
CPC001 HCC515 24H-vinblastine sulfate-10.0,vinblastine sulfate,HCC515,24H,10.0,80,67,0,0,1.0,1.0,0.0,0.0,-0.0,1.838391781734839,-1.838391781734839,1.0,False,1.0,-0.5657980364905775,1.0,chem
CPC001 HCC515 24H-taxol-10.0,taxol,HCC515,24H,10.0,75,80,1,0,0.27668935646458487,1.0,3.2248101265822786,0.0,0.5580075467412458,0.6972949577343067,-0.13928741099306097,0.6321964039720682,True,1.0,0.573480744142203,0.23658780406531157,chem
CPC001 HCC515 24H-rutin-10.0,rutin,HCC515,24H,10.0,82,47,0,0,1.0,1.0,0.0,0.0,-0.0,-0.0,0.0,1.0,False,1.0,-0.5657980364905775,1.0,chem
CPC001 HCC515 24H-cyclosporine-10.0,cyclosporine,HCC515,24H,10.0,154,210,1,2,0.5764325888328774,0.067072980387994,1.194066985645933,5.184210526315789,1.4127038695169072,1.2743662850194395,0.1383375844974677,0.164428966459471,True,1.0,2.3185062193526838,0.04231922692435855,chem
CPC001 HCC515 24H-estradiol valerate-10.0,estradiol valerate,HCC515,24H,10.0,162,116,0,1,1.0,0.3666651164940382,0.0,2.299963463646328,0.43573040565100557,0.863180580258985,-0.42745017460797946,0.7345425512886437,True,1.0,0.32382865069990796,0.2809063645451516,chem
CPC001 HCC515 24H-lfm-a12-10.0,lfm-a12,HCC515,24H,10.0,95,34,0,1,1.0,0.23390046910449,0.0,3.981226533166458,0.6309689071806411,-0.0,0.6309689071806411,0.5737250110446219,True,1.0,0.7224452702317549,0.20993002332555816,chem
CPC001 HCC515 24H-cucurbitacin i-10.0,cucurbitacin i,HCC515,24H,10.0,129,204,2,0,0.19690543889341558,1.0,2.5767326732673266,0.0,0.7057422876771423,0.3580597434973636,0.34768254417977873,0.5168830133072396,True,1.0,0.8751093806964603,0.17594135288237253,chem
CPC001 HCC515 24H-kf 38789-10.0,kf 38789,HCC515,24H,10.0,63,49,0,1,1.0,0.16159389903495552,0.0,6.066413662239089,0.7915750400061757,-0.0,0.7915750400061757,0.45612607115185677,True,1.0,1.050353307024793,0.14261912695768078,chem
CPC001 HCC515 24H-fluticasone propionate-10.0,fluticasone propionate,HCC515,24H,10.0,73,104,0,1,1.0,0.18485454019757608,0.0,5.215686274509804,0.733169878287848,-0.0,0.733169878287848,0.49692339298075516,True,1.0,0.9311080354980766,0.16527824058647117,chem
CPC001 HCC515 24H-rimcazole dihydrochloride-10.0,rimcazole dihydrochloride,HCC515,24H,10.0,82,77,0,0,1.0,1.0,0.0,0.0,-0.0,0.7122273233667098,-0.7122273233667098,1.0,False,1.0,-0.5657980364905775,1.0,chem
CPC001 HCC515 24H-pd 123319 ditrifluoroacetate-10.0,pd 123319 ditrifluoroacetate,HCC515,24H,10.0,62,61,0,0,1.0,1.0,0.0,0.0,-0.0,-0.0,0.0,1.0,False,1.0,-0.5657980364905775,1.0,chem
CPC001 HCC515 24H-clobetasol propionate-10.0,clobetasol propionate,HCC515,24H,10.0,54,128,0,0,1.0,1.0,0.0,0.0,-0.0,-0.0,0.0,1.0,False,1.0,-0.5657980364905775,1.0,chem
CPC001 HCC515 24H-nemonapride-10.0,nemonapride,HCC515,24H,10.0,73,45,0,1,1.0,0.18485454019757608,0.0,5.215686274509804,0.733169878287848,-0.0,0.733169878287848,0.49692339298075516,True,1.0,0.9311080354980766,0.16527824058647117,chem
CPC001 HCC515 24H-bw-b 70c-10.0,bw-b 70c,HCC515,24H,10.0,79,55,0,0,1.0,1.0,0.0,0.0,-0.0,-0.0,0.0,1.0,False,1.0,-0.5657980364905775,1.0,chem
CPC001 HCC515 24H-wortmannin-10.0,wortmannin,HCC515,24H,10.0,77,97,1,1,0.3251546456094481,0.19398702228253967,2.6466666666666665,4.938080495356037,1.2001373600462109,0.5721954412552421,0.6279419187909687,0.23738055629914623,True,1.0,1.8845111683405162,0.06164611796067977,chem
CPC001 HCC515 24H-pd 166793-10.0,pd 166793,HCC515,24H,10.0,92,62,0,1,1.0,0.22738050782237604,0.0,4.1144149967679375,0.6432467679157314,-0.0,0.6432467679157314,0.5641606946274296,True,1.0,0.7475128634726382,0.2052649116961013,chem
CPC001 HCC515 24H-kn-62-10.0,kn-62,HCC515,24H,10.0,154,65,0,1,1.0,0.35203977910584294,0.0,2.423298731257209,0.45340826018642966,0.8990000647010059,-0.44559180451457625,0.7195732164667935,True,1.0,0.359921360694493,0.2729090303232256,chem
CPC001 HCC515 24H-u 18666a-10.0,u 18666a,HCC515,24H,10.0,93,32,0,1,1.0,0.2295596289222189,0.0,4.069053708439898,0.6391044859514033,-0.0,0.6391044859514033,0.5673778484735623,True,1.0,0.7390556051919627,0.20759746751082972,chem
CPC001 HCC515 24H-cgs 21680 hydrochloride-10.0,cgs 21680 hydrochloride,HCC515,24H,10.0,117,69,0,1,1.0,0.28014993494668355,0.0,3.2150101419878294,0.5526094740434577,0.42230211653195693,0.1303073575115008,0.636621211131776,True,1.0,0.5624595496855717,0.23992002665778073,chem
CPC001 HCC515 24H-clofarabine-10.0,clofarabine,HCC515,24H,10.0,160,185,0,0,1.0,1.0,0.0,0.0,-0.0,0.3197050344301991,-0.3197050344301991,1.0,False,1.0,-0.5657980364905775,1.0,chem
CPC001 HCC515 24H-sarmentogenin-10.0,sarmentogenin,HCC515,24H,10.0,218,211,1,2,0.5781906911142227,0.12141974499357598,1.1881904761904762,3.611111111111111,1.153639588331788,-0.0,1.153639588331788,0.25668977380225827,True,1.0,1.7895771034334809,0.06731089636787738,chem
CPC001 HCC515 24H-ntncb hydrochloride-10.0,ntncb hydrochloride,HCC515,24H,10.0,100,136,1,0,0.4248263708959662,1.0,1.8705185185185185,0.0,0.37178853246535365,1.2690843201019444,-0.8972957876365908,0.7885094927625227,True,1.0,0.19327912723959956,0.2972342552482506,chem
CPC001 HCC515 24H-dibutyrylcyclic amp-10.0,dibutyrylcyclic amp,HCC515,24H,10.0,92,68,0,1,1.0,0.22738050782237604,0.0,4.1144149967679375,0.6432467679157314,1.2834404817342107,-0.6401937138184792,0.5641606946274296,True,1.0,0.7475128634726382,0.2052649116961013,chem
CPC001 HCC515 24H-esculin hydrate-10.0,esculin hydrate,HCC515,24H,10.0,43,36,0,1,1.0,0.1131791192962548,0.0,8.983193277310924,0.946233689851697,2.361535556826984,-1.415301866975287,0.3597719270071249,True,1.0,1.3661184235349881,0.09763412195934688,chem
CPC001 HCC515 24H-gr 32191 hydrochloride-10.0,gr 32191 hydrochloride,HCC515,24H,10.0,177,111,0,1,1.0,0.3932511776498984,0.0,2.0989304812834226,0.40532996814247163,0.8015704442847739,-0.39624047614230223,0.7602751532028084,True,1.0,0.26176036223733984,0.2902365878040653,chem
CPC001 HCC515 24H-o-2050-10.0,o-2050,HCC515,24H,10.0,73,42,0,1,1.0,0.18485454019757608,0.0,5.215686274509804,0.733169878287848,-0.0,0.733169878287848,0.49692339298075516,True,1.0,0.9311080354980766,0.16527824058647117,chem
CPC001 HCC515 24H-rottlerin ncgc00025228-11-10.0,rottlerin ncgc00025228-11,HCC515,24H,10.0,94,279,3,0,0.09931671086633992,1.0,2.9168241965973536,0.0,1.0029776716814285,0.7434916976493042,0.25948597403212426,0.3286828381706468,True,1.0,1.4819720796454903,0.08630456514495169,chem
CPC001 HCC515 24H-jak3 inhibitor vi-10.0,jak3 inhibitor vi,HCC515,24H,10.0,133,230,1,1,0.6102914390907122,0.31211573279010074,1.0862882096069868,2.8181818181818183,0.7201470614387697,-0.0,0.7201470614387697,0.506338060815595,True,1.0,0.904519472338192,0.1696101299566811,chem
CPC001 HCC515 24H-sericetin-10.0,sericetin,HCC515,24H,10.0,81,47,0,0,1.0,1.0,0.0,0.0,-0.0,-0.0,0.0,1.0,False,1.0,-0.5657980364905775,1.0,chem
CPC001 HCC515 24H-isoeugenitol-10.0,isoeugenitol,HCC515,24H,10.0,172,102,0,1,1.0,0.3845085429613676,0.0,2.1620227038183693,0.4150940066563998,0.8213600798807691,-0.4062660732243693,0.7520176832847401,True,1.0,0.2816955081993673,0.28723758747084305,chem
CPC001 HCC515 24H-selinidin-10.0,selinidin,HCC515,24H,10.0,129,56,1,1,0.20253482817430737,0.3042524056415525,4.649454545454545,2.9080882352941178,1.2102662633718109,0.38929061718825575,0.8209756461835551,0.23334545430504033,True,1.0,1.905191255370393,0.06064645118293902,chem
CPC001 HCC515 24H-angiogenesis inhibitor-10.0,angiogenesis inhibitor,HCC515,24H,10.0,98,68,0,0,1.0,1.0,0.0,0.0,-0.0,0.484250513560811,-0.484250513560811,1.0,False,1.0,-0.5657980364905775,1.0,chem
CPC001 HCC515 24H-mibefradil dihydrochloride-10.0,mibefradil dihydrochloride,HCC515,24H,10.0,113,117,0,0,1.0,1.0,0.0,0.0,-0.0,-0.0,0.0,1.0,False,1.0,-0.5657980364905775,1.0,chem
CPC001 HCC515 24H-ic 261-10.0,ic 261,HCC515,24H,10.0,61,51,0,1,1.0,0.15686716502364104,0.0,6.270588235294118,0.8044679521516095,-0.0,0.8044679521516095,0.447440985932813,True,1.0,1.0766766449682252,0.13828723758747083,chem
CPC001 HCC515 24H-cdc-10.0,cdc,HCC515,24H,10.0,139,63,0,0,1.0,1.0,0.0,0.0,-0.0,0.3646399417223874,-0.3646399417223874,1.0,False,1.0,-0.5657980364905775,1.0,chem
CPC001 HCC515 24H-zd 7155 hydrochloride-10.0,zd 7155 hydrochloride,HCC515,24H,10.0,104,91,0,1,1.0,0.25314998249379406,0.0,3.6282124500285553,0.5966220983101204,0.46320220766619413,0.13341989064392623,0.6009206312957833,True,1.0,0.6523197123299738,0.22259246917694103,chem
CPC001 HCC515 24H-bu 239 hydrochloride-10.0,bu 239 hydrochloride,HCC515,24H,10.0,62,99,1,0,0.33064675184409836,1.0,2.5918367346938775,0.0,0.4806357392933227,-0.0,0.4806357392933227,0.6965750623330327,True,1.0,0.4155114497134678,0.26391202932355884,chem
CPC001 HCC515 24H-gr 127935 hydrochloride-10.0,gr 127935 hydrochloride,HCC515,24H,10.0,145,76,1,1,0.2648086431139869,0.3352051654142246,3.3989333333333334,2.5784313725490198,1.0517571416613154,1.0682768360445278,-0.016519694383212435,0.3037333243936248,True,1.0,1.5815646665256258,0.08063978673775409,chem
CPC001 HCC515 24H-mek1/2 inhibitor-10.0,mek1/2 inhibitor,HCC515,24H,10.0,100,48,0,1,1.0,0.24465173483416827,0.0,3.7771836007130126,0.6114517002954797,-0.0,0.6114517002954797,0.5891017001872074,True,1.0,0.682597171776206,0.21826057980673108,chem
CPC001 HCC515 24H-zaprinast-10.0,zaprinast,HCC515,24H,10.0,108,54,0,0,1.0,1.0,0.0,0.0,-0.0,-0.0,0.0,1.0,False,1.0,-0.5657980364905775,1.0,chem
CPC001 HCC515 24H-dichlorobenzamil-10.0,dichlorobenzamil,HCC515,24H,10.0,168,104,0,0,1.0,1.0,0.0,0.0,-0.0,0.30462009897596326,-0.30462009897596326,1.0,False,1.0,-0.5657980364905775,1.0,chem
CPC001 HCC515 24H-cosmosiin-10.0,cosmosiin,HCC515,24H,10.0,136,90,0,1,1.0,0.3179580655546405,0.0,2.754248366013072,0.49763015391217813,0.37178853246535365,0.12584162144682448,0.6822857917697349,True,1.0,0.450208786833024,0.25891369543485504,chem
"CPC001 HCC515 24H-ly-165,163-10.0","ly-165,163",HCC515,24H,10.0,81,64,0,1,1.0,0.20302281257608581,0.0,4.688235294117647,0.6924551600214074,0.7852942204734046,-0.09283906045199719,0.5267298823833596,True,1.0,0.8479811766387518,0.18227257580806397,chem
CPC001 HCC515 24H-ikk 16-10.0,ikk 16,HCC515,24H,10.0,156,141,1,0,0.4365311412085279,1.0,1.8022857142857143,0.0,0.35998476920329353,0.8123043695931349,-0.45231960038984137,0.7983698673865166,True,1.0,0.1691794943679428,0.2999000333222259,chem
CPC001 HCC515 24H-jnj 10191584 maleate-10.0,jnj 10191584 maleate,HCC515,24H,10.0,151,61,0,1,1.0,0.3464734949720234,0.0,2.4729411764705884,0.46032998306566286,0.33794387185647307,0.1223861112091898,0.7137177145490585,True,1.0,0.37405337745265976,0.27057647450849714,chem
CPC001 HCC515 24H-z-leu3-vs-10.0,z-leu3-vs,HCC515,24H,10.0,131,266,2,0,0.2898394267644435,1.0,1.952020202020202,0.0,0.5378425379070181,1.4506318298108813,-0.9127892919038633,0.6487847492869407,True,1.0,0.53231003451601,0.24391869376874376,chem
CPC001 HCC515 24H-fit-10.0,fit,HCC515,24H,10.0,131,46,2,3,0.014403823228786153,0.005289640078284551,12.128787878787879,9.8875,4.118096094711048,0.38416774042990404,3.733928354281144,0.0007986548064651811,True,1.0,7.842080180766925,0.0003332222592469177,chem
CPC001 HCC515 24H-am 404-10.0,am 404,HCC515,24H,10.0,129,68,0,1,1.0,0.3042524056415525,0.0,2.9080882352941178,0.5167659792352142,1.0273407392974419,-0.5105747600622277,0.666281625186304,True,1.0,0.48927822212605554,0.2535821392869044,chem
CPC001 HCC515 24H-pdgf receptor tyrosine kinase inhibitor i-10.0,pdgf receptor tyrosine kinase inhibitor i,HCC515,24H,10.0,94,100,0,1,1.0,0.2317329444964863,0.0,4.024667931688804,0.635012220003903,3.10725049178487,-2.4722382717809666,0.5705658278614113,True,1.0,0.7307004641442822,0.2092635788070643,chem
CPC001 HCC515 24H-isoflupredone acetate-10.0,isoflupredone acetate,HCC515,24H,10.0,177,103,0,2,1.0,0.0854324279671881,0.0,4.486428571428571,1.068377250926418,0.8015704442847739,0.26680680664164413,0.2955987237293498,True,1.0,1.6154977879110075,0.07830723092302566,chem
CPC001 HCC515 24H-arachidonamide-10.0,arachidonamide,HCC515,24H,10.0,76,49,0,1,1.0,0.19171300447706718,0.0,5.004705882352941,0.7173484266051238,-0.0,0.7173484266051238,0.5083760703273993,True,1.0,0.8988055258166209,0.17194268577140953,chem
CPC001 HCC515 24H-bd 1063 dihydrochloride-10.0,bd 1063 dihydrochloride,HCC515,24H,10.0,144,131,0,2,1.0,0.059578627345772524,0.0,5.558098591549296,1.2249095068783402,0.3531615061307682,0.871748000747572,0.22761766556421356,True,1.0,1.935088228456249,0.060313228923692105,chem
CPC001 HCC515 24H-syk inhibitor-10.0,syk inhibitor,HCC515,24H,10.0,175,115,0,1,1.0,0.38976829271195124,0.0,2.123732251521298,0.4091934932335874,-0.0,0.4091934932335874,0.757009084138872,True,1.0,0.2696484852214392,0.28957014328557146,chem
CPC001 HCC515 24H-bapta-am-10.0,bapta-am,HCC515,24H,10.0,161,88,0,1,1.0,0.3648541509812331,0.0,2.3147058823529414,0.437880708372561,0.8675378613296928,-0.4296571529571318,0.7327211185378739,True,1.0,0.3282189036219549,0.27924025324891705,chem
CPC001 HCC515 24H-valyltryptophan-10.0,valyltryptophan,HCC515,24H,10.0,55,80,0,0,1.0,1.0,0.0,0.0,-0.0,0.6972949577343067,-0.6972949577343067,1.0,False,1.0,-0.5657980364905775,1.0,chem
CPC001 HCC515 24H-obaa-10.0,obaa,HCC515,24H,10.0,108,40,0,1,1.0,0.2615578735834134,0.0,3.490379329301814,0.5824322020278224,0.44997494127189797,0.13245726075592446,0.6123330609661516,True,1.0,0.6233483340247651,0.22825724758413862,chem
CPC001 HCC515 24H-aloisine-10.0,aloisine,HCC515,24H,10.0,47,60,0,1,1.0,0.12306845276264378,0.0,8.19693094629156,0.9098532593918051,-0.0,0.9098532593918051,0.38089865217867586,True,1.0,1.2918408394856438,0.1072975674775075,chem
CPC001 HCC515 24H-oxindole i-10.0,oxindole i,HCC515,24H,10.0,87,49,0,1,1.0,0.21639730745761476,0.0,4.357045143638851,0.6647481472788466,0.5271883160897466,0.13755983118909998,0.5476235035128203,True,1.0,0.7914120282882204,0.19726757747417528,chem
CPC001 HCC515 24H-jak3 inhibitor ii-10.0,jak3 inhibitor ii,HCC515,24H,10.0,106,127,2,1,0.09143793035464046,0.25736516586232616,4.215333333333334,3.5579831932773107,1.628323847320524,2.770782654211606,-1.142458806891082,0.111766258869396,True,1.0,2.758735508054549,0.024991669443518827,chem
CPC001 HCC515 24H-mmpx-10.0,mmpx,HCC515,24H,10.0,91,33,0,1,1.0,0.22519556660333467,0.0,4.1607843137254905,0.6474401636371224,-0.0,0.6474401636371224,0.5609139801854295,True,1.0,0.7560744802322632,0.20426524491836054,chem
CPC001 HCC515 24H-ag-879-10.0,ag-879,HCC515,24H,10.0,96,239,2,0,0.24908683383585306,1.0,2.1838959212376934,0.0,0.6036492276764771,0.7993301556752772,-0.1956809279988001,0.5953060033966762,True,1.0,0.6666669365254273,0.2202599133622126,chem
CPC001 HCC515 24H-sb 225002-10.0,sb 225002,HCC515,24H,10.0,73,66,0,1,1.0,0.18485454019757608,0.0,5.215686274509804,0.733169878287848,0.5921415650633886,0.1410283132244594,0.49692339298075516,True,1.0,0.9311080354980766,0.16527824058647117,chem
CPC001 HCC515 24H-t 98475-10.0,t 98475,HCC515,24H,10.0,106,81,0,1,1.0,0.25736516586232616,0.0,3.5579831932773107,0.5894502348112994,-0.0,0.5894502348112994,0.6066764368344322,True,1.0,0.6376769858121721,0.22592469176941019,chem
CPC001 HCC515 24H-BRD-K62310379 (fluticasone propionate)-10.0,brd-k62310379 (fluticasone propionate),HCC515,24H,10.0,95,134,0,0,1.0,1.0,0.0,0.0,-0.0,-0.0,0.0,1.0,False,1.0,-0.5657980364905775,1.0,chem
CPC001 HCC515 24H-jte 907-10.0,jte 907,HCC515,24H,10.0,82,102,0,0,1.0,1.0,0.0,0.0,-0.0,1.495962139145741,-1.495962139145741,1.0,False,1.0,-0.5657980364905775,1.0,chem
CPC001 HCC515 24H-zd 2079 hydrochloride-10.0,zd 2079 hydrochloride,HCC515,24H,10.0,145,71,0,2,1.0,0.06031376518151339,0.0,5.518356643356643,1.2195835591676862,0.35092840943940395,0.8686551497282823,0.2296865743512617,True,1.0,1.9242142909101652,0.06064645118293902,chem
CPC001 HCC515 24H-diphenyleneiodonium chloride-10.0,diphenyleneiodonium chloride,HCC515,24H,10.0,76,41,0,0,1.0,1.0,0.0,0.0,-0.0,-0.0,0.0,1.0,False,1.0,-0.5657980364905775,1.0,chem
CPC001 HCC515 24H-lawsone-10.0,lawsone,HCC515,24H,10.0,152,103,0,2,1.0,0.0655490855673042,0.0,5.255,1.1834333624917295,1.6533428515498192,-0.4699094890580897,0.24416746082553245,True,1.0,1.8504067730205958,0.06297900699766744,chem
"CPC001 HCC515 24H-ici-162,846-10.0","ici-162,846",HCC515,24H,10.0,208,132,0,2,1.0,0.11230749531729364,0.0,3.7924757281553396,0.9495912582860545,0.6929383459307407,0.25665291235531384,0.3578694820271818,True,1.0,1.372973539552908,0.09630123292235922,chem
CPC001 HCC515 24H-gsk-3b inhibitor viii-10.0,gsk-3b inhibitor viii,HCC515,24H,10.0,222,136,0,1,1.0,0.46682740578288473,0.0,1.6595688048975246,0.3308436559880538,0.6505544526082881,-0.3197107966202343,0.822454502327562,True,1.0,0.10968235651734087,0.30256581139620126,chem
CPC001 HCC515 24H-tyrphostin ag 1478-10.0,tyrphostin ag 1478,HCC515,24H,10.0,122,152,1,1,0.46148088201397686,0.2902869203869858,1.6680794701986754,3.079727758872144,0.8730188179538332,2.5053889434906407,-1.6323701255368075,0.40325201874146427,True,1.0,1.2166363054756377,0.11629456847717427,chem
CPC001 HCC515 24H-gw 9508-10.0,gw 9508,HCC515,24H,10.0,117,46,0,0,1.0,1.0,0.0,0.0,-0.0,1.0999264567523988,-1.0999264567523988,1.0,False,1.0,-0.5657980364905775,1.0,chem
CPC001 HCC515 24H-jak3 inhibitor i-10.0,jak3 inhibitor i,HCC515,24H,10.0,103,103,0,1,1.0,0.2510339270372992,0.0,3.6643598615916955,0.6002675799955542,0.6002675799955542,0.0,0.5980047824326691,True,1.0,0.6597626581353754,0.22159280239920026,chem
CPC001 HCC515 24H-arp 101-10.0,arp 101,HCC515,24H,10.0,156,190,2,0,0.17649952920790543,1.0,2.774822695035461,0.0,0.7532564487049489,1.8335936943378166,-1.0803372456328677,0.4826268555018176,True,1.0,0.9721185981428518,0.1586137954015328,chem
CPC001 HCC515 24H-imd 0354-10.0,imd 0354,HCC515,24H,10.0,118,275,2,0,0.3034204968072531,1.0,1.8849206349206349,0.0,0.5179550848887228,0.2654600522390221,0.2524950326497007,0.6652906004568533,True,1.0,0.4917060079989965,0.2525824725091636,chem
CPC001 HCC515 24H-homoharringtonine-10.0,homoharringtonine,HCC515,24H,10.0,183,242,1,0,0.6293409507719988,1.0,1.030207468879668,0.0,0.20111400809729837,0.3038645738974187,-0.10275056580012035,0.9207774905936518,True,1.0,-0.15518545024269115,0.3128957014328557,chem
CPC001 HCC515 24H-rs 17053 hydrochloride-10.0,rs 17053 hydrochloride,HCC515,24H,10.0,131,207,1,0,0.571115904659402,1.0,1.2120388349514564,0.0,0.2432757452639882,0.9530866876649663,-0.7098109424009781,0.8910339628609436,True,1.0,-0.06910422645074832,0.31089636787737424,chem
CPC001 HCC515 24H-gw 583340 dihydrochloride-10.0,gw 583340 dihydrochloride,HCC515,24H,10.0,84,64,0,1,1.0,0.20973678162792958,0.0,4.51665485471297,0.6783254004489399,-0.0,0.6783254004489399,0.5373250709452475,True,1.0,0.8191325788906287,0.18993668777074307,chem
CPC001 HCC515 24H-l-cis-diltiazem-10.0,l-cis-diltiazem,HCC515,24H,10.0,146,83,1,1,0.28547851525436874,0.3370958759565762,3.1053658536585367,2.560243407707911,1.0166731312533412,0.34871548982936135,0.6679576414239798,0.32151428693289336,True,1.0,1.5099339711511073,0.08597134288570477,chem
CPC001 HCC515 24H-herniarin-10.0,herniarin,HCC515,24H,10.0,190,112,1,1,0.3653118645941806,0.41543640270018795,2.283603603603604,1.9505135387488328,0.818831673538535,0.7532564487049489,0.06557522483358613,0.43790389681159014,True,1.0,1.1060029203611168,0.13362212595801398,chem
CPC001 HCC515 24H-sch 58261-10.0,sch 58261,HCC515,24H,10.0,138,103,1,2,0.34150231484946586,0.055236914925799366,2.4886274509803923,5.8088235294117645,1.7243769336279777,-0.0,1.7243769336279777,0.09376166175865293,True,1.0,2.954846194520078,0.021992669110296566,chem
CPC001 HCC515 24H-vorinostat-10.0,vorinostat,HCC515,24H,10.0,134,251,2,2,0.2671837094485249,0.05240986057743748,2.074631860776439,5.988636363636363,1.8537770205315498,0.2926962105366784,1.5610808099948714,0.07377483727345462,True,1.0,3.219041139699984,0.014995001666111295,chem
CPC001 HCC515 24H-halcinonide-10.0,halcinonide,HCC515,24H,10.0,92,170,1,0,0.5000325364418264,1.0,1.4861538461538462,0.0,0.301001735789155,-0.0,0.301001735789155,0.8465961417642931,True,1.0,0.04875438761353043,0.30589803398867044,chem
CPC001 HCC515 24H-cp 93129 dihydrochloride-10.0,cp 93129 dihydrochloride,HCC515,24H,10.0,125,68,0,1,1.0,0.296304238959758,0.0,3.0037950664136623,0.5282621354127488,1.8790035017645361,-1.3507413663517873,0.6567193870380168,True,1.0,0.5127498164949736,0.2465844718427191,chem
CPC001 HCC515 24H-pd 407824-10.0,pd 407824,HCC515,24H,10.0,113,222,0,0,1.0,1.0,0.0,0.0,-0.0,0.3308436559880538,-0.3308436559880538,1.0,False,1.0,-0.5657980364905775,1.0,chem
CPC001 HCC515 24H-strophanthidin-10.0,strophanthidin,HCC515,24H,10.0,190,214,1,1,0.5834229985740202,0.41543640270018795,1.1708920187793428,1.9505135387488328,0.6155119059492979,0.2678037348352612,0.34770817111403673,0.585885829081784,True,1.0,0.6908868556226243,0.2162612462512496,chem
CPC001 HCC515 24H-caffeic acid phenethyl ester-10.0,caffeic acid phenethyl ester,HCC515,24H,10.0,40,70,0,0,1.0,1.0,0.0,0.0,-0.0,-0.0,0.0,1.0,False,1.0,-0.5657980364905775,1.0,chem
CPC001 HCC515 24H-nnc 05-2090 hydrochloride-10.0,nnc 05-2090 hydrochloride,HCC515,24H,10.0,88,104,0,0,1.0,1.0,0.0,0.0,-0.0,-0.0,0.0,1.0,False,1.0,-0.5657980364905775,1.0,chem
CPC001 HCC515 24H-dnqx disodium salt-10.0,dnqx disodium salt,HCC515,24H,10.0,98,51,0,0,1.0,1.0,0.0,0.0,-0.0,0.484250513560811,-0.484250513560811,1.0,False,1.0,-0.5657980364905775,1.0,chem
CPC001 HCC515 24H-BRD-K85318537 (obaa)-10.0,brd-k85318537 (obaa),HCC515,24H,10.0,159,101,0,2,1.0,0.07093563802223236,0.0,5.015127388535032,1.1491355207008145,0.32166268220126415,0.8274728384995503,0.25863008207248284,True,1.0,1.7803811907465104,0.06731089636787738,chem
CPC001 HCC515 24H-olvanil-10.0,olvanil,HCC515,24H,10.0,139,66,0,1,1.0,0.3237535128007305,0.0,2.6930946291560103,0.4897855106892346,0.3646399417223874,0.1251455689668472,0.6888739235174942,True,1.0,0.43419245225524344,0.2609130289903366,chem
CPC001 HCC515 24H-rs 504393-10.0,rs 504393,HCC515,24H,10.0,158,89,0,1,1.0,0.3593918656930588,0.0,2.3600599475458974,0.444431756733436,0.32363702815605805,0.12079472857737794,0.7271726339996092,True,1.0,0.34159411768855774,0.2772409196934355,chem
CPC001 HCC515 24H-piretanide-10.0,piretanide,HCC515,24H,10.0,197,81,0,2,1.0,0.10252026753609554,0.0,4.013461538461539,0.989190269154801,0.7289545118702301,0.26023575728457093,0.3360301445058061,True,1.0,1.4538224690705757,0.08797067644118627,chem
CPC001 HCC515 24H-l 655240-10.0,l 655240,HCC515,24H,10.0,127,63,0,0,1.0,1.0,0.0,0.0,-0.0,1.0388736125092246,-1.0388736125092246,1.0,False,1.0,-0.5657980364905775,1.0,chem
CPC001 HCC515 24H-ag 592-10.0,ag 592,HCC515,24H,10.0,104,111,0,0,1.0,1.0,0.0,0.0,-0.0,1.0353834616528643,-1.0353834616528643,1.0,False,1.0,-0.5657980364905775,1.0,chem
CPC001 HCC515 24H-mammea a/ba + a/bb-10.0,mammea a/ba + a/bb,HCC515,24H,10.0,46,46,0,0,1.0,1.0,0.0,0.0,-0.0,-0.0,0.0,1.0,False,1.0,-0.5657980364905775,1.0,chem
CPC001 HCC515 24H-tws119-10.0,tws119,HCC515,24H,10.0,120,152,0,1,1.0,0.28624841260768874,0.0,3.1324765200197726,0.5432569130280658,1.1834333624917295,-0.6401764494636637,0.6443151978704114,True,1.0,0.5433645134774855,0.2425858047317561,chem
CPC001 HCC515 24H-mevastatin-10.0,mevastatin,HCC515,24H,10.0,72,132,2,0,0.09762653312117929,1.0,4.05,0.0,1.0104321329267796,2.267345526535207,-1.2569133936084276,0.3247650075949473,True,1.0,1.4971917833349389,0.08597134288570477,chem
CPC001 HCC515 24H-y 134-10.0,y 134,HCC515,24H,10.0,71,41,0,0,1.0,1.0,0.0,0.0,-0.0,-0.0,0.0,1.0,False,1.0,-0.5657980364905775,1.0,chem
CPC001 HCC515 24H-ml 3163-10.0,ml 3163,HCC515,24H,10.0,150,117,1,1,0.3781794130510064,0.3446080529976334,2.183448275862069,2.48993288590604,0.8849766944600796,0.3400600252061441,0.5449166692539356,0.3958886658626529,True,1.0,1.2410505899141797,0.11262912362545818,chem
CPC001 HCC515 24H-coumarinic acid methyl ether-10.0,coumarinic acid methyl ether,HCC515,24H,10.0,88,43,0,0,1.0,1.0,0.0,0.0,-0.0,-0.0,0.0,1.0,False,1.0,-0.5657980364905775,1.0,chem
CPC001 HCC515 24H-dihydro-beta-tubaic acid-10.0,dihydro-beta-tubaic acid,HCC515,24H,10.0,154,87,0,2,1.0,0.067072980387994,0.0,5.184210526315789,1.1734523953545666,0.8990000647010059,0.27445233065356067,0.24830242902141003,True,1.0,1.8300287259207495,0.06464511829390203,chem
CPC001 HCC515 24H-ftt-10.0,ftt,HCC515,24H,10.0,125,77,0,1,1.0,0.296304238959758,0.0,3.0037950664136623,0.5282621354127488,-0.0,0.5282621354127488,0.6567193870380168,True,1.0,0.5127498164949736,0.2465844718427191,chem
CPC001 HCC515 24H-pi 828-10.0,pi 828,HCC515,24H,10.0,114,156,1,1,0.4702873621205339,0.2740022684844081,1.624,3.30192608016658,0.889882533361207,2.4975211951772724,-1.6076386618160654,0.3928974413414416,True,1.0,1.2510667952395336,0.11196267910696435,chem
CPC001 HCC515 6H-cgp 52432-10.0,cgp 52432,HCC515,6H,10.0,57,58,0,1,1.0,0.14733809139070556,0.0,6.722689075630252,0.831684960270828,-0.0,0.831684960270828,0.429494277551866,True,1.0,1.1322453554697598,0.13062312562479172,chem
CPC001 HCC515 6H-brefeldin a-10.0,brefeldin a,HCC515,6H,10.0,82,61,0,0,1.0,1.0,0.0,0.0,-0.0,0.5488889053617282,-0.5488889053617282,1.0,False,1.0,-0.5657980364905775,1.0,chem
CPC001 HCC515 6H-trichostatin a-10.0,trichostatin a,HCC515,6H,10.0,110,118,0,0,1.0,1.0,0.0,0.0,-0.0,-0.0,0.0,1.0,False,1.0,-0.5657980364905775,1.0,chem
CPC001 HCC515 6H-geldanamycin-10.0,geldanamycin,HCC515,6H,10.0,63,54,0,0,1.0,1.0,0.0,0.0,-0.0,0.6480366652921943,-0.6480366652921943,1.0,False,1.0,-0.5657980364905775,1.0,chem
CPC001 HCC515 6H-vinblastine sulfate-10.0,vinblastine sulfate,HCC515,6H,10.0,61,56,0,0,1.0,1.0,0.0,0.0,-0.0,-0.0,0.0,1.0,False,1.0,-0.5657980364905775,1.0,chem
CPC001 HCC515 6H-cyclosporine-10.0,cyclosporine,HCC515,6H,10.0,58,63,1,0,0.22488647375162832,1.0,4.12,0.0,0.6480366652921943,0.6798880550210863,-0.03185138972889201,0.5604529766476776,True,1.0,0.7572923520732525,0.20359880039986672,chem
CPC001 HCC515 6H-cucurbitacin i-10.0,cucurbitacin i,HCC515,6H,10.0,72,103,1,0,0.34150231484946586,1.0,2.4886274509803923,0.0,0.4666063481378156,-0.0,0.4666063481378156,0.7084126824742096,True,1.0,0.3868677732219774,0.2689103632122626,chem
CPC001 HCC515 6H-kf 38789-10.0,kf 38789,HCC515,6H,10.0,42,51,0,0,1.0,1.0,0.0,0.0,-0.0,-0.0,0.0,1.0,False,1.0,-0.5657980364905775,1.0,chem
CPC001 HCC515 6H-fluticasone propionate-10.0,fluticasone propionate,HCC515,6H,10.0,67,75,0,0,1.0,1.0,0.0,0.0,-0.0,-0.0,0.0,1.0,False,1.0,-0.5657980364905775,1.0,chem
CPC001 HCC515 6H-rimcazole dihydrochloride-10.0,rimcazole dihydrochloride,HCC515,6H,10.0,68,53,1,0,0.19276698939407128,1.0,4.92,0.0,0.7149673353265971,1.5222977409365865,-0.8073304056099895,0.5101141040569566,True,1.0,0.8939440740598883,0.1732755748083972,chem
CPC001 HCC515 6H-wortmannin-10.0,wortmannin,HCC515,6H,10.0,76,76,0,0,1.0,1.0,0.0,0.0,-0.0,-0.0,0.0,1.0,False,1.0,-0.5657980364905775,1.0,chem
CPC001 HCC515 6H-clofarabine-10.0,clofarabine,HCC515,6H,10.0,55,54,0,0,1.0,1.0,0.0,0.0,-0.0,-0.0,0.0,1.0,False,1.0,-0.5657980364905775,1.0,chem
CPC001 HCC515 6H-sdz nkt 343-10.0,sdz nkt 343,HCC515,6H,10.0,50,74,0,0,1.0,1.0,0.0,0.0,-0.0,0.7378238987619528,-0.7378238987619528,1.0,False,1.0,-0.5657980364905775,1.0,chem
CPC001 HCC515 6H-rottlerin ncgc00025228-11-10.0,rottlerin ncgc00025228-11,HCC515,6H,10.0,56,58,0,0,1.0,1.0,0.0,0.0,-0.0,-0.0,0.0,1.0,False,1.0,-0.5657980364905775,1.0,chem
CPC001 HCC515 6H-jak3 inhibitor vi-10.0,jak3 inhibitor vi,HCC515,6H,10.0,105,101,1,0,0.33609586720327156,1.0,2.5392,0.0,0.4735368277919005,-0.0,0.4735368277919005,0.7025609673167468,True,1.0,0.4010176686053233,0.2652449183605465,chem
CPC001 HCC515 6H-ryuvidine-10.0,ryuvidine,HCC515,6H,10.0,116,51,0,1,1.0,0.2781061965916425,0.0,3.243478260869565,0.5557893343448462,0.42524419447775813,0.1305451398670881,0.6340132235551563,True,1.0,0.5689518406732209,0.23758747084305232,chem
CPC001 HCC515 6H-angiogenesis inhibitor-10.0,angiogenesis inhibitor,HCC515,6H,10.0,80,105,1,1,0.3468664156164547,0.20077287697796306,2.44,4.748324646314222,1.157132705221535,0.5580075467412458,0.5991251584802892,0.25519358708172346,True,1.0,1.7967089674629186,0.06597800733088971,chem
"CPC001 HCC515 6H-na-tosyl-lys chloromethyl ketone, hydrochloride-10.0","na-tosyl-lys chloromethyl ketone, hydrochloride",HCC515,6H,10.0,78,105,1,0,0.3468664156164547,1.0,2.44,0.0,0.45983774748722833,-0.0,0.45983774748722833,0.7141339676632517,True,1.0,0.37304838468355117,0.271242919026991,chem
CPC001 HCC515 6H-er 27319 maleate-10.0,er 27319 maleate,HCC515,6H,10.0,53,214,1,0,0.5834229985740202,1.0,1.1708920187793428,0.0,0.23401645495902523,2.9283752093134585,-2.6943587543544334,0.8977962811207502,True,1.0,-0.08800883272313408,0.311562812395868,chem
CPC001 HCC515 6H-mek1/2 inhibitor-10.0,mek1/2 inhibitor,HCC515,6H,10.0,83,82,1,1,0.28256026853690286,0.2075047499425856,3.1441975308641976,4.572453371592539,1.231860862866659,-0.0,1.231860862866659,0.22494187788162984,True,1.0,1.9492807468556257,0.05898033988670443,chem
CPC001 HCC515 6H-ikk 16-10.0,ikk 16,HCC515,6H,10.0,69,74,0,0,1.0,1.0,0.0,0.0,-0.0,-0.0,0.0,1.0,False,1.0,-0.5657980364905775,1.0,chem
CPC001 HCC515 6H-z-leu3-vs-10.0,z-leu3-vs,HCC515,6H,10.0,54,82,0,0,1.0,1.0,0.0,0.0,-0.0,-0.0,0.0,1.0,False,1.0,-0.5657980364905775,1.0,chem
CPC001 HCC515 6H-piperacetazine-10.0,piperacetazine,HCC515,6H,10.0,46,51,0,0,1.0,1.0,0.0,0.0,-0.0,1.6473905955112378,-1.6473905955112378,1.0,False,1.0,-0.5657980364905775,1.0,chem
CPC001 HCC515 6H-isoflupredone acetate-10.0,isoflupredone acetate,HCC515,6H,10.0,73,71,1,1,0.24969371631983528,0.18485454019757608,3.6445714285714286,5.215686274509804,1.3357622650592846,-0.0,1.3357622650592846,0.18812244451232724,True,1.0,2.1614152663389996,0.048983672109296904,chem
CPC001 HCC515 6H-arachidonamide-10.0,arachidonamide,HCC515,6H,10.0,114,87,0,1,1.0,0.2740022684844081,0.0,3.30192608016658,0.562245841609603,0.43122431490242713,0.13102152670717587,0.6287307821229391,True,1.0,0.582134031069563,0.23458847050983006,chem
CPC001 HCC515 6H-syk inhibitor-10.0,syk inhibitor,HCC515,6H,10.0,65,68,0,1,1.0,0.16629559859511084,0.0,5.875,0.7791192452552373,1.5586052011321592,-0.7794859558769218,0.46462796675896345,True,1.0,1.0249224275706814,0.1486171276241253,chem
CPC001 HCC515 6H-bis-tyrphostin-10.0,bis-tyrphostin,HCC515,6H,10.0,54,99,2,0,0.05932151393019462,1.0,5.456185567010309,0.0,1.2267877739764337,0.6152650692863555,0.6115227046900782,0.22689193228873966,True,1.0,1.9389230687943688,0.059646784405198265,chem
CPC001 HCC515 6H-bapta-am-10.0,bapta-am,HCC515,6H,10.0,116,77,0,2,1.0,0.04039696121604731,0.0,6.953947368421052,1.3936513026304365,-0.0,1.3936513026304365,0.17003083861262303,True,1.0,2.2796067720296023,0.044318560479840056,chem
CPC001 HCC515 6H-ag-879-10.0,ag-879,HCC515,6H,10.0,55,78,1,1,0.27077226419384126,0.14253549916594765,3.3096103896103894,6.973856209150327,1.4134727824705722,-0.0,1.4134727824705722,0.1642064359515387,True,1.0,2.32007610172682,0.04231922692435855,chem
CPC001 HCC515 6H-BRD-K62310379 (fluticasone propionate)-10.0,brd-k62310379 (fluticasone propionate),HCC515,6H,10.0,80,92,0,0,1.0,1.0,0.0,0.0,-0.0,-0.0,0.0,1.0,False,1.0,-0.5657980364905775,1.0,chem
CPC001 HCC515 6H-methyl 7-desoxypurpurogallin-7-carboxylate trimethyl ether-10.0,methyl 7-desoxypurpurogallin-7-carboxylate trimethyl ether,HCC515,6H,10.0,92,52,0,1,1.0,0.22738050782237604,0.0,4.1144149967679375,0.6432467679157314,2.1521950602575695,-1.508948292341838,0.5641606946274296,True,1.0,0.7475128634726382,0.2052649116961013,chem
"CPC001 HCC515 6H-ici-162,846-10.0","ici-162,846",HCC515,6H,10.0,76,67,0,0,1.0,1.0,0.0,0.0,-0.0,0.5770678440229255,-0.5770678440229255,1.0,False,1.0,-0.5657980364905775,1.0,chem
CPC001 HCC515 6H-jak3 inhibitor i-10.0,jak3 inhibitor i,HCC515,6H,10.0,47,87,0,0,1.0,1.0,0.0,0.0,-0.0,0.6647481472788466,-0.6647481472788466,1.0,False,1.0,-0.5657980364905775,1.0,chem
CPC001 HCC515 6H-arp 101-10.0,arp 101,HCC515,6H,10.0,109,35,1,0,0.1316992811962372,1.0,7.5458823529411765,0.0,0.8804165953750398,1.0311267751067914,-0.1507101797317516,0.39868455868811536,True,1.0,1.231740278332358,0.11562812395868044,chem
CPC001 HCC515 6H-imd 0354-10.0,imd 0354,HCC515,6H,10.0,70,47,0,0,1.0,1.0,0.0,0.0,-0.0,-0.0,0.0,1.0,False,1.0,-0.5657980364905775,1.0,chem
CPC001 HCC515 6H-homoharringtonine-10.0,homoharringtonine,HCC515,6H,10.0,164,120,0,0,1.0,1.0,0.0,0.0,-0.0,-0.0,0.0,1.0,False,1.0,-0.5657980364905775,1.0,chem
CPC001 HCC515 6H-gw 583340 dihydrochloride-10.0,gw 583340 dihydrochloride,HCC515,6H,10.0,62,62,0,0,1.0,1.0,0.0,0.0,-0.0,0.654174227302204,-0.654174227302204,1.0,False,1.0,-0.5657980364905775,1.0,chem
CPC001 HCC515 6H-pyrrolidinedithiocarbamate ammonium-10.0,pyrrolidinedithiocarbamate ammonium,HCC515,6H,10.0,82,69,0,0,1.0,1.0,0.0,0.0,-0.0,0.7554151635242407,-0.7554151635242407,1.0,False,1.0,-0.5657980364905775,1.0,chem
CPC001 HCC515 6H-vorinostat-10.0,vorinostat,HCC515,6H,10.0,140,132,0,1,1.0,0.3256749708543354,0.0,2.673296656792213,0.48721561704929883,-0.0,0.48721561704929883,0.6910352010532892,True,1.0,0.4289455244859679,0.2619126957680773,chem
CPC001 HCC515 6H-halcinonide-10.0,halcinonide,HCC515,6H,10.0,73,73,0,0,1.0,1.0,0.0,0.0,-0.0,-0.0,0.0,1.0,False,1.0,-0.5657980364905775,1.0,chem
CPC001 HCC515 6H-cp 93129 dihydrochloride-10.0,cp 93129 dihydrochloride,HCC515,6H,10.0,49,73,0,0,1.0,1.0,0.0,0.0,-0.0,0.7457804576422037,-0.7457804576422037,1.0,False,1.0,-0.5657980364905775,1.0,chem
CPC001 HCC515 6H-pd 407824-10.0,pd 407824,HCC515,6H,10.0,114,93,0,0,1.0,1.0,0.0,0.0,-0.0,-0.0,0.0,1.0,False,1.0,-0.5657980364905775,1.0,chem
CPC001 HCC515 6H-strophanthidin-10.0,strophanthidin,HCC515,6H,10.0,56,71,0,0,1.0,1.0,0.0,0.0,-0.0,-0.0,0.0,1.0,False,1.0,-0.5657980364905775,1.0,chem
CPC001 HCC515 6H-ag 592-10.0,ag 592,HCC515,6H,10.0,85,69,0,0,1.0,1.0,0.0,0.0,-0.0,0.7554151635242407,-0.7554151635242407,1.0,False,1.0,-0.5657980364905775,1.0,chem
CPC001 HCC515 6H-tws119-10.0,tws119,HCC515,6H,10.0,66,108,0,0,1.0,1.0,0.0,0.0,-0.0,-0.0,0.0,1.0,False,1.0,-0.5657980364905775,1.0,chem
CPC001 HCC515 6H-bml-190-10.0,bml-190,HCC515,6H,10.0,46,36,0,1,1.0,0.12060593047710985,0.0,8.380392156862746,0.9186313363902346,-0.0,0.9186313363902346,0.3757148294095546,True,1.0,1.3097629570582023,0.10396534488503832,chem
CPC001 HCC515 6H-dehydroisoandosterone 3-acetate-10.0,dehydroisoandosterone 3-acetate,HCC515,6H,10.0,52,70,0,0,1.0,1.0,0.0,0.0,-0.0,0.7224238932797868,-0.7224238932797868,1.0,False,1.0,-0.5657980364905775,1.0,chem
CPC001 HCC515 6H-pi 828-10.0,pi 828,HCC515,6H,10.0,69,45,0,0,1.0,1.0,0.0,0.0,-0.0,-0.0,0.0,1.0,False,1.0,-0.5657980364905775,1.0,chem
CPC001 PC3 24H-hemado-10.0,hemado,PC3,24H,10.0,6,9,0,0,1.0,1.0,0.0,0.0,-0.0,-0.0,0.0,1.0,False,1.0,-0.5657980364905775,1.0,chem
"CPC001 PC3 24H-cp 55,940-10.0","cp 55,940",PC3,24H,10.0,8,10,0,0,1.0,1.0,0.0,0.0,-0.0,-0.0,0.0,1.0,False,1.0,-0.5657980364905775,1.0,chem
CPC001 PC3 24H-n-benzylnaltrindole hydrochloride-10.0,n-benzylnaltrindole hydrochloride,PC3,24H,10.0,43,8,0,0,1.0,1.0,0.0,0.0,-0.0,-0.0,0.0,1.0,False,1.0,-0.5657980364905775,1.0,chem
CPC001 PC3 24H-cilnidipine-10.0,cilnidipine,PC3,24H,10.0,25,12,0,0,1.0,1.0,0.0,0.0,-0.0,-0.0,0.0,1.0,False,1.0,-0.5657980364905775,1.0,chem
CPC001 PC3 24H-ub 165 fumarate-10.0,ub 165 fumarate,PC3,24H,10.0,2,10,0,0,1.0,1.0,0.0,0.0,-0.0,-0.0,0.0,1.0,False,1.0,-0.5657980364905775,1.0,chem
CPC001 PC3 24H-brefeldin a-10.0,brefeldin a,PC3,24H,10.0,110,237,1,0,0.6215150650465469,1.0,1.0528813559322034,0.0,0.20654833993096125,1.4567208599366634,-1.2501725200057021,0.9171046022768298,True,1.0,-0.14409022584802847,0.3128957014328557,chem
CPC001 PC3 24H-trichostatin a-10.0,trichostatin a,PC3,24H,10.0,218,283,2,1,0.3154688905026517,0.4606452611448313,1.8288849347568208,1.6912442396313363,0.8376768538670252,0.48604550449826844,0.35163134936875673,0.4256142491709779,True,1.0,1.144478948491616,0.1279573475508164,chem
CPC001 PC3 24H-geldanamycin-10.0,geldanamycin,PC3,24H,10.0,87,114,1,0,0.370489313087226,1.0,2.2424778761061948,0.0,0.43122431490242713,0.562245841609603,-0.13102152670717587,0.7383595183787144,True,1.0,0.31462860743267657,0.28323892035988,chem
CPC001 PC3 24H-vinblastine sulfate-10.0,vinblastine sulfate,PC3,24H,10.0,64,59,1,0,0.21218896522549602,1.0,4.406896551724138,0.0,0.6732772051014339,1.4598352548073998,-0.786558049705966,0.5411408617227969,True,1.0,0.8088257257423331,0.19326891036321225,chem
CPC001 PC3 24H-taxol-10.0,taxol,PC3,24H,10.0,30,40,0,1,1.0,0.08030634288988928,0.0,13.036511156186613,1.0952501511934496,-0.0,1.0952501511934496,0.28283144476658817,True,1.0,1.670363936634417,0.07464178607130956,chem
CPC001 PC3 24H-heat hydrochloride-10.0,heat hydrochloride,PC3,24H,10.0,13,2,0,0,1.0,1.0,0.0,0.0,-0.0,2.2554408615266803,-2.2554408615266803,1.0,False,1.0,-0.5657980364905775,1.0,chem
CPC001 PC3 24H-genistin-10.0,genistin,PC3,24H,10.0,32,9,0,0,1.0,1.0,0.0,0.0,-0.0,1.606217649567748,-1.606217649567748,1.0,False,1.0,-0.5657980364905775,1.0,chem
CPC001 PC3 24H-cyclosporine-10.0,cyclosporine,PC3,24H,10.0,135,117,0,0,1.0,1.0,0.0,0.0,-0.0,0.9268264220885024,-0.9268264220885024,1.0,False,1.0,-0.5657980364905775,1.0,chem
CPC001 PC3 24H-estradiol valerate-10.0,estradiol valerate,PC3,24H,10.0,29,13,0,0,1.0,1.0,0.0,0.0,-0.0,0.9571337501189711,-0.9571337501189711,1.0,False,1.0,-0.5657980364905775,1.0,chem
CPC001 PC3 24H-lfm-a12-10.0,lfm-a12,PC3,24H,10.0,13,18,0,0,1.0,1.0,0.0,0.0,-0.0,2.9633193874924793,-2.9633193874924793,1.0,False,1.0,-0.5657980364905775,1.0,chem
CPC001 PC3 24H-meclocycline sulfosalicylate-10.0,meclocycline sulfosalicylate,PC3,24H,10.0,12,5,0,0,1.0,1.0,0.0,0.0,-0.0,-0.0,0.0,1.0,False,1.0,-0.5657980364905775,1.0,chem
CPC001 PC3 24H-kf 38789-10.0,kf 38789,PC3,24H,10.0,54,48,0,0,1.0,1.0,0.0,0.0,-0.0,1.6089365801744904,-1.6089365801744904,1.0,False,1.0,-0.5657980364905775,1.0,chem
CPC001 PC3 24H-lobelanidine hydrochloride-10.0,lobelanidine hydrochloride,PC3,24H,10.0,10,1,0,0,1.0,1.0,0.0,0.0,-0.0,-0.0,0.0,1.0,False,1.0,-0.5657980364905775,1.0,chem
CPC001 PC3 24H-fluticasone propionate-10.0,fluticasone propionate,PC3,24H,10.0,13,19,0,0,1.0,1.0,0.0,0.0,-0.0,-0.0,0.0,1.0,False,1.0,-0.5657980364905775,1.0,chem
CPC001 PC3 24H-rimcazole dihydrochloride-10.0,rimcazole dihydrochloride,PC3,24H,10.0,16,3,0,0,1.0,1.0,0.0,0.0,-0.0,-0.0,0.0,1.0,False,1.0,-0.5657980364905775,1.0,chem
CPC001 PC3 24H-clobetasol propionate-10.0,clobetasol propionate,PC3,24H,10.0,5,7,0,0,1.0,1.0,0.0,0.0,-0.0,-0.0,0.0,1.0,False,1.0,-0.5657980364905775,1.0,chem
CPC001 PC3 24H-ginsenoside-rc-10.0,ginsenoside-rc,PC3,24H,10.0,14,9,0,0,1.0,1.0,0.0,0.0,-0.0,-0.0,0.0,1.0,False,1.0,-0.5657980364905775,1.0,chem
CPC001 PC3 24H-bw-b 70c-10.0,bw-b 70c,PC3,24H,10.0,22,3,0,0,1.0,1.0,0.0,0.0,-0.0,-0.0,0.0,1.0,False,1.0,-0.5657980364905775,1.0,chem
CPC001 PC3 24H-wortmannin-10.0,wortmannin,PC3,24H,10.0,131,150,0,0,1.0,1.0,0.0,0.0,-0.0,1.016017314797629,-1.016017314797629,1.0,False,1.0,-0.5657980364905775,1.0,chem
CPC001 PC3 24H-pd 166793-10.0,pd 166793,PC3,24H,10.0,33,16,0,0,1.0,1.0,0.0,0.0,-0.0,-0.0,0.0,1.0,False,1.0,-0.5657980364905775,1.0,chem
CPC001 PC3 24H-fr 139317-10.0,fr 139317,PC3,24H,10.0,5,10,0,0,1.0,1.0,0.0,0.0,-0.0,-0.0,0.0,1.0,False,1.0,-0.5657980364905775,1.0,chem
CPC001 PC3 24H-kn-62-10.0,kn-62,PC3,24H,10.0,16,1,0,0,1.0,1.0,0.0,0.0,-0.0,-0.0,0.0,1.0,False,1.0,-0.5657980364905775,1.0,chem
CPC001 PC3 24H-u 18666a-10.0,u 18666a,PC3,24H,10.0,25,5,0,0,1.0,1.0,0.0,0.0,-0.0,-0.0,0.0,1.0,False,1.0,-0.5657980364905775,1.0,chem
CPC001 PC3 24H-clofarabine-10.0,clofarabine,PC3,24H,10.0,69,74,0,0,1.0,1.0,0.0,0.0,-0.0,1.3412037214835646,-1.3412037214835646,1.0,False,1.0,-0.5657980364905775,1.0,chem
CPC001 PC3 24H-sdz nkt 343-10.0,sdz nkt 343,PC3,24H,10.0,13,3,0,0,1.0,1.0,0.0,0.0,-0.0,1.2922995927938534,-1.2922995927938534,1.0,False,1.0,-0.5657980364905775,1.0,chem
CPC001 PC3 24H-tenidap-10.0,tenidap,PC3,24H,10.0,26,14,0,0,1.0,1.0,0.0,0.0,-0.0,1.0020757218050245,-1.0020757218050245,1.0,False,1.0,-0.5657980364905775,1.0,chem
CPC001 PC3 24H-sarmentogenin-10.0,sarmentogenin,PC3,24H,10.0,199,129,2,0,0.09389863104527328,1.0,4.147637795275591,0.0,1.0273407392974419,0.2544392457814302,0.7729014935160117,0.31601954912444563,True,1.0,1.5317139265580313,0.08363878707097634,chem
CPC001 PC3 24H-gr 89696 fumarate-10.0,gr 89696 fumarate,PC3,24H,10.0,6,11,0,0,1.0,1.0,0.0,0.0,-0.0,-0.0,0.0,1.0,False,1.0,-0.5657980364905775,1.0,chem
CPC001 PC3 24H-ntncb hydrochloride-10.0,ntncb hydrochloride,PC3,24H,10.0,42,8,0,0,1.0,1.0,0.0,0.0,-0.0,-0.0,0.0,1.0,False,1.0,-0.5657980364905775,1.0,chem
CPC001 PC3 24H-pnu 96415e-10.0,pnu 96415e,PC3,24H,10.0,4,6,0,0,1.0,1.0,0.0,0.0,-0.0,-0.0,0.0,1.0,False,1.0,-0.5657980364905775,1.0,chem
CPC001 PC3 24H-BRD-A95445494-10.0,brd-a95445494,PC3,24H,10.0,8,2,0,0,1.0,1.0,0.0,0.0,-0.0,-0.0,0.0,1.0,False,1.0,-0.5657980364905775,1.0,chem
"CPC001 PC3 24H-l-732,138-10.0","l-732,138",PC3,24H,10.0,6,5,0,0,1.0,1.0,0.0,0.0,-0.0,-0.0,0.0,1.0,False,1.0,-0.5657980364905775,1.0,chem
CPC001 PC3 24H-o-2050-10.0,o-2050,PC3,24H,10.0,17,8,0,0,1.0,1.0,0.0,0.0,-0.0,-0.0,0.0,1.0,False,1.0,-0.5657980364905775,1.0,chem
CPC001 PC3 24H-rottlerin ncgc00025228-11-10.0,rottlerin ncgc00025228-11,PC3,24H,10.0,137,176,0,0,1.0,1.0,0.0,0.0,-0.0,0.77663794316762,-0.77663794316762,1.0,False,1.0,-0.5657980364905775,1.0,chem
CPC001 PC3 24H-jak3 inhibitor vi-10.0,jak3 inhibitor vi,PC3,24H,10.0,83,117,0,0,1.0,1.0,0.0,0.0,-0.0,1.3638729515855674,-1.3638729515855674,1.0,False,1.0,-0.5657980364905775,1.0,chem
CPC001 PC3 24H-zk 164015-10.0,zk 164015,PC3,24H,10.0,102,28,0,0,1.0,1.0,0.0,0.0,-0.0,0.4700509525702869,-0.4700509525702869,1.0,False,1.0,-0.5657980364905775,1.0,chem
CPC001 PC3 24H-sericetin-10.0,sericetin,PC3,24H,10.0,25,3,0,0,1.0,1.0,0.0,0.0,-0.0,-0.0,0.0,1.0,False,1.0,-0.5657980364905775,1.0,chem
CPC001 PC3 24H-ryuvidine-10.0,ryuvidine,PC3,24H,10.0,59,88,0,0,1.0,1.0,0.0,0.0,-0.0,-0.0,0.0,1.0,False,1.0,-0.5657980364905775,1.0,chem
CPC001 PC3 24H-ag 825-10.0,ag 825,PC3,24H,10.0,3,8,0,0,1.0,1.0,0.0,0.0,-0.0,-0.0,0.0,1.0,False,1.0,-0.5657980364905775,1.0,chem
CPC001 PC3 24H-angiogenesis inhibitor-10.0,angiogenesis inhibitor,PC3,24H,10.0,15,4,0,0,1.0,1.0,0.0,0.0,-0.0,-0.0,0.0,1.0,False,1.0,-0.5657980364905775,1.0,chem
CPC001 PC3 24H-mibefradil dihydrochloride-10.0,mibefradil dihydrochloride,PC3,24H,10.0,25,6,0,0,1.0,1.0,0.0,0.0,-0.0,-0.0,0.0,1.0,False,1.0,-0.5657980364905775,1.0,chem
CPC001 PC3 24H-ic 261-10.0,ic 261,PC3,24H,10.0,47,74,0,0,1.0,1.0,0.0,0.0,-0.0,-0.0,0.0,1.0,False,1.0,-0.5657980364905775,1.0,chem
CPC001 PC3 24H-bu 239 hydrochloride-10.0,bu 239 hydrochloride,PC3,24H,10.0,7,6,0,0,1.0,1.0,0.0,0.0,-0.0,-0.0,0.0,1.0,False,1.0,-0.5657980364905775,1.0,chem
CPC001 PC3 24H-gr 127935 hydrochloride-10.0,gr 127935 hydrochloride,PC3,24H,10.0,47,9,0,0,1.0,1.0,0.0,0.0,-0.0,0.7622425527905643,-0.7622425527905643,1.0,False,1.0,-0.5657980364905775,1.0,chem
CPC001 PC3 24H-er 27319 maleate-10.0,er 27319 maleate,PC3,24H,10.0,244,176,3,1,0.0324590895361034,0.4996503409309167,4.731088213118874,1.5039941902687002,1.7899974780346417,0.19898922848661613,1.5910082495480256,0.08306345713967661,True,1.0,3.088823045286131,0.018327224258580473,chem
CPC001 PC3 24H-dichlorobenzamil-10.0,dichlorobenzamil,PC3,24H,10.0,56,33,0,1,1.0,0.14493997977274198,0.0,6.845989304812834,0.8388118036261796,-0.0,0.8388118036261796,0.4248822100260835,True,1.0,1.1467961647823994,0.1279573475508164,chem
CPC001 PC3 24H-cyclosporin a-10.0,cyclosporin a,PC3,24H,10.0,22,8,0,0,1.0,1.0,0.0,0.0,-0.0,-0.0,0.0,1.0,False,1.0,-0.5657980364905775,1.0,chem
CPC001 PC3 24H-cosmosiin-10.0,cosmosiin,PC3,24H,10.0,18,21,0,1,1.0,0.048943733003437295,0.0,22.280276816608996,1.3103029095047494,-0.0,1.3103029095047494,0.19661108414126272,True,1.0,2.1094351386126675,0.050983005664778404,chem
"CPC001 PC3 24H-ly-165,163-10.0","ly-165,163",PC3,24H,10.0,15,0,0,0,1.0,1.0,0.0,0.0,-0.0,-0.0,0.0,1.0,False,1.0,-0.5657980364905775,1.0,chem
CPC001 PC3 24H-ag 556-10.0,ag 556,PC3,24H,10.0,19,3,0,0,1.0,1.0,0.0,0.0,-0.0,-0.0,0.0,1.0,False,1.0,-0.5657980364905775,1.0,chem
CPC001 PC3 24H-ikk 16-10.0,ikk 16,PC3,24H,10.0,67,141,0,0,1.0,1.0,0.0,0.0,-0.0,2.018869650350113,-2.018869650350113,1.0,False,1.0,-0.5657980364905775,1.0,chem
"CPC001 PC3 24H-l-733,060 hydrochloride-10.0","l-733,060 hydrochloride",PC3,24H,10.0,5,7,0,0,1.0,1.0,0.0,0.0,-0.0,-0.0,0.0,1.0,False,1.0,-0.5657980364905775,1.0,chem
CPC001 PC3 24H-z-leu3-vs-10.0,z-leu3-vs,PC3,24H,10.0,138,171,1,1,0.5020945849907655,0.32182688463207165,1.4771764705882353,2.713181623014169,0.7915921412174636,-0.0,0.7915921412174636,0.4561144734632917,True,1.0,1.0503882224076713,0.14128623792069311,chem
CPC001 PC3 24H-fit-10.0,fit,PC3,24H,10.0,33,11,0,0,1.0,1.0,0.0,0.0,-0.0,-0.0,0.0,1.0,False,1.0,-0.5657980364905775,1.0,chem
CPC001 PC3 24H-am 404-10.0,am 404,PC3,24H,10.0,10,0,0,0,1.0,1.0,0.0,0.0,-0.0,-0.0,0.0,1.0,False,1.0,-0.5657980364905775,1.0,chem
CPC001 PC3 24H-digoxin-10.0,digoxin,PC3,24H,10.0,128,107,0,0,1.0,1.0,0.0,0.0,-0.0,-0.0,0.0,1.0,False,1.0,-0.5657980364905775,1.0,chem
CPC001 PC3 24H-resveratrol-10.0,resveratrol,PC3,24H,10.0,20,9,0,0,1.0,1.0,0.0,0.0,-0.0,-0.0,0.0,1.0,False,1.0,-0.5657980364905775,1.0,chem
CPC001 PC3 24H-prostaglandin e2-10.0,prostaglandin e2,PC3,24H,10.0,6,11,0,0,1.0,1.0,0.0,0.0,-0.0,-0.0,0.0,1.0,False,1.0,-0.5657980364905775,1.0,chem
CPC001 PC3 24H-pdgf receptor tyrosine kinase inhibitor i-10.0,pdgf receptor tyrosine kinase inhibitor i,PC3,24H,10.0,29,30,0,0,1.0,1.0,0.0,0.0,-0.0,-0.0,0.0,1.0,False,1.0,-0.5657980364905775,1.0,chem
CPC001 PC3 24H-h 89 dihydrochloride-10.0,h 89 dihydrochloride,PC3,24H,10.0,21,2,0,0,1.0,1.0,0.0,0.0,-0.0,1.0906827642484969,-1.0906827642484969,1.0,False,1.0,-0.5657980364905775,1.0,chem
CPC001 PC3 24H-syk inhibitor-10.0,syk inhibitor,PC3,24H,10.0,34,28,0,0,1.0,1.0,0.0,0.0,-0.0,-0.0,0.0,1.0,False,1.0,-0.5657980364905775,1.0,chem
CPC001 PC3 24H-nsc 693868-10.0,nsc 693868,PC3,24H,10.0,12,10,0,0,1.0,1.0,0.0,0.0,-0.0,1.3262272463894653,-1.3262272463894653,1.0,False,1.0,-0.5657980364905775,1.0,chem
CPC001 PC3 24H-ag 494-10.0,ag 494,PC3,24H,10.0,27,4,0,0,1.0,1.0,0.0,0.0,-0.0,-0.0,0.0,1.0,False,1.0,-0.5657980364905775,1.0,chem
CPC001 PC3 24H-tms-10.0,tms,PC3,24H,10.0,5,9,0,0,1.0,1.0,0.0,0.0,-0.0,-0.0,0.0,1.0,False,1.0,-0.5657980364905775,1.0,chem
CPC001 PC3 24H-aloisine-10.0,aloisine,PC3,24H,10.0,15,17,0,0,1.0,1.0,0.0,0.0,-0.0,-0.0,0.0,1.0,False,1.0,-0.5657980364905775,1.0,chem
CPC001 PC3 24H-jak3 inhibitor ii-10.0,jak3 inhibitor ii,PC3,24H,10.0,69,36,0,0,1.0,1.0,0.0,0.0,-0.0,-0.0,0.0,1.0,False,1.0,-0.5657980364905775,1.0,chem
CPC001 PC3 24H-ntzdpa-10.0,ntzdpa,PC3,24H,10.0,16,4,0,1,1.0,0.04361942557176887,0.0,25.258823529411764,1.3603200579836752,-0.0,1.3603200579836752,0.18024648853367325,True,1.0,2.2115546820894214,0.04798400533155615,chem
CPC001 PC3 24H-ag-879-10.0,ag-879,PC3,24H,10.0,115,86,0,0,1.0,1.0,0.0,0.0,-0.0,2.06182505857929,-2.06182505857929,1.0,False,1.0,-0.5657980364905775,1.0,chem
CPC001 PC3 24H-sb 225002-10.0,sb 225002,PC3,24H,10.0,56,37,0,0,1.0,1.0,0.0,0.0,-0.0,1.0081210977390735,-1.0081210977390735,1.0,False,1.0,-0.5657980364905775,1.0,chem
CPC001 PC3 24H-t 98475-10.0,t 98475,PC3,24H,10.0,25,4,0,0,1.0,1.0,0.0,0.0,-0.0,-0.0,0.0,1.0,False,1.0,-0.5657980364905775,1.0,chem
CPC001 PC3 24H-lylamine hydrochloride-10.0,lylamine hydrochloride,PC3,24H,10.0,38,2,0,0,1.0,1.0,0.0,0.0,-0.0,-0.0,0.0,1.0,False,1.0,-0.5657980364905775,1.0,chem
CPC001 PC3 24H-BRD-K62310379 (fluticasone propionate)-10.0,brd-k62310379 (fluticasone propionate),PC3,24H,10.0,17,7,0,0,1.0,1.0,0.0,0.0,-0.0,-0.0,0.0,1.0,False,1.0,-0.5657980364905775,1.0,chem
CPC001 PC3 24H-dy131-10.0,dy131,PC3,24H,10.0,14,7,0,0,1.0,1.0,0.0,0.0,-0.0,-0.0,0.0,1.0,False,1.0,-0.5657980364905775,1.0,chem
CPC001 PC3 24H-scoulerine-10.0,scoulerine,PC3,24H,10.0,13,7,0,0,1.0,1.0,0.0,0.0,-0.0,-0.0,0.0,1.0,False,1.0,-0.5657980364905775,1.0,chem
CPC001 PC3 24H-jte 907-10.0,jte 907,PC3,24H,10.0,10,12,0,0,1.0,1.0,0.0,0.0,-0.0,-0.0,0.0,1.0,False,1.0,-0.5657980364905775,1.0,chem
CPC001 PC3 24H-cfm 1571 hydrochloride-10.0,cfm 1571 hydrochloride,PC3,24H,10.0,12,2,0,0,1.0,1.0,0.0,0.0,-0.0,-0.0,0.0,1.0,False,1.0,-0.5657980364905775,1.0,chem
CPC001 PC3 24H-ivachtin-10.0,ivachtin,PC3,24H,10.0,11,6,0,0,1.0,1.0,0.0,0.0,-0.0,-0.0,0.0,1.0,False,1.0,-0.5657980364905775,1.0,chem
CPC001 PC3 24H-diphenyleneiodonium chloride-10.0,diphenyleneiodonium chloride,PC3,24H,10.0,40,12,0,0,1.0,1.0,0.0,0.0,-0.0,-0.0,0.0,1.0,False,1.0,-0.5657980364905775,1.0,chem
CPC001 PC3 24H-lawsone-10.0,lawsone,PC3,24H,10.0,13,6,0,0,1.0,1.0,0.0,0.0,-0.0,-0.0,0.0,1.0,False,1.0,-0.5657980364905775,1.0,chem
"CPC001 PC3 24H-ici-162,846-10.0","ici-162,846",PC3,24H,10.0,12,3,0,0,1.0,1.0,0.0,0.0,-0.0,-0.0,0.0,1.0,False,1.0,-0.5657980364905775,1.0,chem
CPC001 PC3 24H-gsk-3b inhibitor viii-10.0,gsk-3b inhibitor viii,PC3,24H,10.0,23,6,0,1,1.0,0.06213229110944014,0.0,17.203208556149733,1.2066826316139636,-0.0,1.2066826316139636,0.23476620581076968,True,1.0,1.89787458798272,0.061312895701432855,chem
CPC001 PC3 24H-w-9 hydrochloride-10.0,w-9 hydrochloride,PC3,24H,10.0,13,3,0,0,1.0,1.0,0.0,0.0,-0.0,1.2922995927938534,-1.2922995927938534,1.0,False,1.0,-0.5657980364905775,1.0,chem
CPC001 PC3 24H-jak3 inhibitor i-10.0,jak3 inhibitor i,PC3,24H,10.0,2,15,0,0,1.0,1.0,0.0,0.0,-0.0,1.3877808051210436,-1.3877808051210436,1.0,False,1.0,-0.5657980364905775,1.0,chem
CPC001 PC3 24H-arp 101-10.0,arp 101,PC3,24H,10.0,138,44,1,0,0.16276834344693925,1.0,5.9581395348837205,0.0,0.788430056468702,1.3038123728046915,-0.5153823163359895,0.45826243688507773,True,1.0,1.0439322235992947,0.14428523825391537,chem
CPC001 PC3 24H-purmorphamine-10.0,purmorphamine,PC3,24H,10.0,24,4,0,0,1.0,1.0,0.0,0.0,-0.0,-0.0,0.0,1.0,False,1.0,-0.5657980364905775,1.0,chem
CPC001 PC3 24H-imd 0354-10.0,imd 0354,PC3,24H,10.0,205,147,0,0,1.0,1.0,0.0,0.0,-0.0,0.7158306844410816,-0.7158306844410816,1.0,False,1.0,-0.5657980364905775,1.0,chem
CPC001 PC3 24H-ag-1296-10.0,ag-1296,PC3,24H,10.0,4,10,0,0,1.0,1.0,0.0,0.0,-0.0,-0.0,0.0,1.0,False,1.0,-0.5657980364905775,1.0,chem
CPC001 PC3 24H-homoharringtonine-10.0,homoharringtonine,PC3,24H,10.0,175,123,0,1,1.0,0.38976829271195124,0.0,2.123732251521298,0.4091934932335874,-0.0,0.4091934932335874,0.757009084138872,True,1.0,0.2696484852214392,0.28957014328557146,chem
CPC001 PC3 24H-rs 17053 hydrochloride-10.0,rs 17053 hydrochloride,PC3,24H,10.0,50,49,0,0,1.0,1.0,0.0,0.0,-0.0,-0.0,0.0,1.0,False,1.0,-0.5657980364905775,1.0,chem
CPC001 PC3 24H-BRD-K81209512 (ag 494)-10.0,brd-k81209512 (ag 494),PC3,24H,10.0,12,4,0,0,1.0,1.0,0.0,0.0,-0.0,1.3262272463894653,-1.3262272463894653,1.0,False,1.0,-0.5657980364905775,1.0,chem
CPC001 PC3 24H-sch 58261-10.0,sch 58261,PC3,24H,10.0,3,10,0,0,1.0,1.0,0.0,0.0,-0.0,-0.0,0.0,1.0,False,1.0,-0.5657980364905775,1.0,chem
CPC001 PC3 24H-vorinostat-10.0,vorinostat,PC3,24H,10.0,253,243,0,1,1.0,0.5125198530466649,0.0,1.4481792717086834,0.29028930704953393,0.5683086263214903,-0.27801931927195633,0.8550962365596125,True,1.0,0.02688292221245335,0.30723092302565813,chem
CPC001 PC3 24H-halcinonide-10.0,halcinonide,PC3,24H,10.0,11,8,0,0,1.0,1.0,0.0,0.0,-0.0,-0.0,0.0,1.0,False,1.0,-0.5657980364905775,1.0,chem
CPC001 PC3 24H-pd 407824-10.0,pd 407824,PC3,24H,10.0,92,85,1,1,0.2912808052015777,0.22738050782237604,3.0304761904761905,4.1144149967679375,1.1789349014470032,1.1806529502407552,-0.0017180487937520361,0.24602368031060137,True,1.0,1.8412223072482423,0.0639786737754082,chem
CPC001 PC3 24H-fk 888-10.0,fk 888,PC3,24H,10.0,18,6,0,0,1.0,1.0,0.0,0.0,-0.0,-0.0,0.0,1.0,False,1.0,-0.5657980364905775,1.0,chem
CPC001 PC3 24H-r(+)-skf-81297-10.0,r(+)-skf-81297,PC3,24H,10.0,86,21,0,0,1.0,1.0,0.0,0.0,-0.0,0.5314090986590809,-0.5314090986590809,1.0,False,1.0,-0.5657980364905775,1.0,chem
CPC001 PC3 24H-strophanthidin-10.0,strophanthidin,PC3,24H,10.0,110,75,0,0,1.0,1.0,0.0,0.0,-0.0,-0.0,0.0,1.0,False,1.0,-0.5657980364905775,1.0,chem
CPC001 PC3 24H-caffeic acid phenethyl ester-10.0,caffeic acid phenethyl ester,PC3,24H,10.0,50,10,0,0,1.0,1.0,0.0,0.0,-0.0,0.7378238987619528,-0.7378238987619528,1.0,False,1.0,-0.5657980364905775,1.0,chem
CPC001 PC3 24H-nnc 05-2090 hydrochloride-10.0,nnc 05-2090 hydrochloride,PC3,24H,10.0,16,2,0,0,1.0,1.0,0.0,0.0,-0.0,-0.0,0.0,1.0,False,1.0,-0.5657980364905775,1.0,chem
CPC001 PC3 24H-cabergoline-10.0,cabergoline,PC3,24H,10.0,9,7,0,0,1.0,1.0,0.0,0.0,-0.0,-0.0,0.0,1.0,False,1.0,-0.5657980364905775,1.0,chem
CPC001 PC3 24H-rs 504393-10.0,rs 504393,PC3,24H,10.0,26,6,0,0,1.0,1.0,0.0,0.0,-0.0,-0.0,0.0,1.0,False,1.0,-0.5657980364905775,1.0,chem
CPC001 PC3 24H-piretanide-10.0,piretanide,PC3,24H,10.0,6,8,0,0,1.0,1.0,0.0,0.0,-0.0,-0.0,0.0,1.0,False,1.0,-0.5657980364905775,1.0,chem
CPC001 PC3 24H-ag 592-10.0,ag 592,PC3,24H,10.0,138,79,0,0,1.0,1.0,0.0,0.0,-0.0,1.6801472422964099,-1.6801472422964099,1.0,False,1.0,-0.5657980364905775,1.0,chem
CPC001 PC3 24H-mammea a/ba + a/bb-10.0,mammea a/ba + a/bb,PC3,24H,10.0,78,21,0,0,1.0,1.0,0.0,0.0,-0.0,0.5673958234598213,-0.5673958234598213,1.0,False,1.0,-0.5657980364905775,1.0,chem
CPC001 PC3 24H-tws119-10.0,tws119,PC3,24H,10.0,25,41,0,0,1.0,1.0,0.0,0.0,-0.0,-0.0,0.0,1.0,False,1.0,-0.5657980364905775,1.0,chem
CPC001 PC3 24H-mevastatin-10.0,mevastatin,PC3,24H,10.0,118,75,0,0,1.0,1.0,0.0,0.0,-0.0,1.7454107926397855,-1.7454107926397855,1.0,False,1.0,-0.5657980364905775,1.0,chem
CPC001 PC3 24H-y 134-10.0,y 134,PC3,24H,10.0,18,3,0,0,1.0,1.0,0.0,0.0,-0.0,-0.0,0.0,1.0,False,1.0,-0.5657980364905775,1.0,chem
CPC001 PC3 24H-pirfenidone-10.0,pirfenidone,PC3,24H,10.0,12,2,0,1,1.0,0.03288624348897574,0.0,34.46524064171123,1.4829857320260909,-0.0,1.4829857320260909,0.14518292674490405,True,1.0,2.4620000396203032,0.036654448517160945,chem
CPC001 PC3 24H-pi 828-10.0,pi 828,PC3,24H,10.0,98,96,0,0,1.0,1.0,0.0,0.0,-0.0,0.6269735179770268,-0.6269735179770268,1.0,False,1.0,-0.5657980364905775,1.0,chem
CPC001 PC3 6H-hemado-10.0,hemado,PC3,6H,10.0,30,38,0,0,1.0,1.0,0.0,0.0,-0.0,-0.0,0.0,1.0,False,1.0,-0.5657980364905775,1.0,chem
CPC001 PC3 6H-n-benzylnaltrindole hydrochloride-10.0,n-benzylnaltrindole hydrochloride,PC3,6H,10.0,37,7,0,0,1.0,1.0,0.0,0.0,-0.0,-0.0,0.0,1.0,False,1.0,-0.5657980364905775,1.0,chem
CPC001 PC3 6H-skf 81297 hydrobromide-10.0,skf 81297 hydrobromide,PC3,6H,10.0,39,15,0,1,1.0,0.10318452349165337,0.0,9.93498452012384,0.9863854370713357,-0.0,0.9863854370713357,0.3375409695078972,True,1.0,1.4480958696821058,0.09030323225591469,chem
CPC001 PC3 6H-ub 165 fumarate-10.0,ub 165 fumarate,PC3,6H,10.0,21,10,0,0,1.0,1.0,0.0,0.0,-0.0,-0.0,0.0,1.0,False,1.0,-0.5657980364905775,1.0,chem
CPC001 PC3 6H-sdz 21009-10.0,sdz 21009,PC3,6H,10.0,18,24,0,0,1.0,1.0,0.0,0.0,-0.0,-0.0,0.0,1.0,False,1.0,-0.5657980364905775,1.0,chem
CPC001 PC3 6H-brefeldin a-10.0,brefeldin a,PC3,6H,10.0,107,52,0,0,1.0,1.0,0.0,0.0,-0.0,1.3219794224309416,-1.3219794224309416,1.0,False,1.0,-0.5657980364905775,1.0,chem
CPC001 PC3 6H-trichostatin a-10.0,trichostatin a,PC3,6H,10.0,208,111,0,0,1.0,1.0,0.0,0.0,-0.0,-0.0,0.0,1.0,False,1.0,-0.5657980364905775,1.0,chem
CPC001 PC3 6H-geldanamycin-10.0,geldanamycin,PC3,6H,10.0,130,64,0,1,1.0,0.3062261576822858,0.0,2.8850889192886457,0.5139577148399991,0.38671656841470314,0.12724114642529594,0.6686237998003408,True,1.0,0.4835446150188407,0.2539153615461513,chem
CPC001 PC3 6H-vinblastine sulfate-10.0,vinblastine sulfate,PC3,6H,10.0,22,10,0,0,1.0,1.0,0.0,0.0,-0.0,-0.0,0.0,1.0,False,1.0,-0.5657980364905775,1.0,chem
CPC001 PC3 6H-genistin-10.0,genistin,PC3,6H,10.0,68,44,1,0,0.16276834344693925,1.0,5.9581395348837205,0.0,0.788430056468702,0.6189177682174618,0.1695122882512402,0.45826243688507773,True,1.0,1.0439322235992947,0.14428523825391537,chem
CPC001 PC3 6H-cyclosporine-10.0,cyclosporine,PC3,6H,10.0,83,28,0,1,1.0,0.2075047499425856,0.0,4.572453371592539,0.6829719575049308,1.6685092187579535,-0.9855372612530228,0.5338269372261669,True,1.0,0.8286194109017821,0.18693768743752082,chem
CPC001 PC3 6H-estradiol valerate-10.0,estradiol valerate,PC3,6H,10.0,68,45,1,1,0.16615372806130616,0.17330148124690362,5.821818181818182,5.6093064091308165,1.5406876350845933,-0.0,1.5406876350845933,0.13094569383148172,True,1.0,2.5798094745295503,0.03365544818393869,chem
CPC001 PC3 6H-cucurbitacin i-10.0,cucurbitacin i,PC3,6H,10.0,111,68,0,0,1.0,1.0,0.0,0.0,-0.0,0.4404430924184816,-0.4404430924184816,1.0,False,1.0,-0.5657980364905775,1.0,chem
"CPC001 PC3 6H-ici-185,282-10.0","ici-185,282",PC3,6H,10.0,38,13,0,2,1.0,0.004837835557737831,0.0,22.291666666666668,2.3153488977725663,-0.0,2.3153488977725663,0.030629729521310083,True,1.0,4.161428117346677,0.004665111629456847,chem
CPC001 PC3 6H-kf 38789-10.0,kf 38789,PC3,6H,10.0,28,26,0,1,1.0,0.07514798705268462,0.0,14.006535947712418,1.1240826481259065,-0.0,1.1240826481259065,0.26965321750673193,True,1.0,1.7292309755116528,0.06997667444185271,chem
CPC001 PC3 6H-skf 77434 hydrobromide-10.0,skf 77434 hydrobromide,PC3,6H,10.0,44,14,0,0,1.0,1.0,0.0,0.0,-0.0,-0.0,0.0,1.0,False,1.0,-0.5657980364905775,1.0,chem
CPC001 PC3 6H-ginsenoside-rc-10.0,ginsenoside-rc,PC3,6H,10.0,33,20,0,0,1.0,1.0,0.0,0.0,-0.0,-0.0,0.0,1.0,False,1.0,-0.5657980364905775,1.0,chem
CPC001 PC3 6H-wortmannin-10.0,wortmannin,PC3,6H,10.0,114,69,0,0,1.0,1.0,0.0,0.0,-0.0,0.7554151635242407,-0.7554151635242407,1.0,False,1.0,-0.5657980364905775,1.0,chem
CPC001 PC3 6H-cgs 21680 hydrochloride-10.0,cgs 21680 hydrochloride,PC3,6H,10.0,52,8,0,0,1.0,1.0,0.0,0.0,-0.0,0.7224238932797868,-0.7224238932797868,1.0,False,1.0,-0.5657980364905775,1.0,chem
CPC001 PC3 6H-clofarabine-10.0,clofarabine,PC3,6H,10.0,67,57,0,0,1.0,1.0,0.0,0.0,-0.0,-0.0,0.0,1.0,False,1.0,-0.5657980364905775,1.0,chem
CPC001 PC3 6H-sarmentogenin-10.0,sarmentogenin,PC3,6H,10.0,170,57,0,2,1.0,0.07968889058479793,0.0,4.678571428571429,1.0986022193066876,0.301001735789155,0.7976004835175325,0.28127190786579936,True,1.0,1.6772078226982352,0.07397534155281572,chem
CPC001 PC3 6H-ntncb hydrochloride-10.0,ntncb hydrochloride,PC3,6H,10.0,34,23,0,1,1.0,0.09054164715937103,0.0,11.449197860962567,1.0431516089602864,-0.0,1.0431516089602864,0.308017735039421,True,1.0,1.5639948310286336,0.08230589803398868,chem
"CPC001 PC3 6H-l-732,138-10.0","l-732,138",PC3,6H,10.0,29,27,0,1,1.0,0.07773057101685643,0.0,13.504201680672269,1.109408141910376,-0.0,1.109408141910376,0.276293831557325,True,1.0,1.6992701736457057,0.07264245251582806,chem
CPC001 PC3 6H-o-2050-10.0,o-2050,PC3,6H,10.0,44,55,0,0,1.0,1.0,0.0,0.0,-0.0,-0.0,0.0,1.0,False,1.0,-0.5657980364905775,1.0,chem
CPC001 PC3 6H-rottlerin ncgc00025228-11-10.0,rottlerin ncgc00025228-11,PC3,6H,10.0,58,42,0,0,1.0,1.0,0.0,0.0,-0.0,-0.0,0.0,1.0,False,1.0,-0.5657980364905775,1.0,chem
CPC001 PC3 6H-jak3 inhibitor vi-10.0,jak3 inhibitor vi,PC3,6H,10.0,132,135,2,1,0.10139732987428499,0.3101578079308697,3.956766917293233,2.840143691064212,1.5023907626630613,-0.0,1.5023907626630613,0.14024389655608047,True,1.0,2.501619108880814,0.03532155948017328,chem
CPC001 PC3 6H-zk 164015-10.0,zk 164015,PC3,6H,10.0,44,9,0,0,1.0,1.0,0.0,0.0,-0.0,-0.0,0.0,1.0,False,1.0,-0.5657980364905775,1.0,chem
CPC001 PC3 6H-ryuvidine-10.0,ryuvidine,PC3,6H,10.0,66,55,0,0,1.0,1.0,0.0,0.0,-0.0,0.8460769590107509,-0.8460769590107509,1.0,False,1.0,-0.5657980364905775,1.0,chem
CPC001 PC3 6H-selinidin-10.0,selinidin,PC3,6H,10.0,38,11,0,0,1.0,1.0,0.0,0.0,-0.0,2.0009752947107686,-2.0009752947107686,1.0,False,1.0,-0.5657980364905775,1.0,chem
CPC001 PC3 6H-angiogenesis inhibitor-10.0,angiogenesis inhibitor,PC3,6H,10.0,45,63,0,0,1.0,1.0,0.0,0.0,-0.0,-0.0,0.0,1.0,False,1.0,-0.5657980364905775,1.0,chem
CPC001 PC3 6H-zd 7155 hydrochloride-10.0,zd 7155 hydrochloride,PC3,6H,10.0,41,25,0,0,1.0,1.0,0.0,0.0,-0.0,-0.0,0.0,1.0,False,1.0,-0.5657980364905775,1.0,chem
CPC001 PC3 6H-gr 127935 hydrochloride-10.0,gr 127935 hydrochloride,PC3,6H,10.0,66,28,0,0,1.0,1.0,0.0,0.0,-0.0,0.6302643643249608,-0.6302643643249608,1.0,False,1.0,-0.5657980364905775,1.0,chem
CPC001 PC3 6H-er 27319 maleate-10.0,er 27319 maleate,PC3,6H,10.0,84,217,1,1,0.5885928686842407,0.20973678162792958,1.154074074074074,4.51665485471297,0.908510404509753,1.354464549734875,-0.4459541452251221,0.3816965171235981,True,1.0,1.2890991452531453,0.10763078973675441,chem
CPC001 PC3 6H-dichlorobenzamil-10.0,dichlorobenzamil,PC3,6H,10.0,46,18,0,0,1.0,1.0,0.0,0.0,-0.0,-0.0,0.0,1.0,False,1.0,-0.5657980364905775,1.0,chem
CPC001 PC3 6H-cyclosporin a-10.0,cyclosporin a,PC3,6H,10.0,31,17,0,1,1.0,0.08287531958572758,0.0,12.6,1.0815747838474978,-0.0,1.0815747838474978,0.2892695051033642,True,1.0,1.6424430672383155,0.07597467510829724,chem
CPC001 PC3 6H-cosmosiin-10.0,cosmosiin,PC3,6H,10.0,21,34,0,0,1.0,1.0,0.0,0.0,-0.0,-0.0,0.0,1.0,False,1.0,-0.5657980364905775,1.0,chem
CPC001 PC3 6H-syrosingopine-10.0,syrosingopine,PC3,6H,10.0,61,34,0,0,1.0,1.0,0.0,0.0,-0.0,0.6604243160213854,-0.6604243160213854,1.0,False,1.0,-0.5657980364905775,1.0,chem
CPC001 PC3 6H-ikk 16-10.0,ikk 16,PC3,6H,10.0,117,72,1,0,0.25274040746081355,1.0,3.592676056338028,0.0,0.5973253186880723,-0.0,0.5973253186880723,0.6003576366051504,True,1.0,0.6537554707877006,0.2222592469176941,chem
"CPC001 PC3 6H-l-733,060 hydrochloride-10.0","l-733,060 hydrochloride",PC3,6H,10.0,27,8,0,0,1.0,1.0,0.0,0.0,-0.0,-0.0,0.0,1.0,False,1.0,-0.5657980364905775,1.0,chem
CPC001 PC3 6H-z-leu3-vs-10.0,z-leu3-vs,PC3,6H,10.0,103,67,1,0,0.2373870797537027,1.0,3.8678787878787877,0.0,0.6245429220468399,0.4666063481378156,0.15793657390902432,0.5787647085824554,True,1.0,0.7093253965842462,0.2125958013995335,chem
CPC001 PC3 6H-digoxin-10.0,digoxin,PC3,6H,10.0,113,89,1,0,0.30274976625257977,1.0,2.890909090909091,0.0,0.5189161834954105,-0.0,0.5189161834954105,0.6644899213874866,True,1.0,0.493668274020468,0.2525824725091636,chem
CPC001 PC3 6H-levcromakalim-10.0,levcromakalim,PC3,6H,10.0,42,7,0,1,1.0,0.11069037968717034,0.0,9.203730272596843,0.9558901228460465,-0.0,0.9558901228460465,0.3543219362599192,True,1.0,1.3858338723157662,0.09563478840386538,chem
CPC001 PC3 6H-prostaglandin e2-10.0,prostaglandin e2,PC3,6H,10.0,35,22,0,0,1.0,1.0,0.0,0.0,-0.0,-0.0,0.0,1.0,False,1.0,-0.5657980364905775,1.0,chem
CPC001 PC3 6H-wr 216174-10.0,wr 216174,PC3,6H,10.0,18,21,0,0,1.0,1.0,0.0,0.0,-0.0,1.2450577319387697,-1.2450577319387697,1.0,False,1.0,-0.5657980364905775,1.0,chem
CPC001 PC3 6H-pdgf receptor tyrosine kinase inhibitor i-10.0,pdgf receptor tyrosine kinase inhibitor i,PC3,6H,10.0,93,46,1,0,0.16952594816869557,1.0,5.6915555555555555,0.0,0.7707638179093317,-0.0,0.7707638179093317,0.47039200217099253,True,1.0,1.0078632298341974,0.15128290569810063,chem
CPC001 PC3 6H-zuclopenthixol hydrochloride-10.0,zuclopenthixol hydrochloride,PC3,6H,10.0,38,19,1,0,0.07370781992495243,1.0,14.28888888888889,0.0,1.1324864338492995,0.8471712455191108,0.28531518833018865,0.2659117497741259,True,1.0,1.7463889060944195,0.06897700766411197,chem
CPC001 PC3 6H-arachidonamide-10.0,arachidonamide,PC3,6H,10.0,37,11,0,0,1.0,1.0,0.0,0.0,-0.0,-0.0,0.0,1.0,False,1.0,-0.5657980364905775,1.0,chem
CPC001 PC3 6H-bd 1063 dihydrochloride-10.0,bd 1063 dihydrochloride,PC3,6H,10.0,88,24,1,1,0.09221882730677011,0.21860567577854212,11.173913043478262,4.306288032454361,1.6955189711671435,-0.0,1.6955189711671435,0.09886402404186889,True,1.0,2.895927162912121,0.022325891369543487,chem
CPC001 PC3 6H-syk inhibitor-10.0,syk inhibitor,PC3,6H,10.0,48,25,0,0,1.0,1.0,0.0,0.0,-0.0,-0.0,0.0,1.0,False,1.0,-0.5657980364905775,1.0,chem
CPC001 PC3 6H-nsc 693868-10.0,nsc 693868,PC3,6H,10.0,57,60,0,0,1.0,1.0,0.0,0.0,-0.0,-0.0,0.0,1.0,False,1.0,-0.5657980364905775,1.0,chem
CPC001 PC3 6H-ag 494-10.0,ag 494,PC3,6H,10.0,22,24,0,1,1.0,0.05950847718963442,0.0,18.025210084033613,1.2254211631043967,-0.0,1.2254211631043967,0.22741976865416286,True,1.0,1.9361328721796702,0.060313228923692105,chem
CPC001 PC3 6H-bapta-am-10.0,bapta-am,PC3,6H,10.0,24,21,0,0,1.0,1.0,0.0,0.0,-0.0,-0.0,0.0,1.0,False,1.0,-0.5657980364905775,1.0,chem
CPC001 PC3 6H-obaa-10.0,obaa,PC3,6H,10.0,56,13,1,0,0.05101529557184209,1.0,21.453333333333333,0.0,1.2922995927938534,-0.0,1.2922995927938534,0.20281792821140715,True,1.0,2.0726779355434295,0.05231589470176608,chem
CPC001 PC3 6H-oxindole i-10.0,oxindole i,PC3,6H,10.0,17,17,0,0,1.0,1.0,0.0,0.0,-0.0,-0.0,0.0,1.0,False,1.0,-0.5657980364905775,1.0,chem
CPC001 PC3 6H-jak3 inhibitor ii-10.0,jak3 inhibitor ii,PC3,6H,10.0,43,20,0,0,1.0,1.0,0.0,0.0,-0.0,1.2656800203048393,-1.2656800203048393,1.0,False,1.0,-0.5657980364905775,1.0,chem
CPC001 PC3 6H-mmpx-10.0,mmpx,PC3,6H,10.0,26,22,0,0,1.0,1.0,0.0,0.0,-0.0,-0.0,0.0,1.0,False,1.0,-0.5657980364905775,1.0,chem
CPC001 PC3 6H-ag-879-10.0,ag-879,PC3,6H,10.0,64,23,1,0,0.08854531594645501,1.0,11.683636363636364,0.0,1.0528344080754062,0.6420080707060773,0.41082633736932883,0.30320048470151933,True,1.0,1.5837641112711842,0.08063978673775409,chem
CPC001 PC3 6H-lylamine hydrochloride-10.0,lylamine hydrochloride,PC3,6H,10.0,29,11,0,0,1.0,1.0,0.0,0.0,-0.0,-0.0,0.0,1.0,False,1.0,-0.5657980364905775,1.0,chem
CPC001 PC3 6H-austricine hydrate-10.0,austricine hydrate,PC3,6H,10.0,35,22,0,0,1.0,1.0,0.0,0.0,-0.0,-0.0,0.0,1.0,False,1.0,-0.5657980364905775,1.0,chem
CPC001 PC3 6H-diphenyleneiodonium chloride-10.0,diphenyleneiodonium chloride,PC3,6H,10.0,10,46,1,0,0.16952594816869557,1.0,5.6915555555555555,0.0,0.7707638179093317,-0.0,0.7707638179093317,0.47039200217099253,True,1.0,1.0078632298341974,0.15128290569810063,chem
CPC001 PC3 6H-lawsone-10.0,lawsone,PC3,6H,10.0,40,17,1,0,0.06620224971861792,1.0,16.08,0.0,1.1791272518929243,-0.0,1.1791272518929243,0.2459440609379295,True,1.0,1.8416150273516945,0.0639786737754082,chem
"CPC001 PC3 6H-ici-162,846-10.0","ici-162,846",PC3,6H,10.0,21,13,0,1,1.0,0.056877731671283766,0.0,18.929411764705883,1.2450577319387697,-0.0,1.2450577319387697,0.21993773483348425,True,1.0,1.9762246708087126,0.05798067310896368,chem
CPC001 PC3 6H-fraxidin methyl ether-10.0,fraxidin methyl ether,PC3,6H,10.0,23,25,0,0,1.0,1.0,0.0,0.0,-0.0,-0.0,0.0,1.0,False,1.0,-0.5657980364905775,1.0,chem
CPC001 PC3 6H-gsk-3b inhibitor viii-10.0,gsk-3b inhibitor viii,PC3,6H,10.0,67,35,1,0,0.1316992811962372,1.0,7.5458823529411765,0.0,0.8804165953750398,-0.0,0.8804165953750398,0.39868455868811536,True,1.0,1.231740278332358,0.11562812395868044,chem
CPC001 PC3 6H-tyrphostin ag 1478-10.0,tyrphostin ag 1478,PC3,6H,10.0,24,14,0,0,1.0,1.0,0.0,0.0,-0.0,-0.0,0.0,1.0,False,1.0,-0.5657980364905775,1.0,chem
CPC001 PC3 6H-jak3 inhibitor i-10.0,jak3 inhibitor i,PC3,6H,10.0,41,19,0,0,1.0,1.0,0.0,0.0,-0.0,-0.0,0.0,1.0,False,1.0,-0.5657980364905775,1.0,chem
CPC001 PC3 6H-arp 101-10.0,arp 101,PC3,6H,10.0,79,23,0,0,1.0,1.0,0.0,0.0,-0.0,-0.0,0.0,1.0,False,1.0,-0.5657980364905775,1.0,chem
CPC001 PC3 6H-imd 0354-10.0,imd 0354,PC3,6H,10.0,178,74,0,0,1.0,1.0,0.0,0.0,-0.0,0.7976966656307956,-0.7976966656307956,1.0,False,1.0,-0.5657980364905775,1.0,chem
CPC001 PC3 6H-homoharringtonine-10.0,homoharringtonine,PC3,6H,10.0,220,129,1,1,0.4080462423202528,0.4637447472220899,1.975,1.6752618855761483,0.7230116137357857,0.22643220709627107,0.4965794066395146,0.5042574410326955,True,1.0,0.910368001927195,0.16727757414195268,chem
CPC001 PC3 6H-rs 17053 hydrochloride-10.0,rs 17053 hydrochloride,PC3,6H,10.0,45,11,0,0,1.0,1.0,0.0,0.0,-0.0,-0.0,0.0,1.0,False,1.0,-0.5657980364905775,1.0,chem
CPC001 PC3 6H-pyrrolidinedithiocarbamate ammonium-10.0,pyrrolidinedithiocarbamate ammonium,PC3,6H,10.0,40,18,0,0,1.0,1.0,0.0,0.0,-0.0,1.3103029095047494,-1.3103029095047494,1.0,False,1.0,-0.5657980364905775,1.0,chem
CPC001 PC3 6H-sch 58261-10.0,sch 58261,PC3,6H,10.0,43,11,0,0,1.0,1.0,0.0,0.0,-0.0,-0.0,0.0,1.0,False,1.0,-0.5657980364905775,1.0,chem
CPC001 PC3 6H-vorinostat-10.0,vorinostat,PC3,6H,10.0,180,122,0,2,1.0,0.0879331760963984,0.0,4.408707865168539,1.055847240088477,0.283755616191632,0.7720916238968452,0.301714389448953,True,1.0,1.5899153821673366,0.0789736754415195,chem
CPC001 PC3 6H-rg-13022-10.0,rg-13022,PC3,6H,10.0,52,26,0,0,1.0,1.0,0.0,0.0,-0.0,-0.0,0.0,1.0,False,1.0,-0.5657980364905775,1.0,chem
CPC001 PC3 6H-pd 407824-10.0,pd 407824,PC3,6H,10.0,59,42,0,0,1.0,1.0,0.0,0.0,-0.0,0.6732772051014339,-0.6732772051014339,1.0,False,1.0,-0.5657980364905775,1.0,chem
CPC001 PC3 6H-fk 888-10.0,fk 888,PC3,6H,10.0,31,10,0,0,1.0,1.0,0.0,0.0,-0.0,-0.0,0.0,1.0,False,1.0,-0.5657980364905775,1.0,chem
CPC001 PC3 6H-r(+)-skf-81297-10.0,r(+)-skf-81297,PC3,6H,10.0,60,13,0,0,1.0,1.0,0.0,0.0,-0.0,-0.0,0.0,1.0,False,1.0,-0.5657980364905775,1.0,chem
CPC001 PC3 6H-strophanthidin-10.0,strophanthidin,PC3,6H,10.0,58,30,0,0,1.0,1.0,0.0,0.0,-0.0,-0.0,0.0,1.0,False,1.0,-0.5657980364905775,1.0,chem
CPC001 PC3 6H-caffeic acid phenethyl ester-10.0,caffeic acid phenethyl ester,PC3,6H,10.0,23,9,0,0,1.0,1.0,0.0,0.0,-0.0,-0.0,0.0,1.0,False,1.0,-0.5657980364905775,1.0,chem
CPC001 PC3 6H-mdm2 inhibitor-10.0,mdm2 inhibitor,PC3,6H,10.0,29,15,0,0,1.0,1.0,0.0,0.0,-0.0,-0.0,0.0,1.0,False,1.0,-0.5657980364905775,1.0,chem
CPC001 PC3 6H-nnc 05-2090 hydrochloride-10.0,nnc 05-2090 hydrochloride,PC3,6H,10.0,22,17,0,0,1.0,1.0,0.0,0.0,-0.0,-0.0,0.0,1.0,False,1.0,-0.5657980364905775,1.0,chem
CPC001 PC3 6H-BRD-K85318537 (obaa)-10.0,brd-k85318537 (obaa),PC3,6H,10.0,26,8,0,1,1.0,0.06996231499774386,0.0,15.131764705882352,1.1551358284942217,-0.0,1.1551358284942217,0.25604797821898645,True,1.0,1.7926319629559841,0.06731089636787738,chem
CPC001 PC3 6H-rs 504393-10.0,rs 504393,PC3,6H,10.0,58,32,0,0,1.0,1.0,0.0,0.0,-0.0,-0.0,0.0,1.0,False,1.0,-0.5657980364905775,1.0,chem
CPC001 PC3 6H-piretanide-10.0,piretanide,PC3,6H,10.0,81,43,1,2,0.15936974499723136,0.020778029128145664,6.100952380952381,10.090189873417721,2.479989771502712,0.5534153623881152,1.9265744091145969,0.022220704649395694,True,1.0,4.497573846846238,0.003332222592469177,chem
CPC001 PC3 6H-ag 592-10.0,ag 592,PC3,6H,10.0,44,22,1,0,0.08485751299199006,1.0,12.241904761904761,0.0,1.071309700706131,-0.0,1.071309700706131,0.29418247712166845,True,1.0,1.621484943154353,0.07830723092302566,chem
CPC001 PC3 6H-mammea a/ba + a/bb-10.0,mammea a/ba + a/bb,PC3,6H,10.0,43,19,0,0,1.0,1.0,0.0,0.0,-0.0,-0.0,0.0,1.0,False,1.0,-0.5657980364905775,1.0,chem
CPC001 PC3 6H-tws119-10.0,tws119,PC3,6H,10.0,41,54,0,0,1.0,1.0,0.0,0.0,-0.0,-0.0,0.0,1.0,False,1.0,-0.5657980364905775,1.0,chem
CPC001 PC3 6H-dihydro-beta-tubaic acid-10.0,dihydro-beta-tubaic acid,PC3,6H,10.0,75,36,0,0,1.0,1.0,0.0,0.0,-0.0,-0.0,0.0,1.0,False,1.0,-0.5657980364905775,1.0,chem
CPC001 PC3 6H-pi 828-10.0,pi 828,PC3,6H,10.0,97,77,0,0,1.0,1.0,0.0,0.0,-0.0,1.2001373600462109,-1.2001373600462109,1.0,False,1.0,-0.5657980364905775,1.0,chem
CPC001 VCAP 24H-sb 205607 dihydrobromide-10.0,sb 205607 dihydrobromide,VCAP,24H,10.0,17,14,0,0,1.0,1.0,0.0,0.0,-0.0,2.5963031110760206,-2.5963031110760206,1.0,False,1.0,-0.5657980364905775,1.0,chem
CPC001 VCAP 24H-ub 165 fumarate-10.0,ub 165 fumarate,VCAP,24H,10.0,7,9,0,0,1.0,1.0,0.0,0.0,-0.0,-0.0,0.0,1.0,False,1.0,-0.5657980364905775,1.0,chem
CPC001 VCAP 24H-bmy 14802 hydrochloride-10.0,bmy 14802 hydrochloride,VCAP,24H,10.0,5,12,0,0,1.0,1.0,0.0,0.0,-0.0,-0.0,0.0,1.0,False,1.0,-0.5657980364905775,1.0,chem
CPC001 VCAP 24H-sdz 21009-10.0,sdz 21009,VCAP,24H,10.0,28,19,0,0,1.0,1.0,0.0,0.0,-0.0,-0.0,0.0,1.0,False,1.0,-0.5657980364905775,1.0,chem
CPC001 VCAP 24H-brefeldin a-10.0,brefeldin a,VCAP,24H,10.0,79,135,0,0,1.0,1.0,0.0,0.0,-0.0,-0.0,0.0,1.0,False,1.0,-0.5657980364905775,1.0,chem
CPC001 VCAP 24H-trichostatin a-10.0,trichostatin a,VCAP,24H,10.0,173,145,0,2,1.0,0.08213444727878974,0.0,4.594298245614035,1.0854746610842039,-0.0,1.0854746610842039,0.2874211019297318,True,1.0,1.650405410057511,0.0753082305898034,chem
CPC001 VCAP 24H-geldanamycin-10.0,geldanamycin,VCAP,24H,10.0,27,36,1,0,0.13520538753090064,1.0,7.329142857142857,0.0,0.8690060027115124,-0.0,0.8690060027115124,0.40574599594107874,True,1.0,1.208443378188409,0.11729423525491503,chem
CPC001 VCAP 24H-sb 205384-10.0,sb 205384,VCAP,24H,10.0,13,4,0,0,1.0,1.0,0.0,0.0,-0.0,-0.0,0.0,1.0,False,1.0,-0.5657980364905775,1.0,chem
CPC001 VCAP 24H-cgp 12177 hydrochloride-10.0,cgp 12177 hydrochloride,VCAP,24H,10.0,11,13,0,0,1.0,1.0,0.0,0.0,-0.0,-0.0,0.0,1.0,False,1.0,-0.5657980364905775,1.0,chem
CPC001 VCAP 24H-cyclosporine-10.0,cyclosporine,VCAP,24H,10.0,79,51,0,0,1.0,1.0,0.0,0.0,-0.0,-0.0,0.0,1.0,False,1.0,-0.5657980364905775,1.0,chem
CPC001 VCAP 24H-omdm-2-10.0,omdm-2,VCAP,24H,10.0,9,34,0,0,1.0,1.0,0.0,0.0,-0.0,-0.0,0.0,1.0,False,1.0,-0.5657980364905775,1.0,chem
CPC001 VCAP 24H-npc 15199-10.0,npc 15199,VCAP,24H,10.0,8,15,0,0,1.0,1.0,0.0,0.0,-0.0,-0.0,0.0,1.0,False,1.0,-0.5657980364905775,1.0,chem
CPC001 VCAP 24H-cucurbitacin i-10.0,cucurbitacin i,VCAP,24H,10.0,111,129,0,1,1.0,0.2678050399911292,0.0,3.3935828877005347,0.5721812539866702,1.7506515487476224,-1.1784702947609522,0.6206371159008817,True,1.0,0.6024190694424898,0.2315894701766078,chem
CPC001 VCAP 24H-kf 38789-10.0,kf 38789,VCAP,24H,10.0,29,15,0,0,1.0,1.0,0.0,0.0,-0.0,-0.0,0.0,1.0,False,1.0,-0.5657980364905775,1.0,chem
CPC001 VCAP 24H-rimcazole dihydrochloride-10.0,rimcazole dihydrochloride,VCAP,24H,10.0,33,19,0,1,1.0,0.0879929549047966,0.0,11.808823529411764,1.05555209794588,-0.0,1.05555209794588,0.30185970206486407,True,1.0,1.5893127932197586,0.07964011996001333,chem
CPC001 VCAP 24H-bw-b 70c-10.0,bw-b 70c,VCAP,24H,10.0,8,14,0,0,1.0,1.0,0.0,0.0,-0.0,-0.0,0.0,1.0,False,1.0,-0.5657980364905775,1.0,chem
CPC001 VCAP 24H-wortmannin-10.0,wortmannin,VCAP,24H,10.0,9,17,0,0,1.0,1.0,0.0,0.0,-0.0,-0.0,0.0,1.0,False,1.0,-0.5657980364905775,1.0,chem
CPC001 VCAP 24H-kn-62-10.0,kn-62,VCAP,24H,10.0,17,9,0,0,1.0,1.0,0.0,0.0,-0.0,1.1791272518929243,-1.1791272518929243,1.0,False,1.0,-0.5657980364905775,1.0,chem
CPC001 VCAP 24H-u 18666a-10.0,u 18666a,VCAP,24H,10.0,31,6,0,0,1.0,1.0,0.0,0.0,-0.0,-0.0,0.0,1.0,False,1.0,-0.5657980364905775,1.0,chem
CPC001 VCAP 24H-clofarabine-10.0,clofarabine,VCAP,24H,10.0,19,14,0,0,1.0,1.0,0.0,0.0,-0.0,-0.0,0.0,1.0,False,1.0,-0.5657980364905775,1.0,chem
CPC001 VCAP 24H-naproxen-10.0,naproxen,VCAP,24H,10.0,11,23,0,0,1.0,1.0,0.0,0.0,-0.0,-0.0,0.0,1.0,False,1.0,-0.5657980364905775,1.0,chem
CPC001 VCAP 24H-sarmentogenin-10.0,sarmentogenin,VCAP,24H,10.0,82,61,0,0,1.0,1.0,0.0,0.0,-0.0,-0.0,0.0,1.0,False,1.0,-0.5657980364905775,1.0,chem
CPC001 VCAP 24H-ntncb hydrochloride-10.0,ntncb hydrochloride,VCAP,24H,10.0,29,12,0,0,1.0,1.0,0.0,0.0,-0.0,0.9571337501189711,-0.9571337501189711,1.0,False,1.0,-0.5657980364905775,1.0,chem
CPC001 VCAP 24H-dibutyrylcyclic amp-10.0,dibutyrylcyclic amp,VCAP,24H,10.0,14,13,0,0,1.0,1.0,0.0,0.0,-0.0,-0.0,0.0,1.0,False,1.0,-0.5657980364905775,1.0,chem
CPC001 VCAP 24H-BRD-A95445494-10.0,brd-a95445494,VCAP,24H,10.0,12,7,0,1,1.0,0.03288624348897574,0.0,34.46524064171123,1.4829857320260909,-0.0,1.4829857320260909,0.14518292674490405,True,1.0,2.4620000396203032,0.036654448517160945,chem
CPC001 VCAP 24H-nisoxetine hydrochloride-10.0,nisoxetine hydrochloride,VCAP,24H,10.0,9,13,0,0,1.0,1.0,0.0,0.0,-0.0,-0.0,0.0,1.0,False,1.0,-0.5657980364905775,1.0,chem
CPC001 VCAP 24H-ebpc-10.0,ebpc,VCAP,24H,10.0,13,19,0,0,1.0,1.0,0.0,0.0,-0.0,-0.0,0.0,1.0,False,1.0,-0.5657980364905775,1.0,chem
CPC001 VCAP 24H-u-74389g-10.0,u-74389g,VCAP,24H,10.0,21,9,0,0,1.0,1.0,0.0,0.0,-0.0,-0.0,0.0,1.0,False,1.0,-0.5657980364905775,1.0,chem
CPC001 VCAP 24H-o-2050-10.0,o-2050,VCAP,24H,10.0,21,16,1,0,0.06242756975790336,1.0,17.154666666666667,0.0,1.2046235713841937,-0.0,1.2046235713841937,0.23558593388225837,True,1.0,1.8936706240013699,0.061312895701432855,chem
CPC001 VCAP 24H-rottlerin ncgc00025228-11-10.0,rottlerin ncgc00025228-11,VCAP,24H,10.0,91,21,0,0,1.0,1.0,0.0,0.0,-0.0,0.5108615299787004,-0.5108615299787004,1.0,False,1.0,-0.5657980364905775,1.0,chem
CPC001 VCAP 24H-benoxinate hydrochloride-10.0,benoxinate hydrochloride,VCAP,24H,10.0,4,11,0,0,1.0,1.0,0.0,0.0,-0.0,-0.0,0.0,1.0,False,1.0,-0.5657980364905775,1.0,chem
CPC001 VCAP 24H-jak3 inhibitor vi-10.0,jak3 inhibitor vi,VCAP,24H,10.0,51,43,0,0,1.0,1.0,0.0,0.0,-0.0,-0.0,0.0,1.0,False,1.0,-0.5657980364905775,1.0,chem
CPC001 VCAP 24H-aminogenistein-10.0,aminogenistein,VCAP,24H,10.0,5,10,0,0,1.0,1.0,0.0,0.0,-0.0,-0.0,0.0,1.0,False,1.0,-0.5657980364905775,1.0,chem
CPC001 VCAP 24H-zk 164015-10.0,zk 164015,VCAP,24H,10.0,18,21,0,0,1.0,1.0,0.0,0.0,-0.0,-0.0,0.0,1.0,False,1.0,-0.5657980364905775,1.0,chem
CPC001 VCAP 24H-ryuvidine-10.0,ryuvidine,VCAP,24H,10.0,110,65,0,0,1.0,1.0,0.0,0.0,-0.0,-0.0,0.0,1.0,False,1.0,-0.5657980364905775,1.0,chem
CPC001 VCAP 24H-selinidin-10.0,selinidin,VCAP,24H,10.0,18,6,0,0,1.0,1.0,0.0,0.0,-0.0,-0.0,0.0,1.0,False,1.0,-0.5657980364905775,1.0,chem
CPC001 VCAP 24H-hispidin-10.0,hispidin,VCAP,24H,10.0,21,7,0,0,1.0,1.0,0.0,0.0,-0.0,-0.0,0.0,1.0,False,1.0,-0.5657980364905775,1.0,chem
CPC001 VCAP 24H-ag 825-10.0,ag 825,VCAP,24H,10.0,4,7,0,0,1.0,1.0,0.0,0.0,-0.0,-0.0,0.0,1.0,False,1.0,-0.5657980364905775,1.0,chem
CPC001 VCAP 24H-angiogenesis inhibitor-10.0,angiogenesis inhibitor,VCAP,24H,10.0,14,10,0,0,1.0,1.0,0.0,0.0,-0.0,-0.0,0.0,1.0,False,1.0,-0.5657980364905775,1.0,chem
CPC001 VCAP 24H-mibefradil dihydrochloride-10.0,mibefradil dihydrochloride,VCAP,24H,10.0,35,39,0,0,1.0,1.0,0.0,0.0,-0.0,0.9863854370713357,-0.9863854370713357,1.0,False,1.0,-0.5657980364905775,1.0,chem
CPC001 VCAP 24H-m-3m3fbs-10.0,m-3m3fbs,VCAP,24H,10.0,5,15,0,0,1.0,1.0,0.0,0.0,-0.0,-0.0,0.0,1.0,False,1.0,-0.5657980364905775,1.0,chem
CPC001 VCAP 24H-ic 261-10.0,ic 261,VCAP,24H,10.0,45,14,1,0,0.05483414750113047,1.0,19.8,0.0,1.2609489040575608,0.7794899098274045,0.48145899423015626,0.21404192258836766,True,1.0,2.0086695280513283,0.05664778407197601,chem
CPC001 VCAP 24H-gbr 13069 dihydrochloride-10.0,gbr 13069 dihydrochloride,VCAP,24H,10.0,9,8,0,0,1.0,1.0,0.0,0.0,-0.0,-0.0,0.0,1.0,False,1.0,-0.5657980364905775,1.0,chem
CPC001 VCAP 24H-gr 127935 hydrochloride-10.0,gr 127935 hydrochloride,VCAP,24H,10.0,24,5,0,0,1.0,1.0,0.0,0.0,-0.0,-0.0,0.0,1.0,False,1.0,-0.5657980364905775,1.0,chem
CPC001 VCAP 24H-gr 144053 trihydrochloride-10.0,gr 144053 trihydrochloride,VCAP,24H,10.0,2,8,0,0,1.0,1.0,0.0,0.0,-0.0,-0.0,0.0,1.0,False,1.0,-0.5657980364905775,1.0,chem
CPC001 VCAP 24H-dichlorobenzamil-10.0,dichlorobenzamil,VCAP,24H,10.0,13,10,0,0,1.0,1.0,0.0,0.0,-0.0,-0.0,0.0,1.0,False,1.0,-0.5657980364905775,1.0,chem
"CPC001 VCAP 24H-ly-165,163-10.0","ly-165,163",VCAP,24H,10.0,5,6,0,0,1.0,1.0,0.0,0.0,-0.0,-0.0,0.0,1.0,False,1.0,-0.5657980364905775,1.0,chem
CPC001 VCAP 24H-ag 556-10.0,ag 556,VCAP,24H,10.0,11,18,0,0,1.0,1.0,0.0,0.0,-0.0,-0.0,0.0,1.0,False,1.0,-0.5657980364905775,1.0,chem
CPC001 VCAP 24H-ikk 16-10.0,ikk 16,VCAP,24H,10.0,69,86,1,0,0.2941649340268648,1.0,2.9943529411764707,0.0,0.5314090986590809,0.6692149103636079,-0.137805811704527,0.6541094623645473,True,1.0,0.5191749418735019,0.24591802732422527,chem
"CPC001 VCAP 24H-l-733,060 hydrochloride-10.0","l-733,060 hydrochloride",VCAP,24H,10.0,14,14,0,0,1.0,1.0,0.0,0.0,-0.0,-0.0,0.0,1.0,False,1.0,-0.5657980364905775,1.0,chem
CPC001 VCAP 24H-z-leu3-vs-10.0,z-leu3-vs,VCAP,24H,10.0,118,105,0,0,1.0,1.0,0.0,0.0,-0.0,1.0124078596258304,-1.0124078596258304,1.0,False,1.0,-0.5657980364905775,1.0,chem
CPC001 VCAP 24H-ibudilast-10.0,ibudilast,VCAP,24H,10.0,8,11,0,0,1.0,1.0,0.0,0.0,-0.0,-0.0,0.0,1.0,False,1.0,-0.5657980364905775,1.0,chem
CPC001 VCAP 24H-bd 1008 dihydrobromide-10.0,bd 1008 dihydrobromide,VCAP,24H,10.0,13,18,0,0,1.0,1.0,0.0,0.0,-0.0,-0.0,0.0,1.0,False,1.0,-0.5657980364905775,1.0,chem
CPC001 VCAP 24H-fit-10.0,fit,VCAP,24H,10.0,24,15,0,0,1.0,1.0,0.0,0.0,-0.0,-0.0,0.0,1.0,False,1.0,-0.5657980364905775,1.0,chem
CPC001 VCAP 24H-dfb-10.0,dfb,VCAP,24H,10.0,6,5,0,0,1.0,1.0,0.0,0.0,-0.0,-0.0,0.0,1.0,False,1.0,-0.5657980364905775,1.0,chem
CPC001 VCAP 24H-resveratrol-10.0,resveratrol,VCAP,24H,10.0,22,11,0,0,1.0,1.0,0.0,0.0,-0.0,-0.0,0.0,1.0,False,1.0,-0.5657980364905775,1.0,chem
CPC001 VCAP 24H-odq-10.0,odq,VCAP,24H,10.0,12,28,1,0,0.10677101752605844,1.0,9.512592592592593,0.0,0.9715466184374293,-0.0,0.9715466184374293,0.34562512538846096,True,1.0,1.4177995926908786,0.0923025658113962,chem
CPC001 VCAP 24H-prostaglandin e2-10.0,prostaglandin e2,VCAP,24H,10.0,16,11,0,0,1.0,1.0,0.0,0.0,-0.0,1.2046235713841937,-1.2046235713841937,1.0,False,1.0,-0.5657980364905775,1.0,chem
CPC001 VCAP 24H-pdgf receptor tyrosine kinase inhibitor i-10.0,pdgf receptor tyrosine kinase inhibitor i,VCAP,24H,10.0,10,11,0,0,1.0,1.0,0.0,0.0,-0.0,-0.0,0.0,1.0,False,1.0,-0.5657980364905775,1.0,chem
CPC001 VCAP 24H-bd 1063 dihydrochloride-10.0,bd 1063 dihydrochloride,VCAP,24H,10.0,27,9,0,0,1.0,1.0,0.0,0.0,-0.0,-0.0,0.0,1.0,False,1.0,-0.5657980364905775,1.0,chem
CPC001 VCAP 24H-danazol-10.0,danazol,VCAP,24H,10.0,63,82,0,0,1.0,1.0,0.0,0.0,-0.0,-0.0,0.0,1.0,False,1.0,-0.5657980364905775,1.0,chem
CPC001 VCAP 24H-sb 225002-10.0,sb 225002,VCAP,24H,10.0,55,14,0,0,1.0,1.0,0.0,0.0,-0.0,-0.0,0.0,1.0,False,1.0,-0.5657980364905775,1.0,chem
CPC001 VCAP 24H-vegf receptor 2 kinase inhibitor iv-10.0,vegf receptor 2 kinase inhibitor iv,VCAP,24H,10.0,4,17,0,0,1.0,1.0,0.0,0.0,-0.0,-0.0,0.0,1.0,False,1.0,-0.5657980364905775,1.0,chem
CPC001 VCAP 24H-t 98475-10.0,t 98475,VCAP,24H,10.0,54,18,0,0,1.0,1.0,0.0,0.0,-0.0,0.7076649469372981,-0.7076649469372981,1.0,False,1.0,-0.5657980364905775,1.0,chem
CPC001 VCAP 24H-lylamine hydrochloride-10.0,lylamine hydrochloride,VCAP,24H,10.0,56,26,0,0,1.0,1.0,0.0,0.0,-0.0,-0.0,0.0,1.0,False,1.0,-0.5657980364905775,1.0,chem
CPC001 VCAP 24H-dy131-10.0,dy131,VCAP,24H,10.0,14,7,0,0,1.0,1.0,0.0,0.0,-0.0,-0.0,0.0,1.0,False,1.0,-0.5657980364905775,1.0,chem
CPC001 VCAP 24H-scoulerine-10.0,scoulerine,VCAP,24H,10.0,32,25,0,0,1.0,1.0,0.0,0.0,-0.0,-0.0,0.0,1.0,False,1.0,-0.5657980364905775,1.0,chem
CPC001 VCAP 24H-fraxidin methyl ether-10.0,fraxidin methyl ether,VCAP,24H,10.0,5,8,0,0,1.0,1.0,0.0,0.0,-0.0,-0.0,0.0,1.0,False,1.0,-0.5657980364905775,1.0,chem
CPC001 VCAP 24H-milrinone-10.0,milrinone,VCAP,24H,10.0,8,12,0,0,1.0,1.0,0.0,0.0,-0.0,-0.0,0.0,1.0,False,1.0,-0.5657980364905775,1.0,chem
CPC001 VCAP 24H-tyrphostin ag 1478-10.0,tyrphostin ag 1478,VCAP,24H,10.0,46,8,0,0,1.0,1.0,0.0,0.0,-0.0,-0.0,0.0,1.0,False,1.0,-0.5657980364905775,1.0,chem
CPC001 VCAP 24H-ryanodine-10.0,ryanodine,VCAP,24H,10.0,7,16,0,0,1.0,1.0,0.0,0.0,-0.0,-0.0,0.0,1.0,False,1.0,-0.5657980364905775,1.0,chem
CPC001 VCAP 24H-clobenpropit dihydrobromide-10.0,clobenpropit dihydrobromide,VCAP,24H,10.0,13,4,0,0,1.0,1.0,0.0,0.0,-0.0,-0.0,0.0,1.0,False,1.0,-0.5657980364905775,1.0,chem
CPC001 VCAP 24H-arp 101-10.0,arp 101,VCAP,24H,10.0,43,11,0,0,1.0,1.0,0.0,0.0,-0.0,-0.0,0.0,1.0,False,1.0,-0.5657980364905775,1.0,chem
CPC001 VCAP 24H-purmorphamine-10.0,purmorphamine,VCAP,24H,10.0,6,4,0,0,1.0,1.0,0.0,0.0,-0.0,-0.0,0.0,1.0,False,1.0,-0.5657980364905775,1.0,chem
"CPC001 VCAP 24H-l-689,560-10.0","l-689,560",VCAP,24H,10.0,12,14,0,0,1.0,1.0,0.0,0.0,-0.0,-0.0,0.0,1.0,False,1.0,-0.5657980364905775,1.0,chem
CPC001 VCAP 24H-imd 0354-10.0,imd 0354,VCAP,24H,10.0,141,129,0,0,1.0,1.0,0.0,0.0,-0.0,-0.0,0.0,1.0,False,1.0,-0.5657980364905775,1.0,chem
CPC001 VCAP 24H-dcb-10.0,dcb,VCAP,24H,10.0,13,23,0,0,1.0,1.0,0.0,0.0,-0.0,1.2066826316139636,-1.2066826316139636,1.0,False,1.0,-0.5657980364905775,1.0,chem
CPC001 VCAP 24H-rs 17053 hydrochloride-10.0,rs 17053 hydrochloride,VCAP,24H,10.0,51,11,0,0,1.0,1.0,0.0,0.0,-0.0,-0.0,0.0,1.0,False,1.0,-0.5657980364905775,1.0,chem
CPC001 VCAP 24H-pd 169316-10.0,pd 169316,VCAP,24H,10.0,8,11,0,0,1.0,1.0,0.0,0.0,-0.0,-0.0,0.0,1.0,False,1.0,-0.5657980364905775,1.0,chem
CPC001 VCAP 24H-ly 320135-10.0,ly 320135,VCAP,24H,10.0,16,4,0,1,1.0,0.04361942557176887,0.0,25.258823529411764,1.3603200579836752,-0.0,1.3603200579836752,0.18024648853367325,True,1.0,2.2115546820894214,0.04798400533155615,chem
CPC001 VCAP 24H-ag 494-10.0,ag 494,VCAP,24H,10.0,10,10,0,0,1.0,1.0,0.0,0.0,-0.0,-0.0,0.0,1.0,False,1.0,-0.5657980364905775,1.0,chem
CPC001 VCAP 24H-vorinostat-10.0,vorinostat,VCAP,24H,10.0,177,166,0,1,1.0,0.3932511776498984,0.0,2.0989304812834226,0.40532996814247163,0.42729061776539096,-0.021960649622919326,0.7602751532028084,True,1.0,0.26176036223733984,0.2902365878040653,chem
CPC001 VCAP 24H-pd 407824-10.0,pd 407824,VCAP,24H,10.0,34,33,1,0,0.12464601989828769,1.0,8.02,0.0,0.9043215844992204,-0.0,0.9043215844992204,0.3841936101001166,True,1.0,1.2805468706795138,0.10863045651449517,chem
CPC001 VCAP 24H-fk 888-10.0,fk 888,VCAP,24H,10.0,22,7,0,0,1.0,1.0,0.0,0.0,-0.0,-0.0,0.0,1.0,False,1.0,-0.5657980364905775,1.0,chem
CPC001 VCAP 24H-sant-1-10.0,sant-1,VCAP,24H,10.0,11,7,0,0,1.0,1.0,0.0,0.0,-0.0,-0.0,0.0,1.0,False,1.0,-0.5657980364905775,1.0,chem
CPC001 VCAP 24H-r(+)-skf-81297-10.0,r(+)-skf-81297,VCAP,24H,10.0,17,27,0,1,1.0,0.04628508836825511,0.0,23.676470588235293,1.334558902771708,-0.0,1.334558902771708,0.18851617653849506,True,1.0,2.158958372829842,0.04965011662779074,chem
CPC001 VCAP 24H-strophanthidin-10.0,strophanthidin,VCAP,24H,10.0,104,89,0,0,1.0,1.0,0.0,0.0,-0.0,0.6559848708780861,-0.6559848708780861,1.0,False,1.0,-0.5657980364905775,1.0,chem
CPC001 VCAP 24H-mdm2 inhibitor-10.0,mdm2 inhibitor,VCAP,24H,10.0,9,5,0,0,1.0,1.0,0.0,0.0,-0.0,-0.0,0.0,1.0,False,1.0,-0.5657980364905775,1.0,chem
CPC001 VCAP 24H-dmp 543-10.0,dmp 543,VCAP,24H,10.0,10,14,0,0,1.0,1.0,0.0,0.0,-0.0,-0.0,0.0,1.0,False,1.0,-0.5657980364905775,1.0,chem
CPC001 VCAP 24H-ag 592-10.0,ag 592,VCAP,24H,10.0,104,52,0,0,1.0,1.0,0.0,0.0,-0.0,0.46320220766619413,-0.46320220766619413,1.0,False,1.0,-0.5657980364905775,1.0,chem
CPC001 VCAP 24H-spironolactone-10.0,spironolactone,VCAP,24H,10.0,33,31,0,0,1.0,1.0,0.0,0.0,-0.0,1.0815747838474978,-1.0815747838474978,1.0,False,1.0,-0.5657980364905775,1.0,chem
CPC001 VCAP 24H-norethindrone-10.0,norethindrone,VCAP,24H,10.0,82,107,1,0,0.3521884880253418,1.0,2.393207547169811,0.0,0.45322484390758244,0.5859223517808939,-0.13269750787331147,0.7197284388251124,True,1.0,0.3595468813962584,0.2735754748417194,chem
CPC001 VCAP 24H-mammea a/ba + a/bb-10.0,mammea a/ba + a/bb,VCAP,24H,10.0,6,9,0,0,1.0,1.0,0.0,0.0,-0.0,-0.0,0.0,1.0,False,1.0,-0.5657980364905775,1.0,chem
CPC001 VCAP 24H-tws119-10.0,tws119,VCAP,24H,10.0,11,21,0,0,1.0,1.0,0.0,0.0,-0.0,-0.0,0.0,1.0,False,1.0,-0.5657980364905775,1.0,chem
CPC001 VCAP 24H-sr 49059-10.0,sr 49059,VCAP,24H,10.0,8,11,0,0,1.0,1.0,0.0,0.0,-0.0,-0.0,0.0,1.0,False,1.0,-0.5657980364905775,1.0,chem
CPC001 VCAP 24H-azacyclonol-10.0,azacyclonol,VCAP,24H,10.0,14,17,0,0,1.0,1.0,0.0,0.0,-0.0,-0.0,0.0,1.0,False,1.0,-0.5657980364905775,1.0,chem
CPC001 VCAP 24H-pi 828-10.0,pi 828,VCAP,24H,10.0,21,81,1,0,0.27963056333538894,1.0,3.184,0.0,0.5534153623881152,-0.0,0.5534153623881152,0.6359598652064666,True,1.0,0.5641049243691031,0.23858713762079306,chem
CPC001 VCAP 6H-n-benzylnaltrindole hydrochloride-10.0,n-benzylnaltrindole hydrochloride,VCAP,6H,10.0,16,21,0,0,1.0,1.0,0.0,0.0,-0.0,-0.0,0.0,1.0,False,1.0,-0.5657980364905775,1.0,chem
CPC001 VCAP 6H-cilnidipine-10.0,cilnidipine,VCAP,6H,10.0,16,23,0,0,1.0,1.0,0.0,0.0,-0.0,-0.0,0.0,1.0,False,1.0,-0.5657980364905775,1.0,chem
CPC001 VCAP 6H-sb 205607 dihydrobromide-10.0,sb 205607 dihydrobromide,VCAP,6H,10.0,18,5,0,0,1.0,1.0,0.0,0.0,-0.0,-0.0,0.0,1.0,False,1.0,-0.5657980364905775,1.0,chem
"CPC001 VCAP 6H-ly-278,584-10.0","ly-278,584",VCAP,6H,10.0,7,3,0,0,1.0,1.0,0.0,0.0,-0.0,-0.0,0.0,1.0,False,1.0,-0.5657980364905775,1.0,chem
CPC001 VCAP 6H-brefeldin a-10.0,brefeldin a,VCAP,6H,10.0,109,40,0,0,1.0,1.0,0.0,0.0,-0.0,0.4467617988997304,-0.4467617988997304,1.0,False,1.0,-0.5657980364905775,1.0,chem
CPC001 VCAP 6H-trichostatin a-10.0,trichostatin a,VCAP,6H,10.0,142,118,0,1,1.0,0.329502428825324,0.0,2.634543178973717,0.4821413797906146,0.5494611385281714,-0.06731975873755675,0.6953066522222757,True,1.0,0.4185855018115866,0.263245584805065,chem
CPC001 VCAP 6H-geldanamycin-10.0,geldanamycin,VCAP,6H,10.0,90,28,0,0,1.0,1.0,0.0,0.0,-0.0,1.6389449311427344,-1.6389449311427344,1.0,False,1.0,-0.5657980364905775,1.0,chem
CPC001 VCAP 6H-vinblastine sulfate-10.0,vinblastine sulfate,VCAP,6H,10.0,12,1,0,0,1.0,1.0,0.0,0.0,-0.0,-0.0,0.0,1.0,False,1.0,-0.5657980364905775,1.0,chem
CPC001 VCAP 6H-taxol-10.0,taxol,VCAP,6H,10.0,6,8,0,0,1.0,1.0,0.0,0.0,-0.0,-0.0,0.0,1.0,False,1.0,-0.5657980364905775,1.0,chem
CPC001 VCAP 6H-amt hydrochloride-10.0,amt hydrochloride,VCAP,6H,10.0,9,12,1,0,0.04718160969317025,1.0,23.407272727272726,0.0,1.3262272463894653,-0.0,1.3262272463894653,0.19126250160175143,True,1.0,2.141947708047177,0.05031656114628457,chem
CPC001 VCAP 6H-genistin-10.0,genistin,VCAP,6H,10.0,23,16,0,0,1.0,1.0,0.0,0.0,-0.0,-0.0,0.0,1.0,False,1.0,-0.5657980364905775,1.0,chem
CPC001 VCAP 6H-cyclosporine-10.0,cyclosporine,VCAP,6H,10.0,78,36,0,1,1.0,0.19625499689546985,0.0,4.87318563789152,0.7071792767661395,0.5673958234598213,0.13978345330631814,0.515824948965911,True,1.0,0.8780432678574065,0.17594135288237253,chem
CPC001 VCAP 6H-estradiol valerate-10.0,estradiol valerate,VCAP,6H,10.0,22,9,0,0,1.0,1.0,0.0,0.0,-0.0,-0.0,0.0,1.0,False,1.0,-0.5657980364905775,1.0,chem
CPC001 VCAP 6H-lfm-a12-10.0,lfm-a12,VCAP,6H,10.0,11,2,0,0,1.0,1.0,0.0,0.0,-0.0,-0.0,0.0,1.0,False,1.0,-0.5657980364905775,1.0,chem
CPC001 VCAP 6H-ciprofibrate-10.0,ciprofibrate,VCAP,6H,10.0,24,14,0,0,1.0,1.0,0.0,0.0,-0.0,1.0351804047520146,-1.0351804047520146,1.0,False,1.0,-0.5657980364905775,1.0,chem
CPC001 VCAP 6H-cucurbitacin i-10.0,cucurbitacin i,VCAP,6H,10.0,68,39,0,0,1.0,1.0,0.0,0.0,-0.0,0.6189177682174618,-0.6189177682174618,1.0,False,1.0,-0.5657980364905775,1.0,chem
CPC001 VCAP 6H-foliosidine-10.0,foliosidine,VCAP,6H,10.0,29,39,1,0,0.14564222006616478,1.0,6.747368421052632,0.0,0.8367127096121924,-0.0,0.8367127096121924,0.42623684344579826,True,1.0,1.142510464198859,0.12862379206931024,chem
"CPC001 VCAP 6H-ici-185,282-10.0","ici-185,282",VCAP,6H,10.0,8,4,0,0,1.0,1.0,0.0,0.0,-0.0,-0.0,0.0,1.0,False,1.0,-0.5657980364905775,1.0,chem
CPC001 VCAP 6H-kf 38789-10.0,kf 38789,VCAP,6H,10.0,7,14,0,0,1.0,1.0,0.0,0.0,-0.0,-0.0,0.0,1.0,False,1.0,-0.5657980364905775,1.0,chem
CPC001 VCAP 6H-fluticasone propionate-10.0,fluticasone propionate,VCAP,6H,10.0,12,5,0,0,1.0,1.0,0.0,0.0,-0.0,-0.0,0.0,1.0,False,1.0,-0.5657980364905775,1.0,chem
CPC001 VCAP 6H-rimcazole dihydrochloride-10.0,rimcazole dihydrochloride,VCAP,6H,10.0,32,8,0,0,1.0,1.0,0.0,0.0,-0.0,-0.0,0.0,1.0,False,1.0,-0.5657980364905775,1.0,chem
CPC001 VCAP 6H-ro 04-5595-10.0,ro 04-5595,VCAP,6H,10.0,7,17,0,0,1.0,1.0,0.0,0.0,-0.0,-0.0,0.0,1.0,False,1.0,-0.5657980364905775,1.0,chem
CPC001 VCAP 6H-nemonapride-10.0,nemonapride,VCAP,6H,10.0,6,8,0,0,1.0,1.0,0.0,0.0,-0.0,-0.0,0.0,1.0,False,1.0,-0.5657980364905775,1.0,chem
CPC001 VCAP 6H-bw-b 70c-10.0,bw-b 70c,VCAP,6H,10.0,5,7,0,0,1.0,1.0,0.0,0.0,-0.0,-0.0,0.0,1.0,False,1.0,-0.5657980364905775,1.0,chem
CPC001 VCAP 6H-nafadotride-10.0,nafadotride,VCAP,6H,10.0,6,6,0,0,1.0,1.0,0.0,0.0,-0.0,-0.0,0.0,1.0,False,1.0,-0.5657980364905775,1.0,chem
CPC001 VCAP 6H-isoxsuprine hydrochloride-10.0,isoxsuprine hydrochloride,VCAP,6H,10.0,7,15,0,1,1.0,0.01930975314434343,0.0,63.23529411764706,1.7142232782006543,-0.0,1.7142232782006543,0.09552814807139608,True,1.0,2.9341155713559965,0.021992669110296566,chem
CPC001 VCAP 6H-wortmannin-10.0,wortmannin,VCAP,6H,10.0,28,16,0,0,1.0,1.0,0.0,0.0,-0.0,1.3603200579836752,-1.3603200579836752,1.0,False,1.0,-0.5657980364905775,1.0,chem
CPC001 VCAP 6H-u 18666a-10.0,u 18666a,VCAP,6H,10.0,18,8,0,0,1.0,1.0,0.0,0.0,-0.0,-0.0,0.0,1.0,False,1.0,-0.5657980364905775,1.0,chem
CPC001 VCAP 6H-clofarabine-10.0,clofarabine,VCAP,6H,10.0,15,35,0,0,1.0,1.0,0.0,0.0,-0.0,-0.0,0.0,1.0,False,1.0,-0.5657980364905775,1.0,chem
CPC001 VCAP 6H-sarmentogenin-10.0,sarmentogenin,VCAP,6H,10.0,14,40,1,0,0.14909417069216008,1.0,6.573333333333333,0.0,0.8265393363304978,0.9759533711534798,-0.149414034822982,0.43284679023867423,True,1.0,1.1217395832762296,0.13328890369876709,chem
CPC001 VCAP 6H-ntncb hydrochloride-10.0,ntncb hydrochloride,VCAP,6H,10.0,31,6,0,0,1.0,1.0,0.0,0.0,-0.0,-0.0,0.0,1.0,False,1.0,-0.5657980364905775,1.0,chem
CPC001 VCAP 6H-dibutyrylcyclic amp-10.0,dibutyrylcyclic amp,VCAP,6H,10.0,12,22,1,0,0.08485751299199006,1.0,12.241904761904761,0.0,1.071309700706131,-0.0,1.071309700706131,0.29418247712166845,True,1.0,1.621484943154353,0.07830723092302566,chem
"CPC001 VCAP 6H-l-732,138-10.0","l-732,138",VCAP,6H,10.0,8,5,0,0,1.0,1.0,0.0,0.0,-0.0,-0.0,0.0,1.0,False,1.0,-0.5657980364905775,1.0,chem
CPC001 VCAP 6H-u-74389g-10.0,u-74389g,VCAP,6H,10.0,27,22,0,0,1.0,1.0,0.0,0.0,-0.0,1.2254211631043967,-1.2254211631043967,1.0,False,1.0,-0.5657980364905775,1.0,chem
CPC001 VCAP 6H-esculin hydrate-10.0,esculin hydrate,VCAP,6H,10.0,4,7,0,0,1.0,1.0,0.0,0.0,-0.0,-0.0,0.0,1.0,False,1.0,-0.5657980364905775,1.0,chem
CPC001 VCAP 6H-gr 32191 hydrochloride-10.0,gr 32191 hydrochloride,VCAP,6H,10.0,12,11,0,0,1.0,1.0,0.0,0.0,-0.0,-0.0,0.0,1.0,False,1.0,-0.5657980364905775,1.0,chem
CPC001 VCAP 6H-rottlerin ncgc00025228-11-10.0,rottlerin ncgc00025228-11,VCAP,6H,10.0,18,6,0,0,1.0,1.0,0.0,0.0,-0.0,-0.0,0.0,1.0,False,1.0,-0.5657980364905775,1.0,chem
CPC001 VCAP 6H-sb 222200-10.0,sb 222200,VCAP,6H,10.0,14,7,0,0,1.0,1.0,0.0,0.0,-0.0,-0.0,0.0,1.0,False,1.0,-0.5657980364905775,1.0,chem
CPC001 VCAP 6H-jak3 inhibitor vi-10.0,jak3 inhibitor vi,VCAP,6H,10.0,62,113,0,1,1.0,0.15923366916048404,0.0,6.166827386692382,0.7979650974991642,-0.0,0.7979650974991642,0.451806832374428,True,1.0,1.0633998275446332,0.13962012662445852,chem
CPC001 VCAP 6H-zk 164015-10.0,zk 164015,VCAP,6H,10.0,20,2,0,0,1.0,1.0,0.0,0.0,-0.0,-0.0,0.0,1.0,False,1.0,-0.5657980364905775,1.0,chem
CPC001 VCAP 6H-ryuvidine-10.0,ryuvidine,VCAP,6H,10.0,31,20,0,0,1.0,1.0,0.0,0.0,-0.0,-0.0,0.0,1.0,False,1.0,-0.5657980364905775,1.0,chem
CPC001 VCAP 6H-angiogenesis inhibitor-10.0,angiogenesis inhibitor,VCAP,6H,10.0,6,14,0,0,1.0,1.0,0.0,0.0,-0.0,-0.0,0.0,1.0,False,1.0,-0.5657980364905775,1.0,chem
CPC001 VCAP 6H-mibefradil dihydrochloride-10.0,mibefradil dihydrochloride,VCAP,6H,10.0,20,2,0,0,1.0,1.0,0.0,0.0,-0.0,-0.0,0.0,1.0,False,1.0,-0.5657980364905775,1.0,chem
"CPC001 VCAP 6H-mapp, l-erythro-10.0","mapp, l-erythro",VCAP,6H,10.0,9,5,0,0,1.0,1.0,0.0,0.0,-0.0,-0.0,0.0,1.0,False,1.0,-0.5657980364905775,1.0,chem
"CPC001 VCAP 6H-na-tosyl-lys chloromethyl ketone, hydrochloride-10.0","na-tosyl-lys chloromethyl ketone, hydrochloride",VCAP,6H,10.0,12,9,0,0,1.0,1.0,0.0,0.0,-0.0,-0.0,0.0,1.0,False,1.0,-0.5657980364905775,1.0,chem
CPC001 VCAP 6H-zd 7155 hydrochloride-10.0,zd 7155 hydrochloride,VCAP,6H,10.0,7,5,0,0,1.0,1.0,0.0,0.0,-0.0,-0.0,0.0,1.0,False,1.0,-0.5657980364905775,1.0,chem
CPC001 VCAP 6H-gr 127935 hydrochloride-10.0,gr 127935 hydrochloride,VCAP,6H,10.0,9,5,0,0,1.0,1.0,0.0,0.0,-0.0,-0.0,0.0,1.0,False,1.0,-0.5657980364905775,1.0,chem
CPC001 VCAP 6H-dichlorobenzamil-10.0,dichlorobenzamil,VCAP,6H,10.0,25,13,0,0,1.0,1.0,0.0,0.0,-0.0,-0.0,0.0,1.0,False,1.0,-0.5657980364905775,1.0,chem
CPC001 VCAP 6H-cyclosporin a-10.0,cyclosporin a,VCAP,6H,10.0,18,5,0,0,1.0,1.0,0.0,0.0,-0.0,1.8592117048991499,-1.8592117048991499,1.0,False,1.0,-0.5657980364905775,1.0,chem
CPC001 VCAP 6H-cosmosiin-10.0,cosmosiin,VCAP,6H,10.0,9,6,0,0,1.0,1.0,0.0,0.0,-0.0,-0.0,0.0,1.0,False,1.0,-0.5657980364905775,1.0,chem
CPC001 VCAP 6H-ag 556-10.0,ag 556,VCAP,6H,10.0,12,2,0,0,1.0,1.0,0.0,0.0,-0.0,-0.0,0.0,1.0,False,1.0,-0.5657980364905775,1.0,chem
CPC001 VCAP 6H-ikk 16-10.0,ikk 16,VCAP,6H,10.0,44,25,1,0,0.09587810025095982,1.0,10.706666666666667,0.0,1.0182805797562287,-0.0,1.0182805797562287,0.32068134223924377,True,1.0,1.5132158837004888,0.08597134288570477,chem
"CPC001 VCAP 6H-l-733,060 hydrochloride-10.0","l-733,060 hydrochloride",VCAP,6H,10.0,26,3,0,0,1.0,1.0,0.0,0.0,-0.0,-0.0,0.0,1.0,False,1.0,-0.5657980364905775,1.0,chem
CPC001 VCAP 6H-z-leu3-vs-10.0,z-leu3-vs,VCAP,6H,10.0,98,74,0,0,1.0,1.0,0.0,0.0,-0.0,1.7564377932182391,-1.7564377932182391,1.0,False,1.0,-0.5657980364905775,1.0,chem
CPC001 VCAP 6H-estriol-10.0,estriol,VCAP,6H,10.0,6,8,0,0,1.0,1.0,0.0,0.0,-0.0,-0.0,0.0,1.0,False,1.0,-0.5657980364905775,1.0,chem
CPC001 VCAP 6H-fit-10.0,fit,VCAP,6H,10.0,19,8,0,0,1.0,1.0,0.0,0.0,-0.0,-0.0,0.0,1.0,False,1.0,-0.5657980364905775,1.0,chem
CPC001 VCAP 6H-digoxin-10.0,digoxin,VCAP,6H,10.0,26,39,1,0,0.14564222006616478,1.0,6.747368421052632,0.0,0.8367127096121924,-0.0,0.8367127096121924,0.42623684344579826,True,1.0,1.142510464198859,0.12862379206931024,chem
CPC001 VCAP 6H-arecaidine propargyl ester tosylate-10.0,arecaidine propargyl ester tosylate,VCAP,6H,10.0,6,7,0,0,1.0,1.0,0.0,0.0,-0.0,1.7142232782006543,-1.7142232782006543,1.0,False,1.0,-0.5657980364905775,1.0,chem
CPC001 VCAP 6H-resveratrol-10.0,resveratrol,VCAP,6H,10.0,14,8,0,0,1.0,1.0,0.0,0.0,-0.0,-0.0,0.0,1.0,False,1.0,-0.5657980364905775,1.0,chem
CPC001 VCAP 6H-calpeptin-10.0,calpeptin,VCAP,6H,10.0,11,11,0,0,1.0,1.0,0.0,0.0,-0.0,-0.0,0.0,1.0,False,1.0,-0.5657980364905775,1.0,chem
CPC001 VCAP 6H-prostaglandin e2-10.0,prostaglandin e2,VCAP,6H,10.0,15,8,0,0,1.0,1.0,0.0,0.0,-0.0,-0.0,0.0,1.0,False,1.0,-0.5657980364905775,1.0,chem
CPC001 VCAP 6H-dmab-anabaseine dihydrochloride-10.0,dmab-anabaseine dihydrochloride,VCAP,6H,10.0,6,13,0,0,1.0,1.0,0.0,0.0,-0.0,-0.0,0.0,1.0,False,1.0,-0.5657980364905775,1.0,chem
CPC001 VCAP 6H-wr 216174-10.0,wr 216174,VCAP,6H,10.0,49,22,0,0,1.0,1.0,0.0,0.0,-0.0,-0.0,0.0,1.0,False,1.0,-0.5657980364905775,1.0,chem
CPC001 VCAP 6H-pdgf receptor tyrosine kinase inhibitor i-10.0,pdgf receptor tyrosine kinase inhibitor i,VCAP,6H,10.0,11,9,0,0,1.0,1.0,0.0,0.0,-0.0,-0.0,0.0,1.0,False,1.0,-0.5657980364905775,1.0,chem
CPC001 VCAP 6H-zuclopenthixol hydrochloride-10.0,zuclopenthixol hydrochloride,VCAP,6H,10.0,15,15,0,0,1.0,1.0,0.0,0.0,-0.0,-0.0,0.0,1.0,False,1.0,-0.5657980364905775,1.0,chem
"CPC001 VCAP 6H-l-750,667-10.0","l-750,667",VCAP,6H,10.0,10,3,0,0,1.0,1.0,0.0,0.0,-0.0,-0.0,0.0,1.0,False,1.0,-0.5657980364905775,1.0,chem
CPC001 VCAP 6H-dictamnine-10.0,dictamnine,VCAP,6H,10.0,11,13,0,0,1.0,1.0,0.0,0.0,-0.0,-0.0,0.0,1.0,False,1.0,-0.5657980364905775,1.0,chem
CPC001 VCAP 6H-arachidonamide-10.0,arachidonamide,VCAP,6H,10.0,11,10,0,0,1.0,1.0,0.0,0.0,-0.0,-0.0,0.0,1.0,False,1.0,-0.5657980364905775,1.0,chem
CPC001 VCAP 6H-bd 1063 dihydrochloride-10.0,bd 1063 dihydrochloride,VCAP,6H,10.0,9,25,1,0,0.09587810025095982,1.0,10.706666666666667,0.0,1.0182805797562287,2.675895330358946,-1.6576147506027175,0.32068134223924377,True,1.0,1.5132158837004888,0.08597134288570477,chem
CPC001 VCAP 6H-syk inhibitor-10.0,syk inhibitor,VCAP,6H,10.0,6,14,0,0,1.0,1.0,0.0,0.0,-0.0,-0.0,0.0,1.0,False,1.0,-0.5657980364905775,1.0,chem
CPC001 VCAP 6H-bapta-am-10.0,bapta-am,VCAP,6H,10.0,12,6,0,0,1.0,1.0,0.0,0.0,-0.0,-0.0,0.0,1.0,False,1.0,-0.5657980364905775,1.0,chem
CPC001 VCAP 6H-obaa-10.0,obaa,VCAP,6H,10.0,11,8,0,0,1.0,1.0,0.0,0.0,-0.0,1.6568008476931435,-1.6568008476931435,1.0,False,1.0,-0.5657980364905775,1.0,chem
CPC001 VCAP 6H-danazol-10.0,danazol,VCAP,6H,10.0,62,46,0,0,1.0,1.0,0.0,0.0,-0.0,0.9186313363902346,-0.9186313363902346,1.0,False,1.0,-0.5657980364905775,1.0,chem
CPC001 VCAP 6H-aloisine-10.0,aloisine,VCAP,6H,10.0,20,37,1,1,0.13869787897610047,0.05424003732232214,7.124444444444444,19.928792569659443,2.1236102005871333,-0.0,2.1236102005871333,0.044308785380538014,True,1.0,3.7699570155573805,0.008997000999666778,chem
CPC001 VCAP 6H-oxindole i-10.0,oxindole i,VCAP,6H,10.0,12,7,0,0,1.0,1.0,0.0,0.0,-0.0,-0.0,0.0,1.0,False,1.0,-0.5657980364905775,1.0,chem
CPC001 VCAP 6H-jak3 inhibitor ii-10.0,jak3 inhibitor ii,VCAP,6H,10.0,16,21,0,0,1.0,1.0,0.0,0.0,-0.0,1.2450577319387697,-1.2450577319387697,1.0,False,1.0,-0.5657980364905775,1.0,chem
CPC001 VCAP 6H-mmpx-10.0,mmpx,VCAP,6H,10.0,5,16,0,0,1.0,1.0,0.0,0.0,-0.0,-0.0,0.0,1.0,False,1.0,-0.5657980364905775,1.0,chem
CPC001 VCAP 6H-ag-879-10.0,ag-879,VCAP,6H,10.0,27,14,0,0,1.0,1.0,0.0,0.0,-0.0,0.9865133261371156,-0.9865133261371156,1.0,False,1.0,-0.5657980364905775,1.0,chem
CPC001 VCAP 6H-t 98475-10.0,t 98475,VCAP,6H,10.0,25,3,0,0,1.0,1.0,0.0,0.0,-0.0,-0.0,0.0,1.0,False,1.0,-0.5657980364905775,1.0,chem
CPC001 VCAP 6H-lylamine hydrochloride-10.0,lylamine hydrochloride,VCAP,6H,10.0,50,5,0,0,1.0,1.0,0.0,0.0,-0.0,0.7378238987619528,-0.7378238987619528,1.0,False,1.0,-0.5657980364905775,1.0,chem
"CPC001 VCAP 6H-ici-162,846-10.0","ici-162,846",VCAP,6H,10.0,15,9,0,0,1.0,1.0,0.0,0.0,-0.0,-0.0,0.0,1.0,False,1.0,-0.5657980364905775,1.0,chem
CPC001 VCAP 6H-milrinone-10.0,milrinone,VCAP,6H,10.0,14,3,0,0,1.0,1.0,0.0,0.0,-0.0,-0.0,0.0,1.0,False,1.0,-0.5657980364905775,1.0,chem
CPC001 VCAP 6H-tyrphostin ag 1478-10.0,tyrphostin ag 1478,VCAP,6H,10.0,21,6,0,0,1.0,1.0,0.0,0.0,-0.0,1.0906827642484969,-1.0906827642484969,1.0,False,1.0,-0.5657980364905775,1.0,chem
CPC001 VCAP 6H-w-9 hydrochloride-10.0,w-9 hydrochloride,VCAP,6H,10.0,16,5,1,0,0.019925787143026362,1.0,64.44,0.0,1.7005845133385995,-0.0,1.7005845133385995,0.09794999984545877,True,1.0,2.9062694329083665,0.022325891369543487,chem
CPC001 VCAP 6H-peucedanin-10.0,peucedanin,VCAP,6H,10.0,14,9,0,0,1.0,1.0,0.0,0.0,-0.0,1.2609489040575608,-1.2609489040575608,1.0,False,1.0,-0.5657980364905775,1.0,chem
CPC001 VCAP 6H-arp 101-10.0,arp 101,VCAP,6H,10.0,50,31,0,0,1.0,1.0,0.0,0.0,-0.0,1.0815747838474978,-1.0815747838474978,1.0,False,1.0,-0.5657980364905775,1.0,chem
CPC001 VCAP 6H-irsogladine maleate-10.0,irsogladine maleate,VCAP,6H,10.0,11,8,0,0,1.0,1.0,0.0,0.0,-0.0,-0.0,0.0,1.0,False,1.0,-0.5657980364905775,1.0,chem
CPC001 VCAP 6H-imd 0354-10.0,imd 0354,VCAP,6H,10.0,74,26,0,0,1.0,1.0,0.0,0.0,-0.0,0.5870388457838291,-0.5870388457838291,1.0,False,1.0,-0.5657980364905775,1.0,chem
CPC001 VCAP 6H-dhpc8 buildingblockc04-10.0,dhpc8 buildingblockc04,VCAP,6H,10.0,12,13,0,0,1.0,1.0,0.0,0.0,-0.0,-0.0,0.0,1.0,False,1.0,-0.5657980364905775,1.0,chem
CPC001 VCAP 6H-phtpp-10.0,phtpp,VCAP,6H,10.0,8,6,0,0,1.0,1.0,0.0,0.0,-0.0,-0.0,0.0,1.0,False,1.0,-0.5657980364905775,1.0,chem
CPC001 VCAP 6H-rs 17053 hydrochloride-10.0,rs 17053 hydrochloride,VCAP,6H,10.0,24,4,0,0,1.0,1.0,0.0,0.0,-0.0,-0.0,0.0,1.0,False,1.0,-0.5657980364905775,1.0,chem
CPC001 VCAP 6H-gangleoidin acetate-10.0,gangleoidin acetate,VCAP,6H,10.0,13,10,0,0,1.0,1.0,0.0,0.0,-0.0,1.2922995927938534,-1.2922995927938534,1.0,False,1.0,-0.5657980364905775,1.0,chem
CPC001 VCAP 6H-dibenzepine hydrochloride-10.0,dibenzepine hydrochloride,VCAP,6H,10.0,7,12,0,0,1.0,1.0,0.0,0.0,-0.0,-0.0,0.0,1.0,False,1.0,-0.5657980364905775,1.0,chem
CPC001 VCAP 6H-gw 583340 dihydrochloride-10.0,gw 583340 dihydrochloride,VCAP,6H,10.0,5,5,0,0,1.0,1.0,0.0,0.0,-0.0,-0.0,0.0,1.0,False,1.0,-0.5657980364905775,1.0,chem
CPC001 VCAP 6H-pyrrolidinedithiocarbamate ammonium-10.0,pyrrolidinedithiocarbamate ammonium,VCAP,6H,10.0,26,4,0,0,1.0,1.0,0.0,0.0,-0.0,-0.0,0.0,1.0,False,1.0,-0.5657980364905775,1.0,chem
CPC001 VCAP 6H-l-cis-diltiazem-10.0,l-cis-diltiazem,VCAP,6H,10.0,15,9,0,0,1.0,1.0,0.0,0.0,-0.0,1.606217649567748,-1.606217649567748,1.0,False,1.0,-0.5657980364905775,1.0,chem
CPC001 VCAP 6H-sch 58261-10.0,sch 58261,VCAP,6H,10.0,14,7,0,0,1.0,1.0,0.0,0.0,-0.0,-0.0,0.0,1.0,False,1.0,-0.5657980364905775,1.0,chem
CPC001 VCAP 6H-vorinostat-10.0,vorinostat,VCAP,6H,10.0,183,116,0,2,1.0,0.09045672840303902,0.0,4.333563535911602,1.0435591236672717,0.27884086522685664,0.7647182584404151,0.3078137249929995,True,1.0,1.5648268499881899,0.08130623125624792,chem
CPC001 VCAP 6H-aq-ra 741-10.0,aq-ra 741,VCAP,6H,10.0,9,11,0,0,1.0,1.0,0.0,0.0,-0.0,-0.0,0.0,1.0,False,1.0,-0.5657980364905775,1.0,chem
CPC001 VCAP 6H-rg-13022-10.0,rg-13022,VCAP,6H,10.0,17,18,0,0,1.0,1.0,0.0,0.0,-0.0,1.3103029095047494,-1.3103029095047494,1.0,False,1.0,-0.5657980364905775,1.0,chem
CPC001 VCAP 6H-pd 407824-10.0,pd 407824,VCAP,6H,10.0,21,17,0,0,1.0,1.0,0.0,0.0,-0.0,-0.0,0.0,1.0,False,1.0,-0.5657980364905775,1.0,chem
CPC001 VCAP 6H-fk 888-10.0,fk 888,VCAP,6H,10.0,38,11,0,0,1.0,1.0,0.0,0.0,-0.0,-0.0,0.0,1.0,False,1.0,-0.5657980364905775,1.0,chem
CPC001 VCAP 6H-r(+)-skf-81297-10.0,r(+)-skf-81297,VCAP,6H,10.0,12,17,0,0,1.0,1.0,0.0,0.0,-0.0,-0.0,0.0,1.0,False,1.0,-0.5657980364905775,1.0,chem
CPC001 VCAP 6H-strophanthidin-10.0,strophanthidin,VCAP,6H,10.0,20,29,0,0,1.0,1.0,0.0,0.0,-0.0,1.109408141910376,-1.109408141910376,1.0,False,1.0,-0.5657980364905775,1.0,chem
CPC001 VCAP 6H-caffeic acid phenethyl ester-10.0,caffeic acid phenethyl ester,VCAP,6H,10.0,27,8,0,0,1.0,1.0,0.0,0.0,-0.0,0.9865133261371156,-0.9865133261371156,1.0,False,1.0,-0.5657980364905775,1.0,chem
CPC001 VCAP 6H-nnc 05-2090 hydrochloride-10.0,nnc 05-2090 hydrochloride,VCAP,6H,10.0,26,7,0,0,1.0,1.0,0.0,0.0,-0.0,-0.0,0.0,1.0,False,1.0,-0.5657980364905775,1.0,chem
CPC001 VCAP 6H-BRD-K85318537 (obaa)-10.0,brd-k85318537 (obaa),VCAP,6H,10.0,17,12,0,0,1.0,1.0,0.0,0.0,-0.0,-0.0,0.0,1.0,False,1.0,-0.5657980364905775,1.0,chem
CPC001 VCAP 6H-rs 504393-10.0,rs 504393,VCAP,6H,10.0,13,15,0,0,1.0,1.0,0.0,0.0,-0.0,-0.0,0.0,1.0,False,1.0,-0.5657980364905775,1.0,chem
CPC001 VCAP 6H-piretanide-10.0,piretanide,VCAP,6H,10.0,1,12,0,0,1.0,1.0,0.0,0.0,-0.0,1.4829857320260909,-1.4829857320260909,1.0,False,1.0,-0.5657980364905775,1.0,chem
CPC001 VCAP 6H-ag 592-10.0,ag 592,VCAP,6H,10.0,15,3,0,0,1.0,1.0,0.0,0.0,-0.0,-0.0,0.0,1.0,False,1.0,-0.5657980364905775,1.0,chem
CPC001 VCAP 6H-spironolactone-10.0,spironolactone,VCAP,6H,10.0,18,9,0,0,1.0,1.0,0.0,0.0,-0.0,1.606217649567748,-1.606217649567748,1.0,False,1.0,-0.5657980364905775,1.0,chem
CPC001 VCAP 6H-norethindrone-10.0,norethindrone,VCAP,6H,10.0,39,34,0,0,1.0,1.0,0.0,0.0,-0.0,1.0431516089602864,-1.0431516089602864,1.0,False,1.0,-0.5657980364905775,1.0,chem
CPC001 VCAP 6H-tws119-10.0,tws119,VCAP,6H,10.0,7,20,0,0,1.0,1.0,0.0,0.0,-0.0,-0.0,0.0,1.0,False,1.0,-0.5657980364905775,1.0,chem
CPC001 VCAP 6H-sch 39166 hydrobromide-10.0,sch 39166 hydrobromide,VCAP,6H,10.0,8,9,0,0,1.0,1.0,0.0,0.0,-0.0,-0.0,0.0,1.0,False,1.0,-0.5657980364905775,1.0,chem
CPC001 VCAP 6H-y 134-10.0,y 134,VCAP,6H,10.0,15,6,0,0,1.0,1.0,0.0,0.0,-0.0,-0.0,0.0,1.0,False,1.0,-0.5657980364905775,1.0,chem
CPC001 VCAP 6H-dehydroisoandosterone 3-acetate-10.0,dehydroisoandosterone 3-acetate,VCAP,6H,10.0,12,19,0,0,1.0,1.0,0.0,0.0,-0.0,1.2873892109613367,-1.2873892109613367,1.0,False,1.0,-0.5657980364905775,1.0,chem
CPC001 VCAP 6H-pi 828-10.0,pi 828,VCAP,6H,10.0,24,20,1,0,0.07743881863633138,1.0,13.534736842105263,0.0,1.1110412810048778,-0.0,1.1110412810048778,0.27554799994612456,True,1.0,1.7026045384353101,0.07197600799733422,chem
CPC002 HA1E 24H-norethynodrel-10.0,norethynodrel,HA1E,24H,10.0,87,47,1,0,0.172885052920969,1.0,5.56695652173913,0.0,0.7622425527905643,-0.0,0.7622425527905643,0.4763205087441633,True,1.0,0.9904654426704699,0.15561479506831055,chem
CPC002 HA1E 24H-cyclopiazonic acid-10.0,cyclopiazonic acid,HA1E,24H,10.0,118,54,0,0,1.0,1.0,0.0,0.0,-0.0,1.093551305539597,-1.093551305539597,1.0,False,1.0,-0.5657980364905775,1.0,chem
CPC002 HA1E 24H-wiskostatin-10.0,wiskostatin,HA1E,24H,10.0,117,36,1,0,0.13520538753090064,1.0,7.329142857142857,0.0,0.8690060027115124,-0.0,0.8690060027115124,0.40574599594107874,True,1.0,1.208443378188409,0.11729423525491503,chem
CPC002 HA1E 24H-trichostatin a-10.0,trichostatin a,HA1E,24H,10.0,156,176,2,1,0.15650497893895235,0.3557257269270186,3.0047892720306515,2.3912713472485767,1.2543565660325184,0.3276366917516041,0.9267198742809144,0.21647065763501672,True,1.0,1.9952100132642065,0.05731422859046984,chem
CPC002 HA1E 24H-medrysone-10.0,medrysone,HA1E,24H,10.0,143,70,0,0,1.0,1.0,0.0,0.0,-0.0,0.3554150679063192,-0.3554150679063192,1.0,False,1.0,-0.5657980364905775,1.0,chem
CPC002 HA1E 24H-danazol-10.0,danazol,HA1E,24H,10.0,93,66,0,1,1.0,0.2295596289222189,0.0,4.069053708439898,0.6391044859514033,0.5030148154057824,0.13608967054562093,0.5673778484735623,True,1.0,0.7390556051919627,0.20759746751082972,chem
CPC002 HA1E 24H-pheniramine maleate-10.0,pheniramine maleate,HA1E,24H,10.0,90,25,0,0,1.0,1.0,0.0,0.0,-0.0,1.1716031253273353,-1.1716031253273353,1.0,False,1.0,-0.5657980364905775,1.0,chem
CPC002 HA1E 24H-camptothecin-10.0,camptothecin,HA1E,24H,10.0,232,161,0,1,1.0,0.48199128187612206,0.0,1.585179526355997,0.31696081708757096,-0.0,0.31696081708757096,0.8337626188340128,True,1.0,0.08133789439199672,0.30389870043318895,chem
CPC002 HA1E 24H-cgp 37157-10.0,cgp 37157,HA1E,24H,10.0,134,31,0,0,1.0,1.0,0.0,0.0,-0.0,-0.0,0.0,1.0,False,1.0,-0.5657980364905775,1.0,chem
CPC002 HA1E 24H-megestrol acetate-10.0,megestrol acetate,HA1E,24H,10.0,63,41,0,0,1.0,1.0,0.0,0.0,-0.0,-0.0,0.0,1.0,False,1.0,-0.5657980364905775,1.0,chem
CPC002 HA1E 24H-norethindrone-10.0,norethindrone,HA1E,24H,10.0,58,38,0,1,1.0,0.14972984990012858,0.0,6.603715170278638,0.8246916107817338,-0.0,0.8246916107817338,0.4340552471630674,True,1.0,1.117967099333255,0.13362212595801398,chem
CPC002 HA1E 24H-api-2-10.0,api-2,HA1E,24H,10.0,83,45,2,1,0.013811420414792878,0.2075047499425856,12.412790697674419,4.572453371592539,2.542733612265582,-0.0,2.542733612265582,0.0196455869861443,True,1.0,4.625677358732408,0.003332222592469177,chem
CPC002 HA1E 24H-skf 89976a hydrochloride-10.0,skf 89976a hydrochloride,HA1E,24H,10.0,76,54,0,1,1.0,0.19171300447706718,0.0,5.004705882352941,0.7173484266051238,-0.0,0.7173484266051238,0.5083760703273993,True,1.0,0.8988055258166209,0.17194268577140953,chem
CPC002 HA1E 24H-sq 22536-10.0,sq 22536,HA1E,24H,10.0,98,53,0,0,1.0,1.0,0.0,0.0,-0.0,-0.0,0.0,1.0,False,1.0,-0.5657980364905775,1.0,chem
CPC002 HA1E 24H-siguazodan-10.0,siguazodan,HA1E,24H,10.0,161,55,1,0,0.1992915786095541,1.0,4.736296296296296,0.0,0.7005110527328965,-0.0,0.7005110527328965,0.5207461661068911,True,1.0,0.8644288173182598,0.17760746417860712,chem
CPC002 HA1E 24H-niguldipine-10.0,niguldipine,HA1E,24H,10.0,132,81,0,0,1.0,1.0,0.0,0.0,-0.0,0.38164374225818243,-0.38164374225818243,1.0,False,1.0,-0.5657980364905775,1.0,chem
CPC002 HA1E 24H-cyclosporin a-10.0,cyclosporin a,HA1E,24H,10.0,85,75,1,0,0.26180927464089154,1.0,3.4454054054054053,0.0,0.5820149725522035,-0.0,0.5820149725522035,0.612670094069806,True,1.0,0.6224964805130999,0.22925691436187937,chem
CPC002 HA1E 24H-bromocriptine mesylate-10.0,bromocriptine mesylate,HA1E,24H,10.0,62,33,0,0,1.0,1.0,0.0,0.0,-0.0,1.05555209794588,-1.05555209794588,1.0,False,1.0,-0.5657980364905775,1.0,chem
CPC002 HA1E 24H-naloxone hydrochloride-10.0,naloxone hydrochloride,HA1E,24H,10.0,66,22,0,1,1.0,0.16863709948843092,0.0,5.783710407239819,0.7730468761485373,-0.0,0.7730468761485373,0.4688121843547476,True,1.0,1.0125245284529452,0.14995001666111296,chem
CPC002 HA1E 24H-cymarin-10.0,cymarin,HA1E,24H,10.0,156,266,4,0,0.02041237919687198,1.0,4.292852185981957,0.0,1.690106372459177,-0.0,1.690106372459177,0.09984947452098865,True,1.0,2.8848763108365914,0.022659113628790403,chem
CPC002 HA1E 24H-kirromycin-10.0,kirromycin,HA1E,24H,10.0,81,52,2,1,0.01818408019080385,0.20302281257608581,10.663333333333334,4.688235294117647,2.4327638220852443,-0.0,2.4327638220852443,0.024371844099286777,True,1.0,4.401153068344639,0.0036654448517160947,chem
CPC002 HA1E 24H-wortmannin-10.0,wortmannin,HA1E,24H,10.0,156,71,0,1,1.0,0.3557257269270186,0.0,2.3912713472485767,0.44888472447292194,0.7441205440064134,-0.29523581953349143,0.723402157490409,True,1.0,0.3506857002057941,0.2762412529156948,chem
CPC002 HA1E 24H-vincristine sulfate-10.0,vincristine sulfate,HA1E,24H,10.0,106,77,1,1,0.2677962916415009,0.25736516586232616,3.353684210526316,3.5579831932773107,1.1616456760665415,1.174521479196503,-0.012875803129961616,0.2532716708630308,True,1.0,1.8059230577585728,0.06531156281239586,chem
CPC002 HA1E 24H-ciglitazone-10.0,ciglitazone,HA1E,24H,10.0,110,49,0,0,1.0,1.0,0.0,0.0,-0.0,0.4435847365427099,-0.4435847365427099,1.0,False,1.0,-0.5657980364905775,1.0,chem
CPC002 HA1E 24H-pimozide-10.0,pimozide,HA1E,24H,10.0,90,37,0,1,1.0,0.22300479063708592,0.0,4.208195637805684,0.6516858072437511,-0.0,0.6516858072437511,0.5576373108769546,True,1.0,0.7647427710097072,0.20226591136287905,chem
CPC002 HA1E 24H-ha-1004-10.0,ha-1004,HA1E,24H,10.0,62,54,0,0,1.0,1.0,0.0,0.0,-0.0,0.654174227302204,-0.654174227302204,1.0,False,1.0,-0.5657980364905775,1.0,chem
CPC002 HA1E 24H-nobiletin-10.0,nobiletin,HA1E,24H,10.0,104,55,0,1,1.0,0.25314998249379406,0.0,3.6282124500285553,0.5966220983101204,0.46320220766619413,0.13341989064392623,0.6009206312957833,True,1.0,0.6523197123299738,0.22259246917694103,chem
CPC002 HA1E 24H-isotretinoin-10.0,isotretinoin,HA1E,24H,10.0,58,66,0,0,1.0,1.0,0.0,0.0,-0.0,-0.0,0.0,1.0,False,1.0,-0.5657980364905775,1.0,chem
CPC002 HA1E 24H-roscovitine-10.0,roscovitine,HA1E,24H,10.0,101,56,0,0,1.0,1.0,0.0,0.0,-0.0,-0.0,0.0,1.0,False,1.0,-0.5657980364905775,1.0,chem
CPC002 HA1E 24H-aminopurvalanol a-10.0,aminopurvalanol a,HA1E,24H,10.0,119,152,1,0,0.46148088201397686,1.0,1.6680794701986754,0.0,0.3358462859876148,-0.0,0.3358462859876148,0.8183508095329024,True,1.0,0.11989617932160423,0.30223258913695433,chem
CPC002 HA1E 24H-irinotecan hydrochloride trihydrate-10.0,irinotecan hydrochloride trihydrate,HA1E,24H,10.0,253,114,0,0,1.0,1.0,0.0,0.0,-0.0,1.1305544679310933,-1.1305544679310933,1.0,False,1.0,-0.5657980364905775,1.0,chem
CPC002 HA1E 24H-pd 160170-10.0,pd 160170,HA1E,24H,10.0,65,51,0,0,1.0,1.0,0.0,0.0,-0.0,-0.0,0.0,1.0,False,1.0,-0.5657980364905775,1.0,chem
CPC002 HA1E 24H-thm-i-94-10.0,thm-i-94,HA1E,24H,10.0,217,188,2,2,0.17361553515261482,0.12049981223578218,2.8055555555555554,3.6284883720930234,1.6794250464755045,-0.0,1.6794250464755045,0.10182115099621386,True,1.0,2.8630683476409566,0.02332555814728424,chem
CPC002 HA1E 24H-pkc-412-10.0,pkc-412,HA1E,24H,10.0,130,91,0,0,1.0,1.0,0.0,0.0,-0.0,1.0216532531995655,-1.0216532531995655,1.0,False,1.0,-0.5657980364905775,1.0,chem
CPC002 HA1E 24H-fccp-10.0,fccp,HA1E,24H,10.0,93,89,0,0,1.0,1.0,0.0,0.0,-0.0,-0.0,0.0,1.0,False,1.0,-0.5657980364905775,1.0,chem
CPC002 HA1E 24H-bay 11-7821-10.0,bay 11-7821,HA1E,24H,10.0,129,106,1,0,0.3495326855479937,1.0,2.4163809523809525,0.0,0.45651220621471916,0.38929061718825575,0.06722158902646341,0.7169468344093577,True,1.0,0.3662586582219392,0.2725758080639787,chem
CPC002 HA1E 24H-oxymetazoline hydrochloride-10.0,oxymetazoline hydrochloride,HA1E,24H,10.0,129,70,1,0,0.24663508299031428,1.0,3.6979710144927536,0.0,0.6079451464532162,-0.0,0.6079451464532162,0.5918860771819702,True,1.0,0.6754378736466958,0.21992669110296567,chem
CPC002 HA1E 24H-kb-r7943 mesylate-10.0,kb-r7943 mesylate,HA1E,24H,10.0,94,51,0,0,1.0,1.0,0.0,0.0,-0.0,0.8766267776019061,-0.8766267776019061,1.0,False,1.0,-0.5657980364905775,1.0,chem
CPC002 HA1E 24H-digoxigenin-10.0,digoxigenin,HA1E,24H,10.0,105,188,1,0,0.5359231200637292,1.0,1.3392513368983958,0.0,0.2708975068124994,0.45983774748722833,-0.18894024067472892,0.8702129697348608,True,1.0,-0.012709134664454376,0.3088970343218927,chem
CPC002 HA1E 24H-u-0126-10.0,u-0126,HA1E,24H,10.0,147,79,1,1,0.27373660458329735,0.3389815071564469,3.2666666666666666,2.5423045930701047,1.032491117727593,0.34652246519437835,0.6859686525332147,0.3133943831719559,True,1.0,1.542229405948888,0.08297234255248251,chem
CPC002 HA1E 24H-tranilast-10.0,tranilast,HA1E,24H,10.0,184,96,0,1,1.0,0.4052940062575155,0.0,2.0163934426229506,0.3922298188305612,0.2772277778442394,0.11500204098632177,0.771332262030038,True,1.0,0.23501391011255982,0.2935688103965345,chem
CPC002 HA1E 24H-rs 56812 hydrochloride-10.0,rs 56812 hydrochloride,HA1E,24H,10.0,64,44,0,1,1.0,0.163947870305798,0.0,5.969187675070028,0.7852942204734046,-0.0,0.7852942204734046,0.4603995186109855,True,1.0,1.0375298166249614,0.1449516827724092,chem
CPC002 HA1E 24H-ski ii-10.0,ski ii,HA1E,24H,10.0,97,62,1,0,0.22173067173433159,1.0,4.188196721311475,0.0,0.654174227302204,0.7979650974991642,-0.14379087019696024,0.5557217696993249,True,1.0,0.7698233549309331,0.2015994668443852,chem
CPC002 HA1E 24H-palda-10.0,palda,HA1E,24H,10.0,132,140,1,0,0.434208663350478,1.0,1.8155395683453237,0.0,0.3623015157324212,0.8688593593074813,-0.5065578435750601,0.7964385866656718,True,1.0,0.17390957405262442,0.2999000333222259,chem
CPC002 HA1E 24H-riluzole hydrochloride-10.0,riluzole hydrochloride,HA1E,24H,10.0,127,38,0,0,1.0,1.0,0.0,0.0,-0.0,-0.0,0.0,1.0,False,1.0,-0.5657980364905775,1.0,chem
CPC002 HA1E 24H-jlk 6-10.0,jlk 6,HA1E,24H,10.0,32,73,1,0,0.25577520118246594,1.0,3.542222222222222,0.0,0.5921415650633886,-0.0,0.5921415650633886,0.6045135210175503,True,1.0,0.6431718495748338,0.2242585804731756,chem
CPC002 HA1E 24H-t 0901317-10.0,t 0901317,HA1E,24H,10.0,103,68,0,1,1.0,0.2510339270372992,0.0,3.6643598615916955,0.6002675799955542,0.4666063481378156,0.13366123185773865,0.5980047824326691,True,1.0,0.6597626581353754,0.22159280239920026,chem
CPC002 HA1E 24H-maprotiline hydrochloride-10.0,maprotiline hydrochloride,HA1E,24H,10.0,86,20,0,0,1.0,1.0,0.0,0.0,-0.0,-0.0,0.0,1.0,False,1.0,-0.5657980364905775,1.0,chem
CPC002 HA1E 24H-piceatannol-10.0,piceatannol,HA1E,24H,10.0,63,73,0,0,1.0,1.0,0.0,0.0,-0.0,-0.0,0.0,1.0,False,1.0,-0.5657980364905775,1.0,chem
CPC002 HA1E 24H-d-64131-10.0,d-64131,HA1E,24H,10.0,131,119,0,1,1.0,0.3081946206649024,0.0,2.862443438914027,0.5111749458769689,-0.0,0.5111749458769689,0.6709470273902775,True,1.0,0.4778630616966705,0.254915028323892,chem
CPC002 HA1E 24H-cilostamide-10.0,cilostamide,HA1E,24H,10.0,162,85,0,1,1.0,0.3666651164940382,0.0,2.299963463646328,0.43573040565100557,0.3158389807789961,0.11989142487200949,0.7345425512886437,True,1.0,0.32382865069990796,0.2809063645451516,chem
"CPC002 HA1E 24H-pifithrin-a, cyclic--10.0","pifithrin-a, cyclic-",HA1E,24H,10.0,70,48,0,1,1.0,0.17794113953728358,0.0,5.445012787723785,0.7497236325315533,-0.0,0.7497236325315533,0.4851213664792767,True,1.0,0.9649056804579011,0.15961346217927358,chem
CPC002 HA1E 24H-BRD-K32501161-10.0,brd-k32501161,HA1E,24H,10.0,79,60,0,0,1.0,1.0,0.0,0.0,-0.0,0.5626671240162882,-0.5626671240162882,1.0,False,1.0,-0.5657980364905775,1.0,chem
CPC002 HA1E 24H-cp 94253 hydrochloride-10.0,cp 94253 hydrochloride,HA1E,24H,10.0,113,61,0,0,1.0,1.0,0.0,0.0,-0.0,0.4342635001238334,-0.4342635001238334,1.0,False,1.0,-0.5657980364905775,1.0,chem
CPC002 HA1E 24H-arvanil-10.0,arvanil,HA1E,24H,10.0,96,89,0,0,1.0,1.0,0.0,0.0,-0.0,1.14760011695323,-1.14760011695323,1.0,False,1.0,-0.5657980364905775,1.0,chem
CPC002 HA1E 24H-tracazolate hydrochloride-10.0,tracazolate hydrochloride,HA1E,24H,10.0,101,28,0,0,1.0,1.0,0.0,0.0,-0.0,-0.0,0.0,1.0,False,1.0,-0.5657980364905775,1.0,chem
CPC002 HA1E 24H-gp 2a-10.0,gp 2a,HA1E,24H,10.0,118,71,1,2,0.24969371631983528,0.04167199928484874,3.6445714285714286,6.831896551724138,1.982748049799912,-0.0,1.982748049799912,0.05790978219076032,True,1.0,3.4823600819255973,0.011996001332889037,chem
CPC002 HA1E 24H-az 10417808-10.0,az 10417808,HA1E,24H,10.0,117,61,0,1,1.0,0.28014993494668355,0.0,3.2150101419878294,0.5526094740434577,1.2267700686835665,-0.6741605946401088,0.636621211131776,True,1.0,0.5624595496855717,0.23992002665778073,chem
CPC002 HA1E 24H-felamidin-10.0,felamidin,HA1E,24H,10.0,187,93,0,0,1.0,1.0,0.0,0.0,-0.0,0.27246203511592554,-0.27246203511592554,1.0,False,1.0,-0.5657980364905775,1.0,chem
CPC002 HA1E 24H-isoreserpine-10.0,isoreserpine,HA1E,24H,10.0,139,55,0,1,1.0,0.3237535128007305,0.0,2.6930946291560103,0.4897855106892346,-0.0,0.4897855106892346,0.6888739235174942,True,1.0,0.43419245225524344,0.2609130289903366,chem
CPC002 HA1E 24H-kenpaullone-10.0,kenpaullone,HA1E,24H,10.0,95,115,0,0,1.0,1.0,0.0,0.0,-0.0,-0.0,0.0,1.0,False,1.0,-0.5657980364905775,1.0,chem
CPC002 HA1E 24H-bcl-2 inhibitor-10.0,bcl-2 inhibitor,HA1E,24H,10.0,126,101,0,0,1.0,1.0,0.0,0.0,-0.0,-0.0,0.0,1.0,False,1.0,-0.5657980364905775,1.0,chem
CPC002 HA1E 24H-baeomycesic acid-10.0,baeomycesic acid,HA1E,24H,10.0,75,50,0,1,1.0,0.18943292832608577,0.0,5.073131955484897,0.7225445271947321,0.8846657845573468,-0.16212125736261473,0.5045963285900031,True,1.0,0.9094143557121048,0.16794401866044653,chem
CPC002 HA1E 24H-eo 1428-10.0,eo 1428,HA1E,24H,10.0,98,58,0,0,1.0,1.0,0.0,0.0,-0.0,-0.0,0.0,1.0,False,1.0,-0.5657980364905775,1.0,chem
CPC002 HA1E 24H-glimepiride-10.0,glimepiride,HA1E,24H,10.0,150,60,1,1,0.2153819639634753,0.3446080529976334,4.331525423728814,2.48993288590604,1.1294652451643665,-0.0,1.1294652451643665,0.2672516946058835,True,1.0,1.7402205734596137,0.06897700766411197,chem
CPC002 HA1E 24H-mdl-28170-10.0,mdl-28170,HA1E,24H,10.0,106,47,0,2,1.0,0.03425899934765428,0.0,7.634615384615385,1.4652253262548824,0.45651220621471916,1.0087131200401633,0.14984221669904357,True,1.0,2.4257387855409767,0.03732089303565478,chem
CPC002 HA1E 24H-flufenamic acid-10.0,flufenamic acid,HA1E,24H,10.0,162,91,0,1,1.0,0.3666651164940382,0.0,2.299963463646328,0.43573040565100557,-0.0,0.43573040565100557,0.7345425512886437,True,1.0,0.32382865069990796,0.2809063645451516,chem
CPC002 HA1E 24H-capsazepine-10.0,capsazepine,HA1E,24H,10.0,61,69,0,0,1.0,1.0,0.0,0.0,-0.0,-0.0,0.0,1.0,False,1.0,-0.5657980364905775,1.0,chem
CPC002 HA1E 24H-w-13 hydrochloride-10.0,w-13 hydrochloride,HA1E,24H,10.0,111,58,0,0,1.0,1.0,0.0,0.0,-0.0,-0.0,0.0,1.0,False,1.0,-0.5657980364905775,1.0,chem
CPC002 HA1E 24H-bp 554 maleate-10.0,bp 554 maleate,HA1E,24H,10.0,136,81,0,1,1.0,0.3179580655546405,0.0,2.754248366013072,0.49763015391217813,0.37178853246535365,0.12584162144682448,0.6822857917697349,True,1.0,0.450208786833024,0.25891369543485504,chem
CPC002 HA1E 24H-pp 1-10.0,pp 1,HA1E,24H,10.0,154,100,1,1,0.3333766631306952,0.35203977910584294,2.565252525252525,2.423298731257209,0.930473064899275,0.6114517002954797,0.31902136460379527,0.3688088301477835,True,1.0,1.3339401032189508,0.09963345551482838,chem
CPC002 HA1E 24H-fenofibrate-10.0,fenofibrate,HA1E,24H,10.0,130,69,0,0,1.0,1.0,0.0,0.0,-0.0,0.38671656841470314,-0.38671656841470314,1.0,False,1.0,-0.5657980364905775,1.0,chem
CPC002 HA1E 24H-meclofenamic acid sodium salt monohydrate-10.0,meclofenamic acid sodium salt monohydrate,HA1E,24H,10.0,92,46,0,2,1.0,0.026365915670585726,0.0,8.841666666666667,1.5789571413142305,-0.0,1.5789571413142305,0.122224031695726,True,1.0,2.6579439668806675,0.030656447850716428,chem
CPC002 HA1E 24H-fenbendazole-10.0,fenbendazole,HA1E,24H,10.0,173,85,0,0,1.0,1.0,0.0,0.0,-0.0,0.29568285528897575,-0.29568285528897575,1.0,False,1.0,-0.5657980364905775,1.0,chem
CPC002 HA1E 24H-gr 159897-10.0,gr 159897,HA1E,24H,10.0,78,45,0,1,1.0,0.19625499689546985,0.0,4.87318563789152,0.7071792767661395,-0.0,0.7071792767661395,0.515824948965911,True,1.0,0.8780432678574065,0.17594135288237253,chem
CPC002 HA1E 24H-sb 202190-10.0,sb 202190,HA1E,24H,10.0,85,55,0,0,1.0,1.0,0.0,0.0,-0.0,-0.0,0.0,1.0,False,1.0,-0.5657980364905775,1.0,chem
CPC002 HA1E 24H-endecaphyllin x-10.0,endecaphyllin x,HA1E,24H,10.0,90,56,0,0,1.0,1.0,0.0,0.0,-0.0,-0.0,0.0,1.0,False,1.0,-0.5657980364905775,1.0,chem
CPC002 HA1E 24H-oxybenzone-10.0,oxybenzone,HA1E,24H,10.0,67,27,0,1,1.0,0.1709723885348117,0.0,5.695187165775401,0.7670740210418253,-0.0,0.7670740210418253,0.47295291793453675,True,1.0,1.0003298061367136,0.15361546151282907,chem
CPC002 HA1E 24H-su 4312-10.0,su 4312,HA1E,24H,10.0,117,49,0,0,1.0,1.0,0.0,0.0,-0.0,-0.0,0.0,1.0,False,1.0,-0.5657980364905775,1.0,chem
CPC002 HA1E 24H-mometasone furoate-10.0,mometasone furoate,HA1E,24H,10.0,89,37,0,0,1.0,1.0,0.0,0.0,-0.0,0.5189161834954105,-0.5189161834954105,1.0,False,1.0,-0.5657980364905775,1.0,chem
CPC002 HA1E 24H-r(+)-6-bromo-apb-10.0,r(+)-6-bromo-apb,HA1E,24H,10.0,148,70,1,0,0.24663508299031428,1.0,3.6979710144927536,0.0,0.6079451464532162,-0.0,0.6079451464532162,0.5918860771819702,True,1.0,0.6754378736466958,0.21992669110296567,chem
CPC002 HA1E 24H-imodium-10.0,imodium,HA1E,24H,10.0,89,32,0,0,1.0,1.0,0.0,0.0,-0.0,-0.0,0.0,1.0,False,1.0,-0.5657980364905775,1.0,chem
CPC002 HA1E 24H-sb 431542-10.0,sb 431542,HA1E,24H,10.0,35,114,2,0,0.07595582042590639,1.0,4.714285714285714,0.0,1.1194389409321983,-0.0,1.1194389409321983,0.27173980276569243,True,1.0,1.719749962037624,0.07064311896034656,chem
CPC002 HA1E 24H-u 99194 maleate-10.0,u 99194 maleate,HA1E,24H,10.0,90,58,1,0,0.20898347431718034,1.0,4.484912280701755,0.0,0.6798880550210863,-0.0,0.6798880550210863,0.5361471243418872,True,1.0,0.8223230360912566,0.1879373542152616,chem
CPC002 HA1E 24H-h-9 dihydrochloride-10.0,h-9 dihydrochloride,HA1E,24H,10.0,96,23,0,2,1.0,0.02853439325697116,0.0,8.460106382978724,1.5446313576673576,-0.0,1.5446313576673576,0.1300211043097455,True,1.0,2.587861335981039,0.03332222592469177,chem
CPC002 HA1E 24H-skatole-10.0,skatole,HA1E,24H,10.0,78,33,0,0,1.0,1.0,0.0,0.0,-0.0,-0.0,0.0,1.0,False,1.0,-0.5657980364905775,1.0,chem
CPC002 HA1E 24H-phenazopyridine hydrochloride-10.0,phenazopyridine hydrochloride,HA1E,24H,10.0,66,32,1,0,0.1210987624976262,1.0,8.28,0.0,0.9168602948684945,-0.0,0.9168602948684945,0.37675627535664896,True,1.0,1.3061470381748082,0.10596467844051982,chem
CPC002 HA1E 24H-fasudil hydrochloride-10.0,fasudil hydrochloride,HA1E,24H,10.0,70,38,1,0,0.1421768062942022,1.0,6.930810810810811,0.0,0.8471712455191108,0.6079451464532162,0.23922609906589465,0.4195188106050489,True,1.0,1.1638635589819364,0.12562479173608798,chem
CPC002 HA1E 24H-mebendazole-10.0,mebendazole,HA1E,24H,10.0,108,91,0,1,1.0,0.2615578735834134,0.0,3.490379329301814,0.5824322020278224,-0.0,0.5824322020278224,0.6123330609661516,True,1.0,0.6233483340247651,0.22825724758413862,chem
CPC002 HA1E 24H-BRD-K78633253-10.0,brd-k78633253,HA1E,24H,10.0,86,50,0,0,1.0,1.0,0.0,0.0,-0.0,0.8846657845573468,-0.8846657845573468,1.0,False,1.0,-0.5657980364905775,1.0,chem
CPC002 HA1E 24H-cy 208-243-10.0,cy 208-243,HA1E,24H,10.0,78,53,0,0,1.0,1.0,0.0,0.0,-0.0,-0.0,0.0,1.0,False,1.0,-0.5657980364905775,1.0,chem
"CPC002 HA1E 24H-haematoxylone, tetramethyl--10.0","haematoxylone, tetramethyl-",HA1E,24H,10.0,77,34,0,0,1.0,1.0,0.0,0.0,-0.0,-0.0,0.0,1.0,False,1.0,-0.5657980364905775,1.0,chem
CPC002 HA1E 24H-BRD-K80334323 (norethynodrel)-10.0,brd-k80334323 (norethynodrel),HA1E,24H,10.0,121,79,0,2,1.0,0.04361331207772485,0.0,6.656512605042017,1.3603809309266632,0.41084102219453045,0.9495399087321328,0.18022733909708627,True,1.0,2.211678965806848,0.04798400533155615,chem
CPC002 HA1E 24H-BRD-K80348542-10.0,brd-k80348542,HA1E,24H,10.0,154,214,0,0,1.0,1.0,0.0,0.0,-0.0,-0.0,0.0,1.0,False,1.0,-0.5657980364905775,1.0,chem
CPC002 HA1E 24H-gliquidone-10.0,gliquidone,HA1E,24H,10.0,81,58,0,0,1.0,1.0,0.0,0.0,-0.0,1.958297246373087,-1.958297246373087,1.0,False,1.0,-0.5657980364905775,1.0,chem
CPC002 HA1E 24H-vorinostat-10.0,vorinostat,HA1E,24H,10.0,197,189,1,2,0.5378426235442167,0.10252026753609554,1.3319148936170213,4.013461538461539,1.2585350524565544,-0.0,1.2585350524565544,0.21492842871480278,True,1.0,2.0037411898510955,0.05664778407197601,chem
CPC002 HA1E 24H-sinensetin-10.0,sinensetin,HA1E,24H,10.0,83,66,1,0,0.23428022674110408,1.0,3.928,0.0,0.6302643643249608,-0.0,0.6302643643249608,0.5742764374546072,True,1.0,0.7210068116836391,0.21059646784405198,chem
CPC002 HA1E 24H-terconazole-10.0,terconazole,HA1E,24H,10.0,70,45,0,0,1.0,1.0,0.0,0.0,-0.0,0.9276145091651452,-0.9276145091651452,1.0,False,1.0,-0.5657980364905775,1.0,chem
CPC002 HA1E 24H-embelin-10.0,embelin,HA1E,24H,10.0,71,68,1,0,0.2404818098811265,1.0,3.80955223880597,0.0,0.6189177682174618,-0.0,0.6189177682174618,0.5831950408120221,True,1.0,0.697840572708598,0.2162612462512496,chem
CPC002 HA1E 24H-benzamil hydrochloride-10.0,benzamil hydrochloride,HA1E,24H,10.0,78,39,0,0,1.0,1.0,0.0,0.0,-0.0,0.5673958234598213,-0.5673958234598213,1.0,False,1.0,-0.5657980364905775,1.0,chem
CPC002 HA1E 24H-ag 825-10.0,ag 825,HA1E,24H,10.0,90,47,1,1,0.172885052920969,0.22300479063708592,5.56695652173913,4.208195637805684,1.4139283600343155,-0.0,1.4139283600343155,0.16407471629938922,True,1.0,2.3210062501707545,0.04231922692435855,chem
CPC002 HA1E 24H-pd 198306-10.0,pd 198306,HA1E,24H,10.0,99,113,0,0,1.0,1.0,0.0,0.0,-0.0,-0.0,0.0,1.0,False,1.0,-0.5657980364905775,1.0,chem
CPC002 HA1E 24H-gw 843682x-10.0,gw 843682x,HA1E,24H,10.0,68,76,0,0,1.0,1.0,0.0,0.0,-0.0,-0.0,0.0,1.0,False,1.0,-0.5657980364905775,1.0,chem
CPC002 HA1E 24H-testosterone propionate-10.0,testosterone propionate,HA1E,24H,10.0,66,48,0,0,1.0,1.0,0.0,0.0,-0.0,-0.0,0.0,1.0,False,1.0,-0.5657980364905775,1.0,chem
CPC002 HA1E 24H-nefazodone hydrochloride-10.0,nefazodone hydrochloride,HA1E,24H,10.0,99,44,0,0,1.0,1.0,0.0,0.0,-0.0,-0.0,0.0,1.0,False,1.0,-0.5657980364905775,1.0,chem
CPC002 HA1E 24H-nortriptyline hydrochloride-10.0,nortriptyline hydrochloride,HA1E,24H,10.0,114,44,1,0,0.16276834344693925,1.0,5.9581395348837205,0.0,0.788430056468702,0.43122431490242713,0.3572057415662749,0.45826243688507773,True,1.0,1.0439322235992947,0.14428523825391537,chem
CPC002 HA1E 24H-anisomycin-10.0,anisomycin,HA1E,24H,10.0,152,213,0,1,1.0,0.34833392152437254,0.0,2.456174522789248,0.4580042309293161,0.3440721387044173,0.1139320922248988,0.7156846857689514,True,1.0,0.3693049111040856,0.2715761412862379,chem
CPC002 HA1E 24H-BRD-K91509126 (piceatannol)-10.0,brd-k91509126 (piceatannol),HA1E,24H,10.0,84,67,0,0,1.0,1.0,0.0,0.0,-0.0,4.541340566948222,-4.541340566948222,1.0,False,1.0,-0.5657980364905775,1.0,chem
CPC002 HA1E 24H-kn-93-10.0,kn-93,HA1E,24H,10.0,102,62,0,0,1.0,1.0,0.0,0.0,-0.0,-0.0,0.0,1.0,False,1.0,-0.5657980364905775,1.0,chem
CPC002 HA1E 24H-aloisine a-10.0,aloisine a,HA1E,24H,10.0,45,53,0,0,1.0,1.0,0.0,0.0,-0.0,-0.0,0.0,1.0,False,1.0,-0.5657980364905775,1.0,chem
CPC002 HA1E 24H-pp 2-10.0,pp 2,HA1E,24H,10.0,123,100,0,0,1.0,1.0,0.0,0.0,-0.0,0.6114517002954797,-0.6114517002954797,1.0,False,1.0,-0.5657980364905775,1.0,chem
CPC002 HA1E 24H-cyclo [arg-gly-asp-d-phe-val]-10.0,cyclo [arg-gly-asp-d-phe-val],HA1E,24H,10.0,140,56,0,1,1.0,0.3256749708543354,0.0,2.673296656792213,0.48721561704929883,0.3623015157324212,0.12491410131687763,0.6910352010532892,True,1.0,0.4289455244859679,0.2619126957680773,chem
CPC002 HA1E 24H-quercetin-10.0,quercetin,HA1E,24H,10.0,63,67,0,1,1.0,0.16159389903495552,0.0,6.066413662239089,0.7915750400061757,0.7670740210418253,0.02450101896435042,0.45612607115185677,True,1.0,1.050353307024793,0.14261912695768078,chem
CPC002 HA1E 24H-coumestrol-10.0,coumestrol,HA1E,24H,10.0,63,39,0,0,1.0,1.0,0.0,0.0,-0.0,-0.0,0.0,1.0,False,1.0,-0.5657980364905775,1.0,chem
CPC002 HA1E 24H-deoxycorticosterone-10.0,deoxycorticosterone,HA1E,24H,10.0,117,50,1,0,0.1828841639308616,1.0,5.223673469387755,0.0,0.7378238987619528,-0.0,0.7378238987619528,0.49358649259491405,True,1.0,0.940610105500074,0.1639453515494835,chem
CPC002 HA1E 24H-parthenolide-10.0,parthenolide,HA1E,24H,10.0,123,139,1,0,0.43187698245764444,1.0,1.8289855072463768,0.0,0.3646399417223874,0.8950731386713064,-0.5304331969489191,0.7944871566059724,True,1.0,0.17868391648940168,0.29790069976674444,chem
CPC002 HA1E 24H-formoterol hemifumarate-10.0,formoterol hemifumarate,HA1E,24H,10.0,141,58,1,2,0.20898347431718034,0.0573928310616175,4.484912280701755,5.680755395683454,1.9210304069579878,-0.0,1.9210304069579878,0.06504832277428445,True,1.0,3.356351748720953,0.013328890369876709,chem
CPC002 HA1E 6H-metoprolol tartrate-10.0,metoprolol tartrate,HA1E,6H,10.0,99,35,0,1,1.0,0.24251294786342986,0.0,3.816326530612245,0.6152650692863555,2.155679098766863,-1.5404140294805073,0.5860810839726774,True,1.0,0.6903828915203198,0.2162612462512496,chem
CPC002 HA1E 6H-cyclopiazonic acid-10.0,cyclopiazonic acid,HA1E,6H,10.0,205,39,0,0,1.0,1.0,0.0,0.0,-0.0,0.7025107582212198,-0.7025107582212198,1.0,False,1.0,-0.5657980364905775,1.0,chem
CPC002 HA1E 6H-wiskostatin-10.0,wiskostatin,HA1E,6H,10.0,72,49,0,0,1.0,1.0,0.0,0.0,-0.0,-0.0,0.0,1.0,False,1.0,-0.5657980364905775,1.0,chem
CPC002 HA1E 6H-trichostatin a-10.0,trichostatin a,HA1E,6H,10.0,214,161,1,0,0.48110085566069544,1.0,1.572,0.0,0.3177638706834098,-0.0,0.3177638706834098,0.8331119367453025,True,1.0,0.08297748139542174,0.30389870043318895,chem
CPC002 HA1E 6H-geldanamycin-10.0,geldanamycin,HA1E,6H,10.0,146,66,0,0,1.0,1.0,0.0,0.0,-0.0,0.34871548982936135,-0.34871548982936135,1.0,False,1.0,-0.5657980364905775,1.0,chem
CPC002 HA1E 6H-medrysone-10.0,medrysone,HA1E,6H,10.0,51,69,0,0,1.0,1.0,0.0,0.0,-0.0,0.7554151635242407,-0.7554151635242407,1.0,False,1.0,-0.5657980364905775,1.0,chem
CPC002 HA1E 6H-danazol-10.0,danazol,HA1E,6H,10.0,84,48,0,0,1.0,1.0,0.0,0.0,-0.0,1.354464549734875,-1.354464549734875,1.0,False,1.0,-0.5657980364905775,1.0,chem
"CPC002 HA1E 6H-l-689,560-10.0","l-689,560",HA1E,6H,10.0,95,40,0,1,1.0,0.23390046910449,0.0,3.981226533166458,0.6309689071806411,1.2585822489497653,-0.6276133417691242,0.5737250110446219,True,1.0,0.7224452702317549,0.20993002332555816,chem
CPC002 HA1E 6H-puromycin hydrochloride-10.0,puromycin hydrochloride,HA1E,6H,10.0,154,89,0,0,1.0,1.0,0.0,0.0,-0.0,0.6559848708780861,-0.6559848708780861,1.0,False,1.0,-0.5657980364905775,1.0,chem
CPC002 HA1E 6H-camptothecin-10.0,camptothecin,HA1E,6H,10.0,100,41,0,0,1.0,1.0,0.0,0.0,-0.0,-0.0,0.0,1.0,False,1.0,-0.5657980364905775,1.0,chem
CPC002 HA1E 6H-nylidrin hydrochloride-10.0,nylidrin hydrochloride,HA1E,6H,10.0,75,41,0,0,1.0,1.0,0.0,0.0,-0.0,-0.0,0.0,1.0,False,1.0,-0.5657980364905775,1.0,chem
CPC002 HA1E 6H-noscapine hydrochloride-10.0,noscapine hydrochloride,HA1E,6H,10.0,59,60,1,0,0.2153819639634753,1.0,4.331525423728814,0.0,0.6667906672362438,1.4843645447646996,-0.8175738775284558,0.5460669932378089,True,1.0,0.7955822221504205,0.1956014661779407,chem
CPC002 HA1E 6H-orphenadrine hydrochloride-10.0,orphenadrine hydrochloride,HA1E,6H,10.0,66,38,0,0,1.0,1.0,0.0,0.0,-0.0,1.5463024435977597,-1.5463024435977597,1.0,False,1.0,-0.5657980364905775,1.0,chem
CPC002 HA1E 6H-niguldipine-10.0,niguldipine,HA1E,6H,10.0,60,21,0,0,1.0,1.0,0.0,0.0,-0.0,0.6667906672362438,-0.6667906672362438,1.0,False,1.0,-0.5657980364905775,1.0,chem
CPC002 HA1E 6H-bromocriptine mesylate-10.0,bromocriptine mesylate,HA1E,6H,10.0,87,37,0,1,1.0,0.21639730745761476,0.0,4.357045143638851,0.6647481472788466,-0.0,0.6647481472788466,0.5476235035128203,True,1.0,0.7914120282882204,0.19726757747417528,chem
CPC002 HA1E 6H-cymarin-10.0,cymarin,HA1E,6H,10.0,52,36,1,0,0.13520538753090064,1.0,7.329142857142857,0.0,0.8690060027115124,-0.0,0.8690060027115124,0.40574599594107874,True,1.0,1.208443378188409,0.11729423525491503,chem
CPC002 HA1E 6H-kirromycin-10.0,kirromycin,HA1E,6H,10.0,57,44,1,0,0.16276834344693925,1.0,5.9581395348837205,0.0,0.788430056468702,-0.0,0.788430056468702,0.45826243688507773,True,1.0,1.0439322235992947,0.14428523825391537,chem
CPC002 HA1E 6H-wortmannin-10.0,wortmannin,HA1E,6H,10.0,124,92,0,0,1.0,1.0,0.0,0.0,-0.0,0.6432467679157314,-0.6432467679157314,1.0,False,1.0,-0.5657980364905775,1.0,chem
CPC002 HA1E 6H-vincristine sulfate-10.0,vincristine sulfate,HA1E,6H,10.0,82,75,0,0,1.0,1.0,0.0,0.0,-0.0,0.5488889053617282,-0.5488889053617282,1.0,False,1.0,-0.5657980364905775,1.0,chem
CPC002 HA1E 6H-cinobufagin-10.0,cinobufagin,HA1E,6H,10.0,165,83,0,0,1.0,1.0,0.0,0.0,-0.0,0.6829719575049308,-0.6829719575049308,1.0,False,1.0,-0.5657980364905775,1.0,chem
CPC002 HA1E 6H-guggulsterone-10.0,guggulsterone,HA1E,6H,10.0,50,48,0,0,1.0,1.0,0.0,0.0,-0.0,1.639095531999145,-1.639095531999145,1.0,False,1.0,-0.5657980364905775,1.0,chem
CPC002 HA1E 6H-ciglitazone-10.0,ciglitazone,HA1E,6H,10.0,96,26,0,0,1.0,1.0,0.0,0.0,-0.0,-0.0,0.0,1.0,False,1.0,-0.5657980364905775,1.0,chem
CPC002 HA1E 6H-rosiglitazone hydrochloride-10.0,rosiglitazone hydrochloride,HA1E,6H,10.0,78,27,0,0,1.0,1.0,0.0,0.0,-0.0,1.412890897940681,-1.412890897940681,1.0,False,1.0,-0.5657980364905775,1.0,chem
"CPC002 HA1E 6H-l-741,626-10.0","l-741,626",HA1E,6H,10.0,87,49,1,0,0.17956411208873052,1.0,5.333333333333333,0.0,0.7457804576422037,1.4200666638941306,-0.6742862062519269,0.48791572895196733,True,1.0,0.9568549372269262,0.16061312895701432,chem
CPC002 HA1E 6H-ha-1004-10.0,ha-1004,HA1E,6H,10.0,44,65,1,0,0.23116120526143458,1.0,3.99,0.0,0.6360850498129149,-0.0,0.6360850498129149,0.5697291422040203,True,1.0,0.7328908507148143,0.20826391202932357,chem
CPC002 HA1E 6H-roscovitine-10.0,roscovitine,HA1E,6H,10.0,110,68,0,0,1.0,1.0,0.0,0.0,-0.0,0.4435847365427099,-0.4435847365427099,1.0,False,1.0,-0.5657980364905775,1.0,chem
CPC002 HA1E 6H-aminopurvalanol a-10.0,aminopurvalanol a,HA1E,6H,10.0,43,87,0,0,1.0,1.0,0.0,0.0,-0.0,0.6647481472788466,-0.6647481472788466,1.0,False,1.0,-0.5657980364905775,1.0,chem
CPC002 HA1E 6H-n-desmethylclozapine-10.0,n-desmethylclozapine,HA1E,6H,10.0,75,51,0,0,1.0,1.0,0.0,0.0,-0.0,2.066070045574602,-2.066070045574602,1.0,False,1.0,-0.5657980364905775,1.0,chem
"CPC002 HA1E 6H-l-701,252-10.0","l-701,252",HA1E,6H,10.0,64,26,0,0,1.0,1.0,0.0,0.0,-0.0,-0.0,0.0,1.0,False,1.0,-0.5657980364905775,1.0,chem
CPC002 HA1E 6H-thm-i-94-10.0,thm-i-94,HA1E,6H,10.0,191,131,0,0,1.0,1.0,0.0,0.0,-0.0,-0.0,0.0,1.0,False,1.0,-0.5657980364905775,1.0,chem
CPC002 HA1E 6H-pkc-412-10.0,pkc-412,HA1E,6H,10.0,95,88,0,0,1.0,1.0,0.0,0.0,-0.0,-0.0,0.0,1.0,False,1.0,-0.5657980364905775,1.0,chem
CPC002 HA1E 6H-fccp-10.0,fccp,HA1E,6H,10.0,76,33,0,0,1.0,1.0,0.0,0.0,-0.0,-0.0,0.0,1.0,False,1.0,-0.5657980364905775,1.0,chem
CPC002 HA1E 6H-bay 11-7821-10.0,bay 11-7821,HA1E,6H,10.0,56,41,0,0,1.0,1.0,0.0,0.0,-0.0,-0.0,0.0,1.0,False,1.0,-0.5657980364905775,1.0,chem
CPC002 HA1E 6H-brl 54443-10.0,brl 54443,HA1E,6H,10.0,134,114,1,0,0.370489313087226,1.0,2.2424778761061948,0.0,0.43122431490242713,0.9389145570495274,-0.5076902421471003,0.7383595183787144,True,1.0,0.31462860743267657,0.28323892035988,chem
CPC002 HA1E 6H-digoxigenin-10.0,digoxigenin,HA1E,6H,10.0,78,32,0,1,1.0,0.19625499689546985,0.0,4.87318563789152,0.7071792767661395,0.5673958234598213,0.13978345330631814,0.515824948965911,True,1.0,0.8780432678574065,0.17594135288237253,chem
CPC002 HA1E 6H-u-46619-10.0,u-46619,HA1E,6H,10.0,78,37,0,1,1.0,0.19625499689546985,0.0,4.87318563789152,0.7071792767661395,0.5673958234598213,0.13978345330631814,0.515824948965911,True,1.0,0.8780432678574065,0.17594135288237253,chem
CPC002 HA1E 6H-u-0126-10.0,u-0126,HA1E,6H,10.0,50,59,1,0,0.21218896522549602,1.0,4.406896551724138,0.0,0.6732772051014339,-0.0,0.6732772051014339,0.5411408617227969,True,1.0,0.8088257257423331,0.19326891036321225,chem
CPC002 HA1E 6H-palda-10.0,palda,HA1E,6H,10.0,140,88,1,0,0.29989937221524765,1.0,2.924597701149425,0.0,0.5230244433559751,0.6603385664151288,-0.1373141230591537,0.6610706713031071,True,1.0,0.5020560696906169,0.2502499166944352,chem
CPC002 HA1E 6H-jlk 6-10.0,jlk 6,HA1E,6H,10.0,113,61,0,0,1.0,1.0,0.0,0.0,-0.0,-0.0,0.0,1.0,False,1.0,-0.5657980364905775,1.0,chem
CPC002 HA1E 6H-ly 303511-10.0,ly 303511,HA1E,6H,10.0,61,71,0,0,1.0,1.0,0.0,0.0,-0.0,-0.0,0.0,1.0,False,1.0,-0.5657980364905775,1.0,chem
CPC002 HA1E 6H-t 0901317-10.0,t 0901317,HA1E,6H,10.0,151,40,0,0,1.0,1.0,0.0,0.0,-0.0,0.33794387185647307,-0.33794387185647307,1.0,False,1.0,-0.5657980364905775,1.0,chem
CPC002 HA1E 6H-piceatannol-10.0,piceatannol,HA1E,6H,10.0,83,15,0,0,1.0,1.0,0.0,0.0,-0.0,1.3877808051210436,-1.3877808051210436,1.0,False,1.0,-0.5657980364905775,1.0,chem
CPC002 HA1E 6H-t 0070907-10.0,t 0070907,HA1E,6H,10.0,49,75,0,0,1.0,1.0,0.0,0.0,-0.0,0.7225445271947321,-0.7225445271947321,1.0,False,1.0,-0.5657980364905775,1.0,chem
CPC002 HA1E 6H-BRD-K32501161-10.0,brd-k32501161,HA1E,6H,10.0,57,51,1,0,0.18619129527236197,1.0,5.1184,0.0,0.7300406268108973,0.6866275576504163,0.043413069160481044,0.4991752625373401,True,1.0,0.9247190720731665,0.16661112962345884,chem
CPC002 HA1E 6H-arvanil-10.0,arvanil,HA1E,6H,10.0,85,39,0,0,1.0,1.0,0.0,0.0,-0.0,1.3451805133801575,-1.3451805133801575,1.0,False,1.0,-0.5657980364905775,1.0,chem
CPC002 HA1E 6H-az 10417808-10.0,az 10417808,HA1E,6H,10.0,108,44,0,0,1.0,1.0,0.0,0.0,-0.0,0.44997494127189797,-0.44997494127189797,1.0,False,1.0,-0.5657980364905775,1.0,chem
CPC002 HA1E 6H-isoreserpine-10.0,isoreserpine,HA1E,6H,10.0,134,25,0,1,1.0,0.3140684085210231,0.0,2.796550199026979,0.5029757461707562,0.9994109634542697,-0.4964352172835135,0.677804994425226,True,1.0,0.4611228324685698,0.2582472509163612,chem
CPC002 HA1E 6H-kenpaullone-10.0,kenpaullone,HA1E,6H,10.0,56,123,0,0,1.0,1.0,0.0,0.0,-0.0,-0.0,0.0,1.0,False,1.0,-0.5657980364905775,1.0,chem
CPC002 HA1E 6H-nsc 632839 hydrochloride-10.0,nsc 632839 hydrochloride,HA1E,6H,10.0,104,43,0,0,1.0,1.0,0.0,0.0,-0.0,-0.0,0.0,1.0,False,1.0,-0.5657980364905775,1.0,chem
CPC002 HA1E 6H-bcl-2 inhibitor-10.0,bcl-2 inhibitor,HA1E,6H,10.0,145,62,1,0,0.22173067173433159,1.0,4.188196721311475,0.0,0.654174227302204,0.35092840943940395,0.3032458178628,0.5557217696993249,True,1.0,0.7698233549309331,0.2015994668443852,chem
CPC002 HA1E 6H-eo 1428-10.0,eo 1428,HA1E,6H,10.0,61,28,0,0,1.0,1.0,0.0,0.0,-0.0,1.6099703461547368,-1.6099703461547368,1.0,False,1.0,-0.5657980364905775,1.0,chem
CPC002 HA1E 6H-glimepiride-10.0,glimepiride,HA1E,6H,10.0,104,49,0,0,1.0,1.0,0.0,0.0,-0.0,2.0819206037214313,-2.0819206037214313,1.0,False,1.0,-0.5657980364905775,1.0,chem
CPC002 HA1E 6H-flufenamic acid-10.0,flufenamic acid,HA1E,6H,10.0,98,54,0,1,1.0,0.24036844221095138,0.0,3.856276531231049,0.6191225511172579,1.3377360233923197,-0.7186134722750618,0.5830334525918055,True,1.0,0.6982586760366563,0.2149283572142619,chem
CPC002 HA1E 6H-capsazepine-10.0,capsazepine,HA1E,6H,10.0,121,41,1,0,0.1525327083921917,1.0,6.408,0.0,0.816637018277212,0.41084102219453045,0.4057959960826816,0.4393515867377291,True,1.0,1.1015221132741315,0.13628790403198934,chem
CPC002 HA1E 6H-pp 1-10.0,pp 1,HA1E,6H,10.0,104,117,0,0,1.0,1.0,0.0,0.0,-0.0,2.4144540846486704,-2.4144540846486704,1.0,False,1.0,-0.5657980364905775,1.0,chem
CPC002 HA1E 6H-ketanserin tartrate hydrate-10.0,ketanserin tartrate hydrate,HA1E,6H,10.0,82,38,0,1,1.0,0.20526676523894072,0.0,4.62962962962963,0.6876813615975087,1.3734087587331132,-0.6857273971356045,0.5302953679317949,True,1.0,0.8382345571187689,0.18327224258580474,chem
CPC002 HA1E 6H-fenofibrate-10.0,fenofibrate,HA1E,6H,10.0,96,31,0,0,1.0,1.0,0.0,0.0,-0.0,1.2504930619905459,-1.2504930619905459,1.0,False,1.0,-0.5657980364905775,1.0,chem
CPC002 HA1E 6H-remoxipride hydrochloride-10.0,remoxipride hydrochloride,HA1E,6H,10.0,91,34,0,0,1.0,1.0,0.0,0.0,-0.0,0.5108615299787004,-0.5108615299787004,1.0,False,1.0,-0.5657980364905775,1.0,chem
CPC002 HA1E 6H-oxybenzone-10.0,oxybenzone,HA1E,6H,10.0,87,43,0,1,1.0,0.21639730745761476,0.0,4.357045143638851,0.6647481472788466,1.3269739094430273,-0.6622257621641807,0.5476235035128203,True,1.0,0.7914120282882204,0.19726757747417528,chem
CPC002 HA1E 6H-mg-132-10.0,mg-132,HA1E,6H,10.0,158,109,1,0,0.3574688483005121,1.0,2.348148148148148,0.0,0.4467617988997304,0.5789790861974325,-0.13221728729770216,0.7251995756573677,True,1.0,0.34635134295108594,0.2769076974341886,chem
CPC002 HA1E 6H-su 4312-10.0,su 4312,HA1E,6H,10.0,118,64,0,0,1.0,1.0,0.0,0.0,-0.0,0.41939128926689573,-0.41939128926689573,1.0,False,1.0,-0.5657980364905775,1.0,chem
CPC002 HA1E 6H-r(+)-6-bromo-apb-10.0,r(+)-6-bromo-apb,HA1E,6H,10.0,45,46,0,0,1.0,1.0,0.0,0.0,-0.0,0.7794899098274045,-0.7794899098274045,1.0,False,1.0,-0.5657980364905775,1.0,chem
CPC002 HA1E 6H-pd 98059-10.0,pd 98059,HA1E,6H,10.0,85,39,0,0,1.0,1.0,0.0,0.0,-0.0,1.5220735706026076,-1.5220735706026076,1.0,False,1.0,-0.5657980364905775,1.0,chem
CPC002 HA1E 6H-h-9 dihydrochloride-10.0,h-9 dihydrochloride,HA1E,6H,10.0,91,96,1,0,0.32239236928480147,1.0,2.6749473684210527,0.0,0.49161524607514395,0.6269735179770268,-0.13535827190188288,0.6873359975439419,True,1.0,0.4379282058512537,0.26024658447184273,chem
CPC002 HA1E 6H-mebendazole-10.0,mebendazole,HA1E,6H,10.0,63,51,0,2,1.0,0.012899416943250782,0.0,13.104508196721312,1.889429919472185,0.6480366652921943,1.2413932541799908,0.06901927416435624,True,1.0,3.2918333294621527,0.014661779406864379,chem
CPC002 HA1E 6H-BRD-K78633253-10.0,brd-k78633253,HA1E,6H,10.0,62,46,1,0,0.16952594816869557,1.0,5.6915555555555555,0.0,0.7707638179093317,0.654174227302204,0.1165895906071277,0.47039200217099253,True,1.0,1.0078632298341974,0.15128290569810063,chem
CPC002 HA1E 6H-BRD-K80348542-10.0,brd-k80348542,HA1E,6H,10.0,155,108,0,0,1.0,1.0,0.0,0.0,-0.0,0.32966245852423615,-0.32966245852423615,1.0,False,1.0,-0.5657980364905775,1.0,chem
CPC002 HA1E 6H-vorinostat-10.0,vorinostat,HA1E,6H,10.0,209,166,0,1,1.0,0.44648700619175163,0.0,1.7669683257918551,0.3501911755690173,-0.0,0.3501911755690173,0.8065095625211967,True,1.0,0.1491840059935802,0.3015661446184605,chem
CPC002 HA1E 6H-embelin-10.0,embelin,HA1E,6H,10.0,59,39,0,0,1.0,1.0,0.0,0.0,-0.0,-0.0,0.0,1.0,False,1.0,-0.5657980364905775,1.0,chem
CPC002 HA1E 6H-pd 198306-10.0,pd 198306,HA1E,6H,10.0,40,47,0,1,1.0,0.10569309825111733,0.0,9.678733031674208,0.9759533711534798,2.1349016337454736,-1.1589482625919938,0.34320828631839995,True,1.0,1.4267968184277202,0.09130289903365545,chem
CPC002 HA1E 6H-my-5445-10.0,my-5445,HA1E,6H,10.0,83,36,0,0,1.0,1.0,0.0,0.0,-0.0,-0.0,0.0,1.0,False,1.0,-0.5657980364905775,1.0,chem
CPC002 HA1E 6H-nortriptyline hydrochloride-10.0,nortriptyline hydrochloride,HA1E,6H,10.0,94,47,0,0,1.0,1.0,0.0,0.0,-0.0,0.4991666218731878,-0.4991666218731878,1.0,False,1.0,-0.5657980364905775,1.0,chem
CPC002 HA1E 6H-anisomycin-10.0,anisomycin,HA1E,6H,10.0,234,144,1,0,0.4434437047059347,1.0,1.7636363636363637,0.0,0.3531615061307682,-0.0,0.3531615061307682,0.8040452162697935,True,1.0,0.15524850207473634,0.3008997000999667,chem
CPC002 HA1E 6H-BRD-K91509126 (piceatannol)-10.0,brd-k91509126 (piceatannol),HA1E,6H,10.0,113,52,0,0,1.0,1.0,0.0,0.0,-0.0,0.868754578523359,-0.868754578523359,1.0,False,1.0,-0.5657980364905775,1.0,chem
CPC002 HA1E 6H-mefenamic acid-10.0,mefenamic acid,HA1E,6H,10.0,33,52,0,0,1.0,1.0,0.0,0.0,-0.0,0.9043215844992204,-0.9043215844992204,1.0,False,1.0,-0.5657980364905775,1.0,chem
CPC002 HA1E 6H-aloisine a-10.0,aloisine a,HA1E,6H,10.0,56,82,0,0,1.0,1.0,0.0,0.0,-0.0,1.3811816457341055,-1.3811816457341055,1.0,False,1.0,-0.5657980364905775,1.0,chem
CPC002 HA1E 6H-trapidil-10.0,trapidil,HA1E,6H,10.0,49,53,0,0,1.0,1.0,0.0,0.0,-0.0,-0.0,0.0,1.0,False,1.0,-0.5657980364905775,1.0,chem
CPC002 HA1E 6H-pp 2-10.0,pp 2,HA1E,6H,10.0,86,91,0,0,1.0,1.0,0.0,0.0,-0.0,1.5877923128620193,-1.5877923128620193,1.0,False,1.0,-0.5657980364905775,1.0,chem
CPC002 HA1E 6H-tyrphostin 47-10.0,tyrphostin 47,HA1E,6H,10.0,56,52,0,0,1.0,1.0,0.0,0.0,-0.0,0.868754578523359,-0.868754578523359,1.0,False,1.0,-0.5657980364905775,1.0,chem
CPC002 HA1E 6H-quercetin-10.0,quercetin,HA1E,6H,10.0,88,58,0,0,1.0,1.0,0.0,0.0,-0.0,-0.0,0.0,1.0,False,1.0,-0.5657980364905775,1.0,chem
CPC002 HA1E 6H-sib 1757-10.0,sib 1757,HA1E,6H,10.0,99,57,0,0,1.0,1.0,0.0,0.0,-0.0,-0.0,0.0,1.0,False,1.0,-0.5657980364905775,1.0,chem
CPC002 HA1E 6H-deoxycorticosterone-10.0,deoxycorticosterone,HA1E,6H,10.0,65,44,1,1,0.16276834344693925,0.16629559859511084,5.9581395348837205,5.875,1.5675493017239392,-0.0,1.5675493017239392,0.1247660916180909,True,1.0,2.634652687660553,0.031322892369210265,chem
CPC002 HA1E 6H-parthenolide-10.0,parthenolide,HA1E,6H,10.0,66,79,0,0,1.0,1.0,0.0,0.0,-0.0,0.7022024202582935,-0.7022024202582935,1.0,False,1.0,-0.5657980364905775,1.0,chem
CPC002 HCC515 24H-wiskostatin-10.0,wiskostatin,HCC515,24H,10.0,72,51,0,0,1.0,1.0,0.0,0.0,-0.0,-0.0,0.0,1.0,False,1.0,-0.5657980364905775,1.0,chem
CPC002 HCC515 24H-trichostatin a-10.0,trichostatin a,HCC515,24H,10.0,169,245,1,2,0.6339615471353082,0.07887912741507765,1.017049180327869,4.707335329341317,1.30097498573929,0.6028826417213833,0.6980923440179068,0.19980558720450473,True,1.0,2.0903904040469614,0.05131622792402533,chem
CPC002 HCC515 24H-geldanamycin-10.0,geldanamycin,HCC515,24H,10.0,90,156,2,0,0.12887397276106924,1.0,3.405844155844156,0.0,0.8898347834036916,0.44888472447292194,0.44095005893076966,0.3929264726585141,True,1.0,1.2509693045986072,0.11229590136621126,chem
CPC002 HCC515 24H-medrysone-10.0,medrysone,HCC515,24H,10.0,68,53,0,0,1.0,1.0,0.0,0.0,-0.0,-0.0,0.0,1.0,False,1.0,-0.5657980364905775,1.0,chem
CPC002 HCC515 24H-bulleyaconitine a-10.0,bulleyaconitine a,HCC515,24H,10.0,31,80,1,0,0.27668935646458487,1.0,3.2248101265822786,0.0,0.5580075467412458,-0.0,0.5580075467412458,0.6321964039720682,True,1.0,0.573480744142203,0.23658780406531157,chem
CPC002 HCC515 24H-puromycin hydrochloride-10.0,puromycin hydrochloride,HCC515,24H,10.0,153,233,1,1,0.6151402056435108,0.350189345347935,1.0717241379310345,2.4396284829721364,0.6667229581413125,0.8682691369377938,-0.2015461787964813,0.5461185504035779,True,1.0,0.7954439811256144,0.1956014661779407,chem
CPC002 HCC515 24H-pca 4248-10.0,pca 4248,HCC515,24H,10.0,39,35,0,0,1.0,1.0,0.0,0.0,-0.0,-0.0,0.0,1.0,False,1.0,-0.5657980364905775,1.0,chem
CPC002 HCC515 24H-camptothecin-10.0,camptothecin,HCC515,24H,10.0,144,159,0,0,1.0,1.0,0.0,0.0,-0.0,0.3531615061307682,-0.3531615061307682,1.0,False,1.0,-0.5657980364905775,1.0,chem
CPC002 HCC515 24H-kynuramine-10.0,kynuramine,HCC515,24H,10.0,51,84,2,0,0.044211520405194715,1.0,6.469512195121951,0.0,1.354464549734875,-0.0,1.354464549734875,0.18209707864734723,True,1.0,2.199599545753655,0.048317227590803064,chem
CPC002 HCC515 24H-eriodyctol-10.0,eriodyctol,HCC515,24H,10.0,55,48,0,1,1.0,0.14253549916594765,0.0,6.973856209150327,0.8460769590107509,0.7005110527328965,0.14556590627785437,0.42021805492144515,True,1.0,1.1616293644693567,0.12662445851382872,chem
CPC002 HCC515 24H-megestrol acetate-10.0,megestrol acetate,HCC515,24H,10.0,64,36,0,0,1.0,1.0,0.0,0.0,-0.0,-0.0,0.0,1.0,False,1.0,-0.5657980364905775,1.0,chem
CPC002 HCC515 24H-api-2-10.0,api-2,HCC515,24H,10.0,70,55,0,0,1.0,1.0,0.0,0.0,-0.0,0.6079451464532162,-0.6079451464532162,1.0,False,1.0,-0.5657980364905775,1.0,chem
CPC002 HCC515 24H-sq 22536-10.0,sq 22536,HCC515,24H,10.0,46,26,0,1,1.0,0.12060593047710985,0.0,8.380392156862746,0.9186313363902346,-0.0,0.9186313363902346,0.3757148294095546,True,1.0,1.3097629570582023,0.10396534488503832,chem
CPC002 HCC515 24H-niguldipine-10.0,niguldipine,HCC515,24H,10.0,124,179,2,0,0.1607495656133008,1.0,2.952448210922787,0.0,0.7938501919776213,1.462550143026688,-0.6686999510490668,0.45458492120703387,True,1.0,1.054998463490723,0.14128623792069311,chem
CPC002 HCC515 24H-cyclosporin a-10.0,cyclosporin a,HCC515,24H,10.0,79,59,1,0,0.21218896522549602,1.0,4.406896551724138,0.0,0.6732772051014339,2.220639917147655,-1.5473627120462212,0.5411408617227969,True,1.0,0.8088257257423331,0.19326891036321225,chem
CPC002 HCC515 24H-bromocriptine mesylate-10.0,bromocriptine mesylate,HCC515,24H,10.0,89,57,1,0,0.20576544432692015,1.0,4.565714285714286,0.0,0.6866275576504163,-0.0,0.6866275576504163,0.5310843935060165,True,1.0,0.836083015472279,0.1846051316227924,chem
CPC002 HCC515 24H-naloxone hydrochloride-10.0,naloxone hydrochloride,HCC515,24H,10.0,33,67,0,0,1.0,1.0,0.0,0.0,-0.0,0.7670740210418253,-0.7670740210418253,1.0,False,1.0,-0.5657980364905775,1.0,chem
CPC002 HCC515 24H-cymarin-10.0,cymarin,HCC515,24H,10.0,184,195,0,2,1.0,0.09130289334900168,0.0,4.309065934065934,1.0395154596442833,-0.0,1.0395154596442833,0.30984301555042487,True,1.0,1.5565709390344709,0.08230589803398868,chem
CPC002 HCC515 24H-kirromycin-10.0,kirromycin,HCC515,24H,10.0,34,30,1,1,0.11396273672112121,0.09054164715937103,8.853793103448275,11.449197860962567,1.9863887390438615,-0.0,1.9863887390438615,0.05751285268862734,True,1.0,3.489793243048117,0.011996001332889037,chem
CPC002 HCC515 24H-wortmannin-10.0,wortmannin,HCC515,24H,10.0,55,52,1,0,0.18948555439160833,1.0,5.017254901960785,0.0,0.7224238932797868,0.7005110527328965,0.021912840546890355,0.5046838763319719,True,1.0,0.9091680585780887,0.1696101299566811,chem
CPC002 HCC515 24H-vincristine sulfate-10.0,vincristine sulfate,HCC515,24H,10.0,60,71,0,0,1.0,1.0,0.0,0.0,-0.0,-0.0,0.0,1.0,False,1.0,-0.5657980364905775,1.0,chem
CPC002 HCC515 24H-guggulsterone-10.0,guggulsterone,HCC515,24H,10.0,77,57,0,0,1.0,1.0,0.0,0.0,-0.0,0.831684960270828,-0.831684960270828,1.0,False,1.0,-0.5657980364905775,1.0,chem
CPC002 HCC515 24H-pd 102807-10.0,pd 102807,HCC515,24H,10.0,41,39,0,0,1.0,1.0,0.0,0.0,-0.0,-0.0,0.0,1.0,False,1.0,-0.5657980364905775,1.0,chem
CPC002 HCC515 24H-pimozide-10.0,pimozide,HCC515,24H,10.0,67,21,0,0,1.0,1.0,0.0,0.0,-0.0,-0.0,0.0,1.0,False,1.0,-0.5657980364905775,1.0,chem
CPC002 HCC515 24H-sp 600125-10.0,sp 600125,HCC515,24H,10.0,71,54,0,2,1.0,0.01619938997716135,0.0,11.570652173913043,1.7905013394413718,0.6025923867714367,1.1879089526699351,0.08298593841574366,True,1.0,3.089851774399957,0.018327224258580473,chem
CPC002 HCC515 24H-gw 441756-10.0,gw 441756,HCC515,24H,10.0,60,20,0,1,1.0,0.15449437092896082,0.0,6.377866400797608,0.8110873396632657,1.2656800203048393,-0.45459268064157354,0.4430276899814367,True,1.0,1.0901913864387607,0.13662112629123627,chem
"CPC002 HCC515 24H-l-741,626-10.0","l-741,626",HCC515,24H,10.0,61,36,0,0,1.0,1.0,0.0,0.0,-0.0,-0.0,0.0,1.0,False,1.0,-0.5657980364905775,1.0,chem
CPC002 HCC515 24H-imperatorin-10.0,imperatorin,HCC515,24H,10.0,33,51,1,0,0.18619129527236197,1.0,5.1184,0.0,0.7300406268108973,-0.0,0.7300406268108973,0.4991752625373401,True,1.0,0.9247190720731665,0.16661112962345884,chem
CPC002 HCC515 24H-roscovitine-10.0,roscovitine,HCC515,24H,10.0,35,32,0,1,1.0,0.09308361149960875,0.0,11.110726643598616,1.0311267751067914,-0.0,1.0311267751067914,0.31408804084501035,True,1.0,1.539443840401487,0.08330556481172942,chem
CPC002 HCC515 24H-aminopurvalanol a-10.0,aminopurvalanol a,HCC515,24H,10.0,70,196,0,1,1.0,0.17794113953728358,0.0,5.445012787723785,0.7497236325315533,0.6079451464532162,0.1417784860783371,0.4851213664792767,True,1.0,0.9649056804579011,0.15961346217927358,chem
CPC002 HCC515 24H-irinotecan hydrochloride trihydrate-10.0,irinotecan hydrochloride trihydrate,HCC515,24H,10.0,141,169,0,0,1.0,1.0,0.0,0.0,-0.0,0.35998476920329353,-0.35998476920329353,1.0,False,1.0,-0.5657980364905775,1.0,chem
CPC002 HCC515 24H-pd 160170-10.0,pd 160170,HCC515,24H,10.0,31,43,0,0,1.0,1.0,0.0,0.0,-0.0,-0.0,0.0,1.0,False,1.0,-0.5657980364905775,1.0,chem
CPC002 HCC515 24H-thm-i-94-10.0,thm-i-94,HCC515,24H,10.0,175,222,1,2,0.597072509263327,0.08377818160762891,1.1270588235294117,4.539739884393064,1.3008419945467793,0.29220736736775366,1.0086346271790256,0.1998514639409953,True,1.0,2.0901188771751054,0.05131622792402533,chem
CPC002 HCC515 24H-pkc-412-10.0,pkc-412,HCC515,24H,10.0,99,176,2,0,0.15650497893895235,1.0,3.0047892720306515,0.0,0.8054718415595965,0.40725482374389016,0.39821701781570634,0.44676966995403744,True,1.0,1.0787262765678352,0.137620793068977,chem
CPC002 HCC515 24H-fccp-10.0,fccp,HCC515,24H,10.0,107,258,3,0,0.08289123838892946,1.0,3.167774936061381,0.0,1.081491371988136,1.2502160923807686,-0.16872472039263253,0.2893091480482318,True,1.0,1.6422727660264789,0.07597467510829724,chem
CPC002 HCC515 24H-ebt or (erichrome black t)-10.0,ebt or (erichrome black t),HCC515,24H,10.0,37,46,0,1,1.0,0.0981474232697675,0.0,10.490196078431373,1.0081210977390735,-0.0,1.0081210977390735,0.32597552657277346,True,1.0,1.4924733644425325,0.08630456514495169,chem
CPC002 HCC515 24H-gtp 14564-10.0,gtp 14564,HCC515,24H,10.0,29,39,0,0,1.0,1.0,0.0,0.0,-0.0,-0.0,0.0,1.0,False,1.0,-0.5657980364905775,1.0,chem
CPC002 HCC515 24H-kb-r7943 mesylate-10.0,kb-r7943 mesylate,HCC515,24H,10.0,72,36,0,0,1.0,1.0,0.0,0.0,-0.0,-0.0,0.0,1.0,False,1.0,-0.5657980364905775,1.0,chem
CPC002 HCC515 24H-brl 54443-10.0,brl 54443,HCC515,24H,10.0,50,35,0,0,1.0,1.0,0.0,0.0,-0.0,-0.0,0.0,1.0,False,1.0,-0.5657980364905775,1.0,chem
CPC002 HCC515 24H-digoxigenin-10.0,digoxigenin,HCC515,24H,10.0,161,171,1,1,0.5020945849907655,0.3648541509812331,1.4771764705882353,2.3147058823529414,0.7370951707689994,-0.0,0.7370951707689994,0.49410801801460624,True,1.0,0.9391222683837601,0.1639453515494835,chem
CPC002 HCC515 24H-u-0126-10.0,u-0126,HCC515,24H,10.0,119,111,1,0,0.3627078103854775,1.0,2.3047272727272725,0.0,0.4404430924184816,-0.0,0.4404430924184816,0.7305507287445097,True,1.0,0.3334504991234814,0.2789070309896701,chem
CPC002 HCC515 24H-clofibric acid-10.0,clofibric acid,HCC515,24H,10.0,79,43,0,0,1.0,1.0,0.0,0.0,-0.0,-0.0,0.0,1.0,False,1.0,-0.5657980364905775,1.0,chem
CPC002 HCC515 24H-su 4312-10.0,su 4312,HCC515,24H,10.0,27,44,0,0,1.0,1.0,0.0,0.0,-0.0,0.9368120055423965,-0.9368120055423965,1.0,False,1.0,-0.5657980364905775,1.0,chem
CPC002 HCC515 24H-palda-10.0,palda,HCC515,24H,10.0,96,40,0,0,1.0,1.0,0.0,0.0,-0.0,-0.0,0.0,1.0,False,1.0,-0.5657980364905775,1.0,chem
CPC002 HCC515 24H-ly 303511-10.0,ly 303511,HCC515,24H,10.0,51,90,1,0,0.3055889997807604,1.0,2.857977528089888,0.0,0.514862283016828,-0.0,0.514862283016828,0.6678691038300704,True,1.0,0.48539146339126027,0.2535821392869044,chem
CPC002 HCC515 24H-t 0901317-10.0,t 0901317,HCC515,24H,10.0,49,37,1,0,0.13869787897610047,1.0,7.124444444444444,0.0,0.8579301802822941,-0.0,0.8579301802822941,0.4126896087196201,True,1.0,1.1858299752956407,0.12195934688437188,chem
CPC002 HCC515 24H-gyki 52466 hydrochloride-10.0,gyki 52466 hydrochloride,HCC515,24H,10.0,34,58,1,1,0.20898347431718034,0.09054164715937103,4.484912280701755,11.449197860962567,1.7230396639813725,-0.0,1.7230396639813725,0.09399255218375586,True,1.0,2.9521159036104674,0.021992669110296566,chem
CPC002 HCC515 24H-maprotiline hydrochloride-10.0,maprotiline hydrochloride,HCC515,24H,10.0,47,38,1,0,0.1421768062942022,1.0,6.930810810810811,0.0,0.8471712455191108,-0.0,0.8471712455191108,0.4195188106050489,True,1.0,1.1638635589819364,0.12562479173608798,chem
CPC002 HCC515 24H-d-64131-10.0,d-64131,HCC515,24H,10.0,54,61,0,1,1.0,0.14012463365282468,0.0,7.1065482796892345,0.8534855098315087,-0.0,0.8534855098315087,0.4155007882588526,True,1.0,1.1767553332750134,0.12295901366211263,chem
CPC002 HCC515 24H-cgp 53353-10.0,cgp 53353,HCC515,24H,10.0,43,33,0,0,1.0,1.0,0.0,0.0,-0.0,-0.0,0.0,1.0,False,1.0,-0.5657980364905775,1.0,chem
"CPC002 HCC515 24H-r(-)-2,11-dihydroxy-10-methoxyaporphine-10.0","r(-)-2,11-dihydroxy-10-methoxyaporphine",HCC515,24H,10.0,38,40,0,0,1.0,1.0,0.0,0.0,-0.0,-0.0,0.0,1.0,False,1.0,-0.5657980364905775,1.0,chem
CPC002 HCC515 24H-BRD-K32501161-10.0,brd-k32501161,HCC515,24H,10.0,55,62,0,1,1.0,0.14253549916594765,0.0,6.973856209150327,0.8460769590107509,0.7005110527328965,0.14556590627785437,0.42021805492144515,True,1.0,1.1616293644693567,0.12662445851382872,chem
CPC002 HCC515 24H-cp 94253 hydrochloride-10.0,cp 94253 hydrochloride,HCC515,24H,10.0,25,56,1,0,0.20253482817430737,1.0,4.649454545454545,0.0,0.6935002841365968,-0.0,0.6935002841365968,0.5259512351037625,True,1.0,0.8501149967537601,0.1809396867710763,chem
CPC002 HCC515 24H-ly 225910-10.0,ly 225910,HCC515,24H,10.0,36,44,0,0,1.0,1.0,0.0,0.0,-0.0,0.9368120055423965,-0.9368120055423965,1.0,False,1.0,-0.5657980364905775,1.0,chem
CPC002 HCC515 24H-methotrimeprazine maleat salt-10.0,methotrimeprazine maleat salt,HCC515,24H,10.0,70,44,1,0,0.16276834344693925,1.0,5.9581395348837205,0.0,0.788430056468702,-0.0,0.788430056468702,0.45826243688507773,True,1.0,1.0439322235992947,0.14428523825391537,chem
CPC002 HCC515 24H-kenpaullone-10.0,kenpaullone,HCC515,24H,10.0,47,64,0,0,1.0,1.0,0.0,0.0,-0.0,-0.0,0.0,1.0,False,1.0,-0.5657980364905775,1.0,chem
CPC002 HCC515 24H-nsc 632839 hydrochloride-10.0,nsc 632839 hydrochloride,HCC515,24H,10.0,203,181,1,0,0.522270336424744,1.0,1.3928888888888888,0.0,0.28210464024168286,0.6465426023142199,-0.36443796207253704,0.8615214471464937,True,1.0,0.010172364666789746,0.30823058980339885,chem
CPC002 HCC515 24H-bcl-2 inhibitor-10.0,bcl-2 inhibitor,HCC515,24H,10.0,40,58,1,0,0.20898347431718034,1.0,4.484912280701755,0.0,0.6798880550210863,0.8265393363304978,-0.14665128130941152,0.5361471243418872,True,1.0,0.8223230360912566,0.1879373542152616,chem
"CPC002 HCC515 24H-r(-)-2,10,11-trihydroxyaporphine-10.0","r(-)-2,10,11-trihydroxyaporphine",HCC515,24H,10.0,42,56,0,0,1.0,1.0,0.0,0.0,-0.0,-0.0,0.0,1.0,False,1.0,-0.5657980364905775,1.0,chem
CPC002 HCC515 24H-betamethasone-10.0,betamethasone,HCC515,24H,10.0,94,122,2,1,0.0853754527486463,0.2317329444964863,4.394444444444445,4.024667931688804,1.7036792002312402,-0.0,1.7036792002312402,0.097395489202667,True,1.0,2.9125878261453,0.021992669110296566,chem
CPC002 HCC515 24H-zm 306416 hydrochloride-10.0,zm 306416 hydrochloride,HCC515,24H,10.0,81,72,0,0,1.0,1.0,0.0,0.0,-0.0,-0.0,0.0,1.0,False,1.0,-0.5657980364905775,1.0,chem
CPC002 HCC515 24H-jte 013-10.0,jte 013,HCC515,24H,10.0,32,58,0,0,1.0,1.0,0.0,0.0,-0.0,-0.0,0.0,1.0,False,1.0,-0.5657980364905775,1.0,chem
CPC002 HCC515 24H-capsazepine-10.0,capsazepine,HCC515,24H,10.0,38,42,0,1,1.0,0.10066930401874126,0.0,10.205087440381558,0.9971029338905002,-0.0,0.9971029338905002,0.3317974038967471,True,1.0,1.4699776825337076,0.08797067644118627,chem
CPC002 HCC515 24H-u0126-10.0,u0126,HCC515,24H,10.0,72,79,0,0,1.0,1.0,0.0,0.0,-0.0,0.7022024202582935,-0.7022024202582935,1.0,False,1.0,-0.5657980364905775,1.0,chem
CPC002 HCC515 24H-pp 1-10.0,pp 1,HCC515,24H,10.0,119,123,0,0,1.0,1.0,0.0,0.0,-0.0,0.4165111770688363,-0.4165111770688363,1.0,False,1.0,-0.5657980364905775,1.0,chem
CPC002 HCC515 24H-flavoxate hydrochloride-10.0,flavoxate hydrochloride,HCC515,24H,10.0,31,63,0,1,1.0,0.08287531958572758,0.0,12.6,1.0815747838474978,0.7915750400061757,0.2899997438413221,0.2892695051033642,True,1.0,1.6424430672383155,0.07597467510829724,chem
CPC002 HCC515 24H-flunisolide-10.0,flunisolide,HCC515,24H,10.0,83,97,1,1,0.3251546456094481,0.2075047499425856,2.6466666666666665,4.572453371592539,1.1708819941844317,-0.0,1.1708819941844317,0.24937704877564862,True,1.0,1.824780761931821,0.06497834055314895,chem
CPC002 HCC515 24H-ag 18-10.0,ag 18,HCC515,24H,10.0,34,75,1,0,0.26180927464089154,1.0,3.4454054054054053,0.0,0.5820149725522035,-0.0,0.5820149725522035,0.612670094069806,True,1.0,0.6224964805130999,0.22925691436187937,chem
CPC002 HCC515 24H-fenbendazole-10.0,fenbendazole,HCC515,24H,10.0,51,37,0,0,1.0,1.0,0.0,0.0,-0.0,-0.0,0.0,1.0,False,1.0,-0.5657980364905775,1.0,chem
CPC002 HCC515 24H-alfadolone acetate-10.0,alfadolone acetate,HCC515,24H,10.0,22,59,2,0,0.023065001634871823,1.0,9.34356725146199,0.0,1.6370465102724592,-0.0,1.6370465102724592,0.11000711582044187,True,1.0,2.776544487287512,0.02432522492502499,chem
CPC002 HCC515 24H-iodophenpropit dihydrobromide-10.0,iodophenpropit dihydrobromide,HCC515,24H,10.0,116,57,0,1,1.0,0.2781061965916425,0.0,3.243478260869565,0.5557893343448462,-0.0,0.5557893343448462,0.6340132235551563,True,1.0,0.5689518406732209,0.23758747084305232,chem
CPC002 HCC515 24H-sto-609 acetate-10.0,sto-609 acetate,HCC515,24H,10.0,48,44,0,1,1.0,0.12552446145258808,0.0,8.02127659574468,0.9012716332371923,-0.0,0.9012716332371923,0.3860196809377747,True,1.0,1.2743198137605074,0.11029656781072976,chem
CPC002 HCC515 24H-anafranil-10.0,anafranil,HCC515,24H,10.0,31,63,0,0,1.0,1.0,0.0,0.0,-0.0,0.9298228660944556,-0.9298228660944556,1.0,False,1.0,-0.5657980364905775,1.0,chem
CPC002 HCC515 24H-remoxipride hydrochloride-10.0,remoxipride hydrochloride,HCC515,24H,10.0,84,44,1,1,0.16276834344693925,0.20973678162792958,5.9581395348837205,4.51665485471297,1.466755456917642,-0.0,1.466755456917642,0.1494354918380449,True,1.0,2.428862838980501,0.03698767077640786,chem
CPC002 HCC515 24H-sb 202190-10.0,sb 202190,HCC515,24H,10.0,33,38,0,0,1.0,1.0,0.0,0.0,-0.0,-0.0,0.0,1.0,False,1.0,-0.5657980364905775,1.0,chem
CPC002 HCC515 24H-endecaphyllin x-10.0,endecaphyllin x,HCC515,24H,10.0,39,56,1,0,0.20253482817430737,1.0,4.649454545454545,0.0,0.6935002841365968,-0.0,0.6935002841365968,0.5259512351037625,True,1.0,0.8501149967537601,0.1809396867710763,chem
CPC002 HCC515 24H-BRD-K56515112 (medrysone)-10.0,brd-k56515112 (medrysone),HCC515,24H,10.0,87,46,1,1,0.16952594816869557,0.21639730745761476,5.6915555555555555,4.357045143638851,1.4355119651881783,-0.0,1.4355119651881783,0.15794299766396822,True,1.0,2.365073294612995,0.04031989336887704,chem
CPC002 HCC515 24H-mg-132-10.0,mg-132,HCC515,24H,10.0,120,192,2,0,0.1793919023685436,1.0,2.7447368421052634,0.0,0.7461971646142725,2.235051130026988,-1.4888539654127158,0.4876199238610852,True,1.0,0.9577057239479881,0.15961346217927358,chem
CPC002 HCC515 24H-ite-10.0,ite,HCC515,24H,10.0,43,47,1,0,0.172885052920969,1.0,5.56695652173913,0.0,0.7622425527905643,-0.0,0.7622425527905643,0.4763205087441633,True,1.0,0.9904654426704699,0.15561479506831055,chem
CPC002 HCC515 24H-pravastatin sodium salt-10.0,pravastatin sodium salt,HCC515,24H,10.0,42,75,2,2,0.03597433355989675,0.005886315313592978,7.277397260273973,20.05,3.6741637204720003,-0.0,3.6741637204720003,0.0020032301187673392,True,1.0,6.9357076111482465,0.0003332222592469177,chem
CPC002 HCC515 24H-mometasone furoate-10.0,mometasone furoate,HCC515,24H,10.0,48,76,2,0,0.036856639158744174,1.0,7.177927927927928,0.0,1.4334842692623022,-0.0,1.4334842692623022,0.15851006708257975,True,1.0,2.360933366837077,0.04065311562812396,chem
CPC002 HCC515 24H-imodium-10.0,imodium,HCC515,24H,10.0,48,45,0,0,1.0,1.0,0.0,0.0,-0.0,0.9276145091651452,-0.9276145091651452,1.0,False,1.0,-0.5657980364905775,1.0,chem
CPC002 HCC515 24H-sb 431542-10.0,sb 431542,HCC515,24H,10.0,87,20,0,0,1.0,1.0,0.0,0.0,-0.0,0.5271883160897466,-0.5271883160897466,1.0,False,1.0,-0.5657980364905775,1.0,chem
CPC002 HCC515 24H-h-9 dihydrochloride-10.0,h-9 dihydrochloride,HCC515,24H,10.0,75,33,1,1,0.12464601989828769,0.18943292832608577,8.02,5.073131955484897,1.6268661116939525,-0.0,1.6268661116939525,0.11206278406594383,True,1.0,2.755759262882196,0.025658113962012664,chem
CPC002 HCC515 24H-mebendazole-10.0,mebendazole,HCC515,24H,10.0,33,62,0,0,1.0,1.0,0.0,0.0,-0.0,-0.0,0.0,1.0,False,1.0,-0.5657980364905775,1.0,chem
CPC002 HCC515 24H-BRD-K78294846-10.0,brd-k78294846,HCC515,24H,10.0,27,61,0,1,1.0,0.07255857404396601,0.0,14.547511312217194,1.1393112608283664,-0.0,1.1393112608283664,0.262905916509982,True,1.0,1.760323091400961,0.06797734088637121,chem
CPC002 HCC515 24H-dppe fumarate-10.0,dppe fumarate,HCC515,24H,10.0,44,78,0,0,1.0,1.0,0.0,0.0,-0.0,-0.0,0.0,1.0,False,1.0,-0.5657980364905775,1.0,chem
CPC002 HCC515 24H-BRD-K80348542-10.0,brd-k80348542,HCC515,24H,10.0,191,239,1,0,0.6246642979813788,1.0,1.0436974789915967,0.0,0.20435331498044346,0.26627423370789627,-0.06192091872745281,0.9185943969386653,True,1.0,-0.14857178772597932,0.3128957014328557,chem
CPC002 HCC515 24H-vorinostat-10.0,vorinostat,HCC515,24H,10.0,154,252,2,1,0.26869364611656515,0.35203977910584294,2.066,2.423298731257209,1.0241508635304886,0.2914894450812554,0.7326614184492332,0.31765447942532843,True,1.0,1.5252011870881657,0.08363878707097634,chem
CPC002 HCC515 24H-sinensetin-10.0,sinensetin,HCC515,24H,10.0,35,51,0,0,1.0,1.0,0.0,0.0,-0.0,-0.0,0.0,1.0,False,1.0,-0.5657980364905775,1.0,chem
CPC002 HCC515 24H-sc-68376-10.0,sc-68376,HCC515,24H,10.0,49,68,0,0,1.0,1.0,0.0,0.0,-0.0,-0.0,0.0,1.0,False,1.0,-0.5657980364905775,1.0,chem
CPC002 HCC515 24H-benzamil hydrochloride-10.0,benzamil hydrochloride,HCC515,24H,10.0,48,32,0,1,1.0,0.12552446145258808,0.0,8.02127659574468,0.9012716332371923,1.0683513766978714,-0.1670797434606791,0.3860196809377747,True,1.0,1.2743198137605074,0.11029656781072976,chem
CPC002 HCC515 24H-pd 198306-10.0,pd 198306,HCC515,24H,10.0,110,208,2,0,0.2027970597378924,1.0,2.5250809061488675,0.0,0.6929383459307407,2.1722497382612795,-1.4793113923305388,0.5263698081609266,True,1.0,0.8489676927832358,0.1809396867710763,chem
CPC002 HCC515 24H-nortriptyline hydrochloride-10.0,nortriptyline hydrochloride,HCC515,24H,10.0,70,36,0,1,1.0,0.17794113953728358,0.0,5.445012787723785,0.7497236325315533,-0.0,0.7497236325315533,0.4851213664792767,True,1.0,0.9649056804579011,0.15961346217927358,chem
CPC002 HCC515 24H-anisomycin-10.0,anisomycin,HCC515,24H,10.0,179,221,1,0,0.5953901397821714,1.0,1.1323636363636365,0.0,0.22519836195273388,0.617697499050449,-0.3924991370977151,0.9041227850005915,True,1.0,-0.10601265060406434,0.311562812395868,chem
CPC002 HCC515 24H-mefenamic acid-10.0,mefenamic acid,HCC515,24H,10.0,74,70,0,0,1.0,1.0,0.0,0.0,-0.0,0.7497236325315533,-0.7497236325315533,1.0,False,1.0,-0.5657980364905775,1.0,chem
CPC002 HCC515 24H-kn-93-10.0,kn-93,HCC515,24H,10.0,61,31,0,0,1.0,1.0,0.0,0.0,-0.0,-0.0,0.0,1.0,False,1.0,-0.5657980364905775,1.0,chem
CPC002 HCC515 24H-pp 2-10.0,pp 2,HCC515,24H,10.0,117,94,1,0,0.3168351656733602,1.0,2.7333333333333334,0.0,0.4991666218731878,0.635012220003903,-0.13584559813071523,0.6809971477614378,True,1.0,0.4533457790750162,0.25891369543485504,chem
CPC002 HCC515 24H-skf 86002 dihydrochloride-10.0,skf 86002 dihydrochloride,HCC515,24H,10.0,72,49,0,0,1.0,1.0,0.0,0.0,-0.0,0.8928783478043839,-0.8928783478043839,1.0,False,1.0,-0.5657980364905775,1.0,chem
CPC002 HCC515 24H-dihydroergocristine mesylate-10.0,dihydroergocristine mesylate,HCC515,24H,10.0,40,61,1,1,0.2185625172745057,0.10569309825111733,4.258666666666667,9.678733031674208,1.6363776871748652,-0.0,1.6363776871748652,0.11014108436972032,True,1.0,2.7751789574348504,0.02432522492502499,chem
CPC002 HCC515 24H-beclomethasone dipropionate-10.0,beclomethasone dipropionate,HCC515,24H,10.0,95,78,1,0,0.27077226419384126,1.0,3.3096103896103894,0.0,0.5673958234598213,1.2025463853849323,-0.635150561925111,0.6245300442583144,True,1.0,0.5926487007668858,0.23292235921359547,chem
CPC002 HCC515 24H-sb 239063-10.0,sb 239063,HCC515,24H,10.0,41,55,0,0,1.0,1.0,0.0,0.0,-0.0,-0.0,0.0,1.0,False,1.0,-0.5657980364905775,1.0,chem
CPC002 HCC515 24H-parthenolide-10.0,parthenolide,HCC515,24H,10.0,55,56,0,0,1.0,1.0,0.0,0.0,-0.0,-0.0,0.0,1.0,False,1.0,-0.5657980364905775,1.0,chem
CPC002 HCC515 6H-wiskostatin-10.0,wiskostatin,HCC515,6H,10.0,36,32,1,0,0.1210987624976262,1.0,8.28,0.0,0.9168602948684945,-0.0,0.9168602948684945,0.37675627535664896,True,1.0,1.3061470381748082,0.10596467844051982,chem
CPC002 HCC515 6H-trichostatin a-10.0,trichostatin a,HCC515,6H,10.0,127,157,1,0,0.47246724951921515,1.0,1.6133333333333333,0.0,0.3256282905325813,0.39451598692187906,-0.06888769638929776,0.8267169791481668,True,1.0,0.09903419372569978,0.303565478173942,chem
CPC002 HCC515 6H-geldanamycin-10.0,geldanamycin,HCC515,6H,10.0,159,88,1,0,0.29989937221524765,1.0,2.924597701149425,0.0,0.5230244433559751,0.8763532289555886,-0.35332878559961356,0.6610706713031071,True,1.0,0.5020560696906169,0.2502499166944352,chem
CPC002 HCC515 6H-medrysone-10.0,medrysone,HCC515,6H,10.0,70,72,0,0,1.0,1.0,0.0,0.0,-0.0,-0.0,0.0,1.0,False,1.0,-0.5657980364905775,1.0,chem
CPC002 HCC515 6H-bulleyaconitine a-10.0,bulleyaconitine a,HCC515,6H,10.0,50,60,0,1,1.0,0.13041700288025662,0.0,7.691476590636254,0.8846657845573468,-0.0,0.8846657845573468,0.3960788175711977,True,1.0,1.2404158080784486,0.11296234588470509,chem
CPC002 HCC515 6H-puromycin hydrochloride-10.0,puromycin hydrochloride,HCC515,6H,10.0,59,51,0,0,1.0,1.0,0.0,0.0,-0.0,0.6732772051014339,-0.6732772051014339,1.0,False,1.0,-0.5657980364905775,1.0,chem
CPC002 HCC515 6H-camptothecin-10.0,camptothecin,HCC515,6H,10.0,84,41,0,1,1.0,0.20973678162792958,0.0,4.51665485471297,0.6783254004489399,1.354464549734875,-0.6761391492859352,0.5373250709452475,True,1.0,0.8191325788906287,0.18993668777074307,chem
CPC002 HCC515 6H-nylidrin hydrochloride-10.0,nylidrin hydrochloride,HCC515,6H,10.0,52,56,1,0,0.20253482817430737,1.0,4.649454545454545,0.0,0.6935002841365968,-0.0,0.6935002841365968,0.5259512351037625,True,1.0,0.8501149967537601,0.1809396867710763,chem
CPC002 HCC515 6H-api-2-10.0,api-2,HCC515,6H,10.0,59,80,1,0,0.27668935646458487,1.0,3.2248101265822786,0.0,0.5580075467412458,-0.0,0.5580075467412458,0.6321964039720682,True,1.0,0.573480744142203,0.23658780406531157,chem
CPC002 HCC515 6H-cymarin-10.0,cymarin,HCC515,6H,10.0,36,32,1,1,0.1210987624976262,0.09561886464342098,8.28,10.791596638655463,1.9363167121916836,-0.0,1.9363167121916836,0.06320614561227195,True,1.0,3.387561654910808,0.01299566811062979,chem
CPC002 HCC515 6H-wortmannin-10.0,wortmannin,HCC515,6H,10.0,67,61,0,0,1.0,1.0,0.0,0.0,-0.0,-0.0,0.0,1.0,False,1.0,-0.5657980364905775,1.0,chem
CPC002 HCC515 6H-vincristine sulfate-10.0,vincristine sulfate,HCC515,6H,10.0,53,53,0,0,1.0,1.0,0.0,0.0,-0.0,-0.0,0.0,1.0,False,1.0,-0.5657980364905775,1.0,chem
CPC002 HCC515 6H-cinobufagin-10.0,cinobufagin,HCC515,6H,10.0,69,67,1,1,0.2373870797537027,0.1756243931010335,3.8678787878787877,5.525951557093426,1.3799580855710807,0.6133860774839782,0.7665720080871025,0.17416278046178177,True,1.0,2.2516494590408644,0.04598467177607464,chem
CPC002 HCC515 6H-guggulsterone-10.0,guggulsterone,HCC515,6H,10.0,63,54,0,1,1.0,0.16159389903495552,0.0,6.066413662239089,0.7915750400061757,-0.0,0.7915750400061757,0.45612607115185677,True,1.0,1.050353307024793,0.14261912695768078,chem
CPC002 HCC515 6H-gw 441756-10.0,gw 441756,HCC515,6H,10.0,34,65,0,0,1.0,1.0,0.0,0.0,-0.0,-0.0,0.0,1.0,False,1.0,-0.5657980364905775,1.0,chem
CPC002 HCC515 6H-roscovitine-10.0,roscovitine,HCC515,6H,10.0,63,68,0,0,1.0,1.0,0.0,0.0,-0.0,-0.0,0.0,1.0,False,1.0,-0.5657980364905775,1.0,chem
CPC002 HCC515 6H-aminopurvalanol a-10.0,aminopurvalanol a,HCC515,6H,10.0,79,71,0,1,1.0,0.19851694343328743,0.0,4.8099547511312215,0.7022024202582935,0.5626671240162882,0.13953529624200534,0.519495182738173,True,1.0,0.8678820665497254,0.17660779740086638,chem
CPC002 HCC515 6H-thm-i-94-10.0,thm-i-94,HCC515,6H,10.0,158,129,1,1,0.4080462423202528,0.3593918656930588,1.975,2.3600599475458974,0.8337223739216917,0.32363702815605805,0.5100853457656336,0.4281720768541081,True,1.0,1.1364051238337474,0.12862379206931024,chem
CPC002 HCC515 6H-pkc-412-10.0,pkc-412,HCC515,6H,10.0,114,74,0,0,1.0,1.0,0.0,0.0,-0.0,-0.0,0.0,1.0,False,1.0,-0.5657980364905775,1.0,chem
CPC002 HCC515 6H-fccp-10.0,fccp,HCC515,6H,10.0,43,39,0,0,1.0,1.0,0.0,0.0,-0.0,-0.0,0.0,1.0,False,1.0,-0.5657980364905775,1.0,chem
CPC002 HCC515 6H-digoxigenin-10.0,digoxigenin,HCC515,6H,10.0,60,36,0,0,1.0,1.0,0.0,0.0,-0.0,-0.0,0.0,1.0,False,1.0,-0.5657980364905775,1.0,chem
CPC002 HCC515 6H-u-0126-10.0,u-0126,HCC515,6H,10.0,55,79,0,1,1.0,0.14253549916594765,0.0,6.973856209150327,0.8460769590107509,-0.0,0.8460769590107509,0.42021805492144515,True,1.0,1.1616293644693567,0.12662445851382872,chem
CPC002 HCC515 6H-palda-10.0,palda,HCC515,6H,10.0,83,39,1,1,0.14564222006616478,0.2075047499425856,6.747368421052632,4.572453371592539,1.5196846671171231,-0.0,1.5196846671171231,0.1359724574283649,True,1.0,2.5369279115912184,0.034988337220926355,chem
CPC002 HCC515 6H-jlk 6-10.0,jlk 6,HCC515,6H,10.0,68,76,1,0,0.2648086431139869,1.0,3.3989333333333334,0.0,0.5770678440229255,0.7173484266051238,-0.14028058258219822,0.616672549122507,True,1.0,0.6123959745407623,0.23025658113962014,chem
CPC002 HCC515 6H-ly 303511-10.0,ly 303511,HCC515,6H,10.0,51,50,1,1,0.1828841639308616,0.1328535679406794,5.223673469387755,7.536470588235294,1.6144506763638589,0.8846657845573468,0.7297848918065121,0.11461803338388672,True,1.0,2.7304107848795263,0.027657447517494167,chem
CPC002 HCC515 6H-t 0901317-10.0,t 0901317,HCC515,6H,10.0,35,33,0,1,1.0,0.09308361149960875,0.0,11.110726643598616,1.0311267751067914,1.05555209794588,-0.024425322839088492,0.31408804084501035,True,1.0,1.539443840401487,0.08330556481172942,chem
CPC002 HCC515 6H-ly 288513-10.0,ly 288513,HCC515,6H,10.0,112,49,1,0,0.17956411208873052,1.0,5.333333333333333,0.0,0.7457804576422037,-0.0,0.7457804576422037,0.48791572895196733,True,1.0,0.9568549372269262,0.16061312895701432,chem
CPC002 HCC515 6H-kenpaullone-10.0,kenpaullone,HCC515,6H,10.0,26,45,0,0,1.0,1.0,0.0,0.0,-0.0,-0.0,0.0,1.0,False,1.0,-0.5657980364905775,1.0,chem
CPC002 HCC515 6H-nsc 632839 hydrochloride-10.0,nsc 632839 hydrochloride,HCC515,6H,10.0,164,110,1,0,0.3600934845839661,1.0,2.3262385321100916,0.0,0.4435847365427099,0.5755623240938987,-0.13197758755118882,0.7278899456163874,True,1.0,0.33986476450024106,0.27757414195268243,chem
CPC002 HCC515 6H-bcl-2 inhibitor-10.0,bcl-2 inhibitor,HCC515,6H,10.0,78,75,0,0,1.0,1.0,0.0,0.0,-0.0,-0.0,0.0,1.0,False,1.0,-0.5657980364905775,1.0,chem
CPC002 HCC515 6H-w-13 hydrochloride-10.0,w-13 hydrochloride,HCC515,6H,10.0,47,64,1,0,0.228029969568577,1.0,4.053968253968254,0.0,0.6420080707060773,-0.0,0.6420080707060773,0.5651217055361104,True,1.0,0.7449838269841007,0.2069310229923359,chem
CPC002 HCC515 6H-u0126-10.0,u0126,HCC515,6H,10.0,36,44,0,0,1.0,1.0,0.0,0.0,-0.0,0.8690060027115124,-0.8690060027115124,1.0,False,1.0,-0.5657980364905775,1.0,chem
CPC002 HCC515 6H-pp 1-10.0,pp 1,HCC515,6H,10.0,60,104,0,0,1.0,1.0,0.0,0.0,-0.0,-0.0,0.0,1.0,False,1.0,-0.5657980364905775,1.0,chem
CPC002 HCC515 6H-meclofenamic acid sodium salt monohydrate-10.0,meclofenamic acid sodium salt monohydrate,HCC515,6H,10.0,44,54,1,0,0.19603564821290864,1.0,4.826415094339622,0.0,0.7076649469372981,-0.0,0.7076649469372981,0.5154676520054673,True,1.0,0.8790348560959862,0.17560813062312564,chem
CPC002 HCC515 6H-iodophenpropit dihydrobromide-10.0,iodophenpropit dihydrobromide,HCC515,6H,10.0,53,46,0,0,1.0,1.0,0.0,0.0,-0.0,0.9186313363902346,-0.9186313363902346,1.0,False,1.0,-0.5657980364905775,1.0,chem
CPC002 HCC515 6H-BRD-K56515112 (medrysone)-10.0,brd-k56515112 (medrysone),HCC515,6H,10.0,63,89,2,1,0.04906469693001235,0.16159389903495552,6.092911877394636,6.066413662239089,2.1008059194308277,2.2538196840761993,-0.15301376464537153,0.046281234343737994,True,1.0,3.7233977283565385,0.008997000999666778,chem
CPC002 HCC515 6H-mg-132-10.0,mg-132,HCC515,6H,10.0,54,86,1,0,0.2941649340268648,1.0,2.9943529411764707,0.0,0.5314090986590809,0.6692149103636079,-0.137805811704527,0.6541094623645473,True,1.0,0.5191749418735019,0.24591802732422527,chem
CPC002 HCC515 6H-brimonidine-10.0,brimonidine,HCC515,6H,10.0,28,40,0,1,1.0,0.07514798705268462,0.0,14.006535947712418,1.1240826481259065,-0.0,1.1240826481259065,0.26965321750673193,True,1.0,1.7292309755116528,0.06997667444185271,chem
CPC002 HCC515 6H-h-9 dihydrochloride-10.0,h-9 dihydrochloride,HCC515,6H,10.0,134,59,1,0,0.21218896522549602,1.0,4.406896551724138,0.0,0.6732772051014339,-0.0,0.6732772051014339,0.5411408617227969,True,1.0,0.8088257257423331,0.19326891036321225,chem
CPC002 HCC515 6H-skatole-10.0,skatole,HCC515,6H,10.0,44,45,0,0,1.0,1.0,0.0,0.0,-0.0,-0.0,0.0,1.0,False,1.0,-0.5657980364905775,1.0,chem
CPC002 HCC515 6H-BRD-K80348542-10.0,brd-k80348542,HCC515,6H,10.0,200,112,0,0,1.0,1.0,0.0,0.0,-0.0,-0.0,0.0,1.0,False,1.0,-0.5657980364905775,1.0,chem
CPC002 HCC515 6H-gliquidone-10.0,gliquidone,HCC515,6H,10.0,64,38,0,0,1.0,1.0,0.0,0.0,-0.0,-0.0,0.0,1.0,False,1.0,-0.5657980364905775,1.0,chem
CPC002 HCC515 6H-vorinostat-10.0,vorinostat,HCC515,6H,10.0,159,164,1,0,0.4874867308662414,1.0,1.5423312883435583,0.0,0.3120372010731352,-0.0,0.3120372010731352,0.8377421483266947,True,1.0,0.07128539370094152,0.3045651449516828,chem
CPC002 HCC515 6H-benzamil hydrochloride-10.0,benzamil hydrochloride,HCC515,6H,10.0,41,50,0,0,1.0,1.0,0.0,0.0,-0.0,-0.0,0.0,1.0,False,1.0,-0.5657980364905775,1.0,chem
CPC002 HCC515 6H-ag 825-10.0,ag 825,HCC515,6H,10.0,54,33,1,0,0.12464601989828769,1.0,8.02,0.0,0.9043215844992204,4.248573119974331,-3.344251535475111,0.3841936101001166,True,1.0,1.2805468706795138,0.10863045651449517,chem
CPC002 HCC515 6H-nortriptyline hydrochloride-10.0,nortriptyline hydrochloride,HCC515,6H,10.0,61,24,0,0,1.0,1.0,0.0,0.0,-0.0,-0.0,0.0,1.0,False,1.0,-0.5657980364905775,1.0,chem
CPC002 HCC515 6H-anisomycin-10.0,anisomycin,HCC515,6H,10.0,205,104,1,0,0.3441896386312761,1.0,2.4640776699029128,0.0,0.46320220766619413,0.2460066907297766,0.21719551693641753,0.7112893995381,True,1.0,0.379917571511874,0.2692435854715095,chem
CPC002 HCC515 6H-pp 2-10.0,pp 2,HCC515,6H,10.0,52,65,0,0,1.0,1.0,0.0,0.0,-0.0,0.7791192452552373,-0.7791192452552373,1.0,False,1.0,-0.5657980364905775,1.0,chem
CPC002 HCC515 6H-quercetin-10.0,quercetin,HCC515,6H,10.0,46,41,0,0,1.0,1.0,0.0,0.0,-0.0,0.9657926288423657,-0.9657926288423657,1.0,False,1.0,-0.5657980364905775,1.0,chem
CPC002 HCC515 6H-coumestrol-10.0,coumestrol,HCC515,6H,10.0,74,39,0,1,1.0,0.18714677864101364,0.0,5.143432715551974,0.7278176439995865,-0.0,0.7278176439995865,0.5007789641472482,True,1.0,0.9201804288927504,0.16694435188270576,chem
CPC002 HCC515 6H-beclomethasone dipropionate-10.0,beclomethasone dipropionate,HCC515,6H,10.0,56,38,0,1,1.0,0.14493997977274198,0.0,6.845989304812834,0.8388118036261796,3.008849181909163,-2.1700373782829834,0.4248822100260835,True,1.0,1.1467961647823994,0.1279573475508164,chem
CPC002 HCC515 6H-parthenolide-10.0,parthenolide,HCC515,6H,10.0,64,52,0,0,1.0,1.0,0.0,0.0,-0.0,0.868754578523359,-0.868754578523359,1.0,False,1.0,-0.5657980364905775,1.0,chem
CPC002 PC3 24H-cyclopiazonic acid-10.0,cyclopiazonic acid,PC3,24H,10.0,58,33,0,0,1.0,1.0,0.0,0.0,-0.0,1.7354401529669663,-1.7354401529669663,1.0,False,1.0,-0.5657980364905775,1.0,chem
CPC002 PC3 24H-bw 723c86 hydrochloride-10.0,bw 723c86 hydrochloride,PC3,24H,10.0,11,14,0,0,1.0,1.0,0.0,0.0,-0.0,-0.0,0.0,1.0,False,1.0,-0.5657980364905775,1.0,chem
CPC002 PC3 24H-wiskostatin-10.0,wiskostatin,PC3,24H,10.0,14,2,0,0,1.0,1.0,0.0,0.0,-0.0,-0.0,0.0,1.0,False,1.0,-0.5657980364905775,1.0,chem
CPC002 PC3 24H-trichostatin a-10.0,trichostatin a,PC3,24H,10.0,191,220,1,1,0.593701017051654,0.4171108369381572,1.137716894977169,1.939938080495356,0.6061807337181856,0.26627423370789627,0.3399065000102893,0.5932895442073496,True,1.0,0.6718354886950265,0.21992669110296567,chem
CPC002 PC3 24H-geldanamycin-10.0,geldanamycin,PC3,24H,10.0,62,64,0,0,1.0,1.0,0.0,0.0,-0.0,1.4394684477756086,-1.4394684477756086,1.0,False,1.0,-0.5657980364905775,1.0,chem
CPC002 PC3 24H-puromycin hydrochloride-10.0,puromycin hydrochloride,PC3,24H,10.0,121,165,1,1,0.48959851295775975,0.28827037177877185,1.5326829268292683,3.1058823529411765,0.8503599017217416,0.8402177711614645,0.01014213056027713,0.41748616702032937,True,1.0,1.1703738084787498,0.12295901366211263,chem
CPC002 PC3 24H-camptothecin-10.0,camptothecin,PC3,24H,10.0,60,109,0,1,1.0,0.15449437092896082,0.0,6.377866400797608,0.8110873396632657,0.6667906672362438,0.14429667242702193,0.4430276899814367,True,1.0,1.0901913864387607,0.13662112629123627,chem
CPC002 PC3 24H-api-2-10.0,api-2,PC3,24H,10.0,156,153,0,0,1.0,1.0,0.0,0.0,-0.0,-0.0,0.0,1.0,False,1.0,-0.5657980364905775,1.0,chem
CPC002 PC3 24H-mifepristone-10.0,mifepristone,PC3,24H,10.0,25,9,0,0,1.0,1.0,0.0,0.0,-0.0,-0.0,0.0,1.0,False,1.0,-0.5657980364905775,1.0,chem
CPC002 PC3 24H-niguldipine-10.0,niguldipine,PC3,24H,10.0,88,32,0,0,1.0,1.0,0.0,0.0,-0.0,1.5913758200538464,-1.5913758200538464,1.0,False,1.0,-0.5657980364905775,1.0,chem
CPC002 PC3 24H-cyclosporin a-10.0,cyclosporin a,PC3,24H,10.0,74,33,0,0,1.0,1.0,0.0,0.0,-0.0,1.4546865151298471,-1.4546865151298471,1.0,False,1.0,-0.5657980364905775,1.0,chem
CPC002 PC3 24H-bromocriptine mesylate-10.0,bromocriptine mesylate,PC3,24H,10.0,25,11,0,0,1.0,1.0,0.0,0.0,-0.0,-0.0,0.0,1.0,False,1.0,-0.5657980364905775,1.0,chem
CPC002 PC3 24H-cymarin-10.0,cymarin,PC3,24H,10.0,154,128,1,0,0.40561098951967145,1.0,1.9908661417322835,0.0,0.3918902868524904,0.33170582196298476,0.06018446488950563,0.7716184191715109,True,1.0,0.23432069085374985,0.29423525491502833,chem
CPC002 PC3 24H-wortmannin-10.0,wortmannin,PC3,24H,10.0,114,149,0,0,1.0,1.0,0.0,0.0,-0.0,-0.0,0.0,1.0,False,1.0,-0.5657980364905775,1.0,chem
CPC002 PC3 24H-vincristine sulfate-10.0,vincristine sulfate,PC3,24H,10.0,41,28,0,0,1.0,1.0,0.0,0.0,-0.0,1.1240826481259065,-1.1240826481259065,1.0,False,1.0,-0.5657980364905775,1.0,chem
CPC002 PC3 24H-cinobufagin-10.0,cinobufagin,PC3,24H,10.0,184,152,0,0,1.0,1.0,0.0,0.0,-0.0,-0.0,0.0,1.0,False,1.0,-0.5657980364905775,1.0,chem
CPC002 PC3 24H-baccatin iii-10.0,baccatin iii,PC3,24H,10.0,49,6,0,0,1.0,1.0,0.0,0.0,-0.0,0.7457804576422037,-0.7457804576422037,1.0,False,1.0,-0.5657980364905775,1.0,chem
CPC002 PC3 24H-guggulsterone-10.0,guggulsterone,PC3,24H,10.0,34,19,0,0,1.0,1.0,0.0,0.0,-0.0,0.8921813962483026,-0.8921813962483026,1.0,False,1.0,-0.5657980364905775,1.0,chem
CPC002 PC3 24H-pd 102807-10.0,pd 102807,PC3,24H,10.0,34,29,0,0,1.0,1.0,0.0,0.0,-0.0,1.109408141910376,-1.109408141910376,1.0,False,1.0,-0.5657980364905775,1.0,chem
CPC002 PC3 24H-rosiglitazone hydrochloride-10.0,rosiglitazone hydrochloride,PC3,24H,10.0,44,41,0,0,1.0,1.0,0.0,0.0,-0.0,-0.0,0.0,1.0,False,1.0,-0.5657980364905775,1.0,chem
CPC002 PC3 24H-cl 218872-10.0,cl 218872,PC3,24H,10.0,7,17,0,0,1.0,1.0,0.0,0.0,-0.0,-0.0,0.0,1.0,False,1.0,-0.5657980364905775,1.0,chem
CPC002 PC3 24H-pimozide-10.0,pimozide,PC3,24H,10.0,20,1,0,0,1.0,1.0,0.0,0.0,-0.0,-0.0,0.0,1.0,False,1.0,-0.5657980364905775,1.0,chem
CPC002 PC3 24H-isorotenone-10.0,isorotenone,PC3,24H,10.0,39,4,0,0,1.0,1.0,0.0,0.0,-0.0,0.8367127096121924,-0.8367127096121924,1.0,False,1.0,-0.5657980364905775,1.0,chem
CPC002 PC3 24H-isotretinoin-10.0,isotretinoin,PC3,24H,10.0,16,11,0,0,1.0,1.0,0.0,0.0,-0.0,-0.0,0.0,1.0,False,1.0,-0.5657980364905775,1.0,chem
CPC002 PC3 24H-roscovitine-10.0,roscovitine,PC3,24H,10.0,43,8,1,1,0.031697417565502664,0.1131791192962548,36.80571428571429,8.983193277310924,2.445209808792856,-0.0,2.445209808792856,0.0237861202386053,True,1.0,4.426563922808575,0.0036654448517160947,chem
CPC002 PC3 24H-aminopurvalanol a-10.0,aminopurvalanol a,PC3,24H,10.0,86,226,0,0,1.0,1.0,0.0,0.0,-0.0,-0.0,0.0,1.0,False,1.0,-0.5657980364905775,1.0,chem
CPC002 PC3 24H-irinotecan hydrochloride trihydrate-10.0,irinotecan hydrochloride trihydrate,PC3,24H,10.0,43,67,0,0,1.0,1.0,0.0,0.0,-0.0,-0.0,0.0,1.0,False,1.0,-0.5657980364905775,1.0,chem
CPC002 PC3 24H-pd 160170-10.0,pd 160170,PC3,24H,10.0,25,15,0,0,1.0,1.0,0.0,0.0,-0.0,-0.0,0.0,1.0,False,1.0,-0.5657980364905775,1.0,chem
CPC002 PC3 24H-thm-i-94-10.0,thm-i-94,PC3,24H,10.0,156,170,1,1,0.5000325364418264,0.3557257269270186,1.4861538461538462,2.3912713472485767,0.749886460262077,0.3276366917516041,0.42224976851047286,0.4850062061072017,True,1.0,0.965238124309902,0.15894701766077973,chem
CPC002 PC3 24H-pkc-412-10.0,pkc-412,PC3,24H,10.0,64,68,0,0,1.0,1.0,0.0,0.0,-0.0,1.4032057959632662,-1.4032057959632662,1.0,False,1.0,-0.5657980364905775,1.0,chem
CPC002 PC3 24H-fccp-10.0,fccp,PC3,24H,10.0,98,118,0,1,1.0,0.24036844221095138,0.0,3.856276531231049,0.6191225511172579,0.484250513560811,0.1348720375564469,0.5830334525918055,True,1.0,0.6982586760366563,0.2149283572142619,chem
CPC002 PC3 24H-bay 11-7821-10.0,bay 11-7821,PC3,24H,10.0,6,14,0,0,1.0,1.0,0.0,0.0,-0.0,-0.0,0.0,1.0,False,1.0,-0.5657980364905775,1.0,chem
CPC002 PC3 24H-papaverine hydrochloride-10.0,papaverine hydrochloride,PC3,24H,10.0,25,12,0,0,1.0,1.0,0.0,0.0,-0.0,-0.0,0.0,1.0,False,1.0,-0.5657980364905775,1.0,chem
CPC002 PC3 24H-ebt or (erichrome black t)-10.0,ebt or (erichrome black t),PC3,24H,10.0,30,15,0,0,1.0,1.0,0.0,0.0,-0.0,-0.0,0.0,1.0,False,1.0,-0.5657980364905775,1.0,chem
CPC002 PC3 24H-kb-r7943 mesylate-10.0,kb-r7943 mesylate,PC3,24H,10.0,20,1,0,0,1.0,1.0,0.0,0.0,-0.0,-0.0,0.0,1.0,False,1.0,-0.5657980364905775,1.0,chem
CPC002 PC3 24H-digoxigenin-10.0,digoxigenin,PC3,24H,10.0,178,169,0,0,1.0,1.0,0.0,0.0,-0.0,-0.0,0.0,1.0,False,1.0,-0.5657980364905775,1.0,chem
CPC002 PC3 24H-ski ii-10.0,ski ii,PC3,24H,10.0,35,14,0,0,1.0,1.0,0.0,0.0,-0.0,0.8804165953750398,-0.8804165953750398,1.0,False,1.0,-0.5657980364905775,1.0,chem
CPC002 PC3 24H-palda-10.0,palda,PC3,24H,10.0,60,14,0,0,1.0,1.0,0.0,0.0,-0.0,-0.0,0.0,1.0,False,1.0,-0.5657980364905775,1.0,chem
CPC002 PC3 24H-jlk 6-10.0,jlk 6,PC3,24H,10.0,34,12,0,0,1.0,1.0,0.0,0.0,-0.0,-0.0,0.0,1.0,False,1.0,-0.5657980364905775,1.0,chem
CPC002 PC3 24H-ly 303511-10.0,ly 303511,PC3,24H,10.0,16,14,1,0,0.05483414750113047,1.0,19.8,0.0,1.2609489040575608,-0.0,1.2609489040575608,0.21404192258836766,True,1.0,2.0086695280513283,0.05664778407197601,chem
CPC002 PC3 24H-d-64131-10.0,d-64131,PC3,24H,10.0,33,42,1,0,0.15595788320671106,1.0,6.250731707317073,0.0,0.8069926680588373,0.9558901228460465,-0.14889745478720917,0.44575403194486074,True,1.0,1.0818313337838668,0.137620793068977,chem
CPC002 PC3 24H-t 0070907-10.0,t 0070907,PC3,24H,10.0,57,21,0,0,1.0,1.0,0.0,0.0,-0.0,0.6866275576504163,-0.6866275576504163,1.0,False,1.0,-0.5657980364905775,1.0,chem
CPC002 PC3 24H-BRD-K32501161-10.0,brd-k32501161,PC3,24H,10.0,82,43,0,0,1.0,1.0,0.0,0.0,-0.0,0.5488889053617282,-0.5488889053617282,1.0,False,1.0,-0.5657980364905775,1.0,chem
CPC002 PC3 24H-zk 93423-10.0,zk 93423,PC3,24H,10.0,34,8,0,0,1.0,1.0,0.0,0.0,-0.0,-0.0,0.0,1.0,False,1.0,-0.5657980364905775,1.0,chem
CPC002 PC3 24H-arvanil-10.0,arvanil,PC3,24H,10.0,42,16,0,0,1.0,1.0,0.0,0.0,-0.0,-0.0,0.0,1.0,False,1.0,-0.5657980364905775,1.0,chem
CPC002 PC3 24H-gp 2a-10.0,gp 2a,PC3,24H,10.0,30,13,0,0,1.0,1.0,0.0,0.0,-0.0,-0.0,0.0,1.0,False,1.0,-0.5657980364905775,1.0,chem
CPC002 PC3 24H-kenpaullone-10.0,kenpaullone,PC3,24H,10.0,28,25,0,1,1.0,0.07514798705268462,0.0,14.006535947712418,1.1240826481259065,-0.0,1.1240826481259065,0.26965321750673193,True,1.0,1.7292309755116528,0.06997667444185271,chem
CPC002 PC3 24H-nsc 632839 hydrochloride-10.0,nsc 632839 hydrochloride,PC3,24H,10.0,82,86,1,0,0.2941649340268648,1.0,2.9943529411764707,0.0,0.5314090986590809,0.5488889053617282,-0.01747980670264726,0.6541094623645473,True,1.0,0.5191749418735019,0.24591802732422527,chem
CPC002 PC3 24H-bcl-2 inhibitor-10.0,bcl-2 inhibitor,PC3,24H,10.0,19,5,0,0,1.0,1.0,0.0,0.0,-0.0,-0.0,0.0,1.0,False,1.0,-0.5657980364905775,1.0,chem
CPC002 PC3 24H-betamethasone-10.0,betamethasone,PC3,24H,10.0,17,12,0,0,1.0,1.0,0.0,0.0,-0.0,-0.0,0.0,1.0,False,1.0,-0.5657980364905775,1.0,chem
"CPC002 PC3 24H-l-165,041-10.0","l-165,041",PC3,24H,10.0,35,28,0,0,1.0,1.0,0.0,0.0,-0.0,-0.0,0.0,1.0,False,1.0,-0.5657980364905775,1.0,chem
CPC002 PC3 24H-eo 1428-10.0,eo 1428,PC3,24H,10.0,8,6,0,0,1.0,1.0,0.0,0.0,-0.0,-0.0,0.0,1.0,False,1.0,-0.5657980364905775,1.0,chem
CPC002 PC3 24H-flufenamic acid-10.0,flufenamic acid,PC3,24H,10.0,33,24,0,0,1.0,1.0,0.0,0.0,-0.0,1.1887656559771005,-1.1887656559771005,1.0,False,1.0,-0.5657980364905775,1.0,chem
CPC002 PC3 24H-capsazepine-10.0,capsazepine,PC3,24H,10.0,36,12,0,0,1.0,1.0,0.0,0.0,-0.0,-0.0,0.0,1.0,False,1.0,-0.5657980364905775,1.0,chem
CPC002 PC3 24H-pp 1-10.0,pp 1,PC3,24H,10.0,63,39,0,0,1.0,1.0,0.0,0.0,-0.0,0.9863854370713357,-0.9863854370713357,1.0,False,1.0,-0.5657980364905775,1.0,chem
CPC002 PC3 24H-fenbendazole-10.0,fenbendazole,PC3,24H,10.0,27,34,0,1,1.0,0.07255857404396601,0.0,14.547511312217194,1.1393112608283664,-0.0,1.1393112608283664,0.262905916509982,True,1.0,1.760323091400961,0.06797734088637121,chem
CPC002 PC3 24H-iodophenpropit dihydrobromide-10.0,iodophenpropit dihydrobromide,PC3,24H,10.0,34,11,0,1,1.0,0.09054164715937103,0.0,11.449197860962567,1.0431516089602864,1.52020554564402,-0.47705393668373364,0.308017735039421,True,1.0,1.5639948310286336,0.08230589803398868,chem
CPC002 PC3 24H-sto-609 acetate-10.0,sto-609 acetate,PC3,24H,10.0,12,13,0,0,1.0,1.0,0.0,0.0,-0.0,1.3262272463894653,-1.3262272463894653,1.0,False,1.0,-0.5657980364905775,1.0,chem
CPC002 PC3 24H-arctigenin-10.0,arctigenin,PC3,24H,10.0,39,9,0,0,1.0,1.0,0.0,0.0,-0.0,-0.0,0.0,1.0,False,1.0,-0.5657980364905775,1.0,chem
CPC002 PC3 24H-sb 408124-10.0,sb 408124,PC3,24H,10.0,20,16,0,0,1.0,1.0,0.0,0.0,-0.0,-0.0,0.0,1.0,False,1.0,-0.5657980364905775,1.0,chem
CPC002 PC3 24H-sb 202190-10.0,sb 202190,PC3,24H,10.0,17,16,1,0,0.06242756975790336,1.0,17.154666666666667,0.0,1.2046235713841937,-0.0,1.2046235713841937,0.23558593388225837,True,1.0,1.8936706240013699,0.061312895701432855,chem
CPC002 PC3 24H-ite-10.0,ite,PC3,24H,10.0,13,12,0,0,1.0,1.0,0.0,0.0,-0.0,-0.0,0.0,1.0,False,1.0,-0.5657980364905775,1.0,chem
CPC002 PC3 24H-yc-1-10.0,yc-1,PC3,24H,10.0,11,11,0,0,1.0,1.0,0.0,0.0,-0.0,-0.0,0.0,1.0,False,1.0,-0.5657980364905775,1.0,chem
CPC002 PC3 24H-r(+)-6-bromo-apb-10.0,r(+)-6-bromo-apb,PC3,24H,10.0,24,2,0,0,1.0,1.0,0.0,0.0,-0.0,-0.0,0.0,1.0,False,1.0,-0.5657980364905775,1.0,chem
CPC002 PC3 24H-sb 431542-10.0,sb 431542,PC3,24H,10.0,15,22,1,0,0.08485751299199006,1.0,12.241904761904761,0.0,1.071309700706131,-0.0,1.071309700706131,0.29418247712166845,True,1.0,1.621484943154353,0.07830723092302566,chem
CPC002 PC3 24H-BRD-K71726959-10.0,brd-k71726959,PC3,24H,10.0,12,27,2,0,0.005118360678490295,1.0,21.41,0.0,2.290869113689376,1.1393112608283664,1.1515578528610095,0.0321173092713663,True,1.0,4.111447971516529,0.004665111629456847,chem
CPC002 PC3 24H-skatole-10.0,skatole,PC3,24H,10.0,28,40,0,0,1.0,1.0,0.0,0.0,-0.0,-0.0,0.0,1.0,False,1.0,-0.5657980364905775,1.0,chem
CPC002 PC3 24H-phenazopyridine hydrochloride-10.0,phenazopyridine hydrochloride,PC3,24H,10.0,15,10,0,0,1.0,1.0,0.0,0.0,-0.0,-0.0,0.0,1.0,False,1.0,-0.5657980364905775,1.0,chem
CPC002 PC3 24H-mebendazole-10.0,mebendazole,PC3,24H,10.0,56,60,0,0,1.0,1.0,0.0,0.0,-0.0,0.8110873396632657,-0.8110873396632657,1.0,False,1.0,-0.5657980364905775,1.0,chem
CPC002 PC3 24H-cy 208-243-10.0,cy 208-243,PC3,24H,10.0,14,21,0,0,1.0,1.0,0.0,0.0,-0.0,-0.0,0.0,1.0,False,1.0,-0.5657980364905775,1.0,chem
CPC002 PC3 24H-BRD-K80348542-10.0,brd-k80348542,PC3,24H,10.0,192,195,0,2,1.0,0.09815923060255051,0.0,4.122368421052632,1.0080688543802399,0.26475615421517007,0.7433127001650698,0.32600293404247194,True,1.0,1.4923666996662301,0.08630456514495169,chem
CPC002 PC3 24H-vorinostat-10.0,vorinostat,PC3,24H,10.0,231,225,2,1,0.2280697551616865,0.4804934253417879,2.3262331838565022,1.5923273657289003,0.9602448541301186,0.5399014482485973,0.4203434058815213,0.35188568810619353,True,1.0,1.394724886382287,0.09330223258913696,chem
CPC002 PC3 24H-gw 0742-10.0,gw 0742,PC3,24H,10.0,15,22,0,0,1.0,1.0,0.0,0.0,-0.0,-0.0,0.0,1.0,False,1.0,-0.5657980364905775,1.0,chem
CPC002 PC3 24H-embelin-10.0,embelin,PC3,24H,10.0,26,7,0,0,1.0,1.0,0.0,0.0,-0.0,1.0020757218050245,-1.0020757218050245,1.0,False,1.0,-0.5657980364905775,1.0,chem
CPC002 PC3 24H-pd 198306-10.0,pd 198306,PC3,24H,10.0,93,105,1,0,0.3468664156164547,1.0,2.44,0.0,0.45983774748722833,0.5030148154057824,-0.04317706791855408,0.7141339676632517,True,1.0,0.37304838468355117,0.271242919026991,chem
CPC002 PC3 24H-gw 843682x-10.0,gw 843682x,PC3,24H,10.0,29,45,0,0,1.0,1.0,0.0,0.0,-0.0,-0.0,0.0,1.0,False,1.0,-0.5657980364905775,1.0,chem
CPC002 PC3 24H-my-5445-10.0,my-5445,PC3,24H,10.0,37,3,0,0,1.0,1.0,0.0,0.0,-0.0,-0.0,0.0,1.0,False,1.0,-0.5657980364905775,1.0,chem
CPC002 PC3 24H-nefazodone hydrochloride-10.0,nefazodone hydrochloride,PC3,24H,10.0,15,4,0,0,1.0,1.0,0.0,0.0,-0.0,-0.0,0.0,1.0,False,1.0,-0.5657980364905775,1.0,chem
CPC002 PC3 24H-anisomycin-10.0,anisomycin,PC3,24H,10.0,108,179,0,0,1.0,1.0,0.0,0.0,-0.0,-0.0,0.0,1.0,False,1.0,-0.5657980364905775,1.0,chem
CPC002 PC3 24H-am-251-10.0,am-251,PC3,24H,10.0,16,10,0,0,1.0,1.0,0.0,0.0,-0.0,-0.0,0.0,1.0,False,1.0,-0.5657980364905775,1.0,chem
CPC002 PC3 24H-lamotrigine-10.0,lamotrigine,PC3,24H,10.0,5,22,1,0,0.08485751299199006,1.0,12.241904761904761,0.0,1.071309700706131,-0.0,1.071309700706131,0.29418247712166845,True,1.0,1.621484943154353,0.07830723092302566,chem
CPC002 PC3 24H-kn-93-10.0,kn-93,PC3,24H,10.0,46,11,0,0,1.0,1.0,0.0,0.0,-0.0,-0.0,0.0,1.0,False,1.0,-0.5657980364905775,1.0,chem
CPC002 PC3 24H-aloisine a-10.0,aloisine a,PC3,24H,10.0,19,9,0,0,1.0,1.0,0.0,0.0,-0.0,-0.0,0.0,1.0,False,1.0,-0.5657980364905775,1.0,chem
CPC002 PC3 24H-pp 2-10.0,pp 2,PC3,24H,10.0,74,45,0,0,1.0,1.0,0.0,0.0,-0.0,0.9276145091651452,-0.9276145091651452,1.0,False,1.0,-0.5657980364905775,1.0,chem
CPC002 PC3 24H-tyrphostin 47-10.0,tyrphostin 47,PC3,24H,10.0,24,7,0,0,1.0,1.0,0.0,0.0,-0.0,1.7142232782006543,-1.7142232782006543,1.0,False,1.0,-0.5657980364905775,1.0,chem
CPC002 PC3 24H-quercetin-10.0,quercetin,PC3,24H,10.0,16,11,0,0,1.0,1.0,0.0,0.0,-0.0,-0.0,0.0,1.0,False,1.0,-0.5657980364905775,1.0,chem
CPC002 PC3 24H-beclomethasone dipropionate-10.0,beclomethasone dipropionate,PC3,24H,10.0,28,22,0,1,1.0,0.07514798705268462,0.0,14.006535947712418,1.1240826481259065,-0.0,1.1240826481259065,0.26965321750673193,True,1.0,1.7292309755116528,0.06997667444185271,chem
CPC002 PC3 24H-parthenolide-10.0,parthenolide,PC3,24H,10.0,73,61,0,0,1.0,1.0,0.0,0.0,-0.0,1.3966095172149982,-1.3966095172149982,1.0,False,1.0,-0.5657980364905775,1.0,chem
CPC002 PC3 6H-cyclopiazonic acid-10.0,cyclopiazonic acid,PC3,6H,10.0,78,7,0,0,1.0,1.0,0.0,0.0,-0.0,0.5673958234598213,-0.5673958234598213,1.0,False,1.0,-0.5657980364905775,1.0,chem
CPC002 PC3 6H-trichostatin a-10.0,trichostatin a,PC3,6H,10.0,79,44,0,0,1.0,1.0,0.0,0.0,-0.0,-0.0,0.0,1.0,False,1.0,-0.5657980364905775,1.0,chem
CPC002 PC3 6H-geldanamycin-10.0,geldanamycin,PC3,6H,10.0,60,13,0,0,1.0,1.0,0.0,0.0,-0.0,0.6667906672362438,-0.6667906672362438,1.0,False,1.0,-0.5657980364905775,1.0,chem
CPC002 PC3 6H-puromycin hydrochloride-10.0,puromycin hydrochloride,PC3,6H,10.0,60,7,0,0,1.0,1.0,0.0,0.0,-0.0,-0.0,0.0,1.0,False,1.0,-0.5657980364905775,1.0,chem
CPC002 PC3 6H-camptothecin-10.0,camptothecin,PC3,6H,10.0,34,25,0,0,1.0,1.0,0.0,0.0,-0.0,0.8921813962483026,-0.8921813962483026,1.0,False,1.0,-0.5657980364905775,1.0,chem
CPC002 PC3 6H-api-2-10.0,api-2,PC3,6H,10.0,99,27,0,0,1.0,1.0,0.0,0.0,-0.0,-0.0,0.0,1.0,False,1.0,-0.5657980364905775,1.0,chem
CPC002 PC3 6H-cyclosporin a-10.0,cyclosporin a,PC3,6H,10.0,15,27,0,0,1.0,1.0,0.0,0.0,-0.0,1.1393112608283664,-1.1393112608283664,1.0,False,1.0,-0.5657980364905775,1.0,chem
CPC002 PC3 6H-cymarin-10.0,cymarin,PC3,6H,10.0,80,24,1,0,0.09221882730677011,1.0,11.173913043478262,0.0,1.0351804047520146,0.5580075467412458,0.4771728580107688,0.31203079120467847,True,1.0,1.5477200980727621,0.08297234255248251,chem
CPC002 PC3 6H-wortmannin-10.0,wortmannin,PC3,6H,10.0,46,27,0,0,1.0,1.0,0.0,0.0,-0.0,1.8415222171559187,-1.8415222171559187,1.0,False,1.0,-0.5657980364905775,1.0,chem
CPC002 PC3 6H-cinobufagin-10.0,cinobufagin,PC3,6H,10.0,62,23,0,0,1.0,1.0,0.0,0.0,-0.0,-0.0,0.0,1.0,False,1.0,-0.5657980364905775,1.0,chem
CPC002 PC3 6H-aminopurvalanol a-10.0,aminopurvalanol a,PC3,6H,10.0,25,29,0,0,1.0,1.0,0.0,0.0,-0.0,1.109408141910376,-1.109408141910376,1.0,False,1.0,-0.5657980364905775,1.0,chem
CPC002 PC3 6H-thm-i-94-10.0,thm-i-94,PC3,6H,10.0,117,42,0,0,1.0,1.0,0.0,0.0,-0.0,-0.0,0.0,1.0,False,1.0,-0.5657980364905775,1.0,chem
CPC002 PC3 6H-fccp-10.0,fccp,PC3,6H,10.0,39,7,0,0,1.0,1.0,0.0,0.0,-0.0,-0.0,0.0,1.0,False,1.0,-0.5657980364905775,1.0,chem
CPC002 PC3 6H-bay 11-7821-10.0,bay 11-7821,PC3,6H,10.0,22,13,0,0,1.0,1.0,0.0,0.0,-0.0,-0.0,0.0,1.0,False,1.0,-0.5657980364905775,1.0,chem
CPC002 PC3 6H-kb-r7943 mesylate-10.0,kb-r7943 mesylate,PC3,6H,10.0,39,13,0,0,1.0,1.0,0.0,0.0,-0.0,-0.0,0.0,1.0,False,1.0,-0.5657980364905775,1.0,chem
CPC002 PC3 6H-digoxigenin-10.0,digoxigenin,PC3,6H,10.0,59,12,0,0,1.0,1.0,0.0,0.0,-0.0,0.6732772051014339,-0.6732772051014339,1.0,False,1.0,-0.5657980364905775,1.0,chem
CPC002 PC3 6H-nsc 632839 hydrochloride-10.0,nsc 632839 hydrochloride,PC3,6H,10.0,53,40,0,0,1.0,1.0,0.0,0.0,-0.0,-0.0,0.0,1.0,False,1.0,-0.5657980364905775,1.0,chem
CPC002 PC3 6H-bcl-2 inhibitor-10.0,bcl-2 inhibitor,PC3,6H,10.0,14,13,0,0,1.0,1.0,0.0,0.0,-0.0,-0.0,0.0,1.0,False,1.0,-0.5657980364905775,1.0,chem
CPC002 PC3 6H-mg-132-10.0,mg-132,PC3,6H,10.0,65,50,0,0,1.0,1.0,0.0,0.0,-0.0,0.8846657845573468,-0.8846657845573468,1.0,False,1.0,-0.5657980364905775,1.0,chem
CPC002 PC3 6H-BRD-K80348542-10.0,brd-k80348542,PC3,6H,10.0,100,40,0,0,1.0,1.0,0.0,0.0,-0.0,0.47706480471284524,-0.47706480471284524,1.0,False,1.0,-0.5657980364905775,1.0,chem
CPC002 PC3 6H-vorinostat-10.0,vorinostat,PC3,6H,10.0,69,50,0,1,1.0,0.1756243931010335,0.0,5.525951557093426,0.7554151635242407,-0.0,0.7554151635242407,0.48110681381209774,True,1.0,0.9765260259660405,0.1582805731422859,chem
CPC002 PC3 6H-pd 198306-10.0,pd 198306,PC3,6H,10.0,41,20,0,0,1.0,1.0,0.0,0.0,-0.0,-0.0,0.0,1.0,False,1.0,-0.5657980364905775,1.0,chem
CPC002 PC3 6H-anisomycin-10.0,anisomycin,PC3,6H,10.0,164,28,0,0,1.0,1.0,0.0,0.0,-0.0,0.3120372010731352,-0.3120372010731352,1.0,False,1.0,-0.5657980364905775,1.0,chem
CPC002 PC3 6H-parthenolide-10.0,parthenolide,PC3,6H,10.0,29,22,0,0,1.0,1.0,0.0,0.0,-0.0,-0.0,0.0,1.0,False,1.0,-0.5657980364905775,1.0,chem
CPC002 PC3 6H-formoterol hemifumarate-10.0,formoterol hemifumarate,PC3,6H,10.0,23,12,0,0,1.0,1.0,0.0,0.0,-0.0,-0.0,0.0,1.0,False,1.0,-0.5657980364905775,1.0,chem
CPC002 VCAP 24H-norethynodrel-10.0,norethynodrel,VCAP,24H,10.0,115,152,2,0,0.12350604411009211,1.0,3.4988888888888887,0.0,0.9083117884817971,0.4580042309293161,0.450307557552481,0.3818146353736127,True,1.0,1.2886936327695504,0.10829723425524825,chem
CPC002 VCAP 24H-bw 723c86 hydrochloride-10.0,bw 723c86 hydrochloride,VCAP,24H,10.0,51,46,0,0,1.0,1.0,0.0,0.0,-0.0,-0.0,0.0,1.0,False,1.0,-0.5657980364905775,1.0,chem
CPC002 VCAP 24H-wiskostatin-10.0,wiskostatin,VCAP,24H,10.0,41,49,0,1,1.0,0.10819504482113279,0.0,9.435294117647059,0.9657926288423657,0.8928783478043839,0.07291428103798181,0.348801318029084,True,1.0,1.406051726039395,0.09330223258913696,chem
CPC002 VCAP 24H-geldanamycin-10.0,geldanamycin,VCAP,24H,10.0,147,137,2,0,0.10393429886821871,1.0,3.8969135802469137,0.0,0.9832411093140007,0.8415149136804698,0.14172619563353084,0.33924116914460806,True,1.0,1.441676125156773,0.09096967677440854,chem
CPC002 VCAP 24H-medrysone-10.0,medrysone,VCAP,24H,10.0,101,83,0,0,1.0,1.0,0.0,0.0,-0.0,-0.0,0.0,1.0,False,1.0,-0.5657980364905775,1.0,chem
CPC002 VCAP 24H-danazol-10.0,danazol,VCAP,24H,10.0,124,125,2,0,0.0889974073014576,1.0,4.285230352303523,0.0,1.0506226451648788,0.5282621354127488,0.52236050975213,0.3042953108394149,True,1.0,1.5792483756570872,0.080973008997001,chem
CPC002 VCAP 24H-procaterol hydrochloride-10.0,procaterol hydrochloride,VCAP,24H,10.0,37,54,0,0,1.0,1.0,0.0,0.0,-0.0,0.8534855098315087,-0.8534855098315087,1.0,False,1.0,-0.5657980364905775,1.0,chem
CPC002 VCAP 24H-pheniramine maleate-10.0,pheniramine maleate,VCAP,24H,10.0,45,74,0,0,1.0,1.0,0.0,0.0,-0.0,0.7278176439995865,-0.7278176439995865,1.0,False,1.0,-0.5657980364905775,1.0,chem
CPC002 VCAP 24H-puromycin hydrochloride-10.0,puromycin hydrochloride,VCAP,24H,10.0,158,273,1,1,0.6744988508678871,0.3593918656930588,0.908235294117647,2.3600599475458974,0.6154505426249358,0.7582429884888601,-0.14279244586392426,0.5859343661836804,True,1.0,0.6907615706981405,0.2162612462512496,chem
CPC002 VCAP 24H-lfm-a13-10.0,lfm-a13,VCAP,24H,10.0,52,40,0,1,1.0,0.13528368405107447,0.0,7.387543252595155,0.868754578523359,-0.0,0.868754578523359,0.4059026415009191,True,1.0,1.2079300477788584,0.11929356881039653,chem
CPC002 VCAP 24H-cgp 37157-10.0,cgp 37157,VCAP,24H,10.0,41,46,0,0,1.0,1.0,0.0,0.0,-0.0,0.816637018277212,-0.816637018277212,1.0,False,1.0,-0.5657980364905775,1.0,chem
CPC002 VCAP 24H-megestrol acetate-10.0,megestrol acetate,VCAP,24H,10.0,42,95,0,0,1.0,1.0,0.0,0.0,-0.0,-0.0,0.0,1.0,False,1.0,-0.5657980364905775,1.0,chem
CPC002 VCAP 24H-nylidrin hydrochloride-10.0,nylidrin hydrochloride,VCAP,24H,10.0,62,48,0,0,1.0,1.0,0.0,0.0,-0.0,2.11713155873537,-2.11713155873537,1.0,False,1.0,-0.5657980364905775,1.0,chem
CPC002 VCAP 24H-norethindrone-10.0,norethindrone,VCAP,24H,10.0,128,197,1,0,0.5529262182544272,1.0,1.2759183673469388,0.0,0.25733281651222856,0.369508354545906,-0.11217553803367747,0.8805519814078355,True,1.0,-0.04040403577323823,0.3102299233588804,chem
CPC002 VCAP 24H-api-2-10.0,api-2,VCAP,24H,10.0,116,113,1,2,0.3679056859586182,0.04039696121604731,2.262857142857143,6.953947368421052,1.82791480275427,0.9907678256978243,0.8371469770564457,0.07741652379326297,True,1.0,3.166238491947584,0.01599466844385205,chem
CPC002 VCAP 24H-mifepristone-10.0,mifepristone,VCAP,24H,10.0,59,55,0,2,1.0,0.01137541774547376,0.0,14.032894736842104,1.944032645552364,-0.0,1.944032645552364,0.06229520691038206,True,1.0,3.403315203768591,0.012662445851382872,chem
CPC002 VCAP 24H-norgestrel-10.0,norgestrel,VCAP,24H,10.0,119,194,1,0,0.5473261937153999,1.0,1.2963730569948186,0.0,0.26175376707064035,1.000448318242293,-0.7386945511716526,0.877205340218938,True,1.0,-0.03137782243465632,0.30956347884038654,chem
CPC002 VCAP 24H-noscapine hydrochloride-10.0,noscapine hydrochloride,VCAP,24H,10.0,21,61,0,0,1.0,1.0,0.0,0.0,-0.0,0.8044679521516095,-0.8044679521516095,1.0,False,1.0,-0.5657980364905775,1.0,chem
CPC002 VCAP 24H-niguldipine-10.0,niguldipine,VCAP,24H,10.0,58,28,0,0,1.0,1.0,0.0,0.0,-0.0,2.7750435159661038,-2.7750435159661038,1.0,False,1.0,-0.5657980364905775,1.0,chem
CPC002 VCAP 24H-cyclosporin a-10.0,cyclosporin a,VCAP,24H,10.0,73,53,0,0,1.0,1.0,0.0,0.0,-0.0,0.5921415650633886,-0.5921415650633886,1.0,False,1.0,-0.5657980364905775,1.0,chem
CPC002 VCAP 24H-bromocriptine mesylate-10.0,bromocriptine mesylate,VCAP,24H,10.0,43,26,0,0,1.0,1.0,0.0,0.0,-0.0,-0.0,0.0,1.0,False,1.0,-0.5657980364905775,1.0,chem
CPC002 VCAP 24H-kirromycin-10.0,kirromycin,VCAP,24H,10.0,47,60,1,1,0.2153819639634753,0.12306845276264378,4.331525423728814,8.19693094629156,1.5766439266280488,-0.0,1.5766439266280488,0.12273559468184565,True,1.0,2.6532210981266413,0.030656447850716428,chem
CPC002 VCAP 24H-wortmannin-10.0,wortmannin,VCAP,24H,10.0,57,141,2,1,0.10906176322350306,0.14733809139070556,3.7823741007194243,6.722689075630252,1.7940124455368638,-0.0,1.7940124455368638,0.08244764470401786,True,1.0,3.097020366822237,0.01766077974008664,chem
CPC002 VCAP 24H-vincristine sulfate-10.0,vincristine sulfate,VCAP,24H,10.0,57,38,0,0,1.0,1.0,0.0,0.0,-0.0,0.9971029338905002,-0.9971029338905002,1.0,False,1.0,-0.5657980364905775,1.0,chem
CPC002 VCAP 24H-baccatin iii-10.0,baccatin iii,VCAP,24H,10.0,79,24,0,0,1.0,1.0,0.0,0.0,-0.0,-0.0,0.0,1.0,False,1.0,-0.5657980364905775,1.0,chem
CPC002 VCAP 24H-guggulsterone-10.0,guggulsterone,VCAP,24H,10.0,61,20,0,0,1.0,1.0,0.0,0.0,-0.0,-0.0,0.0,1.0,False,1.0,-0.5657980364905775,1.0,chem
CPC002 VCAP 24H-pd 102807-10.0,pd 102807,VCAP,24H,10.0,37,38,0,0,1.0,1.0,0.0,0.0,-0.0,1.8550331141727943,-1.8550331141727943,1.0,False,1.0,-0.5657980364905775,1.0,chem
"CPC002 VCAP 24H-l-741,626-10.0","l-741,626",VCAP,24H,10.0,59,35,0,0,1.0,1.0,0.0,0.0,-0.0,-0.0,0.0,1.0,False,1.0,-0.5657980364905775,1.0,chem
CPC002 VCAP 24H-isorotenone-10.0,isorotenone,VCAP,24H,10.0,31,29,1,0,0.11037386480255901,1.0,9.17142857142857,0.0,0.9571337501189711,0.9298228660944556,0.027310884024515425,0.353624828228642,True,1.0,1.388372974468297,0.0943018993668777,chem
CPC002 VCAP 24H-roscovitine-10.0,roscovitine,VCAP,24H,10.0,33,24,0,0,1.0,1.0,0.0,0.0,-0.0,-0.0,0.0,1.0,False,1.0,-0.5657980364905775,1.0,chem
CPC002 VCAP 24H-aminopurvalanol a-10.0,aminopurvalanol a,VCAP,24H,10.0,117,149,1,0,0.4547838135070691,1.0,1.7027027027027026,0.0,0.34219500095364996,1.1986893265214715,-0.8564943255678216,0.8131230371940621,True,1.0,0.13285829119147047,0.3015661446184605,chem
CPC002 VCAP 24H-irinotecan hydrochloride trihydrate-10.0,irinotecan hydrochloride trihydrate,VCAP,24H,10.0,119,117,0,0,1.0,1.0,0.0,0.0,-0.0,1.0872388269962532,-1.0872388269962532,1.0,False,1.0,-0.5657980364905775,1.0,chem
CPC002 VCAP 24H-pd 160170-10.0,pd 160170,VCAP,24H,10.0,79,115,0,0,1.0,1.0,0.0,0.0,-0.0,1.400496124012111,-1.400496124012111,1.0,False,1.0,-0.5657980364905775,1.0,chem
CPC002 VCAP 24H-thm-i-94-10.0,thm-i-94,VCAP,24H,10.0,137,170,1,0,0.5000325364418264,1.0,1.4861538461538462,0.0,0.301001735789155,-0.0,0.301001735789155,0.8465961417642931,True,1.0,0.04875438761353043,0.30589803398867044,chem
CPC002 VCAP 24H-pkc-412-10.0,pkc-412,VCAP,24H,10.0,96,98,0,0,1.0,1.0,0.0,0.0,-0.0,1.1107377971924017,-1.1107377971924017,1.0,False,1.0,-0.5657980364905775,1.0,chem
CPC002 VCAP 24H-fccp-10.0,fccp,VCAP,24H,10.0,112,135,0,0,1.0,1.0,0.0,0.0,-0.0,0.9376273592737603,-0.9376273592737603,1.0,False,1.0,-0.5657980364905775,1.0,chem
CPC002 VCAP 24H-papaverine hydrochloride-10.0,papaverine hydrochloride,VCAP,24H,10.0,30,36,0,0,1.0,1.0,0.0,0.0,-0.0,1.019456417323189,-1.019456417323189,1.0,False,1.0,-0.5657980364905775,1.0,chem
CPC002 VCAP 24H-oxymetazoline hydrochloride-10.0,oxymetazoline hydrochloride,VCAP,24H,10.0,49,39,0,0,1.0,1.0,0.0,0.0,-0.0,-0.0,0.0,1.0,False,1.0,-0.5657980364905775,1.0,chem
CPC002 VCAP 24H-digoxigenin-10.0,digoxigenin,VCAP,24H,10.0,186,162,0,0,1.0,1.0,0.0,0.0,-0.0,1.1349629615198902,-1.1349629615198902,1.0,False,1.0,-0.5657980364905775,1.0,chem
CPC002 VCAP 24H-u-0126-10.0,u-0126,VCAP,24H,10.0,56,23,0,1,1.0,0.14493997977274198,0.0,6.845989304812834,0.8388118036261796,-0.0,0.8388118036261796,0.4248822100260835,True,1.0,1.1467961647823994,0.1279573475508164,chem
CPC002 VCAP 24H-mefexamide hydrochloride-10.0,mefexamide hydrochloride,VCAP,24H,10.0,97,93,2,0,0.0530818643523077,1.0,5.821428571428571,0.0,1.2750538321583829,0.6391044859514033,0.6359493462069795,0.20892596871189065,True,1.0,2.03746742761642,0.05398200599800067,chem
CPC002 VCAP 24H-ski ii-10.0,ski ii,VCAP,24H,10.0,124,71,0,0,1.0,1.0,0.0,0.0,-0.0,1.1466740562335906,-1.1466740562335906,1.0,False,1.0,-0.5657980364905775,1.0,chem
CPC002 VCAP 24H-palda-10.0,palda,VCAP,24H,10.0,153,85,0,0,1.0,1.0,0.0,0.0,-0.0,1.5773775778166481,-1.5773775778166481,1.0,False,1.0,-0.5657980364905775,1.0,chem
CPC002 VCAP 24H-jlk 6-10.0,jlk 6,VCAP,24H,10.0,58,29,0,1,1.0,0.14972984990012858,0.0,6.603715170278638,0.8246916107817338,-0.0,0.8246916107817338,0.4340552471630674,True,1.0,1.117967099333255,0.13362212595801398,chem
CPC002 VCAP 24H-ly 303511-10.0,ly 303511,VCAP,24H,10.0,44,45,0,2,1.0,0.0064462065821047935,0.0,19.089285714285715,2.190695780730205,-0.0,2.190695780730205,0.03896257082243644,True,1.0,3.906925016061651,0.007997334221926024,chem
CPC002 VCAP 24H-gyki 52466 hydrochloride-10.0,gyki 52466 hydrochloride,VCAP,24H,10.0,27,59,0,0,1.0,1.0,0.0,0.0,-0.0,0.8178271841013225,-0.8178271841013225,1.0,False,1.0,-0.5657980364905775,1.0,chem
CPC002 VCAP 24H-maprotiline hydrochloride-10.0,maprotiline hydrochloride,VCAP,24H,10.0,57,51,0,0,1.0,1.0,0.0,0.0,-0.0,-0.0,0.0,1.0,False,1.0,-0.5657980364905775,1.0,chem
CPC002 VCAP 24H-d-64131-10.0,d-64131,VCAP,24H,10.0,92,45,0,0,1.0,1.0,0.0,0.0,-0.0,0.9276145091651452,-0.9276145091651452,1.0,False,1.0,-0.5657980364905775,1.0,chem
CPC002 VCAP 24H-t 0070907-10.0,t 0070907,VCAP,24H,10.0,49,45,0,0,1.0,1.0,0.0,0.0,-0.0,0.9276145091651452,-0.9276145091651452,1.0,False,1.0,-0.5657980364905775,1.0,chem
CPC002 VCAP 24H-BRD-K32501161-10.0,brd-k32501161,VCAP,24H,10.0,144,49,1,0,0.17956411208873052,1.0,5.333333333333333,0.0,0.7457804576422037,1.246039853935152,-0.5002593962929484,0.48791572895196733,True,1.0,0.9568549372269262,0.16061312895701432,chem
CPC002 VCAP 24H-ly 225910-10.0,ly 225910,VCAP,24H,10.0,43,65,0,0,1.0,1.0,0.0,0.0,-0.0,0.7791192452552373,-0.7791192452552373,1.0,False,1.0,-0.5657980364905775,1.0,chem
CPC002 VCAP 24H-isoreserpine-10.0,isoreserpine,VCAP,24H,10.0,54,49,0,0,1.0,1.0,0.0,0.0,-0.0,-0.0,0.0,1.0,False,1.0,-0.5657980364905775,1.0,chem
CPC002 VCAP 24H-BRD-K37270826 (mifepristone)-10.0,brd-k37270826 (mifepristone),VCAP,24H,10.0,40,41,0,0,1.0,1.0,0.0,0.0,-0.0,-0.0,0.0,1.0,False,1.0,-0.5657980364905775,1.0,chem
CPC002 VCAP 24H-clozapine-10.0,clozapine,VCAP,24H,10.0,51,35,0,0,1.0,1.0,0.0,0.0,-0.0,-0.0,0.0,1.0,False,1.0,-0.5657980364905775,1.0,chem
CPC002 VCAP 24H-kenpaullone-10.0,kenpaullone,VCAP,24H,10.0,103,125,0,1,1.0,0.2510339270372992,0.0,3.6643598615916955,0.6002675799955542,-0.0,0.6002675799955542,0.5980047824326691,True,1.0,0.6597626581353754,0.22159280239920026,chem
CPC002 VCAP 24H-nsc 632839 hydrochloride-10.0,nsc 632839 hydrochloride,VCAP,24H,10.0,200,104,0,1,1.0,0.43197824970610127,0.0,1.8495418267809636,0.3645381195518054,0.5966220983101204,-0.232083978758315,0.7945721701838261,True,1.0,0.17847602711761892,0.29890036654448515,chem
CPC002 VCAP 24H-betamethasone-10.0,betamethasone,VCAP,24H,10.0,27,69,0,0,1.0,1.0,0.0,0.0,-0.0,-0.0,0.0,1.0,False,1.0,-0.5657980364905775,1.0,chem
CPC002 VCAP 24H-mdl-28170-10.0,mdl-28170,VCAP,24H,10.0,73,26,0,1,1.0,0.18485454019757608,0.0,5.215686274509804,0.733169878287848,-0.0,0.733169878287848,0.49692339298075516,True,1.0,0.9311080354980766,0.16527824058647117,chem
CPC002 VCAP 24H-jte 013-10.0,jte 013,VCAP,24H,10.0,46,27,0,0,1.0,1.0,0.0,0.0,-0.0,1.1393112608283664,-1.1393112608283664,1.0,False,1.0,-0.5657980364905775,1.0,chem
CPC002 VCAP 24H-flufenamic acid-10.0,flufenamic acid,VCAP,24H,10.0,73,56,1,0,0.20253482817430737,1.0,4.649454545454545,0.0,0.6935002841365968,-0.0,0.6935002841365968,0.5259512351037625,True,1.0,0.8501149967537601,0.1809396867710763,chem
CPC002 VCAP 24H-rs 67333 hydrochloride-10.0,rs 67333 hydrochloride,VCAP,24H,10.0,55,46,0,0,1.0,1.0,0.0,0.0,-0.0,0.9186313363902346,-0.9186313363902346,1.0,False,1.0,-0.5657980364905775,1.0,chem
CPC002 VCAP 24H-gr 55562 dihydrochloride-10.0,gr 55562 dihydrochloride,VCAP,24H,10.0,64,34,0,0,1.0,1.0,0.0,0.0,-0.0,1.0431516089602864,-1.0431516089602864,1.0,False,1.0,-0.5657980364905775,1.0,chem
CPC002 VCAP 24H-pp 1-10.0,pp 1,VCAP,24H,10.0,54,58,1,1,0.20898347431718034,0.14012463365282468,4.484912280701755,7.1065482796892345,1.533373564852595,1.7093406324399174,-0.1759670675873224,0.132676484916095,True,1.0,2.564876405856847,0.03365544818393869,chem
CPC002 VCAP 24H-ucl 2077-10.0,ucl 2077,VCAP,24H,10.0,59,48,0,0,1.0,1.0,0.0,0.0,-0.0,0.6732772051014339,-0.6732772051014339,1.0,False,1.0,-0.5657980364905775,1.0,chem
CPC002 VCAP 24H-fenbendazole-10.0,fenbendazole,VCAP,24H,10.0,80,62,0,0,1.0,1.0,0.0,0.0,-0.0,0.5580075467412458,-0.5580075467412458,1.0,False,1.0,-0.5657980364905775,1.0,chem
CPC002 VCAP 24H-iodophenpropit dihydrobromide-10.0,iodophenpropit dihydrobromide,VCAP,24H,10.0,44,27,0,0,1.0,1.0,0.0,0.0,-0.0,-0.0,0.0,1.0,False,1.0,-0.5657980364905775,1.0,chem
CPC002 VCAP 24H-anafranil-10.0,anafranil,VCAP,24H,10.0,59,53,0,0,1.0,1.0,0.0,0.0,-0.0,0.6732772051014339,-0.6732772051014339,1.0,False,1.0,-0.5657980364905775,1.0,chem
CPC002 VCAP 24H-sb 408124-10.0,sb 408124,VCAP,24H,10.0,49,46,0,0,1.0,1.0,0.0,0.0,-0.0,-0.0,0.0,1.0,False,1.0,-0.5657980364905775,1.0,chem
CPC002 VCAP 24H-sb 202190-10.0,sb 202190,VCAP,24H,10.0,79,51,0,0,1.0,1.0,0.0,0.0,-0.0,0.5626671240162882,-0.5626671240162882,1.0,False,1.0,-0.5657980364905775,1.0,chem
CPC002 VCAP 24H-BRD-K56515112 (medrysone)-10.0,brd-k56515112 (medrysone),VCAP,24H,10.0,66,33,0,0,1.0,1.0,0.0,0.0,-0.0,-0.0,0.0,1.0,False,1.0,-0.5657980364905775,1.0,chem
CPC002 VCAP 24H-mg-132-10.0,mg-132,VCAP,24H,10.0,182,112,0,2,1.0,0.08961304154708857,0.0,4.358333333333333,1.0476287820814092,1.4214323998029652,-0.373803617721556,0.3057824968051019,True,1.0,1.5731358334467962,0.080973008997001,chem
CPC002 VCAP 24H-su 4312-10.0,su 4312,VCAP,24H,10.0,50,29,0,0,1.0,1.0,0.0,0.0,-0.0,-0.0,0.0,1.0,False,1.0,-0.5657980364905775,1.0,chem
CPC002 VCAP 24H-pravastatin sodium salt-10.0,pravastatin sodium salt,VCAP,24H,10.0,76,75,0,0,1.0,1.0,0.0,0.0,-0.0,-0.0,0.0,1.0,False,1.0,-0.5657980364905775,1.0,chem
CPC002 VCAP 24H-r(+)-6-bromo-apb-10.0,r(+)-6-bromo-apb,VCAP,24H,10.0,80,31,0,0,1.0,1.0,0.0,0.0,-0.0,-0.0,0.0,1.0,False,1.0,-0.5657980364905775,1.0,chem
CPC002 VCAP 24H-imodium-10.0,imodium,VCAP,24H,10.0,51,35,0,0,1.0,1.0,0.0,0.0,-0.0,-0.0,0.0,1.0,False,1.0,-0.5657980364905775,1.0,chem
CPC002 VCAP 24H-h-9 dihydrochloride-10.0,h-9 dihydrochloride,VCAP,24H,10.0,51,33,0,1,1.0,0.1328535679406794,0.0,7.536470588235294,0.8766267776019061,1.05555209794588,-0.1789253203439738,0.4010195244740581,True,1.0,1.2240026428888748,0.11629456847717427,chem
CPC002 VCAP 24H-skatole-10.0,skatole,VCAP,24H,10.0,96,148,1,1,0.45253371495963823,0.23606221727130583,1.7145578231292518,3.9386996904024767,0.9713225771419421,0.46742132056303687,0.5039012565789053,0.34574836162362077,True,1.0,1.4173421696767552,0.09263578807064311,chem
CPC002 VCAP 24H-metoclopramide monohydrochloride-10.0,metoclopramide monohydrochloride,VCAP,24H,10.0,89,120,1,0,0.3857791414472766,1.0,2.1273949579831934,0.0,0.41366125776844614,0.5432569130280658,-0.12959565525961964,0.7532300106652325,True,1.0,0.2787702782171683,0.28757080973008997,chem
CPC002 VCAP 24H-mebendazole-10.0,mebendazole,VCAP,24H,10.0,96,73,0,0,1.0,1.0,0.0,0.0,-0.0,2.2592407870218745,-2.2592407870218745,1.0,False,1.0,-0.5657980364905775,1.0,chem
CPC002 VCAP 24H-BRD-K80334323 (norethynodrel)-10.0,brd-k80334323 (norethynodrel),VCAP,24H,10.0,120,157,1,0,0.47246724951921515,1.0,1.6133333333333333,0.0,0.3256282905325813,1.158755654359585,-0.8331273638270036,0.8267169791481668,True,1.0,0.09903419372569978,0.303565478173942,chem
CPC002 VCAP 24H-pd 198306-10.0,pd 198306,VCAP,24H,10.0,57,46,0,0,1.0,1.0,0.0,0.0,-0.0,0.6866275576504163,-0.6866275576504163,1.0,False,1.0,-0.5657980364905775,1.0,chem
CPC002 VCAP 24H-gw 843682x-10.0,gw 843682x,VCAP,24H,10.0,75,33,0,0,1.0,1.0,0.0,0.0,-0.0,1.05555209794588,-1.05555209794588,1.0,False,1.0,-0.5657980364905775,1.0,chem
CPC002 VCAP 24H-testosterone propionate-10.0,testosterone propionate,VCAP,24H,10.0,119,183,2,0,0.1664442297229918,1.0,2.8853591160220993,0.0,0.7787312563373056,1.0435591236672717,-0.2648278673299661,0.46489454287054655,True,1.0,1.0241302742317133,0.1486171276241253,chem
CPC002 VCAP 24H-nortriptyline hydrochloride-10.0,nortriptyline hydrochloride,VCAP,24H,10.0,87,115,1,0,0.37306278444881913,1.0,2.2224561403508774,0.0,0.4282180726280322,0.5590012689094621,-0.13078319628142993,0.7409058798200113,True,1.0,0.3084907907442446,0.28390536487837387,chem
CPC002 VCAP 24H-mefenamic acid-10.0,mefenamic acid,VCAP,24H,10.0,55,47,0,0,1.0,1.0,0.0,0.0,-0.0,-0.0,0.0,1.0,False,1.0,-0.5657980364905775,1.0,chem
CPC002 VCAP 24H-ml-7-10.0,ml-7,VCAP,24H,10.0,38,25,0,0,1.0,1.0,0.0,0.0,-0.0,-0.0,0.0,1.0,False,1.0,-0.5657980364905775,1.0,chem
CPC002 VCAP 24H-aloisine a-10.0,aloisine a,VCAP,24H,10.0,41,74,0,1,1.0,0.10819504482113279,0.0,9.435294117647059,0.9657926288423657,0.816637018277212,0.1491556105651537,0.348801318029084,True,1.0,1.406051726039395,0.09330223258913696,chem
CPC002 VCAP 24H-pp 2-10.0,pp 2,VCAP,24H,10.0,37,46,0,0,1.0,1.0,0.0,0.0,-0.0,-0.0,0.0,1.0,False,1.0,-0.5657980364905775,1.0,chem
CPC002 VCAP 24H-quercetin-10.0,quercetin,VCAP,24H,10.0,27,46,0,0,1.0,1.0,0.0,0.0,-0.0,0.9186313363902346,-0.9186313363902346,1.0,False,1.0,-0.5657980364905775,1.0,chem
CPC002 VCAP 24H-beclomethasone dipropionate-10.0,beclomethasone dipropionate,VCAP,24H,10.0,69,24,0,0,1.0,1.0,0.0,0.0,-0.0,-0.0,0.0,1.0,False,1.0,-0.5657980364905775,1.0,chem
CPC002 VCAP 24H-deoxycorticosterone-10.0,deoxycorticosterone,VCAP,24H,10.0,58,54,0,1,1.0,0.14972984990012858,0.0,6.603715170278638,0.8246916107817338,0.6798880550210863,0.14480355576064752,0.4340552471630674,True,1.0,1.117967099333255,0.13362212595801398,chem
CPC002 VCAP 24H-parthenolide-10.0,parthenolide,VCAP,24H,10.0,193,114,0,0,1.0,1.0,0.0,0.0,-0.0,0.562245841609603,-0.562245841609603,1.0,False,1.0,-0.5657980364905775,1.0,chem
CPC002 VCAP 24H-formoterol hemifumarate-10.0,formoterol hemifumarate,VCAP,24H,10.0,39,43,0,0,1.0,1.0,0.0,0.0,-0.0,0.946233689851697,-0.946233689851697,1.0,False,1.0,-0.5657980364905775,1.0,chem
CPC002 VCAP 6H-norethynodrel-10.0,norethynodrel,VCAP,6H,10.0,46,37,1,0,0.13869787897610047,1.0,7.124444444444444,0.0,0.8579301802822941,1.7788849156484052,-0.9209547353661112,0.4126896087196201,True,1.0,1.1858299752956407,0.12195934688437188,chem
CPC002 VCAP 6H-trichostatin a-10.0,trichostatin a,VCAP,6H,10.0,87,68,0,0,1.0,1.0,0.0,0.0,-0.0,-0.0,0.0,1.0,False,1.0,-0.5657980364905775,1.0,chem
CPC002 VCAP 6H-geldanamycin-10.0,geldanamycin,VCAP,6H,10.0,76,35,0,0,1.0,1.0,0.0,0.0,-0.0,0.5770678440229255,-0.5770678440229255,1.0,False,1.0,-0.5657980364905775,1.0,chem
CPC002 VCAP 6H-medrysone-10.0,medrysone,VCAP,6H,10.0,38,35,1,0,0.1316992811962372,1.0,7.5458823529411765,0.0,0.8804165953750398,-0.0,0.8804165953750398,0.39868455868811536,True,1.0,1.231740278332358,0.11562812395868044,chem
CPC002 VCAP 6H-danazol-10.0,danazol,VCAP,6H,10.0,34,35,0,0,1.0,1.0,0.0,0.0,-0.0,-0.0,0.0,1.0,False,1.0,-0.5657980364905775,1.0,chem
CPC002 VCAP 6H-procaterol hydrochloride-10.0,procaterol hydrochloride,VCAP,6H,10.0,35,19,0,0,1.0,1.0,0.0,0.0,-0.0,0.8804165953750398,-0.8804165953750398,1.0,False,1.0,-0.5657980364905775,1.0,chem
CPC002 VCAP 6H-pheniramine maleate-10.0,pheniramine maleate,VCAP,6H,10.0,27,40,0,0,1.0,1.0,0.0,0.0,-0.0,-0.0,0.0,1.0,False,1.0,-0.5657980364905775,1.0,chem
CPC002 VCAP 6H-puromycin hydrochloride-10.0,puromycin hydrochloride,VCAP,6H,10.0,80,55,0,1,1.0,0.20077287697796306,0.0,4.748324646314222,0.6972949577343067,-0.0,0.6972949577343067,0.5231299885696582,True,1.0,0.8578625462887901,0.17794068643785405,chem
CPC002 VCAP 6H-camptothecin-10.0,camptothecin,VCAP,6H,10.0,106,61,0,1,1.0,0.25736516586232616,0.0,3.5579831932773107,0.5894502348112994,0.45651220621471916,0.13293802859658027,0.6066764368344322,True,1.0,0.6376769858121721,0.22592469176941019,chem
CPC002 VCAP 6H-cgp 37157-10.0,cgp 37157,VCAP,6H,10.0,11,15,0,0,1.0,1.0,0.0,0.0,-0.0,-0.0,0.0,1.0,False,1.0,-0.5657980364905775,1.0,chem
CPC002 VCAP 6H-megestrol acetate-10.0,megestrol acetate,VCAP,6H,10.0,36,23,0,0,1.0,1.0,0.0,0.0,-0.0,-0.0,0.0,1.0,False,1.0,-0.5657980364905775,1.0,chem
CPC002 VCAP 6H-norethindrone-10.0,norethindrone,VCAP,6H,10.0,55,55,0,0,1.0,1.0,0.0,0.0,-0.0,-0.0,0.0,1.0,False,1.0,-0.5657980364905775,1.0,chem
CPC002 VCAP 6H-mifepristone-10.0,mifepristone,VCAP,6H,10.0,10,32,0,0,1.0,1.0,0.0,0.0,-0.0,1.0683513766978714,-1.0683513766978714,1.0,False,1.0,-0.5657980364905775,1.0,chem
CPC002 VCAP 6H-duremesin-10.0,duremesin,VCAP,6H,10.0,24,29,0,0,1.0,1.0,0.0,0.0,-0.0,1.109408141910376,-1.109408141910376,1.0,False,1.0,-0.5657980364905775,1.0,chem
CPC002 VCAP 6H-norgestrel-10.0,norgestrel,VCAP,6H,10.0,47,33,0,0,1.0,1.0,0.0,0.0,-0.0,-0.0,0.0,1.0,False,1.0,-0.5657980364905775,1.0,chem
CPC002 VCAP 6H-sq 22536-10.0,sq 22536,VCAP,6H,10.0,30,26,0,0,1.0,1.0,0.0,0.0,-0.0,-0.0,0.0,1.0,False,1.0,-0.5657980364905775,1.0,chem
CPC002 VCAP 6H-cymarin-10.0,cymarin,VCAP,6H,10.0,32,45,0,1,1.0,0.0854375179789383,0.0,12.191650853889943,1.0683513766978714,0.9276145091651452,0.14073686753272618,0.2956112451569451,True,1.0,1.6154449607409798,0.07830723092302566,chem
CPC002 VCAP 6H-wortmannin-10.0,wortmannin,VCAP,6H,10.0,28,30,0,1,1.0,0.07514798705268462,0.0,14.006535947712418,1.1240826481259065,2.5181008571444923,-1.3940182090185858,0.26965321750673193,True,1.0,1.7292309755116528,0.06997667444185271,chem
CPC002 VCAP 6H-cinobufagin-10.0,cinobufagin,VCAP,6H,10.0,35,55,1,0,0.1992915786095541,1.0,4.736296296296296,0.0,0.7005110527328965,0.8460769590107509,-0.14556590627785437,0.5207461661068911,True,1.0,0.8644288173182598,0.17760746417860712,chem
CPC002 VCAP 6H-mdl 72222-10.0,mdl 72222,VCAP,6H,10.0,26,27,0,0,1.0,1.0,0.0,0.0,-0.0,1.1393112608283664,-1.1393112608283664,1.0,False,1.0,-0.5657980364905775,1.0,chem
CPC002 VCAP 6H-sp 600125-10.0,sp 600125,VCAP,6H,10.0,28,22,0,0,1.0,1.0,0.0,0.0,-0.0,-0.0,0.0,1.0,False,1.0,-0.5657980364905775,1.0,chem
CPC002 VCAP 6H-sc-10-10.0,sc-10,VCAP,6H,10.0,15,37,0,0,1.0,1.0,0.0,0.0,-0.0,1.231819217066421,-1.231819217066421,1.0,False,1.0,-0.5657980364905775,1.0,chem
CPC002 VCAP 6H-nobiletin-10.0,nobiletin,VCAP,6H,10.0,36,46,0,0,1.0,1.0,0.0,0.0,-0.0,-0.0,0.0,1.0,False,1.0,-0.5657980364905775,1.0,chem
CPC002 VCAP 6H-minoxidil-10.0,minoxidil,VCAP,6H,10.0,44,21,0,0,1.0,1.0,0.0,0.0,-0.0,0.788430056468702,-0.788430056468702,1.0,False,1.0,-0.5657980364905775,1.0,chem
CPC002 VCAP 6H-aminopurvalanol a-10.0,aminopurvalanol a,VCAP,6H,10.0,47,81,1,0,0.27963056333538894,1.0,3.184,0.0,0.5534153623881152,2.5161575279832364,-1.9627421655951212,0.6359598652064666,True,1.0,0.5641049243691031,0.23858713762079306,chem
CPC002 VCAP 6H-thm-i-94-10.0,thm-i-94,VCAP,6H,10.0,68,70,0,0,1.0,1.0,0.0,0.0,-0.0,-0.0,0.0,1.0,False,1.0,-0.5657980364905775,1.0,chem
CPC002 VCAP 6H-fccp-10.0,fccp,VCAP,6H,10.0,89,27,0,1,1.0,0.22080816526115815,0.0,4.25668449197861,0.6559848708780861,0.5189161834954105,0.13706868738267564,0.5543302840384712,True,1.0,0.7735201289572675,0.20059980006664446,chem
CPC002 VCAP 6H-bay 11-7821-10.0,bay 11-7821,VCAP,6H,10.0,22,27,0,0,1.0,1.0,0.0,0.0,-0.0,1.1393112608283664,-1.1393112608283664,1.0,False,1.0,-0.5657980364905775,1.0,chem
CPC002 VCAP 6H-papaverine hydrochloride-10.0,papaverine hydrochloride,VCAP,6H,10.0,21,23,0,0,1.0,1.0,0.0,0.0,-0.0,-0.0,0.0,1.0,False,1.0,-0.5657980364905775,1.0,chem
CPC002 VCAP 6H-brl 54443-10.0,brl 54443,VCAP,6H,10.0,32,39,0,0,1.0,1.0,0.0,0.0,-0.0,0.9863854370713357,-0.9863854370713357,1.0,False,1.0,-0.5657980364905775,1.0,chem
CPC002 VCAP 6H-u-0126-10.0,u-0126,VCAP,6H,10.0,29,29,0,0,1.0,1.0,0.0,0.0,-0.0,-0.0,0.0,1.0,False,1.0,-0.5657980364905775,1.0,chem
CPC002 VCAP 6H-tranilast-10.0,tranilast,VCAP,6H,10.0,28,23,0,0,1.0,1.0,0.0,0.0,-0.0,-0.0,0.0,1.0,False,1.0,-0.5657980364905775,1.0,chem
CPC002 VCAP 6H-mefexamide hydrochloride-10.0,mefexamide hydrochloride,VCAP,6H,10.0,27,35,0,1,1.0,0.07255857404396601,0.0,14.547511312217194,1.1393112608283664,-0.0,1.1393112608283664,0.262905916509982,True,1.0,1.760323091400961,0.06797734088637121,chem
CPC002 VCAP 6H-rs 56812 hydrochloride-10.0,rs 56812 hydrochloride,VCAP,6H,10.0,14,33,0,0,1.0,1.0,0.0,0.0,-0.0,1.05555209794588,-1.05555209794588,1.0,False,1.0,-0.5657980364905775,1.0,chem
CPC002 VCAP 6H-ski ii-10.0,ski ii,VCAP,6H,10.0,46,28,1,1,0.10677101752605844,0.12060593047710985,9.512592592592593,8.380392156862746,1.890177954827664,-0.0,1.890177954827664,0.0689226765627126,True,1.0,3.2933605862396584,0.014661779406864379,chem
CPC002 VCAP 6H-jlk 6-10.0,jlk 6,VCAP,6H,10.0,36,24,0,0,1.0,1.0,0.0,0.0,-0.0,1.1887656559771005,-1.1887656559771005,1.0,False,1.0,-0.5657980364905775,1.0,chem
CPC002 VCAP 6H-cilostamide-10.0,cilostamide,VCAP,6H,10.0,26,39,0,0,1.0,1.0,0.0,0.0,-0.0,0.9863854370713357,-0.9863854370713357,1.0,False,1.0,-0.5657980364905775,1.0,chem
"CPC002 VCAP 6H-r(-)-2,11-dihydroxy-10-methoxyaporphine-10.0","r(-)-2,11-dihydroxy-10-methoxyaporphine",VCAP,6H,10.0,30,35,0,0,1.0,1.0,0.0,0.0,-0.0,-0.0,0.0,1.0,False,1.0,-0.5657980364905775,1.0,chem
CPC002 VCAP 6H-ly 225910-10.0,ly 225910,VCAP,6H,10.0,43,53,0,0,1.0,1.0,0.0,0.0,-0.0,-0.0,0.0,1.0,False,1.0,-0.5657980364905775,1.0,chem
CPC002 VCAP 6H-tracazolate hydrochloride-10.0,tracazolate hydrochloride,VCAP,6H,10.0,21,22,0,0,1.0,1.0,0.0,0.0,-0.0,-0.0,0.0,1.0,False,1.0,-0.5657980364905775,1.0,chem
CPC002 VCAP 6H-methotrimeprazine maleat salt-10.0,methotrimeprazine maleat salt,VCAP,6H,10.0,31,57,0,0,1.0,1.0,0.0,0.0,-0.0,-0.0,0.0,1.0,False,1.0,-0.5657980364905775,1.0,chem
CPC002 VCAP 6H-felamidin-10.0,felamidin,VCAP,6H,10.0,25,23,0,0,1.0,1.0,0.0,0.0,-0.0,-0.0,0.0,1.0,False,1.0,-0.5657980364905775,1.0,chem
CPC002 VCAP 6H-nsc 632839 hydrochloride-10.0,nsc 632839 hydrochloride,VCAP,6H,10.0,155,40,0,1,1.0,0.3538852354311746,0.0,2.407181054239878,0.45113755633544045,0.8943993579268422,-0.44326180159140177,0.721495064678735,True,1.0,0.35528528591442776,0.2749083638787071,chem
CPC002 VCAP 6H-bcl-2 inhibitor-10.0,bcl-2 inhibitor,VCAP,6H,10.0,32,18,0,1,1.0,0.0854375179789383,0.0,12.191650853889943,1.0683513766978714,1.3103029095047494,-0.24195153280687798,0.2956112451569451,True,1.0,1.6154449607409798,0.07830723092302566,chem
CPC002 VCAP 6H-betamethasone-10.0,betamethasone,VCAP,6H,10.0,30,25,0,0,1.0,1.0,0.0,0.0,-0.0,-0.0,0.0,1.0,False,1.0,-0.5657980364905775,1.0,chem
CPC002 VCAP 6H-mdl-28170-10.0,mdl-28170,VCAP,6H,10.0,76,51,0,0,1.0,1.0,0.0,0.0,-0.0,-0.0,0.0,1.0,False,1.0,-0.5657980364905775,1.0,chem
CPC002 VCAP 6H-jte 013-10.0,jte 013,VCAP,6H,10.0,57,45,0,0,1.0,1.0,0.0,0.0,-0.0,0.9276145091651452,-0.9276145091651452,1.0,False,1.0,-0.5657980364905775,1.0,chem
CPC002 VCAP 6H-capsazepine-10.0,capsazepine,VCAP,6H,10.0,44,32,0,0,1.0,1.0,0.0,0.0,-0.0,0.788430056468702,-0.788430056468702,1.0,False,1.0,-0.5657980364905775,1.0,chem
CPC002 VCAP 6H-pp 1-10.0,pp 1,VCAP,6H,10.0,16,33,0,0,1.0,1.0,0.0,0.0,-0.0,-0.0,0.0,1.0,False,1.0,-0.5657980364905775,1.0,chem
CPC002 VCAP 6H-rs 67506 hydrochloride-10.0,rs 67506 hydrochloride,VCAP,6H,10.0,29,53,0,0,1.0,1.0,0.0,0.0,-0.0,-0.0,0.0,1.0,False,1.0,-0.5657980364905775,1.0,chem
CPC002 VCAP 6H-fenbendazole-10.0,fenbendazole,VCAP,6H,10.0,17,30,0,0,1.0,1.0,0.0,0.0,-0.0,-0.0,0.0,1.0,False,1.0,-0.5657980364905775,1.0,chem
CPC002 VCAP 6H-alprostadil-10.0,alprostadil,VCAP,6H,10.0,32,30,0,0,1.0,1.0,0.0,0.0,-0.0,-0.0,0.0,1.0,False,1.0,-0.5657980364905775,1.0,chem
CPC002 VCAP 6H-remoxipride hydrochloride-10.0,remoxipride hydrochloride,VCAP,6H,10.0,23,20,0,0,1.0,1.0,0.0,0.0,-0.0,-0.0,0.0,1.0,False,1.0,-0.5657980364905775,1.0,chem
CPC002 VCAP 6H-doxepin hydrochloride-10.0,doxepin hydrochloride,VCAP,6H,10.0,27,32,0,0,1.0,1.0,0.0,0.0,-0.0,-0.0,0.0,1.0,False,1.0,-0.5657980364905775,1.0,chem
CPC002 VCAP 6H-BRD-K56515112 (medrysone)-10.0,brd-k56515112 (medrysone),VCAP,6H,10.0,27,30,0,0,1.0,1.0,0.0,0.0,-0.0,-0.0,0.0,1.0,False,1.0,-0.5657980364905775,1.0,chem
CPC002 VCAP 6H-z-prolyl-prolinal-10.0,z-prolyl-prolinal,VCAP,6H,10.0,20,19,0,0,1.0,1.0,0.0,0.0,-0.0,1.2873892109613367,-1.2873892109613367,1.0,False,1.0,-0.5657980364905775,1.0,chem
CPC002 VCAP 6H-mg-132-10.0,mg-132,VCAP,6H,10.0,95,96,0,1,1.0,0.23390046910449,0.0,3.981226533166458,0.6309689071806411,2.6587987232666226,-2.0278298160859816,0.5737250110446219,True,1.0,0.7224452702317549,0.20993002332555816,chem
CPC002 VCAP 6H-pravastatin sodium salt-10.0,pravastatin sodium salt,VCAP,6H,10.0,32,32,1,0,0.1210987624976262,1.0,8.28,0.0,0.9168602948684945,-0.0,0.9168602948684945,0.37675627535664896,True,1.0,1.3061470381748082,0.10596467844051982,chem
CPC002 VCAP 6H-r(+)-6-bromo-apb-10.0,r(+)-6-bromo-apb,VCAP,6H,10.0,33,36,0,0,1.0,1.0,0.0,0.0,-0.0,1.019456417323189,-1.019456417323189,1.0,False,1.0,-0.5657980364905775,1.0,chem
CPC002 VCAP 6H-imodium-10.0,imodium,VCAP,6H,10.0,47,20,0,1,1.0,0.12306845276264378,0.0,8.19693094629156,0.9098532593918051,1.823702367961829,-0.9138491085700239,0.38089865217867586,True,1.0,1.2918408394856438,0.1072975674775075,chem
CPC002 VCAP 6H-sb 431542-10.0,sb 431542,VCAP,6H,10.0,33,28,0,0,1.0,1.0,0.0,0.0,-0.0,-0.0,0.0,1.0,False,1.0,-0.5657980364905775,1.0,chem
CPC002 VCAP 6H-u 99194 maleate-10.0,u 99194 maleate,VCAP,6H,10.0,19,42,0,0,1.0,1.0,0.0,0.0,-0.0,-0.0,0.0,1.0,False,1.0,-0.5657980364905775,1.0,chem
CPC002 VCAP 6H-h-9 dihydrochloride-10.0,h-9 dihydrochloride,VCAP,6H,10.0,27,21,1,0,0.08115536507504469,1.0,12.856,0.0,1.0906827642484969,-0.0,1.0906827642484969,0.28496812715698183,True,1.0,1.6610387454972857,0.0753082305898034,chem
CPC002 VCAP 6H-BRD-K80334323 (norethynodrel)-10.0,brd-k80334323 (norethynodrel),VCAP,6H,10.0,47,45,0,0,1.0,1.0,0.0,0.0,-0.0,0.9276145091651452,-0.9276145091651452,1.0,False,1.0,-0.5657980364905775,1.0,chem
CPC002 VCAP 6H-gliquidone-10.0,gliquidone,VCAP,6H,10.0,28,21,0,0,1.0,1.0,0.0,0.0,-0.0,-0.0,0.0,1.0,False,1.0,-0.5657980364905775,1.0,chem
CPC002 VCAP 6H-vorinostat-10.0,vorinostat,VCAP,6H,10.0,95,91,0,1,1.0,0.23390046910449,0.0,3.981226533166458,0.6309689071806411,0.49536710861879296,0.13560179856184817,0.5737250110446219,True,1.0,0.7224452702317549,0.20993002332555816,chem
CPC002 VCAP 6H-benzamil hydrochloride-10.0,benzamil hydrochloride,VCAP,6H,10.0,34,34,0,0,1.0,1.0,0.0,0.0,-0.0,-0.0,0.0,1.0,False,1.0,-0.5657980364905775,1.0,chem
CPC002 VCAP 6H-testosterone propionate-10.0,testosterone propionate,VCAP,6H,10.0,44,29,0,0,1.0,1.0,0.0,0.0,-0.0,-0.0,0.0,1.0,False,1.0,-0.5657980364905775,1.0,chem
CPC002 VCAP 6H-nefazodone hydrochloride-10.0,nefazodone hydrochloride,VCAP,6H,10.0,6,35,0,0,1.0,1.0,0.0,0.0,-0.0,1.0311267751067914,-1.0311267751067914,1.0,False,1.0,-0.5657980364905775,1.0,chem
CPC002 VCAP 6H-nortriptyline hydrochloride-10.0,nortriptyline hydrochloride,VCAP,6H,10.0,39,26,0,0,1.0,1.0,0.0,0.0,-0.0,-0.0,0.0,1.0,False,1.0,-0.5657980364905775,1.0,chem
CPC002 VCAP 6H-aloisine a-10.0,aloisine a,VCAP,6H,10.0,18,30,0,0,1.0,1.0,0.0,0.0,-0.0,-0.0,0.0,1.0,False,1.0,-0.5657980364905775,1.0,chem
CPC002 VCAP 6H-trapidil-10.0,trapidil,VCAP,6H,10.0,24,30,0,0,1.0,1.0,0.0,0.0,-0.0,-0.0,0.0,1.0,False,1.0,-0.5657980364905775,1.0,chem
CPC002 VCAP 6H-quercetin-10.0,quercetin,VCAP,6H,10.0,26,28,1,0,0.10677101752605844,1.0,9.512592592592593,0.0,0.9715466184374293,-0.0,0.9715466184374293,0.34562512538846096,True,1.0,1.4177995926908786,0.0923025658113962,chem
CPC002 VCAP 6H-sb 239063-10.0,sb 239063,VCAP,6H,10.0,47,14,0,1,1.0,0.12306845276264378,0.0,8.19693094629156,0.9098532593918051,1.823702367961829,-0.9138491085700239,0.38089865217867586,True,1.0,1.2918408394856438,0.1072975674775075,chem
CPC002 VCAP 6H-parthenolide-10.0,parthenolide,VCAP,6H,10.0,66,62,0,0,1.0,1.0,0.0,0.0,-0.0,0.7979650974991642,-0.7979650974991642,1.0,False,1.0,-0.5657980364905775,1.0,chem
CPC002 VCAP 6H-formoterol hemifumarate-10.0,formoterol hemifumarate,VCAP,6H,10.0,17,43,0,0,1.0,1.0,0.0,0.0,-0.0,-0.0,0.0,1.0,False,1.0,-0.5657980364905775,1.0,chem
CPC003 HA1E 24H-flumethasone-10.0,flumethasone,HA1E,24H,10.0,39,79,0,0,1.0,1.0,0.0,0.0,-0.0,-0.0,0.0,1.0,False,1.0,-0.5657980364905775,1.0,chem
CPC003 HA1E 24H-mesoridazine besylate-10.0,mesoridazine besylate,HA1E,24H,10.0,96,57,1,0,0.20576544432692015,1.0,4.565714285714286,0.0,0.6866275576504163,-0.0,0.6866275576504163,0.5310843935060165,True,1.0,0.836083015472279,0.1846051316227924,chem
CPC003 HA1E 24H-rhizocarpic acid-10.0,rhizocarpic acid,HA1E,24H,10.0,108,26,0,0,1.0,1.0,0.0,0.0,-0.0,1.6051107697661195,-1.6051107697661195,1.0,False,1.0,-0.5657980364905775,1.0,chem
CPC003 HA1E 24H-trichostatin a-10.0,trichostatin a,HA1E,24H,10.0,160,148,2,1,0.11819785321780174,0.36303829563143364,3.59703196347032,2.329633740288568,1.3674379716587834,-0.0,1.3674379716587834,0.17801968095029938,True,1.0,2.2260872597575636,0.047317560813062313,chem
CPC003 HA1E 24H-geldanamycin-10.0,geldanamycin,HA1E,24H,10.0,171,184,1,0,0.5281681666046973,1.0,1.369398907103825,0.0,0.2772277778442394,0.29921446239643845,-0.021986684552199043,0.8653193238429904,True,1.0,0.00021532039754860308,0.30856381206264577,chem
CPC003 HA1E 24H-hydrocortisone valerate-10.0,hydrocortisone valerate,HA1E,24H,10.0,49,40,0,0,1.0,1.0,0.0,0.0,-0.0,2.2716374613459274,-2.2716374613459274,1.0,False,1.0,-0.5657980364905775,1.0,chem
CPC003 HA1E 24H-securinine-10.0,securinine,HA1E,24H,10.0,68,90,0,1,1.0,0.17330148124690362,0.0,5.6093064091308165,0.7611977252571888,0.6516858072437511,0.10951191801343763,0.47705089277691626,True,1.0,0.9883322280837725,0.15728090636454514,chem
CPC003 HA1E 24H-remacemide hydrochloride-10.0,remacemide hydrochloride,HA1E,24H,10.0,73,33,0,0,1.0,1.0,0.0,0.0,-0.0,1.465526375850131,-1.465526375850131,1.0,False,1.0,-0.5657980364905775,1.0,chem
CPC003 HA1E 24H-biperiden hydrochloride-10.0,biperiden hydrochloride,HA1E,24H,10.0,108,46,1,0,0.16952594816869557,1.0,5.6915555555555555,0.0,0.7707638179093317,1.1603119663150805,-0.3895481484057488,0.47039200217099253,True,1.0,1.0078632298341974,0.15128290569810063,chem
CPC003 HA1E 24H-eplerenone-10.0,eplerenone,HA1E,24H,10.0,60,43,0,0,1.0,1.0,0.0,0.0,-0.0,0.946233689851697,-0.946233689851697,1.0,False,1.0,-0.5657980364905775,1.0,chem
CPC003 HA1E 24H-methoprene acid-10.0,methoprene acid,HA1E,24H,10.0,102,56,1,0,0.20253482817430737,1.0,4.649454545454545,0.0,0.6935002841365968,-0.0,0.6935002841365968,0.5259512351037625,True,1.0,0.8501149967537601,0.1809396867710763,chem
CPC003 HA1E 24H-bongkrekic acid-10.0,bongkrekic acid,HA1E,24H,10.0,56,36,0,1,1.0,0.14493997977274198,0.0,6.845989304812834,0.8388118036261796,0.6935002841365968,0.14531151948958276,0.4248822100260835,True,1.0,1.1467961647823994,0.1279573475508164,chem
CPC003 HA1E 24H-vitexin-10.0,vitexin,HA1E,24H,10.0,82,33,0,1,1.0,0.20526676523894072,0.0,4.62962962962963,0.6876813615975087,0.5488889053617282,0.13879245623578051,0.5302953679317949,True,1.0,0.8382345571187689,0.18327224258580474,chem
CPC003 HA1E 24H-ivermectin-10.0,ivermectin,HA1E,24H,10.0,102,93,0,0,1.0,1.0,0.0,0.0,-0.0,1.2038864856807001,-1.2038864856807001,1.0,False,1.0,-0.5657980364905775,1.0,chem
CPC003 HA1E 24H-testosterone propionate-10.0,testosterone propionate,HA1E,24H,10.0,73,46,0,0,1.0,1.0,0.0,0.0,-0.0,-0.0,0.0,1.0,False,1.0,-0.5657980364905775,1.0,chem
CPC003 HA1E 24H-cgk 733-10.0,cgk 733,HA1E,24H,10.0,128,130,0,0,1.0,1.0,0.0,0.0,-0.0,0.3918902868524904,-0.3918902868524904,1.0,False,1.0,-0.5657980364905775,1.0,chem
CPC003 HA1E 24H-vinblastine sulfate-10.0,vinblastine sulfate,HA1E,24H,10.0,106,177,0,0,1.0,1.0,0.0,0.0,-0.0,0.8618421743571908,-0.8618421743571908,1.0,False,1.0,-0.5657980364905775,1.0,chem
CPC003 HA1E 24H-vincristine sulfate-10.0,vincristine sulfate,HA1E,24H,10.0,106,141,2,1,0.10906176322350306,0.25736516586232616,3.7823741007194243,3.5579831932773107,1.551777720077335,0.45651220621471916,1.095265513862616,0.12836097329837787,True,1.0,2.602451997164649,0.03265578140619793,chem
CPC003 HA1E 24H-dibenzyline-10.0,dibenzyline,HA1E,24H,10.0,40,57,1,0,0.20576544432692015,1.0,4.565714285714286,0.0,0.6866275576504163,0.831684960270828,-0.14505740262041178,0.5310843935060165,True,1.0,0.836083015472279,0.1846051316227924,chem
CPC003 HA1E 24H-sulconazole nitrate-10.0,sulconazole nitrate,HA1E,24H,10.0,46,62,0,0,1.0,1.0,0.0,0.0,-0.0,2.6734921820730637,-2.6734921820730637,1.0,False,1.0,-0.5657980364905775,1.0,chem
CPC003 HA1E 24H-dactinomycin-10.0,dactinomycin,HA1E,24H,10.0,170,200,1,0,0.5584595977213203,1.0,1.2560804020100502,0.0,0.2530082408498584,0.301001735789155,-0.04799349493929661,0.8838030830586892,True,1.0,-0.04923348138943511,0.3102299233588804,chem
CPC003 HA1E 24H-wortmannin-10.0,wortmannin,HA1E,24H,10.0,189,108,0,3,1.0,0.014462716810512281,0.0,6.741935483870968,1.8397501174850808,-0.0,1.8397501174850808,0.07572940579695182,True,1.0,3.1904025431574072,0.01599466844385205,chem
CPC003 HA1E 24H-metaxalone-10.0,metaxalone,HA1E,24H,10.0,94,53,0,0,1.0,1.0,0.0,0.0,-0.0,-0.0,0.0,1.0,False,1.0,-0.5657980364905775,1.0,chem
CPC003 HA1E 24H-ranolazine-10.0,ranolazine,HA1E,24H,10.0,56,27,0,0,1.0,1.0,0.0,0.0,-0.0,-0.0,0.0,1.0,False,1.0,-0.5657980364905775,1.0,chem
CPC003 HA1E 24H-hexylcaine hydrochloride-10.0,hexylcaine hydrochloride,HA1E,24H,10.0,83,43,0,1,1.0,0.2075047499425856,0.0,4.572453371592539,0.6829719575049308,1.3638729515855674,-0.6809009940806366,0.5338269372261669,True,1.0,0.8286194109017821,0.18693768743752082,chem
CPC003 HA1E 24H-ketoprofen-10.0,ketoprofen,HA1E,24H,10.0,64,20,0,0,1.0,1.0,0.0,0.0,-0.0,-0.0,0.0,1.0,False,1.0,-0.5657980364905775,1.0,chem
CPC003 HA1E 24H-mt-21-10.0,mt-21,HA1E,24H,10.0,48,26,0,1,1.0,0.12552446145258808,0.0,8.02127659574468,0.9012716332371923,-0.0,0.9012716332371923,0.3860196809377747,True,1.0,1.2743198137605074,0.11029656781072976,chem
CPC003 HA1E 24H-p1075-10.0,p1075,HA1E,24H,10.0,108,50,0,1,1.0,0.2615578735834134,0.0,3.490379329301814,0.5824322020278224,0.8846657845573468,-0.30223358252952437,0.6123330609661516,True,1.0,0.6233483340247651,0.22825724758413862,chem
CPC003 HA1E 24H-finasteride-10.0,finasteride,HA1E,24H,10.0,87,27,1,1,0.10315414265542737,0.21639730745761476,9.88,4.357045143638851,1.6512614734159623,0.5271883160897466,1.1240731573262157,0.10719537840904006,True,1.0,2.805567044368411,0.023992002665778073,chem
CPC003 HA1E 24H-ay 9944-10.0,ay 9944,HA1E,24H,10.0,100,55,1,1,0.1992915786095541,0.24465173483416827,4.736296296296296,3.7771836007130126,1.3119627530283762,0.47706480471284524,0.834897948315531,0.19604743029350616,True,1.0,2.1128240255850437,0.050983005664778404,chem
"CPC003 HA1E 24H-clomiphene citrate (z,e)-10.0","clomiphene citrate (z,e)",HA1E,24H,10.0,42,39,0,0,1.0,1.0,0.0,0.0,-0.0,0.8069926680588373,-0.8069926680588373,1.0,False,1.0,-0.5657980364905775,1.0,chem
CPC003 HA1E 24H-ly 364947-10.0,ly 364947,HA1E,24H,10.0,44,86,0,0,1.0,1.0,0.0,0.0,-0.0,-0.0,0.0,1.0,False,1.0,-0.5657980364905775,1.0,chem
CPC003 HA1E 24H-nnc 26-9100-10.0,nnc 26-9100,HA1E,24H,10.0,119,95,1,0,0.31961922299193307,1.0,2.7038297872340427,0.0,0.49536710861879296,0.4165111770688363,0.07885593154995668,0.6841848736044825,True,1.0,0.4455883484582717,0.25924691769410196,chem
CPC003 HA1E 24H-d 4476-10.0,d 4476,HA1E,24H,10.0,71,97,0,0,1.0,1.0,0.0,0.0,-0.0,-0.0,0.0,1.0,False,1.0,-0.5657980364905775,1.0,chem
CPC003 HA1E 24H-lovastatin-10.0,lovastatin,HA1E,24H,10.0,107,106,0,0,1.0,1.0,0.0,0.0,-0.0,-0.0,0.0,1.0,False,1.0,-0.5657980364905775,1.0,chem
CPC003 HA1E 24H-danthron-10.0,danthron,HA1E,24H,10.0,61,35,0,0,1.0,1.0,0.0,0.0,-0.0,-0.0,0.0,1.0,False,1.0,-0.5657980364905775,1.0,chem
CPC003 HA1E 24H-lasalocid sodium salt-10.0,lasalocid sodium salt,HA1E,24H,10.0,129,135,0,0,1.0,1.0,0.0,0.0,-0.0,4.382964238136671,-4.382964238136671,1.0,False,1.0,-0.5657980364905775,1.0,chem
CPC003 HA1E 24H-nsc 3852-10.0,nsc 3852,HA1E,24H,10.0,179,177,2,0,0.15791724389401912,1.0,2.987142857142857,0.0,0.8015704442847739,0.2854195139948946,0.5161509302898792,0.4493825989075667,True,1.0,1.0707608303010572,0.13895368210596468,chem
"CPC003 HA1E 24H-ly-163,502-10.0","ly-163,502",HA1E,24H,10.0,71,36,0,2,1.0,0.01619938997716135,0.0,11.570652173913043,1.7905013394413718,-0.0,1.7905013394413718,0.08298593841574366,True,1.0,3.089851774399957,0.018327224258580473,chem
CPC003 HA1E 24H-vesamicol-10.0,vesamicol,HA1E,24H,10.0,89,40,0,0,1.0,1.0,0.0,0.0,-0.0,0.5189161834954105,-0.5189161834954105,1.0,False,1.0,-0.5657980364905775,1.0,chem
CPC003 HA1E 24H-sb 221284-10.0,sb 221284,HA1E,24H,10.0,80,51,0,1,1.0,0.20077287697796306,0.0,4.748324646314222,0.6972949577343067,-0.0,0.6972949577343067,0.5231299885696582,True,1.0,0.8578625462887901,0.17794068643785405,chem
CPC003 HA1E 24H-BRD-K14844937-10.0,brd-k14844937,HA1E,24H,10.0,59,43,0,0,1.0,1.0,0.0,0.0,-0.0,-0.0,0.0,1.0,False,1.0,-0.5657980364905775,1.0,chem
CPC003 HA1E 24H-penfluridol-10.0,penfluridol,HA1E,24H,10.0,134,139,0,1,1.0,0.3140684085210231,0.0,2.796550199026979,0.5029757461707562,-0.0,0.5029757461707562,0.677804994425226,True,1.0,0.4611228324685698,0.2582472509163612,chem
CPC003 HA1E 24H-r-96544 hydrochloride-10.0,r-96544 hydrochloride,HA1E,24H,10.0,47,35,1,0,0.1316992811962372,1.0,7.5458823529411765,0.0,0.8804165953750398,-0.0,0.8804165953750398,0.39868455868811536,True,1.0,1.231740278332358,0.11562812395868044,chem
CPC003 HA1E 24H-cccp-10.0,cccp,HA1E,24H,10.0,123,124,0,1,1.0,0.2922980720609521,0.0,3.0540019286403086,0.534174049151805,-0.0,0.534174049151805,0.6518192062641905,True,1.0,0.5248201153917759,0.2449183605464845,chem
"CPC003 HA1E 24H-tyrphostin b44, (+) enantiomer-10.0","tyrphostin b44, (+) enantiomer",HA1E,24H,10.0,42,62,1,0,0.22173067173433159,1.0,4.188196721311475,0.0,0.654174227302204,-0.0,0.654174227302204,0.5557217696993249,True,1.0,0.7698233549309331,0.2015994668443852,chem
CPC003 HA1E 24H-butein-10.0,butein,HA1E,24H,10.0,71,67,0,0,1.0,1.0,0.0,0.0,-0.0,-0.0,0.0,1.0,False,1.0,-0.5657980364905775,1.0,chem
CPC003 HA1E 24H-diflorasone diacetate-10.0,diflorasone diacetate,HA1E,24H,10.0,44,51,1,0,0.18619129527236197,1.0,5.1184,0.0,0.7300406268108973,-0.0,0.7300406268108973,0.4991752625373401,True,1.0,0.9247190720731665,0.16661112962345884,chem
CPC003 HA1E 24H-cgs 12066b-10.0,cgs 12066b,HA1E,24H,10.0,52,35,2,2,0.00850725529797967,0.00891764631052889,16.199494949494948,16.015,4.119960290589332,-0.0,4.119960290589332,0.0007955595990598714,True,1.0,7.845886292027382,0.0003332222592469177,chem
CPC003 HA1E 24H-rg-14620-10.0,rg-14620,HA1E,24H,10.0,52,40,0,0,1.0,1.0,0.0,0.0,-0.0,0.7224238932797868,-0.7224238932797868,1.0,False,1.0,-0.5657980364905775,1.0,chem
CPC003 HA1E 24H-scriptaid-10.0,scriptaid,HA1E,24H,10.0,231,206,2,1,0.19984821537024022,0.4804934253417879,2.5506535947712417,1.5923273657289003,1.0176122760705524,0.21330947947873696,0.8043027965918155,0.32102742800283757,True,1.0,1.511851414326273,0.08597134288570477,chem
CPC003 HA1E 24H-fenretinide-10.0,fenretinide,HA1E,24H,10.0,108,102,1,1,0.3388044043839892,0.2615578735834134,2.5136633663366337,3.490379329301814,1.0524831545981093,0.603953799027189,0.4485293555709202,0.30337413712479694,True,1.0,1.5830469603372141,0.08063978673775409,chem
CPC003 HA1E 24H-chloroguanide hydrochloride-10.0,chloroguanide hydrochloride,HA1E,24H,10.0,80,39,1,0,0.14564222006616478,1.0,6.747368421052632,0.0,0.8367127096121924,0.5580075467412458,0.2787051628709466,0.42623684344579826,True,1.0,1.142510464198859,0.12862379206931024,chem
CPC003 HA1E 24H-flavokawain b-10.0,flavokawain b,HA1E,24H,10.0,55,70,0,0,1.0,1.0,0.0,0.0,-0.0,-0.0,0.0,1.0,False,1.0,-0.5657980364905775,1.0,chem
CPC003 HA1E 24H-dau 5884 hydrochloride-10.0,dau 5884 hydrochloride,HA1E,24H,10.0,78,36,1,0,0.13520538753090064,1.0,7.329142857142857,0.0,0.8690060027115124,-0.0,0.8690060027115124,0.40574599594107874,True,1.0,1.208443378188409,0.11729423525491503,chem
CPC003 HA1E 24H-cgp 71683 hydrochloride-10.0,cgp 71683 hydrochloride,HA1E,24H,10.0,135,128,0,0,1.0,1.0,0.0,0.0,-0.0,-0.0,0.0,1.0,False,1.0,-0.5657980364905775,1.0,chem
CPC003 HA1E 24H-strophantine octahydrate-10.0,strophantine octahydrate,HA1E,24H,10.0,122,200,3,0,0.044805875780995444,1.0,4.138821452218053,0.0,1.3486650294854532,-0.0,1.3486650294854532,0.1839467589819001,True,1.0,2.1877587195917094,0.048983672109296904,chem
CPC003 HA1E 24H-way 170523-10.0,way 170523,HA1E,24H,10.0,119,92,0,0,1.0,1.0,0.0,0.0,-0.0,-0.0,0.0,1.0,False,1.0,-0.5657980364905775,1.0,chem
CPC003 HA1E 24H-mrs 1220-10.0,mrs 1220,HA1E,24H,10.0,76,80,0,0,1.0,1.0,0.0,0.0,-0.0,1.2743628017572322,-1.2743628017572322,1.0,False,1.0,-0.5657980364905775,1.0,chem
CPC003 HA1E 24H-hinokitiol-10.0,hinokitiol,HA1E,24H,10.0,146,124,1,0,0.3957732960480732,1.0,2.0569105691056913,0.0,0.40255351222717717,1.4683697096089683,-1.0658161973817912,0.7626209927346042,True,1.0,0.2560916982055895,0.291569476841053,chem
CPC003 HA1E 24H-BRD-K37865504-10.0,brd-k37865504,HA1E,24H,10.0,82,83,0,0,1.0,1.0,0.0,0.0,-0.0,0.6829719575049308,-0.6829719575049308,1.0,False,1.0,-0.5657980364905775,1.0,chem
CPC003 HA1E 24H-clocortolone pivalate-10.0,clocortolone pivalate,HA1E,24H,10.0,48,59,0,0,1.0,1.0,0.0,0.0,-0.0,-0.0,0.0,1.0,False,1.0,-0.5657980364905775,1.0,chem
CPC003 HA1E 24H-bumetanide-10.0,bumetanide,HA1E,24H,10.0,99,40,0,0,1.0,1.0,0.0,0.0,-0.0,-0.0,0.0,1.0,False,1.0,-0.5657980364905775,1.0,chem
CPC003 HA1E 24H-malonoben-10.0,malonoben,HA1E,24H,10.0,124,195,1,0,0.5492003209388713,1.0,1.2894845360824743,0.0,0.2602692176444229,2.885076545703801,-2.624807328059378,0.8783316910507044,True,1.0,-0.034408813090548634,0.30956347884038654,chem
CPC003 HA1E 24H-sb 334867-10.0,sb 334867,HA1E,24H,10.0,47,55,1,0,0.1992915786095541,1.0,4.736296296296296,0.0,0.7005110527328965,-0.0,0.7005110527328965,0.5207461661068911,True,1.0,0.8644288173182598,0.17760746417860712,chem
CPC003 HA1E 24H-tamoxifen citrate-10.0,tamoxifen citrate,HA1E,24H,10.0,52,45,0,0,1.0,1.0,0.0,0.0,-0.0,-0.0,0.0,1.0,False,1.0,-0.5657980364905775,1.0,chem
CPC003 HA1E 24H-podofilox-10.0,podofilox,HA1E,24H,10.0,106,113,1,0,0.3679056859586182,1.0,2.262857142857143,0.0,0.4342635001238334,0.45651220621471916,-0.02224870609088575,0.7357851261939217,True,1.0,0.32083368342740415,0.28123958680439853,chem
CPC003 HA1E 24H-amitriptyline hydrochloride-10.0,amitriptyline hydrochloride,HA1E,24H,10.0,96,40,1,0,0.14909417069216008,1.0,6.573333333333333,0.0,0.8265393363304978,-0.0,0.8265393363304978,0.43284679023867423,True,1.0,1.1217395832762296,0.13328890369876709,chem
CPC003 HA1E 24H-tripelennamine citrate-10.0,tripelennamine citrate,HA1E,24H,10.0,121,37,1,0,0.13869787897610047,1.0,7.124444444444444,0.0,0.8579301802822941,1.0747976829646297,-0.21686750268233568,0.4126896087196201,True,1.0,1.1858299752956407,0.12195934688437188,chem
CPC003 HA1E 24H-pentylenetetrazole-10.0,pentylenetetrazole,HA1E,24H,10.0,64,47,0,0,1.0,1.0,0.0,0.0,-0.0,2.691022321579696,-2.691022321579696,1.0,False,1.0,-0.5657980364905775,1.0,chem
CPC003 HA1E 24H-deguelin(-)-10.0,deguelin(-),HA1E,24H,10.0,45,33,1,0,0.12464601989828769,1.0,8.02,0.0,0.9043215844992204,1.8350420077732843,-0.9307204232740639,0.3841936101001166,True,1.0,1.2805468706795138,0.10863045651449517,chem
CPC003 HA1E 24H-bufalin-10.0,bufalin,HA1E,24H,10.0,165,253,4,1,0.017287006794313685,0.37206879781348917,4.526469514421322,2.2568149210903874,2.1916569462798514,-0.0,2.1916569462798514,0.038890670539698996,True,1.0,3.908887418759934,0.007997334221926024,chem
CPC003 HA1E 24H-cct 018159-10.0,cct 018159,HA1E,24H,10.0,34,64,0,0,1.0,1.0,0.0,0.0,-0.0,-0.0,0.0,1.0,False,1.0,-0.5657980364905775,1.0,chem
CPC003 HA1E 24H-tc 2559 difumarate-10.0,tc 2559 difumarate,HA1E,24H,10.0,92,32,0,0,1.0,1.0,0.0,0.0,-0.0,0.5069127521727649,-0.5069127521727649,1.0,False,1.0,-0.5657980364905775,1.0,chem
CPC003 HA1E 24H-flurofamide-10.0,flurofamide,HA1E,24H,10.0,193,74,1,1,0.25879814209314494,0.42044612533356657,3.493150684931507,1.9191176470588236,0.9633284912368711,0.7427027724485041,0.220625718788367,0.3501686228088042,True,1.0,1.40102071937489,0.09330223258913696,chem
CPC003 HA1E 24H-pq 401-10.0,pq 401,HA1E,24H,10.0,77,99,0,0,1.0,1.0,0.0,0.0,-0.0,0.5721954412552421,-0.5721954412552421,1.0,False,1.0,-0.5657980364905775,1.0,chem
CPC003 HA1E 24H-nsc 95397-10.0,nsc 95397,HA1E,24H,10.0,198,147,0,1,1.0,0.42870566575153174,0.0,1.8689160943565244,0.3678407768384077,0.7255735914159755,-0.35773281457756784,0.7918128008778771,True,1.0,0.18521903155958763,0.2975674775074975,chem
CPC003 HA1E 24H-cis-(z)-flupenthixol-10.0,cis-(z)-flupenthixol,HA1E,24H,10.0,71,25,0,0,1.0,1.0,0.0,0.0,-0.0,-0.0,0.0,1.0,False,1.0,-0.5657980364905775,1.0,chem
CPC003 HA1E 24H-solanine alpha-10.0,solanine alpha,HA1E,24H,10.0,90,36,0,0,1.0,1.0,0.0,0.0,-0.0,2.2708236164085953,-2.2708236164085953,1.0,False,1.0,-0.5657980364905775,1.0,chem
CPC003 HA1E 24H-cefixime-10.0,cefixime,HA1E,24H,10.0,76,43,0,1,1.0,0.19171300447706718,0.0,5.004705882352941,0.7173484266051238,0.5770678440229255,0.14028058258219822,0.5083760703273993,True,1.0,0.8988055258166209,0.17194268577140953,chem
CPC003 HA1E 24H-c-1-10.0,c-1,HA1E,24H,10.0,93,62,0,0,1.0,1.0,0.0,0.0,-0.0,1.2750538321583829,-1.2750538321583829,1.0,False,1.0,-0.5657980364905775,1.0,chem
CPC003 HA1E 24H-fluvoxamine maleate-10.0,fluvoxamine maleate,HA1E,24H,10.0,93,36,0,0,1.0,1.0,0.0,0.0,-0.0,-0.0,0.0,1.0,False,1.0,-0.5657980364905775,1.0,chem
CPC003 HA1E 24H-ag 555-10.0,ag 555,HA1E,24H,10.0,76,70,1,0,0.24663508299031428,1.0,3.6979710144927536,0.0,0.6079451464532162,0.5770678440229255,0.030877302430290632,0.5918860771819702,True,1.0,0.6754378736466958,0.21992669110296567,chem
CPC003 HA1E 24H-ssr 69071-10.0,ssr 69071,HA1E,24H,10.0,120,130,1,0,0.41047189995613526,1.0,1.9593798449612403,0.0,0.38671656841470314,1.0809879632738582,-0.694271394859155,0.7759757025512183,True,1.0,0.22375755838795752,0.2952349216927691,chem
"CPC003 HA1E 24H-ici-199,441 hydrochloride-10.0","ici-199,441 hydrochloride",HA1E,24H,10.0,65,27,1,0,0.10315414265542737,1.0,9.88,0.0,0.9865133261371156,0.6360850498129149,0.3504282763242007,0.33747196297371074,True,1.0,1.4483569795896132,0.08930356547817395,chem
CPC003 HA1E 24H-enrofloxacin-10.0,enrofloxacin,HA1E,24H,10.0,90,45,0,1,1.0,0.22300479063708592,0.0,4.208195637805684,0.6516858072437511,0.514862283016828,0.13682352422692312,0.5576373108769546,True,1.0,0.7647427710097072,0.20226591136287905,chem
CPC003 HA1E 24H-sb 415286-10.0,sb 415286,HA1E,24H,10.0,96,65,0,0,1.0,1.0,0.0,0.0,-0.0,-0.0,0.0,1.0,False,1.0,-0.5657980364905775,1.0,chem
CPC003 HA1E 24H-sb 200646 hydrochloride-10.0,sb 200646 hydrochloride,HA1E,24H,10.0,71,31,0,0,1.0,1.0,0.0,0.0,-0.0,1.487705924912534,-1.487705924912534,1.0,False,1.0,-0.5657980364905775,1.0,chem
CPC003 HA1E 24H-nnc 55-0396 dihydrochloride-10.0,nnc 55-0396 dihydrochloride,HA1E,24H,10.0,163,155,0,0,1.0,1.0,0.0,0.0,-0.0,0.8588563428944399,-0.8588563428944399,1.0,False,1.0,-0.5657980364905775,1.0,chem
CPC003 HA1E 24H-vorinostat-10.0,vorinostat,HA1E,24H,10.0,200,172,2,2,0.1508828643607397,0.10516375377226132,3.077450980392157,3.9507575757575757,1.799494000226173,0.7188775188444436,1.0806164813817294,0.08161382562608142,True,1.0,3.108212005678878,0.016994335221592802,chem
CPC003 HA1E 24H-BRD-K93754473 (tamoxifen citrate)-10.0,brd-k93754473 (tamoxifen citrate),HA1E,24H,10.0,70,37,0,0,1.0,1.0,0.0,0.0,-0.0,-0.0,0.0,1.0,False,1.0,-0.5657980364905775,1.0,chem
CPC003 HA1E 24H-reserpine-10.0,reserpine,HA1E,24H,10.0,143,54,0,0,1.0,1.0,0.0,0.0,-0.0,-0.0,0.0,1.0,False,1.0,-0.5657980364905775,1.0,chem
CPC003 HA1E 24H-thiothixene-10.0,thiothixene,HA1E,24H,10.0,148,63,0,0,1.0,1.0,0.0,0.0,-0.0,-0.0,0.0,1.0,False,1.0,-0.5657980364905775,1.0,chem
CPC003 HA1E 6H-sulpiride-10.0,sulpiride,HA1E,6H,10.0,168,66,1,1,0.23428022674110408,0.37742891505675025,3.928,2.215216625572385,1.0534291956593929,1.0776669751245005,-0.024237779465107634,0.30290662217837006,True,1.0,1.5849784835092968,0.07964011996001333,chem
CPC003 HA1E 6H-rhizocarpic acid-10.0,rhizocarpic acid,HA1E,6H,10.0,116,72,1,0,0.25274040746081355,1.0,3.592676056338028,0.0,0.5973253186880723,-0.0,0.5973253186880723,0.6003576366051504,True,1.0,0.6537554707877006,0.2222592469176941,chem
CPC003 HA1E 6H-trichostatin a-10.0,trichostatin a,HA1E,6H,10.0,173,119,2,0,0.08180148221368469,1.0,4.5092592592592595,0.0,1.0872388269962532,-0.0,1.0872388269962532,0.28658821396952155,True,1.0,1.6540072910730117,0.0753082305898034,chem
CPC003 HA1E 6H-geldanamycin-10.0,geldanamycin,HA1E,6H,10.0,118,105,0,1,1.0,0.2821882079010582,0.0,3.1870286576168927,0.5494611385281714,1.0124078596258304,-0.462946721097659,0.6392073745113322,True,1.0,0.5560316225583753,0.24025324891702765,chem
CPC003 HA1E 6H-cgs 9343b-10.0,cgs 9343b,HA1E,6H,10.0,127,70,0,1,1.0,0.30028898086167083,0.0,2.955182072829132,0.5224606039940718,0.39451598692187906,0.12794461707219273,0.6615396272576413,True,1.0,0.5009048841476016,0.25091636121292904,chem
CPC003 HA1E 6H-bongkrekic acid-10.0,bongkrekic acid,HA1E,6H,10.0,132,69,0,2,1.0,0.051017088823161576,0.0,6.082692307692308,1.2922843270690072,-0.0,1.2922843270690072,0.2028232642319158,True,1.0,2.0726467676560243,0.05231589470176608,chem
CPC003 HA1E 6H-naloxone benzoylhydrazone-10.0,naloxone benzoylhydrazone,HA1E,6H,10.0,129,80,1,2,0.27668935646458487,0.04895437876097176,3.2248101265822786,6.229330708661418,1.8682160030703865,-0.0,1.8682160030703865,0.07181270770573157,True,1.0,3.2485210750816678,0.014661779406864379,chem
CPC003 HA1E 6H-cgk 733-10.0,cgk 733,HA1E,6H,10.0,148,112,0,0,1.0,1.0,0.0,0.0,-0.0,0.9131842911129407,-0.9131842911129407,1.0,False,1.0,-0.5657980364905775,1.0,chem
CPC003 HA1E 6H-daunorubicin hydrochloride-10.0,daunorubicin hydrochloride,HA1E,6H,10.0,93,156,2,0,0.12887397276106924,1.0,3.405844155844156,0.0,0.8898347834036916,-0.0,0.8898347834036916,0.3929264726585141,True,1.0,1.2509693045986072,0.11229590136621126,chem
CPC003 HA1E 6H-sulconazole nitrate-10.0,sulconazole nitrate,HA1E,6H,10.0,151,64,0,0,1.0,1.0,0.0,0.0,-0.0,-0.0,0.0,1.0,False,1.0,-0.5657980364905775,1.0,chem
CPC003 HA1E 6H-dactinomycin-10.0,dactinomycin,HA1E,6H,10.0,100,140,1,1,0.434208663350478,0.24465173483416827,1.8155395683453237,3.7771836007130126,0.9737532160279009,0.47706480471284524,0.49668841131505564,0.34441324096369097,True,1.0,1.422304782319408,0.09130289903365545,chem
CPC003 HA1E 6H-wortmannin-10.0,wortmannin,HA1E,6H,10.0,104,101,0,0,1.0,1.0,0.0,0.0,-0.0,-0.0,0.0,1.0,False,1.0,-0.5657980364905775,1.0,chem
CPC003 HA1E 6H-ketoprofen-10.0,ketoprofen,HA1E,6H,10.0,148,69,1,1,0.24356446254161507,0.3408620718587047,3.7529411764705882,2.524609843937575,1.080807398047015,0.9273904113069574,0.15341698674005755,0.2896343905272106,True,1.0,1.6408763028385243,0.07664111962679107,chem
CPC003 HA1E 6H-ppt-10.0,ppt,HA1E,6H,10.0,151,76,1,1,0.2648086431139869,0.3464734949720234,3.3989333333333334,2.4729411764705884,1.0373978270885884,-0.0,1.0373978270885884,0.31091013682543145,True,1.0,1.5522473884839996,0.08230589803398868,chem
CPC003 HA1E 6H-dup 697-10.0,dup 697,HA1E,6H,10.0,135,59,1,2,0.21218896522549602,0.05311146867129252,4.406896551724138,5.942669172932331,1.9480888941357128,0.3742169480450447,1.573871946090668,0.06182134430066174,True,1.0,3.4115968085013026,0.012662445851382872,chem
"CPC003 HA1E 6H-brl 37344, sodium salt-10.0","brl 37344, sodium salt",HA1E,6H,10.0,96,95,2,0,0.05513377772754421,1.0,5.694444444444445,0.0,1.2585822489497653,0.49161524607514395,0.7669670028746214,0.2149110644693252,True,1.0,2.0038375504891364,0.05664778407197601,chem
CPC003 HA1E 6H-hoechst  33342 (cell permeable) (bisbenzimide)-10.0,hoechst  33342 (cell permeable) (bisbenzimide),HA1E,6H,10.0,138,165,1,0,0.48959851295775975,1.0,1.5326829268292683,0.0,0.31015990992952963,0.36700036726229496,-0.056840457332765326,0.8392548797969751,True,1.0,0.06745254595995669,0.3055648117294235,chem
CPC003 HA1E 6H-s(-)-timolol-10.0,s(-)-timolol,HA1E,6H,10.0,148,72,1,0,0.25274040746081355,1.0,3.592676056338028,0.0,0.5973253186880723,-0.0,0.5973253186880723,0.6003576366051504,True,1.0,0.6537554707877006,0.2222592469176941,chem
"CPC003 HA1E 6H-ly-163,502-10.0","ly-163,502",HA1E,6H,10.0,151,66,1,2,0.23428022674110408,0.06479175683912781,3.928,5.291107382550336,1.8187446082537742,-0.0,1.8187446082537742,0.0787480497933872,True,1.0,3.147515791744508,0.016661112962345886,chem
CPC003 HA1E 6H-penfluridol-10.0,penfluridol,HA1E,6H,10.0,158,52,0,1,1.0,0.3593918656930588,0.0,2.3600599475458974,0.444431756733436,0.868754578523359,-0.42432282178992303,0.7271726339996092,True,1.0,0.34159411768855774,0.2772409196934355,chem
CPC003 HA1E 6H-cccp-10.0,cccp,HA1E,6H,10.0,95,80,1,0,0.27668935646458487,1.0,3.2248101265822786,0.0,0.5580075467412458,-0.0,0.5580075467412458,0.6321964039720682,True,1.0,0.573480744142203,0.23658780406531157,chem
CPC003 HA1E 6H-gamma-linolenic acid (18:3 n-6)-10.0,gamma-linolenic acid (18:3 n-6),HA1E,6H,10.0,176,66,1,4,0.23428022674110408,0.001198284790322725,3.928,10.438538205980066,3.5517043174177854,0.8054718415595965,2.746232475858189,0.0025766090913238253,True,1.0,6.685683395161578,0.0003332222592469177,chem
CPC003 HA1E 6H-rg-14620-10.0,rg-14620,HA1E,6H,10.0,123,68,1,1,0.2404818098811265,0.2922980720609521,3.80955223880597,3.0540019286403086,1.1530918173692668,-0.0,1.1530918173692668,0.2569250791085724,True,1.0,1.7884587245909513,0.06731089636787738,chem
CPC003 HA1E 6H-scriptaid-10.0,scriptaid,HA1E,6H,10.0,153,106,1,0,0.3495326855479937,1.0,2.4163809523809525,0.0,0.45651220621471916,-0.0,0.45651220621471916,0.7169468344093577,True,1.0,0.3662586582219392,0.2725758080639787,chem
CPC003 HA1E 6H-flavokawain b-10.0,flavokawain b,HA1E,6H,10.0,113,99,0,1,1.0,0.2719420510530222,0.0,3.331932773109244,0.5655236312200661,0.4342635001238334,0.1312601310962327,0.62605582085956,True,1.0,0.5888262634101245,0.2332555814728424,chem
CPC003 HA1E 6H-cgp 71683 hydrochloride-10.0,cgp 71683 hydrochloride,HA1E,6H,10.0,155,51,0,0,1.0,1.0,0.0,0.0,-0.0,-0.0,0.0,1.0,False,1.0,-0.5657980364905775,1.0,chem
CPC003 HA1E 6H-bml-257-10.0,bml-257,HA1E,6H,10.0,107,75,1,1,0.26180927464089154,0.2594643221145999,3.4454054054054053,3.5238623751387346,1.1679373243330975,0.45322484390758244,0.714712480425515,0.2506130679807082,True,1.0,1.8187686570827268,0.06531156281239586,chem
CPC003 HA1E 6H-puromycin dihydrochloride-10.0,puromycin dihydrochloride,HA1E,6H,10.0,166,87,0,1,1.0,0.37386032763427823,0.0,2.2427807486631015,0.42729061776539096,-0.0,0.42729061776539096,0.7416914123230521,True,1.0,0.3065972148398101,0.28390536487837387,chem
CPC003 HA1E 6H-way 170523-10.0,way 170523,HA1E,6H,10.0,112,82,1,0,0.28256026853690286,1.0,3.1441975308641976,0.0,0.5488889053617282,-0.0,0.5488889053617282,0.6396778533983358,True,1.0,0.5548632994632662,0.24191936021326224,chem
CPC003 HA1E 6H-malonoben-10.0,malonoben,HA1E,6H,10.0,146,47,0,0,1.0,1.0,0.0,0.0,-0.0,4.503978900433062,-4.503978900433062,1.0,False,1.0,-0.5657980364905775,1.0,chem
CPC003 HA1E 6H-n- (2-aminoethyl)-4-chlorobenzamide (ro-16-6491)-10.0,n- (2-aminoethyl)-4-chlorobenzamide (ro-16-6491),HA1E,6H,10.0,142,68,1,0,0.2404818098811265,1.0,3.80955223880597,0.0,0.6189177682174618,0.35768938883102475,0.26122837938643706,0.5831950408120221,True,1.0,0.697840572708598,0.2162612462512496,chem
CPC003 HA1E 6H-ethyl-beta-carboline-3-carboxylate-10.0,ethyl-beta-carboline-3-carboxylate,HA1E,6H,10.0,101,85,1,2,0.2912808052015777,0.031343470432145,3.0304761904761905,8.026515151515152,2.0395410524999353,-0.0,2.0395410524999353,0.05200504298443825,True,1.0,3.5983138234877345,0.010329890036654448,chem
CPC003 HA1E 6H-norcyclobenzaprine-10.0,norcyclobenzaprine,HA1E,6H,10.0,154,58,0,0,1.0,1.0,0.0,0.0,-0.0,0.8246916107817338,-0.8246916107817338,1.0,False,1.0,-0.5657980364905775,1.0,chem
CPC003 HA1E 6H-bufalin-10.0,bufalin,HA1E,6H,10.0,130,86,0,1,1.0,0.3062261576822858,0.0,2.8850889192886457,0.5139577148399991,-0.0,0.5139577148399991,0.6686237998003408,True,1.0,0.4835446150188407,0.2539153615461513,chem
CPC003 HA1E 6H-cct 018159-10.0,cct 018159,HA1E,6H,10.0,120,106,1,2,0.3495326855479937,0.042962405227636564,2.4163809523809525,6.713983050847458,1.823423619094689,-0.0,1.823423619094689,0.07806597434128242,True,1.0,3.157068884344306,0.016661112962345886,chem
CPC003 HA1E 6H-trap 101-10.0,trap 101,HA1E,6H,10.0,134,63,0,1,1.0,0.3140684085210231,0.0,2.796550199026979,0.5029757461707562,0.37666871543992436,0.12630703073083188,0.677804994425226,True,1.0,0.4611228324685698,0.2582472509163612,chem
CPC003 HA1E 6H-cefixime-10.0,cefixime,HA1E,6H,10.0,122,111,2,0,0.07251764641774154,1.0,4.8463302752293576,0.0,1.13955629950723,0.40804997374612706,0.7315063257611029,0.2627985370213311,True,1.0,1.7608233845760153,0.06764411862712429,chem
CPC003 HA1E 6H-ssr 69071-10.0,ssr 69071,HA1E,6H,10.0,114,92,0,0,1.0,1.0,0.0,0.0,-0.0,-0.0,0.0,1.0,False,1.0,-0.5657980364905775,1.0,chem
"CPC003 HA1E 6H-w-12, hydrochloride-10.0","w-12, hydrochloride",HA1E,6H,10.0,132,86,1,1,0.2941649340268648,0.3101578079308697,2.9943529411764707,2.840143691064212,1.0398263800656902,-0.0,1.0398263800656902,0.30968659075220856,True,1.0,1.5572057423460801,0.08230589803398868,chem
CPC003 HA1E 6H-nnc 55-0396 dihydrochloride-10.0,nnc 55-0396 dihydrochloride,HA1E,6H,10.0,108,79,1,0,0.27373660458329735,1.0,3.2666666666666666,0.0,0.5626671240162882,-0.0,0.5626671240162882,0.6283867197859572,True,1.0,0.5829941594126171,0.2339220259913362,chem
CPC003 HA1E 6H-vorinostat-10.0,vorinostat,HA1E,6H,10.0,164,112,1,0,0.3653118645941806,1.0,2.283603603603604,0.0,0.4373362225482623,-0.0,0.4373362225482623,0.7331823247794703,True,1.0,0.3271072320153584,0.28023992002665776,chem
CPC003 HA1E 6H-doxorubicin hydrochloride-10.0,doxorubicin hydrochloride,HA1E,6H,10.0,94,131,1,0,0.4128879987268067,1.0,1.944,0.0,0.38416774042990404,0.4991666218731878,-0.11499888144328374,0.7781200155518282,True,1.0,0.21855364016942638,0.2962345884705098,chem
CPC003 HCC515 24H-salmeterol-10.0,salmeterol,HCC515,24H,10.0,61,27,0,1,1.0,0.15686716502364104,0.0,6.270588235294118,0.8044679521516095,-0.0,0.8044679521516095,0.447440985932813,True,1.0,1.0766766449682252,0.13828723758747083,chem
CPC003 HCC515 24H-flumethasone-10.0,flumethasone,HCC515,24H,10.0,61,72,0,0,1.0,1.0,0.0,0.0,-0.0,-0.0,0.0,1.0,False,1.0,-0.5657980364905775,1.0,chem
CPC003 HCC515 24H-sulpiride-10.0,sulpiride,HCC515,24H,10.0,48,55,0,1,1.0,0.12552446145258808,0.0,8.02127659574468,0.9012716332371923,-0.0,0.9012716332371923,0.3860196809377747,True,1.0,1.2743198137605074,0.11029656781072976,chem
CPC003 HCC515 24H-flucloxacillin sodium-10.0,flucloxacillin sodium,HCC515,24H,10.0,58,40,0,1,1.0,0.14972984990012858,0.0,6.603715170278638,0.8246916107817338,-0.0,0.8246916107817338,0.4340552471630674,True,1.0,1.117967099333255,0.13362212595801398,chem
CPC003 HCC515 24H-rhizocarpic acid-10.0,rhizocarpic acid,HCC515,24H,10.0,61,42,0,0,1.0,1.0,0.0,0.0,-0.0,-0.0,0.0,1.0,False,1.0,-0.5657980364905775,1.0,chem
CPC003 HCC515 24H-trichostatin a-10.0,trichostatin a,HCC515,24H,10.0,136,228,1,1,0.6070263530095997,0.3179580655546405,1.0962114537444934,2.754248366013072,0.714422608276434,0.3224156070650189,0.3920070012114151,0.5105122442917349,True,1.0,0.8928319099447043,0.17360879706764412,chem
CPC003 HCC515 24H-geldanamycin-10.0,geldanamycin,HCC515,24H,10.0,86,147,1,0,0.4502746888667881,1.0,1.7265753424657535,0.0,0.34652246519437835,0.46982399371130495,-0.1233015285169266,0.809547720651498,True,1.0,0.14169363439104046,0.3015661446184605,chem
CPC003 HCC515 24H-hydrocortisone valerate-10.0,hydrocortisone valerate,HCC515,24H,10.0,111,103,1,0,0.34150231484946586,1.0,2.4886274509803923,0.0,0.4666063481378156,-0.0,0.4666063481378156,0.7084126824742096,True,1.0,0.3868677732219774,0.2689103632122626,chem
CPC003 HCC515 24H-securinine-10.0,securinine,HCC515,24H,10.0,41,43,0,0,1.0,1.0,0.0,0.0,-0.0,0.946233689851697,-0.946233689851697,1.0,False,1.0,-0.5657980364905775,1.0,chem
CPC003 HCC515 24H-suloctidil-10.0,suloctidil,HCC515,24H,10.0,160,178,1,0,0.5163016537075559,1.0,1.4171751412429379,0.0,0.28709648391091014,1.3838782327857975,-1.0967817488748874,0.8576101335372596,True,1.0,0.02036416512145975,0.3078973675441519,chem
CPC003 HCC515 24H-remacemide hydrochloride-10.0,remacemide hydrochloride,HCC515,24H,10.0,65,32,0,0,1.0,1.0,0.0,0.0,-0.0,-0.0,0.0,1.0,False,1.0,-0.5657980364905775,1.0,chem
CPC003 HCC515 24H-biperiden hydrochloride-10.0,biperiden hydrochloride,HCC515,24H,10.0,83,26,0,0,1.0,1.0,0.0,0.0,-0.0,-0.0,0.0,1.0,False,1.0,-0.5657980364905775,1.0,chem
CPC003 HCC515 24H-ivermectin-10.0,ivermectin,HCC515,24H,10.0,62,55,0,0,1.0,1.0,0.0,0.0,-0.0,0.654174227302204,-0.654174227302204,1.0,False,1.0,-0.5657980364905775,1.0,chem
CPC003 HCC515 24H-testosterone propionate-10.0,testosterone propionate,HCC515,24H,10.0,48,27,0,0,1.0,1.0,0.0,0.0,-0.0,0.753917469441078,-0.753917469441078,1.0,False,1.0,-0.5657980364905775,1.0,chem
CPC003 HCC515 24H-flurandrenolide-10.0,flurandrenolide,HCC515,24H,10.0,76,108,1,0,0.3548338625048991,1.0,2.370467289719626,0.0,0.44997494127189797,-0.0,0.44997494127189797,0.7224792116748933,True,1.0,0.35291158563085046,0.27590803065644787,chem
CPC003 HCC515 24H-cgk 733-10.0,cgk 733,HCC515,24H,10.0,63,210,2,0,0.20575170007306257,1.0,2.5,0.0,0.6866565676379304,0.3486470505994365,0.33800951703849386,0.5310626631290272,True,1.0,0.836142244892014,0.18327224258580474,chem
CPC003 HCC515 24H-econazole nitrate-10.0,econazole nitrate,HCC515,24H,10.0,49,51,0,0,1.0,1.0,0.0,0.0,-0.0,-0.0,0.0,1.0,False,1.0,-0.5657980364905775,1.0,chem
CPC003 HCC515 24H-vinblastine sulfate-10.0,vinblastine sulfate,HCC515,24H,10.0,55,52,0,0,1.0,1.0,0.0,0.0,-0.0,0.868754578523359,-0.868754578523359,1.0,False,1.0,-0.5657980364905775,1.0,chem
CPC003 HCC515 24H-ritodrine hydrochloride-10.0,ritodrine hydrochloride,HCC515,24H,10.0,80,40,0,2,1.0,0.02029819340391062,0.0,10.221153846153847,1.6925426137925592,0.5580075467412458,1.1345350670513135,0.09940478754842286,True,1.0,2.889850361943664,0.022659113628790403,chem
CPC003 HCC515 24H-vincristine sulfate-10.0,vincristine sulfate,HCC515,24H,10.0,25,59,0,0,1.0,1.0,0.0,0.0,-0.0,-0.0,0.0,1.0,False,1.0,-0.5657980364905775,1.0,chem
CPC003 HCC515 24H-flunisolide-10.0,flunisolide,HCC515,24H,10.0,74,69,0,0,1.0,1.0,0.0,0.0,-0.0,-0.0,0.0,1.0,False,1.0,-0.5657980364905775,1.0,chem
CPC003 HCC515 24H-daunorubicin hydrochloride-10.0,daunorubicin hydrochloride,HCC515,24H,10.0,169,226,3,1,0.06048664025055834,0.37920599712604575,3.6410606356014816,2.2016806722689077,1.6394653407778628,0.8335824477987196,0.8058828929791432,0.10952387579314989,True,1.0,2.781482990870209,0.023992002665778073,chem
CPC003 HCC515 24H-pravastatin sodium-10.0,pravastatin sodium,HCC515,24H,10.0,72,40,0,0,1.0,1.0,0.0,0.0,-0.0,-0.0,0.0,1.0,False,1.0,-0.5657980364905775,1.0,chem
CPC003 HCC515 24H-hydrocortisone-10.0,hydrocortisone,HCC515,24H,10.0,122,92,0,1,1.0,0.2902869203869858,0.0,3.079727758872144,0.5371725319662184,-0.0,0.5371725319662184,0.6493385927397808,True,1.0,0.5309420896634559,0.24425191602799068,chem
CPC003 HCC515 24H-wortmannin-10.0,wortmannin,HCC515,24H,10.0,48,76,1,1,0.2648086431139869,0.12552446145258808,3.3989333333333334,8.02127659574468,1.4783394772601177,0.7173484266051238,0.760991050654994,0.1463888752307499,True,1.0,2.4525138247918465,0.036654448517160945,chem
CPC003 HCC515 24H-hexylcaine hydrochloride-10.0,hexylcaine hydrochloride,HCC515,24H,10.0,79,38,0,1,1.0,0.19851694343328743,0.0,4.8099547511312215,0.7022024202582935,-0.0,0.7022024202582935,0.519495182738173,True,1.0,0.8678820665497254,0.17660779740086638,chem
CPC003 HCC515 24H-mt-21-10.0,mt-21,HCC515,24H,10.0,49,25,0,0,1.0,1.0,0.0,0.0,-0.0,-0.0,0.0,1.0,False,1.0,-0.5657980364905775,1.0,chem
CPC003 HCC515 24H-ppt-10.0,ppt,HCC515,24H,10.0,73,50,0,0,1.0,1.0,0.0,0.0,-0.0,-0.0,0.0,1.0,False,1.0,-0.5657980364905775,1.0,chem
CPC003 HCC515 24H-BRD-K00824317 (flurandrenolide)-10.0,brd-k00824317 (flurandrenolide),HCC515,24H,10.0,82,76,0,0,1.0,1.0,0.0,0.0,-0.0,-0.0,0.0,1.0,False,1.0,-0.5657980364905775,1.0,chem
CPC003 HCC515 24H-finasteride-10.0,finasteride,HCC515,24H,10.0,55,89,1,0,0.30274976625257977,1.0,2.890909090909091,0.0,0.5189161834954105,-0.0,0.5189161834954105,0.6644899213874866,True,1.0,0.493668274020468,0.2525824725091636,chem
CPC003 HCC515 24H-le 300-10.0,le 300,HCC515,24H,10.0,46,48,1,0,0.17623109129409104,1.0,5.447659574468085,0.0,0.753917469441078,-0.0,0.753917469441078,0.4821610625960958,True,1.0,0.9734681979872054,0.1586137954015328,chem
CPC003 HCC515 24H-ay 9944-10.0,ay 9944,HCC515,24H,10.0,48,27,0,0,1.0,1.0,0.0,0.0,-0.0,1.1393112608283664,-1.1393112608283664,1.0,False,1.0,-0.5657980364905775,1.0,chem
CPC003 HCC515 24H-am580-10.0,am580,HCC515,24H,10.0,66,42,0,0,1.0,1.0,0.0,0.0,-0.0,0.6302643643249608,-0.6302643643249608,1.0,False,1.0,-0.5657980364905775,1.0,chem
CPC003 HCC515 24H-nnc 26-9100-10.0,nnc 26-9100,HCC515,24H,10.0,44,36,0,0,1.0,1.0,0.0,0.0,-0.0,1.019456417323189,-1.019456417323189,1.0,False,1.0,-0.5657980364905775,1.0,chem
CPC003 HCC515 24H-sericetin dimethyl ether-10.0,sericetin dimethyl ether,HCC515,24H,10.0,55,72,0,0,1.0,1.0,0.0,0.0,-0.0,0.7005110527328965,-0.7005110527328965,1.0,False,1.0,-0.5657980364905775,1.0,chem
CPC003 HCC515 24H-d 4476-10.0,d 4476,HCC515,24H,10.0,120,43,0,0,1.0,1.0,0.0,0.0,-0.0,0.41366125776844614,-0.41366125776844614,1.0,False,1.0,-0.5657980364905775,1.0,chem
CPC003 HCC515 24H-lovastatin-10.0,lovastatin,HCC515,24H,10.0,81,81,0,0,1.0,1.0,0.0,0.0,-0.0,1.2458705224095226,-1.2458705224095226,1.0,False,1.0,-0.5657980364905775,1.0,chem
CPC003 HCC515 24H-lasalocid sodium salt-10.0,lasalocid sodium salt,HCC515,24H,10.0,118,112,0,0,1.0,1.0,0.0,0.0,-0.0,1.4214323998029652,-1.4214323998029652,1.0,False,1.0,-0.5657980364905775,1.0,chem
CPC003 HCC515 24H-nsc 3852-10.0,nsc 3852,HCC515,24H,10.0,93,73,0,1,1.0,0.2295596289222189,0.0,4.069053708439898,0.6391044859514033,-0.0,0.6391044859514033,0.5673778484735623,True,1.0,0.7390556051919627,0.20759746751082972,chem
CPC003 HCC515 24H-vesamicol-10.0,vesamicol,HCC515,24H,10.0,68,38,1,0,0.1421768062942022,1.0,6.930810810810811,0.0,0.8471712455191108,-0.0,0.8471712455191108,0.4195188106050489,True,1.0,1.1638635589819364,0.12562479173608798,chem
CPC003 HCC515 24H-penfluridol-10.0,penfluridol,HCC515,24H,10.0,87,145,1,0,0.44572971792515226,1.0,1.751111111111111,0.0,0.35092840943940395,1.2195835591676862,-0.8686551497282823,0.8058982843454677,True,1.0,0.15068920948016454,0.3012329223592136,chem
CPC003 HCC515 24H-cccp-10.0,cccp,HCC515,24H,10.0,90,225,2,0,0.2280697551616865,1.0,2.3262331838565022,0.0,0.64193230366368,0.8414542517866884,-0.19952194812300839,0.5651805162410036,True,1.0,0.744829134123442,0.2069310229923359,chem
CPC003 HCC515 24H-diflorasone diacetate-10.0,diflorasone diacetate,HCC515,24H,10.0,61,63,0,0,1.0,1.0,0.0,0.0,-0.0,-0.0,0.0,1.0,False,1.0,-0.5657980364905775,1.0,chem
CPC003 HCC515 24H-gamma-linolenic acid (18:3 n-6)-10.0,gamma-linolenic acid (18:3 n-6),HCC515,24H,10.0,47,40,0,0,1.0,1.0,0.0,0.0,-0.0,-0.0,0.0,1.0,False,1.0,-0.5657980364905775,1.0,chem
CPC003 HCC515 24H-estradiol-10.0,estradiol,HCC515,24H,10.0,62,50,0,0,1.0,1.0,0.0,0.0,-0.0,-0.0,0.0,1.0,False,1.0,-0.5657980364905775,1.0,chem
CPC003 HCC515 24H-xylazine-10.0,xylazine,HCC515,24H,10.0,85,77,1,0,0.2677962916415009,1.0,3.353684210526316,0.0,0.5721954412552421,-0.0,0.5721954412552421,0.6206255898421207,True,1.0,0.6024480354558234,0.23125624791736088,chem
CPC003 HCC515 24H-scriptaid-10.0,scriptaid,HCC515,24H,10.0,141,231,2,2,0.237059985817564,0.0573928310616175,2.263100436681223,5.680755395683454,1.8662840978540687,0.3183125504664386,1.54797154738763,0.07207234663736299,True,1.0,3.244576722300064,0.014661779406864379,chem
CPC003 HCC515 24H-devazepide-10.0,devazepide,HCC515,24H,10.0,34,71,1,0,0.24969371631983528,1.0,3.6445714285714286,0.0,0.6025923867714367,-0.0,0.6025923867714367,0.5961488032452054,True,1.0,0.6645091943503459,0.22092635788070644,chem
CPC003 HCC515 24H-rimexolone-10.0,rimexolone,HCC515,24H,10.0,57,87,0,0,1.0,1.0,0.0,0.0,-0.0,-0.0,0.0,1.0,False,1.0,-0.5657980364905775,1.0,chem
CPC003 HCC515 24H-cgp 71683 hydrochloride-10.0,cgp 71683 hydrochloride,HCC515,24H,10.0,141,252,2,0,0.26869364611656515,1.0,2.066,0.0,0.570742603344059,1.1732764394992243,-0.6025338361551653,0.6218063783219419,True,1.0,0.5994817899030955,0.2315894701766078,chem
CPC003 HCC515 24H-tolazamide-10.0,tolazamide,HCC515,24H,10.0,53,71,1,0,0.24969371631983528,1.0,3.6445714285714286,0.0,0.6025923867714367,-0.0,0.6025923867714367,0.5961488032452054,True,1.0,0.6645091943503459,0.22092635788070644,chem
CPC003 HCC515 24H-puromycin dihydrochloride-10.0,puromycin dihydrochloride,HCC515,24H,10.0,137,254,2,0,0.27171399943995184,1.0,2.048941798941799,0.0,0.5658879849796351,0.2890957424304369,0.2767922425491982,0.6257587640890346,True,1.0,0.5895701610676829,0.23292235921359547,chem
CPC003 HCC515 24H-way 170523-10.0,way 170523,HCC515,24H,10.0,120,51,1,1,0.18619129527236197,0.28624841260768874,5.1184,3.1324765200197726,1.2732975398389632,0.8766267776019061,0.3966707622370571,0.2095570450564168,True,1.0,2.0338816220412297,0.05398200599800067,chem
CPC003 HCC515 24H-mrs 1220-10.0,mrs 1220,HCC515,24H,10.0,41,38,0,0,1.0,1.0,0.0,0.0,-0.0,-0.0,0.0,1.0,False,1.0,-0.5657980364905775,1.0,chem
CPC003 HCC515 24H-hinokitiol-10.0,hinokitiol,HCC515,24H,10.0,163,65,0,1,1.0,0.3684712045648724,0.0,2.2854030501089326,0.4335964458977855,-0.0,0.4335964458977855,0.7363501700420257,True,1.0,0.31947176506320646,0.28157280906364546,chem
CPC003 HCC515 24H-BRD-K37865504-10.0,brd-k37865504,HCC515,24H,10.0,41,74,0,0,1.0,1.0,0.0,0.0,-0.0,0.7278176439995865,-0.7278176439995865,1.0,False,1.0,-0.5657980364905775,1.0,chem
CPC003 HCC515 24H-clocortolone pivalate-10.0,clocortolone pivalate,HCC515,24H,10.0,65,114,0,0,1.0,1.0,0.0,0.0,-0.0,-0.0,0.0,1.0,False,1.0,-0.5657980364905775,1.0,chem
CPC003 HCC515 24H-bumetanide-10.0,bumetanide,HCC515,24H,10.0,42,55,0,0,1.0,1.0,0.0,0.0,-0.0,-0.0,0.0,1.0,False,1.0,-0.5657980364905775,1.0,chem
CPC003 HCC515 24H-malonoben-10.0,malonoben,HCC515,24H,10.0,87,268,2,0,0.2928591369210793,1.0,1.93671679197995,0.0,0.5333412218579606,0.7708540445865634,-0.23751282272860275,0.6525087673590542,True,1.0,0.52311973970806,0.2449183605464845,chem
CPC003 HCC515 24H-canrenoic acid potassium salt-10.0,canrenoic acid potassium salt,HCC515,24H,10.0,52,31,0,1,1.0,0.13528368405107447,0.0,7.387543252595155,0.868754578523359,-0.0,0.868754578523359,0.4059026415009191,True,1.0,1.2079300477788584,0.11929356881039653,chem
CPC003 HCC515 24H-nizatidine-10.0,nizatidine,HCC515,24H,10.0,82,54,0,0,1.0,1.0,0.0,0.0,-0.0,0.5488889053617282,-0.5488889053617282,1.0,False,1.0,-0.5657980364905775,1.0,chem
CPC003 HCC515 24H-podofilox-10.0,podofilox,HCC515,24H,10.0,55,61,0,1,1.0,0.14253549916594765,0.0,6.973856209150327,0.8460769590107509,-0.0,0.8460769590107509,0.42021805492144515,True,1.0,1.1616293644693567,0.12662445851382872,chem
CPC003 HCC515 24H-BRD-K61496577 (flumethasone)-10.0,brd-k61496577 (flumethasone),HCC515,24H,10.0,109,76,0,0,1.0,1.0,0.0,0.0,-0.0,-0.0,0.0,1.0,False,1.0,-0.5657980364905775,1.0,chem
CPC003 HCC515 24H-su 5416-10.0,su 5416,HCC515,24H,10.0,49,30,0,1,1.0,0.12797397276504582,0.0,7.852941176470588,0.8928783478043839,1.0952501511934496,-0.20237180338906569,0.3910792944436949,True,1.0,1.257183321522658,0.11129623458847052,chem
CPC003 HCC515 24H-bufalin-10.0,bufalin,HCC515,24H,10.0,155,155,1,1,0.4680988147528454,0.3538852354311746,1.6348051948051947,2.407181054239878,0.7808000148596765,-0.0,0.7808000148596765,0.46347437531385594,True,1.0,1.0283540391262112,0.1449516827724092,chem
CPC003 HCC515 24H-cct 018159-10.0,cct 018159,HCC515,24H,10.0,98,125,0,1,1.0,0.24036844221095138,0.0,3.856276531231049,0.6191225511172579,0.5282621354127488,0.09086041570450909,0.5830334525918055,True,1.0,0.6982586760366563,0.2149283572142619,chem
CPC003 HCC515 24H-tc 2559 difumarate-10.0,tc 2559 difumarate,HCC515,24H,10.0,64,52,0,1,1.0,0.163947870305798,0.0,5.969187675070028,0.7852942204734046,-0.0,0.7852942204734046,0.4603995186109855,True,1.0,1.0375298166249614,0.1449516827724092,chem
CPC003 HCC515 24H-pq 401-10.0,pq 401,HCC515,24H,10.0,78,59,1,0,0.21218896522549602,1.0,4.406896551724138,0.0,0.6732772051014339,-0.0,0.6732772051014339,0.5411408617227969,True,1.0,0.8088257257423331,0.19326891036321225,chem
CPC003 HCC515 24H-ranitidine-10.0,ranitidine,HCC515,24H,10.0,42,74,2,0,0.03510051470290361,1.0,7.37962962962963,0.0,1.4546865151298471,-0.0,1.4546865151298471,0.15267107463418442,True,1.0,2.404221793597108,0.03798733755414862,chem
CPC003 HCC515 24H-cefixime-10.0,cefixime,HCC515,24H,10.0,63,41,0,0,1.0,1.0,0.0,0.0,-0.0,0.9657926288423657,-0.9657926288423657,1.0,False,1.0,-0.5657980364905775,1.0,chem
CPC003 HCC515 24H-c-1-10.0,c-1,HCC515,24H,10.0,52,59,1,0,0.21218896522549602,1.0,4.406896551724138,0.0,0.6732772051014339,-0.0,0.6732772051014339,0.5411408617227969,True,1.0,0.8088257257423331,0.19326891036321225,chem
CPC003 HCC515 24H-fluvoxamine maleate-10.0,fluvoxamine maleate,HCC515,24H,10.0,62,33,0,1,1.0,0.15923366916048404,0.0,6.166827386692382,0.7979650974991642,-0.0,0.7979650974991642,0.451806832374428,True,1.0,1.0633998275446332,0.13962012662445852,chem
CPC003 HCC515 24H-ag 555-10.0,ag 555,HCC515,24H,10.0,87,31,0,0,1.0,1.0,0.0,0.0,-0.0,-0.0,0.0,1.0,False,1.0,-0.5657980364905775,1.0,chem
CPC003 HCC515 24H-ssr 69071-10.0,ssr 69071,HCC515,24H,10.0,35,77,0,0,1.0,1.0,0.0,0.0,-0.0,0.7122273233667098,-0.7122273233667098,1.0,False,1.0,-0.5657980364905775,1.0,chem
"CPC003 HCC515 24H-ici-199,441 hydrochloride-10.0","ici-199,441 hydrochloride",HCC515,24H,10.0,56,29,0,0,1.0,1.0,0.0,0.0,-0.0,-0.0,0.0,1.0,False,1.0,-0.5657980364905775,1.0,chem
CPC003 HCC515 24H-enrofloxacin-10.0,enrofloxacin,HCC515,24H,10.0,135,70,0,1,1.0,0.3160158483706479,0.0,2.775241439859526,0.500291136725498,-0.0,0.500291136725498,0.680054385797527,True,1.0,0.4556416905142525,0.2582472509163612,chem
CPC003 HCC515 24H-sb 415286-10.0,sb 415286,HCC515,24H,10.0,37,36,0,0,1.0,1.0,0.0,0.0,-0.0,1.019456417323189,-1.019456417323189,1.0,False,1.0,-0.5657980364905775,1.0,chem
CPC003 HCC515 24H-triamcinolone-10.0,triamcinolone,HCC515,24H,10.0,61,82,1,1,0.28256026853690286,0.15686716502364104,3.1441975308641976,6.270588235294118,1.3533568575133377,-0.0,1.3533568575133377,0.18244906825689478,True,1.0,2.197337980922069,0.04865044985004998,chem
CPC003 HCC515 24H-sb 200646 hydrochloride-10.0,sb 200646 hydrochloride,HCC515,24H,10.0,50,28,0,1,1.0,0.13041700288025662,0.0,7.691476590636254,0.8846657845573468,-0.0,0.8846657845573468,0.3960788175711977,True,1.0,1.2404158080784486,0.11296234588470509,chem
CPC003 HCC515 24H-nnc 55-0396 dihydrochloride-10.0,nnc 55-0396 dihydrochloride,HCC515,24H,10.0,114,197,1,0,0.5529262182544272,1.0,1.2759183673469388,0.0,0.25733281651222856,0.989190269154801,-0.7318574526425725,0.8805519814078355,True,1.0,-0.04040403577323823,0.3102299233588804,chem
CPC003 HCC515 24H-vorinostat-10.0,vorinostat,HCC515,24H,10.0,143,231,2,2,0.237059985817564,0.05884674469353774,2.263100436681223,5.598404255319149,1.8554193025395191,0.6737276183727579,1.1816916841667613,0.07354913760902974,True,1.0,3.2223941714903623,0.014995001666111295,chem
CPC003 HCC515 24H-nonoxynol-9-10.0,nonoxynol-9,HCC515,24H,10.0,61,56,0,1,1.0,0.15686716502364104,0.0,6.270588235294118,0.8044679521516095,-0.0,0.8044679521516095,0.447440985932813,True,1.0,1.0766766449682252,0.13828723758747083,chem
CPC003 HCC515 24H-mycophenolate mofetil-10.0,mycophenolate mofetil,HCC515,24H,10.0,27,22,1,0,0.08485751299199006,1.0,12.241904761904761,0.0,1.071309700706131,-0.0,1.071309700706131,0.29418247712166845,True,1.0,1.621484943154353,0.07830723092302566,chem
CPC003 HCC515 24H-pha 665752-10.0,pha 665752,HCC515,24H,10.0,67,38,1,0,0.1421768062942022,1.0,6.930810810810811,0.0,0.8471712455191108,-0.0,0.8471712455191108,0.4195188106050489,True,1.0,1.1638635589819364,0.12562479173608798,chem
CPC003 HCC515 24H-hexamethylquercetagetin-10.0,hexamethylquercetagetin,HCC515,24H,10.0,32,41,1,0,0.1525327083921917,1.0,6.408,0.0,0.816637018277212,-0.0,0.816637018277212,0.4393515867377291,True,1.0,1.1015221132741315,0.13628790403198934,chem
CPC003 HCC515 24H-reserpine-10.0,reserpine,HCC515,24H,10.0,87,31,0,0,1.0,1.0,0.0,0.0,-0.0,-0.0,0.0,1.0,False,1.0,-0.5657980364905775,1.0,chem
CPC003 HCC515 24H-thiothixene-10.0,thiothixene,HCC515,24H,10.0,120,38,0,0,1.0,1.0,0.0,0.0,-0.0,0.41366125776844614,-0.41366125776844614,1.0,False,1.0,-0.5657980364905775,1.0,chem
CPC003 HCC515 6H-flumethasone-10.0,flumethasone,HCC515,6H,10.0,62,37,0,0,1.0,1.0,0.0,0.0,-0.0,-0.0,0.0,1.0,False,1.0,-0.5657980364905775,1.0,chem
CPC003 HCC515 6H-bucladesine-10.0,bucladesine,HCC515,6H,10.0,58,113,1,1,0.3679056859586182,0.14972984990012858,2.262857142857143,6.603715170278638,1.2589551109055672,0.5655236312200661,0.6934314796855011,0.2147739268192412,True,1.0,2.0045988192512367,0.05664778407197601,chem
CPC003 HCC515 6H-trichostatin a-10.0,trichostatin a,HCC515,6H,10.0,46,73,1,0,0.25577520118246594,1.0,3.542222222222222,0.0,0.5921415650633886,1.5039336961971796,-0.9117921311337911,0.6045135210175503,True,1.0,0.6431718495748338,0.2242585804731756,chem
CPC003 HCC515 6H-daunorubicin hydrochloride-10.0,daunorubicin hydrochloride,HCC515,6H,10.0,31,70,1,0,0.24663508299031428,1.0,3.6979710144927536,0.0,0.6079451464532162,-0.0,0.6079451464532162,0.5918860771819702,True,1.0,0.6754378736466958,0.21992669110296567,chem
CPC003 HCC515 6H-hoechst  33342 (cell permeable) (bisbenzimide)-10.0,hoechst  33342 (cell permeable) (bisbenzimide),HCC515,6H,10.0,68,72,0,0,1.0,1.0,0.0,0.0,-0.0,1.5222977409365865,-1.5222977409365865,1.0,False,1.0,-0.5657980364905775,1.0,chem
CPC003 HCC515 6H-puromycin dihydrochloride-10.0,puromycin dihydrochloride,HCC515,6H,10.0,162,78,0,0,1.0,1.0,0.0,0.0,-0.0,0.3158389807789961,-0.3158389807789961,1.0,False,1.0,-0.5657980364905775,1.0,chem
CPC003 HCC515 6H-bufalin-10.0,bufalin,HCC515,6H,10.0,67,57,0,0,1.0,1.0,0.0,0.0,-0.0,-0.0,0.0,1.0,False,1.0,-0.5657980364905775,1.0,chem
CPC003 HCC515 6H-vorinostat-10.0,vorinostat,HCC515,6H,10.0,54,58,0,0,1.0,1.0,0.0,0.0,-0.0,-0.0,0.0,1.0,False,1.0,-0.5657980364905775,1.0,chem
CPC003 PC3 24H-butoconazole-10.0,butoconazole,PC3,24H,10.0,14,10,0,0,1.0,1.0,0.0,0.0,-0.0,-0.0,0.0,1.0,False,1.0,-0.5657980364905775,1.0,chem
CPC003 PC3 24H-trichostatin a-10.0,trichostatin a,PC3,24H,10.0,185,219,0,0,1.0,1.0,0.0,0.0,-0.0,-0.0,0.0,1.0,False,1.0,-0.5657980364905775,1.0,chem
CPC003 PC3 24H-geldanamycin-10.0,geldanamycin,PC3,24H,10.0,91,80,0,0,1.0,1.0,0.0,0.0,-0.0,0.6972949577343067,-0.6972949577343067,1.0,False,1.0,-0.5657980364905775,1.0,chem
CPC003 PC3 24H-securinine-10.0,securinine,PC3,24H,10.0,18,23,0,0,1.0,1.0,0.0,0.0,-0.0,-0.0,0.0,1.0,False,1.0,-0.5657980364905775,1.0,chem
CPC003 PC3 24H-suloctidil-10.0,suloctidil,PC3,24H,10.0,71,26,0,0,1.0,1.0,0.0,0.0,-0.0,1.7577282152656584,-1.7577282152656584,1.0,False,1.0,-0.5657980364905775,1.0,chem
CPC003 PC3 24H-ivermectin-10.0,ivermectin,PC3,24H,10.0,69,37,0,0,1.0,1.0,0.0,0.0,-0.0,1.6215071752230519,-1.6215071752230519,1.0,False,1.0,-0.5657980364905775,1.0,chem
CPC003 PC3 24H-cgk 733-10.0,cgk 733,PC3,24H,10.0,103,139,0,0,1.0,1.0,0.0,0.0,-0.0,2.6714169994340953,-2.6714169994340953,1.0,False,1.0,-0.5657980364905775,1.0,chem
CPC003 PC3 24H-econazole nitrate-10.0,econazole nitrate,PC3,24H,10.0,27,15,0,0,1.0,1.0,0.0,0.0,-0.0,-0.0,0.0,1.0,False,1.0,-0.5657980364905775,1.0,chem
CPC003 PC3 24H-vinblastine sulfate-10.0,vinblastine sulfate,PC3,24H,10.0,62,57,0,1,1.0,0.15923366916048404,0.0,6.166827386692382,0.7979650974991642,0.654174227302204,0.14379087019696024,0.451806832374428,True,1.0,1.0633998275446332,0.13962012662445852,chem
CPC003 PC3 24H-vincristine sulfate-10.0,vincristine sulfate,PC3,24H,10.0,31,44,0,0,1.0,1.0,0.0,0.0,-0.0,-0.0,0.0,1.0,False,1.0,-0.5657980364905775,1.0,chem
CPC003 PC3 24H-flunisolide-10.0,flunisolide,PC3,24H,10.0,8,14,0,0,1.0,1.0,0.0,0.0,-0.0,-0.0,0.0,1.0,False,1.0,-0.5657980364905775,1.0,chem
CPC003 PC3 24H-daunorubicin hydrochloride-10.0,daunorubicin hydrochloride,PC3,24H,10.0,67,117,1,0,0.3781794130510064,1.0,2.183448275862069,0.0,0.42230211653195693,0.6245429220468399,-0.202240805514883,0.745915990914851,True,1.0,0.29641223860498644,0.28490503165611464,chem
CPC003 PC3 24H-sulconazole nitrate-10.0,sulconazole nitrate,PC3,24H,10.0,34,19,0,0,1.0,1.0,0.0,0.0,-0.0,1.2873892109613367,-1.2873892109613367,1.0,False,1.0,-0.5657980364905775,1.0,chem
CPC003 PC3 24H-gw 6471-10.0,gw 6471,PC3,24H,10.0,16,4,0,0,1.0,1.0,0.0,0.0,-0.0,-0.0,0.0,1.0,False,1.0,-0.5657980364905775,1.0,chem
CPC003 PC3 24H-dactinomycin-10.0,dactinomycin,PC3,24H,10.0,121,137,1,0,0.4271858714255819,1.0,1.856470588235294,0.0,0.36938311942372987,1.0747976829646297,-0.7054145635408999,0.790522861270362,True,1.0,0.1883680179670038,0.2975674775074975,chem
CPC003 PC3 24H-hydrocortisone-10.0,hydrocortisone,PC3,24H,10.0,10,12,0,0,1.0,1.0,0.0,0.0,-0.0,-0.0,0.0,1.0,False,1.0,-0.5657980364905775,1.0,chem
CPC003 PC3 24H-wortmannin-10.0,wortmannin,PC3,24H,10.0,97,140,0,0,1.0,1.0,0.0,0.0,-0.0,-0.0,0.0,1.0,False,1.0,-0.5657980364905775,1.0,chem
CPC003 PC3 24H-hexylcaine hydrochloride-10.0,hexylcaine hydrochloride,PC3,24H,10.0,32,29,1,0,0.11037386480255901,1.0,9.17142857142857,0.0,0.9571337501189711,1.109408141910376,-0.152274391791405,0.353624828228642,True,1.0,1.388372974468297,0.0943018993668777,chem
CPC003 PC3 24H-mt-21-10.0,mt-21,PC3,24H,10.0,18,16,0,0,1.0,1.0,0.0,0.0,-0.0,-0.0,0.0,1.0,False,1.0,-0.5657980364905775,1.0,chem
CPC003 PC3 24H-BRD-K03015355-10.0,brd-k03015355,PC3,24H,10.0,16,17,0,0,1.0,1.0,0.0,0.0,-0.0,-0.0,0.0,1.0,False,1.0,-0.5657980364905775,1.0,chem
CPC003 PC3 24H-ay 9944-10.0,ay 9944,PC3,24H,10.0,29,9,0,0,1.0,1.0,0.0,0.0,-0.0,-0.0,0.0,1.0,False,1.0,-0.5657980364905775,1.0,chem
CPC003 PC3 24H-psoromic acid-10.0,psoromic acid,PC3,24H,10.0,6,11,0,0,1.0,1.0,0.0,0.0,-0.0,-0.0,0.0,1.0,False,1.0,-0.5657980364905775,1.0,chem
CPC003 PC3 24H-ly 364947-10.0,ly 364947,PC3,24H,10.0,15,26,1,0,0.0995231877673926,1.0,10.2768,0.0,1.0020757218050245,1.231819217066421,-0.2297434952613966,0.32915946999987966,True,1.0,1.4801305770325193,0.08730423192269243,chem
CPC003 PC3 24H-le 135-10.0,le 135,PC3,24H,10.0,29,6,0,0,1.0,1.0,0.0,0.0,-0.0,-0.0,0.0,1.0,False,1.0,-0.5657980364905775,1.0,chem
"CPC003 PC3 24H-brl 37344, sodium salt-10.0","brl 37344, sodium salt",PC3,24H,10.0,16,17,0,0,1.0,1.0,0.0,0.0,-0.0,-0.0,0.0,1.0,False,1.0,-0.5657980364905775,1.0,chem
CPC003 PC3 24H-nnc 26-9100-10.0,nnc 26-9100,PC3,24H,10.0,19,9,0,0,1.0,1.0,0.0,0.0,-0.0,-0.0,0.0,1.0,False,1.0,-0.5657980364905775,1.0,chem
CPC003 PC3 24H-hoechst  33342 (cell permeable) (bisbenzimide)-10.0,hoechst  33342 (cell permeable) (bisbenzimide),PC3,24H,10.0,73,100,0,0,1.0,1.0,0.0,0.0,-0.0,1.465526375850131,-1.465526375850131,1.0,False,1.0,-0.5657980364905775,1.0,chem
CPC003 PC3 24H-sericetin dimethyl ether-10.0,sericetin dimethyl ether,PC3,24H,10.0,39,69,0,0,1.0,1.0,0.0,0.0,-0.0,-0.0,0.0,1.0,False,1.0,-0.5657980364905775,1.0,chem
CPC003 PC3 24H-lovastatin-10.0,lovastatin,PC3,24H,10.0,36,49,0,0,1.0,1.0,0.0,0.0,-0.0,1.7618843505158963,-1.7618843505158963,1.0,False,1.0,-0.5657980364905775,1.0,chem
CPC003 PC3 24H-lasalocid sodium salt-10.0,lasalocid sodium salt,PC3,24H,10.0,80,33,0,1,1.0,0.20077287697796306,0.0,4.748324646314222,0.6972949577343067,-0.0,0.6972949577343067,0.5231299885696582,True,1.0,0.8578625462887901,0.17794068643785405,chem
CPC003 PC3 24H-BRD-K10705233-10.0,brd-k10705233,PC3,24H,10.0,19,12,0,0,1.0,1.0,0.0,0.0,-0.0,-0.0,0.0,1.0,False,1.0,-0.5657980364905775,1.0,chem
CPC003 PC3 24H-phenformin hydrochloride-10.0,phenformin hydrochloride,PC3,24H,10.0,13,10,0,0,1.0,1.0,0.0,0.0,-0.0,-0.0,0.0,1.0,False,1.0,-0.5657980364905775,1.0,chem
CPC003 PC3 24H-nsc 3852-10.0,nsc 3852,PC3,24H,10.0,144,93,0,0,1.0,1.0,0.0,0.0,-0.0,1.9233871626429166,-1.9233871626429166,1.0,False,1.0,-0.5657980364905775,1.0,chem
CPC003 PC3 24H-penfluridol-10.0,penfluridol,PC3,24H,10.0,78,17,0,0,1.0,1.0,0.0,0.0,-0.0,1.412890897940681,-1.412890897940681,1.0,False,1.0,-0.5657980364905775,1.0,chem
CPC003 PC3 24H-cccp-10.0,cccp,PC3,24H,10.0,45,50,0,1,1.0,0.11813687833993748,0.0,8.572192513368984,0.9276145091651452,0.8846657845573468,0.042948724607798416,0.3704667765586675,True,1.0,1.3281038167562154,0.10229923358880373,chem
"CPC003 PC3 24H-tyrphostin b44, (+) enantiomer-10.0","tyrphostin b44, (+) enantiomer",PC3,24H,10.0,18,12,1,0,0.04718160969317025,1.0,23.407272727272726,0.0,1.3262272463894653,1.1551358284942217,0.17109141789524362,0.19126250160175143,True,1.0,2.141947708047177,0.05031656114628457,chem
CPC003 PC3 24H-butein-10.0,butein,PC3,24H,10.0,25,29,1,0,0.11037386480255901,1.0,9.17142857142857,0.0,0.9571337501189711,1.0182805797562287,-0.061146829637257594,0.353624828228642,True,1.0,1.388372974468297,0.0943018993668777,chem
CPC003 PC3 24H-jtc 801-10.0,jtc 801,PC3,24H,10.0,99,99,0,0,1.0,1.0,0.0,0.0,-0.0,0.4806357392933227,-0.4806357392933227,1.0,False,1.0,-0.5657980364905775,1.0,chem
CPC003 PC3 24H-bay 59-3074-10.0,bay 59-3074,PC3,24H,10.0,12,5,0,0,1.0,1.0,0.0,0.0,-0.0,-0.0,0.0,1.0,False,1.0,-0.5657980364905775,1.0,chem
CPC003 PC3 24H-estradiol-10.0,estradiol,PC3,24H,10.0,16,7,0,0,1.0,1.0,0.0,0.0,-0.0,1.7142232782006543,-1.7142232782006543,1.0,False,1.0,-0.5657980364905775,1.0,chem
CPC003 PC3 24H-rg-14620-10.0,rg-14620,PC3,24H,10.0,17,23,0,0,1.0,1.0,0.0,0.0,-0.0,-0.0,0.0,1.0,False,1.0,-0.5657980364905775,1.0,chem
CPC003 PC3 24H-scriptaid-10.0,scriptaid,PC3,24H,10.0,139,154,1,1,0.46590157439434077,0.3237535128007305,1.645751633986928,2.6930946291560103,0.8214913326522193,0.9726942275315625,-0.15120289487934324,0.4361540694963554,True,1.0,1.1114331214572,0.13362212595801398,chem
CPC003 PC3 24H-fenretinide-10.0,fenretinide,PC3,24H,10.0,41,17,0,0,1.0,1.0,0.0,0.0,-0.0,0.816637018277212,-0.816637018277212,1.0,False,1.0,-0.5657980364905775,1.0,chem
CPC003 PC3 24H-chloroguanide hydrochloride-10.0,chloroguanide hydrochloride,PC3,24H,10.0,6,9,0,0,1.0,1.0,0.0,0.0,-0.0,-0.0,0.0,1.0,False,1.0,-0.5657980364905775,1.0,chem
CPC003 PC3 24H-flavokawain b-10.0,flavokawain b,PC3,24H,10.0,41,24,0,0,1.0,1.0,0.0,0.0,-0.0,0.816637018277212,-0.816637018277212,1.0,False,1.0,-0.5657980364905775,1.0,chem
CPC003 PC3 24H-devazepide-10.0,devazepide,PC3,24H,10.0,96,101,0,0,1.0,1.0,0.0,0.0,-0.0,0.6076815621763401,-0.6076815621763401,1.0,False,1.0,-0.5657980364905775,1.0,chem
CPC003 PC3 24H-cgp 71683 hydrochloride-10.0,cgp 71683 hydrochloride,PC3,24H,10.0,80,87,0,0,1.0,1.0,0.0,0.0,-0.0,2.0576234640112956,-2.0576234640112956,1.0,False,1.0,-0.5657980364905775,1.0,chem
CPC003 PC3 24H-su1498-10.0,su1498,PC3,24H,10.0,36,6,0,0,1.0,1.0,0.0,0.0,-0.0,-0.0,0.0,1.0,False,1.0,-0.5657980364905775,1.0,chem
CPC003 PC3 24H-sr 59230a hydrochloride-10.0,sr 59230a hydrochloride,PC3,24H,10.0,7,12,0,0,1.0,1.0,0.0,0.0,-0.0,-0.0,0.0,1.0,False,1.0,-0.5657980364905775,1.0,chem
CPC003 PC3 24H-strophantine octahydrate-10.0,strophantine octahydrate,PC3,24H,10.0,71,84,1,0,0.28838534651761183,1.0,3.067469879518072,0.0,0.540026810832711,-0.0,0.540026810832711,0.6469803217249774,True,1.0,0.5367696440856033,0.24391869376874376,chem
CPC003 PC3 24H-puromycin dihydrochloride-10.0,puromycin dihydrochloride,PC3,24H,10.0,159,179,1,1,0.5182991373485348,0.36121753802008943,1.4089887640449439,2.3447505584512287,0.7276506857519833,1.277874298014064,-0.5502236122620807,0.5008995448620166,True,1.0,0.919839551802724,0.16727757414195268,chem
CPC003 PC3 24H-way 170523-10.0,way 170523,PC3,24H,10.0,38,27,0,0,1.0,1.0,0.0,0.0,-0.0,-0.0,0.0,1.0,False,1.0,-0.5657980364905775,1.0,chem
CPC003 PC3 24H-hinokitiol-10.0,hinokitiol,PC3,24H,10.0,95,35,0,0,1.0,1.0,0.0,0.0,-0.0,1.5264938837255844,-1.5264938837255844,1.0,False,1.0,-0.5657980364905775,1.0,chem
CPC003 PC3 24H-BRD-K37865504-10.0,brd-k37865504,PC3,24H,10.0,50,82,0,0,1.0,1.0,0.0,0.0,-0.0,1.4255052603594613,-1.4255052603594613,1.0,False,1.0,-0.5657980364905775,1.0,chem
CPC003 PC3 24H-malonoben-10.0,malonoben,PC3,24H,10.0,122,128,0,0,1.0,1.0,0.0,0.0,-0.0,0.9276501128737605,-0.9276501128737605,1.0,False,1.0,-0.5657980364905775,1.0,chem
CPC003 PC3 24H-podofilox-10.0,podofilox,PC3,24H,10.0,26,46,0,0,1.0,1.0,0.0,0.0,-0.0,-0.0,0.0,1.0,False,1.0,-0.5657980364905775,1.0,chem
CPC003 PC3 24H-tramadol hydrochloride-10.0,tramadol hydrochloride,PC3,24H,10.0,10,14,0,0,1.0,1.0,0.0,0.0,-0.0,2.8209140730929203,-2.8209140730929203,1.0,False,1.0,-0.5657980364905775,1.0,chem
CPC003 PC3 24H-amitriptyline hydrochloride-10.0,amitriptyline hydrochloride,PC3,24H,10.0,12,11,0,0,1.0,1.0,0.0,0.0,-0.0,-0.0,0.0,1.0,False,1.0,-0.5657980364905775,1.0,chem
"CPC003 PC3 24H-fluphenazine-n-2-chloroethane, dihydrochloride-10.0","fluphenazine-n-2-chloroethane, dihydrochloride",PC3,24H,10.0,24,24,0,0,1.0,1.0,0.0,0.0,-0.0,-0.0,0.0,1.0,False,1.0,-0.5657980364905775,1.0,chem
CPC003 PC3 24H-enalapril maleate-10.0,enalapril maleate,PC3,24H,10.0,6,19,0,0,1.0,1.0,0.0,0.0,-0.0,-0.0,0.0,1.0,False,1.0,-0.5657980364905775,1.0,chem
CPC003 PC3 24H-leoidin dimethyl ether-10.0,leoidin dimethyl ether,PC3,24H,10.0,25,16,0,0,1.0,1.0,0.0,0.0,-0.0,-0.0,0.0,1.0,False,1.0,-0.5657980364905775,1.0,chem
CPC003 PC3 24H-deguelin(-)-10.0,deguelin(-),PC3,24H,10.0,50,5,0,0,1.0,1.0,0.0,0.0,-0.0,-0.0,0.0,1.0,False,1.0,-0.5657980364905775,1.0,chem
CPC003 PC3 24H-flumethasone-10.0,flumethasone,PC3,24H,10.0,2,16,0,0,1.0,1.0,0.0,0.0,-0.0,-0.0,0.0,1.0,False,1.0,-0.5657980364905775,1.0,chem
CPC003 PC3 24H-bufalin-10.0,bufalin,PC3,24H,10.0,85,96,1,0,0.32239236928480147,1.0,2.6749473684210527,0.0,0.49161524607514395,-0.0,0.49161524607514395,0.6873359975439419,True,1.0,0.4379282058512537,0.26024658447184273,chem
CPC003 PC3 24H-gp 1a-10.0,gp 1a,PC3,24H,10.0,18,6,0,0,1.0,1.0,0.0,0.0,-0.0,1.1551358284942217,-1.1551358284942217,1.0,False,1.0,-0.5657980364905775,1.0,chem
CPC003 PC3 24H-cct 018159-10.0,cct 018159,PC3,24H,10.0,51,75,0,0,1.0,1.0,0.0,0.0,-0.0,0.7225445271947321,-0.7225445271947321,1.0,False,1.0,-0.5657980364905775,1.0,chem
CPC003 PC3 24H-cgp 7930-10.0,cgp 7930,PC3,24H,10.0,10,16,0,0,1.0,1.0,0.0,0.0,-0.0,-0.0,0.0,1.0,False,1.0,-0.5657980364905775,1.0,chem
CPC003 PC3 24H-pq 401-10.0,pq 401,PC3,24H,10.0,42,11,0,0,1.0,1.0,0.0,0.0,-0.0,-0.0,0.0,1.0,False,1.0,-0.5657980364905775,1.0,chem
CPC003 PC3 24H-nsc 95397-10.0,nsc 95397,PC3,24H,10.0,35,12,0,0,1.0,1.0,0.0,0.0,-0.0,-0.0,0.0,1.0,False,1.0,-0.5657980364905775,1.0,chem
CPC003 PC3 24H-phosphodiesterase v inhibitor ii-10.0,phosphodiesterase v inhibitor ii,PC3,24H,10.0,22,17,0,0,1.0,1.0,0.0,0.0,-0.0,-0.0,0.0,1.0,False,1.0,-0.5657980364905775,1.0,chem
CPC003 PC3 24H-cefixime-10.0,cefixime,PC3,24H,10.0,26,35,0,0,1.0,1.0,0.0,0.0,-0.0,1.0311267751067914,-1.0311267751067914,1.0,False,1.0,-0.5657980364905775,1.0,chem
CPC003 PC3 24H-c-1-10.0,c-1,PC3,24H,10.0,8,13,0,0,1.0,1.0,0.0,0.0,-0.0,-0.0,0.0,1.0,False,1.0,-0.5657980364905775,1.0,chem
CPC003 PC3 24H-ag 555-10.0,ag 555,PC3,24H,10.0,22,12,0,0,1.0,1.0,0.0,0.0,-0.0,-0.0,0.0,1.0,False,1.0,-0.5657980364905775,1.0,chem
CPC003 PC3 24H-ssr 69071-10.0,ssr 69071,PC3,24H,10.0,13,25,0,0,1.0,1.0,0.0,0.0,-0.0,-0.0,0.0,1.0,False,1.0,-0.5657980364905775,1.0,chem
CPC003 PC3 24H-telmisartan-10.0,telmisartan,PC3,24H,10.0,20,4,0,0,1.0,1.0,0.0,0.0,-0.0,-0.0,0.0,1.0,False,1.0,-0.5657980364905775,1.0,chem
CPC003 PC3 24H-gs39783-10.0,gs39783,PC3,24H,10.0,17,12,0,0,1.0,1.0,0.0,0.0,-0.0,-0.0,0.0,1.0,False,1.0,-0.5657980364905775,1.0,chem
CPC003 PC3 24H-enrofloxacin-10.0,enrofloxacin,PC3,24H,10.0,28,20,0,0,1.0,1.0,0.0,0.0,-0.0,-0.0,0.0,1.0,False,1.0,-0.5657980364905775,1.0,chem
CPC003 PC3 24H-sb 415286-10.0,sb 415286,PC3,24H,10.0,10,10,0,0,1.0,1.0,0.0,0.0,-0.0,-0.0,0.0,1.0,False,1.0,-0.5657980364905775,1.0,chem
CPC003 PC3 24H-nnc 55-0396 dihydrochloride-10.0,nnc 55-0396 dihydrochloride,PC3,24H,10.0,27,24,0,0,1.0,1.0,0.0,0.0,-0.0,-0.0,0.0,1.0,False,1.0,-0.5657980364905775,1.0,chem
CPC003 PC3 24H-vorinostat-10.0,vorinostat,PC3,24H,10.0,84,109,0,1,1.0,0.20973678162792958,0.0,4.51665485471297,0.6783254004489399,-0.0,0.6783254004489399,0.5373250709452475,True,1.0,0.8191325788906287,0.18993668777074307,chem
CPC003 PC3 24H-pyrimethamine-10.0,pyrimethamine,PC3,24H,10.0,35,29,0,0,1.0,1.0,0.0,0.0,-0.0,-0.0,0.0,1.0,False,1.0,-0.5657980364905775,1.0,chem
CPC003 PC3 24H-nonoxynol-9-10.0,nonoxynol-9,PC3,24H,10.0,62,18,0,0,1.0,1.0,0.0,0.0,-0.0,1.596792024066649,-1.596792024066649,1.0,False,1.0,-0.5657980364905775,1.0,chem
CPC003 PC3 24H-triamterene-10.0,triamterene,PC3,24H,10.0,40,22,0,0,1.0,1.0,0.0,0.0,-0.0,2.7872596785217967,-2.7872596785217967,1.0,False,1.0,-0.5657980364905775,1.0,chem
CPC003 PC3 24H-doxorubicin hydrochloride-10.0,doxorubicin hydrochloride,PC3,24H,10.0,123,113,1,1,0.3679056859586182,0.2922980720609521,2.262857142857143,3.0540019286403086,0.9684375492756384,2.872281428593763,-1.9038438793181243,0.3473384433332705,True,1.0,1.4114518353097574,0.09263578807064311,chem
CPC003 PC3 24H-mycophenolate mofetil-10.0,mycophenolate mofetil,PC3,24H,10.0,98,46,0,0,1.0,1.0,0.0,0.0,-0.0,-0.0,0.0,1.0,False,1.0,-0.5657980364905775,1.0,chem
CPC003 PC3 24H-pha 665752-10.0,pha 665752,PC3,24H,10.0,45,4,0,0,1.0,1.0,0.0,0.0,-0.0,-0.0,0.0,1.0,False,1.0,-0.5657980364905775,1.0,chem
CPC003 PC3 24H-hexamethylquercetagetin-10.0,hexamethylquercetagetin,PC3,24H,10.0,8,13,0,0,1.0,1.0,0.0,0.0,-0.0,-0.0,0.0,1.0,False,1.0,-0.5657980364905775,1.0,chem
CPC003 PC3 24H-thiothixene-10.0,thiothixene,PC3,24H,10.0,25,6,0,0,1.0,1.0,0.0,0.0,-0.0,-0.0,0.0,1.0,False,1.0,-0.5657980364905775,1.0,chem
CPC003 PC3 6H-hydroquinidine-10.0,hydroquinidine,PC3,6H,10.0,10,14,0,0,1.0,1.0,0.0,0.0,-0.0,1.4037382139098238,-1.4037382139098238,1.0,False,1.0,-0.5657980364905775,1.0,chem
CPC003 PC3 6H-trichostatin a-10.0,trichostatin a,PC3,6H,10.0,134,81,0,0,1.0,1.0,0.0,0.0,-0.0,-0.0,0.0,1.0,False,1.0,-0.5657980364905775,1.0,chem
CPC003 PC3 6H-geldanamycin-10.0,geldanamycin,PC3,6H,10.0,102,36,0,0,1.0,1.0,0.0,0.0,-0.0,0.4700509525702869,-0.4700509525702869,1.0,False,1.0,-0.5657980364905775,1.0,chem
CPC003 PC3 6H-suloctidil-10.0,suloctidil,PC3,6H,10.0,76,27,0,0,1.0,1.0,0.0,0.0,-0.0,-0.0,0.0,1.0,False,1.0,-0.5657980364905775,1.0,chem
CPC003 PC3 6H-homosalate-10.0,homosalate,PC3,6H,10.0,32,22,0,0,1.0,1.0,0.0,0.0,-0.0,-0.0,0.0,1.0,False,1.0,-0.5657980364905775,1.0,chem
CPC003 PC3 6H-ivermectin-10.0,ivermectin,PC3,6H,10.0,23,8,0,0,1.0,1.0,0.0,0.0,-0.0,1.0528344080754062,-1.0528344080754062,1.0,False,1.0,-0.5657980364905775,1.0,chem
CPC003 PC3 6H-cgk 733-10.0,cgk 733,PC3,6H,10.0,50,30,0,0,1.0,1.0,0.0,0.0,-0.0,0.7378238987619528,-0.7378238987619528,1.0,False,1.0,-0.5657980364905775,1.0,chem
CPC003 PC3 6H-vincristine sulfate-10.0,vincristine sulfate,PC3,6H,10.0,38,28,1,0,0.10677101752605844,1.0,9.512592592592593,0.0,0.9715466184374293,0.8471712455191108,0.12437537291831846,0.34562512538846096,True,1.0,1.4177995926908786,0.0923025658113962,chem
CPC003 PC3 6H-daunorubicin hydrochloride-10.0,daunorubicin hydrochloride,PC3,6H,10.0,66,162,2,0,0.137031187008022,1.0,3.275,0.0,0.863180580258985,-0.0,0.863180580258985,0.4093870755673241,True,1.0,1.1965496677410417,0.11996001332889036,chem
CPC003 PC3 6H-dactinomycin-10.0,dactinomycin,PC3,6H,10.0,70,137,0,0,1.0,1.0,0.0,0.0,-0.0,0.6079451464532162,-0.6079451464532162,1.0,False,1.0,-0.5657980364905775,1.0,chem
CPC003 PC3 6H-wortmannin-10.0,wortmannin,PC3,6H,10.0,154,60,0,0,1.0,1.0,0.0,0.0,-0.0,0.8110873396632657,-0.8110873396632657,1.0,False,1.0,-0.5657980364905775,1.0,chem
CPC003 PC3 6H-cl 82198 hydrochloride-10.0,cl 82198 hydrochloride,PC3,6H,10.0,22,15,0,0,1.0,1.0,0.0,0.0,-0.0,-0.0,0.0,1.0,False,1.0,-0.5657980364905775,1.0,chem
CPC003 PC3 6H-BRD-K03015355-10.0,brd-k03015355,PC3,6H,10.0,24,18,0,0,1.0,1.0,0.0,0.0,-0.0,-0.0,0.0,1.0,False,1.0,-0.5657980364905775,1.0,chem
"CPC003 PC3 6H-brl 37344, sodium salt-10.0","brl 37344, sodium salt",PC3,6H,10.0,26,24,0,0,1.0,1.0,0.0,0.0,-0.0,-0.0,0.0,1.0,False,1.0,-0.5657980364905775,1.0,chem
CPC003 PC3 6H-nnc 26-9100-10.0,nnc 26-9100,PC3,6H,10.0,35,34,0,0,1.0,1.0,0.0,0.0,-0.0,1.0431516089602864,-1.0431516089602864,1.0,False,1.0,-0.5657980364905775,1.0,chem
CPC003 PC3 6H-hoechst  33342 (cell permeable) (bisbenzimide)-10.0,hoechst  33342 (cell permeable) (bisbenzimide),PC3,6H,10.0,53,46,0,0,1.0,1.0,0.0,0.0,-0.0,0.7149673353265971,-0.7149673353265971,1.0,False,1.0,-0.5657980364905775,1.0,chem
CPC003 PC3 6H-lasalocid sodium salt-10.0,lasalocid sodium salt,PC3,6H,10.0,25,34,0,0,1.0,1.0,0.0,0.0,-0.0,-0.0,0.0,1.0,False,1.0,-0.5657980364905775,1.0,chem
CPC003 PC3 6H-BRD-K10705233-10.0,brd-k10705233,PC3,6H,10.0,32,12,0,0,1.0,1.0,0.0,0.0,-0.0,-0.0,0.0,1.0,False,1.0,-0.5657980364905775,1.0,chem
CPC003 PC3 6H-tyrphostin b44 (-)-10.0,tyrphostin b44 (-),PC3,6H,10.0,14,30,0,0,1.0,1.0,0.0,0.0,-0.0,-0.0,0.0,1.0,False,1.0,-0.5657980364905775,1.0,chem
CPC003 PC3 6H-phenformin hydrochloride-10.0,phenformin hydrochloride,PC3,6H,10.0,23,23,0,0,1.0,1.0,0.0,0.0,-0.0,-0.0,0.0,1.0,False,1.0,-0.5657980364905775,1.0,chem
CPC003 PC3 6H-nsc 3852-10.0,nsc 3852,PC3,6H,10.0,31,16,0,0,1.0,1.0,0.0,0.0,-0.0,-0.0,0.0,1.0,False,1.0,-0.5657980364905775,1.0,chem
CPC003 PC3 6H-penfluridol-10.0,penfluridol,PC3,6H,10.0,46,19,0,0,1.0,1.0,0.0,0.0,-0.0,-0.0,0.0,1.0,False,1.0,-0.5657980364905775,1.0,chem
CPC003 PC3 6H-cccp-10.0,cccp,PC3,6H,10.0,48,26,0,0,1.0,1.0,0.0,0.0,-0.0,1.1551358284942217,-1.1551358284942217,1.0,False,1.0,-0.5657980364905775,1.0,chem
"CPC003 PC3 6H-tyrphostin b44, (+) enantiomer-10.0","tyrphostin b44, (+) enantiomer",PC3,6H,10.0,31,18,0,0,1.0,1.0,0.0,0.0,-0.0,-0.0,0.0,1.0,False,1.0,-0.5657980364905775,1.0,chem
CPC003 PC3 6H-jtc 801-10.0,jtc 801,PC3,6H,10.0,170,69,0,1,1.0,0.38097828769729564,0.0,2.188304907761921,0.4190997744607264,1.0564168993133958,-0.6373171248526694,0.7486272473355619,True,1.0,0.2898740467984653,0.2865711429523492,chem
CPC003 PC3 6H-estradiol-10.0,estradiol,PC3,6H,10.0,22,20,0,0,1.0,1.0,0.0,0.0,-0.0,-0.0,0.0,1.0,False,1.0,-0.5657980364905775,1.0,chem
CPC003 PC3 6H-rg-14620-10.0,rg-14620,PC3,6H,10.0,22,13,0,0,1.0,1.0,0.0,0.0,-0.0,-0.0,0.0,1.0,False,1.0,-0.5657980364905775,1.0,chem
CPC003 PC3 6H-scriptaid-10.0,scriptaid,PC3,6H,10.0,118,63,0,1,1.0,0.2821882079010582,0.0,3.1870286576168927,0.5494611385281714,-0.0,0.5494611385281714,0.6392073745113322,True,1.0,0.5560316225583753,0.24025324891702765,chem
CPC003 PC3 6H-flavokawain b-10.0,flavokawain b,PC3,6H,10.0,33,14,0,0,1.0,1.0,0.0,0.0,-0.0,-0.0,0.0,1.0,False,1.0,-0.5657980364905775,1.0,chem
CPC003 PC3 6H-devazepide-10.0,devazepide,PC3,6H,10.0,29,38,0,0,1.0,1.0,0.0,0.0,-0.0,0.9971029338905002,-0.9971029338905002,1.0,False,1.0,-0.5657980364905775,1.0,chem
CPC003 PC3 6H-cgp 71683 hydrochloride-10.0,cgp 71683 hydrochloride,PC3,6H,10.0,51,20,0,0,1.0,1.0,0.0,0.0,-0.0,0.7300406268108973,-0.7300406268108973,1.0,False,1.0,-0.5657980364905775,1.0,chem
CPC003 PC3 6H-strophantine octahydrate-10.0,strophantine octahydrate,PC3,6H,10.0,126,67,2,1,0.029227927909602328,0.29829928128118294,8.183333333333334,2.9792941176470586,2.0595497655293293,0.39716813662104594,1.6623816289082833,0.050065118608214165,True,1.0,3.6391654254334154,0.009330223258913695,chem
CPC003 PC3 6H-puromycin dihydrochloride-10.0,puromycin dihydrochloride,PC3,6H,10.0,138,88,1,0,0.29989937221524765,1.0,2.924597701149425,0.0,0.5230244433559751,0.36700036726229496,0.15602407609368013,0.6610706713031071,True,1.0,0.5020560696906169,0.2502499166944352,chem
CPC003 PC3 6H-way 170523-10.0,way 170523,PC3,6H,10.0,24,16,0,0,1.0,1.0,0.0,0.0,-0.0,-0.0,0.0,1.0,False,1.0,-0.5657980364905775,1.0,chem
CPC003 PC3 6H-hinokitiol-10.0,hinokitiol,PC3,6H,10.0,78,24,0,0,1.0,1.0,0.0,0.0,-0.0,-0.0,0.0,1.0,False,1.0,-0.5657980364905775,1.0,chem
CPC003 PC3 6H-BRD-K37865504-10.0,brd-k37865504,PC3,6H,10.0,33,26,0,0,1.0,1.0,0.0,0.0,-0.0,-0.0,0.0,1.0,False,1.0,-0.5657980364905775,1.0,chem
CPC003 PC3 6H-malonoben-10.0,malonoben,PC3,6H,10.0,82,17,1,0,0.06620224971861792,1.0,16.08,0.0,1.1791272518929243,-0.0,1.1791272518929243,0.2459440609379295,True,1.0,1.8416150273516945,0.0639786737754082,chem
CPC003 PC3 6H-sch 442416-10.0,sch 442416,PC3,6H,10.0,20,8,0,0,1.0,1.0,0.0,0.0,-0.0,-0.0,0.0,1.0,False,1.0,-0.5657980364905775,1.0,chem
CPC003 PC3 6H-nizatidine-10.0,nizatidine,PC3,6H,10.0,40,26,0,0,1.0,1.0,0.0,0.0,-0.0,-0.0,0.0,1.0,False,1.0,-0.5657980364905775,1.0,chem
CPC003 PC3 6H-podofilox-10.0,podofilox,PC3,6H,10.0,19,12,0,0,1.0,1.0,0.0,0.0,-0.0,-0.0,0.0,1.0,False,1.0,-0.5657980364905775,1.0,chem
CPC003 PC3 6H-prunetin-10.0,prunetin,PC3,6H,10.0,18,10,0,0,1.0,1.0,0.0,0.0,-0.0,-0.0,0.0,1.0,False,1.0,-0.5657980364905775,1.0,chem
CPC003 PC3 6H-quinidine gluconate-10.0,quinidine gluconate,PC3,6H,10.0,8,23,0,0,1.0,1.0,0.0,0.0,-0.0,-0.0,0.0,1.0,False,1.0,-0.5657980364905775,1.0,chem
CPC003 PC3 6H-flumethasone-10.0,flumethasone,PC3,6H,10.0,10,15,0,0,1.0,1.0,0.0,0.0,-0.0,1.3877808051210436,-1.3877808051210436,1.0,False,1.0,-0.5657980364905775,1.0,chem
CPC003 PC3 6H-bufalin-10.0,bufalin,PC3,6H,10.0,104,51,0,0,1.0,1.0,0.0,0.0,-0.0,0.8766267776019061,-0.8766267776019061,1.0,False,1.0,-0.5657980364905775,1.0,chem
CPC003 PC3 6H-gp 1a-10.0,gp 1a,PC3,6H,10.0,26,9,0,0,1.0,1.0,0.0,0.0,-0.0,-0.0,0.0,1.0,False,1.0,-0.5657980364905775,1.0,chem
CPC003 PC3 6H-nsc 95397-10.0,nsc 95397,PC3,6H,10.0,40,12,1,0,0.04718160969317025,1.0,23.407272727272726,0.0,1.3262272463894653,-0.0,1.3262272463894653,0.19126250160175143,True,1.0,2.141947708047177,0.05031656114628457,chem
CPC003 PC3 6H-cefixime-10.0,cefixime,PC3,6H,10.0,43,41,0,1,1.0,0.1131791192962548,0.0,8.983193277310924,0.946233689851697,-0.0,0.946233689851697,0.3597719270071249,True,1.0,1.3661184235349881,0.09763412195934688,chem
CPC003 PC3 6H-fluvoxamine maleate-10.0,fluvoxamine maleate,PC3,6H,10.0,23,29,0,0,1.0,1.0,0.0,0.0,-0.0,-0.0,0.0,1.0,False,1.0,-0.5657980364905775,1.0,chem
CPC003 PC3 6H-ssr 69071-10.0,ssr 69071,PC3,6H,10.0,67,33,0,0,1.0,1.0,0.0,0.0,-0.0,0.6245429220468399,-0.6245429220468399,1.0,False,1.0,-0.5657980364905775,1.0,chem
"CPC003 PC3 6H-ici-199,441 hydrochloride-10.0","ici-199,441 hydrochloride",PC3,6H,10.0,33,13,0,0,1.0,1.0,0.0,0.0,-0.0,0.9043215844992204,-0.9043215844992204,1.0,False,1.0,-0.5657980364905775,1.0,chem
CPC003 PC3 6H-nnc 55-0396 dihydrochloride-10.0,nnc 55-0396 dihydrochloride,PC3,6H,10.0,42,18,0,0,1.0,1.0,0.0,0.0,-0.0,2.1172955775635867,-2.1172955775635867,1.0,False,1.0,-0.5657980364905775,1.0,chem
CPC003 PC3 6H-vorinostat-10.0,vorinostat,PC3,6H,10.0,148,81,0,0,1.0,1.0,0.0,0.0,-0.0,-0.0,0.0,1.0,False,1.0,-0.5657980364905775,1.0,chem
CPC003 PC3 6H-doxorubicin hydrochloride-10.0,doxorubicin hydrochloride,PC3,6H,10.0,35,59,0,0,1.0,1.0,0.0,0.0,-0.0,-0.0,0.0,1.0,False,1.0,-0.5657980364905775,1.0,chem
CPC003 VCAP 24H-sulpiride-10.0,sulpiride,VCAP,24H,10.0,146,66,1,0,0.23428022674110408,1.0,3.928,0.0,0.6302643643249608,-0.0,0.6302643643249608,0.5742764374546072,True,1.0,0.7210068116836391,0.21059646784405198,chem
CPC003 VCAP 24H-bucladesine-10.0,bucladesine,VCAP,24H,10.0,131,70,1,0,0.24663508299031428,1.0,3.6979710144927536,0.0,0.6079451464532162,0.38416774042990404,0.22377740602331214,0.5918860771819702,True,1.0,0.6754378736466958,0.21992669110296567,chem
CPC003 VCAP 24H-geldanamycin-10.0,geldanamycin,VCAP,24H,10.0,115,127,1,1,0.40316610512282164,0.27605697904530124,2.006984126984127,3.2724458204334366,0.9535172558313412,1.3224191956995353,-0.3689019398681941,0.35565505777305884,True,1.0,1.3809892119614309,0.09630123292235922,chem
CPC003 VCAP 24H-securinine-10.0,securinine,VCAP,24H,10.0,58,77,1,1,0.2677962916415009,0.14972984990012858,3.353684210526316,6.603715170278638,1.396887052036976,1.3921153783877962,0.004771673649179853,0.16906746341775103,True,1.0,2.286213171279656,0.044318560479840056,chem
CPC003 VCAP 24H-suloctidil-10.0,suloctidil,VCAP,24H,10.0,86,53,1,0,0.19276698939407128,1.0,4.92,0.0,0.7149673353265971,-0.0,0.7149673353265971,0.5101141040569566,True,1.0,0.8939440740598883,0.1732755748083972,chem
CPC003 VCAP 24H-remacemide hydrochloride-10.0,remacemide hydrochloride,VCAP,24H,10.0,122,55,0,1,1.0,0.2902869203869858,0.0,3.079727758872144,0.5371725319662184,-0.0,0.5371725319662184,0.6493385927397808,True,1.0,0.5309420896634559,0.24425191602799068,chem
CPC003 VCAP 24H-biperiden hydrochloride-10.0,biperiden hydrochloride,VCAP,24H,10.0,157,81,0,0,1.0,1.0,0.0,0.0,-0.0,0.3256282905325813,-0.3256282905325813,1.0,False,1.0,-0.5657980364905775,1.0,chem
CPC003 VCAP 24H-cyclopenthiazide-10.0,cyclopenthiazide,VCAP,24H,10.0,81,71,3,1,0.002742758765913765,0.20302281257608581,12.237851662404092,4.688235294117647,3.254267548275295,1.2975359063945286,1.9567316418807663,0.004729391121871064,True,1.0,6.078409530062501,0.0006664445184938354,chem
CPC003 VCAP 24H-ivermectin-10.0,ivermectin,VCAP,24H,10.0,104,48,2,0,0.015621249384237184,1.0,11.597826086956522,0.0,1.8062842342883687,0.46320220766619413,1.3430820266221746,0.08059194935486293,True,1.0,3.1220755629511183,0.016994335221592802,chem
CPC003 VCAP 24H-testosterone propionate-10.0,testosterone propionate,VCAP,24H,10.0,75,168,2,0,0.1453058984883553,1.0,3.1536144578313254,0.0,0.8377167557711481,0.4231648313344321,0.414551924436716,0.42558849692853906,True,1.0,1.1445604158354532,0.1279573475508164,chem
CPC003 VCAP 24H-vinblastine sulfate-10.0,vinblastine sulfate,VCAP,24H,10.0,92,36,0,0,1.0,1.0,0.0,0.0,-0.0,-0.0,0.0,1.0,False,1.0,-0.5657980364905775,1.0,chem
CPC003 VCAP 24H-ritodrine hydrochloride-10.0,ritodrine hydrochloride,VCAP,24H,10.0,138,103,0,0,1.0,1.0,0.0,0.0,-0.0,0.6002675799955542,-0.6002675799955542,1.0,False,1.0,-0.5657980364905775,1.0,chem
CPC003 VCAP 24H-wortmannin-10.0,wortmannin,VCAP,24H,10.0,152,108,1,2,0.3548338625048991,0.0655490855673042,2.370467289719626,5.255,1.6334083037636273,0.9083117884817971,0.7250965152818303,0.1107376996739027,True,1.0,2.769116395142023,0.024991669443518827,chem
CPC003 VCAP 24H-metaxalone-10.0,metaxalone,VCAP,24H,10.0,126,57,0,1,1.0,0.29829928128118294,0.0,2.9792941176470586,0.5253477930207476,-0.0,0.5253477930207476,0.6591393923366471,True,1.0,0.506799630935485,0.24891702765744753,chem
"CPC003 VCAP 24H-androsta-1,4-dien-3,17-dione-10.0","androsta-1,4-dien-3,17-dione",VCAP,24H,10.0,94,143,2,0,0.11165141754653746,1.0,3.7275413711583925,0.0,0.9521357586764577,-0.0,0.9521357586764577,0.35643303827331546,True,1.0,1.378168622162503,0.09630123292235922,chem
CPC003 VCAP 24H-hexylcaine hydrochloride-10.0,hexylcaine hydrochloride,VCAP,24H,10.0,115,66,0,0,1.0,1.0,0.0,0.0,-0.0,-0.0,0.0,1.0,False,1.0,-0.5657980364905775,1.0,chem
CPC003 VCAP 24H-ketoprofen-10.0,ketoprofen,VCAP,24H,10.0,140,67,1,0,0.2373870797537027,1.0,3.8678787878787877,0.0,0.6245429220468399,-0.0,0.6245429220468399,0.5787647085824554,True,1.0,0.7093253965842462,0.2125958013995335,chem
CPC003 VCAP 24H-ppt-10.0,ppt,VCAP,24H,10.0,102,62,0,0,1.0,1.0,0.0,0.0,-0.0,0.4700509525702869,-0.4700509525702869,1.0,False,1.0,-0.5657980364905775,1.0,chem
CPC003 VCAP 24H-boldine-10.0,boldine,VCAP,24H,10.0,125,46,0,0,1.0,1.0,0.0,0.0,-0.0,-0.0,0.0,1.0,False,1.0,-0.5657980364905775,1.0,chem
CPC003 VCAP 24H-ethisterone-10.0,ethisterone,VCAP,24H,10.0,77,132,1,0,0.4152945748001319,1.0,1.9288549618320612,0.0,0.38164374225818243,2.267345526535207,-1.8857017842770247,0.7802418220496398,True,1.0,0.21340041674764393,0.29656781072975674,chem
CPC003 VCAP 24H-am580-10.0,am580,VCAP,24H,10.0,152,90,1,1,0.3055889997807604,0.34833392152437254,2.857977528089888,2.456174522789248,0.9728665139461441,0.3358462859876148,0.6370202279585293,0.3448998166162955,True,1.0,1.4204944109859232,0.09130289903365545,chem
CPC003 VCAP 24H-sericetin dimethyl ether-10.0,sericetin dimethyl ether,VCAP,24H,10.0,99,117,0,0,1.0,1.0,0.0,0.0,-0.0,1.0332452133367804,-1.0332452133367804,1.0,False,1.0,-0.5657980364905775,1.0,chem
CPC003 VCAP 24H-lasalocid sodium salt-10.0,lasalocid sodium salt,VCAP,24H,10.0,123,86,2,0,0.04612985505217835,1.0,6.313492063492063,0.0,1.3360179100164462,1.0745025383456799,0.26151537167076633,0.1880388939745342,True,1.0,2.161937214253093,0.048983672109296904,chem
CPC003 VCAP 24H-tiotidine-10.0,tiotidine,VCAP,24H,10.0,117,47,0,0,1.0,1.0,0.0,0.0,-0.0,0.42230211653195693,-0.42230211653195693,1.0,False,1.0,-0.5657980364905775,1.0,chem
CPC003 VCAP 24H-phenformin hydrochloride-10.0,phenformin hydrochloride,VCAP,24H,10.0,129,52,0,1,1.0,0.3042524056415525,0.0,2.9080882352941178,0.5167659792352142,0.38929061718825575,0.12747536204695842,0.666281625186304,True,1.0,0.48927822212605554,0.2535821392869044,chem
CPC003 VCAP 24H-glipizide-10.0,glipizide,VCAP,24H,10.0,151,77,1,2,0.2677962916415009,0.06479175683912781,3.353684210526316,5.291107382550336,1.7606756851840555,-0.0,1.7606756851840555,0.08769374665874757,True,1.0,3.0289570155166925,0.019660113295568143,chem
CPC003 VCAP 24H-nsc 3852-10.0,nsc 3852,VCAP,24H,10.0,207,81,0,3,1.0,0.018440850705187604,0.0,6.129411764705883,1.7342190481388553,0.6924551600214074,1.041763888117448,0.09207861468659942,True,1.0,2.9749407475136422,0.021326224591802733,chem
"CPC003 VCAP 24H-ly-163,502-10.0","ly-163,502",VCAP,24H,10.0,132,52,0,1,1.0,0.3101578079308697,0.0,2.840143691064212,0.5084172814066092,-0.0,0.5084172814066092,0.6732515060690254,True,1.0,0.4722327639820008,0.25558147284238586,chem
CPC003 VCAP 24H-penfluridol-10.0,penfluridol,VCAP,24H,10.0,198,71,1,0,0.24969371631983528,1.0,3.6445714285714286,0.0,0.6025923867714367,1.0000012779722696,-0.3974088912008329,0.5961488032452054,True,1.0,0.6645091943503459,0.22092635788070644,chem
CPC003 VCAP 24H-cccp-10.0,cccp,VCAP,24H,10.0,119,42,0,1,1.0,0.28422102921285514,0.0,3.159521435692921,0.5463437922311117,-0.0,0.5463437922311117,0.6417719569876486,True,1.0,0.5496669658277181,0.24191936021326224,chem
CPC003 VCAP 24H-diflorasone diacetate-10.0,diflorasone diacetate,VCAP,24H,10.0,136,63,0,1,1.0,0.3179580655546405,0.0,2.754248366013072,0.49763015391217813,0.37178853246535365,0.12584162144682448,0.6822857917697349,True,1.0,0.450208786833024,0.25891369543485504,chem
CPC003 VCAP 24H-gamma-linolenic acid (18:3 n-6)-10.0,gamma-linolenic acid (18:3 n-6),VCAP,24H,10.0,125,73,0,1,1.0,0.296304238959758,0.0,3.0037950664136623,0.5282621354127488,-0.0,0.5282621354127488,0.6567193870380168,True,1.0,0.5127498164949736,0.2465844718427191,chem
CPC003 VCAP 24H-bifemelane hydrochloride-10.0,bifemelane hydrochloride,VCAP,24H,10.0,117,65,1,0,0.23116120526143458,1.0,3.99,0.0,0.6360850498129149,0.42230211653195693,0.213782933280958,0.5697291422040203,True,1.0,0.7328908507148143,0.20826391202932357,chem
CPC003 VCAP 24H-estradiol-10.0,estradiol,VCAP,24H,10.0,134,106,3,0,0.008436319301486686,1.0,8.035035880118194,0.0,2.073846991254806,-0.0,2.073846991254806,0.04872150856748922,True,1.0,3.6683559372572736,0.009330223258913695,chem
CPC003 VCAP 24H-fenretinide-10.0,fenretinide,VCAP,24H,10.0,163,58,1,0,0.20898347431718034,1.0,4.484912280701755,0.0,0.6798880550210863,-0.0,0.6798880550210863,0.5361471243418872,True,1.0,0.8223230360912566,0.1879373542152616,chem
CPC003 VCAP 24H-fr 122047 hydrochloride-10.0,fr 122047 hydrochloride,VCAP,24H,10.0,157,62,0,1,1.0,0.3575612661665429,0.0,2.3755656108597285,0.44664953350374814,0.3256282905325813,0.12102124297116684,0.7252946346229107,True,1.0,0.3461221317438382,0.2769076974341886,chem
CPC003 VCAP 24H-fluprostenol-10.0,fluprostenol,VCAP,24H,10.0,75,44,2,1,0.013230011659788397,0.18943292832608577,12.71031746031746,5.073131955484897,2.6009843002574558,-0.0,2.6009843002574558,0.017515799870967748,True,1.0,4.7446072426989705,0.003332222592469177,chem
CPC003 VCAP 24H-cgp 71683 hydrochloride-10.0,cgp 71683 hydrochloride,VCAP,24H,10.0,115,83,1,0,0.28547851525436874,1.0,3.1053658536585367,0.0,0.544426570632047,0.4282180726280322,0.11620849800401484,0.643351100620738,True,1.0,0.5457525924499005,0.24225258247250916,chem
CPC003 VCAP 24H-bml-257-10.0,bml-257,VCAP,24H,10.0,159,45,0,0,1.0,1.0,0.0,0.0,-0.0,0.32166268220126415,-0.32166268220126415,1.0,False,1.0,-0.5657980364905775,1.0,chem
CPC003 VCAP 24H-puromycin dihydrochloride-10.0,puromycin dihydrochloride,VCAP,24H,10.0,116,178,1,0,0.5163016537075559,1.0,1.4171751412429379,0.0,0.28709648391091014,1.4894173928333565,-1.2023209089224465,0.8576101335372596,True,1.0,0.02036416512145975,0.3078973675441519,chem
CPC003 VCAP 24H-way 170523-10.0,way 170523,VCAP,24H,10.0,94,66,1,1,0.23428022674110408,0.2317329444964863,3.928,4.024667931688804,1.2652765843288638,0.4991666218731878,0.766109962455676,0.21246061454838494,True,1.0,2.017505312318499,0.055314895034988334,chem
CPC003 VCAP 24H-hinokitiol-10.0,hinokitiol,VCAP,24H,10.0,127,88,0,1,1.0,0.30028898086167083,0.0,2.955182072829132,0.5224606039940718,1.6149434023535882,-1.0924827983595164,0.6615396272576413,True,1.0,0.5009048841476016,0.25091636121292904,chem
CPC003 VCAP 24H-BRD-K37865504-10.0,brd-k37865504,VCAP,24H,10.0,100,77,0,0,1.0,1.0,0.0,0.0,-0.0,0.7122273233667098,-0.7122273233667098,1.0,False,1.0,-0.5657980364905775,1.0,chem
CPC003 VCAP 24H-n-(4-bromobenzyl)-5-methoxytryptamine-10.0,n-(4-bromobenzyl)-5-methoxytryptamine,VCAP,24H,10.0,85,51,1,1,0.18619129527236197,0.21196287520080873,5.1184,4.46218487394958,1.4037808248788877,-0.0,1.4037808248788877,0.16703141663074866,True,1.0,2.3002881227084657,0.043652115961346216,chem
CPC003 VCAP 24H-malonoben-10.0,malonoben,VCAP,24H,10.0,130,136,1,0,0.4248263708959662,1.0,1.8705185185185185,0.0,0.37178853246535365,0.8843467223268813,-0.5125581898615277,0.7885094927625227,True,1.0,0.19327912723959956,0.2972342552482506,chem
CPC003 VCAP 24H-n- (2-aminoethyl)-4-chlorobenzamide (ro-16-6491)-10.0,n- (2-aminoethyl)-4-chlorobenzamide (ro-16-6491),VCAP,24H,10.0,83,64,1,1,0.228029969568577,0.2075047499425856,4.053968253968254,4.572453371592539,1.3249800282110082,-0.0,1.3249800282110082,0.1916766766302246,True,1.0,2.13940127437646,0.05064978340553149,chem
CPC003 VCAP 24H-sch 442416-10.0,sch 442416,VCAP,24H,10.0,132,56,0,0,1.0,1.0,0.0,0.0,-0.0,-0.0,0.0,1.0,False,1.0,-0.5657980364905775,1.0,chem
CPC003 VCAP 24H-nizatidine-10.0,nizatidine,VCAP,24H,10.0,132,75,1,0,0.26180927464089154,1.0,3.4454054054054053,0.0,0.5820149725522035,-0.0,0.5820149725522035,0.612670094069806,True,1.0,0.6224964805130999,0.22925691436187937,chem
CPC003 VCAP 24H-podofilox-10.0,podofilox,VCAP,24H,10.0,94,63,0,0,1.0,1.0,0.0,0.0,-0.0,-0.0,0.0,1.0,False,1.0,-0.5657980364905775,1.0,chem
CPC003 VCAP 24H-ethyl-beta-carboline-3-carboxylate-10.0,ethyl-beta-carboline-3-carboxylate,VCAP,24H,10.0,141,67,1,1,0.2373870797537027,0.32759127185285464,3.8678787878787877,2.653781512605042,1.1092105998883708,0.35998476920329353,0.7492258306850772,0.27638416200942023,True,1.0,1.6988668539499987,0.07264245251582806,chem
CPC003 VCAP 24H-prunetin-10.0,prunetin,VCAP,24H,10.0,71,65,0,0,1.0,1.0,0.0,0.0,-0.0,-0.0,0.0,1.0,False,1.0,-0.5657980364905775,1.0,chem
CPC003 VCAP 24H-sb 366791-10.0,sb 366791,VCAP,24H,10.0,102,75,0,0,1.0,1.0,0.0,0.0,-0.0,0.4700509525702869,-0.4700509525702869,1.0,False,1.0,-0.5657980364905775,1.0,chem
CPC003 VCAP 24H-leoidin dimethyl ether-10.0,leoidin dimethyl ether,VCAP,24H,10.0,134,90,1,1,0.3055889997807604,0.3140684085210231,2.857977528089888,2.796550199026979,1.0178380291875841,-0.0,1.0178380291875841,0.32091048601040606,True,1.0,1.5123123323504073,0.08597134288570477,chem
CPC003 VCAP 24H-cct 018159-10.0,cct 018159,VCAP,24H,10.0,120,83,1,0,0.28547851525436874,1.0,3.1053658536585367,0.0,0.544426570632047,0.41366125776844614,0.13076531286360088,0.643351100620738,True,1.0,0.5457525924499005,0.24225258247250916,chem
CPC003 VCAP 24H-tc 2559 difumarate-10.0,tc 2559 difumarate,VCAP,24H,10.0,166,78,0,1,1.0,0.37386032763427823,0.0,2.2427807486631015,0.42729061776539096,0.30829808976274736,0.1189925280026436,0.7416914123230521,True,1.0,0.3065972148398101,0.28390536487837387,chem
CPC003 VCAP 24H-solanine alpha-10.0,solanine alpha,VCAP,24H,10.0,75,46,0,1,1.0,0.18943292832608577,0.0,5.073131955484897,0.7225445271947321,-0.0,0.7225445271947321,0.5045963285900031,True,1.0,0.9094143557121048,0.16794401866044653,chem
CPC003 VCAP 24H-enrofloxacin-10.0,enrofloxacin,VCAP,24H,10.0,141,83,1,1,0.28547851525436874,0.32759127185285464,3.1053658536585367,2.653781512605042,1.0290942484735779,0.35998476920329353,0.6691094792702843,0.31512375757575073,True,1.0,1.5352940498156529,0.08330556481172942,chem
CPC003 VCAP 24H-nnc 55-0396 dihydrochloride-10.0,nnc 55-0396 dihydrochloride,VCAP,24H,10.0,68,76,1,1,0.2648086431139869,0.17330148124690362,3.3989333333333334,5.6093064091308165,1.3382655692801144,0.6189177682174618,0.7193478010626526,0.187305735721169,True,1.0,2.1665262391151123,0.048983672109296904,chem
CPC003 VCAP 24H-nonoxynol-9-10.0,nonoxynol-9,VCAP,24H,10.0,116,46,1,0,0.16952594816869557,1.0,5.6915555555555555,0.0,0.7707638179093317,0.42524419447775813,0.34551962343157355,0.47039200217099253,True,1.0,1.0078632298341974,0.15128290569810063,chem
CPC003 VCAP 24H-mycophenolate mofetil-10.0,mycophenolate mofetil,VCAP,24H,10.0,66,70,0,0,1.0,1.0,0.0,0.0,-0.0,0.7497236325315533,-0.7497236325315533,1.0,False,1.0,-0.5657980364905775,1.0,chem
CPC003 VCAP 6H-sulpiride-10.0,sulpiride,VCAP,6H,10.0,13,15,0,0,1.0,1.0,0.0,0.0,-0.0,-0.0,0.0,1.0,False,1.0,-0.5657980364905775,1.0,chem
CPC003 VCAP 6H-trichostatin a-10.0,trichostatin a,VCAP,6H,10.0,97,68,0,1,1.0,0.23821820348784972,0.0,3.8970588235294117,0.6230250548924519,-0.0,0.6230250548924519,0.5799584638153148,True,1.0,0.7062263814348765,0.21392869043652116,chem
CPC003 VCAP 6H-geldanamycin-10.0,geldanamycin,VCAP,6H,10.0,46,18,0,0,1.0,1.0,0.0,0.0,-0.0,0.7707638179093317,-0.7707638179093317,1.0,False,1.0,-0.5657980364905775,1.0,chem
CPC003 VCAP 6H-formestane-10.0,formestane,VCAP,6H,10.0,19,9,1,0,0.03559099429660333,1.0,32.2,0.0,1.448659879051609,-0.0,1.448659879051609,0.15431054437490663,True,1.0,2.391917267175144,0.039320226591136286,chem
CPC003 VCAP 6H-suloctidil-10.0,suloctidil,VCAP,6H,10.0,59,24,1,0,0.09221882730677011,1.0,11.173913043478262,0.0,1.0351804047520146,1.8620428610785345,-0.8268624563265199,0.31203079120467847,True,1.0,1.5477200980727621,0.08297234255248251,chem
"CPC003 VCAP 6H-l-803,087 trifluoroacetate-10.0","l-803,087 trifluoroacetate",VCAP,6H,10.0,20,16,0,1,1.0,0.05424003732232214,0.0,19.928792569659443,1.2656800203048393,-0.0,1.2656800203048393,0.21231372787118172,True,1.0,2.018329003771163,0.055314895034988334,chem
CPC003 VCAP 6H-testosterone propionate-10.0,testosterone propionate,VCAP,6H,10.0,21,23,0,0,1.0,1.0,0.0,0.0,-0.0,-0.0,0.0,1.0,False,1.0,-0.5657980364905775,1.0,chem
CPC003 VCAP 6H-daunorubicin hydrochloride-10.0,daunorubicin hydrochloride,VCAP,6H,10.0,41,53,0,0,1.0,1.0,0.0,0.0,-0.0,-0.0,0.0,1.0,False,1.0,-0.5657980364905775,1.0,chem
CPC003 VCAP 6H-flurandrenolide-10.0,flurandrenolide,VCAP,6H,10.0,13,8,0,0,1.0,1.0,0.0,0.0,-0.0,-0.0,0.0,1.0,False,1.0,-0.5657980364905775,1.0,chem
CPC003 VCAP 6H-ethisterone-10.0,ethisterone,VCAP,6H,10.0,20,16,0,0,1.0,1.0,0.0,0.0,-0.0,-0.0,0.0,1.0,False,1.0,-0.5657980364905775,1.0,chem
CPC003 VCAP 6H-hoechst  33342 (cell permeable) (bisbenzimide)-10.0,hoechst  33342 (cell permeable) (bisbenzimide),VCAP,6H,10.0,32,16,0,0,1.0,1.0,0.0,0.0,-0.0,0.9168602948684945,-0.9168602948684945,1.0,False,1.0,-0.5657980364905775,1.0,chem
CPC003 VCAP 6H-diflorasone diacetate-10.0,diflorasone diacetate,VCAP,6H,10.0,10,10,0,0,1.0,1.0,0.0,0.0,-0.0,-0.0,0.0,1.0,False,1.0,-0.5657980364905775,1.0,chem
CPC003 VCAP 6H-jtc 801-10.0,jtc 801,VCAP,6H,10.0,14,2,0,1,1.0,0.038266975719416334,0.0,29.153846153846153,1.4171758591830963,-0.0,1.4171758591830963,0.16313854663102556,True,1.0,2.327636638759468,0.04165278240586471,chem
CPC003 VCAP 6H-estradiol-10.0,estradiol,VCAP,6H,10.0,23,26,0,0,1.0,1.0,0.0,0.0,-0.0,-0.0,0.0,1.0,False,1.0,-0.5657980364905775,1.0,chem
CPC003 VCAP 6H-scriptaid-10.0,scriptaid,VCAP,6H,10.0,30,23,0,0,1.0,1.0,0.0,0.0,-0.0,-0.0,0.0,1.0,False,1.0,-0.5657980364905775,1.0,chem
CPC003 VCAP 6H-flavokawain b-10.0,flavokawain b,VCAP,6H,10.0,24,28,0,0,1.0,1.0,0.0,0.0,-0.0,1.0351804047520146,-1.0351804047520146,1.0,False,1.0,-0.5657980364905775,1.0,chem
CPC003 VCAP 6H-cgp 71683 hydrochloride-10.0,cgp 71683 hydrochloride,VCAP,6H,10.0,28,9,0,0,1.0,1.0,0.0,0.0,-0.0,-0.0,0.0,1.0,False,1.0,-0.5657980364905775,1.0,chem
CPC003 VCAP 6H-glimepiride-10.0,glimepiride,VCAP,6H,10.0,18,30,0,0,1.0,1.0,0.0,0.0,-0.0,1.1551358284942217,-1.1551358284942217,1.0,False,1.0,-0.5657980364905775,1.0,chem
CPC003 VCAP 6H-puromycin dihydrochloride-10.0,puromycin dihydrochloride,VCAP,6H,10.0,19,11,1,0,0.04333303455755154,1.0,25.752,0.0,1.3631808968079184,-0.0,1.3631808968079184,0.17934849727008692,True,1.0,2.2173956299158526,0.04798400533155615,chem
CPC003 VCAP 6H-amitriptyline hydrochloride-10.0,amitriptyline hydrochloride,VCAP,6H,10.0,19,10,0,0,1.0,1.0,0.0,0.0,-0.0,1.1324864338492995,-1.1324864338492995,1.0,False,1.0,-0.5657980364905775,1.0,chem
CPC003 VCAP 6H-bufalin-10.0,bufalin,VCAP,6H,10.0,7,19,0,0,1.0,1.0,0.0,0.0,-0.0,-0.0,0.0,1.0,False,1.0,-0.5657980364905775,1.0,chem
CPC003 VCAP 6H-tc 2559 difumarate-10.0,tc 2559 difumarate,VCAP,6H,10.0,42,21,0,1,1.0,0.11069037968717034,0.0,9.203730272596843,0.9558901228460465,0.8069926680588373,0.14889745478720917,0.3543219362599192,True,1.0,1.3858338723157662,0.09563478840386538,chem
CPC003 VCAP 6H-cefixime-10.0,cefixime,VCAP,6H,10.0,33,22,0,0,1.0,1.0,0.0,0.0,-0.0,2.129742747603617,-2.129742747603617,1.0,False,1.0,-0.5657980364905775,1.0,chem
CPC003 VCAP 6H-fluvoxamine maleate-10.0,fluvoxamine maleate,VCAP,6H,10.0,17,8,0,0,1.0,1.0,0.0,0.0,-0.0,-0.0,0.0,1.0,False,1.0,-0.5657980364905775,1.0,chem
CPC003 VCAP 6H-ssr 69071-10.0,ssr 69071,VCAP,6H,10.0,19,9,0,0,1.0,1.0,0.0,0.0,-0.0,1.606217649567748,-1.606217649567748,1.0,False,1.0,-0.5657980364905775,1.0,chem
CPC003 VCAP 6H-enrofloxacin-10.0,enrofloxacin,VCAP,6H,10.0,22,12,0,0,1.0,1.0,0.0,0.0,-0.0,-0.0,0.0,1.0,False,1.0,-0.5657980364905775,1.0,chem
CPC003 VCAP 6H-vorinostat-10.0,vorinostat,VCAP,6H,10.0,108,48,0,1,1.0,0.2615578735834134,0.0,3.490379329301814,0.5824322020278224,0.44997494127189797,0.13245726075592446,0.6123330609661516,True,1.0,0.6233483340247651,0.22825724758413862,chem
CPC003 VCAP 6H-doxorubicin hydrochloride-10.0,doxorubicin hydrochloride,VCAP,6H,10.0,26,30,0,0,1.0,1.0,0.0,0.0,-0.0,2.3232229827453086,-2.3232229827453086,1.0,False,1.0,-0.5657980364905775,1.0,chem
CPC004 A375 6H-sb 218078-10.0,sb 218078,A375,6H,10.0,56,114,1,0,0.370489313087226,1.0,2.2424778761061948,0.0,0.43122431490242713,1.4074071268109056,-0.9761828119084786,0.7383595183787144,True,1.0,0.31462860743267657,0.28323892035988,chem
CPC004 A375 6H-wortmannin-10.0,wortmannin,A375,6H,10.0,40,56,1,0,0.20253482817430737,1.0,4.649454545454545,0.0,0.6935002841365968,-0.0,0.6935002841365968,0.5259512351037625,True,1.0,0.8501149967537601,0.1809396867710763,chem
CPC004 A375 6H-trichostatin a-10.0,trichostatin a,A375,6H,10.0,177,140,0,0,1.0,1.0,0.0,0.0,-0.0,0.8015704442847739,-0.8015704442847739,1.0,False,1.0,-0.5657980364905775,1.0,chem
CPC004 A375 6H-geldanamycin-10.0,geldanamycin,A375,6H,10.0,78,49,0,0,1.0,1.0,0.0,0.0,-0.0,0.5673958234598213,-0.5673958234598213,1.0,False,1.0,-0.5657980364905775,1.0,chem
CPC004 A375 6H-emetine-10.0,emetine,A375,6H,10.0,84,80,0,0,1.0,1.0,0.0,0.0,-0.0,-0.0,0.0,1.0,False,1.0,-0.5657980364905775,1.0,chem
CPC004 A375 6H-proscillaridin a-10.0,proscillaridin a,A375,6H,10.0,106,81,1,0,0.27963056333538894,1.0,3.184,0.0,0.5534153623881152,-0.0,0.5534153623881152,0.6359598652064666,True,1.0,0.5641049243691031,0.23858713762079306,chem
CPC004 A375 6H-teniposide-10.0,teniposide,A375,6H,10.0,157,124,1,0,0.3957732960480732,1.0,2.0569105691056913,0.0,0.40255351222717717,0.5312040707159222,-0.12865055848874507,0.7626209927346042,True,1.0,0.2560916982055895,0.291569476841053,chem
CPC004 A375 6H-ouabain-10.0,ouabain,A375,6H,10.0,52,51,0,0,1.0,1.0,0.0,0.0,-0.0,-0.0,0.0,1.0,False,1.0,-0.5657980364905775,1.0,chem
CPC004 A375 6H-mitomycin c-10.0,mitomycin c,A375,6H,10.0,42,45,0,0,1.0,1.0,0.0,0.0,-0.0,2.1716652623634625,-2.1716652623634625,1.0,False,1.0,-0.5657980364905775,1.0,chem
CPC004 A375 6H-doxorubicin-10.0,doxorubicin,A375,6H,10.0,102,141,1,0,0.4365311412085279,1.0,1.8022857142857143,0.0,0.35998476920329353,-0.0,0.35998476920329353,0.7983698673865166,True,1.0,0.1691794943679428,0.2999000333222259,chem
CPC004 A375 6H-selamectin-10.0,selamectin,A375,6H,10.0,48,32,0,0,1.0,1.0,0.0,0.0,-0.0,-0.0,0.0,1.0,False,1.0,-0.5657980364905775,1.0,chem
CPC004 A375 6H-cycloheximide-10.0,cycloheximide,A375,6H,10.0,68,42,0,1,1.0,0.17330148124690362,0.0,5.6093064091308165,0.7611977252571888,-0.0,0.7611977252571888,0.47705089277691626,True,1.0,0.9883322280837725,0.15728090636454514,chem
CPC004 A375 6H-BRD-A68930007 (ouabain)-10.0,brd-a68930007 (ouabain),A375,6H,10.0,76,91,1,0,0.3084171147565907,1.0,2.8257777777777777,0.0,0.5108615299787004,-0.0,0.5108615299787004,0.67120882794089,True,1.0,0.47722316339333115,0.254915028323892,chem
CPC004 A375 6H-BRD-A75409952 (wortmannin)-10.0,brd-a75409952 (wortmannin),A375,6H,10.0,88,63,0,0,1.0,1.0,0.0,0.0,-0.0,0.7915750400061757,-0.7915750400061757,1.0,False,1.0,-0.5657980364905775,1.0,chem
CPC004 A375 6H-sirolimus-10.0,sirolimus,A375,6H,10.0,43,39,1,0,0.14564222006616478,1.0,6.747368421052632,0.0,0.8367127096121924,-0.0,0.8367127096121924,0.42623684344579826,True,1.0,1.142510464198859,0.12862379206931024,chem
CPC004 A375 6H-brazilin-10.0,brazilin,A375,6H,10.0,146,62,0,0,1.0,1.0,0.0,0.0,-0.0,0.7979650974991642,-0.7979650974991642,1.0,False,1.0,-0.5657980364905775,1.0,chem
CPC004 A375 6H-digitoxin-10.0,digitoxin,A375,6H,10.0,104,89,0,0,1.0,1.0,0.0,0.0,-0.0,0.46320220766619413,-0.46320220766619413,1.0,False,1.0,-0.5657980364905775,1.0,chem
CPC004 A375 6H-digoxin-10.0,digoxin,A375,6H,10.0,131,103,1,0,0.34150231484946586,1.0,2.4886274509803923,0.0,0.4666063481378156,-0.0,0.4666063481378156,0.7084126824742096,True,1.0,0.3868677732219774,0.2689103632122626,chem
CPC004 A375 6H-fenoterol hydrobromide-10.0,fenoterol hydrobromide,A375,6H,10.0,39,53,2,0,0.018850934263525777,1.0,10.452614379084967,0.0,1.7246671210317042,-0.0,1.7246671210317042,0.09371162874565261,True,1.0,2.9554386674237207,0.021992669110296566,chem
CPC004 A375 6H-nsc 663284-10.0,nsc 663284,A375,6H,10.0,145,33,0,0,1.0,1.0,0.0,0.0,-0.0,-0.0,0.0,1.0,False,1.0,-0.5657980364905775,1.0,chem
CPC004 A375 6H-epirubicin hydrochloride-10.0,epirubicin hydrochloride,A375,6H,10.0,82,86,0,0,1.0,1.0,0.0,0.0,-0.0,0.5488889053617282,-0.5488889053617282,1.0,False,1.0,-0.5657980364905775,1.0,chem
CPC004 A375 6H-ro 31-8220 mesylate-10.0,ro 31-8220 mesylate,A375,6H,10.0,115,124,2,0,0.08778485438151054,1.0,4.3210382513661205,0.0,1.0565804069404547,1.112869146294843,-0.05628873935438827,0.3013536677800822,True,1.0,1.5914122820605363,0.0789736754415195,chem
CPC004 A375 6H-nocodazole-10.0,nocodazole,A375,6H,10.0,45,68,0,0,1.0,1.0,0.0,0.0,-0.0,0.7611977252571888,-0.7611977252571888,1.0,False,1.0,-0.5657980364905775,1.0,chem
CPC004 A375 6H-chloroxine-10.0,chloroxine,A375,6H,10.0,97,28,0,0,1.0,1.0,0.0,0.0,-0.0,-0.0,0.0,1.0,False,1.0,-0.5657980364905775,1.0,chem
CPC004 A375 6H-piplartine-10.0,piplartine,A375,6H,10.0,104,74,0,0,1.0,1.0,0.0,0.0,-0.0,-0.0,0.0,1.0,False,1.0,-0.5657980364905775,1.0,chem
CPC004 A375 6H-mycophenolic acid-10.0,mycophenolic acid,A375,6H,10.0,42,45,1,1,0.16615372806130616,0.11069037968717034,5.821818181818182,9.203730272596843,1.735380032673451,-0.0,1.735380032673451,0.09188195849042913,True,1.0,2.977311118761544,0.021326224591802733,chem
CPC004 A375 6H-niclosamide-10.0,niclosamide,A375,6H,10.0,93,62,0,0,1.0,1.0,0.0,0.0,-0.0,0.5030148154057824,-0.5030148154057824,1.0,False,1.0,-0.5657980364905775,1.0,chem
CPC004 A375 6H-BRD-K36055864 (cycloheximide)-10.0,brd-k36055864 (cycloheximide),A375,6H,10.0,121,93,0,0,1.0,1.0,0.0,0.0,-0.0,-0.0,0.0,1.0,False,1.0,-0.5657980364905775,1.0,chem
CPC004 A375 6H-ag 957-10.0,ag 957,A375,6H,10.0,46,49,0,0,1.0,1.0,0.0,0.0,-0.0,0.8928783478043839,-0.8928783478043839,1.0,False,1.0,-0.5657980364905775,1.0,chem
CPC004 A375 6H-cgp 57380-10.0,cgp 57380,A375,6H,10.0,48,29,0,0,1.0,1.0,0.0,0.0,-0.0,0.753917469441078,-0.753917469441078,1.0,False,1.0,-0.5657980364905775,1.0,chem
CPC004 A375 6H-daunorubicin-10.0,daunorubicin,A375,6H,10.0,65,106,1,0,0.3495326855479937,1.0,2.4163809523809525,0.0,0.45651220621471916,-0.0,0.45651220621471916,0.7169468344093577,True,1.0,0.3662586582219392,0.2725758080639787,chem
CPC004 A375 6H-na-tosyl-phe chloromethyl ketone-10.0,na-tosyl-phe chloromethyl ketone,A375,6H,10.0,40,48,0,0,1.0,1.0,0.0,0.0,-0.0,-0.0,0.0,1.0,False,1.0,-0.5657980364905775,1.0,chem
CPC004 A375 6H-ch 55-10.0,ch 55,A375,6H,10.0,41,29,0,0,1.0,1.0,0.0,0.0,-0.0,1.109408141910376,-1.109408141910376,1.0,False,1.0,-0.5657980364905775,1.0,chem
CPC004 A375 6H-dorsomorphin dihydrochloride-10.0,dorsomorphin dihydrochloride,A375,6H,10.0,148,98,1,0,0.32790609287527117,1.0,2.6189690721649486,0.0,0.484250513560811,-0.0,0.484250513560811,0.6935305723268488,True,1.0,0.42289170047132446,0.26257914028657114,chem
CPC004 A375 6H-penicillin g potassium-10.0,penicillin g potassium,A375,6H,10.0,42,89,1,0,0.30274976625257977,1.0,2.890909090909091,0.0,0.5189161834954105,0.6559848708780861,-0.13706868738267564,0.6644899213874866,True,1.0,0.493668274020468,0.2525824725091636,chem
CPC004 A375 6H-cilostazol-10.0,cilostazol,A375,6H,10.0,18,62,3,0,0.0018588675970381296,1.0,14.124539425202652,0.0,2.730751542946522,-0.0,2.730751542946522,0.013547032587068956,True,1.0,5.009551806406517,0.003332222592469177,chem
CPC004 A375 6H-menadione-10.0,menadione,A375,6H,10.0,54,13,0,0,1.0,1.0,0.0,0.0,-0.0,-0.0,0.0,1.0,False,1.0,-0.5657980364905775,1.0,chem
CPC004 A375 6H-vorinostat-10.0,vorinostat,A375,6H,10.0,98,48,0,0,1.0,1.0,0.0,0.0,-0.0,-0.0,0.0,1.0,False,1.0,-0.5657980364905775,1.0,chem
CPC004 A375 6H-BRD-K87343924 (wortmannin)-10.0,brd-k87343924 (wortmannin),A375,6H,10.0,82,63,1,0,0.22488647375162832,1.0,4.12,0.0,0.6480366652921943,-0.0,0.6480366652921943,0.5604529766476776,True,1.0,0.7572923520732525,0.20359880039986672,chem
CPC004 A375 6H-pifithrin- ?-10.0,pifithrin- ?,A375,6H,10.0,82,84,0,0,1.0,1.0,0.0,0.0,-0.0,0.6783254004489399,-0.6783254004489399,1.0,False,1.0,-0.5657980364905775,1.0,chem
CPC004 A375 6H-amsacrine-10.0,amsacrine,A375,6H,10.0,128,80,1,1,0.27668935646458487,0.30227335116960996,3.2248101265822786,2.9314497452524315,1.0776076858688792,-0.0,1.0776076858688792,0.2911599878330323,True,1.0,1.6343434804600974,0.07664111962679107,chem
CPC004 HA1E 24H-prednisolone acetate-10.0,prednisolone acetate,HA1E,24H,10.0,63,51,0,0,1.0,1.0,0.0,0.0,-0.0,0.6480366652921943,-0.6480366652921943,1.0,False,1.0,-0.5657980364905775,1.0,chem
CPC004 HA1E 24H-betamethasone-10.0,betamethasone,HA1E,24H,10.0,44,53,0,0,1.0,1.0,0.0,0.0,-0.0,-0.0,0.0,1.0,False,1.0,-0.5657980364905775,1.0,chem
CPC004 HA1E 24H-sb 218078-10.0,sb 218078,HA1E,24H,10.0,102,169,0,0,1.0,1.0,0.0,0.0,-0.0,-0.0,0.0,1.0,False,1.0,-0.5657980364905775,1.0,chem
CPC004 HA1E 24H-dexamethasone-10.0,dexamethasone,HA1E,24H,10.0,20,49,0,0,1.0,1.0,0.0,0.0,-0.0,0.8928783478043839,-0.8928783478043839,1.0,False,1.0,-0.5657980364905775,1.0,chem
CPC004 HA1E 24H-wortmannin-10.0,wortmannin,HA1E,24H,10.0,73,83,0,1,1.0,0.18485454019757608,0.0,5.215686274509804,0.733169878287848,0.5921415650633886,0.1410283132244594,0.49692339298075516,True,1.0,0.9311080354980766,0.16527824058647117,chem
CPC004 HA1E 24H-deacetoxy-7-oxisogedunin-10.0,deacetoxy-7-oxisogedunin,HA1E,24H,10.0,73,72,0,0,1.0,1.0,0.0,0.0,-0.0,0.5921415650633886,-0.5921415650633886,1.0,False,1.0,-0.5657980364905775,1.0,chem
CPC004 HA1E 24H-trichostatin a-10.0,trichostatin a,HA1E,24H,10.0,228,234,2,1,0.2415653563867241,0.47597527442910975,2.2327586206896552,1.6141487431977197,0.9393809561262296,0.6334627590591907,0.30591819706703893,0.36367953701387723,True,1.0,1.3521272612857582,0.09863378873708764,chem
CPC004 HA1E 24H-trimipramine maleate salt-10.0,trimipramine maleate salt,HA1E,24H,10.0,79,47,0,0,1.0,1.0,0.0,0.0,-0.0,-0.0,0.0,1.0,False,1.0,-0.5657980364905775,1.0,chem
CPC004 HA1E 24H-geldanamycin-10.0,geldanamycin,HA1E,24H,10.0,120,213,1,0,0.5816858691374407,1.0,1.1766037735849058,0.0,0.23531148636524882,0.3440721387044173,-0.10876065233916846,0.8968576527266346,True,1.0,-0.08536477923321288,0.311562812395868,chem
CPC004 HA1E 24H-amlodipine besylate-10.0,amlodipine besylate,HA1E,24H,10.0,53,35,0,0,1.0,1.0,0.0,0.0,-0.0,-0.0,0.0,1.0,False,1.0,-0.5657980364905775,1.0,chem
CPC004 HA1E 24H-emetine-10.0,emetine,HA1E,24H,10.0,189,214,0,0,1.0,1.0,0.0,0.0,-0.0,0.26934478330175343,-0.26934478330175343,1.0,False,1.0,-0.5657980364905775,1.0,chem
CPC004 HA1E 24H-clobetasol propionate-10.0,clobetasol propionate,HA1E,24H,10.0,34,43,0,0,1.0,1.0,0.0,0.0,-0.0,-0.0,0.0,1.0,False,1.0,-0.5657980364905775,1.0,chem
CPC004 HA1E 24H-paclitaxel-10.0,paclitaxel,HA1E,24H,10.0,81,83,1,0,0.28547851525436874,1.0,3.1053658536585367,0.0,0.544426570632047,-0.0,0.544426570632047,0.643351100620738,True,1.0,0.5457525924499005,0.24225258247250916,chem
CPC004 HA1E 24H-gitoxigenin-10.0,gitoxigenin,HA1E,24H,10.0,83,81,1,0,0.27963056333538894,1.0,3.184,0.0,0.5534153623881152,-0.0,0.5534153623881152,0.6359598652064666,True,1.0,0.5641049243691031,0.23858713762079306,chem
CPC004 HA1E 24H-mitotane-10.0,mitotane,HA1E,24H,10.0,20,38,0,0,1.0,1.0,0.0,0.0,-0.0,-0.0,0.0,1.0,False,1.0,-0.5657980364905775,1.0,chem
CPC004 HA1E 24H-proscillaridin a-10.0,proscillaridin a,HA1E,24H,10.0,145,203,3,0,0.046494684623670596,1.0,4.074782608695652,0.0,1.3325966937886913,-0.0,1.3325966937886913,0.1891597784483119,True,1.0,2.1549521491316623,0.04965011662779074,chem
CPC004 HA1E 24H-pregnenolone succinate-10.0,pregnenolone succinate,HA1E,24H,10.0,40,52,0,0,1.0,1.0,0.0,0.0,-0.0,-0.0,0.0,1.0,False,1.0,-0.5657980364905775,1.0,chem
CPC004 HA1E 24H-amcinonide-10.0,amcinonide,HA1E,24H,10.0,29,35,0,0,1.0,1.0,0.0,0.0,-0.0,-0.0,0.0,1.0,False,1.0,-0.5657980364905775,1.0,chem
CPC004 HA1E 24H-ketorolac tromethamine-10.0,ketorolac tromethamine,HA1E,24H,10.0,41,51,1,0,0.18619129527236197,1.0,5.1184,0.0,0.7300406268108973,0.8766267776019061,-0.14658615079100878,0.4991752625373401,True,1.0,0.9247190720731665,0.16661112962345884,chem
CPC004 HA1E 24H-ezetimibe-10.0,ezetimibe,HA1E,24H,10.0,36,24,0,0,1.0,1.0,0.0,0.0,-0.0,-0.0,0.0,1.0,False,1.0,-0.5657980364905775,1.0,chem
CPC004 HA1E 24H-mitomycin c-10.0,mitomycin c,HA1E,24H,10.0,200,161,0,0,1.0,1.0,0.0,0.0,-0.0,0.2530082408498584,-0.2530082408498584,1.0,False,1.0,-0.5657980364905775,1.0,chem
CPC004 HA1E 24H-desoxymetasone-10.0,desoxymetasone,HA1E,24H,10.0,40,51,0,0,1.0,1.0,0.0,0.0,-0.0,0.8766267776019061,-0.8766267776019061,1.0,False,1.0,-0.5657980364905775,1.0,chem
CPC004 HA1E 24H-colforsin-10.0,colforsin,HA1E,24H,10.0,76,45,0,1,1.0,0.19171300447706718,0.0,5.004705882352941,0.7173484266051238,-0.0,0.7173484266051238,0.5083760703273993,True,1.0,0.8988055258166209,0.17194268577140953,chem
CPC004 HA1E 24H-deoxyandirobin lactone-10.0,deoxyandirobin lactone,HA1E,24H,10.0,21,34,0,0,1.0,1.0,0.0,0.0,-0.0,-0.0,0.0,1.0,False,1.0,-0.5657980364905775,1.0,chem
CPC004 HA1E 24H-budesonide-10.0,budesonide,HA1E,24H,10.0,46,57,0,0,1.0,1.0,0.0,0.0,-0.0,4.088778590449006,-4.088778590449006,1.0,False,1.0,-0.5657980364905775,1.0,chem
CPC004 HA1E 24H-cycloheximide-10.0,cycloheximide,HA1E,24H,10.0,137,204,1,0,0.5657350823352132,1.0,1.2305418719211823,0.0,0.2473868889771503,0.36938311942372987,-0.12199623044657956,0.8879943967773395,True,1.0,-0.06071054284576773,0.3105631456181273,chem
CPC004 HA1E 24H-naltrexone hydrochloride-10.0,naltrexone hydrochloride,HA1E,24H,10.0,39,62,0,0,1.0,1.0,0.0,0.0,-0.0,2.7771447762155916,-2.7771447762155916,1.0,False,1.0,-0.5657980364905775,1.0,chem
CPC004 HA1E 24H-nafronyl oxalate-10.0,nafronyl oxalate,HA1E,24H,10.0,51,55,0,0,1.0,1.0,0.0,0.0,-0.0,-0.0,0.0,1.0,False,1.0,-0.5657980364905775,1.0,chem
CPC004 HA1E 24H-ouabain-10.0,ouabain,HA1E,24H,10.0,155,268,2,0,0.2928591369210793,1.0,1.93671679197995,0.0,0.5333412218579606,-0.0,0.5333412218579606,0.6525087673590542,True,1.0,0.52311973970806,0.2449183605464845,chem
CPC004 HA1E 24H-cyclosporine-10.0,cyclosporine,HA1E,24H,10.0,40,43,0,0,1.0,1.0,0.0,0.0,-0.0,-0.0,0.0,1.0,False,1.0,-0.5657980364905775,1.0,chem
CPC004 HA1E 24H-skf 96365 hydrochloride-10.0,skf 96365 hydrochloride,HA1E,24H,10.0,60,64,0,0,1.0,1.0,0.0,0.0,-0.0,-0.0,0.0,1.0,False,1.0,-0.5657980364905775,1.0,chem
CPC004 HA1E 24H-BRD-A75409952 (wortmannin)-10.0,brd-a75409952 (wortmannin),HA1E,24H,10.0,86,85,0,3,1.0,0.0015989489066150124,0.0,15.356626506024096,2.7961654136331804,-0.0,2.7961654136331804,0.01189363561608023,True,1.0,5.1431066933746035,0.002999000333222259,chem
CPC004 HA1E 24H-prednisolone hemisuccinate-10.0,prednisolone hemisuccinate,HA1E,24H,10.0,31,52,0,0,1.0,1.0,0.0,0.0,-0.0,-0.0,0.0,1.0,False,1.0,-0.5657980364905775,1.0,chem
CPC004 HA1E 24H-sirolimus-10.0,sirolimus,HA1E,24H,10.0,41,96,0,0,1.0,1.0,0.0,0.0,-0.0,0.816637018277212,-0.816637018277212,1.0,False,1.0,-0.5657980364905775,1.0,chem
CPC004 HA1E 24H-bromocriptine mesylate-10.0,bromocriptine mesylate,HA1E,24H,10.0,45,36,0,1,1.0,0.11813687833993748,0.0,8.572192513368984,0.9276145091651452,-0.0,0.9276145091651452,0.3704667765586675,True,1.0,1.3281038167562154,0.10229923358880373,chem
CPC004 HA1E 24H-brazilin-10.0,brazilin,HA1E,24H,10.0,99,171,1,0,0.5020945849907655,1.0,1.4771764705882353,0.0,0.29921446239643845,0.8977253067703395,-0.598510844373901,0.8480210647880442,True,1.0,0.04510532827122776,0.3065644785071643,chem
CPC004 HA1E 24H-meloxicam sodium-10.0,meloxicam sodium,HA1E,24H,10.0,23,35,0,1,1.0,0.06213229110944014,0.0,17.203208556149733,1.2066826316139636,1.0311267751067914,0.1755558565071722,0.23476620581076968,True,1.0,1.89787458798272,0.061312895701432855,chem
CPC004 HA1E 24H-betamethasone acetate-10.0,betamethasone acetate,HA1E,24H,10.0,37,59,0,0,1.0,1.0,0.0,0.0,-0.0,-0.0,0.0,1.0,False,1.0,-0.5657980364905775,1.0,chem
CPC004 HA1E 24H-digitoxin-10.0,digitoxin,HA1E,24H,10.0,152,185,4,0,0.0058963390108684455,1.0,6.2953289804118535,0.0,2.229417554606795,-0.0,2.229417554606795,0.03616474500381263,True,1.0,3.985982899030599,0.006331222925691436,chem
CPC004 HA1E 24H-dexamethasone acetate-10.0,dexamethasone acetate,HA1E,24H,10.0,32,32,0,0,1.0,1.0,0.0,0.0,-0.0,-0.0,0.0,1.0,False,1.0,-0.5657980364905775,1.0,chem
CPC004 HA1E 24H-digoxin-10.0,digoxin,HA1E,24H,10.0,127,190,3,0,0.03940849900842619,1.0,4.3671239246686815,0.0,1.4044101062349297,-0.0,1.4044101062349297,0.16684666961661812,True,1.0,2.3015729205578377,0.04298567144285238,chem
CPC004 HA1E 24H-ru 24969-10.0,ru 24969,HA1E,24H,10.0,45,36,0,2,1.0,0.006734955609954567,0.0,18.642441860465116,2.1716652623634625,-0.0,2.1716652623634625,0.0404127243847292,True,1.0,3.8680705849947423,0.008330556481172943,chem
CPC004 HA1E 24H-nsc 663284-10.0,nsc 663284,HA1E,24H,10.0,130,165,1,0,0.48959851295775975,1.0,1.5326829268292683,0.0,0.31015990992952963,-0.0,0.31015990992952963,0.8392548797969751,True,1.0,0.06745254595995669,0.3055648117294235,chem
CPC004 HA1E 24H-ag 82-10.0,ag 82,HA1E,24H,10.0,33,49,1,0,0.17956411208873052,1.0,5.333333333333333,0.0,0.7457804576422037,-0.0,0.7457804576422037,0.48791572895196733,True,1.0,0.9568549372269262,0.16061312895701432,chem
CPC004 HA1E 24H-penitrem a-10.0,penitrem a,HA1E,24H,10.0,43,42,0,0,1.0,1.0,0.0,0.0,-0.0,-0.0,0.0,1.0,False,1.0,-0.5657980364905775,1.0,chem
CPC004 HA1E 24H-b581-10.0,b581,HA1E,24H,10.0,51,55,0,0,1.0,1.0,0.0,0.0,-0.0,0.8460769590107509,-0.8460769590107509,1.0,False,1.0,-0.5657980364905775,1.0,chem
CPC004 HA1E 24H-promazine hydrochloride-10.0,promazine hydrochloride,HA1E,24H,10.0,65,26,0,1,1.0,0.16629559859511084,0.0,5.875,0.7791192452552373,0.6360850498129149,0.14303419544232243,0.46462796675896345,True,1.0,1.0249224275706814,0.1486171276241253,chem
CPC004 HA1E 24H-raf1 kinase inhibitor i-10.0,raf1 kinase inhibitor i,HA1E,24H,10.0,56,50,0,0,1.0,1.0,0.0,0.0,-0.0,-0.0,0.0,1.0,False,1.0,-0.5657980364905775,1.0,chem
CPC004 HA1E 24H-nu7026-10.0,nu7026,HA1E,24H,10.0,49,31,0,0,1.0,1.0,0.0,0.0,-0.0,1.8273552414897014,-1.8273552414897014,1.0,False,1.0,-0.5657980364905775,1.0,chem
CPC004 HA1E 24H-forskolin-10.0,forskolin,HA1E,24H,10.0,22,45,0,0,1.0,1.0,0.0,0.0,-0.0,1.071309700706131,-1.071309700706131,1.0,False,1.0,-0.5657980364905775,1.0,chem
CPC004 HA1E 24H-thiotepa-10.0,thiotepa,HA1E,24H,10.0,44,59,0,0,1.0,1.0,0.0,0.0,-0.0,-0.0,0.0,1.0,False,1.0,-0.5657980364905775,1.0,chem
CPC004 HA1E 24H-perphenazine-10.0,perphenazine,HA1E,24H,10.0,98,55,0,0,1.0,1.0,0.0,0.0,-0.0,-0.0,0.0,1.0,False,1.0,-0.5657980364905775,1.0,chem
CPC004 HA1E 24H-apigenin triacetate-10.0,apigenin triacetate,HA1E,24H,10.0,25,48,0,0,1.0,1.0,0.0,0.0,-0.0,-0.0,0.0,1.0,False,1.0,-0.5657980364905775,1.0,chem
CPC004 HA1E 24H-nocodazole-10.0,nocodazole,HA1E,24H,10.0,77,130,1,0,0.41047189995613526,1.0,1.9593798449612403,0.0,0.38671656841470314,0.5139577148399991,-0.12724114642529594,0.7759757025512183,True,1.0,0.22375755838795752,0.2952349216927691,chem
CPC004 HA1E 24H-erythrosine sodium-10.0,erythrosine sodium,HA1E,24H,10.0,91,170,1,0,0.5000325364418264,1.0,1.4861538461538462,0.0,0.301001735789155,1.0986022193066876,-0.7976004835175325,0.8465961417642931,True,1.0,0.04875438761353043,0.30589803398867044,chem
"CPC004 HA1E 24H-r(-)-2,10,11-trihydroxy-n-propyl-noraporphine-10.0","r(-)-2,10,11-trihydroxy-n-propyl-noraporphine",HA1E,24H,10.0,51,45,1,1,0.16615372806130616,0.1328535679406794,5.821818181818182,7.536470588235294,1.6561166874293107,0.9276145091651452,0.7285021782641655,0.1062504354195328,True,1.0,2.8154798893346524,0.023658780406531157,chem
CPC004 HA1E 24H-chloroxine-10.0,chloroxine,HA1E,24H,10.0,102,115,0,0,1.0,1.0,0.0,0.0,-0.0,1.2038864856807001,-1.2038864856807001,1.0,False,1.0,-0.5657980364905775,1.0,chem
CPC004 HA1E 24H-amiodarone hydrochloride-10.0,amiodarone hydrochloride,HA1E,24H,10.0,86,47,0,1,1.0,0.21418304553206324,0.0,4.408996539792388,0.6692149103636079,0.5314090986590809,0.137805811704527,0.5442229000312393,True,1.0,0.8005317766326675,0.19426857714095302,chem
CPC004 HA1E 24H-mephentermine sulfate-10.0,mephentermine sulfate,HA1E,24H,10.0,60,39,0,0,1.0,1.0,0.0,0.0,-0.0,-0.0,0.0,1.0,False,1.0,-0.5657980364905775,1.0,chem
CPC004 HA1E 24H-indirubin-3?-monoxime-10.0,indirubin-3?-monoxime,HA1E,24H,10.0,34,48,0,0,1.0,1.0,0.0,0.0,-0.0,1.793453029485495,-1.793453029485495,1.0,False,1.0,-0.5657980364905775,1.0,chem
CPC004 HA1E 24H-prochlorperazine edisylate-10.0,prochlorperazine edisylate,HA1E,24H,10.0,51,46,0,0,1.0,1.0,0.0,0.0,-0.0,-0.0,0.0,1.0,False,1.0,-0.5657980364905775,1.0,chem
CPC004 HA1E 24H-rs 39604 hydrochloride-10.0,rs 39604 hydrochloride,HA1E,24H,10.0,93,65,0,0,1.0,1.0,0.0,0.0,-0.0,-0.0,0.0,1.0,False,1.0,-0.5657980364905775,1.0,chem
CPC004 HA1E 24H-simvastatin-10.0,simvastatin,HA1E,24H,10.0,112,108,1,0,0.3548338625048991,1.0,2.370467289719626,0.0,0.44997494127189797,0.5824322020278224,-0.13245726075592446,0.7224792116748933,True,1.0,0.35291158563085046,0.27590803065644787,chem
CPC004 HA1E 24H-piplartine-10.0,piplartine,HA1E,24H,10.0,96,109,0,0,1.0,1.0,0.0,0.0,-0.0,-0.0,0.0,1.0,False,1.0,-0.5657980364905775,1.0,chem
CPC004 HA1E 24H-chlorambucil-10.0,chlorambucil,HA1E,24H,10.0,154,63,0,0,1.0,1.0,0.0,0.0,-0.0,0.8990000647010059,-0.8990000647010059,1.0,False,1.0,-0.5657980364905775,1.0,chem
CPC004 HA1E 24H-clomid-10.0,clomid,HA1E,24H,10.0,89,57,0,0,1.0,1.0,0.0,0.0,-0.0,-0.0,0.0,1.0,False,1.0,-0.5657980364905775,1.0,chem
CPC004 HA1E 24H-clemastine fumarate-10.0,clemastine fumarate,HA1E,24H,10.0,63,24,0,0,1.0,1.0,0.0,0.0,-0.0,-0.0,0.0,1.0,False,1.0,-0.5657980364905775,1.0,chem
CPC004 HA1E 24H-sb 216641 hydrochloride-10.0,sb 216641 hydrochloride,HA1E,24H,10.0,77,87,1,0,0.29703777556025585,1.0,2.9590697674418607,0.0,0.5271883160897466,-0.0,0.5271883160897466,0.6576107306353338,True,1.0,0.5105574096429976,0.24825058313895368,chem
CPC004 HA1E 24H-niclosamide-10.0,niclosamide,HA1E,24H,10.0,143,163,0,0,1.0,1.0,0.0,0.0,-0.0,1.4857208419193373,-1.4857208419193373,1.0,False,1.0,-0.5657980364905775,1.0,chem
CPC004 HA1E 24H-BRD-K36055864 (cycloheximide)-10.0,brd-k36055864 (cycloheximide),HA1E,24H,10.0,105,203,0,0,1.0,1.0,0.0,0.0,-0.0,-0.0,0.0,1.0,False,1.0,-0.5657980364905775,1.0,chem
CPC004 HA1E 24H-ag 957-10.0,ag 957,HA1E,24H,10.0,136,140,2,1,0.10777333835376549,0.3179580655546405,3.8103864734299515,2.754248366013072,1.4651188182744792,0.37178853246535365,1.0933302858091256,0.14987056519924985,True,1.0,2.42552132919518,0.03732089303565478,chem
CPC004 HA1E 24H-rhamnetin-10.0,rhamnetin,HA1E,24H,10.0,79,76,0,1,1.0,0.19851694343328743,0.0,4.8099547511312215,0.7022024202582935,1.4028127330463327,-0.7006103127880392,0.519495182738173,True,1.0,0.8678820665497254,0.17660779740086638,chem
CPC004 HA1E 24H-paroxetine hydrochloride-10.0,paroxetine hydrochloride,HA1E,24H,10.0,82,47,0,0,1.0,1.0,0.0,0.0,-0.0,0.5488889053617282,-0.5488889053617282,1.0,False,1.0,-0.5657980364905775,1.0,chem
CPC004 HA1E 24H-bithionate sodium-10.0,bithionate sodium,HA1E,24H,10.0,106,93,0,0,1.0,1.0,0.0,0.0,-0.0,-0.0,0.0,1.0,False,1.0,-0.5657980364905775,1.0,chem
CPC004 HA1E 24H-rottlerin-10.0,rottlerin,HA1E,24H,10.0,124,147,0,0,1.0,1.0,0.0,0.0,-0.0,1.5264044006517596,-1.5264044006517596,1.0,False,1.0,-0.5657980364905775,1.0,chem
CPC004 HA1E 24H-erythromycin estolate-10.0,erythromycin estolate,HA1E,24H,10.0,65,13,0,1,1.0,0.16629559859511084,0.0,5.875,0.7791192452552373,-0.0,0.7791192452552373,0.46462796675896345,True,1.0,1.0249224275706814,0.1486171276241253,chem
CPC004 HA1E 24H-loxapine succinate-10.0,loxapine succinate,HA1E,24H,10.0,42,25,0,0,1.0,1.0,0.0,0.0,-0.0,-0.0,0.0,1.0,False,1.0,-0.5657980364905775,1.0,chem
CPC004 HA1E 24H-triclosan-10.0,triclosan,HA1E,24H,10.0,25,39,1,0,0.14564222006616478,1.0,6.747368421052632,0.0,0.8367127096121924,-0.0,0.8367127096121924,0.42623684344579826,True,1.0,1.142510464198859,0.12862379206931024,chem
CPC004 HA1E 24H-cgp 57380-10.0,cgp 57380,HA1E,24H,10.0,55,60,0,0,1.0,1.0,0.0,0.0,-0.0,1.6943175149470087,-1.6943175149470087,1.0,False,1.0,-0.5657980364905775,1.0,chem
CPC004 HA1E 24H-suloctidil-10.0,suloctidil,HA1E,24H,10.0,51,16,0,0,1.0,1.0,0.0,0.0,-0.0,-0.0,0.0,1.0,False,1.0,-0.5657980364905775,1.0,chem
CPC004 HA1E 24H-amg 9810-10.0,amg 9810,HA1E,24H,10.0,67,42,0,0,1.0,1.0,0.0,0.0,-0.0,0.6245429220468399,-0.6245429220468399,1.0,False,1.0,-0.5657980364905775,1.0,chem
CPC004 HA1E 24H-bromhexine hydrochloride-10.0,bromhexine hydrochloride,HA1E,24H,10.0,52,54,0,1,1.0,0.13528368405107447,0.0,7.387543252595155,0.868754578523359,-0.0,0.868754578523359,0.4059026415009191,True,1.0,1.2079300477788584,0.11929356881039653,chem
CPC004 HA1E 24H-BRD-K47635719 (dexamethasone acetate)-10.0,brd-k47635719 (dexamethasone acetate),HA1E,24H,10.0,43,22,0,1,1.0,0.1131791192962548,0.0,8.983193277310924,0.946233689851697,0.7975941222616931,0.14863956759000385,0.3597719270071249,True,1.0,1.3661184235349881,0.09763412195934688,chem
CPC004 HA1E 24H-na-tosyl-phe chloromethyl ketone-10.0,na-tosyl-phe chloromethyl ketone,HA1E,24H,10.0,40,70,0,1,1.0,0.10569309825111733,0.0,9.678733031674208,0.9759533711534798,-0.0,0.9759533711534798,0.34320828631839995,True,1.0,1.4267968184277202,0.09130289903365545,chem
CPC004 HA1E 24H-ch 55-10.0,ch 55,HA1E,24H,10.0,92,99,0,0,1.0,1.0,0.0,0.0,-0.0,-0.0,0.0,1.0,False,1.0,-0.5657980364905775,1.0,chem
CPC004 HA1E 24H-toremifene-10.0,toremifene,HA1E,24H,10.0,57,39,0,0,1.0,1.0,0.0,0.0,-0.0,0.6866275576504163,-0.6866275576504163,1.0,False,1.0,-0.5657980364905775,1.0,chem
CPC004 HA1E 24H-gm6001-10.0,gm6001,HA1E,24H,10.0,25,39,0,0,1.0,1.0,0.0,0.0,-0.0,2.0046660168275645,-2.0046660168275645,1.0,False,1.0,-0.5657980364905775,1.0,chem
CPC004 HA1E 24H-oxibendazole-10.0,oxibendazole,HA1E,24H,10.0,78,126,0,0,1.0,1.0,0.0,0.0,-0.0,0.5673958234598213,-0.5673958234598213,1.0,False,1.0,-0.5657980364905775,1.0,chem
CPC004 HA1E 24H-pre-084 hydrochloride-10.0,pre-084 hydrochloride,HA1E,24H,10.0,49,25,0,0,1.0,1.0,0.0,0.0,-0.0,-0.0,0.0,1.0,False,1.0,-0.5657980364905775,1.0,chem
CPC004 HA1E 24H-chlorprothixene hydrochloride-10.0,chlorprothixene hydrochloride,HA1E,24H,10.0,90,59,0,0,1.0,1.0,0.0,0.0,-0.0,-0.0,0.0,1.0,False,1.0,-0.5657980364905775,1.0,chem
CPC004 HA1E 24H-mdl 29951-10.0,mdl 29951,HA1E,24H,10.0,35,25,0,0,1.0,1.0,0.0,0.0,-0.0,-0.0,0.0,1.0,False,1.0,-0.5657980364905775,1.0,chem
CPC004 HA1E 24H-dephostatin-10.0,dephostatin,HA1E,24H,10.0,60,63,1,0,0.22488647375162832,1.0,4.12,0.0,0.6480366652921943,0.6667906672362438,-0.018754001944049525,0.5604529766476776,True,1.0,0.7572923520732525,0.20359880039986672,chem
CPC004 HA1E 24H-norpramin-10.0,norpramin,HA1E,24H,10.0,64,40,0,0,1.0,1.0,0.0,0.0,-0.0,0.9759533711534798,-0.9759533711534798,1.0,False,1.0,-0.5657980364905775,1.0,chem
CPC004 HA1E 24H-anagrelide hydrochloride-10.0,anagrelide hydrochloride,HA1E,24H,10.0,43,52,1,0,0.18948555439160833,1.0,5.017254901960785,0.0,0.7224238932797868,1.6663487007850522,-0.9439248075052653,0.5046838763319719,True,1.0,0.9091680585780887,0.1696101299566811,chem
CPC004 HA1E 24H-triflupromazine hydrochloride-10.0,triflupromazine hydrochloride,HA1E,24H,10.0,96,52,1,0,0.18948555439160833,1.0,5.017254901960785,0.0,0.7224238932797868,1.2504930619905459,-0.528069168710759,0.5046838763319719,True,1.0,0.9091680585780887,0.1696101299566811,chem
CPC004 HA1E 24H-fluvastatin-10.0,fluvastatin,HA1E,24H,10.0,83,152,0,0,1.0,1.0,0.0,0.0,-0.0,0.4580042309293161,-0.4580042309293161,1.0,False,1.0,-0.5657980364905775,1.0,chem
CPC004 HA1E 24H-zoxazolamine-10.0,zoxazolamine,HA1E,24H,10.0,51,45,0,0,1.0,1.0,0.0,0.0,-0.0,-0.0,0.0,1.0,False,1.0,-0.5657980364905775,1.0,chem
CPC004 HA1E 24H-sib 1893-10.0,sib 1893,HA1E,24H,10.0,74,159,0,1,1.0,0.18714677864101364,0.0,5.143432715551974,0.7278176439995865,-0.0,0.7278176439995865,0.5007789641472482,True,1.0,0.9201804288927504,0.16694435188270576,chem
CPC004 HA1E 24H-tacrolimus-10.0,tacrolimus,HA1E,24H,10.0,39,30,0,0,1.0,1.0,0.0,0.0,-0.0,1.0952501511934496,-1.0952501511934496,1.0,False,1.0,-0.5657980364905775,1.0,chem
CPC004 HA1E 24H-benzoxiquine-10.0,benzoxiquine,HA1E,24H,10.0,24,42,1,0,0.15595788320671106,1.0,6.250731707317073,0.0,0.8069926680588373,-0.0,0.8069926680588373,0.44575403194486074,True,1.0,1.0818313337838668,0.137620793068977,chem
CPC004 HA1E 24H-bibx 1382 dihydrochloride-10.0,bibx 1382 dihydrochloride,HA1E,24H,10.0,96,82,0,0,1.0,1.0,0.0,0.0,-0.0,0.49161524607514395,-0.49161524607514395,1.0,False,1.0,-0.5657980364905775,1.0,chem
CPC004 HA1E 24H-duloxetine hydrochloride-10.0,duloxetine hydrochloride,HA1E,24H,10.0,40,39,0,0,1.0,1.0,0.0,0.0,-0.0,-0.0,0.0,1.0,False,1.0,-0.5657980364905775,1.0,chem
CPC004 HA1E 24H-psb 06126-10.0,psb 06126,HA1E,24H,10.0,38,22,0,0,1.0,1.0,0.0,0.0,-0.0,-0.0,0.0,1.0,False,1.0,-0.5657980364905775,1.0,chem
CPC004 HA1E 24H-pizotyline malate-10.0,pizotyline malate,HA1E,24H,10.0,53,38,0,0,1.0,1.0,0.0,0.0,-0.0,-0.0,0.0,1.0,False,1.0,-0.5657980364905775,1.0,chem
CPC004 HA1E 24H-BRD-K77830450 (forskolin)-10.0,brd-k77830450 (forskolin),HA1E,24H,10.0,68,31,1,1,0.11753768533149536,0.17330148124690362,8.557333333333334,5.6093064091308165,1.6910205913516445,0.6189177682174618,1.0721028231341827,0.09968238484772711,True,1.0,2.88674286298472,0.022659113628790403,chem
CPC004 HA1E 24H-fluspirilen-10.0,fluspirilen,HA1E,24H,10.0,49,27,0,0,1.0,1.0,0.0,0.0,-0.0,-0.0,0.0,1.0,False,1.0,-0.5657980364905775,1.0,chem
CPC004 HA1E 24H-menadione-10.0,menadione,HA1E,24H,10.0,88,136,0,0,1.0,1.0,0.0,0.0,-0.0,1.020654597268153,-1.020654597268153,1.0,False,1.0,-0.5657980364905775,1.0,chem
CPC004 HA1E 24H-albendazole-10.0,albendazole,HA1E,24H,10.0,46,91,0,0,1.0,1.0,0.0,0.0,-0.0,-0.0,0.0,1.0,False,1.0,-0.5657980364905775,1.0,chem
CPC004 HA1E 24H-triciribine-10.0,triciribine,HA1E,24H,10.0,98,100,1,1,0.3333766631306952,0.24036844221095138,2.565252525252525,3.856276531231049,1.0961873558301032,0.484250513560811,0.6119368422692921,0.2823946814404619,True,1.0,1.6722774185611142,0.07397534155281572,chem
CPC004 HA1E 24H-vorinostat-10.0,vorinostat,HA1E,24H,10.0,238,204,1,1,0.5657350823352132,0.49089311902469096,1.2305418719211823,1.5435591958302308,0.5563999444522475,0.6062819575401119,-0.04988201308786444,0.6335129017677853,True,1.0,0.5701985176091598,0.23658780406531157,chem
CPC004 HA1E 24H-sertraline hydrochloride-10.0,sertraline hydrochloride,HA1E,24H,10.0,115,50,0,1,1.0,0.27605697904530124,0.0,3.2724458204334366,0.5590012689094621,-0.0,0.5590012689094621,0.6313831644054306,True,1.0,0.5755096173836222,0.23625458180606465,chem
CPC004 HA1E 24H-rosuvastatin calcium-10.0,rosuvastatin calcium,HA1E,24H,10.0,101,102,0,0,1.0,1.0,0.0,0.0,-0.0,1.495962139145741,-1.495962139145741,1.0,False,1.0,-0.5657980364905775,1.0,chem
CPC004 HA1E 24H-BRD-K87343924 (wortmannin)-10.0,brd-k87343924 (wortmannin),HA1E,24H,10.0,65,84,0,1,1.0,0.16629559859511084,0.0,5.875,0.7791192452552373,-0.0,0.7791192452552373,0.46462796675896345,True,1.0,1.0249224275706814,0.1486171276241253,chem
"CPC004 HA1E 24H-methyl 2,5-dihydroxycinnamate-10.0","methyl 2,5-dihydroxycinnamate",HA1E,24H,10.0,57,130,0,0,1.0,1.0,0.0,0.0,-0.0,-0.0,0.0,1.0,False,1.0,-0.5657980364905775,1.0,chem
CPC004 HA1E 24H-chlorpromazine-10.0,chlorpromazine,HA1E,24H,10.0,86,49,1,0,0.17956411208873052,1.0,5.333333333333333,0.0,0.7457804576422037,0.8928783478043839,-0.14709789016218022,0.48791572895196733,True,1.0,0.9568549372269262,0.16061312895701432,chem
CPC004 HA1E 24H-dmbi-10.0,dmbi,HA1E,24H,10.0,33,25,1,0,0.09587810025095982,1.0,10.706666666666667,0.0,1.0182805797562287,-0.0,1.0182805797562287,0.32068134223924377,True,1.0,1.5132158837004888,0.08597134288570477,chem
CPC004 HA1E 24H-pifithrin- ?-10.0,pifithrin- ?,HA1E,24H,10.0,49,85,0,0,1.0,1.0,0.0,0.0,-0.0,0.6737401980679902,-0.6737401980679902,1.0,False,1.0,-0.5657980364905775,1.0,chem
CPC004 HA1E 24H-amsacrine-10.0,amsacrine,HA1E,24H,10.0,197,184,2,0,0.16787391425623371,1.0,2.869047619047619,0.0,0.7750167831634445,0.25733281651222856,0.5176839666512159,0.4674519803503494,True,1.0,1.0165464691507187,0.14895034988337222,chem
CPC004 HA1E 6H-prednisolone acetate-10.0,prednisolone acetate,HA1E,6H,10.0,49,43,0,0,1.0,1.0,0.0,0.0,-0.0,-0.0,0.0,1.0,False,1.0,-0.5657980364905775,1.0,chem
CPC004 HA1E 6H-terfenadine-10.0,terfenadine,HA1E,6H,10.0,88,21,0,0,1.0,1.0,0.0,0.0,-0.0,-0.0,0.0,1.0,False,1.0,-0.5657980364905775,1.0,chem
CPC004 HA1E 6H-sb 218078-10.0,sb 218078,HA1E,6H,10.0,104,134,0,0,1.0,1.0,0.0,0.0,-0.0,-0.0,0.0,1.0,False,1.0,-0.5657980364905775,1.0,chem
CPC004 HA1E 6H-wortmannin-10.0,wortmannin,HA1E,6H,10.0,104,103,1,0,0.34150231484946586,1.0,2.4886274509803923,0.0,0.4666063481378156,0.46320220766619413,0.003404140471621464,0.7084126824742096,True,1.0,0.3868677732219774,0.2689103632122626,chem
CPC004 HA1E 6H-trichostatin a-10.0,trichostatin a,HA1E,6H,10.0,176,107,0,1,1.0,0.3915120886686404,0.0,2.1112605042016805,0.40725482374389016,0.2904902538735102,0.11676456987037998,0.7586481986316245,True,1.0,0.26569032188624614,0.2899033655448184,chem
CPC004 HA1E 6H-trimipramine maleate salt-10.0,trimipramine maleate salt,HA1E,6H,10.0,46,74,0,0,1.0,1.0,0.0,0.0,-0.0,0.7278176439995865,-0.7278176439995865,1.0,False,1.0,-0.5657980364905775,1.0,chem
CPC004 HA1E 6H-geldanamycin-10.0,geldanamycin,HA1E,6H,10.0,61,63,0,0,1.0,1.0,0.0,0.0,-0.0,0.6604243160213854,-0.6604243160213854,1.0,False,1.0,-0.5657980364905775,1.0,chem
CPC004 HA1E 6H-amlodipine besylate-10.0,amlodipine besylate,HA1E,6H,10.0,79,54,0,0,1.0,1.0,0.0,0.0,-0.0,-0.0,0.0,1.0,False,1.0,-0.5657980364905775,1.0,chem
CPC004 HA1E 6H-emetine-10.0,emetine,HA1E,6H,10.0,180,173,1,0,0.5061941767232752,1.0,1.4595348837209303,0.0,0.29568285528897575,0.283755616191632,0.011927239097343778,0.8508288560502235,True,1.0,0.037894879124865416,0.3068977007664112,chem
CPC004 HA1E 6H-prednisolone-10.0,prednisolone,HA1E,6H,10.0,75,38,0,1,1.0,0.18943292832608577,0.0,5.073131955484897,0.7225445271947321,0.5820149725522035,0.1405295546425286,0.5045963285900031,True,1.0,0.9094143557121048,0.16794401866044653,chem
CPC004 HA1E 6H-paclitaxel-10.0,paclitaxel,HA1E,6H,10.0,39,49,0,2,1.0,0.0050909640480791985,0.0,21.68581081081081,2.2931999698995993,-0.0,2.2931999698995993,0.031972720755307917,True,1.0,4.1162068588049205,0.004665111629456847,chem
CPC004 HA1E 6H-gitoxigenin-10.0,gitoxigenin,HA1E,6H,10.0,90,75,0,1,1.0,0.22300479063708592,0.0,4.208195637805684,0.6516858072437511,0.514862283016828,0.13682352422692312,0.5576373108769546,True,1.0,0.7647427710097072,0.20226591136287905,chem
CPC004 HA1E 6H-mitotane-10.0,mitotane,HA1E,6H,10.0,75,23,0,0,1.0,1.0,0.0,0.0,-0.0,0.5820149725522035,-0.5820149725522035,1.0,False,1.0,-0.5657980364905775,1.0,chem
CPC004 HA1E 6H-proscillaridin a-10.0,proscillaridin a,HA1E,6H,10.0,145,96,2,0,0.056170325169401805,1.0,5.632978723404255,0.0,1.2504930619905459,-0.0,1.2504930619905459,0.21790528805971426,True,1.0,1.9873219332559457,0.05764745084971676,chem
CPC004 HA1E 6H-teniposide-10.0,teniposide,HA1E,6H,10.0,142,119,1,0,0.3832558767415772,1.0,2.145762711864407,0.0,0.4165111770688363,0.9040331810621365,-0.4875220039933002,0.7508183556398104,True,1.0,0.2845889317540458,0.28723758747084305,chem
CPC004 HA1E 6H-dcpib-10.0,dcpib,HA1E,6H,10.0,71,36,1,1,0.13520538753090064,0.1802517359595711,7.329142857142857,5.366386554621848,1.6131265467179259,0.6025923867714367,1.0105341599464892,0.11489372273992854,True,1.0,2.7277073217861894,0.027657447517494167,chem
CPC004 HA1E 6H-ketorolac tromethamine-10.0,ketorolac tromethamine,HA1E,6H,10.0,59,39,0,0,1.0,1.0,0.0,0.0,-0.0,0.6732772051014339,-0.6732772051014339,1.0,False,1.0,-0.5657980364905775,1.0,chem
CPC004 HA1E 6H-ezetimibe-10.0,ezetimibe,HA1E,6H,10.0,75,30,0,0,1.0,1.0,0.0,0.0,-0.0,-0.0,0.0,1.0,False,1.0,-0.5657980364905775,1.0,chem
CPC004 HA1E 6H-iopanoic acid-10.0,iopanoic acid,HA1E,6H,10.0,76,32,0,0,1.0,1.0,0.0,0.0,-0.0,0.5770678440229255,-0.5770678440229255,1.0,False,1.0,-0.5657980364905775,1.0,chem
CPC004 HA1E 6H-ouabain-10.0,ouabain,HA1E,6H,10.0,124,103,0,2,1.0,0.04558856671422684,0.0,6.489754098360656,1.341144061623158,0.40255351222717717,0.9385905493959809,0.18637054317119892,True,1.0,2.172403229965496,0.048983672109296904,chem
CPC004 HA1E 6H-mitomycin c-10.0,mitomycin c,HA1E,6H,10.0,60,94,0,0,1.0,1.0,0.0,0.0,-0.0,-0.0,0.0,1.0,False,1.0,-0.5657980364905775,1.0,chem
CPC004 HA1E 6H-doxorubicin-10.0,doxorubicin,HA1E,6H,10.0,113,208,2,0,0.2027970597378924,1.0,2.5250809061488675,0.0,0.6929383459307407,-0.0,0.6929383459307407,0.5263698081609266,True,1.0,0.8489676927832358,0.1809396867710763,chem
CPC004 HA1E 6H-colforsin-10.0,colforsin,HA1E,6H,10.0,64,68,0,0,1.0,1.0,0.0,0.0,-0.0,-0.0,0.0,1.0,False,1.0,-0.5657980364905775,1.0,chem
CPC004 HA1E 6H-selamectin-10.0,selamectin,HA1E,6H,10.0,110,54,1,0,0.19603564821290864,1.0,4.826415094339622,0.0,0.7076649469372981,-0.0,0.7076649469372981,0.5154676520054673,True,1.0,0.8790348560959862,0.17560813062312564,chem
CPC004 HA1E 6H-cycloheximide-10.0,cycloheximide,HA1E,6H,10.0,165,130,0,0,1.0,1.0,0.0,0.0,-0.0,0.31015990992952963,-0.31015990992952963,1.0,False,1.0,-0.5657980364905775,1.0,chem
CPC004 HA1E 6H-BRD-A68930007 (ouabain)-10.0,brd-a68930007 (ouabain),HA1E,6H,10.0,154,93,0,1,1.0,0.35203977910584294,0.0,2.423298731257209,0.45340826018642966,-0.0,0.45340826018642966,0.7195732164667935,True,1.0,0.359921360694493,0.2729090303232256,chem
CPC004 HA1E 6H-cyclosporine-10.0,cyclosporine,HA1E,6H,10.0,74,16,0,0,1.0,1.0,0.0,0.0,-0.0,-0.0,0.0,1.0,False,1.0,-0.5657980364905775,1.0,chem
CPC004 HA1E 6H-BRD-A75409952 (wortmannin)-10.0,brd-a75409952 (wortmannin),HA1E,6H,10.0,91,112,0,0,1.0,1.0,0.0,0.0,-0.0,0.5688352319480254,-0.5688352319480254,1.0,False,1.0,-0.5657980364905775,1.0,chem
CPC004 HA1E 6H-sirolimus-10.0,sirolimus,HA1E,6H,10.0,43,39,0,0,1.0,1.0,0.0,0.0,-0.0,0.9863854370713357,-0.9863854370713357,1.0,False,1.0,-0.5657980364905775,1.0,chem
CPC004 HA1E 6H-brazilin-10.0,brazilin,HA1E,6H,10.0,136,102,0,1,1.0,0.3179580655546405,0.0,2.754248366013072,0.49763015391217813,2.484545904521468,-1.98691575060929,0.6822857917697349,True,1.0,0.450208786833024,0.25891369543485504,chem
CPC004 HA1E 6H-meloxicam sodium-10.0,meloxicam sodium,HA1E,6H,10.0,50,41,0,0,1.0,1.0,0.0,0.0,-0.0,-0.0,0.0,1.0,False,1.0,-0.5657980364905775,1.0,chem
CPC004 HA1E 6H-digitoxin-10.0,digitoxin,HA1E,6H,10.0,197,86,0,1,1.0,0.4270627039339138,0.0,1.87875150060024,0.369508354545906,0.6692149103636079,-0.2997065558177019,0.7904180851190238,True,1.0,0.18862370934271816,0.2975674775074975,chem
CPC004 HA1E 6H-digoxin-10.0,digoxin,HA1E,6H,10.0,181,83,0,1,1.0,0.40016070259196185,0.0,2.0509803921568626,0.3977655630897218,-0.0,0.3977655630897218,0.7666635107679332,True,1.0,0.2463161873063052,0.29290236587804064,chem
CPC004 HA1E 6H-ticlopidine hydrochloride-10.0,ticlopidine hydrochloride,HA1E,6H,10.0,67,27,0,0,1.0,1.0,0.0,0.0,-0.0,-0.0,0.0,1.0,False,1.0,-0.5657980364905775,1.0,chem
CPC004 HA1E 6H-amoxapine-10.0,amoxapine,HA1E,6H,10.0,70,77,2,0,0.0377473550229019,1.0,7.081111111111111,0.0,1.4231134742123426,-0.0,1.4231134742123426,0.16143939300033952,True,1.0,2.339759411739675,0.04131956014661779,chem
CPC004 HA1E 6H-nsc 663284-10.0,nsc 663284,HA1E,6H,10.0,58,72,0,0,1.0,1.0,0.0,0.0,-0.0,-0.0,0.0,1.0,False,1.0,-0.5657980364905775,1.0,chem
CPC004 HA1E 6H-sappanone a trimethyl ether-10.0,sappanone a trimethyl ether,HA1E,6H,10.0,46,50,0,0,1.0,1.0,0.0,0.0,-0.0,-0.0,0.0,1.0,False,1.0,-0.5657980364905775,1.0,chem
CPC004 HA1E 6H-ag 82-10.0,ag 82,HA1E,6H,10.0,48,41,0,0,1.0,1.0,0.0,0.0,-0.0,0.9657926288423657,-0.9657926288423657,1.0,False,1.0,-0.5657980364905775,1.0,chem
CPC004 HA1E 6H-penitrem a-10.0,penitrem a,HA1E,6H,10.0,63,25,0,0,1.0,1.0,0.0,0.0,-0.0,-0.0,0.0,1.0,False,1.0,-0.5657980364905775,1.0,chem
CPC004 HA1E 6H-epirubicin hydrochloride-10.0,epirubicin hydrochloride,HA1E,6H,10.0,149,164,2,2,0.13977685344598031,0.06328644103853226,3.233539094650206,5.364795918367347,2.053254066792514,0.34219500095364996,1.7110590658388642,0.05066793297675053,True,1.0,3.626311556302079,0.009330223258913695,chem
CPC004 HA1E 6H-ro 31-8220 mesylate-10.0,ro 31-8220 mesylate,HA1E,6H,10.0,88,157,1,1,0.47246724951921515,0.21860567577854212,1.6133333333333333,4.306288032454361,0.98596685694771,-0.0,0.98596685694771,0.3377669070126966,True,1.0,1.4472412585650585,0.09030323225591469,chem
CPC004 HA1E 6H-nu7026-10.0,nu7026,HA1E,6H,10.0,29,48,0,0,1.0,1.0,0.0,0.0,-0.0,-0.0,0.0,1.0,False,1.0,-0.5657980364905775,1.0,chem
CPC004 HA1E 6H-forskolin-10.0,forskolin,HA1E,6H,10.0,70,59,0,0,1.0,1.0,0.0,0.0,-0.0,-0.0,0.0,1.0,False,1.0,-0.5657980364905775,1.0,chem
CPC004 HA1E 6H-apigenin triacetate-10.0,apigenin triacetate,HA1E,6H,10.0,28,57,1,0,0.20576544432692015,1.0,4.565714285714286,0.0,0.6866275576504163,-0.0,0.6866275576504163,0.5310843935060165,True,1.0,0.836083015472279,0.1846051316227924,chem
CPC004 HA1E 6H-nocodazole-10.0,nocodazole,HA1E,6H,10.0,83,62,0,2,1.0,0.021752019540047716,0.0,9.837962962962964,1.6625004152894838,0.544426570632047,1.1180738446574368,0.10501980908283612,True,1.0,2.828513486702471,0.023658780406531157,chem
CPC004 HA1E 6H-erythrosine sodium-10.0,erythrosine sodium,HA1E,6H,10.0,95,114,1,0,0.370489313087226,1.0,2.2424778761061948,0.0,0.43122431490242713,1.4074071268109056,-0.9761828119084786,0.7383595183787144,True,1.0,0.31462860743267657,0.28323892035988,chem
CPC004 HA1E 6H-chloroxine-10.0,chloroxine,HA1E,6H,10.0,80,24,0,1,1.0,0.20077287697796306,0.0,4.748324646314222,0.6972949577343067,-0.0,0.6972949577343067,0.5231299885696582,True,1.0,0.8578625462887901,0.17794068643785405,chem
CPC004 HA1E 6H-phenolphthalein-10.0,phenolphthalein,HA1E,6H,10.0,80,99,2,0,0.05932151393019462,1.0,5.456185567010309,0.0,1.2267877739764337,-0.0,1.2267877739764337,0.22689193228873966,True,1.0,1.9389230687943688,0.059646784405198265,chem
CPC004 HA1E 6H-prochlorperazine edisylate-10.0,prochlorperazine edisylate,HA1E,6H,10.0,55,29,0,0,1.0,1.0,0.0,0.0,-0.0,-0.0,0.0,1.0,False,1.0,-0.5657980364905775,1.0,chem
CPC004 HA1E 6H-rs 39604 hydrochloride-10.0,rs 39604 hydrochloride,HA1E,6H,10.0,53,38,0,0,1.0,1.0,0.0,0.0,-0.0,-0.0,0.0,1.0,False,1.0,-0.5657980364905775,1.0,chem
CPC004 HA1E 6H-simvastatin-10.0,simvastatin,HA1E,6H,10.0,43,51,0,0,1.0,1.0,0.0,0.0,-0.0,-0.0,0.0,1.0,False,1.0,-0.5657980364905775,1.0,chem
CPC004 HA1E 6H-piplartine-10.0,piplartine,HA1E,6H,10.0,102,97,0,0,1.0,1.0,0.0,0.0,-0.0,-0.0,0.0,1.0,False,1.0,-0.5657980364905775,1.0,chem
CPC004 HA1E 6H-clomid-10.0,clomid,HA1E,6H,10.0,62,33,0,0,1.0,1.0,0.0,0.0,-0.0,1.05555209794588,-1.05555209794588,1.0,False,1.0,-0.5657980364905775,1.0,chem
CPC004 HA1E 6H-primidone-10.0,primidone,HA1E,6H,10.0,44,51,0,1,1.0,0.11566128005704895,0.0,8.772913816689467,0.9368120055423965,-0.0,0.9368120055423965,0.36515299650483624,True,1.0,1.3468822589452927,0.09963345551482838,chem
CPC004 HA1E 6H-inca-6-10.0,inca-6,HA1E,6H,10.0,71,21,0,0,1.0,1.0,0.0,0.0,-0.0,-0.0,0.0,1.0,False,1.0,-0.5657980364905775,1.0,chem
CPC004 HA1E 6H-gw 3965 hydrochloride-10.0,gw 3965 hydrochloride,HA1E,6H,10.0,54,71,0,0,1.0,1.0,0.0,0.0,-0.0,-0.0,0.0,1.0,False,1.0,-0.5657980364905775,1.0,chem
CPC004 HA1E 6H-niclosamide-10.0,niclosamide,HA1E,6H,10.0,111,60,0,1,1.0,0.2678050399911292,0.0,3.3935828877005347,0.5721812539866702,1.2515304320817473,-0.6793491780950771,0.6206371159008817,True,1.0,0.6024190694424898,0.2315894701766078,chem
CPC004 HA1E 6H-BRD-K36055864 (cycloheximide)-10.0,brd-k36055864 (cycloheximide),HA1E,6H,10.0,132,121,0,0,1.0,1.0,0.0,0.0,-0.0,0.38164374225818243,-0.38164374225818243,1.0,False,1.0,-0.5657980364905775,1.0,chem
CPC004 HA1E 6H-doxepin hydrochloride-10.0,doxepin hydrochloride,HA1E,6H,10.0,155,66,1,2,0.23428022674110408,0.06783950500479832,3.928,5.1495098039215685,1.7987816939216592,-0.0,1.7987816939216592,0.08172172645556278,True,1.0,3.1067576965700088,0.016994335221592802,chem
CPC004 HA1E 6H-ag 957-10.0,ag 957,HA1E,6H,10.0,141,108,1,0,0.3548338625048991,1.0,2.370467289719626,0.0,0.44997494127189797,0.9424169712311159,-0.49244202995921793,0.7224792116748933,True,1.0,0.35291158563085046,0.27590803065644787,chem
CPC004 HA1E 6H-rhamnetin-10.0,rhamnetin,HA1E,6H,10.0,59,45,0,0,1.0,1.0,0.0,0.0,-0.0,0.6732772051014339,-0.6732772051014339,1.0,False,1.0,-0.5657980364905775,1.0,chem
CPC004 HA1E 6H-BRD-K37694030 (doxepin hydrochloride)-10.0,brd-k37694030 (doxepin hydrochloride),HA1E,6H,10.0,62,31,0,0,1.0,1.0,0.0,0.0,-0.0,0.654174227302204,-0.654174227302204,1.0,False,1.0,-0.5657980364905775,1.0,chem
CPC004 HA1E 6H-paroxetine hydrochloride-10.0,paroxetine hydrochloride,HA1E,6H,10.0,68,38,0,0,1.0,1.0,0.0,0.0,-0.0,-0.0,0.0,1.0,False,1.0,-0.5657980364905775,1.0,chem
CPC004 HA1E 6H-domperidone-10.0,domperidone,HA1E,6H,10.0,42,38,0,0,1.0,1.0,0.0,0.0,-0.0,-0.0,0.0,1.0,False,1.0,-0.5657980364905775,1.0,chem
CPC004 HA1E 6H-bithionate sodium-10.0,bithionate sodium,HA1E,6H,10.0,104,37,0,0,1.0,1.0,0.0,0.0,-0.0,-0.0,0.0,1.0,False,1.0,-0.5657980364905775,1.0,chem
CPC004 HA1E 6H-triclosan-10.0,triclosan,HA1E,6H,10.0,83,27,1,0,0.10315414265542737,1.0,9.88,0.0,0.9865133261371156,-0.0,0.9865133261371156,0.33747196297371074,True,1.0,1.4483569795896132,0.08930356547817395,chem
CPC004 HA1E 6H-cgp 57380-10.0,cgp 57380,HA1E,6H,10.0,58,26,1,0,0.0995231877673926,1.0,10.2768,0.0,1.0020757218050245,0.6798880550210863,0.3221876667839382,0.32915946999987966,True,1.0,1.4801305770325193,0.08730423192269243,chem
CPC004 HA1E 6H-suloctidil-10.0,suloctidil,HA1E,6H,10.0,63,7,0,0,1.0,1.0,0.0,0.0,-0.0,-0.0,0.0,1.0,False,1.0,-0.5657980364905775,1.0,chem
CPC004 HA1E 6H-daunorubicin-10.0,daunorubicin,HA1E,6H,10.0,70,142,1,0,0.4388444509082874,1.0,1.7892198581560284,0.0,0.35768938883102475,0.6079451464532162,-0.25025575762219143,0.800281240870174,True,1.0,0.16449303776555668,0.30023325558147285,chem
CPC004 HA1E 6H-dexamethasone acetate-10.0,dexamethasone acetate,HA1E,6H,10.0,52,26,0,1,1.0,0.13528368405107447,0.0,7.387543252595155,0.868754578523359,-0.0,0.868754578523359,0.4059026415009191,True,1.0,1.2079300477788584,0.11929356881039653,chem
CPC004 HA1E 6H-gr 113808-10.0,gr 113808,HA1E,6H,10.0,55,34,0,0,1.0,1.0,0.0,0.0,-0.0,0.7005110527328965,-0.7005110527328965,1.0,False,1.0,-0.5657980364905775,1.0,chem
CPC004 HA1E 6H-na-tosyl-phe chloromethyl ketone-10.0,na-tosyl-phe chloromethyl ketone,HA1E,6H,10.0,103,96,1,0,0.32239236928480147,1.0,2.6749473684210527,0.0,0.49161524607514395,1.5446313576673576,-1.0530161115922136,0.6873359975439419,True,1.0,0.4379282058512537,0.26024658447184273,chem
CPC004 HA1E 6H-epicatechin monogallate-10.0,epicatechin monogallate,HA1E,6H,10.0,70,73,0,0,1.0,1.0,0.0,0.0,-0.0,0.6079451464532162,-0.6079451464532162,1.0,False,1.0,-0.5657980364905775,1.0,chem
CPC004 HA1E 6H-ch 55-10.0,ch 55,HA1E,6H,10.0,119,49,0,0,1.0,1.0,0.0,0.0,-0.0,1.3093895248732201,-1.3093895248732201,1.0,False,1.0,-0.5657980364905775,1.0,chem
CPC004 HA1E 6H-toremifene-10.0,toremifene,HA1E,6H,10.0,56,23,1,0,0.08854531594645501,1.0,11.683636363636364,0.0,1.0528344080754062,-0.0,1.0528344080754062,0.30320048470151933,True,1.0,1.5837641112711842,0.08063978673775409,chem
CPC004 HA1E 6H-gm6001-10.0,gm6001,HA1E,6H,10.0,39,24,0,1,1.0,0.10318452349165337,0.0,9.93498452012384,0.9863854370713357,-0.0,0.9863854370713357,0.3375409695078972,True,1.0,1.4480958696821058,0.09030323225591469,chem
CPC004 HA1E 6H-oxibendazole-10.0,oxibendazole,HA1E,6H,10.0,46,65,0,1,1.0,0.12060593047710985,0.0,8.380392156862746,0.9186313363902346,0.7791192452552373,0.1395120911349973,0.3757148294095546,True,1.0,1.3097629570582023,0.10396534488503832,chem
CPC004 HA1E 6H-ns-1619-10.0,ns-1619,HA1E,6H,10.0,73,38,0,1,1.0,0.18485454019757608,0.0,5.215686274509804,0.733169878287848,-0.0,0.733169878287848,0.49692339298075516,True,1.0,0.9311080354980766,0.16527824058647117,chem
CPC004 HA1E 6H-dorsomorphin dihydrochloride-10.0,dorsomorphin dihydrochloride,HA1E,6H,10.0,127,194,2,1,0.18229235216471718,0.30028898086167083,2.7152777777777777,2.955182072829132,1.2616921552092744,-0.0,1.2616921552092744,0.21376960736561545,True,1.0,2.0101870169648266,0.055314895034988334,chem
CPC004 HA1E 6H-chlorprothixene hydrochloride-10.0,chlorprothixene hydrochloride,HA1E,6H,10.0,47,40,0,1,1.0,0.12306845276264378,0.0,8.19693094629156,0.9098532593918051,-0.0,0.9098532593918051,0.38089865217867586,True,1.0,1.2918408394856438,0.1072975674775075,chem
CPC004 HA1E 6H-dephostatin-10.0,dephostatin,HA1E,6H,10.0,75,49,2,0,0.01624609315139348,1.0,11.349290780141844,0.0,1.7892510609490095,1.4748933203565873,0.3143577405924223,0.08317841814898069,True,1.0,3.08729909251501,0.018327224258580473,chem
CPC004 HA1E 6H-triflupromazine hydrochloride-10.0,triflupromazine hydrochloride,HA1E,6H,10.0,57,55,0,0,1.0,1.0,0.0,0.0,-0.0,0.8460769590107509,-0.8460769590107509,1.0,False,1.0,-0.5657980364905775,1.0,chem
CPC004 HA1E 6H-sib 1893-10.0,sib 1893,HA1E,6H,10.0,49,58,0,0,1.0,1.0,0.0,0.0,-0.0,-0.0,0.0,1.0,False,1.0,-0.5657980364905775,1.0,chem
CPC004 HA1E 6H-tacrolimus-10.0,tacrolimus,HA1E,6H,10.0,72,25,0,0,1.0,1.0,0.0,0.0,-0.0,-0.0,0.0,1.0,False,1.0,-0.5657980364905775,1.0,chem
CPC004 HA1E 6H-bibx 1382 dihydrochloride-10.0,bibx 1382 dihydrochloride,HA1E,6H,10.0,55,70,0,0,1.0,1.0,0.0,0.0,-0.0,-0.0,0.0,1.0,False,1.0,-0.5657980364905775,1.0,chem
CPC004 HA1E 6H-duloxetine hydrochloride-10.0,duloxetine hydrochloride,HA1E,6H,10.0,47,27,0,0,1.0,1.0,0.0,0.0,-0.0,-0.0,0.0,1.0,False,1.0,-0.5657980364905775,1.0,chem
CPC004 HA1E 6H-nicergoline-10.0,nicergoline,HA1E,6H,10.0,57,26,1,0,0.0995231877673926,1.0,10.2768,0.0,1.0020757218050245,-0.0,1.0020757218050245,0.32915946999987966,True,1.0,1.4801305770325193,0.08730423192269243,chem
CPC004 HA1E 6H-BRD-K77830450 (forskolin)-10.0,brd-k77830450 (forskolin),HA1E,6H,10.0,54,49,0,0,1.0,1.0,0.0,0.0,-0.0,-0.0,0.0,1.0,False,1.0,-0.5657980364905775,1.0,chem
CPC004 HA1E 6H-quipazine dimaleate salt-10.0,quipazine dimaleate salt,HA1E,6H,10.0,68,38,0,1,1.0,0.17330148124690362,0.0,5.6093064091308165,0.7611977252571888,1.5222977409365865,-0.7611000156793978,0.47705089277691626,True,1.0,0.9883322280837725,0.15728090636454514,chem
CPC004 HA1E 6H-menadione-10.0,menadione,HA1E,6H,10.0,164,58,1,1,0.20898347431718034,0.3702724275593001,4.484912280701755,2.271021291952364,1.1113666816286298,-0.0,1.1113666816286298,0.27539959800960695,True,1.0,1.7032689058403936,0.07064311896034656,chem
CPC004 HA1E 6H-triciribine-10.0,triciribine,HA1E,6H,10.0,87,71,0,0,1.0,1.0,0.0,0.0,-0.0,-0.0,0.0,1.0,False,1.0,-0.5657980364905775,1.0,chem
CPC004 HA1E 6H-vorinostat-10.0,vorinostat,HA1E,6H,10.0,203,157,2,1,0.1302249279263094,0.4368539462420143,3.3833333333333333,1.821199767035527,1.244969611070778,-0.0,1.244969611070778,0.2199708228392591,True,1.0,1.9760447552580716,0.05798067310896368,chem
CPC004 HA1E 6H-sertraline hydrochloride-10.0,sertraline hydrochloride,HA1E,6H,10.0,51,50,0,0,1.0,1.0,0.0,0.0,-0.0,-0.0,0.0,1.0,False,1.0,-0.5657980364905775,1.0,chem
CPC004 HA1E 6H-rosuvastatin calcium-10.0,rosuvastatin calcium,HA1E,6H,10.0,38,77,0,0,1.0,1.0,0.0,0.0,-0.0,-0.0,0.0,1.0,False,1.0,-0.5657980364905775,1.0,chem
CPC004 HA1E 6H-BRD-K87343924 (wortmannin)-10.0,brd-k87343924 (wortmannin),HA1E,6H,10.0,91,86,0,0,1.0,1.0,0.0,0.0,-0.0,0.6692149103636079,-0.6692149103636079,1.0,False,1.0,-0.5657980364905775,1.0,chem
"CPC004 HA1E 6H-methyl 2,5-dihydroxycinnamate-10.0","methyl 2,5-dihydroxycinnamate",HA1E,6H,10.0,77,60,0,0,1.0,1.0,0.0,0.0,-0.0,-0.0,0.0,1.0,False,1.0,-0.5657980364905775,1.0,chem
CPC004 HA1E 6H-chlorpromazine-10.0,chlorpromazine,HA1E,6H,10.0,31,41,0,0,1.0,1.0,0.0,0.0,-0.0,-0.0,0.0,1.0,False,1.0,-0.5657980364905775,1.0,chem
CPC004 HA1E 6H-pifithrin- ?-10.0,pifithrin- ?,HA1E,6H,10.0,94,63,0,0,1.0,1.0,0.0,0.0,-0.0,0.4991666218731878,-0.4991666218731878,1.0,False,1.0,-0.5657980364905775,1.0,chem
CPC004 HA1E 6H-amsacrine-10.0,amsacrine,HA1E,6H,10.0,205,151,0,0,1.0,1.0,0.0,0.0,-0.0,0.2460066907297766,-0.2460066907297766,1.0,False,1.0,-0.5657980364905775,1.0,chem
CPC004 HCC515 24H-prednisolone acetate-10.0,prednisolone acetate,HCC515,24H,10.0,79,65,1,1,0.23116120526143458,0.19851694343328743,3.99,4.8099547511312215,1.3382874700712084,-0.0,1.3382874700712084,0.18729860455562133,True,1.0,2.1665709537551168,0.048983672109296904,chem
CPC004 HCC515 24H-betamethasone-10.0,betamethasone,HCC515,24H,10.0,56,73,0,0,1.0,1.0,0.0,0.0,-0.0,-0.0,0.0,1.0,False,1.0,-0.5657980364905775,1.0,chem
CPC004 HCC515 24H-norgestimate-10.0,norgestimate,HCC515,24H,10.0,108,64,1,1,0.228029969568577,0.2615578735834134,4.053968253968254,3.490379329301814,1.2244402727338999,-0.0,1.2244402727338999,0.22779928692015466,True,1.0,1.9341301974994434,0.060313228923692105,chem
CPC004 HCC515 24H-terfenadine-10.0,terfenadine,HCC515,24H,10.0,95,134,1,0,0.42007930287082296,1.0,1.8992481203007519,0.0,0.37666871543992436,1.2805869956213924,-0.903918280181468,0.7844190262350748,True,1.0,0.20324295110005347,0.29656781072975674,chem
CPC004 HCC515 24H-sb 218078-10.0,sb 218078,HCC515,24H,10.0,133,149,1,0,0.4547838135070691,1.0,1.7027027027027026,0.0,0.34219500095364996,-0.0,0.34219500095364996,0.8131230371940621,True,1.0,0.13285829119147047,0.3015661446184605,chem
CPC004 HCC515 24H-dexamethasone-10.0,dexamethasone,HCC515,24H,10.0,103,122,0,0,1.0,1.0,0.0,0.0,-0.0,-0.0,0.0,1.0,False,1.0,-0.5657980364905775,1.0,chem
CPC004 HCC515 24H-carvedilol-10.0,carvedilol,HCC515,24H,10.0,104,59,0,0,1.0,1.0,0.0,0.0,-0.0,-0.0,0.0,1.0,False,1.0,-0.5657980364905775,1.0,chem
CPC004 HCC515 24H-wortmannin-10.0,wortmannin,HCC515,24H,10.0,102,99,1,1,0.33064675184409836,0.2489122101167251,2.5918367346938775,3.7012230634828187,1.0845895383205117,-0.0,1.0845895383205117,0.28783974642918125,True,1.0,1.6485982632029235,0.0753082305898034,chem
CPC004 HCC515 24H-alaproclate-10.0,alaproclate,HCC515,24H,10.0,95,48,1,0,0.17623109129409104,1.0,5.447659574468085,0.0,0.753917469441078,-0.0,0.753917469441078,0.4821610625960958,True,1.0,0.9734681979872054,0.1586137954015328,chem
CPC004 HCC515 24H-benazepril hydrochloride-10.0,benazepril hydrochloride,HCC515,24H,10.0,142,50,0,2,1.0,0.058118138734671476,0.0,5.639285714285714,1.235688302670732,-0.0,1.235688302670732,0.2234803692025843,True,1.0,1.9570951948472255,0.058647117627457515,chem
CPC004 HCC515 24H-trichostatin a-10.0,trichostatin a,HCC515,24H,10.0,127,192,1,2,0.5435554389830185,0.04759713413967715,1.310366492146597,6.331,1.5871753499147054,-0.0,1.5871753499147054,0.12042249005102684,True,1.0,2.6747230063901037,0.02999000333222259,chem
CPC004 HCC515 24H-trimipramine maleate salt-10.0,trimipramine maleate salt,HCC515,24H,10.0,139,60,0,0,1.0,1.0,0.0,0.0,-0.0,-0.0,0.0,1.0,False,1.0,-0.5657980364905775,1.0,chem
CPC004 HCC515 24H-geldanamycin-10.0,geldanamycin,HCC515,24H,10.0,97,207,2,0,0.20132189614881243,1.0,2.5378048780487803,0.0,0.696108987856221,0.9530866876649663,-0.2569776998087453,0.5240107333343254,True,1.0,0.8554411626991534,0.17794068643785405,chem
CPC004 HCC515 24H-praziquantel-10.0,praziquantel,HCC515,24H,10.0,132,61,0,0,1.0,1.0,0.0,0.0,-0.0,-0.0,0.0,1.0,False,1.0,-0.5657980364905775,1.0,chem
CPC004 HCC515 24H-amlodipine besylate-10.0,amlodipine besylate,HCC515,24H,10.0,108,111,0,1,1.0,0.2615578735834134,0.0,3.490379329301814,0.5824322020278224,-0.0,0.5824322020278224,0.6123330609661516,True,1.0,0.6233483340247651,0.22825724758413862,chem
CPC004 HCC515 24H-emetine-10.0,emetine,HCC515,24H,10.0,164,197,1,0,0.5529262182544272,1.0,1.2759183673469388,0.0,0.25733281651222856,0.6815455556190413,-0.42421273910681273,0.8805519814078355,True,1.0,-0.04040403577323823,0.3102299233588804,chem
CPC004 HCC515 24H-clobetasol propionate-10.0,clobetasol propionate,HCC515,24H,10.0,84,116,3,0,0.010793776107306613,1.0,7.312427856868026,0.0,1.9668265946430241,-0.0,1.9668265946430241,0.059676473882873594,True,1.0,3.449853396087798,0.012329223592135955,chem
CPC004 HCC515 24H-altrenogest-10.0,altrenogest,HCC515,24H,10.0,115,73,1,1,0.25577520118246594,0.27605697904530124,3.542222222222222,3.2724458204334366,1.1511428339728507,-0.0,1.1511428339728507,0.2577638029500283,True,1.0,1.7844795034490335,0.06731089636787738,chem
CPC004 HCC515 24H-prednisolone-10.0,prednisolone,HCC515,24H,10.0,173,105,0,1,1.0,0.3862665318897547,0.0,2.149110807113543,0.4131129197228348,-0.0,0.4131129197228348,0.7536939375544159,True,1.0,0.27765074156640623,0.2882372542485838,chem
CPC004 HCC515 24H-gitoxigenin-10.0,gitoxigenin,HCC515,24H,10.0,160,80,0,1,1.0,0.36303829563143364,0.0,2.329633740288568,0.440047560351826,0.3197050344301991,0.12034252592162692,0.7308857423841325,True,1.0,0.33264294500843017,0.27924025324891705,chem
CPC004 HCC515 24H-proscillaridin a-10.0,proscillaridin a,HCC515,24H,10.0,156,179,2,2,0.1607495656133008,0.06860905357533933,2.952448210922787,5.115259740259741,1.9574687634665813,-0.0,1.9574687634665813,0.060738646931618845,True,1.0,3.4307475998412666,0.012662445851382872,chem
CPC004 HCC515 24H-teniposide-10.0,teniposide,HCC515,24H,10.0,128,167,1,0,0.49379700457940195,1.0,1.513734939759036,0.0,0.30645154886861137,-0.0,0.30645154886861137,0.8422353642308361,True,1.0,0.059881219922697626,0.30589803398867044,chem
CPC004 HCC515 24H-amcinonide-10.0,amcinonide,HCC515,24H,10.0,65,83,1,0,0.28547851525436874,1.0,3.1053658536585367,0.0,0.544426570632047,-0.0,0.544426570632047,0.643351100620738,True,1.0,0.5457525924499005,0.24225258247250916,chem
CPC004 HCC515 24H-dcpib-10.0,dcpib,HCC515,24H,10.0,92,59,0,0,1.0,1.0,0.0,0.0,-0.0,0.5069127521727649,-0.5069127521727649,1.0,False,1.0,-0.5657980364905775,1.0,chem
CPC004 HCC515 24H-ketorolac tromethamine-10.0,ketorolac tromethamine,HCC515,24H,10.0,86,103,0,1,1.0,0.21418304553206324,0.0,4.408996539792388,0.6692149103636079,-0.0,0.6692149103636079,0.5442229000312393,True,1.0,0.8005317766326675,0.19426857714095302,chem
CPC004 HCC515 24H-iopanoic acid-10.0,iopanoic acid,HCC515,24H,10.0,115,131,0,0,1.0,1.0,0.0,0.0,-0.0,-0.0,0.0,1.0,False,1.0,-0.5657980364905775,1.0,chem
CPC004 HCC515 24H-doxylamine succinate-10.0,doxylamine succinate,HCC515,24H,10.0,81,32,0,1,1.0,0.20302281257608581,0.0,4.688235294117647,0.6924551600214074,-0.0,0.6924551600214074,0.5267298823833596,True,1.0,0.8479811766387518,0.18227257580806397,chem
CPC004 HCC515 24H-mitomycin c-10.0,mitomycin c,HCC515,24H,10.0,130,231,0,1,1.0,0.3062261576822858,0.0,2.8850889192886457,0.5139577148399991,0.3183125504664386,0.1956451643735605,0.6686237998003408,True,1.0,0.4835446150188407,0.2539153615461513,chem
CPC004 HCC515 24H-donepezil hydrochloride-10.0,donepezil hydrochloride,HCC515,24H,10.0,128,102,0,0,1.0,1.0,0.0,0.0,-0.0,-0.0,0.0,1.0,False,1.0,-0.5657980364905775,1.0,chem
CPC004 HCC515 24H-desoxymetasone-10.0,desoxymetasone,HCC515,24H,10.0,73,61,0,1,1.0,0.18485454019757608,0.0,5.215686274509804,0.733169878287848,-0.0,0.733169878287848,0.49692339298075516,True,1.0,0.9311080354980766,0.16527824058647117,chem
CPC004 HCC515 24H-fipronil-10.0,fipronil,HCC515,24H,10.0,156,65,0,0,1.0,1.0,0.0,0.0,-0.0,-0.0,0.0,1.0,False,1.0,-0.5657980364905775,1.0,chem
CPC004 HCC515 24H-venlafaxine hcl-10.0,venlafaxine hcl,HCC515,24H,10.0,58,58,1,1,0.20898347431718034,0.14972984990012858,4.484912280701755,6.603715170278638,1.50457966580282,-0.0,1.50457966580282,0.13969653780871785,True,1.0,2.506088171915089,0.034988337220926355,chem
CPC004 HCC515 24H-doxorubicin-10.0,doxorubicin,HCC515,24H,10.0,198,203,2,1,0.19543641209629142,0.42870566575153174,2.589966832504146,1.8689160943565244,1.0768352957602831,0.6155444707788058,0.46129082498147733,0.2915292642814361,True,1.0,1.6327664988113129,0.07697434188603798,chem
CPC004 HCC515 24H-etomidate-10.0,etomidate,HCC515,24H,10.0,113,55,0,0,1.0,1.0,0.0,0.0,-0.0,-0.0,0.0,1.0,False,1.0,-0.5657980364905775,1.0,chem
CPC004 HCC515 24H-primaquine diphosphate-10.0,primaquine diphosphate,HCC515,24H,10.0,75,59,0,0,1.0,1.0,0.0,0.0,-0.0,0.5820149725522035,-0.5820149725522035,1.0,False,1.0,-0.5657980364905775,1.0,chem
CPC004 HCC515 24H-piroxicam-10.0,piroxicam,HCC515,24H,10.0,96,46,0,1,1.0,0.23606221727130583,0.0,3.9386996904024767,0.6269735179770268,-0.0,0.6269735179770268,0.5768557686317375,True,1.0,0.7142879215245019,0.21192935688103964,chem
CPC004 HCC515 24H-selamectin-10.0,selamectin,HCC515,24H,10.0,108,237,2,0,0.2460765316944577,1.0,2.203191489361702,0.0,0.6089298029635682,1.3062204835793345,-0.6972906806157663,0.5911035587522069,True,1.0,0.6774482376193828,0.21826057980673108,chem
CPC004 HCC515 24H-budesonide-10.0,budesonide,HCC515,24H,10.0,101,104,0,0,1.0,1.0,0.0,0.0,-0.0,-0.0,0.0,1.0,False,1.0,-0.5657980364905775,1.0,chem
CPC004 HCC515 24H-cycloheximide-10.0,cycloheximide,HCC515,24H,10.0,162,180,2,1,0.1621695400840522,0.3666651164940382,2.9353932584269664,2.299963463646328,1.2257611206074541,-0.0,1.2257611206074541,0.22728836408008735,True,1.0,1.9368269602288588,0.05998000666444518,chem
CPC004 HCC515 24H-naltrexone hydrochloride-10.0,naltrexone hydrochloride,HCC515,24H,10.0,57,104,1,1,0.3441896386312761,0.14733809139070556,2.4640776699029128,6.722689075630252,1.2948871679370222,-0.0,1.2948871679370222,0.20191525830677345,True,1.0,2.077960963472211,0.05131622792402533,chem
"CPC004 HCC515 24H-betamethasone 17,21-dipropionate-10.0","betamethasone 17,21-dipropionate",HCC515,24H,10.0,91,115,0,0,1.0,1.0,0.0,0.0,-0.0,-0.0,0.0,1.0,False,1.0,-0.5657980364905775,1.0,chem
CPC004 HCC515 24H-nafronyl oxalate-10.0,nafronyl oxalate,HCC515,24H,10.0,63,97,0,0,1.0,1.0,0.0,0.0,-0.0,-0.0,0.0,1.0,False,1.0,-0.5657980364905775,1.0,chem
CPC004 HCC515 24H-brompheniramine maleate-10.0,brompheniramine maleate,HCC515,24H,10.0,98,103,0,0,1.0,1.0,0.0,0.0,-0.0,-0.0,0.0,1.0,False,1.0,-0.5657980364905775,1.0,chem
CPC004 HCC515 24H-ouabain-10.0,ouabain,HCC515,24H,10.0,207,225,2,1,0.2280697551616865,0.44329341270424066,2.3262331838565022,1.7846944603083952,0.9952410258889444,-0.0,0.9952410258889444,0.3327894959713423,True,1.0,1.4661762424097327,0.08797067644118627,chem
CPC004 HCC515 24H-cyclosporine-10.0,cyclosporine,HCC515,24H,10.0,89,30,0,1,1.0,0.22080816526115815,0.0,4.25668449197861,0.6559848708780861,0.5189161834954105,0.13706868738267564,0.5543302840384712,True,1.0,0.7735201289572675,0.20059980006664446,chem
CPC004 HCC515 24H-skf 96365 hydrochloride-10.0,skf 96365 hydrochloride,HCC515,24H,10.0,137,78,0,1,1.0,0.31989507325738825,0.0,2.7335640138408306,0.4949924484860915,-0.0,0.4949924484860915,0.6844993962881079,True,1.0,0.4448234083752413,0.25924691769410196,chem
CPC004 HCC515 24H-exemestane-10.0,exemestane,HCC515,24H,10.0,77,52,0,0,1.0,1.0,0.0,0.0,-0.0,-0.0,0.0,1.0,False,1.0,-0.5657980364905775,1.0,chem
CPC004 HCC515 24H-liothyronine-10.0,liothyronine,HCC515,24H,10.0,103,48,1,1,0.17623109129409104,0.2510339270372992,5.447659574468085,3.6643598615916955,1.3541850494366323,-0.0,1.3541850494366323,0.18218583750154513,True,1.0,2.1990288926131583,0.04865044985004998,chem
CPC004 HCC515 24H-BRD-A75409952 (wortmannin)-10.0,brd-a75409952 (wortmannin),HCC515,24H,10.0,55,98,0,1,1.0,0.14253549916594765,0.0,6.973856209150327,0.8460769590107509,-0.0,0.8460769590107509,0.42021805492144515,True,1.0,1.1616293644693567,0.12662445851382872,chem
CPC004 HCC515 24H-prednisolone hemisuccinate-10.0,prednisolone hemisuccinate,HCC515,24H,10.0,73,69,1,0,0.24356446254161507,1.0,3.7529411764705882,0.0,0.6133860774839782,-0.0,0.6133860774839782,0.5875684886535021,True,1.0,0.686546571560253,0.21726091302899034,chem
CPC004 HCC515 24H-sirolimus-10.0,sirolimus,HCC515,24H,10.0,98,160,1,0,0.4789552803183255,1.0,1.5821383647798741,0.0,0.3197050344301991,1.6286279280705744,-1.3089228936403754,0.8315372742539694,True,1.0,0.08694073723195293,0.30389870043318895,chem
CPC004 HCC515 24H-meloxicam sodium-10.0,meloxicam sodium,HCC515,24H,10.0,129,81,0,0,1.0,1.0,0.0,0.0,-0.0,-0.0,0.0,1.0,False,1.0,-0.5657980364905775,1.0,chem
CPC004 HCC515 24H-nadolol-10.0,nadolol,HCC515,24H,10.0,85,85,2,0,0.04516681706447645,1.0,6.390562248995984,0.0,1.3451805133801575,-0.0,1.3451805133801575,0.18506618189240695,True,1.0,2.180644415703312,0.048983672109296904,chem
CPC004 HCC515 24H-alclometazone dipropionate-10.0,alclometazone dipropionate,HCC515,24H,10.0,79,65,2,1,0.02763088522569296,0.19851694343328743,8.445767195767196,4.8099547511312215,2.2608076213904527,-0.0,2.2608076213904527,0.03403950925639931,True,1.0,4.050071704313103,0.004998333888703766,chem
CPC004 HCC515 24H-betamethasone acetate-10.0,betamethasone acetate,HCC515,24H,10.0,90,119,1,0,0.3832558767415772,1.0,2.145762711864407,0.0,0.4165111770688363,-0.0,0.4165111770688363,0.7508183556398104,True,1.0,0.2845889317540458,0.28723758747084305,chem
CPC004 HCC515 24H-digitoxin-10.0,digitoxin,HCC515,24H,10.0,203,231,1,1,0.6119141845397261,0.4368539462420143,1.081391304347826,1.821199767035527,0.5729732162916867,-0.0,0.5729732162916867,0.6199938467874685,True,1.0,0.6040360114613488,0.23058980339886703,chem
CPC004 HCC515 24H-dexamethasone acetate-10.0,dexamethasone acetate,HCC515,24H,10.0,69,78,1,0,0.27077226419384126,1.0,3.3096103896103894,0.0,0.5673958234598213,-0.0,0.5673958234598213,0.6245300442583144,True,1.0,0.5926487007668858,0.23292235921359547,chem
CPC004 HCC515 24H-digoxin-10.0,digoxin,HCC515,24H,10.0,203,226,2,2,0.22956603297339304,0.10782681473710863,2.3154761904761907,3.889925373134328,1.606365594454433,-0.0,1.606365594454433,0.11631099265792265,True,1.0,2.713903548888042,0.027657447517494167,chem
CPC004 HCC515 24H-ru 24969-10.0,ru 24969,HCC515,24H,10.0,88,54,0,0,1.0,1.0,0.0,0.0,-0.0,-0.0,0.0,1.0,False,1.0,-0.5657980364905775,1.0,chem
CPC004 HCC515 24H-amoxapine-10.0,amoxapine,HCC515,24H,10.0,61,39,0,0,1.0,1.0,0.0,0.0,-0.0,0.9863854370713357,-0.9863854370713357,1.0,False,1.0,-0.5657980364905775,1.0,chem
CPC004 HCC515 24H-nsc 663284-10.0,nsc 663284,HCC515,24H,10.0,145,209,2,0,0.20427367226188273,1.0,2.512479871175523,0.0,0.6897876036474672,-0.0,0.6897876036474672,0.5287204537643515,True,1.0,0.8425348517803873,0.18227257580806397,chem
CPC004 HCC515 24H-ro 31-8220 mesylate-10.0,ro 31-8220 mesylate,HCC515,24H,10.0,155,235,1,1,0.6183404331302317,0.3538852354311746,1.0622222222222222,2.407181054239878,0.6599099104977089,0.64261495082516,0.017294959672548904,0.5513206150916361,True,1.0,0.7815338455779367,0.19926691102965677,chem
CPC004 HCC515 24H-raf1 kinase inhibitor i-10.0,raf1 kinase inhibitor i,HCC515,24H,10.0,59,60,0,2,1.0,0.01137541774547376,0.0,14.032894736842104,1.944032645552364,-0.0,1.944032645552364,0.06229520691038206,True,1.0,3.403315203768591,0.012662445851382872,chem
CPC004 HCC515 24H-perphenazine-10.0,perphenazine,HCC515,24H,10.0,112,77,1,1,0.2677962916415009,0.26987631286244124,3.353684210526316,3.3624801271860094,1.1410306732032676,1.7238220446053076,-0.5827913714020401,0.2621532362883686,True,1.0,1.7638335995389283,0.06731089636787738,chem
CPC004 HCC515 24H-nocodazole-10.0,nocodazole,HCC515,24H,10.0,54,66,1,1,0.23428022674110408,0.14012463365282468,3.928,7.1065482796892345,1.4837498741564694,-0.0,1.4837498741564694,0.14498546335396953,True,1.0,2.4635601814492296,0.036654448517160945,chem
CPC004 HCC515 24H-benzopurpurin (b)-10.0,benzopurpurin (b),HCC515,24H,10.0,120,60,0,0,1.0,1.0,0.0,0.0,-0.0,-0.0,0.0,1.0,False,1.0,-0.5657980364905775,1.0,chem
CPC004 HCC515 24H-erythrosine sodium-10.0,erythrosine sodium,HCC515,24H,10.0,126,145,1,1,0.44572971792515226,0.29829928128118294,1.751111111111111,2.9792941176470586,0.8762762024601516,0.4746892976383899,0.4015869048217617,0.40123603992282403,True,1.0,1.2232868769062268,0.11629456847717427,chem
CPC004 HCC515 24H-chloroxine-10.0,chloroxine,HCC515,24H,10.0,94,73,1,0,0.25577520118246594,1.0,3.542222222222222,0.0,0.5921415650633886,0.4991666218731878,0.09297494319020078,0.6045135210175503,True,1.0,0.6431718495748338,0.2242585804731756,chem
CPC004 HCC515 24H-indirubin-3?-monoxime-10.0,indirubin-3?-monoxime,HCC515,24H,10.0,98,52,0,0,1.0,1.0,0.0,0.0,-0.0,0.484250513560811,-0.484250513560811,1.0,False,1.0,-0.5657980364905775,1.0,chem
CPC004 HCC515 24H-phenolphthalein-10.0,phenolphthalein,HCC515,24H,10.0,88,51,0,0,1.0,1.0,0.0,0.0,-0.0,-0.0,0.0,1.0,False,1.0,-0.5657980364905775,1.0,chem
CPC004 HCC515 24H-rs 39604 hydrochloride-10.0,rs 39604 hydrochloride,HCC515,24H,10.0,88,57,0,0,1.0,1.0,0.0,0.0,-0.0,-0.0,0.0,1.0,False,1.0,-0.5657980364905775,1.0,chem
CPC004 HCC515 24H-simvastatin-10.0,simvastatin,HCC515,24H,10.0,92,89,2,1,0.04906469693001235,0.22738050782237604,6.092911877394636,4.1144149967679375,1.9524776473403835,0.6559848708780861,1.2964927764622973,0.06131249640053979,True,1.0,3.4205572848043837,0.012662445851382872,chem
CPC004 HCC515 24H-piplartine-10.0,piplartine,HCC515,24H,10.0,194,142,0,1,1.0,0.42210700254165345,0.0,1.9088692471807376,0.3745774430600587,0.26175376707064035,0.11282367598941834,0.7861727880816616,True,1.0,0.19897321987362404,0.29656781072975674,chem
CPC004 HCC515 24H-physostigmine salicylate-10.0,physostigmine salicylate,HCC515,24H,10.0,89,38,0,0,1.0,1.0,0.0,0.0,-0.0,-0.0,0.0,1.0,False,1.0,-0.5657980364905775,1.0,chem
CPC004 HCC515 24H-pipamperone-10.0,pipamperone,HCC515,24H,10.0,116,54,0,2,1.0,0.04039696121604731,0.0,6.953947368421052,1.3936513026304365,-0.0,1.3936513026304365,0.17003083861262303,True,1.0,2.2796067720296023,0.044318560479840056,chem
CPC004 HCC515 24H-flutamide-10.0,flutamide,HCC515,24H,10.0,55,66,1,0,0.23428022674110408,1.0,3.928,0.0,0.6302643643249608,-0.0,0.6302643643249608,0.5742764374546072,True,1.0,0.7210068116836391,0.21059646784405198,chem
CPC004 HCC515 24H-hypericin-10.0,hypericin,HCC515,24H,10.0,139,55,1,1,0.1992915786095541,0.3237535128007305,4.736296296296296,2.6930946291560103,1.1902965634221312,-0.0,1.1902965634221312,0.2413588235889312,True,1.0,1.864419306064081,0.06264578473842053,chem
CPC004 HCC515 24H-ranitidine hydrochloride-10.0,ranitidine hydrochloride,HCC515,24H,10.0,104,43,1,1,0.15936974499723136,0.25314998249379406,6.100952380952381,3.6282124500285553,1.3942162205718134,-0.0,1.3942162205718134,0.16986229001936537,True,1.0,2.2807601596982243,0.044318560479840056,chem
CPC004 HCC515 24H-mycophenolic acid-10.0,mycophenolic acid,HCC515,24H,10.0,154,88,0,1,1.0,0.35203977910584294,0.0,2.423298731257209,0.45340826018642966,0.9920443883781136,-0.5386361281916839,0.7195732164667935,True,1.0,0.359921360694493,0.2729090303232256,chem
CPC004 HCC515 24H-inca-6-10.0,inca-6,HCC515,24H,10.0,59,49,0,1,1.0,0.15211527114417434,0.0,6.488843813387424,0.8178271841013225,-0.0,0.8178271841013225,0.438566075937874,True,1.0,1.1039520636874585,0.13462179273575475,chem
CPC004 HCC515 24H-gw 3965 hydrochloride-10.0,gw 3965 hydrochloride,HCC515,24H,10.0,99,31,0,2,1.0,0.030206888268058903,0.0,8.19458762886598,1.51989401082787,-0.0,1.51989401082787,0.13592149086482197,True,1.0,2.537355326684268,0.034988337220926355,chem
CPC004 HCC515 24H-niclosamide-10.0,niclosamide,HCC515,24H,10.0,109,262,3,0,0.08591898292091757,1.0,3.1168373342286384,0.0,1.0659108726413489,1.4674288680882654,-0.4015179954469166,0.2967942803926781,True,1.0,1.6104622064720064,0.07830723092302566,chem
CPC004 HCC515 24H-BRD-K36055864 (cycloheximide)-10.0,brd-k36055864 (cycloheximide),HCC515,24H,10.0,96,130,1,1,0.41047189995613526,0.23606221727130583,1.9593798449612403,3.9386996904024767,1.01369008639173,-0.0,1.01369008639173,0.32306472141261494,True,1.0,1.5038435164030368,0.08597134288570477,chem
CPC004 HCC515 24H-ag 957-10.0,ag 957,HCC515,24H,10.0,104,65,1,0,0.23116120526143458,1.0,3.99,0.0,0.6360850498129149,-0.0,0.6360850498129149,0.5697291422040203,True,1.0,0.7328908507148143,0.20826391202932357,chem
CPC004 HCC515 24H-rhamnetin-10.0,rhamnetin,HCC515,24H,10.0,55,83,0,0,1.0,1.0,0.0,0.0,-0.0,0.6829719575049308,-0.6829719575049308,1.0,False,1.0,-0.5657980364905775,1.0,chem
CPC004 HCC515 24H-paroxetine hydrochloride-10.0,paroxetine hydrochloride,HCC515,24H,10.0,122,187,1,1,0.5339959520588831,0.2902869203869858,1.3466666666666667,3.079727758872144,0.8096345670821439,1.027537620792249,-0.2179030537101052,0.44399362197454795,True,1.0,1.0872252742698068,0.13695434855048316,chem
CPC004 HCC515 24H-bithionate sodium-10.0,bithionate sodium,HCC515,24H,10.0,108,258,2,0,0.2777559406246516,1.0,2.015625,0.0,0.5563366436277255,1.9345067017552346,-1.3781700581275091,0.6335647620436728,True,1.0,0.5700692769087506,0.23658780406531157,chem
CPC004 HCC515 24H-rottlerin-10.0,rottlerin,HCC515,24H,10.0,133,253,2,0,0.27020375101491784,1.0,2.057436918990704,0.0,0.5683086263214903,1.885499355450011,-1.3171907291285208,0.6237866975291,True,1.0,0.5945123618181987,0.23192269243585473,chem
CPC004 HCC515 24H-l 161982-10.0,l 161982,HCC515,24H,10.0,84,86,0,0,1.0,1.0,0.0,0.0,-0.0,-0.0,0.0,1.0,False,1.0,-0.5657980364905775,1.0,chem
CPC004 HCC515 24H-triclosan-10.0,triclosan,HCC515,24H,10.0,89,200,2,0,0.1910391957611451,1.0,2.6304713804713806,0.0,0.7188775188444436,2.292890166246941,-1.5740126474024974,0.5072619173784185,True,1.0,0.9019274591167366,0.16994335221592802,chem
CPC004 HCC515 24H-protriptyline hydrochloride-10.0,protriptyline hydrochloride,HCC515,24H,10.0,107,44,0,2,1.0,0.034854603121327286,0.0,7.560714285714286,1.4577398580773482,-0.0,1.4577398580773482,0.15184652064411236,True,1.0,2.4104557752885705,0.03732089303565478,chem
CPC004 HCC515 24H-cgp 57380-10.0,cgp 57380,HCC515,24H,10.0,99,113,0,0,1.0,1.0,0.0,0.0,-0.0,0.4806357392933227,-0.4806357392933227,1.0,False,1.0,-0.5657980364905775,1.0,chem
CPC004 HCC515 24H-y-27152-10.0,y-27152,HCC515,24H,10.0,107,52,1,0,0.18948555439160833,1.0,5.017254901960785,0.0,0.7224238932797868,-0.0,0.7224238932797868,0.5046838763319719,True,1.0,0.9091680585780887,0.1696101299566811,chem
CPC004 HCC515 24H-amg 9810-10.0,amg 9810,HCC515,24H,10.0,118,39,0,1,1.0,0.2821882079010582,0.0,3.1870286576168927,0.5494611385281714,-0.0,0.5494611385281714,0.6392073745113322,True,1.0,0.5560316225583753,0.24025324891702765,chem
CPC004 HCC515 24H-daunorubicin-10.0,daunorubicin,HCC515,24H,10.0,145,231,3,1,0.06376752379373124,0.3352051654142246,3.5583524027459954,2.5784313725490198,1.6700897447502128,0.6692409599058425,1.0008487848443703,0.10357405555320934,True,1.0,2.844008549563779,0.02332555814728424,chem
CPC004 HCC515 24H-prednicarbate-10.0,prednicarbate,HCC515,24H,10.0,74,60,0,1,1.0,0.18714677864101364,0.0,5.143432715551974,0.7278176439995865,-0.0,0.7278176439995865,0.5007789641472482,True,1.0,0.9201804288927504,0.16694435188270576,chem
CPC004 HCC515 24H-BRD-K47635719 (dexamethasone acetate)-10.0,brd-k47635719 (dexamethasone acetate),HCC515,24H,10.0,127,124,0,0,1.0,1.0,0.0,0.0,-0.0,-0.0,0.0,1.0,False,1.0,-0.5657980364905775,1.0,chem
CPC004 HCC515 24H-emd 386088 hydrochloride-10.0,emd 386088 hydrochloride,HCC515,24H,10.0,148,63,0,0,1.0,1.0,0.0,0.0,-0.0,-0.0,0.0,1.0,False,1.0,-0.5657980364905775,1.0,chem
CPC004 HCC515 24H-nbqx disodium salt-10.0,nbqx disodium salt,HCC515,24H,10.0,78,45,0,0,1.0,1.0,0.0,0.0,-0.0,-0.0,0.0,1.0,False,1.0,-0.5657980364905775,1.0,chem
CPC004 HCC515 24H-immethridine dihydrobromide-10.0,immethridine dihydrobromide,HCC515,24H,10.0,103,58,0,0,1.0,1.0,0.0,0.0,-0.0,-0.0,0.0,1.0,False,1.0,-0.5657980364905775,1.0,chem
CPC004 HCC515 24H-epicatechin monogallate-10.0,epicatechin monogallate,HCC515,24H,10.0,88,42,0,1,1.0,0.21860567577854212,0.0,4.306288032454361,0.6603385664151288,-0.0,0.6603385664151288,0.5509924883422137,True,1.0,0.7824090283487812,0.19926691102965677,chem
CPC004 HCC515 24H-ch 55-10.0,ch 55,HCC515,24H,10.0,112,73,0,1,1.0,0.26987631286244124,0.0,3.3624801271860094,0.5688352319480254,-0.0,0.5688352319480254,0.6233580203702593,True,1.0,0.5955875275925274,0.2315894701766078,chem
CPC004 HCC515 24H-gm6001-10.0,gm6001,HCC515,24H,10.0,118,63,0,1,1.0,0.2821882079010582,0.0,3.1870286576168927,0.5494611385281714,-0.0,0.5494611385281714,0.6392073745113322,True,1.0,0.5560316225583753,0.24025324891702765,chem
CPC004 HCC515 24H-amperozide-10.0,amperozide,HCC515,24H,10.0,83,54,0,0,1.0,1.0,0.0,0.0,-0.0,-0.0,0.0,1.0,False,1.0,-0.5657980364905775,1.0,chem
CPC004 HCC515 24H-penicillin g potassium-10.0,penicillin g potassium,HCC515,24H,10.0,122,65,0,1,1.0,0.2902869203869858,0.0,3.079727758872144,0.5371725319662184,-0.0,0.5371725319662184,0.6493385927397808,True,1.0,0.5309420896634559,0.24425191602799068,chem
CPC004 HCC515 24H-irbesartan-10.0,irbesartan,HCC515,24H,10.0,122,61,0,0,1.0,1.0,0.0,0.0,-0.0,0.40804997374612706,-0.40804997374612706,1.0,False,1.0,-0.5657980364905775,1.0,chem
CPC004 HCC515 24H-dephostatin-10.0,dephostatin,HCC515,24H,10.0,87,75,0,0,1.0,1.0,0.0,0.0,-0.0,-0.0,0.0,1.0,False,1.0,-0.5657980364905775,1.0,chem
CPC004 HCC515 24H-anagrelide hydrochloride-10.0,anagrelide hydrochloride,HCC515,24H,10.0,113,79,0,0,1.0,1.0,0.0,0.0,-0.0,-0.0,0.0,1.0,False,1.0,-0.5657980364905775,1.0,chem
CPC004 HCC515 24H-guanabenz acetate-10.0,guanabenz acetate,HCC515,24H,10.0,111,33,0,1,1.0,0.2678050399911292,0.0,3.3935828877005347,0.5721812539866702,-0.0,0.5721812539866702,0.6206371159008817,True,1.0,0.6024190694424898,0.2315894701766078,chem
CPC004 HCC515 24H-triflupromazine hydrochloride-10.0,triflupromazine hydrochloride,HCC515,24H,10.0,129,48,0,0,1.0,1.0,0.0,0.0,-0.0,-0.0,0.0,1.0,False,1.0,-0.5657980364905775,1.0,chem
CPC004 HCC515 24H-evista-10.0,evista,HCC515,24H,10.0,54,44,0,0,1.0,1.0,0.0,0.0,-0.0,-0.0,0.0,1.0,False,1.0,-0.5657980364905775,1.0,chem
CPC004 HCC515 24H-dihydrosamidin-10.0,dihydrosamidin,HCC515,24H,10.0,90,37,0,0,1.0,1.0,0.0,0.0,-0.0,-0.0,0.0,1.0,False,1.0,-0.5657980364905775,1.0,chem
CPC004 HCC515 24H-gw 4064-10.0,gw 4064,HCC515,24H,10.0,100,34,0,0,1.0,1.0,0.0,0.0,-0.0,-0.0,0.0,1.0,False,1.0,-0.5657980364905775,1.0,chem
CPC004 HCC515 24H-fluvastatin-10.0,fluvastatin,HCC515,24H,10.0,80,81,1,0,0.27963056333538894,1.0,3.184,0.0,0.5534153623881152,0.6924551600214074,-0.13903979763329222,0.6359598652064666,True,1.0,0.5641049243691031,0.23858713762079306,chem
CPC004 HCC515 24H-zoxazolamine-10.0,zoxazolamine,HCC515,24H,10.0,82,34,0,0,1.0,1.0,0.0,0.0,-0.0,-0.0,0.0,1.0,False,1.0,-0.5657980364905775,1.0,chem
CPC004 HCC515 24H-pivmecillinam hydrochloride-10.0,pivmecillinam hydrochloride,HCC515,24H,10.0,116,43,0,0,1.0,1.0,0.0,0.0,-0.0,-0.0,0.0,1.0,False,1.0,-0.5657980364905775,1.0,chem
CPC004 HCC515 24H-sib 1893-10.0,sib 1893,HCC515,24H,10.0,81,106,0,1,1.0,0.20302281257608581,0.0,4.688235294117647,0.6924551600214074,-0.0,0.6924551600214074,0.5267298823833596,True,1.0,0.8479811766387518,0.18227257580806397,chem
CPC004 HCC515 24H-BRD-K67847053 (guanabenz acetate)-10.0,brd-k67847053 (guanabenz acetate),HCC515,24H,10.0,107,48,0,1,1.0,0.2594643221145999,0.0,3.5238623751387346,0.5859223517808939,-0.0,0.5859223517808939,0.6095169987002739,True,1.0,0.6304741400790493,0.22725758080639788,chem
CPC004 HCC515 24H-deracoxib-10.0,deracoxib,HCC515,24H,10.0,25,58,0,0,1.0,1.0,0.0,0.0,-0.0,-0.0,0.0,1.0,False,1.0,-0.5657980364905775,1.0,chem
CPC004 HCC515 24H-quetiapine-10.0,quetiapine,HCC515,24H,10.0,74,45,0,0,1.0,1.0,0.0,0.0,-0.0,-0.0,0.0,1.0,False,1.0,-0.5657980364905775,1.0,chem
CPC004 HCC515 24H-thiethylperazine dimalate-10.0,thiethylperazine dimalate,HCC515,24H,10.0,142,62,0,1,1.0,0.329502428825324,0.0,2.634543178973717,0.4821413797906146,0.7979650974991642,-0.3158237177085496,0.6953066522222757,True,1.0,0.4185855018115866,0.263245584805065,chem
CPC004 HCC515 24H-benzoxiquine-10.0,benzoxiquine,HCC515,24H,10.0,114,61,1,0,0.2185625172745057,1.0,4.258666666666667,0.0,0.6604243160213854,-0.0,0.6604243160213854,0.5509268621917025,True,1.0,0.7825841025165525,0.1979340219926691,chem
CPC004 HCC515 24H-bibx 1382 dihydrochloride-10.0,bibx 1382 dihydrochloride,HCC515,24H,10.0,148,158,1,1,0.474638509850464,0.3408620718587047,1.6028025477707006,2.524609843937575,0.791058348719095,1.4982771796172583,-0.7072188308981633,0.456476577708829,True,1.0,1.0492983832644485,0.14261912695768078,chem
CPC004 HCC515 24H-duloxetine hydrochloride-10.0,duloxetine hydrochloride,HCC515,24H,10.0,68,47,0,0,1.0,1.0,0.0,0.0,-0.0,-0.0,0.0,1.0,False,1.0,-0.5657980364905775,1.0,chem
CPC004 HCC515 24H-psb 06126-10.0,psb 06126,HCC515,24H,10.0,64,36,0,0,1.0,1.0,0.0,0.0,-0.0,-0.0,0.0,1.0,False,1.0,-0.5657980364905775,1.0,chem
CPC004 HCC515 24H-arcyriaflavin a-10.0,arcyriaflavin a,HCC515,24H,10.0,63,64,0,0,1.0,1.0,0.0,0.0,-0.0,0.6480366652921943,-0.6480366652921943,1.0,False,1.0,-0.5657980364905775,1.0,chem
CPC004 HCC515 24H-rizatriptan benzoate-10.0,rizatriptan benzoate,HCC515,24H,10.0,76,44,0,1,1.0,0.19171300447706718,0.0,5.004705882352941,0.7173484266051238,-0.0,0.7173484266051238,0.5083760703273993,True,1.0,0.8988055258166209,0.17194268577140953,chem
CPC004 HCC515 24H-fluspirilen-10.0,fluspirilen,HCC515,24H,10.0,83,36,0,1,1.0,0.2075047499425856,0.0,4.572453371592539,0.6829719575049308,0.544426570632047,0.13854538687288376,0.5338269372261669,True,1.0,0.8286194109017821,0.18693768743752082,chem
CPC004 HCC515 24H-albendazole-10.0,albendazole,HCC515,24H,10.0,68,66,0,0,1.0,1.0,0.0,0.0,-0.0,-0.0,0.0,1.0,False,1.0,-0.5657980364905775,1.0,chem
CPC004 HCC515 24H-triciribine-10.0,triciribine,HCC515,24H,10.0,145,73,0,2,1.0,0.06031376518151339,0.0,5.518356643356643,1.2195835591676862,-0.0,1.2195835591676862,0.2296865743512617,True,1.0,1.9242142909101652,0.06064645118293902,chem
CPC004 HCC515 24H-vorinostat-10.0,vorinostat,HCC515,24H,10.0,184,227,2,2,0.23106318781804644,0.09130289334900168,2.3048148148148146,4.309065934065934,1.6757846989377585,0.32379948449632856,1.35198521444143,0.10250138704541599,True,1.0,2.8556358841767913,0.02332555814728424,chem
CPC004 HCC515 24H-sertraline hydrochloride-10.0,sertraline hydrochloride,HCC515,24H,10.0,101,59,0,0,1.0,1.0,0.0,0.0,-0.0,-0.0,0.0,1.0,False,1.0,-0.5657980364905775,1.0,chem
CPC004 HCC515 24H-rosuvastatin calcium-10.0,rosuvastatin calcium,HCC515,24H,10.0,69,79,1,0,0.27373660458329735,1.0,3.2666666666666666,0.0,0.5626671240162882,-0.0,0.5626671240162882,0.6283867197859572,True,1.0,0.5829941594126171,0.2339220259913362,chem
CPC004 HCC515 24H-BRD-K87343924 (wortmannin)-10.0,brd-k87343924 (wortmannin),HCC515,24H,10.0,65,73,0,0,1.0,1.0,0.0,0.0,-0.0,-0.0,0.0,1.0,False,1.0,-0.5657980364905775,1.0,chem
"CPC004 HCC515 24H-methyl 2,5-dihydroxycinnamate-10.0","methyl 2,5-dihydroxycinnamate",HCC515,24H,10.0,73,93,0,0,1.0,1.0,0.0,0.0,-0.0,-0.0,0.0,1.0,False,1.0,-0.5657980364905775,1.0,chem
CPC004 HCC515 24H-chlorpromazine-10.0,chlorpromazine,HCC515,24H,10.0,92,52,0,0,1.0,1.0,0.0,0.0,-0.0,0.868754578523359,-0.868754578523359,1.0,False,1.0,-0.5657980364905775,1.0,chem
CPC004 HCC515 24H-benzonatate-10.0,benzonatate,HCC515,24H,10.0,67,53,0,1,1.0,0.1709723885348117,0.0,5.695187165775401,0.7670740210418253,-0.0,0.7670740210418253,0.47295291793453675,True,1.0,1.0003298061367136,0.15361546151282907,chem
CPC004 HCC515 24H-dienestrol-10.0,dienestrol,HCC515,24H,10.0,46,46,0,0,1.0,1.0,0.0,0.0,-0.0,-0.0,0.0,1.0,False,1.0,-0.5657980364905775,1.0,chem
CPC004 HCC515 24H-dmbi-10.0,dmbi,HCC515,24H,10.0,106,36,1,0,0.13520538753090064,1.0,7.329142857142857,0.0,0.8690060027115124,-0.0,0.8690060027115124,0.40574599594107874,True,1.0,1.208443378188409,0.11729423525491503,chem
CPC004 HCC515 24H-pifithrin- ?-10.0,pifithrin- ?,HCC515,24H,10.0,133,72,0,0,1.0,1.0,0.0,0.0,-0.0,-0.0,0.0,1.0,False,1.0,-0.5657980364905775,1.0,chem
CPC004 HCC515 24H-amsacrine-10.0,amsacrine,HCC515,24H,10.0,112,157,1,0,0.47246724951921515,1.0,1.6133333333333333,0.0,0.3256282905325813,-0.0,0.3256282905325813,0.8267169791481668,True,1.0,0.09903419372569978,0.303565478173942,chem
CPC004 HCC515 6H-prednisolone acetate-10.0,prednisolone acetate,HCC515,6H,10.0,49,29,1,0,0.11037386480255901,1.0,9.17142857142857,0.0,0.9571337501189711,-0.0,0.9571337501189711,0.353624828228642,True,1.0,1.388372974468297,0.0943018993668777,chem
CPC004 HCC515 6H-betamethasone-10.0,betamethasone,HCC515,6H,10.0,125,92,1,0,0.3112341529856881,1.0,2.7942857142857145,0.0,0.5069127521727649,0.6432467679157314,-0.13633401574296655,0.6745096898258748,True,1.0,0.46916098074005225,0.2562479173608797,chem
CPC004 HCC515 6H-terfenadine-10.0,terfenadine,HCC515,6H,10.0,55,22,0,0,1.0,1.0,0.0,0.0,-0.0,-0.0,0.0,1.0,False,1.0,-0.5657980364905775,1.0,chem
CPC004 HCC515 6H-sb 218078-10.0,sb 218078,HCC515,6H,10.0,57,59,0,1,1.0,0.14733809139070556,0.0,6.722689075630252,0.831684960270828,-0.0,0.831684960270828,0.429494277551866,True,1.0,1.1322453554697598,0.13062312562479172,chem
CPC004 HCC515 6H-dexamethasone-10.0,dexamethasone,HCC515,6H,10.0,79,47,0,0,1.0,1.0,0.0,0.0,-0.0,-0.0,0.0,1.0,False,1.0,-0.5657980364905775,1.0,chem
CPC004 HCC515 6H-wortmannin-10.0,wortmannin,HCC515,6H,10.0,47,33,0,0,1.0,1.0,0.0,0.0,-0.0,-0.0,0.0,1.0,False,1.0,-0.5657980364905775,1.0,chem
CPC004 HCC515 6H-trichostatin a-10.0,trichostatin a,HCC515,6H,10.0,196,165,2,0,0.1411544678573126,1.0,3.21319018404908,0.0,0.8503053708995062,0.2587956062261495,0.5915097646733567,0.4175208670331433,True,1.0,1.1702624734098497,0.12295901366211263,chem
CPC004 HCC515 6H-geldanamycin-10.0,geldanamycin,HCC515,6H,10.0,85,53,0,0,1.0,1.0,0.0,0.0,-0.0,0.5356881335312719,-0.5356881335312719,1.0,False,1.0,-0.5657980364905775,1.0,chem
CPC004 HCC515 6H-emetine-10.0,emetine,HCC515,6H,10.0,183,140,0,0,1.0,1.0,0.0,0.0,-0.0,-0.0,0.0,1.0,False,1.0,-0.5657980364905775,1.0,chem
CPC004 HCC515 6H-clobetasol propionate-10.0,clobetasol propionate,HCC515,6H,10.0,126,78,1,0,0.27077226419384126,1.0,3.3096103896103894,0.0,0.5673958234598213,-0.0,0.5673958234598213,0.6245300442583144,True,1.0,0.5926487007668858,0.23292235921359547,chem
CPC004 HCC515 6H-prednisolone-10.0,prednisolone,HCC515,6H,10.0,89,74,0,0,1.0,1.0,0.0,0.0,-0.0,0.7278176439995865,-0.7278176439995865,1.0,False,1.0,-0.5657980364905775,1.0,chem
CPC004 HCC515 6H-gitoxigenin-10.0,gitoxigenin,HCC515,6H,10.0,42,29,0,0,1.0,1.0,0.0,0.0,-0.0,-0.0,0.0,1.0,False,1.0,-0.5657980364905775,1.0,chem
CPC004 HCC515 6H-rolipram-10.0,rolipram,HCC515,6H,10.0,43,40,2,0,0.0110161456523484,1.0,14.057017543859649,0.0,1.9579703305949048,-0.0,1.9579703305949048,0.06068126285642845,True,1.0,3.431771644748363,0.012662445851382872,chem
CPC004 HCC515 6H-proscillaridin a-10.0,proscillaridin a,HCC515,6H,10.0,69,64,0,0,1.0,1.0,0.0,0.0,-0.0,0.7852942204734046,-0.7852942204734046,1.0,False,1.0,-0.5657980364905775,1.0,chem
CPC004 HCC515 6H-teniposide-10.0,teniposide,HCC515,6H,10.0,49,53,0,0,1.0,1.0,0.0,0.0,-0.0,-0.0,0.0,1.0,False,1.0,-0.5657980364905775,1.0,chem
CPC004 HCC515 6H-amcinonide-10.0,amcinonide,HCC515,6H,10.0,36,43,0,0,1.0,1.0,0.0,0.0,-0.0,-0.0,0.0,1.0,False,1.0,-0.5657980364905775,1.0,chem
CPC004 HCC515 6H-ketorolac tromethamine-10.0,ketorolac tromethamine,HCC515,6H,10.0,100,45,0,0,1.0,1.0,0.0,0.0,-0.0,-0.0,0.0,1.0,False,1.0,-0.5657980364905775,1.0,chem
CPC004 HCC515 6H-iopanoic acid-10.0,iopanoic acid,HCC515,6H,10.0,90,86,0,0,1.0,1.0,0.0,0.0,-0.0,-0.0,0.0,1.0,False,1.0,-0.5657980364905775,1.0,chem
CPC004 HCC515 6H-ouabain-10.0,ouabain,HCC515,6H,10.0,55,73,0,0,1.0,1.0,0.0,0.0,-0.0,0.7005110527328965,-0.7005110527328965,1.0,False,1.0,-0.5657980364905775,1.0,chem
CPC004 HCC515 6H-mitomycin c-10.0,mitomycin c,HCC515,6H,10.0,104,159,1,1,0.4768011758960448,0.25314998249379406,1.5924050632911393,3.6282124500285553,0.9182847805113845,-0.0,0.9182847805113845,0.3759184426046917,True,1.0,1.3090553971669727,0.10396534488503832,chem
CPC004 HCC515 6H-doxorubicin-10.0,doxorubicin,HCC515,6H,10.0,97,208,0,0,1.0,1.0,0.0,0.0,-0.0,-0.0,0.0,1.0,False,1.0,-0.5657980364905775,1.0,chem
CPC004 HCC515 6H-colforsin-10.0,colforsin,HCC515,6H,10.0,60,33,0,0,1.0,1.0,0.0,0.0,-0.0,0.6667906672362438,-0.6667906672362438,1.0,False,1.0,-0.5657980364905775,1.0,chem
CPC004 HCC515 6H-budesonide-10.0,budesonide,HCC515,6H,10.0,106,56,0,0,1.0,1.0,0.0,0.0,-0.0,-0.0,0.0,1.0,False,1.0,-0.5657980364905775,1.0,chem
CPC004 HCC515 6H-cycloheximide-10.0,cycloheximide,HCC515,6H,10.0,155,121,2,0,0.084178719872757,1.0,4.432072829131653,0.0,1.0747976829646297,0.32966245852423615,0.7451352244403936,0.29250532047258476,True,1.0,1.6286063238552737,0.07697434188603798,chem
CPC004 HCC515 6H-naltrexone hydrochloride-10.0,naltrexone hydrochloride,HCC515,6H,10.0,61,30,1,0,0.11396273672112121,1.0,8.853793103448275,0.0,0.9432371300835751,0.6604243160213854,0.2828128140621897,0.3614765532684078,True,1.0,1.360000375528906,0.09863378873708764,chem
"CPC004 HCC515 6H-betamethasone 17,21-dipropionate-10.0","betamethasone 17,21-dipropionate",HCC515,6H,10.0,98,75,0,0,1.0,1.0,0.0,0.0,-0.0,0.7225445271947321,-0.7225445271947321,1.0,False,1.0,-0.5657980364905775,1.0,chem
CPC004 HCC515 6H-brompheniramine maleate-10.0,brompheniramine maleate,HCC515,6H,10.0,67,32,0,0,1.0,1.0,0.0,0.0,-0.0,-0.0,0.0,1.0,False,1.0,-0.5657980364905775,1.0,chem
CPC004 HCC515 6H-BRD-A68930007 (ouabain)-10.0,brd-a68930007 (ouabain),HCC515,6H,10.0,76,71,0,0,1.0,1.0,0.0,0.0,-0.0,-0.0,0.0,1.0,False,1.0,-0.5657980364905775,1.0,chem
CPC004 HCC515 6H-diltiazem hydrochloride-10.0,diltiazem hydrochloride,HCC515,6H,10.0,64,21,0,1,1.0,0.163947870305798,0.0,5.969187675070028,0.7852942204734046,-0.0,0.7852942204734046,0.4603995186109855,True,1.0,1.0375298166249614,0.1449516827724092,chem
CPC004 HCC515 6H-cyclosporine-10.0,cyclosporine,HCC515,6H,10.0,49,35,0,0,1.0,1.0,0.0,0.0,-0.0,0.7457804576422037,-0.7457804576422037,1.0,False,1.0,-0.5657980364905775,1.0,chem
CPC004 HCC515 6H-BRD-A75409952 (wortmannin)-10.0,brd-a75409952 (wortmannin),HCC515,6H,10.0,47,36,0,0,1.0,1.0,0.0,0.0,-0.0,0.7622425527905643,-0.7622425527905643,1.0,False,1.0,-0.5657980364905775,1.0,chem
CPC004 HCC515 6H-prednisolone hemisuccinate-10.0,prednisolone hemisuccinate,HCC515,6H,10.0,58,69,1,0,0.24356446254161507,1.0,3.7529411764705882,0.0,0.6133860774839782,-0.0,0.6133860774839782,0.5875684886535021,True,1.0,0.686546571560253,0.21726091302899034,chem
CPC004 HCC515 6H-sirolimus-10.0,sirolimus,HCC515,6H,10.0,119,94,0,0,1.0,1.0,0.0,0.0,-0.0,1.0515233970727393,-1.0515233970727393,1.0,False,1.0,-0.5657980364905775,1.0,chem
CPC004 HCC515 6H-brazilin-10.0,brazilin,HCC515,6H,10.0,58,60,1,1,0.2153819639634753,0.14972984990012858,4.331525423728814,6.603715170278638,1.4914822780179775,-0.0,1.4914822780179775,0.1430010914000987,True,1.0,2.4793473579742527,0.036654448517160945,chem
CPC004 HCC515 6H-alclometazone dipropionate-10.0,alclometazone dipropionate,HCC515,6H,10.0,138,63,0,0,1.0,1.0,0.0,0.0,-0.0,-0.0,0.0,1.0,False,1.0,-0.5657980364905775,1.0,chem
CPC004 HCC515 6H-fulvestrant-10.0,fulvestrant,HCC515,6H,10.0,78,50,0,1,1.0,0.19625499689546985,0.0,4.87318563789152,0.7071792767661395,2.082731021117584,-1.3755517443514447,0.515824948965911,True,1.0,0.8780432678574065,0.17594135288237253,chem
CPC004 HCC515 6H-betamethasone acetate-10.0,betamethasone acetate,HCC515,6H,10.0,99,89,0,1,1.0,0.24251294786342986,0.0,3.816326530612245,0.6152650692863555,-0.0,0.6152650692863555,0.5860810839726774,True,1.0,0.6903828915203198,0.2162612462512496,chem
CPC004 HCC515 6H-digitoxin-10.0,digitoxin,HCC515,6H,10.0,66,52,0,0,1.0,1.0,0.0,0.0,-0.0,-0.0,0.0,1.0,False,1.0,-0.5657980364905775,1.0,chem
CPC004 HCC515 6H-thalidomide-10.0,thalidomide,HCC515,6H,10.0,55,25,0,0,1.0,1.0,0.0,0.0,-0.0,-0.0,0.0,1.0,False,1.0,-0.5657980364905775,1.0,chem
CPC004 HCC515 6H-digoxin-10.0,digoxin,HCC515,6H,10.0,88,93,0,0,1.0,1.0,0.0,0.0,-0.0,-0.0,0.0,1.0,False,1.0,-0.5657980364905775,1.0,chem
CPC004 HCC515 6H-pindolol-10.0,pindolol,HCC515,6H,10.0,106,36,0,0,1.0,1.0,0.0,0.0,-0.0,-0.0,0.0,1.0,False,1.0,-0.5657980364905775,1.0,chem
CPC004 HCC515 6H-ru 24969-10.0,ru 24969,HCC515,6H,10.0,50,74,0,1,1.0,0.13041700288025662,0.0,7.691476590636254,0.8846657845573468,-0.0,0.8846657845573468,0.3960788175711977,True,1.0,1.2404158080784486,0.11296234588470509,chem
CPC004 HCC515 6H-amoxapine-10.0,amoxapine,HCC515,6H,10.0,126,43,0,0,1.0,1.0,0.0,0.0,-0.0,-0.0,0.0,1.0,False,1.0,-0.5657980364905775,1.0,chem
CPC004 HCC515 6H-protein tyrosine phosphatase inhibitor iv-10.0,protein tyrosine phosphatase inhibitor iv,HCC515,6H,10.0,84,85,1,0,0.2912808052015777,1.0,3.0304761904761905,0.0,0.5356881335312719,1.354464549734875,-0.8187764162036032,0.6505662149265841,True,1.0,0.527911407285027,0.24458513828723757,chem
CPC004 HCC515 6H-nsc 663284-10.0,nsc 663284,HCC515,6H,10.0,188,97,0,1,1.0,0.41207389631005703,0.0,1.9720037747719408,0.385024895903864,-0.0,0.385024895903864,0.7773990745996212,True,1.0,0.22030368647057197,0.2959013662112629,chem
CPC004 HCC515 6H-sappanone a trimethyl ether-10.0,sappanone a trimethyl ether,HCC515,6H,10.0,71,35,0,0,1.0,1.0,0.0,0.0,-0.0,0.6025923867714367,-0.6025923867714367,1.0,False,1.0,-0.5657980364905775,1.0,chem
CPC004 HCC515 6H-epirubicin hydrochloride-10.0,epirubicin hydrochloride,HCC515,6H,10.0,49,114,0,0,1.0,1.0,0.0,0.0,-0.0,0.7457804576422037,-0.7457804576422037,1.0,False,1.0,-0.5657980364905775,1.0,chem
CPC004 HCC515 6H-ro 31-8220 mesylate-10.0,ro 31-8220 mesylate,HCC515,6H,10.0,68,278,0,0,1.0,1.0,0.0,0.0,-0.0,-0.0,0.0,1.0,False,1.0,-0.5657980364905775,1.0,chem
CPC004 HCC515 6H-promazine hydrochloride-10.0,promazine hydrochloride,HCC515,6H,10.0,62,40,0,0,1.0,1.0,0.0,0.0,-0.0,0.654174227302204,-0.654174227302204,1.0,False,1.0,-0.5657980364905775,1.0,chem
CPC004 HCC515 6H-raf1 kinase inhibitor i-10.0,raf1 kinase inhibitor i,HCC515,6H,10.0,34,40,0,0,1.0,1.0,0.0,0.0,-0.0,0.9759533711534798,-0.9759533711534798,1.0,False,1.0,-0.5657980364905775,1.0,chem
CPC004 HCC515 6H-forskolin-10.0,forskolin,HCC515,6H,10.0,114,33,0,0,1.0,1.0,0.0,0.0,-0.0,0.43122431490242713,-0.43122431490242713,1.0,False,1.0,-0.5657980364905775,1.0,chem
CPC004 HCC515 6H-diloxanide furoate-10.0,diloxanide furoate,HCC515,6H,10.0,68,32,0,0,1.0,1.0,0.0,0.0,-0.0,-0.0,0.0,1.0,False,1.0,-0.5657980364905775,1.0,chem
CPC004 HCC515 6H-benzopurpurin (b)-10.0,benzopurpurin (b),HCC515,6H,10.0,52,32,0,1,1.0,0.13528368405107447,0.0,7.387543252595155,0.868754578523359,-0.0,0.868754578523359,0.4059026415009191,True,1.0,1.2079300477788584,0.11929356881039653,chem
CPC004 HCC515 6H-erythrosine sodium-10.0,erythrosine sodium,HCC515,6H,10.0,42,53,0,0,1.0,1.0,0.0,0.0,-0.0,-0.0,0.0,1.0,False,1.0,-0.5657980364905775,1.0,chem
"CPC004 HCC515 6H-r(-)-2,10,11-trihydroxy-n-propyl-noraporphine-10.0","r(-)-2,10,11-trihydroxy-n-propyl-noraporphine",HCC515,6H,10.0,37,73,0,0,1.0,1.0,0.0,0.0,-0.0,-0.0,0.0,1.0,False,1.0,-0.5657980364905775,1.0,chem
CPC004 HCC515 6H-amiodarone hydrochloride-10.0,amiodarone hydrochloride,HCC515,6H,10.0,79,31,0,0,1.0,1.0,0.0,0.0,-0.0,-0.0,0.0,1.0,False,1.0,-0.5657980364905775,1.0,chem
CPC004 HCC515 6H-mephentermine sulfate-10.0,mephentermine sulfate,HCC515,6H,10.0,87,37,0,0,1.0,1.0,0.0,0.0,-0.0,0.5271883160897466,-0.5271883160897466,1.0,False,1.0,-0.5657980364905775,1.0,chem
CPC004 HCC515 6H-indirubin-3?-monoxime-10.0,indirubin-3?-monoxime,HCC515,6H,10.0,41,49,0,0,1.0,1.0,0.0,0.0,-0.0,-0.0,0.0,1.0,False,1.0,-0.5657980364905775,1.0,chem
CPC004 HCC515 6H-phenolphthalein-10.0,phenolphthalein,HCC515,6H,10.0,35,69,1,0,0.24356446254161507,1.0,3.7529411764705882,0.0,0.6133860774839782,-0.0,0.6133860774839782,0.5875684886535021,True,1.0,0.686546571560253,0.21726091302899034,chem
CPC004 HCC515 6H-rs 39604 hydrochloride-10.0,rs 39604 hydrochloride,HCC515,6H,10.0,47,36,0,1,1.0,0.12306845276264378,0.0,8.19693094629156,0.9098532593918051,-0.0,0.9098532593918051,0.38089865217867586,True,1.0,1.2918408394856438,0.1072975674775075,chem
CPC004 HCC515 6H-simvastatin-10.0,simvastatin,HCC515,6H,10.0,72,25,0,0,1.0,1.0,0.0,0.0,-0.0,-0.0,0.0,1.0,False,1.0,-0.5657980364905775,1.0,chem
CPC004 HCC515 6H-piplartine-10.0,piplartine,HCC515,6H,10.0,42,74,0,0,1.0,1.0,0.0,0.0,-0.0,0.7278176439995865,-0.7278176439995865,1.0,False,1.0,-0.5657980364905775,1.0,chem
CPC004 HCC515 6H-flutamide-10.0,flutamide,HCC515,6H,10.0,68,32,0,0,1.0,1.0,0.0,0.0,-0.0,-0.0,0.0,1.0,False,1.0,-0.5657980364905775,1.0,chem
CPC004 HCC515 6H-hypericin-10.0,hypericin,HCC515,6H,10.0,78,38,0,0,1.0,1.0,0.0,0.0,-0.0,0.5673958234598213,-0.5673958234598213,1.0,False,1.0,-0.5657980364905775,1.0,chem
CPC004 HCC515 6H-naproxol-10.0,naproxol,HCC515,6H,10.0,81,53,0,1,1.0,0.20302281257608581,0.0,4.688235294117647,0.6924551600214074,1.4144581869616386,-0.7220030269402312,0.5267298823833596,True,1.0,0.8479811766387518,0.18227257580806397,chem
CPC004 HCC515 6H-niclosamide-10.0,niclosamide,HCC515,6H,10.0,160,78,0,0,1.0,1.0,0.0,0.0,-0.0,0.3197050344301991,-0.3197050344301991,1.0,False,1.0,-0.5657980364905775,1.0,chem
CPC004 HCC515 6H-BRD-K36055864 (cycloheximide)-10.0,brd-k36055864 (cycloheximide),HCC515,6H,10.0,115,142,1,0,0.4388444509082874,1.0,1.7892198581560284,0.0,0.35768938883102475,-0.0,0.35768938883102475,0.800281240870174,True,1.0,0.16449303776555668,0.30023325558147285,chem
CPC004 HCC515 6H-ag 957-10.0,ag 957,HCC515,6H,10.0,52,70,0,0,1.0,1.0,0.0,0.0,-0.0,-0.0,0.0,1.0,False,1.0,-0.5657980364905775,1.0,chem
CPC004 HCC515 6H-paroxetine hydrochloride-10.0,paroxetine hydrochloride,HCC515,6H,10.0,114,52,0,0,1.0,1.0,0.0,0.0,-0.0,-0.0,0.0,1.0,False,1.0,-0.5657980364905775,1.0,chem
CPC004 HCC515 6H-bithionate sodium-10.0,bithionate sodium,HCC515,6H,10.0,69,52,0,0,1.0,1.0,0.0,0.0,-0.0,1.5105839687944724,-1.5105839687944724,1.0,False,1.0,-0.5657980364905775,1.0,chem
CPC004 HCC515 6H-rottlerin-10.0,rottlerin,HCC515,6H,10.0,58,45,0,0,1.0,1.0,0.0,0.0,-0.0,-0.0,0.0,1.0,False,1.0,-0.5657980364905775,1.0,chem
CPC004 HCC515 6H-l 161982-10.0,l 161982,HCC515,6H,10.0,70,25,0,0,1.0,1.0,0.0,0.0,-0.0,0.6079451464532162,-0.6079451464532162,1.0,False,1.0,-0.5657980364905775,1.0,chem
CPC004 HCC515 6H-ritanserin-10.0,ritanserin,HCC515,6H,10.0,66,59,0,0,1.0,1.0,0.0,0.0,-0.0,-0.0,0.0,1.0,False,1.0,-0.5657980364905775,1.0,chem
CPC004 HCC515 6H-cgp 57380-10.0,cgp 57380,HCC515,6H,10.0,51,40,0,0,1.0,1.0,0.0,0.0,-0.0,-0.0,0.0,1.0,False,1.0,-0.5657980364905775,1.0,chem
CPC004 HCC515 6H-daunorubicin-10.0,daunorubicin,HCC515,6H,10.0,66,161,0,0,1.0,1.0,0.0,0.0,-0.0,-0.0,0.0,1.0,False,1.0,-0.5657980364905775,1.0,chem
CPC004 HCC515 6H-prednicarbate-10.0,prednicarbate,HCC515,6H,10.0,80,53,0,0,1.0,1.0,0.0,0.0,-0.0,-0.0,0.0,1.0,False,1.0,-0.5657980364905775,1.0,chem
CPC004 HCC515 6H-dexamethasone acetate-10.0,dexamethasone acetate,HCC515,6H,10.0,69,32,0,1,1.0,0.1756243931010335,0.0,5.525951557093426,0.7554151635242407,0.6133860774839782,0.14202908604026243,0.48110681381209774,True,1.0,0.9765260259660405,0.1582805731422859,chem
CPC004 HCC515 6H-gr 113808-10.0,gr 113808,HCC515,6H,10.0,57,46,0,0,1.0,1.0,0.0,0.0,-0.0,-0.0,0.0,1.0,False,1.0,-0.5657980364905775,1.0,chem
CPC004 HCC515 6H-ch 55-10.0,ch 55,HCC515,6H,10.0,54,29,0,0,1.0,1.0,0.0,0.0,-0.0,0.7076649469372981,-0.7076649469372981,1.0,False,1.0,-0.5657980364905775,1.0,chem
CPC004 HCC515 6H-gm6001-10.0,gm6001,HCC515,6H,10.0,36,40,0,0,1.0,1.0,0.0,0.0,-0.0,-0.0,0.0,1.0,False,1.0,-0.5657980364905775,1.0,chem
CPC004 HCC515 6H-dorsomorphin dihydrochloride-10.0,dorsomorphin dihydrochloride,HCC515,6H,10.0,132,97,0,0,1.0,1.0,0.0,0.0,-0.0,-0.0,0.0,1.0,False,1.0,-0.5657980364905775,1.0,chem
CPC004 HCC515 6H-penicillin g potassium-10.0,penicillin g potassium,HCC515,6H,10.0,65,67,1,0,0.2373870797537027,1.0,3.8678787878787877,0.0,0.6245429220468399,0.6360850498129149,-0.011542127766074994,0.5787647085824554,True,1.0,0.7093253965842462,0.2125958013995335,chem
CPC004 HCC515 6H-bibx 1382 dihydrochloride-10.0,bibx 1382 dihydrochloride,HCC515,6H,10.0,43,67,0,1,1.0,0.1131791192962548,0.0,8.983193277310924,0.946233689851697,0.7975941222616931,0.14863956759000385,0.3597719270071249,True,1.0,1.3661184235349881,0.09763412195934688,chem
CPC004 HCC515 6H-psb 06126-10.0,psb 06126,HCC515,6H,10.0,44,29,0,0,1.0,1.0,0.0,0.0,-0.0,0.788430056468702,-0.788430056468702,1.0,False,1.0,-0.5657980364905775,1.0,chem
CPC004 HCC515 6H-carbamazepine-10.0,carbamazepine,HCC515,6H,10.0,69,50,0,0,1.0,1.0,0.0,0.0,-0.0,0.6133860774839782,-0.6133860774839782,1.0,False,1.0,-0.5657980364905775,1.0,chem
CPC004 HCC515 6H-arcyriaflavin a-10.0,arcyriaflavin a,HCC515,6H,10.0,53,45,0,0,1.0,1.0,0.0,0.0,-0.0,-0.0,0.0,1.0,False,1.0,-0.5657980364905775,1.0,chem
CPC004 HCC515 6H-quipazine dimaleate salt-10.0,quipazine dimaleate salt,HCC515,6H,10.0,48,36,0,0,1.0,1.0,0.0,0.0,-0.0,-0.0,0.0,1.0,False,1.0,-0.5657980364905775,1.0,chem
CPC004 HCC515 6H-menadione-10.0,menadione,HCC515,6H,10.0,46,47,2,2,0.015007129564115618,0.007029532167181152,11.857407407407408,18.21590909090909,3.976775945356301,-0.0,3.976775945356301,0.0010714791762629705,True,1.0,7.553548155750465,0.0003332222592469177,chem
CPC004 HCC515 6H-triciribine-10.0,triciribine,HCC515,6H,10.0,25,33,0,0,1.0,1.0,0.0,0.0,-0.0,-0.0,0.0,1.0,False,1.0,-0.5657980364905775,1.0,chem
CPC004 HCC515 6H-vorinostat-10.0,vorinostat,HCC515,6H,10.0,105,107,0,0,1.0,1.0,0.0,0.0,-0.0,0.45983774748722833,-0.45983774748722833,1.0,False,1.0,-0.5657980364905775,1.0,chem
CPC004 HCC515 6H-sertraline hydrochloride-10.0,sertraline hydrochloride,HCC515,6H,10.0,65,25,0,0,1.0,1.0,0.0,0.0,-0.0,1.1716031253273353,-1.1716031253273353,1.0,False,1.0,-0.5657980364905775,1.0,chem
CPC004 HCC515 6H-BRD-K87343924 (wortmannin)-10.0,brd-k87343924 (wortmannin),HCC515,6H,10.0,52,40,0,0,1.0,1.0,0.0,0.0,-0.0,-0.0,0.0,1.0,False,1.0,-0.5657980364905775,1.0,chem
CPC004 HCC515 6H-dienestrol-10.0,dienestrol,HCC515,6H,10.0,90,31,0,0,1.0,1.0,0.0,0.0,-0.0,0.514862283016828,-0.514862283016828,1.0,False,1.0,-0.5657980364905775,1.0,chem
CPC004 HCC515 6H-dmbi-10.0,dmbi,HCC515,6H,10.0,49,29,0,0,1.0,1.0,0.0,0.0,-0.0,-0.0,0.0,1.0,False,1.0,-0.5657980364905775,1.0,chem
CPC004 HCC515 6H-pifithrin- ?-10.0,pifithrin- ?,HCC515,6H,10.0,38,38,0,0,1.0,1.0,0.0,0.0,-0.0,0.9971029338905002,-0.9971029338905002,1.0,False,1.0,-0.5657980364905775,1.0,chem
CPC004 HCC515 6H-droperidol-10.0,droperidol,HCC515,6H,10.0,66,26,0,1,1.0,0.16863709948843092,0.0,5.783710407239819,0.7730468761485373,0.6302643643249608,0.14278251182357649,0.4688121843547476,True,1.0,1.0125245284529452,0.14995001666111296,chem
CPC004 HCC515 6H-amsacrine-10.0,amsacrine,HCC515,6H,10.0,95,82,1,0,0.28256026853690286,1.0,3.1441975308641976,0.0,0.5488889053617282,-0.0,0.5488889053617282,0.6396778533983358,True,1.0,0.5548632994632662,0.24191936021326224,chem
CPC004 HCC515 6H-salsolinol hydrobromide-10.0,salsolinol hydrobromide,HCC515,6H,10.0,62,45,0,0,1.0,1.0,0.0,0.0,-0.0,0.654174227302204,-0.654174227302204,1.0,False,1.0,-0.5657980364905775,1.0,chem
CPC004 HEPG2 6H-ipratropium bromide-10.0,ipratropium bromide,HEPG2,6H,10.0,56,51,2,0,0.017527596855849353,1.0,10.88265306122449,0.0,1.7562776243390403,0.6935002841365968,1.0627773402024436,0.08840882479929159,True,1.0,3.019977535891516,0.02032655781406198,chem
CPC004 HEPG2 6H-terfenadine-10.0,terfenadine,HEPG2,6H,10.0,35,31,1,0,0.11753768533149536,1.0,8.557333333333334,0.0,0.9298228660944556,-0.0,0.9298228660944556,0.36918543128048875,True,1.0,1.33261259841037,0.10129956681106297,chem
CPC004 HEPG2 6H-sb 218078-10.0,sb 218078,HEPG2,6H,10.0,86,90,0,1,1.0,0.21418304553206324,0.0,4.408996539792388,0.6692149103636079,0.5314090986590809,0.137805811704527,0.5442229000312393,True,1.0,0.8005317766326675,0.19426857714095302,chem
CPC004 HEPG2 6H-wortmannin-10.0,wortmannin,HEPG2,6H,10.0,59,81,0,0,1.0,1.0,0.0,0.0,-0.0,0.6924551600214074,-0.6924551600214074,1.0,False,1.0,-0.5657980364905775,1.0,chem
CPC004 HEPG2 6H-benazepril hydrochloride-10.0,benazepril hydrochloride,HEPG2,6H,10.0,68,40,1,1,0.14909417069216008,0.17330148124690362,6.573333333333333,5.6093064091308165,1.5877370615876867,1.5222977409365865,0.06543932065110014,0.1203002565116289,True,1.0,2.6758698478505796,0.02999000333222259,chem
CPC004 HEPG2 6H-trichostatin a-10.0,trichostatin a,HEPG2,6H,10.0,155,111,1,0,0.3627078103854775,1.0,2.3047272727272725,0.0,0.4404430924184816,0.9018437125109063,-0.4614006200924247,0.7305507287445097,True,1.0,0.3334504991234814,0.2789070309896701,chem
CPC004 HEPG2 6H-geldanamycin-10.0,geldanamycin,HEPG2,6H,10.0,67,46,3,0,0.0007785585069405902,1.0,19.428715874620828,0.0,3.1087087456049125,0.6245429220468399,2.4841658235580724,0.006351532008433271,True,1.0,5.781223486280232,0.0013328890369876708,chem
CPC004 HEPG2 6H-amlodipine besylate-10.0,amlodipine besylate,HEPG2,6H,10.0,37,29,1,0,0.11037386480255901,1.0,9.17142857142857,0.0,0.9571337501189711,-0.0,0.9571337501189711,0.353624828228642,True,1.0,1.388372974468297,0.0943018993668777,chem
CPC004 HEPG2 6H-emetine-10.0,emetine,HEPG2,6H,10.0,131,121,1,1,0.38829247829373065,0.3081946206649024,2.1093333333333333,2.862443438914027,0.9220159680714993,-0.0,0.9220159680714993,0.37373074663932015,True,1.0,1.3166733278537972,0.10296567810729756,chem
CPC004 HEPG2 6H-proscillaridin a-10.0,proscillaridin a,HEPG2,6H,10.0,76,46,0,1,1.0,0.19171300447706718,0.0,5.004705882352941,0.7173484266051238,0.9186313363902346,-0.20128290978511088,0.5083760703273993,True,1.0,0.8988055258166209,0.17194268577140953,chem
CPC004 HEPG2 6H-teniposide-10.0,teniposide,HEPG2,6H,10.0,83,94,0,0,1.0,1.0,0.0,0.0,-0.0,1.17943879063595,-1.17943879063595,1.0,False,1.0,-0.5657980364905775,1.0,chem
CPC004 HEPG2 6H-pregnenolone succinate-10.0,pregnenolone succinate,HEPG2,6H,10.0,79,75,0,0,1.0,1.0,0.0,0.0,-0.0,-0.0,0.0,1.0,False,1.0,-0.5657980364905775,1.0,chem
CPC004 HEPG2 6H-iopanoic acid-10.0,iopanoic acid,HEPG2,6H,10.0,52,37,0,0,1.0,1.0,0.0,0.0,-0.0,-0.0,0.0,1.0,False,1.0,-0.5657980364905775,1.0,chem
CPC004 HEPG2 6H-ouabain-10.0,ouabain,HEPG2,6H,10.0,92,58,0,1,1.0,0.22738050782237604,0.0,4.1144149967679375,0.6432467679157314,1.3316043629544987,-0.6883575950387673,0.5641606946274296,True,1.0,0.7475128634726382,0.2052649116961013,chem
CPC004 HEPG2 6H-mitomycin c-10.0,mitomycin c,HEPG2,6H,10.0,114,105,0,0,1.0,1.0,0.0,0.0,-0.0,-0.0,0.0,1.0,False,1.0,-0.5657980364905775,1.0,chem
CPC004 HEPG2 6H-venlafaxine hcl-10.0,venlafaxine hcl,HEPG2,6H,10.0,44,33,0,0,1.0,1.0,0.0,0.0,-0.0,-0.0,0.0,1.0,False,1.0,-0.5657980364905775,1.0,chem
CPC004 HEPG2 6H-doxorubicin-10.0,doxorubicin,HEPG2,6H,10.0,73,123,1,0,0.39328951829269776,1.0,2.0740983606557375,0.0,0.40528762798207185,-0.0,0.40528762798207185,0.7603109349142605,True,1.0,0.26167391672850443,0.29090303232255915,chem
CPC004 HEPG2 6H-testosterone-10.0,testosterone,HEPG2,6H,10.0,33,33,0,0,1.0,1.0,0.0,0.0,-0.0,-0.0,0.0,1.0,False,1.0,-0.5657980364905775,1.0,chem
CPC004 HEPG2 6H-colforsin-10.0,colforsin,HEPG2,6H,10.0,33,58,0,1,1.0,0.0879929549047966,0.0,11.808823529411764,1.05555209794588,-0.0,1.05555209794588,0.30185970206486407,True,1.0,1.5893127932197586,0.07964011996001333,chem
CPC004 HEPG2 6H-selamectin-10.0,selamectin,HEPG2,6H,10.0,111,41,0,0,1.0,1.0,0.0,0.0,-0.0,0.4404430924184816,-0.4404430924184816,1.0,False,1.0,-0.5657980364905775,1.0,chem
CPC004 HEPG2 6H-cycloheximide-10.0,cycloheximide,HEPG2,6H,10.0,85,102,2,0,0.06253361195076748,1.0,5.29,0.0,1.2038864856807001,-0.0,1.2038864856807001,0.23587997821913062,True,1.0,1.892165723025743,0.06164611796067977,chem
CPC004 HEPG2 6H-BRD-A68930007 (ouabain)-10.0,brd-a68930007 (ouabain),HEPG2,6H,10.0,95,76,0,2,1.0,0.02798563134414377,0.0,8.55241935483871,1.5530648911447804,0.7173484266051238,0.8357164645396566,0.12806404198071503,True,1.0,2.6050800022745246,0.03265578140619793,chem
CPC004 HEPG2 6H-cyclosporine-10.0,cyclosporine,HEPG2,6H,10.0,52,21,0,0,1.0,1.0,0.0,0.0,-0.0,-0.0,0.0,1.0,False,1.0,-0.5657980364905775,1.0,chem
CPC004 HEPG2 6H-BRD-A75409952 (wortmannin)-10.0,brd-a75409952 (wortmannin),HEPG2,6H,10.0,49,76,0,0,1.0,1.0,0.0,0.0,-0.0,-0.0,0.0,1.0,False,1.0,-0.5657980364905775,1.0,chem
CPC004 HEPG2 6H-sirolimus-10.0,sirolimus,HEPG2,6H,10.0,56,71,1,0,0.24969371631983528,1.0,3.6445714285714286,0.0,0.6025923867714367,1.43762082814301,-0.8350284413715734,0.5961488032452054,True,1.0,0.6645091943503459,0.22092635788070644,chem
CPC004 HEPG2 6H-brazilin-10.0,brazilin,HEPG2,6H,10.0,64,37,2,0,0.009475695503706366,1.0,15.269047619047619,0.0,2.023388903540747,-0.0,2.023388903540747,0.05362319894769811,True,1.0,3.5653361322749735,0.010996334555148283,chem
CPC004 HEPG2 6H-fulvestrant-10.0,fulvestrant,HEPG2,6H,10.0,32,32,0,0,1.0,1.0,0.0,0.0,-0.0,1.985211671566366,-1.985211671566366,1.0,False,1.0,-0.5657980364905775,1.0,chem
CPC004 HEPG2 6H-digitoxin-10.0,digitoxin,HEPG2,6H,10.0,77,51,1,2,0.18619129527236197,0.01888765126116041,5.1184,10.635,2.453862671416205,0.8766267776019061,1.5772358938142987,0.023386963513083076,True,1.0,4.444230391364569,0.003332222592469177,chem
CPC004 HEPG2 6H-digoxin-10.0,digoxin,HEPG2,6H,10.0,108,56,0,1,1.0,0.2615578735834134,0.0,3.490379329301814,0.5824322020278224,-0.0,0.5824322020278224,0.6123330609661516,True,1.0,0.6233483340247651,0.22825724758413862,chem
CPC004 HEPG2 6H-pindolol-10.0,pindolol,HEPG2,6H,10.0,41,16,0,0,1.0,1.0,0.0,0.0,-0.0,-0.0,0.0,1.0,False,1.0,-0.5657980364905775,1.0,chem
CPC004 HEPG2 6H-ru 24969-10.0,ru 24969,HEPG2,6H,10.0,56,68,0,0,1.0,1.0,0.0,0.0,-0.0,1.4546980093937856,-1.4546980093937856,1.0,False,1.0,-0.5657980364905775,1.0,chem
CPC004 HEPG2 6H-nsc 663284-10.0,nsc 663284,HEPG2,6H,10.0,62,30,0,0,1.0,1.0,0.0,0.0,-0.0,-0.0,0.0,1.0,False,1.0,-0.5657980364905775,1.0,chem
CPC004 HEPG2 6H-sappanone a trimethyl ether-10.0,sappanone a trimethyl ether,HEPG2,6H,10.0,54,24,0,1,1.0,0.14012463365282468,0.0,7.1065482796892345,0.8534855098315087,-0.0,0.8534855098315087,0.4155007882588526,True,1.0,1.1767553332750134,0.12295901366211263,chem
CPC004 HEPG2 6H-penitrem a-10.0,penitrem a,HEPG2,6H,10.0,42,36,1,0,0.13520538753090064,1.0,7.329142857142857,0.0,0.8690060027115124,1.019456417323189,-0.15045041461167663,0.40574599594107874,True,1.0,1.208443378188409,0.11729423525491503,chem
CPC004 HEPG2 6H-epirubicin hydrochloride-10.0,epirubicin hydrochloride,HEPG2,6H,10.0,70,94,1,0,0.3168351656733602,1.0,2.7333333333333334,0.0,0.4991666218731878,-0.0,0.4991666218731878,0.6809971477614378,True,1.0,0.4533457790750162,0.25891369543485504,chem
CPC004 HEPG2 6H-ro 31-8220 mesylate-10.0,ro 31-8220 mesylate,HEPG2,6H,10.0,72,149,2,0,0.11951912993982919,1.0,3.5719954648526078,0.0,0.922562577038938,0.5973253186880723,0.3252372583508657,0.37341108831682746,True,1.0,1.3177893342618525,0.10296567810729756,chem
CPC004 HEPG2 6H-promazine hydrochloride-10.0,promazine hydrochloride,HEPG2,6H,10.0,41,52,0,0,1.0,1.0,0.0,0.0,-0.0,2.049749756524615,-2.049749756524615,1.0,False,1.0,-0.5657980364905775,1.0,chem
CPC004 HEPG2 6H-nocodazole-10.0,nocodazole,HEPG2,6H,10.0,85,66,0,0,1.0,1.0,0.0,0.0,-0.0,0.5356881335312719,-0.5356881335312719,1.0,False,1.0,-0.5657980364905775,1.0,chem
CPC004 HEPG2 6H-ropinirole hcl-10.0,ropinirole hcl,HEPG2,6H,10.0,42,59,0,1,1.0,0.11069037968717034,0.0,9.203730272596843,0.9558901228460465,0.8178271841013225,0.13806293874472397,0.3543219362599192,True,1.0,1.3858338723157662,0.09563478840386538,chem
CPC004 HEPG2 6H-chloroxine-10.0,chloroxine,HEPG2,6H,10.0,137,37,0,1,1.0,0.31989507325738825,0.0,2.7335640138408306,0.4949924484860915,0.36938311942372987,0.1256093290623616,0.6844993962881079,True,1.0,0.4448234083752413,0.25924691769410196,chem
CPC004 HEPG2 6H-amiodarone hydrochloride-10.0,amiodarone hydrochloride,HEPG2,6H,10.0,37,42,0,0,1.0,1.0,0.0,0.0,-0.0,-0.0,0.0,1.0,False,1.0,-0.5657980364905775,1.0,chem
CPC004 HEPG2 6H-mephentermine sulfate-10.0,mephentermine sulfate,HEPG2,6H,10.0,37,50,0,0,1.0,1.0,0.0,0.0,-0.0,-0.0,0.0,1.0,False,1.0,-0.5657980364905775,1.0,chem
CPC004 HEPG2 6H-simvastatin-10.0,simvastatin,HEPG2,6H,10.0,16,34,0,0,1.0,1.0,0.0,0.0,-0.0,-0.0,0.0,1.0,False,1.0,-0.5657980364905775,1.0,chem
CPC004 HEPG2 6H-coumarin-10.0,coumarin,HEPG2,6H,10.0,42,38,0,0,1.0,1.0,0.0,0.0,-0.0,-0.0,0.0,1.0,False,1.0,-0.5657980364905775,1.0,chem
CPC004 HEPG2 6H-piplartine-10.0,piplartine,HEPG2,6H,10.0,91,46,2,0,0.014403823228786153,1.0,12.128787878787879,0.0,1.8415222171559187,0.5108615299787004,1.3306606871772182,0.07547980184024174,True,1.0,3.194020622453902,0.01599466844385205,chem
CPC004 HEPG2 6H-mycophenolic acid-10.0,mycophenolic acid,HEPG2,6H,10.0,56,61,0,0,1.0,1.0,0.0,0.0,-0.0,0.8044679521516095,-0.8044679521516095,1.0,False,1.0,-0.5657980364905775,1.0,chem
CPC004 HEPG2 6H-niclosamide-10.0,niclosamide,HEPG2,6H,10.0,68,26,0,1,1.0,0.17330148124690362,0.0,5.6093064091308165,0.7611977252571888,-0.0,0.7611977252571888,0.47705089277691626,True,1.0,0.9883322280837725,0.15728090636454514,chem
CPC004 HEPG2 6H-BRD-K36055864 (cycloheximide)-10.0,brd-k36055864 (cycloheximide),HEPG2,6H,10.0,55,78,1,0,0.27077226419384126,1.0,3.3096103896103894,0.0,0.5673958234598213,-0.0,0.5673958234598213,0.6245300442583144,True,1.0,0.5926487007668858,0.23292235921359547,chem
CPC004 HEPG2 6H-ag 957-10.0,ag 957,HEPG2,6H,10.0,57,46,0,0,1.0,1.0,0.0,0.0,-0.0,-0.0,0.0,1.0,False,1.0,-0.5657980364905775,1.0,chem
CPC004 HEPG2 6H-rhamnetin-10.0,rhamnetin,HEPG2,6H,10.0,43,34,0,0,1.0,1.0,0.0,0.0,-0.0,1.8407457312219795,-1.8407457312219795,1.0,False,1.0,-0.5657980364905775,1.0,chem
CPC004 HEPG2 6H-paroxetine hydrochloride-10.0,paroxetine hydrochloride,HEPG2,6H,10.0,48,42,2,0,0.012100540996898258,1.0,13.35,0.0,1.9171952125996334,0.9558901228460465,0.961305089753587,0.06551844114486056,True,1.0,3.348521468328524,0.013328890369876709,chem
CPC004 HEPG2 6H-bithionate sodium-10.0,bithionate sodium,HEPG2,6H,10.0,72,20,0,1,1.0,0.182556197735727,0.0,5.289975144987572,0.7386034182785609,-0.0,0.7386034182785609,0.4930290158213655,True,1.0,0.9422016431944066,0.16294568477174276,chem
CPC004 HEPG2 6H-rottlerin-10.0,rottlerin,HEPG2,6H,10.0,83,44,0,0,1.0,1.0,0.0,0.0,-0.0,-0.0,0.0,1.0,False,1.0,-0.5657980364905775,1.0,chem
CPC004 HEPG2 6H-l 161982-10.0,l 161982,HEPG2,6H,10.0,60,37,0,0,1.0,1.0,0.0,0.0,-0.0,-0.0,0.0,1.0,False,1.0,-0.5657980364905775,1.0,chem
CPC004 HEPG2 6H-triclosan-10.0,triclosan,HEPG2,6H,10.0,49,27,0,0,1.0,1.0,0.0,0.0,-0.0,-0.0,0.0,1.0,False,1.0,-0.5657980364905775,1.0,chem
CPC004 HEPG2 6H-cgp 57380-10.0,cgp 57380,HEPG2,6H,10.0,39,42,0,0,1.0,1.0,0.0,0.0,-0.0,0.8367127096121924,-0.8367127096121924,1.0,False,1.0,-0.5657980364905775,1.0,chem
CPC004 HEPG2 6H-amg 9810-10.0,amg 9810,HEPG2,6H,10.0,44,49,0,0,1.0,1.0,0.0,0.0,-0.0,-0.0,0.0,1.0,False,1.0,-0.5657980364905775,1.0,chem
CPC004 HEPG2 6H-daunorubicin-10.0,daunorubicin,HEPG2,6H,10.0,81,134,1,0,0.42007930287082296,1.0,1.8992481203007519,0.0,0.37666871543992436,-0.0,0.37666871543992436,0.7844190262350748,True,1.0,0.20324295110005347,0.29656781072975674,chem
CPC004 HEPG2 6H-dexamethasone acetate-10.0,dexamethasone acetate,HEPG2,6H,10.0,46,60,1,0,0.2153819639634753,1.0,4.331525423728814,0.0,0.6667906672362438,0.8110873396632657,-0.14429667242702193,0.5460669932378089,True,1.0,0.7955822221504205,0.1956014661779407,chem
CPC004 HEPG2 6H-na-tosyl-phe chloromethyl ketone-10.0,na-tosyl-phe chloromethyl ketone,HEPG2,6H,10.0,45,29,1,0,0.11037386480255901,1.0,9.17142857142857,0.0,0.9571337501189711,1.109408141910376,-0.152274391791405,0.353624828228642,True,1.0,1.388372974468297,0.0943018993668777,chem
CPC004 HEPG2 6H-ch 55-10.0,ch 55,HEPG2,6H,10.0,50,37,0,0,1.0,1.0,0.0,0.0,-0.0,-0.0,0.0,1.0,False,1.0,-0.5657980364905775,1.0,chem
CPC004 HEPG2 6H-oxibendazole-10.0,oxibendazole,HEPG2,6H,10.0,77,63,0,0,1.0,1.0,0.0,0.0,-0.0,2.214688514218518,-2.214688514218518,1.0,False,1.0,-0.5657980364905775,1.0,chem
CPC004 HEPG2 6H-dorsomorphin dihydrochloride-10.0,dorsomorphin dihydrochloride,HEPG2,6H,10.0,107,83,1,1,0.28547851525436874,0.2594643221145999,3.1053658536585367,3.5238623751387346,1.1303489224129408,0.6829719575049308,0.44737696490801004,0.2668591755767372,True,1.0,1.742024769019527,0.06897700766411197,chem
CPC004 HEPG2 6H-mdl 29951-10.0,mdl 29951,HEPG2,6H,10.0,53,29,1,0,0.11037386480255901,1.0,9.17142857142857,0.0,0.9571337501189711,-0.0,0.9571337501189711,0.353624828228642,True,1.0,1.388372974468297,0.0943018993668777,chem
CPC004 HEPG2 6H-ly-83583-10.0,ly-83583,HEPG2,6H,10.0,42,26,0,0,1.0,1.0,0.0,0.0,-0.0,-0.0,0.0,1.0,False,1.0,-0.5657980364905775,1.0,chem
CPC004 HEPG2 6H-triflupromazine hydrochloride-10.0,triflupromazine hydrochloride,HEPG2,6H,10.0,42,23,0,1,1.0,0.11069037968717034,0.0,9.203730272596843,0.9558901228460465,-0.0,0.9558901228460465,0.3543219362599192,True,1.0,1.3858338723157662,0.09563478840386538,chem
CPC004 HEPG2 6H-fluvastatin-10.0,fluvastatin,HEPG2,6H,10.0,22,48,1,0,0.17623109129409104,1.0,5.447659574468085,0.0,0.753917469441078,-0.0,0.753917469441078,0.4821610625960958,True,1.0,0.9734681979872054,0.1586137954015328,chem
CPC004 HEPG2 6H-sib 1893-10.0,sib 1893,HEPG2,6H,10.0,42,29,0,0,1.0,1.0,0.0,0.0,-0.0,-0.0,0.0,1.0,False,1.0,-0.5657980364905775,1.0,chem
CPC004 HEPG2 6H-menadione-10.0,menadione,HEPG2,6H,10.0,135,28,0,0,1.0,1.0,0.0,0.0,-0.0,-0.0,0.0,1.0,False,1.0,-0.5657980364905775,1.0,chem
CPC004 HEPG2 6H-triciribine-10.0,triciribine,HEPG2,6H,10.0,159,113,1,1,0.3679056859586182,0.36121753802008943,2.262857142857143,2.3447505584512287,0.8764946718809221,0.32166268220126415,0.554831989679658,0.4011011027055237,True,1.0,1.22373292387594,0.11629456847717427,chem
CPC004 HEPG2 6H-vorinostat-10.0,vorinostat,HEPG2,6H,10.0,97,107,1,0,0.3521884880253418,1.0,2.393207547169811,0.0,0.45322484390758244,1.0738323884603949,-0.6206075445528124,0.7197284388251124,True,1.0,0.3595468813962584,0.2735754748417194,chem
CPC004 HEPG2 6H-sertraline hydrochloride-10.0,sertraline hydrochloride,HEPG2,6H,10.0,53,19,0,0,1.0,1.0,0.0,0.0,-0.0,2.002356546287934,-2.002356546287934,1.0,False,1.0,-0.5657980364905775,1.0,chem
CPC004 HEPG2 6H-BRD-K87343924 (wortmannin)-10.0,brd-k87343924 (wortmannin),HEPG2,6H,10.0,58,56,0,0,1.0,1.0,0.0,0.0,-0.0,-0.0,0.0,1.0,False,1.0,-0.5657980364905775,1.0,chem
"CPC004 HEPG2 6H-methyl 2,5-dihydroxycinnamate-10.0","methyl 2,5-dihydroxycinnamate",HEPG2,6H,10.0,69,30,1,0,0.11396273672112121,1.0,8.853793103448275,0.0,0.9432371300835751,1.0952501511934496,-0.15201302110987447,0.3614765532684078,True,1.0,1.360000375528906,0.09863378873708764,chem
CPC004 HEPG2 6H-ami-193-10.0,ami-193,HEPG2,6H,10.0,56,42,1,0,0.15595788320671106,1.0,6.250731707317073,0.0,0.8069926680588373,1.6493904069826433,-0.842397738923806,0.44575403194486074,True,1.0,1.0818313337838668,0.137620793068977,chem
CPC004 HEPG2 6H-pifithrin- ?-10.0,pifithrin- ?,HEPG2,6H,10.0,36,43,1,0,0.15936974499723136,1.0,6.100952380952381,0.0,0.7975941222616931,-0.0,0.7975941222616931,0.45205679761433903,True,1.0,1.0626424108776737,0.1409530156614462,chem
CPC004 HEPG2 6H-amsacrine-10.0,amsacrine,HEPG2,6H,10.0,86,149,0,0,1.0,1.0,0.0,0.0,-0.0,0.5314090986590809,-0.5314090986590809,1.0,False,1.0,-0.5657980364905775,1.0,chem
CPC004 HT29 6H-terfenadine-10.0,terfenadine,HT29,6H,10.0,25,5,0,0,1.0,1.0,0.0,0.0,-0.0,-0.0,0.0,1.0,False,1.0,-0.5657980364905775,1.0,chem
CPC004 HT29 6H-sb 218078-10.0,sb 218078,HT29,6H,10.0,65,100,1,2,0.3333766631306952,0.013693259789772925,2.565252525252525,12.68452380952381,2.3405579570034867,-0.0,2.3405579570034867,0.029167393773476696,True,1.0,4.212897217413921,0.00433188937020993,chem
CPC004 HT29 6H-wortmannin-10.0,wortmannin,HT29,6H,10.0,29,29,0,0,1.0,1.0,0.0,0.0,-0.0,1.109408141910376,-1.109408141910376,1.0,False,1.0,-0.5657980364905775,1.0,chem
CPC004 HT29 6H-gw 1929-10.0,gw 1929,HT29,6H,10.0,19,6,0,0,1.0,1.0,0.0,0.0,-0.0,-0.0,0.0,1.0,False,1.0,-0.5657980364905775,1.0,chem
CPC004 HT29 6H-trichostatin a-10.0,trichostatin a,HT29,6H,10.0,104,71,0,1,1.0,0.25314998249379406,0.0,3.6282124500285553,0.5966220983101204,-0.0,0.5966220983101204,0.6009206312957833,True,1.0,0.6523197123299738,0.22259246917694103,chem
CPC004 HT29 6H-trimipramine maleate salt-10.0,trimipramine maleate salt,HT29,6H,10.0,20,8,0,0,1.0,1.0,0.0,0.0,-0.0,-0.0,0.0,1.0,False,1.0,-0.5657980364905775,1.0,chem
CPC004 HT29 6H-geldanamycin-10.0,geldanamycin,HT29,6H,10.0,87,38,1,0,0.1421768062942022,1.0,6.930810810810811,0.0,0.8471712455191108,1.3269739094430273,-0.47980266392391646,0.4195188106050489,True,1.0,1.1638635589819364,0.12562479173608798,chem
CPC004 HT29 6H-amlodipine besylate-10.0,amlodipine besylate,HT29,6H,10.0,28,20,0,0,1.0,1.0,0.0,0.0,-0.0,-0.0,0.0,1.0,False,1.0,-0.5657980364905775,1.0,chem
CPC004 HT29 6H-emetine-10.0,emetine,HT29,6H,10.0,166,105,0,1,1.0,0.37386032763427823,0.0,2.2427807486631015,0.42729061776539096,-0.0,0.42729061776539096,0.7416914123230521,True,1.0,0.3065972148398101,0.28390536487837387,chem
CPC004 HT29 6H-proscillaridin a-10.0,proscillaridin a,HT29,6H,10.0,115,38,0,2,1.0,0.039765264542585096,0.0,7.0165929203539825,1.400496124012111,-0.0,1.400496124012111,0.1679987585951598,True,1.0,2.2935817797206357,0.044318560479840056,chem
CPC004 HT29 6H-teniposide-10.0,teniposide,HT29,6H,10.0,57,80,0,0,1.0,1.0,0.0,0.0,-0.0,-0.0,0.0,1.0,False,1.0,-0.5657980364905775,1.0,chem
CPC004 HT29 6H-ouabain-10.0,ouabain,HT29,6H,10.0,66,41,0,0,1.0,1.0,0.0,0.0,-0.0,-0.0,0.0,1.0,False,1.0,-0.5657980364905775,1.0,chem
CPC004 HT29 6H-mitomycin c-10.0,mitomycin c,HT29,6H,10.0,56,61,0,0,1.0,1.0,0.0,0.0,-0.0,1.916256462008136,-1.916256462008136,1.0,False,1.0,-0.5657980364905775,1.0,chem
CPC004 HT29 6H-pioglitazone hydrochloride-10.0,pioglitazone hydrochloride,HT29,6H,10.0,12,10,0,0,1.0,1.0,0.0,0.0,-0.0,-0.0,0.0,1.0,False,1.0,-0.5657980364905775,1.0,chem
CPC004 HT29 6H-doxorubicin-10.0,doxorubicin,HT29,6H,10.0,51,113,0,0,1.0,1.0,0.0,0.0,-0.0,-0.0,0.0,1.0,False,1.0,-0.5657980364905775,1.0,chem
CPC004 HT29 6H-primaquine diphosphate-10.0,primaquine diphosphate,HT29,6H,10.0,42,22,0,0,1.0,1.0,0.0,0.0,-0.0,-0.0,0.0,1.0,False,1.0,-0.5657980364905775,1.0,chem
CPC004 HT29 6H-selamectin-10.0,selamectin,HT29,6H,10.0,42,14,0,0,1.0,1.0,0.0,0.0,-0.0,0.8069926680588373,-0.8069926680588373,1.0,False,1.0,-0.5657980364905775,1.0,chem
CPC004 HT29 6H-cycloheximide-10.0,cycloheximide,HT29,6H,10.0,154,61,0,1,1.0,0.35203977910584294,0.0,2.423298731257209,0.45340826018642966,-0.0,0.45340826018642966,0.7195732164667935,True,1.0,0.359921360694493,0.2729090303232256,chem
CPC004 HT29 6H-BRD-A68930007 (ouabain)-10.0,brd-a68930007 (ouabain),HT29,6H,10.0,117,56,0,1,1.0,0.28014993494668355,0.0,3.2150101419878294,0.5526094740434577,-0.0,0.5526094740434577,0.636621211131776,True,1.0,0.5624595496855717,0.23992002665778073,chem
CPC004 HT29 6H-cyclosporine-10.0,cyclosporine,HT29,6H,10.0,52,13,0,0,1.0,1.0,0.0,0.0,-0.0,0.7224238932797868,-0.7224238932797868,1.0,False,1.0,-0.5657980364905775,1.0,chem
CPC004 HT29 6H-BRD-A75409952 (wortmannin)-10.0,brd-a75409952 (wortmannin),HT29,6H,10.0,40,37,1,0,0.13869787897610047,1.0,7.124444444444444,0.0,0.8579301802822941,1.8346604340695714,-0.9767302537872773,0.4126896087196201,True,1.0,1.1858299752956407,0.12195934688437188,chem
CPC004 HT29 6H-sirolimus-10.0,sirolimus,HT29,6H,10.0,58,10,0,0,1.0,1.0,0.0,0.0,-0.0,0.6798880550210863,-0.6798880550210863,1.0,False,1.0,-0.5657980364905775,1.0,chem
CPC004 HT29 6H-digitoxin-10.0,digitoxin,HT29,6H,10.0,62,23,0,0,1.0,1.0,0.0,0.0,-0.0,-0.0,0.0,1.0,False,1.0,-0.5657980364905775,1.0,chem
CPC004 HT29 6H-digoxin-10.0,digoxin,HT29,6H,10.0,66,29,1,1,0.11037386480255901,0.16863709948843092,9.17142857142857,5.783710407239819,1.7301806262675083,-0.0,1.7301806262675083,0.09276574957370434,True,1.0,2.9666955394118197,0.021326224591802733,chem
CPC004 HT29 6H-amoxapine-10.0,amoxapine,HT29,6H,10.0,18,8,0,0,1.0,1.0,0.0,0.0,-0.0,-0.0,0.0,1.0,False,1.0,-0.5657980364905775,1.0,chem
CPC004 HT29 6H-nsc 663284-10.0,nsc 663284,HT29,6H,10.0,49,17,0,0,1.0,1.0,0.0,0.0,-0.0,-0.0,0.0,1.0,False,1.0,-0.5657980364905775,1.0,chem
CPC004 HT29 6H-penitrem a-10.0,penitrem a,HT29,6H,10.0,51,23,0,0,1.0,1.0,0.0,0.0,-0.0,-0.0,0.0,1.0,False,1.0,-0.5657980364905775,1.0,chem
CPC004 HT29 6H-epirubicin hydrochloride-10.0,epirubicin hydrochloride,HT29,6H,10.0,68,118,0,0,1.0,1.0,0.0,0.0,-0.0,-0.0,0.0,1.0,False,1.0,-0.5657980364905775,1.0,chem
CPC004 HT29 6H-ro 31-8220 mesylate-10.0,ro 31-8220 mesylate,HT29,6H,10.0,59,193,1,1,0.5454445759754482,0.15211527114417434,1.3033333333333332,6.488843813387424,1.0810765567130045,0.376289645453042,0.7047869112599625,0.28950636394517537,True,1.0,1.641425841565332,0.07597467510829724,chem
CPC004 HT29 6H-nocodazole-10.0,nocodazole,HT29,6H,10.0,59,21,0,0,1.0,1.0,0.0,0.0,-0.0,-0.0,0.0,1.0,False,1.0,-0.5657980364905775,1.0,chem
CPC004 HT29 6H-erythrosine sodium-10.0,erythrosine sodium,HT29,6H,10.0,36,36,0,0,1.0,1.0,0.0,0.0,-0.0,0.8690060027115124,-0.8690060027115124,1.0,False,1.0,-0.5657980364905775,1.0,chem
CPC004 HT29 6H-chloroxine-10.0,chloroxine,HT29,6H,10.0,92,14,0,1,1.0,0.22738050782237604,0.0,4.1144149967679375,0.6432467679157314,-0.0,0.6432467679157314,0.5641606946274296,True,1.0,0.7475128634726382,0.2052649116961013,chem
CPC004 HT29 6H-aristolochic acid-10.0,aristolochic acid,HT29,6H,10.0,46,68,0,0,1.0,1.0,0.0,0.0,-0.0,0.7611977252571888,-0.7611977252571888,1.0,False,1.0,-0.5657980364905775,1.0,chem
CPC004 HT29 6H-prochlorperazine edisylate-10.0,prochlorperazine edisylate,HT29,6H,10.0,35,34,0,0,1.0,1.0,0.0,0.0,-0.0,1.0431516089602864,-1.0431516089602864,1.0,False,1.0,-0.5657980364905775,1.0,chem
CPC004 HT29 6H-piplartine-10.0,piplartine,HT29,6H,10.0,87,28,0,0,1.0,1.0,0.0,0.0,-0.0,-0.0,0.0,1.0,False,1.0,-0.5657980364905775,1.0,chem
CPC004 HT29 6H-sb 216641 hydrochloride-10.0,sb 216641 hydrochloride,HT29,6H,10.0,18,11,0,0,1.0,1.0,0.0,0.0,-0.0,-0.0,0.0,1.0,False,1.0,-0.5657980364905775,1.0,chem
CPC004 HT29 6H-mycophenolic acid-10.0,mycophenolic acid,HT29,6H,10.0,46,30,0,1,1.0,0.12060593047710985,0.0,8.380392156862746,0.9186313363902346,1.8660139691027813,-0.9473826327125466,0.3757148294095546,True,1.0,1.3097629570582023,0.10396534488503832,chem
CPC004 HT29 6H-niclosamide-10.0,niclosamide,HT29,6H,10.0,68,30,1,0,0.11396273672112121,1.0,8.853793103448275,0.0,0.9432371300835751,-0.0,0.9432371300835751,0.3614765532684078,True,1.0,1.360000375528906,0.09863378873708764,chem
CPC004 HT29 6H-BRD-K36055864 (cycloheximide)-10.0,brd-k36055864 (cycloheximide),HT29,6H,10.0,122,60,0,0,1.0,1.0,0.0,0.0,-0.0,0.40804997374612706,-0.40804997374612706,1.0,False,1.0,-0.5657980364905775,1.0,chem
CPC004 HT29 6H-paroxetine hydrochloride-10.0,paroxetine hydrochloride,HT29,6H,10.0,22,3,0,1,1.0,0.05950847718963442,0.0,18.025210084033613,1.2254211631043967,-0.0,1.2254211631043967,0.22741976865416286,True,1.0,1.9361328721796702,0.060313228923692105,chem
CPC004 HT29 6H-bithionate sodium-10.0,bithionate sodium,HT29,6H,10.0,57,14,0,0,1.0,1.0,0.0,0.0,-0.0,0.6866275576504163,-0.6866275576504163,1.0,False,1.0,-0.5657980364905775,1.0,chem
CPC004 HT29 6H-daunorubicin-10.0,daunorubicin,HT29,6H,10.0,33,107,1,1,0.3521884880253418,0.0879929549047966,2.393207547169811,11.808823529411764,1.5087769418534624,-0.0,1.5087769418534624,0.13865243838244004,True,1.0,2.514657711106594,0.034988337220926355,chem
CPC004 HT29 6H-ch 55-10.0,ch 55,HT29,6H,10.0,60,20,0,0,1.0,1.0,0.0,0.0,-0.0,-0.0,0.0,1.0,False,1.0,-0.5657980364905775,1.0,chem
CPC004 HT29 6H-oxibendazole-10.0,oxibendazole,HT29,6H,10.0,43,25,0,0,1.0,1.0,0.0,0.0,-0.0,0.7975941222616931,-0.7975941222616931,1.0,False,1.0,-0.5657980364905775,1.0,chem
CPC004 HT29 6H-dorsomorphin dihydrochloride-10.0,dorsomorphin dihydrochloride,HT29,6H,10.0,44,74,1,0,0.25879814209314494,1.0,3.493150684931507,0.0,0.5870388457838291,0.7278176439995865,-0.14077879821575734,0.6086173752539374,True,1.0,0.6327536754252581,0.22659113628790403,chem
CPC004 HT29 6H-penicillin g potassium-10.0,penicillin g potassium,HT29,6H,10.0,42,19,0,0,1.0,1.0,0.0,0.0,-0.0,1.2873892109613367,-1.2873892109613367,1.0,False,1.0,-0.5657980364905775,1.0,chem
CPC004 HT29 6H-dephostatin-10.0,dephostatin,HT29,6H,10.0,12,21,0,0,1.0,1.0,0.0,0.0,-0.0,-0.0,0.0,1.0,False,1.0,-0.5657980364905775,1.0,chem
CPC004 HT29 6H-triflupromazine hydrochloride-10.0,triflupromazine hydrochloride,HT29,6H,10.0,22,19,0,0,1.0,1.0,0.0,0.0,-0.0,-0.0,0.0,1.0,False,1.0,-0.5657980364905775,1.0,chem
CPC004 HT29 6H-triciribine-10.0,triciribine,HT29,6H,10.0,26,25,0,0,1.0,1.0,0.0,0.0,-0.0,-0.0,0.0,1.0,False,1.0,-0.5657980364905775,1.0,chem
CPC004 HT29 6H-vorinostat-10.0,vorinostat,HT29,6H,10.0,109,56,1,2,0.20253482817430737,0.03605811019135515,4.649454545454545,7.417056074766355,2.136497322564781,-0.0,2.136497322564781,0.04323000371650561,True,1.0,3.7962685317694875,0.008997000999666778,chem
CPC004 HT29 6H-sertraline hydrochloride-10.0,sertraline hydrochloride,HT29,6H,10.0,20,10,0,0,1.0,1.0,0.0,0.0,-0.0,-0.0,0.0,1.0,False,1.0,-0.5657980364905775,1.0,chem
CPC004 HT29 6H-BRD-K87343924 (wortmannin)-10.0,brd-k87343924 (wortmannin),HT29,6H,10.0,33,43,1,0,0.15936974499723136,1.0,6.100952380952381,0.0,0.7975941222616931,0.946233689851697,-0.14863956759000385,0.45205679761433903,True,1.0,1.0626424108776737,0.1409530156614462,chem
CPC004 HT29 6H-ami-193-10.0,ami-193,HT29,6H,10.0,28,4,0,0,1.0,1.0,0.0,0.0,-0.0,-0.0,0.0,1.0,False,1.0,-0.5657980364905775,1.0,chem
CPC004 HT29 6H-pifithrin- ?-10.0,pifithrin- ?,HT29,6H,10.0,43,22,0,0,1.0,1.0,0.0,0.0,-0.0,-0.0,0.0,1.0,False,1.0,-0.5657980364905775,1.0,chem
CPC004 HT29 6H-amsacrine-10.0,amsacrine,HT29,6H,10.0,40,48,0,0,1.0,1.0,0.0,0.0,-0.0,-0.0,0.0,1.0,False,1.0,-0.5657980364905775,1.0,chem
CPC004 MCF7 6H-alprenolol hydrochloride-10.0,alprenolol hydrochloride,MCF7,6H,10.0,35,17,0,0,1.0,1.0,0.0,0.0,-0.0,-0.0,0.0,1.0,False,1.0,-0.5657980364905775,1.0,chem
CPC004 MCF7 6H-norgestimate-10.0,norgestimate,MCF7,6H,10.0,31,16,1,0,0.06242756975790336,1.0,17.154666666666667,0.0,1.2046235713841937,-0.0,1.2046235713841937,0.23558593388225837,True,1.0,1.8936706240013699,0.061312895701432855,chem
CPC004 MCF7 6H-terfenadine-10.0,terfenadine,MCF7,6H,10.0,38,9,0,0,1.0,1.0,0.0,0.0,-0.0,-0.0,0.0,1.0,False,1.0,-0.5657980364905775,1.0,chem
CPC004 MCF7 6H-sb 218078-10.0,sb 218078,MCF7,6H,10.0,77,84,0,0,1.0,1.0,0.0,0.0,-0.0,1.250520841704182,-1.250520841704182,1.0,False,1.0,-0.5657980364905775,1.0,chem
CPC004 MCF7 6H-wortmannin-10.0,wortmannin,MCF7,6H,10.0,48,31,0,0,1.0,1.0,0.0,0.0,-0.0,-0.0,0.0,1.0,False,1.0,-0.5657980364905775,1.0,chem
CPC004 MCF7 6H-gw 1929-10.0,gw 1929,MCF7,6H,10.0,49,46,1,1,0.16952594816869557,0.12797397276504582,5.6915555555555555,7.852941176470588,1.6636421657137155,0.9186313363902346,0.7450108293234808,0.10480111240052863,True,1.0,2.8308445878474324,0.023658780406531157,chem
CPC004 MCF7 6H-trichostatin a-10.0,trichostatin a,MCF7,6H,10.0,185,122,1,2,0.39079592478583886,0.09215151797848406,2.0915702479338845,4.284836065573771,1.443547480156857,-0.0,1.443547480156857,0.15571385192779677,True,1.0,2.381479330245911,0.04031989336887704,chem
CPC004 MCF7 6H-geldanamycin-10.0,geldanamycin,MCF7,6H,10.0,50,29,1,0,0.11037386480255901,1.0,9.17142857142857,0.0,0.9571337501189711,-0.0,0.9571337501189711,0.353624828228642,True,1.0,1.388372974468297,0.0943018993668777,chem
CPC004 MCF7 6H-amlodipine besylate-10.0,amlodipine besylate,MCF7,6H,10.0,36,11,0,0,1.0,1.0,0.0,0.0,-0.0,1.52020554564402,-1.52020554564402,1.0,False,1.0,-0.5657980364905775,1.0,chem
CPC004 MCF7 6H-emetine-10.0,emetine,MCF7,6H,10.0,173,143,0,0,1.0,1.0,0.0,0.0,-0.0,1.2302775566223518,-1.2302775566223518,1.0,False,1.0,-0.5657980364905775,1.0,chem
CPC004 MCF7 6H-gitoxigenin-10.0,gitoxigenin,MCF7,6H,10.0,63,56,0,0,1.0,1.0,0.0,0.0,-0.0,1.4868484689183739,-1.4868484689183739,1.0,False,1.0,-0.5657980364905775,1.0,chem
CPC004 MCF7 6H-carbinoxamine maleate-10.0,carbinoxamine maleate,MCF7,6H,10.0,19,35,1,0,0.1316992811962372,1.0,7.5458823529411765,0.0,0.8804165953750398,1.0311267751067914,-0.1507101797317516,0.39868455868811536,True,1.0,1.231740278332358,0.11562812395868044,chem
CPC004 MCF7 6H-proscillaridin a-10.0,proscillaridin a,MCF7,6H,10.0,90,71,0,0,1.0,1.0,0.0,0.0,-0.0,0.514862283016828,-0.514862283016828,1.0,False,1.0,-0.5657980364905775,1.0,chem
CPC004 MCF7 6H-teniposide-10.0,teniposide,MCF7,6H,10.0,87,152,0,0,1.0,1.0,0.0,0.0,-0.0,0.9851925470190627,-0.9851925470190627,1.0,False,1.0,-0.5657980364905775,1.0,chem
CPC004 MCF7 6H-ezetimibe-10.0,ezetimibe,MCF7,6H,10.0,34,10,0,0,1.0,1.0,0.0,0.0,-0.0,-0.0,0.0,1.0,False,1.0,-0.5657980364905775,1.0,chem
CPC004 MCF7 6H-ouabain-10.0,ouabain,MCF7,6H,10.0,98,88,0,0,1.0,1.0,0.0,0.0,-0.0,0.6603385664151288,-0.6603385664151288,1.0,False,1.0,-0.5657980364905775,1.0,chem
CPC004 MCF7 6H-mitomycin c-10.0,mitomycin c,MCF7,6H,10.0,68,104,0,0,1.0,1.0,0.0,0.0,-0.0,0.5966220983101204,-0.5966220983101204,1.0,False,1.0,-0.5657980364905775,1.0,chem
CPC004 MCF7 6H-doxorubicin-10.0,doxorubicin,MCF7,6H,10.0,109,167,0,0,1.0,1.0,0.0,0.0,-0.0,-0.0,0.0,1.0,False,1.0,-0.5657980364905775,1.0,chem
CPC004 MCF7 6H-testosterone-10.0,testosterone,MCF7,6H,10.0,21,17,0,0,1.0,1.0,0.0,0.0,-0.0,-0.0,0.0,1.0,False,1.0,-0.5657980364905775,1.0,chem
CPC004 MCF7 6H-colforsin-10.0,colforsin,MCF7,6H,10.0,65,17,1,0,0.06620224971861792,1.0,16.08,0.0,1.1791272518929243,0.6360850498129149,0.5430422020800094,0.2459440609379295,True,1.0,1.8416150273516945,0.0639786737754082,chem
CPC004 MCF7 6H-selamectin-10.0,selamectin,MCF7,6H,10.0,33,16,0,0,1.0,1.0,0.0,0.0,-0.0,-0.0,0.0,1.0,False,1.0,-0.5657980364905775,1.0,chem
CPC004 MCF7 6H-cycloheximide-10.0,cycloheximide,MCF7,6H,10.0,92,66,1,0,0.23428022674110408,1.0,3.928,0.0,0.6302643643249608,-0.0,0.6302643643249608,0.5742764374546072,True,1.0,0.7210068116836391,0.21059646784405198,chem
CPC004 MCF7 6H-brompheniramine maleate-10.0,brompheniramine maleate,MCF7,6H,10.0,18,3,0,0,1.0,1.0,0.0,0.0,-0.0,-0.0,0.0,1.0,False,1.0,-0.5657980364905775,1.0,chem
CPC004 MCF7 6H-BRD-A68930007 (ouabain)-10.0,brd-a68930007 (ouabain),MCF7,6H,10.0,84,63,0,0,1.0,1.0,0.0,0.0,-0.0,0.7915750400061757,-0.7915750400061757,1.0,False,1.0,-0.5657980364905775,1.0,chem
CPC004 MCF7 6H-cyclosporine-10.0,cyclosporine,MCF7,6H,10.0,55,22,0,0,1.0,1.0,0.0,0.0,-0.0,1.2254211631043967,-1.2254211631043967,1.0,False,1.0,-0.5657980364905775,1.0,chem
CPC004 MCF7 6H-BRD-A75409952 (wortmannin)-10.0,brd-a75409952 (wortmannin),MCF7,6H,10.0,71,48,0,0,1.0,1.0,0.0,0.0,-0.0,-0.0,0.0,1.0,False,1.0,-0.5657980364905775,1.0,chem
CPC004 MCF7 6H-sirolimus-10.0,sirolimus,MCF7,6H,10.0,60,27,0,0,1.0,1.0,0.0,0.0,-0.0,-0.0,0.0,1.0,False,1.0,-0.5657980364905775,1.0,chem
CPC004 MCF7 6H-brazilin-10.0,brazilin,MCF7,6H,10.0,43,41,0,0,1.0,1.0,0.0,0.0,-0.0,-0.0,0.0,1.0,False,1.0,-0.5657980364905775,1.0,chem
CPC004 MCF7 6H-fulvestrant-10.0,fulvestrant,MCF7,6H,10.0,31,44,0,1,1.0,0.08287531958572758,0.0,12.6,1.0815747838474978,-0.0,1.0815747838474978,0.2892695051033642,True,1.0,1.6424430672383155,0.07597467510829724,chem
CPC004 MCF7 6H-digitoxin-10.0,digitoxin,MCF7,6H,10.0,104,74,0,0,1.0,1.0,0.0,0.0,-0.0,-0.0,0.0,1.0,False,1.0,-0.5657980364905775,1.0,chem
CPC004 MCF7 6H-digoxin-10.0,digoxin,MCF7,6H,10.0,104,64,0,0,1.0,1.0,0.0,0.0,-0.0,-0.0,0.0,1.0,False,1.0,-0.5657980364905775,1.0,chem
CPC004 MCF7 6H-pindolol-10.0,pindolol,MCF7,6H,10.0,21,37,0,0,1.0,1.0,0.0,0.0,-0.0,-0.0,0.0,1.0,False,1.0,-0.5657980364905775,1.0,chem
CPC004 MCF7 6H-nsc 663284-10.0,nsc 663284,MCF7,6H,10.0,42,32,1,0,0.1210987624976262,1.0,8.28,0.0,0.9168602948684945,-0.0,0.9168602948684945,0.37675627535664896,True,1.0,1.3061470381748082,0.10596467844051982,chem
CPC004 MCF7 6H-sappanone a trimethyl ether-10.0,sappanone a trimethyl ether,MCF7,6H,10.0,28,15,0,0,1.0,1.0,0.0,0.0,-0.0,-0.0,0.0,1.0,False,1.0,-0.5657980364905775,1.0,chem
CPC004 MCF7 6H-epirubicin hydrochloride-10.0,epirubicin hydrochloride,MCF7,6H,10.0,76,100,0,0,1.0,1.0,0.0,0.0,-0.0,-0.0,0.0,1.0,False,1.0,-0.5657980364905775,1.0,chem
CPC004 MCF7 6H-ro 31-8220 mesylate-10.0,ro 31-8220 mesylate,MCF7,6H,10.0,97,170,0,0,1.0,1.0,0.0,0.0,-0.0,0.48791003667950106,-0.48791003667950106,1.0,False,1.0,-0.5657980364905775,1.0,chem
CPC004 MCF7 6H-promazine hydrochloride-10.0,promazine hydrochloride,MCF7,6H,10.0,82,53,1,1,0.19276698939407128,0.20526676523894072,4.92,4.62962962962963,1.4026486969241057,-0.0,1.4026486969241057,0.16736425725059503,True,1.0,2.2979766676692344,0.04398533822059313,chem
CPC004 MCF7 6H-raf1 kinase inhibitor i-10.0,raf1 kinase inhibitor i,MCF7,6H,10.0,48,30,0,0,1.0,1.0,0.0,0.0,-0.0,0.753917469441078,-0.753917469441078,1.0,False,1.0,-0.5657980364905775,1.0,chem
CPC004 MCF7 6H-diclofenac sodium-10.0,diclofenac sodium,MCF7,6H,10.0,24,22,1,0,0.08485751299199006,1.0,12.241904761904761,0.0,1.071309700706131,-0.0,1.071309700706131,0.29418247712166845,True,1.0,1.621484943154353,0.07830723092302566,chem
CPC004 MCF7 6H-nu7026-10.0,nu7026,MCF7,6H,10.0,28,15,0,0,1.0,1.0,0.0,0.0,-0.0,-0.0,0.0,1.0,False,1.0,-0.5657980364905775,1.0,chem
CPC004 MCF7 6H-forskolin-10.0,forskolin,MCF7,6H,10.0,45,6,0,1,1.0,0.11813687833993748,0.0,8.572192513368984,0.9276145091651452,0.7794899098274045,0.1481245993377407,0.3704667765586675,True,1.0,1.3281038167562154,0.10229923358880373,chem
CPC004 MCF7 6H-nocodazole-10.0,nocodazole,MCF7,6H,10.0,43,17,0,0,1.0,1.0,0.0,0.0,-0.0,-0.0,0.0,1.0,False,1.0,-0.5657980364905775,1.0,chem
CPC004 MCF7 6H-erythrosine sodium-10.0,erythrosine sodium,MCF7,6H,10.0,36,39,0,0,1.0,1.0,0.0,0.0,-0.0,0.8690060027115124,-0.8690060027115124,1.0,False,1.0,-0.5657980364905775,1.0,chem
CPC004 MCF7 6H-chloroxine-10.0,chloroxine,MCF7,6H,10.0,72,11,0,0,1.0,1.0,0.0,0.0,-0.0,1.52020554564402,-1.52020554564402,1.0,False,1.0,-0.5657980364905775,1.0,chem
CPC004 MCF7 6H-mephentermine sulfate-10.0,mephentermine sulfate,MCF7,6H,10.0,25,25,1,0,0.09587810025095982,1.0,10.706666666666667,0.0,1.0182805797562287,-0.0,1.0182805797562287,0.32068134223924377,True,1.0,1.5132158837004888,0.08597134288570477,chem
CPC004 MCF7 6H-phenolphthalein-10.0,phenolphthalein,MCF7,6H,10.0,62,42,0,0,1.0,1.0,0.0,0.0,-0.0,-0.0,0.0,1.0,False,1.0,-0.5657980364905775,1.0,chem
CPC004 MCF7 6H-prochlorperazine edisylate-10.0,prochlorperazine edisylate,MCF7,6H,10.0,46,23,0,1,1.0,0.12060593047710985,0.0,8.380392156862746,0.9186313363902346,-0.0,0.9186313363902346,0.3757148294095546,True,1.0,1.3097629570582023,0.10396534488503832,chem
CPC004 MCF7 6H-rs 39604 hydrochloride-10.0,rs 39604 hydrochloride,MCF7,6H,10.0,21,8,0,0,1.0,1.0,0.0,0.0,-0.0,-0.0,0.0,1.0,False,1.0,-0.5657980364905775,1.0,chem
CPC004 MCF7 6H-piplartine-10.0,piplartine,MCF7,6H,10.0,91,61,0,0,1.0,1.0,0.0,0.0,-0.0,-0.0,0.0,1.0,False,1.0,-0.5657980364905775,1.0,chem
CPC004 MCF7 6H-mycophenolic acid-10.0,mycophenolic acid,MCF7,6H,10.0,49,26,0,0,1.0,1.0,0.0,0.0,-0.0,-0.0,0.0,1.0,False,1.0,-0.5657980364905775,1.0,chem
CPC004 MCF7 6H-niclosamide-10.0,niclosamide,MCF7,6H,10.0,61,24,0,0,1.0,1.0,0.0,0.0,-0.0,-0.0,0.0,1.0,False,1.0,-0.5657980364905775,1.0,chem
CPC004 MCF7 6H-BRD-K36055864 (cycloheximide)-10.0,brd-k36055864 (cycloheximide),MCF7,6H,10.0,84,82,1,0,0.28256026853690286,1.0,3.1441975308641976,0.0,0.5488889053617282,-0.0,0.5488889053617282,0.6396778533983358,True,1.0,0.5548632994632662,0.24191936021326224,chem
CPC004 MCF7 6H-ag 957-10.0,ag 957,MCF7,6H,10.0,72,33,0,0,1.0,1.0,0.0,0.0,-0.0,-0.0,0.0,1.0,False,1.0,-0.5657980364905775,1.0,chem
CPC004 MCF7 6H-paroxetine hydrochloride-10.0,paroxetine hydrochloride,MCF7,6H,10.0,30,11,0,0,1.0,1.0,0.0,0.0,-0.0,-0.0,0.0,1.0,False,1.0,-0.5657980364905775,1.0,chem
CPC004 MCF7 6H-ethamivan-10.0,ethamivan,MCF7,6H,10.0,28,11,0,0,1.0,1.0,0.0,0.0,-0.0,-0.0,0.0,1.0,False,1.0,-0.5657980364905775,1.0,chem
CPC004 MCF7 6H-bithionate sodium-10.0,bithionate sodium,MCF7,6H,10.0,42,13,1,1,0.05101529557184209,0.11069037968717034,21.453333333333333,9.203730272596843,2.2481897156398998,-0.0,2.2481897156398998,0.03487892935027266,True,1.0,4.024309844349773,0.004998333888703766,chem
CPC004 MCF7 6H-rottlerin-10.0,rottlerin,MCF7,6H,10.0,41,27,0,0,1.0,1.0,0.0,0.0,-0.0,-0.0,0.0,1.0,False,1.0,-0.5657980364905775,1.0,chem
CPC004 MCF7 6H-l 161982-10.0,l 161982,MCF7,6H,10.0,64,47,1,0,0.172885052920969,1.0,5.56695652173913,0.0,0.7622425527905643,0.6420080707060773,0.12023448208448695,0.4763205087441633,True,1.0,0.9904654426704699,0.15561479506831055,chem
CPC004 MCF7 6H-bisacodyl-10.0,bisacodyl,MCF7,6H,10.0,94,95,0,0,1.0,1.0,0.0,0.0,-0.0,1.1301355290538289,-1.1301355290538289,1.0,False,1.0,-0.5657980364905775,1.0,chem
CPC004 MCF7 6H-suloctidil-10.0,suloctidil,MCF7,6H,10.0,52,34,0,1,1.0,0.13528368405107447,0.0,7.387543252595155,0.868754578523359,-0.0,0.868754578523359,0.4059026415009191,True,1.0,1.2079300477788584,0.11929356881039653,chem
CPC004 MCF7 6H-amg 9810-10.0,amg 9810,MCF7,6H,10.0,21,22,0,1,1.0,0.056877731671283766,0.0,18.929411764705883,1.2450577319387697,-0.0,1.2450577319387697,0.21993773483348425,True,1.0,1.9762246708087126,0.05798067310896368,chem
CPC004 MCF7 6H-daunorubicin-10.0,daunorubicin,MCF7,6H,10.0,85,144,1,0,0.4434437047059347,1.0,1.7636363636363637,0.0,0.3531615061307682,0.5356881335312719,-0.18252662740050368,0.8040452162697935,True,1.0,0.15524850207473634,0.3008997000999667,chem
CPC004 MCF7 6H-epicatechin monogallate-10.0,epicatechin monogallate,MCF7,6H,10.0,29,16,0,1,1.0,0.07773057101685643,0.0,13.504201680672269,1.109408141910376,-0.0,1.109408141910376,0.276293831557325,True,1.0,1.6992701736457057,0.07264245251582806,chem
CPC004 MCF7 6H-ch 55-10.0,ch 55,MCF7,6H,10.0,82,41,0,0,1.0,1.0,0.0,0.0,-0.0,-0.0,0.0,1.0,False,1.0,-0.5657980364905775,1.0,chem
CPC004 MCF7 6H-dorsomorphin dihydrochloride-10.0,dorsomorphin dihydrochloride,MCF7,6H,10.0,123,135,0,0,1.0,1.0,0.0,0.0,-0.0,0.40528762798207185,-0.40528762798207185,1.0,False,1.0,-0.5657980364905775,1.0,chem
CPC004 MCF7 6H-ly-83583-10.0,ly-83583,MCF7,6H,10.0,29,6,0,0,1.0,1.0,0.0,0.0,-0.0,-0.0,0.0,1.0,False,1.0,-0.5657980364905775,1.0,chem
CPC004 MCF7 6H-sib 1893-10.0,sib 1893,MCF7,6H,10.0,39,25,0,0,1.0,1.0,0.0,0.0,-0.0,-0.0,0.0,1.0,False,1.0,-0.5657980364905775,1.0,chem
CPC004 MCF7 6H-duloxetine hydrochloride-10.0,duloxetine hydrochloride,MCF7,6H,10.0,23,31,0,0,1.0,1.0,0.0,0.0,-0.0,-0.0,0.0,1.0,False,1.0,-0.5657980364905775,1.0,chem
CPC004 MCF7 6H-BRD-K77830450 (forskolin)-10.0,brd-k77830450 (forskolin),MCF7,6H,10.0,68,14,0,0,1.0,1.0,0.0,0.0,-0.0,1.5222977409365865,-1.5222977409365865,1.0,False,1.0,-0.5657980364905775,1.0,chem
CPC004 MCF7 6H-menadione-10.0,menadione,MCF7,6H,10.0,31,17,1,0,0.06620224971861792,1.0,16.08,0.0,1.1791272518929243,-0.0,1.1791272518929243,0.2459440609379295,True,1.0,1.8416150273516945,0.0639786737754082,chem
CPC004 MCF7 6H-triciribine-10.0,triciribine,MCF7,6H,10.0,68,28,0,1,1.0,0.17330148124690362,0.0,5.6093064091308165,0.7611977252571888,1.7430004163433683,-0.9818026910861796,0.47705089277691626,True,1.0,0.9883322280837725,0.15728090636454514,chem
CPC004 MCF7 6H-vorinostat-10.0,vorinostat,MCF7,6H,10.0,142,104,1,2,0.3441896386312761,0.058118138734671476,2.4640776699029128,5.639285714285714,1.698890510336926,0.9543114871411451,0.744579023195781,0.09825478235086917,True,1.0,2.9028108028496766,0.022325891369543487,chem
CPC004 MCF7 6H-BRD-K87343924 (wortmannin)-10.0,brd-k87343924 (wortmannin),MCF7,6H,10.0,42,31,0,0,1.0,1.0,0.0,0.0,-0.0,-0.0,0.0,1.0,False,1.0,-0.5657980364905775,1.0,chem
"CPC004 MCF7 6H-methyl 2,5-dihydroxycinnamate-10.0","methyl 2,5-dihydroxycinnamate",MCF7,6H,10.0,17,12,0,0,1.0,1.0,0.0,0.0,-0.0,-0.0,0.0,1.0,False,1.0,-0.5657980364905775,1.0,chem
CPC004 MCF7 6H-pifithrin- ?-10.0,pifithrin- ?,MCF7,6H,10.0,48,37,0,0,1.0,1.0,0.0,0.0,-0.0,-0.0,0.0,1.0,False,1.0,-0.5657980364905775,1.0,chem
CPC004 MCF7 6H-amsacrine-10.0,amsacrine,MCF7,6H,10.0,86,88,0,0,1.0,1.0,0.0,0.0,-0.0,-0.0,0.0,1.0,False,1.0,-0.5657980364905775,1.0,chem
CPC004 PC3 24H-terfenadine-10.0,terfenadine,PC3,24H,10.0,35,5,0,0,1.0,1.0,0.0,0.0,-0.0,-0.0,0.0,1.0,False,1.0,-0.5657980364905775,1.0,chem
CPC004 PC3 24H-sb 218078-10.0,sb 218078,PC3,24H,10.0,51,55,0,0,1.0,1.0,0.0,0.0,-0.0,-0.0,0.0,1.0,False,1.0,-0.5657980364905775,1.0,chem
CPC004 PC3 24H-wortmannin-10.0,wortmannin,PC3,24H,10.0,21,53,0,0,1.0,1.0,0.0,0.0,-0.0,-0.0,0.0,1.0,False,1.0,-0.5657980364905775,1.0,chem
CPC004 PC3 24H-gw 1929-10.0,gw 1929,PC3,24H,10.0,52,16,0,0,1.0,1.0,0.0,0.0,-0.0,-0.0,0.0,1.0,False,1.0,-0.5657980364905775,1.0,chem
CPC004 PC3 24H-trichostatin a-10.0,trichostatin a,PC3,24H,10.0,111,138,2,1,0.10520955361240908,0.2678050399911292,3.8676470588235294,3.3935828877005347,1.5501260760247866,0.9328207712395068,0.6173053047852798,0.12874291262751422,True,1.0,2.599079850975559,0.03265578140619793,chem
CPC004 PC3 24H-geldanamycin-10.0,geldanamycin,PC3,24H,10.0,48,77,0,0,1.0,1.0,0.0,0.0,-0.0,0.7122273233667098,-0.7122273233667098,1.0,False,1.0,-0.5657980364905775,1.0,chem
CPC004 PC3 24H-praziquantel-10.0,praziquantel,PC3,24H,10.0,38,10,0,0,1.0,1.0,0.0,0.0,-0.0,-0.0,0.0,1.0,False,1.0,-0.5657980364905775,1.0,chem
CPC004 PC3 24H-emetine-10.0,emetine,PC3,24H,10.0,161,145,0,1,1.0,0.3648541509812331,0.0,2.3147058823529414,0.437880708372561,0.4746892976383899,-0.03680858926582892,0.7327211185378739,True,1.0,0.3282189036219549,0.27924025324891705,chem
CPC004 PC3 24H-prednisolone-10.0,prednisolone,PC3,24H,10.0,67,35,0,0,1.0,1.0,0.0,0.0,-0.0,-0.0,0.0,1.0,False,1.0,-0.5657980364905775,1.0,chem
CPC004 PC3 24H-paclitaxel-10.0,paclitaxel,PC3,24H,10.0,72,53,0,0,1.0,1.0,0.0,0.0,-0.0,0.8610428245735234,-0.8610428245735234,1.0,False,1.0,-0.5657980364905775,1.0,chem
CPC004 PC3 24H-proscillaridin a-10.0,proscillaridin a,PC3,24H,10.0,56,32,0,0,1.0,1.0,0.0,0.0,-0.0,-0.0,0.0,1.0,False,1.0,-0.5657980364905775,1.0,chem
CPC004 PC3 24H-teniposide-10.0,teniposide,PC3,24H,10.0,98,84,0,0,1.0,1.0,0.0,0.0,-0.0,0.6783254004489399,-0.6783254004489399,1.0,False,1.0,-0.5657980364905775,1.0,chem
CPC004 PC3 24H-ezetimibe-10.0,ezetimibe,PC3,24H,10.0,16,18,1,0,0.06996231499774386,1.0,15.131764705882352,0.0,1.1551358284942217,1.3103029095047494,-0.15516708101052767,0.25604797821898645,True,1.0,1.7926319629559841,0.06731089636787738,chem
CPC004 PC3 24H-ouabain-10.0,ouabain,PC3,24H,10.0,111,111,0,0,1.0,1.0,0.0,0.0,-0.0,-0.0,0.0,1.0,False,1.0,-0.5657980364905775,1.0,chem
CPC004 PC3 24H-mitomycin c-10.0,mitomycin c,PC3,24H,10.0,97,106,0,1,1.0,0.23821820348784972,0.0,3.8970588235294117,0.6230250548924519,0.48791003667950106,0.1351150182129508,0.5799584638153148,True,1.0,0.7062263814348765,0.21392869043652116,chem
CPC004 PC3 24H-pioglitazone hydrochloride-10.0,pioglitazone hydrochloride,PC3,24H,10.0,23,14,0,0,1.0,1.0,0.0,0.0,-0.0,-0.0,0.0,1.0,False,1.0,-0.5657980364905775,1.0,chem
CPC004 PC3 24H-fipronil-10.0,fipronil,PC3,24H,10.0,35,10,0,0,1.0,1.0,0.0,0.0,-0.0,-0.0,0.0,1.0,False,1.0,-0.5657980364905775,1.0,chem
CPC004 PC3 24H-doxorubicin-10.0,doxorubicin,PC3,24H,10.0,164,154,1,0,0.46590157439434077,1.0,1.645751633986928,0.0,0.33170582196298476,0.8545647402710427,-0.5228589183080579,0.8217482893032146,True,1.0,0.11144263271137929,0.30256581139620126,chem
CPC004 PC3 24H-primaquine diphosphate-10.0,primaquine diphosphate,PC3,24H,10.0,32,8,0,0,1.0,1.0,0.0,0.0,-0.0,-0.0,0.0,1.0,False,1.0,-0.5657980364905775,1.0,chem
CPC004 PC3 24H-selamectin-10.0,selamectin,PC3,24H,10.0,66,57,0,0,1.0,1.0,0.0,0.0,-0.0,2.3779874038685875,-2.3779874038685875,1.0,False,1.0,-0.5657980364905775,1.0,chem
CPC004 PC3 24H-cycloheximide-10.0,cycloheximide,PC3,24H,10.0,166,181,0,0,1.0,1.0,0.0,0.0,-0.0,-0.0,0.0,1.0,False,1.0,-0.5657980364905775,1.0,chem
CPC004 PC3 24H-naltrexone hydrochloride-10.0,naltrexone hydrochloride,PC3,24H,10.0,34,37,0,0,1.0,1.0,0.0,0.0,-0.0,-0.0,0.0,1.0,False,1.0,-0.5657980364905775,1.0,chem
CPC004 PC3 24H-brompheniramine maleate-10.0,brompheniramine maleate,PC3,24H,10.0,32,9,0,0,1.0,1.0,0.0,0.0,-0.0,-0.0,0.0,1.0,False,1.0,-0.5657980364905775,1.0,chem
CPC004 PC3 24H-BRD-A68930007 (ouabain)-10.0,brd-a68930007 (ouabain),PC3,24H,10.0,92,63,0,0,1.0,1.0,0.0,0.0,-0.0,-0.0,0.0,1.0,False,1.0,-0.5657980364905775,1.0,chem
CPC004 PC3 24H-cyclosporine-10.0,cyclosporine,PC3,24H,10.0,72,19,0,0,1.0,1.0,0.0,0.0,-0.0,0.5973253186880723,-0.5973253186880723,1.0,False,1.0,-0.5657980364905775,1.0,chem
CPC004 PC3 24H-skf 96365 hydrochloride-10.0,skf 96365 hydrochloride,PC3,24H,10.0,51,25,0,0,1.0,1.0,0.0,0.0,-0.0,-0.0,0.0,1.0,False,1.0,-0.5657980364905775,1.0,chem
CPC004 PC3 24H-BRD-A75409952 (wortmannin)-10.0,brd-a75409952 (wortmannin),PC3,24H,10.0,136,120,0,0,1.0,1.0,0.0,0.0,-0.0,0.37178853246535365,-0.37178853246535365,1.0,False,1.0,-0.5657980364905775,1.0,chem
CPC004 PC3 24H-sirolimus-10.0,sirolimus,PC3,24H,10.0,36,21,0,0,1.0,1.0,0.0,0.0,-0.0,-0.0,0.0,1.0,False,1.0,-0.5657980364905775,1.0,chem
CPC004 PC3 24H-digitoxin-10.0,digitoxin,PC3,24H,10.0,134,126,0,0,1.0,1.0,0.0,0.0,-0.0,0.5253477930207476,-0.5253477930207476,1.0,False,1.0,-0.5657980364905775,1.0,chem
CPC004 PC3 24H-naringenine-10.0,naringenine,PC3,24H,10.0,17,15,0,0,1.0,1.0,0.0,0.0,-0.0,-0.0,0.0,1.0,False,1.0,-0.5657980364905775,1.0,chem
CPC004 PC3 24H-digoxin-10.0,digoxin,PC3,24H,10.0,50,50,0,0,1.0,1.0,0.0,0.0,-0.0,0.7378238987619528,-0.7378238987619528,1.0,False,1.0,-0.5657980364905775,1.0,chem
CPC004 PC3 24H-protein tyrosine phosphatase inhibitor iv-10.0,protein tyrosine phosphatase inhibitor iv,PC3,24H,10.0,10,14,0,0,1.0,1.0,0.0,0.0,-0.0,-0.0,0.0,1.0,False,1.0,-0.5657980364905775,1.0,chem
CPC004 PC3 24H-nsc 663284-10.0,nsc 663284,PC3,24H,10.0,110,73,0,1,1.0,0.2657282184846432,0.0,3.4252563410685375,0.5755623240938987,0.4435847365427099,0.13197758755118882,0.6178928380720132,True,1.0,0.6093221686057408,0.23025658113962014,chem
CPC004 PC3 24H-epirubicin hydrochloride-10.0,epirubicin hydrochloride,PC3,24H,10.0,188,144,2,0,0.11295254378904669,1.0,3.7007042253521125,0.0,0.9471039839458669,1.4159836892057411,-0.4688797052598742,0.35927804106593264,True,1.0,1.3678952948339307,0.09663445518160613,chem
CPC004 PC3 24H-ro 31-8220 mesylate-10.0,ro 31-8220 mesylate,PC3,24H,10.0,153,129,2,0,0.09389863104527328,1.0,4.147637795275591,0.0,1.0273407392974419,0.9036373797486579,0.12370335954878398,0.31601954912444563,True,1.0,1.5317139265580313,0.08363878707097634,chem
CPC004 PC3 24H-promazine hydrochloride-10.0,promazine hydrochloride,PC3,24H,10.0,24,11,0,0,1.0,1.0,0.0,0.0,-0.0,1.0351804047520146,-1.0351804047520146,1.0,False,1.0,-0.5657980364905775,1.0,chem
CPC004 PC3 24H-nocodazole-10.0,nocodazole,PC3,24H,10.0,32,48,1,0,0.17623109129409104,1.0,5.447659574468085,0.0,0.753917469441078,0.9168602948684945,-0.16294282542741656,0.4821610625960958,True,1.0,0.9734681979872054,0.1586137954015328,chem
CPC004 PC3 24H-erythrosine sodium-10.0,erythrosine sodium,PC3,24H,10.0,42,27,0,0,1.0,1.0,0.0,0.0,-0.0,-0.0,0.0,1.0,False,1.0,-0.5657980364905775,1.0,chem
CPC004 PC3 24H-chloroxine-10.0,chloroxine,PC3,24H,10.0,52,15,0,0,1.0,1.0,0.0,0.0,-0.0,1.7403086620638368,-1.7403086620638368,1.0,False,1.0,-0.5657980364905775,1.0,chem
CPC004 PC3 24H-phenolphthalein-10.0,phenolphthalein,PC3,24H,10.0,41,9,0,0,1.0,1.0,0.0,0.0,-0.0,-0.0,0.0,1.0,False,1.0,-0.5657980364905775,1.0,chem
CPC004 PC3 24H-rs 39604 hydrochloride-10.0,rs 39604 hydrochloride,PC3,24H,10.0,18,15,0,0,1.0,1.0,0.0,0.0,-0.0,-0.0,0.0,1.0,False,1.0,-0.5657980364905775,1.0,chem
CPC004 PC3 24H-simvastatin-10.0,simvastatin,PC3,24H,10.0,89,60,0,0,1.0,1.0,0.0,0.0,-0.0,1.9300218727006557,-1.9300218727006557,1.0,False,1.0,-0.5657980364905775,1.0,chem
CPC004 PC3 24H-piplartine-10.0,piplartine,PC3,24H,10.0,117,91,1,0,0.3084171147565907,1.0,2.8257777777777777,0.0,0.5108615299787004,-0.0,0.5108615299787004,0.67120882794089,True,1.0,0.47722316339333115,0.254915028323892,chem
CPC004 PC3 24H-sb 216641 hydrochloride-10.0,sb 216641 hydrochloride,PC3,24H,10.0,36,11,0,0,1.0,1.0,0.0,0.0,-0.0,-0.0,0.0,1.0,False,1.0,-0.5657980364905775,1.0,chem
CPC004 PC3 24H-mycophenolic acid-10.0,mycophenolic acid,PC3,24H,10.0,35,33,0,0,1.0,1.0,0.0,0.0,-0.0,-0.0,0.0,1.0,False,1.0,-0.5657980364905775,1.0,chem
CPC004 PC3 24H-gw 3965 hydrochloride-10.0,gw 3965 hydrochloride,PC3,24H,10.0,50,15,0,0,1.0,1.0,0.0,0.0,-0.0,-0.0,0.0,1.0,False,1.0,-0.5657980364905775,1.0,chem
CPC004 PC3 24H-niclosamide-10.0,niclosamide,PC3,24H,10.0,175,114,0,0,1.0,1.0,0.0,0.0,-0.0,2.2168083032574795,-2.2168083032574795,1.0,False,1.0,-0.5657980364905775,1.0,chem
CPC004 PC3 24H-BRD-K36055864 (cycloheximide)-10.0,brd-k36055864 (cycloheximide),PC3,24H,10.0,72,109,0,0,1.0,1.0,0.0,0.0,-0.0,-0.0,0.0,1.0,False,1.0,-0.5657980364905775,1.0,chem
CPC004 PC3 24H-ag 957-10.0,ag 957,PC3,24H,10.0,47,26,1,0,0.0995231877673926,1.0,10.2768,0.0,1.0020757218050245,0.7622425527905643,0.23983316901446017,0.32915946999987966,True,1.0,1.4801305770325193,0.08730423192269243,chem
CPC004 PC3 24H-rhamnetin-10.0,rhamnetin,PC3,24H,10.0,24,14,1,0,0.05483414750113047,1.0,19.8,0.0,1.2609489040575608,1.4171758591830963,-0.15622695512553553,0.21404192258836766,True,1.0,2.0086695280513283,0.05664778407197601,chem
CPC004 PC3 24H-paroxetine hydrochloride-10.0,paroxetine hydrochloride,PC3,24H,10.0,26,18,0,0,1.0,1.0,0.0,0.0,-0.0,-0.0,0.0,1.0,False,1.0,-0.5657980364905775,1.0,chem
CPC004 PC3 24H-bithionate sodium-10.0,bithionate sodium,PC3,24H,10.0,58,36,0,0,1.0,1.0,0.0,0.0,-0.0,1.6509608678401975,-1.6509608678401975,1.0,False,1.0,-0.5657980364905775,1.0,chem
CPC004 PC3 24H-rottlerin-10.0,rottlerin,PC3,24H,10.0,90,69,0,0,1.0,1.0,0.0,0.0,-0.0,2.055941823600343,-2.055941823600343,1.0,False,1.0,-0.5657980364905775,1.0,chem
CPC004 PC3 24H-bisacodyl-10.0,bisacodyl,PC3,24H,10.0,28,7,0,0,1.0,1.0,0.0,0.0,-0.0,-0.0,0.0,1.0,False,1.0,-0.5657980364905775,1.0,chem
CPC004 PC3 24H-triclosan-10.0,triclosan,PC3,24H,10.0,49,15,0,1,1.0,0.12797397276504582,0.0,7.852941176470588,0.8928783478043839,-0.0,0.8928783478043839,0.3910792944436949,True,1.0,1.257183321522658,0.11129623458847052,chem
CPC004 PC3 24H-daunorubicin-10.0,daunorubicin,PC3,24H,10.0,57,76,1,0,0.2648086431139869,1.0,3.3989333333333334,0.0,0.5770678440229255,-0.0,0.5770678440229255,0.616672549122507,True,1.0,0.6123959745407623,0.23025658113962014,chem
CPC004 PC3 24H-immethridine dihydrobromide-10.0,immethridine dihydrobromide,PC3,24H,10.0,34,16,0,0,1.0,1.0,0.0,0.0,-0.0,-0.0,0.0,1.0,False,1.0,-0.5657980364905775,1.0,chem
CPC004 PC3 24H-epicatechin monogallate-10.0,epicatechin monogallate,PC3,24H,10.0,27,12,0,0,1.0,1.0,0.0,0.0,-0.0,-0.0,0.0,1.0,False,1.0,-0.5657980364905775,1.0,chem
CPC004 PC3 24H-ch 55-10.0,ch 55,PC3,24H,10.0,60,46,0,0,1.0,1.0,0.0,0.0,-0.0,0.6667906672362438,-0.6667906672362438,1.0,False,1.0,-0.5657980364905775,1.0,chem
CPC004 PC3 24H-oxibendazole-10.0,oxibendazole,PC3,24H,10.0,22,17,1,0,0.06620224971861792,1.0,16.08,0.0,1.1791272518929243,1.334558902771708,-0.15543165087878363,0.2459440609379295,True,1.0,1.8416150273516945,0.0639786737754082,chem
CPC004 PC3 24H-dorsomorphin dihydrochloride-10.0,dorsomorphin dihydrochloride,PC3,24H,10.0,24,29,1,0,0.11037386480255901,1.0,9.17142857142857,0.0,0.9571337501189711,1.0351804047520146,-0.0780466546330435,0.353624828228642,True,1.0,1.388372974468297,0.0943018993668777,chem
CPC004 PC3 24H-penicillin g potassium-10.0,penicillin g potassium,PC3,24H,10.0,14,9,0,0,1.0,1.0,0.0,0.0,-0.0,-0.0,0.0,1.0,False,1.0,-0.5657980364905775,1.0,chem
CPC004 PC3 24H-irbesartan-10.0,irbesartan,PC3,24H,10.0,34,12,0,0,1.0,1.0,0.0,0.0,-0.0,-0.0,0.0,1.0,False,1.0,-0.5657980364905775,1.0,chem
CPC004 PC3 24H-triflupromazine hydrochloride-10.0,triflupromazine hydrochloride,PC3,24H,10.0,17,4,0,0,1.0,1.0,0.0,0.0,-0.0,1.1791272518929243,-1.1791272518929243,1.0,False,1.0,-0.5657980364905775,1.0,chem
CPC004 PC3 24H-gw 4064-10.0,gw 4064,PC3,24H,10.0,33,15,0,0,1.0,1.0,0.0,0.0,-0.0,-0.0,0.0,1.0,False,1.0,-0.5657980364905775,1.0,chem
CPC004 PC3 24H-fluvastatin-10.0,fluvastatin,PC3,24H,10.0,41,15,1,0,0.05863822059168321,1.0,18.382857142857144,0.0,1.231819217066421,-0.0,1.231819217066421,0.22495782627229702,True,1.0,1.9491957190154279,0.059646784405198265,chem
CPC004 PC3 24H-sib 1893-10.0,sib 1893,PC3,24H,10.0,14,28,0,0,1.0,1.0,0.0,0.0,-0.0,1.1240826481259065,-1.1240826481259065,1.0,False,1.0,-0.5657980364905775,1.0,chem
CPC004 PC3 24H-forskolin-10.0,forskolin,PC3,24H,10.0,12,13,0,0,1.0,1.0,0.0,0.0,-0.0,1.448792180486728,-1.448792180486728,1.0,False,1.0,-0.5657980364905775,1.0,chem
CPC004 PC3 24H-fluspirilen-10.0,fluspirilen,PC3,24H,10.0,59,15,0,1,1.0,0.15211527114417434,0.0,6.488843813387424,0.8178271841013225,0.6732772051014339,0.14454997899988864,0.438566075937874,True,1.0,1.1039520636874585,0.13462179273575475,chem
CPC004 PC3 24H-menadione-10.0,menadione,PC3,24H,10.0,63,37,0,0,1.0,1.0,0.0,0.0,-0.0,-0.0,0.0,1.0,False,1.0,-0.5657980364905775,1.0,chem
CPC004 PC3 24H-albendazole-10.0,albendazole,PC3,24H,10.0,18,42,0,0,1.0,1.0,0.0,0.0,-0.0,-0.0,0.0,1.0,False,1.0,-0.5657980364905775,1.0,chem
CPC004 PC3 24H-triciribine-10.0,triciribine,PC3,24H,10.0,172,108,0,0,1.0,1.0,0.0,0.0,-0.0,1.747772461305622,-1.747772461305622,1.0,False,1.0,-0.5657980364905775,1.0,chem
CPC004 PC3 24H-vorinostat-10.0,vorinostat,PC3,24H,10.0,180,153,0,1,1.0,0.3984403221978661,0.0,2.0627670062438384,0.3996367173821031,0.7900307149564485,-0.3903939975743454,0.7650841297314255,True,1.0,0.250136505495637,0.29290236587804064,chem
CPC004 PC3 24H-sertraline hydrochloride-10.0,sertraline hydrochloride,PC3,24H,10.0,61,5,0,0,1.0,1.0,0.0,0.0,-0.0,-0.0,0.0,1.0,False,1.0,-0.5657980364905775,1.0,chem
CPC004 PC3 24H-rosuvastatin calcium-10.0,rosuvastatin calcium,PC3,24H,10.0,61,42,0,0,1.0,1.0,0.0,0.0,-0.0,0.6604243160213854,-0.6604243160213854,1.0,False,1.0,-0.5657980364905775,1.0,chem
CPC004 PC3 24H-BRD-K87343924 (wortmannin)-10.0,brd-k87343924 (wortmannin),PC3,24H,10.0,30,65,0,1,1.0,0.08030634288988928,0.0,13.036511156186613,1.0952501511934496,-0.0,1.0952501511934496,0.28283144476658817,True,1.0,1.670363936634417,0.07464178607130956,chem
"CPC004 PC3 24H-methyl 2,5-dihydroxycinnamate-10.0","methyl 2,5-dihydroxycinnamate",PC3,24H,10.0,34,56,1,0,0.20253482817430737,1.0,4.649454545454545,0.0,0.6935002841365968,1.730993199874482,-1.0374929157378854,0.5259512351037625,True,1.0,0.8501149967537601,0.1809396867710763,chem
CPC004 PC3 24H-chlorpromazine-10.0,chlorpromazine,PC3,24H,10.0,39,5,0,0,1.0,1.0,0.0,0.0,-0.0,-0.0,0.0,1.0,False,1.0,-0.5657980364905775,1.0,chem
CPC004 PC3 24H-amsacrine-10.0,amsacrine,PC3,24H,10.0,28,44,0,0,1.0,1.0,0.0,0.0,-0.0,0.9368120055423965,-0.9368120055423965,1.0,False,1.0,-0.5657980364905775,1.0,chem
CPC004 PC3 6H-biperiden-10.0,biperiden,PC3,6H,10.0,4,9,1,0,0.03559099429660333,1.0,32.2,0.0,1.448659879051609,-0.0,1.448659879051609,0.15431054437490663,True,1.0,2.391917267175144,0.039320226591136286,chem
CPC004 PC3 6H-terfenadine-10.0,terfenadine,PC3,6H,10.0,44,9,0,0,1.0,1.0,0.0,0.0,-0.0,-0.0,0.0,1.0,False,1.0,-0.5657980364905775,1.0,chem
CPC004 PC3 6H-sb 218078-10.0,sb 218078,PC3,6H,10.0,28,36,1,0,0.13520538753090064,1.0,7.329142857142857,0.0,0.8690060027115124,0.9715466184374293,-0.10254061572591688,0.40574599594107874,True,1.0,1.208443378188409,0.11729423525491503,chem
CPC004 PC3 6H-carvedilol-10.0,carvedilol,PC3,6H,10.0,7,11,0,0,1.0,1.0,0.0,0.0,-0.0,-0.0,0.0,1.0,False,1.0,-0.5657980364905775,1.0,chem
CPC004 PC3 6H-wortmannin-10.0,wortmannin,PC3,6H,10.0,36,45,0,0,1.0,1.0,0.0,0.0,-0.0,-0.0,0.0,1.0,False,1.0,-0.5657980364905775,1.0,chem
CPC004 PC3 6H-gw 1929-10.0,gw 1929,PC3,6H,10.0,24,9,0,0,1.0,1.0,0.0,0.0,-0.0,-0.0,0.0,1.0,False,1.0,-0.5657980364905775,1.0,chem
CPC004 PC3 6H-trichostatin a-10.0,trichostatin a,PC3,6H,10.0,179,136,1,0,0.4248263708959662,1.0,1.8705185185185185,0.0,0.37178853246535365,-0.0,0.37178853246535365,0.7885094927625227,True,1.0,0.19327912723959956,0.2972342552482506,chem
CPC004 PC3 6H-geldanamycin-10.0,geldanamycin,PC3,6H,10.0,81,37,0,1,1.0,0.20302281257608581,0.0,4.688235294117647,0.6924551600214074,1.383075123574182,-0.6906199635527747,0.5267298823833596,True,1.0,0.8479811766387518,0.18227257580806397,chem
CPC004 PC3 6H-amlodipine besylate-10.0,amlodipine besylate,PC3,6H,10.0,12,3,0,0,1.0,1.0,0.0,0.0,-0.0,-0.0,0.0,1.0,False,1.0,-0.5657980364905775,1.0,chem
CPC004 PC3 6H-emetine-10.0,emetine,PC3,6H,10.0,173,115,1,0,0.37306278444881913,1.0,2.2224561403508774,0.0,0.4282180726280322,-0.0,0.4282180726280322,0.7409058798200113,True,1.0,0.3084907907442446,0.28390536487837387,chem
CPC004 PC3 6H-chlorthalidone-10.0,chlorthalidone,PC3,6H,10.0,6,9,0,0,1.0,1.0,0.0,0.0,-0.0,-0.0,0.0,1.0,False,1.0,-0.5657980364905775,1.0,chem
CPC004 PC3 6H-gitoxigenin-10.0,gitoxigenin,PC3,6H,10.0,15,4,0,0,1.0,1.0,0.0,0.0,-0.0,-0.0,0.0,1.0,False,1.0,-0.5657980364905775,1.0,chem
CPC004 PC3 6H-proscillaridin a-10.0,proscillaridin a,PC3,6H,10.0,38,28,2,0,0.005498521148386898,1.0,20.583333333333332,0.0,2.2597541002250883,-0.0,2.2597541002250883,0.03410884485268313,True,1.0,4.047920740019418,0.004998333888703766,chem
CPC004 PC3 6H-teniposide-10.0,teniposide,PC3,6H,10.0,39,59,0,0,1.0,1.0,0.0,0.0,-0.0,-0.0,0.0,1.0,False,1.0,-0.5657980364905775,1.0,chem
CPC004 PC3 6H-practolol-10.0,practolol,PC3,6H,10.0,21,14,1,0,0.05483414750113047,1.0,19.8,0.0,1.2609489040575608,-0.0,1.2609489040575608,0.21404192258836766,True,1.0,2.0086695280513283,0.05664778407197601,chem
CPC004 PC3 6H-ornidazole-10.0,ornidazole,PC3,6H,10.0,18,7,0,0,1.0,1.0,0.0,0.0,-0.0,-0.0,0.0,1.0,False,1.0,-0.5657980364905775,1.0,chem
CPC004 PC3 6H-ouabain-10.0,ouabain,PC3,6H,10.0,130,89,1,0,0.30274976625257977,1.0,2.890909090909091,0.0,0.5189161834954105,-0.0,0.5189161834954105,0.6644899213874866,True,1.0,0.493668274020468,0.2525824725091636,chem
CPC004 PC3 6H-mitomycin c-10.0,mitomycin c,PC3,6H,10.0,33,59,0,0,1.0,1.0,0.0,0.0,-0.0,0.8178271841013225,-0.8178271841013225,1.0,False,1.0,-0.5657980364905775,1.0,chem
CPC004 PC3 6H-pioglitazone hydrochloride-10.0,pioglitazone hydrochloride,PC3,6H,10.0,14,20,0,0,1.0,1.0,0.0,0.0,-0.0,-0.0,0.0,1.0,False,1.0,-0.5657980364905775,1.0,chem
CPC004 PC3 6H-doxorubicin-10.0,doxorubicin,PC3,6H,10.0,30,52,1,0,0.18948555439160833,1.0,5.017254901960785,0.0,0.7224238932797868,2.200895332067069,-1.4784714387872822,0.5046838763319719,True,1.0,0.9091680585780887,0.1696101299566811,chem
CPC004 PC3 6H-colforsin-10.0,colforsin,PC3,6H,10.0,20,11,1,0,0.04333303455755154,1.0,25.752,0.0,1.3631808968079184,-0.0,1.3631808968079184,0.17934849727008692,True,1.0,2.2173956299158526,0.04798400533155615,chem
CPC004 PC3 6H-thiorphan-10.0,thiorphan,PC3,6H,10.0,14,15,0,1,1.0,0.038266975719416334,0.0,29.153846153846153,1.4171758591830963,-0.0,1.4171758591830963,0.16313854663102556,True,1.0,2.327636638759468,0.04165278240586471,chem
CPC004 PC3 6H-selamectin-10.0,selamectin,PC3,6H,10.0,47,14,0,0,1.0,1.0,0.0,0.0,-0.0,-0.0,0.0,1.0,False,1.0,-0.5657980364905775,1.0,chem
CPC004 PC3 6H-cycloheximide-10.0,cycloheximide,PC3,6H,10.0,130,105,1,0,0.3468664156164547,1.0,2.44,0.0,0.45983774748722833,0.5930165703589346,-0.1331788228717063,0.7141339676632517,True,1.0,0.37304838468355117,0.271242919026991,chem
CPC004 PC3 6H-BRD-A68930007 (ouabain)-10.0,brd-a68930007 (ouabain),PC3,6H,10.0,49,41,1,0,0.1525327083921917,1.0,6.408,0.0,0.816637018277212,0.7457804576422037,0.07085656063500834,0.4393515867377291,True,1.0,1.1015221132741315,0.13628790403198934,chem
CPC004 PC3 6H-cyclosporine-10.0,cyclosporine,PC3,6H,10.0,18,11,0,0,1.0,1.0,0.0,0.0,-0.0,-0.0,0.0,1.0,False,1.0,-0.5657980364905775,1.0,chem
CPC004 PC3 6H-BRD-A75409952 (wortmannin)-10.0,brd-a75409952 (wortmannin),PC3,6H,10.0,118,117,0,0,1.0,1.0,0.0,0.0,-0.0,1.3868715200690724,-1.3868715200690724,1.0,False,1.0,-0.5657980364905775,1.0,chem
CPC004 PC3 6H-sirolimus-10.0,sirolimus,PC3,6H,10.0,18,28,1,0,0.10677101752605844,1.0,9.512592592592593,0.0,0.9715466184374293,-0.0,0.9715466184374293,0.34562512538846096,True,1.0,1.4177995926908786,0.0923025658113962,chem
CPC004 PC3 6H-brazilin-10.0,brazilin,PC3,6H,10.0,52,49,0,0,1.0,1.0,0.0,0.0,-0.0,0.8928783478043839,-0.8928783478043839,1.0,False,1.0,-0.5657980364905775,1.0,chem
CPC004 PC3 6H-estradiol cypionate-10.0,estradiol cypionate,PC3,6H,10.0,15,27,0,1,1.0,0.04094672718026009,0.0,27.067226890756302,1.3877808051210436,-0.0,1.3877808051210436,0.1717913139322328,True,1.0,2.267621032260907,0.045318227257580806,chem
CPC004 PC3 6H-l 755507-10.0,l 755507,PC3,6H,10.0,12,15,0,0,1.0,1.0,0.0,0.0,-0.0,-0.0,0.0,1.0,False,1.0,-0.5657980364905775,1.0,chem
CPC004 PC3 6H-digitoxin-10.0,digitoxin,PC3,6H,10.0,132,66,1,0,0.23428022674110408,1.0,3.928,0.0,0.6302643643249608,-0.0,0.6302643643249608,0.5742764374546072,True,1.0,0.7210068116836391,0.21059646784405198,chem
CPC004 PC3 6H-digoxin-10.0,digoxin,PC3,6H,10.0,93,56,2,1,0.020912852548121343,0.2295596289222189,9.867283950617283,4.069053708439898,2.3186912105983755,-0.0,2.3186912105983755,0.030431855453722966,True,1.0,4.168252086131542,0.004665111629456847,chem
CPC004 PC3 6H-amoxapine-10.0,amoxapine,PC3,6H,10.0,12,11,0,0,1.0,1.0,0.0,0.0,-0.0,-0.0,0.0,1.0,False,1.0,-0.5657980364905775,1.0,chem
CPC004 PC3 6H-protein tyrosine phosphatase inhibitor iv-10.0,protein tyrosine phosphatase inhibitor iv,PC3,6H,10.0,13,10,0,0,1.0,1.0,0.0,0.0,-0.0,-0.0,0.0,1.0,False,1.0,-0.5657980364905775,1.0,chem
CPC004 PC3 6H-nsc 663284-10.0,nsc 663284,PC3,6H,10.0,44,51,0,0,1.0,1.0,0.0,0.0,-0.0,-0.0,0.0,1.0,False,1.0,-0.5657980364905775,1.0,chem
CPC004 PC3 6H-sappanone a trimethyl ether-10.0,sappanone a trimethyl ether,PC3,6H,10.0,31,20,0,0,1.0,1.0,0.0,0.0,-0.0,-0.0,0.0,1.0,False,1.0,-0.5657980364905775,1.0,chem
CPC004 PC3 6H-epirubicin hydrochloride-10.0,epirubicin hydrochloride,PC3,6H,10.0,99,184,1,0,0.5281681666046973,1.0,1.369398907103825,0.0,0.2772277778442394,0.4806357392933227,-0.2034079614490833,0.8653193238429904,True,1.0,0.00021532039754860308,0.30856381206264577,chem
CPC004 PC3 6H-ro 31-8220 mesylate-10.0,ro 31-8220 mesylate,PC3,6H,10.0,80,205,2,0,0.19837605150682,1.0,2.5636288998357966,0.0,0.7025107582212198,0.5580075467412458,0.14450321147997403,0.5192673272749371,True,1.0,0.8685115972800479,0.17594135288237253,chem
CPC004 PC3 6H-ym 90709-10.0,ym 90709,PC3,6H,10.0,13,11,0,0,1.0,1.0,0.0,0.0,-0.0,-0.0,0.0,1.0,False,1.0,-0.5657980364905775,1.0,chem
CPC004 PC3 6H-promazine hydrochloride-10.0,promazine hydrochloride,PC3,6H,10.0,19,15,0,0,1.0,1.0,0.0,0.0,-0.0,-0.0,0.0,1.0,False,1.0,-0.5657980364905775,1.0,chem
CPC004 PC3 6H-forskolin-10.0,forskolin,PC3,6H,10.0,21,10,0,0,1.0,1.0,0.0,0.0,-0.0,-0.0,0.0,1.0,False,1.0,-0.5657980364905775,1.0,chem
CPC004 PC3 6H-diloxanide furoate-10.0,diloxanide furoate,PC3,6H,10.0,13,10,0,0,1.0,1.0,0.0,0.0,-0.0,-0.0,0.0,1.0,False,1.0,-0.5657980364905775,1.0,chem
CPC004 PC3 6H-apigenin triacetate-10.0,apigenin triacetate,PC3,6H,10.0,27,19,1,1,0.07370781992495243,0.07255857404396601,14.28888888888889,14.547511312217194,2.271797694677666,-0.0,2.271797694677666,0.03332426502682483,True,1.0,4.0725100339859575,0.004998333888703766,chem
CPC004 PC3 6H-erythrosine sodium-10.0,erythrosine sodium,PC3,6H,10.0,16,19,0,1,1.0,0.04361942557176887,0.0,25.258823529411764,1.3603200579836752,-0.0,1.3603200579836752,0.18024648853367325,True,1.0,2.2115546820894214,0.04798400533155615,chem
CPC004 PC3 6H-indirubin-3?-monoxime-10.0,indirubin-3?-monoxime,PC3,6H,10.0,3,11,0,0,1.0,1.0,0.0,0.0,-0.0,-0.0,0.0,1.0,False,1.0,-0.5657980364905775,1.0,chem
CPC004 PC3 6H-piplartine-10.0,piplartine,PC3,6H,10.0,60,46,0,0,1.0,1.0,0.0,0.0,-0.0,1.6233858250501194,-1.6233858250501194,1.0,False,1.0,-0.5657980364905775,1.0,chem
CPC004 PC3 6H-oxaprozin-10.0,oxaprozin,PC3,6H,10.0,22,11,0,1,1.0,0.05950847718963442,0.0,18.025210084033613,1.2254211631043967,-0.0,1.2254211631043967,0.22741976865416286,True,1.0,1.9361328721796702,0.060313228923692105,chem
CPC004 PC3 6H-sb 216641 hydrochloride-10.0,sb 216641 hydrochloride,PC3,6H,10.0,14,21,0,0,1.0,1.0,0.0,0.0,-0.0,1.2609489040575608,-1.2609489040575608,1.0,False,1.0,-0.5657980364905775,1.0,chem
CPC004 PC3 6H-inca-6-10.0,inca-6,PC3,6H,10.0,20,20,0,0,1.0,1.0,0.0,0.0,-0.0,-0.0,0.0,1.0,False,1.0,-0.5657980364905775,1.0,chem
CPC004 PC3 6H-gw 3965 hydrochloride-10.0,gw 3965 hydrochloride,PC3,6H,10.0,18,21,0,0,1.0,1.0,0.0,0.0,-0.0,-0.0,0.0,1.0,False,1.0,-0.5657980364905775,1.0,chem
CPC004 PC3 6H-niclosamide-10.0,niclosamide,PC3,6H,10.0,94,30,0,0,1.0,1.0,0.0,0.0,-0.0,0.4991666218731878,-0.4991666218731878,1.0,False,1.0,-0.5657980364905775,1.0,chem
CPC004 PC3 6H-BRD-K36055864 (cycloheximide)-10.0,brd-k36055864 (cycloheximide),PC3,6H,10.0,125,114,0,0,1.0,1.0,0.0,0.0,-0.0,-0.0,0.0,1.0,False,1.0,-0.5657980364905775,1.0,chem
CPC004 PC3 6H-ag 957-10.0,ag 957,PC3,6H,10.0,53,24,1,0,0.09221882730677011,1.0,11.173913043478262,0.0,1.0351804047520146,-0.0,1.0351804047520146,0.31203079120467847,True,1.0,1.5477200980727621,0.08297234255248251,chem
CPC004 PC3 6H-paroxetine hydrochloride-10.0,paroxetine hydrochloride,PC3,6H,10.0,24,10,0,0,1.0,1.0,0.0,0.0,-0.0,-0.0,0.0,1.0,False,1.0,-0.5657980364905775,1.0,chem
CPC004 PC3 6H-bithionate sodium-10.0,bithionate sodium,PC3,6H,10.0,72,22,0,0,1.0,1.0,0.0,0.0,-0.0,0.5973253186880723,-0.5973253186880723,1.0,False,1.0,-0.5657980364905775,1.0,chem
CPC004 PC3 6H-rottlerin-10.0,rottlerin,PC3,6H,10.0,48,14,0,0,1.0,1.0,0.0,0.0,-0.0,-0.0,0.0,1.0,False,1.0,-0.5657980364905775,1.0,chem
CPC004 PC3 6H-bisacodyl-10.0,bisacodyl,PC3,6H,10.0,58,19,0,0,1.0,1.0,0.0,0.0,-0.0,-0.0,0.0,1.0,False,1.0,-0.5657980364905775,1.0,chem
CPC004 PC3 6H-triclosan-10.0,triclosan,PC3,6H,10.0,19,7,0,0,1.0,1.0,0.0,0.0,-0.0,-0.0,0.0,1.0,False,1.0,-0.5657980364905775,1.0,chem
CPC004 PC3 6H-cgp 57380-10.0,cgp 57380,PC3,6H,10.0,32,19,0,0,1.0,1.0,0.0,0.0,-0.0,0.9168602948684945,-0.9168602948684945,1.0,False,1.0,-0.5657980364905775,1.0,chem
CPC004 PC3 6H-suloctidil-10.0,suloctidil,PC3,6H,10.0,19,12,0,0,1.0,1.0,0.0,0.0,-0.0,-0.0,0.0,1.0,False,1.0,-0.5657980364905775,1.0,chem
CPC004 PC3 6H-amg 9810-10.0,amg 9810,PC3,6H,10.0,18,8,0,0,1.0,1.0,0.0,0.0,-0.0,-0.0,0.0,1.0,False,1.0,-0.5657980364905775,1.0,chem
CPC004 PC3 6H-daunorubicin-10.0,daunorubicin,PC3,6H,10.0,60,193,1,0,0.5454445759754482,1.0,1.3033333333333332,0.0,0.26324937261168196,1.6233858250501194,-1.3601364524384374,0.8760680317253853,True,1.0,-0.02832425861270385,0.3092302565811396,chem
CPC004 PC3 6H-na-tosyl-phe chloromethyl ketone-10.0,na-tosyl-phe chloromethyl ketone,PC3,6H,10.0,17,6,0,0,1.0,1.0,0.0,0.0,-0.0,-0.0,0.0,1.0,False,1.0,-0.5657980364905775,1.0,chem
CPC004 PC3 6H-ch 55-10.0,ch 55,PC3,6H,10.0,38,38,0,0,1.0,1.0,0.0,0.0,-0.0,0.9971029338905002,-0.9971029338905002,1.0,False,1.0,-0.5657980364905775,1.0,chem
CPC004 PC3 6H-trimetozine-10.0,trimetozine,PC3,6H,10.0,15,21,0,0,1.0,1.0,0.0,0.0,-0.0,-0.0,0.0,1.0,False,1.0,-0.5657980364905775,1.0,chem
CPC004 PC3 6H-dorsomorphin dihydrochloride-10.0,dorsomorphin dihydrochloride,PC3,6H,10.0,113,90,0,1,1.0,0.2719420510530222,0.0,3.331932773109244,0.5655236312200661,0.4342635001238334,0.1312601310962327,0.62605582085956,True,1.0,0.5888262634101245,0.2332555814728424,chem
CPC004 PC3 6H-anagrelide hydrochloride-10.0,anagrelide hydrochloride,PC3,6H,10.0,21,13,0,0,1.0,1.0,0.0,0.0,-0.0,-0.0,0.0,1.0,False,1.0,-0.5657980364905775,1.0,chem
CPC004 PC3 6H-zoxazolamine-10.0,zoxazolamine,PC3,6H,10.0,17,23,0,1,1.0,0.04628508836825511,0.0,23.676470588235293,1.334558902771708,-0.0,1.334558902771708,0.18851617653849506,True,1.0,2.158958372829842,0.04965011662779074,chem
CPC004 PC3 6H-sib 1893-10.0,sib 1893,PC3,6H,10.0,15,19,0,0,1.0,1.0,0.0,0.0,-0.0,-0.0,0.0,1.0,False,1.0,-0.5657980364905775,1.0,chem
CPC004 PC3 6H-menadione-10.0,menadione,PC3,6H,10.0,9,36,1,0,0.13520538753090064,1.0,7.329142857142857,0.0,0.8690060027115124,-0.0,0.8690060027115124,0.40574599594107874,True,1.0,1.208443378188409,0.11729423525491503,chem
CPC004 PC3 6H-triciribine-10.0,triciribine,PC3,6H,10.0,118,40,0,0,1.0,1.0,0.0,0.0,-0.0,1.093551305539597,-1.093551305539597,1.0,False,1.0,-0.5657980364905775,1.0,chem
CPC004 PC3 6H-vorinostat-10.0,vorinostat,PC3,6H,10.0,206,125,1,1,0.3982472951508687,0.441690097732829,2.04,1.793687230989957,0.7547295022912757,-0.0,0.7547295022912757,0.4815892692327618,True,1.0,0.9751261178501351,0.1582805731422859,chem
CPC004 PC3 6H-sertraline hydrochloride-10.0,sertraline hydrochloride,PC3,6H,10.0,13,14,0,0,1.0,1.0,0.0,0.0,-0.0,-0.0,0.0,1.0,False,1.0,-0.5657980364905775,1.0,chem
CPC004 PC3 6H-BRD-K87343924 (wortmannin)-10.0,brd-k87343924 (wortmannin),PC3,6H,10.0,84,56,0,1,1.0,0.20973678162792958,0.0,4.51665485471297,0.6783254004489399,0.540026810832711,0.13829858961622887,0.5373250709452475,True,1.0,0.8191325788906287,0.18993668777074307,chem
"CPC004 PC3 6H-methyl 2,5-dihydroxycinnamate-10.0","methyl 2,5-dihydroxycinnamate",PC3,6H,10.0,17,9,0,0,1.0,1.0,0.0,0.0,-0.0,-0.0,0.0,1.0,False,1.0,-0.5657980364905775,1.0,chem
CPC004 PC3 6H-amodiaquin dihydrochloride dihydrate-10.0,amodiaquin dihydrochloride dihydrate,PC3,6H,10.0,18,8,0,1,1.0,0.048943733003437295,0.0,22.280276816608996,1.3103029095047494,-0.0,1.3103029095047494,0.19661108414126272,True,1.0,2.1094351386126675,0.050983005664778404,chem
CPC004 PC3 6H-riboflavine-10.0,riboflavine,PC3,6H,10.0,13,10,0,0,1.0,1.0,0.0,0.0,-0.0,1.2922995927938534,-1.2922995927938534,1.0,False,1.0,-0.5657980364905775,1.0,chem
CPC004 PC3 6H-gw 7647-10.0,gw 7647,PC3,6H,10.0,18,17,0,0,1.0,1.0,0.0,0.0,-0.0,-0.0,0.0,1.0,False,1.0,-0.5657980364905775,1.0,chem
CPC004 PC3 6H-pifithrin- ?-10.0,pifithrin- ?,PC3,6H,10.0,62,22,0,0,1.0,1.0,0.0,0.0,-0.0,-0.0,0.0,1.0,False,1.0,-0.5657980364905775,1.0,chem
CPC004 PC3 6H-amsacrine-10.0,amsacrine,PC3,6H,10.0,48,41,1,0,0.1525327083921917,1.0,6.408,0.0,0.816637018277212,-0.0,0.816637018277212,0.4393515867377291,True,1.0,1.1015221132741315,0.13628790403198934,chem
CPC004 VCAP 24H-alprenolol hydrochloride-10.0,alprenolol hydrochloride,VCAP,24H,10.0,7,10,0,0,1.0,1.0,0.0,0.0,-0.0,-0.0,0.0,1.0,False,1.0,-0.5657980364905775,1.0,chem
CPC004 VCAP 24H-chlormadinone acetate-10.0,chlormadinone acetate,VCAP,24H,10.0,16,26,0,0,1.0,1.0,0.0,0.0,-0.0,-0.0,0.0,1.0,False,1.0,-0.5657980364905775,1.0,chem
CPC004 VCAP 24H-betamethasone-10.0,betamethasone,VCAP,24H,10.0,20,10,0,0,1.0,1.0,0.0,0.0,-0.0,-0.0,0.0,1.0,False,1.0,-0.5657980364905775,1.0,chem
CPC004 VCAP 24H-norgestimate-10.0,norgestimate,VCAP,24H,10.0,39,49,0,0,1.0,1.0,0.0,0.0,-0.0,2.0997465973865332,-2.0997465973865332,1.0,False,1.0,-0.5657980364905775,1.0,chem
CPC004 VCAP 24H-terfenadine-10.0,terfenadine,VCAP,24H,10.0,32,34,0,0,1.0,1.0,0.0,0.0,-0.0,-0.0,0.0,1.0,False,1.0,-0.5657980364905775,1.0,chem
CPC004 VCAP 24H-sb 218078-10.0,sb 218078,VCAP,24H,10.0,38,71,0,1,1.0,0.10066930401874126,0.0,10.205087440381558,0.9971029338905002,-0.0,0.9971029338905002,0.3317974038967471,True,1.0,1.4699776825337076,0.08797067644118627,chem
CPC004 VCAP 24H-mrs 1334-10.0,mrs 1334,VCAP,24H,10.0,3,11,0,0,1.0,1.0,0.0,0.0,-0.0,-0.0,0.0,1.0,False,1.0,-0.5657980364905775,1.0,chem
CPC004 VCAP 24H-wortmannin-10.0,wortmannin,VCAP,24H,10.0,14,88,0,0,1.0,1.0,0.0,0.0,-0.0,-0.0,0.0,1.0,False,1.0,-0.5657980364905775,1.0,chem
CPC004 VCAP 24H-badge-10.0,badge,VCAP,24H,10.0,5,8,0,0,1.0,1.0,0.0,0.0,-0.0,-0.0,0.0,1.0,False,1.0,-0.5657980364905775,1.0,chem
CPC004 VCAP 24H-estradiol-10.0,estradiol,VCAP,24H,10.0,41,73,0,0,1.0,1.0,0.0,0.0,-0.0,-0.0,0.0,1.0,False,1.0,-0.5657980364905775,1.0,chem
CPC004 VCAP 24H-trichostatin a-10.0,trichostatin a,VCAP,24H,10.0,103,65,1,0,0.23116120526143458,1.0,3.99,0.0,0.6360850498129149,-0.0,0.6360850498129149,0.5697291422040203,True,1.0,0.7328908507148143,0.20826391202932357,chem
CPC004 VCAP 24H-trimipramine maleate salt-10.0,trimipramine maleate salt,VCAP,24H,10.0,19,20,0,0,1.0,1.0,0.0,0.0,-0.0,1.2656800203048393,-1.2656800203048393,1.0,False,1.0,-0.5657980364905775,1.0,chem
CPC004 VCAP 24H-geldanamycin-10.0,geldanamycin,VCAP,24H,10.0,51,95,1,0,0.31961922299193307,1.0,2.7038297872340427,0.0,0.49536710861879296,1.5530648911447804,-1.0576977825259875,0.6841848736044825,True,1.0,0.4455883484582717,0.25924691769410196,chem
CPC004 VCAP 24H-amlodipine besylate-10.0,amlodipine besylate,VCAP,24H,10.0,35,21,0,0,1.0,1.0,0.0,0.0,-0.0,-0.0,0.0,1.0,False,1.0,-0.5657980364905775,1.0,chem
CPC004 VCAP 24H-clobetasol propionate-10.0,clobetasol propionate,VCAP,24H,10.0,11,4,0,1,1.0,0.030185227566989936,0.0,37.917647058823526,1.52020554564402,-0.0,1.52020554564402,0.13584567745980553,True,1.0,2.5379913843998683,0.034988337220926355,chem
CPC004 VCAP 24H-altrenogest-10.0,altrenogest,VCAP,24H,10.0,77,126,1,0,0.4007115525655916,1.0,2.02336,0.0,0.39716813662104594,2.3238965996670897,-1.9267284630460437,0.7671676492618796,True,1.0,0.2450964272820445,0.29290236587804064,chem
CPC004 VCAP 24H-prednisolone-10.0,prednisolone,VCAP,24H,10.0,10,6,1,0,0.02386487039148536,1.0,51.544,0.0,1.6222409199156114,1.4037382139098238,0.21850270600578758,0.11300846053770909,True,1.0,2.746316052158265,0.027657447517494167,chem
CPC004 VCAP 24H-paclitaxel-10.0,paclitaxel,VCAP,24H,10.0,30,10,0,0,1.0,1.0,0.0,0.0,-0.0,-0.0,0.0,1.0,False,1.0,-0.5657980364905775,1.0,chem
CPC004 VCAP 24H-carbinoxamine maleate-10.0,carbinoxamine maleate,VCAP,24H,10.0,7,18,0,0,1.0,1.0,0.0,0.0,-0.0,-0.0,0.0,1.0,False,1.0,-0.5657980364905775,1.0,chem
CPC004 VCAP 24H-oxfendazole-10.0,oxfendazole,VCAP,24H,10.0,60,17,0,0,1.0,1.0,0.0,0.0,-0.0,-0.0,0.0,1.0,False,1.0,-0.5657980364905775,1.0,chem
CPC004 VCAP 24H-teniposide-10.0,teniposide,VCAP,24H,10.0,115,109,0,0,1.0,1.0,0.0,0.0,-0.0,0.5789790861974325,-0.5789790861974325,1.0,False,1.0,-0.5657980364905775,1.0,chem
CPC004 VCAP 24H-pregnenolone succinate-10.0,pregnenolone succinate,VCAP,24H,10.0,10,5,0,0,1.0,1.0,0.0,0.0,-0.0,-0.0,0.0,1.0,False,1.0,-0.5657980364905775,1.0,chem
CPC004 VCAP 24H-estradiol benzoate-10.0,estradiol benzoate,VCAP,24H,10.0,57,109,0,0,1.0,1.0,0.0,0.0,-0.0,-0.0,0.0,1.0,False,1.0,-0.5657980364905775,1.0,chem
CPC004 VCAP 24H-mitomycin c-10.0,mitomycin c,VCAP,24H,10.0,116,133,0,1,1.0,0.2781061965916425,0.0,3.243478260869565,0.5557893343448462,-0.0,0.5557893343448462,0.6340132235551563,True,1.0,0.5689518406732209,0.23758747084305232,chem
CPC004 VCAP 24H-donepezil hydrochloride-10.0,donepezil hydrochloride,VCAP,24H,10.0,19,16,1,0,0.06242756975790336,1.0,17.154666666666667,0.0,1.2046235713841937,-0.0,1.2046235713841937,0.23558593388225837,True,1.0,1.8936706240013699,0.061312895701432855,chem
CPC004 VCAP 24H-fipronil-10.0,fipronil,VCAP,24H,10.0,13,8,0,0,1.0,1.0,0.0,0.0,-0.0,-0.0,0.0,1.0,False,1.0,-0.5657980364905775,1.0,chem
CPC004 VCAP 24H-testosterone-10.0,testosterone,VCAP,24H,10.0,40,105,1,0,0.3468664156164547,1.0,2.44,0.0,0.45983774748722833,0.5930165703589346,-0.1331788228717063,0.7141339676632517,True,1.0,0.37304838468355117,0.271242919026991,chem
CPC004 VCAP 24H-colforsin-10.0,colforsin,VCAP,24H,10.0,12,24,0,0,1.0,1.0,0.0,0.0,-0.0,-0.0,0.0,1.0,False,1.0,-0.5657980364905775,1.0,chem
CPC004 VCAP 24H-primaquine diphosphate-10.0,primaquine diphosphate,VCAP,24H,10.0,9,3,0,1,1.0,0.024761807921539716,0.0,47.411764705882355,1.606217649567748,-0.0,1.606217649567748,0.11634218615817549,True,1.0,2.7136014911988804,0.02865711429523492,chem
CPC004 VCAP 24H-selamectin-10.0,selamectin,VCAP,24H,10.0,76,87,0,0,1.0,1.0,0.0,0.0,-0.0,2.0982324165411486,-2.0982324165411486,1.0,False,1.0,-0.5657980364905775,1.0,chem
CPC004 VCAP 24H-cycloheximide-10.0,cycloheximide,VCAP,24H,10.0,126,115,1,1,0.37306278444881913,0.29829928128118294,2.2224561403508774,2.9792941176470586,0.9535658656487798,-0.0,0.9535658656487798,0.3556277080184844,True,1.0,1.381088458170307,0.09630123292235922,chem
"CPC004 VCAP 24H-betamethasone 17,21-dipropionate-10.0","betamethasone 17,21-dipropionate",VCAP,24H,10.0,10,13,0,0,1.0,1.0,0.0,0.0,-0.0,1.448792180486728,-1.448792180486728,1.0,False,1.0,-0.5657980364905775,1.0,chem
CPC004 VCAP 24H-brompheniramine maleate-10.0,brompheniramine maleate,VCAP,24H,10.0,8,10,0,0,1.0,1.0,0.0,0.0,-0.0,-0.0,0.0,1.0,False,1.0,-0.5657980364905775,1.0,chem
CPC004 VCAP 24H-diltiazem hydrochloride-10.0,diltiazem hydrochloride,VCAP,24H,10.0,7,11,0,0,1.0,1.0,0.0,0.0,-0.0,-0.0,0.0,1.0,False,1.0,-0.5657980364905775,1.0,chem
CPC004 VCAP 24H-cyclosporine-10.0,cyclosporine,VCAP,24H,10.0,43,13,0,0,1.0,1.0,0.0,0.0,-0.0,0.7975941222616931,-0.7975941222616931,1.0,False,1.0,-0.5657980364905775,1.0,chem
CPC004 VCAP 24H-skf 96365 hydrochloride-10.0,skf 96365 hydrochloride,VCAP,24H,10.0,42,5,0,1,1.0,0.11069037968717034,0.0,9.203730272596843,0.9558901228460465,-0.0,0.9558901228460465,0.3543219362599192,True,1.0,1.3858338723157662,0.09563478840386538,chem
CPC004 VCAP 24H-exemestane-10.0,exemestane,VCAP,24H,10.0,53,79,0,0,1.0,1.0,0.0,0.0,-0.0,1.4171697555848906,-1.4171697555848906,1.0,False,1.0,-0.5657980364905775,1.0,chem
CPC004 VCAP 24H-liothyronine-10.0,liothyronine,VCAP,24H,10.0,8,4,0,0,1.0,1.0,0.0,0.0,-0.0,-0.0,0.0,1.0,False,1.0,-0.5657980364905775,1.0,chem
CPC004 VCAP 24H-BRD-A75409952 (wortmannin)-10.0,brd-a75409952 (wortmannin),VCAP,24H,10.0,7,86,1,0,0.2941649340268648,1.0,2.9943529411764707,0.0,0.5314090986590809,-0.0,0.5314090986590809,0.6541094623645473,True,1.0,0.5191749418735019,0.24591802732422527,chem
CPC004 VCAP 24H-sirolimus-10.0,sirolimus,VCAP,24H,10.0,15,26,1,0,0.0995231877673926,1.0,10.2768,0.0,1.0020757218050245,1.1551358284942217,-0.15306010668919723,0.32915946999987966,True,1.0,1.4801305770325193,0.08730423192269243,chem
CPC004 VCAP 24H-bendroflumethiazide-10.0,bendroflumethiazide,VCAP,24H,10.0,20,10,0,0,1.0,1.0,0.0,0.0,-0.0,-0.0,0.0,1.0,False,1.0,-0.5657980364905775,1.0,chem
CPC004 VCAP 24H-brazilin-10.0,brazilin,VCAP,24H,10.0,55,36,0,0,1.0,1.0,0.0,0.0,-0.0,1.019456417323189,-1.019456417323189,1.0,False,1.0,-0.5657980364905775,1.0,chem
CPC004 VCAP 24H-estradiol cypionate-10.0,estradiol cypionate,VCAP,24H,10.0,21,35,0,0,1.0,1.0,0.0,0.0,-0.0,-0.0,0.0,1.0,False,1.0,-0.5657980364905775,1.0,chem
CPC004 VCAP 24H-danazol-10.0,danazol,VCAP,24H,10.0,53,115,1,0,0.37306278444881913,1.0,2.2224561403508774,0.0,0.4282180726280322,0.5590012689094621,-0.13078319628142993,0.7409058798200113,True,1.0,0.3084907907442446,0.28390536487837387,chem
CPC004 VCAP 24H-lupanine perchlorate-10.0,lupanine perchlorate,VCAP,24H,10.0,10,20,0,0,1.0,1.0,0.0,0.0,-0.0,-0.0,0.0,1.0,False,1.0,-0.5657980364905775,1.0,chem
CPC004 VCAP 24H-l 755507-10.0,l 755507,VCAP,24H,10.0,11,2,0,0,1.0,1.0,0.0,0.0,-0.0,-0.0,0.0,1.0,False,1.0,-0.5657980364905775,1.0,chem
CPC004 VCAP 24H-fenoterol hydrobromide-10.0,fenoterol hydrobromide,VCAP,24H,10.0,14,18,0,0,1.0,1.0,0.0,0.0,-0.0,1.3103029095047494,-1.3103029095047494,1.0,False,1.0,-0.5657980364905775,1.0,chem
CPC004 VCAP 24H-pindolol-10.0,pindolol,VCAP,24H,10.0,11,19,0,0,1.0,1.0,0.0,0.0,-0.0,-0.0,0.0,1.0,False,1.0,-0.5657980364905775,1.0,chem
CPC004 VCAP 24H-ru 24969-10.0,ru 24969,VCAP,24H,10.0,14,13,0,0,1.0,1.0,0.0,0.0,-0.0,-0.0,0.0,1.0,False,1.0,-0.5657980364905775,1.0,chem
CPC004 VCAP 24H-amoxapine-10.0,amoxapine,VCAP,24H,10.0,26,11,0,0,1.0,1.0,0.0,0.0,-0.0,1.52020554564402,-1.52020554564402,1.0,False,1.0,-0.5657980364905775,1.0,chem
CPC004 VCAP 24H-nsc 663284-10.0,nsc 663284,VCAP,24H,10.0,73,52,0,0,1.0,1.0,0.0,0.0,-0.0,1.4608961435867476,-1.4608961435867476,1.0,False,1.0,-0.5657980364905775,1.0,chem
CPC004 VCAP 24H-penitrem a-10.0,penitrem a,VCAP,24H,10.0,7,3,0,0,1.0,1.0,0.0,0.0,-0.0,-0.0,0.0,1.0,False,1.0,-0.5657980364905775,1.0,chem
CPC004 VCAP 24H-promazine hydrochloride-10.0,promazine hydrochloride,VCAP,24H,10.0,19,11,0,0,1.0,1.0,0.0,0.0,-0.0,-0.0,0.0,1.0,False,1.0,-0.5657980364905775,1.0,chem
CPC004 VCAP 24H-diclofenac sodium-10.0,diclofenac sodium,VCAP,24H,10.0,7,16,0,0,1.0,1.0,0.0,0.0,-0.0,-0.0,0.0,1.0,False,1.0,-0.5657980364905775,1.0,chem
CPC004 VCAP 24H-nu7026-10.0,nu7026,VCAP,24H,10.0,12,9,0,0,1.0,1.0,0.0,0.0,-0.0,-0.0,0.0,1.0,False,1.0,-0.5657980364905775,1.0,chem
CPC004 VCAP 24H-forskolin-10.0,forskolin,VCAP,24H,10.0,12,14,0,0,1.0,1.0,0.0,0.0,-0.0,-0.0,0.0,1.0,False,1.0,-0.5657980364905775,1.0,chem
CPC004 VCAP 24H-thiotepa-10.0,thiotepa,VCAP,24H,10.0,5,9,0,0,1.0,1.0,0.0,0.0,-0.0,-0.0,0.0,1.0,False,1.0,-0.5657980364905775,1.0,chem
CPC004 VCAP 24H-perphenazine-10.0,perphenazine,VCAP,24H,10.0,37,19,0,0,1.0,1.0,0.0,0.0,-0.0,-0.0,0.0,1.0,False,1.0,-0.5657980364905775,1.0,chem
CPC004 VCAP 24H-nocodazole-10.0,nocodazole,VCAP,24H,10.0,17,19,0,0,1.0,1.0,0.0,0.0,-0.0,1.2873892109613367,-1.2873892109613367,1.0,False,1.0,-0.5657980364905775,1.0,chem
CPC004 VCAP 24H-benzopurpurin (b)-10.0,benzopurpurin (b),VCAP,24H,10.0,8,13,0,0,1.0,1.0,0.0,0.0,-0.0,-0.0,0.0,1.0,False,1.0,-0.5657980364905775,1.0,chem
CPC004 VCAP 24H-cinchonine-10.0,cinchonine,VCAP,24H,10.0,2,11,0,0,1.0,1.0,0.0,0.0,-0.0,-0.0,0.0,1.0,False,1.0,-0.5657980364905775,1.0,chem
CPC004 VCAP 24H-erythrosine sodium-10.0,erythrosine sodium,VCAP,24H,10.0,75,69,0,0,1.0,1.0,0.0,0.0,-0.0,1.3374301360764442,-1.3374301360764442,1.0,False,1.0,-0.5657980364905775,1.0,chem
"CPC004 VCAP 24H-r(-)-2,10,11-trihydroxy-n-propyl-noraporphine-10.0","r(-)-2,10,11-trihydroxy-n-propyl-noraporphine",VCAP,24H,10.0,9,13,0,0,1.0,1.0,0.0,0.0,-0.0,-0.0,0.0,1.0,False,1.0,-0.5657980364905775,1.0,chem
CPC004 VCAP 24H-chloroxine-10.0,chloroxine,VCAP,24H,10.0,16,11,0,0,1.0,1.0,0.0,0.0,-0.0,-0.0,0.0,1.0,False,1.0,-0.5657980364905775,1.0,chem
CPC004 VCAP 24H-amiodarone hydrochloride-10.0,amiodarone hydrochloride,VCAP,24H,10.0,10,15,0,0,1.0,1.0,0.0,0.0,-0.0,-0.0,0.0,1.0,False,1.0,-0.5657980364905775,1.0,chem
CPC004 VCAP 24H-indirubin-3?-monoxime-10.0,indirubin-3?-monoxime,VCAP,24H,10.0,14,7,0,0,1.0,1.0,0.0,0.0,-0.0,-0.0,0.0,1.0,False,1.0,-0.5657980364905775,1.0,chem
CPC004 VCAP 24H-phenolphthalein-10.0,phenolphthalein,VCAP,24H,10.0,30,34,0,0,1.0,1.0,0.0,0.0,-0.0,0.9432371300835751,-0.9432371300835751,1.0,False,1.0,-0.5657980364905775,1.0,chem
CPC004 VCAP 24H-rs 39604 hydrochloride-10.0,rs 39604 hydrochloride,VCAP,24H,10.0,10,13,0,0,1.0,1.0,0.0,0.0,-0.0,1.448792180486728,-1.448792180486728,1.0,False,1.0,-0.5657980364905775,1.0,chem
CPC004 VCAP 24H-simvastatin-10.0,simvastatin,VCAP,24H,10.0,9,4,0,0,1.0,1.0,0.0,0.0,-0.0,-0.0,0.0,1.0,False,1.0,-0.5657980364905775,1.0,chem
CPC004 VCAP 24H-dioxybenzone-10.0,dioxybenzone,VCAP,24H,10.0,3,7,0,0,1.0,1.0,0.0,0.0,-0.0,-0.0,0.0,1.0,False,1.0,-0.5657980364905775,1.0,chem
CPC004 VCAP 24H-piplartine-10.0,piplartine,VCAP,24H,10.0,197,83,1,0,0.28547851525436874,1.0,3.1053658536585367,0.0,0.544426570632047,0.25733281651222856,0.28709375411981847,0.643351100620738,True,1.0,0.5457525924499005,0.24225258247250916,chem
CPC004 VCAP 24H-epitestosterone-10.0,epitestosterone,VCAP,24H,10.0,8,41,0,0,1.0,1.0,0.0,0.0,-0.0,0.9657926288423657,-0.9657926288423657,1.0,False,1.0,-0.5657980364905775,1.0,chem
CPC004 VCAP 24H-chlorambucil-10.0,chlorambucil,VCAP,24H,10.0,4,17,0,0,1.0,1.0,0.0,0.0,-0.0,-0.0,0.0,1.0,False,1.0,-0.5657980364905775,1.0,chem
CPC004 VCAP 24H-sb 216641 hydrochloride-10.0,sb 216641 hydrochloride,VCAP,24H,10.0,21,17,0,0,1.0,1.0,0.0,0.0,-0.0,-0.0,0.0,1.0,False,1.0,-0.5657980364905775,1.0,chem
CPC004 VCAP 24H-mycophenolic acid-10.0,mycophenolic acid,VCAP,24H,10.0,36,64,0,1,1.0,0.09561886464342098,0.0,10.791596638655463,1.019456417323189,0.8690060027115124,0.15045041461167663,0.3200731675180507,True,1.0,1.5156165802454227,0.0846384538487171,chem
CPC004 VCAP 24H-niclosamide-10.0,niclosamide,VCAP,24H,10.0,157,105,0,0,1.0,1.0,0.0,0.0,-0.0,1.4727887652536846,-1.4727887652536846,1.0,False,1.0,-0.5657980364905775,1.0,chem
CPC004 VCAP 24H-BRD-K36055864 (cycloheximide)-10.0,brd-k36055864 (cycloheximide),VCAP,24H,10.0,89,113,1,1,0.3679056859586182,0.22080816526115815,2.262857142857143,4.25668449197861,1.0902483710019195,-0.0,1.0902483710019195,0.2851720476324686,True,1.0,1.6601518488752491,0.0753082305898034,chem
CPC004 VCAP 24H-ag 957-10.0,ag 957,VCAP,24H,10.0,48,56,0,0,1.0,1.0,0.0,0.0,-0.0,-0.0,0.0,1.0,False,1.0,-0.5657980364905775,1.0,chem
CPC004 VCAP 24H-rhamnetin-10.0,rhamnetin,VCAP,24H,10.0,8,7,0,0,1.0,1.0,0.0,0.0,-0.0,-0.0,0.0,1.0,False,1.0,-0.5657980364905775,1.0,chem
CPC004 VCAP 24H-paroxetine hydrochloride-10.0,paroxetine hydrochloride,VCAP,24H,10.0,29,23,0,0,1.0,1.0,0.0,0.0,-0.0,0.9571337501189711,-0.9571337501189711,1.0,False,1.0,-0.5657980364905775,1.0,chem
CPC004 VCAP 24H-bithionate sodium-10.0,bithionate sodium,VCAP,24H,10.0,60,6,0,0,1.0,1.0,0.0,0.0,-0.0,-0.0,0.0,1.0,False,1.0,-0.5657980364905775,1.0,chem
CPC004 VCAP 24H-rottlerin-10.0,rottlerin,VCAP,24H,10.0,25,5,0,0,1.0,1.0,0.0,0.0,-0.0,1.8592117048991499,-1.8592117048991499,1.0,False,1.0,-0.5657980364905775,1.0,chem
CPC004 VCAP 24H-l 161982-10.0,l 161982,VCAP,24H,10.0,12,7,0,0,1.0,1.0,0.0,0.0,-0.0,-0.0,0.0,1.0,False,1.0,-0.5657980364905775,1.0,chem
CPC004 VCAP 24H-erythromycin estolate-10.0,erythromycin estolate,VCAP,24H,10.0,29,3,0,0,1.0,1.0,0.0,0.0,-0.0,-0.0,0.0,1.0,False,1.0,-0.5657980364905775,1.0,chem
CPC004 VCAP 24H-loxapine succinate-10.0,loxapine succinate,VCAP,24H,10.0,5,12,0,0,1.0,1.0,0.0,0.0,-0.0,-0.0,0.0,1.0,False,1.0,-0.5657980364905775,1.0,chem
CPC004 VCAP 24H-bisacodyl-10.0,bisacodyl,VCAP,24H,10.0,99,78,0,1,1.0,0.24251294786342986,0.0,3.816326530612245,0.6152650692863555,1.1878150160594623,-0.5725499467731068,0.5860810839726774,True,1.0,0.6903828915203198,0.2162612462512496,chem
CPC004 VCAP 24H-triclosan-10.0,triclosan,VCAP,24H,10.0,11,19,1,0,0.07370781992495243,1.0,14.28888888888889,0.0,1.1324864338492995,-0.0,1.1324864338492995,0.2659117497741259,True,1.0,1.7463889060944195,0.06897700766411197,chem
CPC004 VCAP 24H-xe 991 dihydrochloride-10.0,xe 991 dihydrochloride,VCAP,24H,10.0,6,13,0,0,1.0,1.0,0.0,0.0,-0.0,-0.0,0.0,1.0,False,1.0,-0.5657980364905775,1.0,chem
CPC004 VCAP 24H-amg 9810-10.0,amg 9810,VCAP,24H,10.0,17,13,0,0,1.0,1.0,0.0,0.0,-0.0,-0.0,0.0,1.0,False,1.0,-0.5657980364905775,1.0,chem
CPC004 VCAP 24H-ro 04-6790-10.0,ro 04-6790,VCAP,24H,10.0,13,6,0,0,1.0,1.0,0.0,0.0,-0.0,1.7806003593141566,-1.7806003593141566,1.0,False,1.0,-0.5657980364905775,1.0,chem
CPC004 VCAP 24H-diethylstilbestrol-10.0,diethylstilbestrol,VCAP,24H,10.0,13,10,1,0,0.039469514659834316,1.0,28.61777777777778,0.0,1.4037382139098238,-0.0,1.4037382139098238,0.1670439332195111,True,1.0,2.300201124292118,0.04398533822059313,chem
CPC004 VCAP 24H-proadifen hydrochloride-10.0,proadifen hydrochloride,VCAP,24H,10.0,9,11,0,0,1.0,1.0,0.0,0.0,-0.0,-0.0,0.0,1.0,False,1.0,-0.5657980364905775,1.0,chem
CPC004 VCAP 24H-emd 386088 hydrochloride-10.0,emd 386088 hydrochloride,VCAP,24H,10.0,10,7,0,0,1.0,1.0,0.0,0.0,-0.0,-0.0,0.0,1.0,False,1.0,-0.5657980364905775,1.0,chem
CPC004 VCAP 24H-ch 55-10.0,ch 55,VCAP,24H,10.0,49,13,0,0,1.0,1.0,0.0,0.0,-0.0,-0.0,0.0,1.0,False,1.0,-0.5657980364905775,1.0,chem
CPC004 VCAP 24H-toremifene-10.0,toremifene,VCAP,24H,10.0,8,8,0,0,1.0,1.0,0.0,0.0,-0.0,-0.0,0.0,1.0,False,1.0,-0.5657980364905775,1.0,chem
CPC004 VCAP 24H-gm6001-10.0,gm6001,VCAP,24H,10.0,9,21,0,0,1.0,1.0,0.0,0.0,-0.0,-0.0,0.0,1.0,False,1.0,-0.5657980364905775,1.0,chem
CPC004 VCAP 24H-oxibendazole-10.0,oxibendazole,VCAP,24H,10.0,72,17,0,0,1.0,1.0,0.0,0.0,-0.0,-0.0,0.0,1.0,False,1.0,-0.5657980364905775,1.0,chem
CPC004 VCAP 24H-dorsomorphin dihydrochloride-10.0,dorsomorphin dihydrochloride,VCAP,24H,10.0,71,149,1,0,0.4547838135070691,1.0,1.7027027027027026,0.0,0.34219500095364996,-0.0,0.34219500095364996,0.8131230371940621,True,1.0,0.13285829119147047,0.3015661446184605,chem
CPC004 VCAP 24H-penicillin g potassium-10.0,penicillin g potassium,VCAP,24H,10.0,15,7,0,0,1.0,1.0,0.0,0.0,-0.0,-0.0,0.0,1.0,False,1.0,-0.5657980364905775,1.0,chem
CPC004 VCAP 24H-spiperone-10.0,spiperone,VCAP,24H,10.0,22,6,0,1,1.0,0.05950847718963442,0.0,18.025210084033613,1.2254211631043967,-0.0,1.2254211631043967,0.22741976865416286,True,1.0,1.9361328721796702,0.060313228923692105,chem
CPC004 VCAP 24H-chlorprothixene hydrochloride-10.0,chlorprothixene hydrochloride,VCAP,24H,10.0,23,11,0,0,1.0,1.0,0.0,0.0,-0.0,-0.0,0.0,1.0,False,1.0,-0.5657980364905775,1.0,chem
CPC004 VCAP 24H-dephostatin-10.0,dephostatin,VCAP,24H,10.0,24,26,0,0,1.0,1.0,0.0,0.0,-0.0,-0.0,0.0,1.0,False,1.0,-0.5657980364905775,1.0,chem
CPC004 VCAP 24H-norpramin-10.0,norpramin,VCAP,24H,10.0,30,4,0,0,1.0,1.0,0.0,0.0,-0.0,-0.0,0.0,1.0,False,1.0,-0.5657980364905775,1.0,chem
CPC004 VCAP 24H-triflupromazine hydrochloride-10.0,triflupromazine hydrochloride,VCAP,24H,10.0,17,6,0,0,1.0,1.0,0.0,0.0,-0.0,-0.0,0.0,1.0,False,1.0,-0.5657980364905775,1.0,chem
CPC004 VCAP 24H-fluvastatin-10.0,fluvastatin,VCAP,24H,10.0,13,12,0,0,1.0,1.0,0.0,0.0,-0.0,-0.0,0.0,1.0,False,1.0,-0.5657980364905775,1.0,chem
CPC004 VCAP 24H-sib 1893-10.0,sib 1893,VCAP,24H,10.0,62,94,1,0,0.3168351656733602,1.0,2.7333333333333334,0.0,0.4991666218731878,-0.0,0.4991666218731878,0.6809971477614378,True,1.0,0.4533457790750162,0.25891369543485504,chem
CPC004 VCAP 24H-quetiapine-10.0,quetiapine,VCAP,24H,10.0,16,6,0,0,1.0,1.0,0.0,0.0,-0.0,1.7806003593141566,-1.7806003593141566,1.0,False,1.0,-0.5657980364905775,1.0,chem
CPC004 VCAP 24H-tacrolimus-10.0,tacrolimus,VCAP,24H,10.0,8,9,0,0,1.0,1.0,0.0,0.0,-0.0,-0.0,0.0,1.0,False,1.0,-0.5657980364905775,1.0,chem
CPC004 VCAP 24H-benzoxiquine-10.0,benzoxiquine,VCAP,24H,10.0,121,57,0,1,1.0,0.28827037177877185,0.0,3.1058823529411765,0.5401999917922119,1.2425259824653585,-0.7023259906731466,0.6468373325800862,True,1.0,0.5371232260282155,0.2432522492502499,chem
CPC004 VCAP 24H-bibx 1382 dihydrochloride-10.0,bibx 1382 dihydrochloride,VCAP,24H,10.0,26,14,0,0,1.0,1.0,0.0,0.0,-0.0,-0.0,0.0,1.0,False,1.0,-0.5657980364905775,1.0,chem
CPC004 VCAP 24H-psb 06126-10.0,psb 06126,VCAP,24H,10.0,10,12,0,0,1.0,1.0,0.0,0.0,-0.0,-0.0,0.0,1.0,False,1.0,-0.5657980364905775,1.0,chem
CPC004 VCAP 24H-carbamazepine-10.0,carbamazepine,VCAP,24H,10.0,7,9,0,0,1.0,1.0,0.0,0.0,-0.0,-0.0,0.0,1.0,False,1.0,-0.5657980364905775,1.0,chem
CPC004 VCAP 24H-arcyriaflavin a-10.0,arcyriaflavin a,VCAP,24H,10.0,4,14,0,0,1.0,1.0,0.0,0.0,-0.0,-0.0,0.0,1.0,False,1.0,-0.5657980364905775,1.0,chem
CPC004 VCAP 24H-pizotyline malate-10.0,pizotyline malate,VCAP,24H,10.0,12,6,0,0,1.0,1.0,0.0,0.0,-0.0,-0.0,0.0,1.0,False,1.0,-0.5657980364905775,1.0,chem
CPC004 VCAP 24H-BRD-K77830450 (forskolin)-10.0,brd-k77830450 (forskolin),VCAP,24H,10.0,4,8,0,0,1.0,1.0,0.0,0.0,-0.0,1.6568008476931435,-1.6568008476931435,1.0,False,1.0,-0.5657980364905775,1.0,chem
CPC004 VCAP 24H-fluspirilen-10.0,fluspirilen,VCAP,24H,10.0,22,5,0,1,1.0,0.05950847718963442,0.0,18.025210084033613,1.2254211631043967,-0.0,1.2254211631043967,0.22741976865416286,True,1.0,1.9361328721796702,0.060313228923692105,chem
CPC004 VCAP 24H-menadione-10.0,menadione,VCAP,24H,10.0,161,67,0,2,1.0,0.07250143966350982,0.0,4.9504716981132075,1.1396533695433457,0.3177638706834098,0.8218894988599359,0.262756009896961,True,1.0,1.7610215715593776,0.06731089636787738,chem
CPC004 VCAP 24H-albendazole-10.0,albendazole,VCAP,24H,10.0,42,13,0,0,1.0,1.0,0.0,0.0,-0.0,-0.0,0.0,1.0,False,1.0,-0.5657980364905775,1.0,chem
CPC004 VCAP 24H-sildenafil citrate-10.0,sildenafil citrate,VCAP,24H,10.0,5,5,0,0,1.0,1.0,0.0,0.0,-0.0,-0.0,0.0,1.0,False,1.0,-0.5657980364905775,1.0,chem
CPC004 VCAP 24H-triciribine-10.0,triciribine,VCAP,24H,10.0,32,57,0,0,1.0,1.0,0.0,0.0,-0.0,1.9728245867138865,-1.9728245867138865,1.0,False,1.0,-0.5657980364905775,1.0,chem
CPC004 VCAP 24H-vorinostat-10.0,vorinostat,VCAP,24H,10.0,144,158,0,1,1.0,0.33330936265399885,0.0,2.596873714520773,0.47715248684394607,0.444431756733436,0.03272073011051008,0.699511094211241,True,1.0,0.4083997258195217,0.26457847384205263,chem
CPC004 VCAP 24H-sertraline hydrochloride-10.0,sertraline hydrochloride,VCAP,24H,10.0,31,32,0,0,1.0,1.0,0.0,0.0,-0.0,-0.0,0.0,1.0,False,1.0,-0.5657980364905775,1.0,chem
CPC004 VCAP 24H-BRD-K87343924 (wortmannin)-10.0,brd-k87343924 (wortmannin),VCAP,24H,10.0,6,67,0,0,1.0,1.0,0.0,0.0,-0.0,-0.0,0.0,1.0,False,1.0,-0.5657980364905775,1.0,chem
"CPC004 VCAP 24H-methyl 2,5-dihydroxycinnamate-10.0","methyl 2,5-dihydroxycinnamate",VCAP,24H,10.0,27,19,1,0,0.07370781992495243,1.0,14.28888888888889,0.0,1.1324864338492995,-0.0,1.1324864338492995,0.2659117497741259,True,1.0,1.7463889060944195,0.06897700766411197,chem
CPC004 VCAP 24H-chlorpromazine-10.0,chlorpromazine,VCAP,24H,10.0,9,4,0,0,1.0,1.0,0.0,0.0,-0.0,-0.0,0.0,1.0,False,1.0,-0.5657980364905775,1.0,chem
CPC004 VCAP 24H-pifithrin- ?-10.0,pifithrin- ?,VCAP,24H,10.0,42,18,0,0,1.0,1.0,0.0,0.0,-0.0,-0.0,0.0,1.0,False,1.0,-0.5657980364905775,1.0,chem
CPC004 VCAP 24H-amsacrine-10.0,amsacrine,VCAP,24H,10.0,77,46,0,0,1.0,1.0,0.0,0.0,-0.0,-0.0,0.0,1.0,False,1.0,-0.5657980364905775,1.0,chem
CPC004 VCAP 24H-verteporfin-10.0,verteporfin,VCAP,24H,10.0,18,10,0,0,1.0,1.0,0.0,0.0,-0.0,1.1551358284942217,-1.1551358284942217,1.0,False,1.0,-0.5657980364905775,1.0,chem
CPC004 VCAP 6H-chlormadinone acetate-10.0,chlormadinone acetate,VCAP,6H,10.0,50,35,0,0,1.0,1.0,0.0,0.0,-0.0,2.385644979350834,-2.385644979350834,1.0,False,1.0,-0.5657980364905775,1.0,chem
CPC004 VCAP 6H-betamethasone-10.0,betamethasone,VCAP,6H,10.0,23,12,0,0,1.0,1.0,0.0,0.0,-0.0,-0.0,0.0,1.0,False,1.0,-0.5657980364905775,1.0,chem
CPC004 VCAP 6H-norgestimate-10.0,norgestimate,VCAP,6H,10.0,52,45,0,0,1.0,1.0,0.0,0.0,-0.0,0.9276145091651452,-0.9276145091651452,1.0,False,1.0,-0.5657980364905775,1.0,chem
CPC004 VCAP 6H-terfenadine-10.0,terfenadine,VCAP,6H,10.0,73,23,0,0,1.0,1.0,0.0,0.0,-0.0,0.5921415650633886,-0.5921415650633886,1.0,False,1.0,-0.5657980364905775,1.0,chem
CPC004 VCAP 6H-sb 218078-10.0,sb 218078,VCAP,6H,10.0,23,39,1,2,0.14564222006616478,0.0017845709539083194,6.747368421052632,38.30357142857143,3.5851788895826315,-0.0,3.5851788895826315,0.0024055032886437415,True,1.0,6.754028115552707,0.0003332222592469177,chem
CPC004 VCAP 6H-wortmannin-10.0,wortmannin,VCAP,6H,10.0,37,14,0,0,1.0,1.0,0.0,0.0,-0.0,-0.0,0.0,1.0,False,1.0,-0.5657980364905775,1.0,chem
CPC004 VCAP 6H-estradiol-10.0,estradiol,VCAP,6H,10.0,56,57,0,0,1.0,1.0,0.0,0.0,-0.0,1.525185244407425,-1.525185244407425,1.0,False,1.0,-0.5657980364905775,1.0,chem
CPC004 VCAP 6H-trichostatin a-10.0,trichostatin a,VCAP,6H,10.0,188,128,0,3,1.0,0.01425793403492622,0.0,6.779459459459459,1.8459433989044018,0.2708975068124994,1.5750458920919024,0.07486045216604453,True,1.0,3.2030473078110866,0.014995001666111295,chem
CPC004 VCAP 6H-trimipramine maleate salt-10.0,trimipramine maleate salt,VCAP,6H,10.0,43,9,0,0,1.0,1.0,0.0,0.0,-0.0,0.7975941222616931,-0.7975941222616931,1.0,False,1.0,-0.5657980364905775,1.0,chem
CPC004 VCAP 6H-geldanamycin-10.0,geldanamycin,VCAP,6H,10.0,80,26,1,0,0.0995231877673926,1.0,10.2768,0.0,1.0020757218050245,1.7131433752354674,-0.711067653430443,0.32915946999987966,True,1.0,1.4801305770325193,0.08730423192269243,chem
CPC004 VCAP 6H-amlodipine besylate-10.0,amlodipine besylate,VCAP,6H,10.0,72,21,0,0,1.0,1.0,0.0,0.0,-0.0,0.5973253186880723,-0.5973253186880723,1.0,False,1.0,-0.5657980364905775,1.0,chem
CPC004 VCAP 6H-altrenogest-10.0,altrenogest,VCAP,6H,10.0,60,66,0,1,1.0,0.15449437092896082,0.0,6.377866400797608,0.8110873396632657,1.85084124524848,-1.039753905585214,0.4430276899814367,True,1.0,1.0901913864387607,0.13662112629123627,chem
CPC004 VCAP 6H-carbinoxamine maleate-10.0,carbinoxamine maleate,VCAP,6H,10.0,20,38,0,0,1.0,1.0,0.0,0.0,-0.0,-0.0,0.0,1.0,False,1.0,-0.5657980364905775,1.0,chem
CPC004 VCAP 6H-proscillaridin a-10.0,proscillaridin a,VCAP,6H,10.0,68,85,0,0,1.0,1.0,0.0,0.0,-0.0,-0.0,0.0,1.0,False,1.0,-0.5657980364905775,1.0,chem
CPC004 VCAP 6H-teniposide-10.0,teniposide,VCAP,6H,10.0,103,124,0,1,1.0,0.2510339270372992,0.0,3.6643598615916955,0.6002675799955542,0.4666063481378156,0.13366123185773865,0.5980047824326691,True,1.0,0.6597626581353754,0.22159280239920026,chem
CPC004 VCAP 6H-estradiol benzoate-10.0,estradiol benzoate,VCAP,6H,10.0,81,80,0,0,1.0,1.0,0.0,0.0,-0.0,0.6972949577343067,-0.6972949577343067,1.0,False,1.0,-0.5657980364905775,1.0,chem
CPC004 VCAP 6H-ouabain-10.0,ouabain,VCAP,6H,10.0,76,61,1,0,0.2185625172745057,1.0,4.258666666666667,0.0,0.6604243160213854,0.8044679521516095,-0.14404363613022408,0.5509268621917025,True,1.0,0.7825841025165525,0.1979340219926691,chem
CPC004 VCAP 6H-mitomycin c-10.0,mitomycin c,VCAP,6H,10.0,36,70,0,1,1.0,0.09561886464342098,0.0,10.791596638655463,1.019456417323189,-0.0,1.019456417323189,0.3200731675180507,True,1.0,1.5156165802454227,0.0846384538487171,chem
CPC004 VCAP 6H-testosterone-10.0,testosterone,VCAP,6H,10.0,145,100,0,0,1.0,1.0,0.0,0.0,-0.0,1.5118296302581393,-1.5118296302581393,1.0,False,1.0,-0.5657980364905775,1.0,chem
CPC004 VCAP 6H-colforsin-10.0,colforsin,VCAP,6H,10.0,42,36,0,0,1.0,1.0,0.0,0.0,-0.0,-0.0,0.0,1.0,False,1.0,-0.5657980364905775,1.0,chem
CPC004 VCAP 6H-selamectin-10.0,selamectin,VCAP,6H,10.0,37,28,0,0,1.0,1.0,0.0,0.0,-0.0,1.1240826481259065,-1.1240826481259065,1.0,False,1.0,-0.5657980364905775,1.0,chem
CPC004 VCAP 6H-budesonide-10.0,budesonide,VCAP,6H,10.0,13,13,0,0,1.0,1.0,0.0,0.0,-0.0,1.448792180486728,-1.448792180486728,1.0,False,1.0,-0.5657980364905775,1.0,chem
CPC004 VCAP 6H-cycloheximide-10.0,cycloheximide,VCAP,6H,10.0,61,58,2,0,0.022337734882085455,1.0,9.511904761904763,0.0,1.6509608678401975,-0.0,1.6509608678401975,0.10725414000170555,True,1.0,2.804953300780517,0.023992002665778073,chem
CPC004 VCAP 6H-BRD-A68930007 (ouabain)-10.0,brd-a68930007 (ouabain),VCAP,6H,10.0,68,72,1,0,0.25274040746081355,1.0,3.592676056338028,0.0,0.5973253186880723,0.7386034182785609,-0.14127809959048865,0.6003576366051504,True,1.0,0.6537554707877006,0.2222592469176941,chem
CPC004 VCAP 6H-cyclosporine-10.0,cyclosporine,VCAP,6H,10.0,100,15,0,1,1.0,0.24465173483416827,0.0,3.7771836007130126,0.6114517002954797,1.8648456098338888,-1.253393909538409,0.5891017001872074,True,1.0,0.682597171776206,0.21826057980673108,chem
CPC004 VCAP 6H-exemestane-10.0,exemestane,VCAP,6H,10.0,81,64,0,0,1.0,1.0,0.0,0.0,-0.0,-0.0,0.0,1.0,False,1.0,-0.5657980364905775,1.0,chem
CPC004 VCAP 6H-liothyronine-10.0,liothyronine,VCAP,6H,10.0,31,15,0,0,1.0,1.0,0.0,0.0,-0.0,-0.0,0.0,1.0,False,1.0,-0.5657980364905775,1.0,chem
CPC004 VCAP 6H-BRD-A75409952 (wortmannin)-10.0,brd-a75409952 (wortmannin),VCAP,6H,10.0,34,51,1,0,0.18619129527236197,1.0,5.1184,0.0,0.7300406268108973,0.8766267776019061,-0.14658615079100878,0.4991752625373401,True,1.0,0.9247190720731665,0.16661112962345884,chem
CPC004 VCAP 6H-sirolimus-10.0,sirolimus,VCAP,6H,10.0,74,28,0,0,1.0,1.0,0.0,0.0,-0.0,2.5787691632557537,-2.5787691632557537,1.0,False,1.0,-0.5657980364905775,1.0,chem
CPC004 VCAP 6H-bromocriptine mesylate-10.0,bromocriptine mesylate,VCAP,6H,10.0,30,15,0,0,1.0,1.0,0.0,0.0,-0.0,0.9432371300835751,-0.9432371300835751,1.0,False,1.0,-0.5657980364905775,1.0,chem
CPC004 VCAP 6H-brazilin-10.0,brazilin,VCAP,6H,10.0,111,56,0,0,1.0,1.0,0.0,0.0,-0.0,0.4404430924184816,-0.4404430924184816,1.0,False,1.0,-0.5657980364905775,1.0,chem
CPC004 VCAP 6H-fulvestrant-10.0,fulvestrant,VCAP,6H,10.0,25,22,0,0,1.0,1.0,0.0,0.0,-0.0,-0.0,0.0,1.0,False,1.0,-0.5657980364905775,1.0,chem
CPC004 VCAP 6H-bepridil hydrochloride-10.0,bepridil hydrochloride,VCAP,6H,10.0,28,47,0,0,1.0,1.0,0.0,0.0,-0.0,0.9098532593918051,-0.9098532593918051,1.0,False,1.0,-0.5657980364905775,1.0,chem
CPC004 VCAP 6H-estradiol cypionate-10.0,estradiol cypionate,VCAP,6H,10.0,32,19,0,0,1.0,1.0,0.0,0.0,-0.0,-0.0,0.0,1.0,False,1.0,-0.5657980364905775,1.0,chem
CPC004 VCAP 6H-danazol-10.0,danazol,VCAP,6H,10.0,97,115,0,0,1.0,1.0,0.0,0.0,-0.0,1.400496124012111,-1.400496124012111,1.0,False,1.0,-0.5657980364905775,1.0,chem
CPC004 VCAP 6H-l 755507-10.0,l 755507,VCAP,6H,10.0,22,37,0,0,1.0,1.0,0.0,0.0,-0.0,-0.0,0.0,1.0,False,1.0,-0.5657980364905775,1.0,chem
CPC004 VCAP 6H-digitoxin-10.0,digitoxin,VCAP,6H,10.0,68,67,0,1,1.0,0.17330148124690362,0.0,5.6093064091308165,0.7611977252571888,0.7670740210418253,-0.005876295784636554,0.47705089277691626,True,1.0,0.9883322280837725,0.15728090636454514,chem
CPC004 VCAP 6H-digoxin-10.0,digoxin,VCAP,6H,10.0,42,45,0,2,1.0,0.005886315313592978,0.0,20.05,2.2301564776618727,-0.0,2.2301564776618727,0.03611328059447827,True,1.0,3.987491551309743,0.005998000666444518,chem
CPC004 VCAP 6H-fenoterol hydrobromide-10.0,fenoterol hydrobromide,VCAP,6H,10.0,86,73,0,2,1.0,0.023248397044170362,0.0,9.482142857142858,1.633606985951258,1.264578976946929,0.3690280090043292,0.11069768642285936,True,1.0,2.769522042703207,0.024991669443518827,chem
CPC004 VCAP 6H-pindolol-10.0,pindolol,VCAP,6H,10.0,25,33,0,0,1.0,1.0,0.0,0.0,-0.0,-0.0,0.0,1.0,False,1.0,-0.5657980364905775,1.0,chem
CPC004 VCAP 6H-ru 24969-10.0,ru 24969,VCAP,6H,10.0,21,31,0,0,1.0,1.0,0.0,0.0,-0.0,1.0815747838474978,-1.0815747838474978,1.0,False,1.0,-0.5657980364905775,1.0,chem
CPC004 VCAP 6H-amoxapine-10.0,amoxapine,VCAP,6H,10.0,44,18,0,0,1.0,1.0,0.0,0.0,-0.0,-0.0,0.0,1.0,False,1.0,-0.5657980364905775,1.0,chem
CPC004 VCAP 6H-protein tyrosine phosphatase inhibitor iv-10.0,protein tyrosine phosphatase inhibitor iv,VCAP,6H,10.0,13,26,0,0,1.0,1.0,0.0,0.0,-0.0,-0.0,0.0,1.0,False,1.0,-0.5657980364905775,1.0,chem
CPC004 VCAP 6H-nsc 663284-10.0,nsc 663284,VCAP,6H,10.0,34,46,0,0,1.0,1.0,0.0,0.0,-0.0,-0.0,0.0,1.0,False,1.0,-0.5657980364905775,1.0,chem
CPC004 VCAP 6H-epirubicin hydrochloride-10.0,epirubicin hydrochloride,VCAP,6H,10.0,45,116,0,2,1.0,0.006734955609954567,0.0,18.642441860465116,2.1716652623634625,-0.0,2.1716652623634625,0.0404127243847292,True,1.0,3.8680705849947423,0.008330556481172943,chem
CPC004 VCAP 6H-promazine hydrochloride-10.0,promazine hydrochloride,VCAP,6H,10.0,58,43,0,0,1.0,1.0,0.0,0.0,-0.0,-0.0,0.0,1.0,False,1.0,-0.5657980364905775,1.0,chem
CPC004 VCAP 6H-diclofenac sodium-10.0,diclofenac sodium,VCAP,6H,10.0,18,31,0,0,1.0,1.0,0.0,0.0,-0.0,1.0815747838474978,-1.0815747838474978,1.0,False,1.0,-0.5657980364905775,1.0,chem
CPC004 VCAP 6H-thiotepa-10.0,thiotepa,VCAP,6H,10.0,24,49,1,0,0.17956411208873052,1.0,5.333333333333333,0.0,0.7457804576422037,0.8928783478043839,-0.14709789016218022,0.48791572895196733,True,1.0,0.9568549372269262,0.16061312895701432,chem
CPC004 VCAP 6H-amiodarone hydrochloride-10.0,amiodarone hydrochloride,VCAP,6H,10.0,37,27,1,0,0.10315414265542737,1.0,9.88,0.0,0.9865133261371156,0.8579301802822941,0.12858314585482156,0.33747196297371074,True,1.0,1.4483569795896132,0.08930356547817395,chem
CPC004 VCAP 6H-indirubin-3?-monoxime-10.0,indirubin-3?-monoxime,VCAP,6H,10.0,12,26,0,0,1.0,1.0,0.0,0.0,-0.0,1.1551358284942217,-1.1551358284942217,1.0,False,1.0,-0.5657980364905775,1.0,chem
CPC004 VCAP 6H-rs 39604 hydrochloride-10.0,rs 39604 hydrochloride,VCAP,6H,10.0,50,24,1,0,0.09221882730677011,1.0,11.173913043478262,0.0,1.0351804047520146,-0.0,1.0351804047520146,0.31203079120467847,True,1.0,1.5477200980727621,0.08297234255248251,chem
CPC004 VCAP 6H-piplartine-10.0,piplartine,VCAP,6H,10.0,171,66,0,0,1.0,1.0,0.0,0.0,-0.0,0.29921446239643845,-0.29921446239643845,1.0,False,1.0,-0.5657980364905775,1.0,chem
CPC004 VCAP 6H-epitestosterone-10.0,epitestosterone,VCAP,6H,10.0,45,56,0,1,1.0,0.11813687833993748,0.0,8.572192513368984,0.9276145091651452,0.8388118036261796,0.08880270553896563,0.3704667765586675,True,1.0,1.3281038167562154,0.10229923358880373,chem
CPC004 VCAP 6H-sb 216641 hydrochloride-10.0,sb 216641 hydrochloride,VCAP,6H,10.0,22,19,0,0,1.0,1.0,0.0,0.0,-0.0,1.071309700706131,-1.071309700706131,1.0,False,1.0,-0.5657980364905775,1.0,chem
CPC004 VCAP 6H-inca-6-10.0,inca-6,VCAP,6H,10.0,14,14,0,0,1.0,1.0,0.0,0.0,-0.0,-0.0,0.0,1.0,False,1.0,-0.5657980364905775,1.0,chem
CPC004 VCAP 6H-niclosamide-10.0,niclosamide,VCAP,6H,10.0,126,29,0,0,1.0,1.0,0.0,0.0,-0.0,0.39716813662104594,-0.39716813662104594,1.0,False,1.0,-0.5657980364905775,1.0,chem
CPC004 VCAP 6H-BRD-K36055864 (cycloheximide)-10.0,brd-k36055864 (cycloheximide),VCAP,6H,10.0,66,72,0,0,1.0,1.0,0.0,0.0,-0.0,-0.0,0.0,1.0,False,1.0,-0.5657980364905775,1.0,chem
CPC004 VCAP 6H-ag 957-10.0,ag 957,VCAP,6H,10.0,90,49,0,0,1.0,1.0,0.0,0.0,-0.0,0.514862283016828,-0.514862283016828,1.0,False,1.0,-0.5657980364905775,1.0,chem
CPC004 VCAP 6H-rhamnetin-10.0,rhamnetin,VCAP,6H,10.0,25,22,0,0,1.0,1.0,0.0,0.0,-0.0,-0.0,0.0,1.0,False,1.0,-0.5657980364905775,1.0,chem
CPC004 VCAP 6H-paroxetine hydrochloride-10.0,paroxetine hydrochloride,VCAP,6H,10.0,57,13,0,0,1.0,1.0,0.0,0.0,-0.0,2.1354197381371445,-2.1354197381371445,1.0,False,1.0,-0.5657980364905775,1.0,chem
CPC004 VCAP 6H-bithionate sodium-10.0,bithionate sodium,VCAP,6H,10.0,27,13,0,0,1.0,1.0,0.0,0.0,-0.0,-0.0,0.0,1.0,False,1.0,-0.5657980364905775,1.0,chem
CPC004 VCAP 6H-rottlerin-10.0,rottlerin,VCAP,6H,10.0,22,11,1,0,0.04333303455755154,1.0,25.752,0.0,1.3631808968079184,-0.0,1.3631808968079184,0.17934849727008692,True,1.0,2.2173956299158526,0.04798400533155615,chem
CPC004 VCAP 6H-erythromycin estolate-10.0,erythromycin estolate,VCAP,6H,10.0,43,46,0,1,1.0,0.1131791192962548,0.0,8.983193277310924,0.946233689851697,0.9186313363902346,0.027602353461462337,0.3597719270071249,True,1.0,1.3661184235349881,0.09763412195934688,chem
CPC004 VCAP 6H-bisacodyl-10.0,bisacodyl,VCAP,6H,10.0,131,68,1,0,0.2404818098811265,1.0,3.80955223880597,0.0,0.6189177682174618,1.1453654656870929,-0.526447697469631,0.5831950408120221,True,1.0,0.697840572708598,0.2162612462512496,chem
CPC004 VCAP 6H-protriptyline hydrochloride-10.0,protriptyline hydrochloride,VCAP,6H,10.0,26,19,0,0,1.0,1.0,0.0,0.0,-0.0,1.0020757218050245,-1.0020757218050245,1.0,False,1.0,-0.5657980364905775,1.0,chem
CPC004 VCAP 6H-cgp 57380-10.0,cgp 57380,VCAP,6H,10.0,23,31,1,0,0.11753768533149536,1.0,8.557333333333334,0.0,0.9298228660944556,-0.0,0.9298228660944556,0.36918543128048875,True,1.0,1.33261259841037,0.10129956681106297,chem
CPC004 VCAP 6H-amg 9810-10.0,amg 9810,VCAP,6H,10.0,32,29,0,0,1.0,1.0,0.0,0.0,-0.0,-0.0,0.0,1.0,False,1.0,-0.5657980364905775,1.0,chem
CPC004 VCAP 6H-diethylstilbestrol-10.0,diethylstilbestrol,VCAP,6H,10.0,29,42,0,1,1.0,0.07773057101685643,0.0,13.504201680672269,1.109408141910376,0.9571337501189711,0.152274391791405,0.276293831557325,True,1.0,1.6992701736457057,0.07264245251582806,chem
CPC004 VCAP 6H-bromhexine hydrochloride-10.0,bromhexine hydrochloride,VCAP,6H,10.0,21,20,0,0,1.0,1.0,0.0,0.0,-0.0,-0.0,0.0,1.0,False,1.0,-0.5657980364905775,1.0,chem
CPC004 VCAP 6H-icilin-10.0,icilin,VCAP,6H,10.0,26,50,1,0,0.1828841639308616,1.0,5.223673469387755,0.0,0.7378238987619528,-0.0,0.7378238987619528,0.49358649259491405,True,1.0,0.940610105500074,0.1639453515494835,chem
CPC004 VCAP 6H-ch 55-10.0,ch 55,VCAP,6H,10.0,26,43,0,0,1.0,1.0,0.0,0.0,-0.0,-0.0,0.0,1.0,False,1.0,-0.5657980364905775,1.0,chem
CPC004 VCAP 6H-toremifene-10.0,toremifene,VCAP,6H,10.0,34,18,0,0,1.0,1.0,0.0,0.0,-0.0,-0.0,0.0,1.0,False,1.0,-0.5657980364905775,1.0,chem
CPC004 VCAP 6H-oxibendazole-10.0,oxibendazole,VCAP,6H,10.0,24,17,0,0,1.0,1.0,0.0,0.0,-0.0,-0.0,0.0,1.0,False,1.0,-0.5657980364905775,1.0,chem
CPC004 VCAP 6H-amperozide-10.0,amperozide,VCAP,6H,10.0,22,11,0,0,1.0,1.0,0.0,0.0,-0.0,1.071309700706131,-1.071309700706131,1.0,False,1.0,-0.5657980364905775,1.0,chem
CPC004 VCAP 6H-dorsomorphin dihydrochloride-10.0,dorsomorphin dihydrochloride,VCAP,6H,10.0,120,88,0,0,1.0,1.0,0.0,0.0,-0.0,1.0809879632738582,-1.0809879632738582,1.0,False,1.0,-0.5657980364905775,1.0,chem
CPC004 VCAP 6H-robustic acid-10.0,robustic acid,VCAP,6H,10.0,37,45,0,0,1.0,1.0,0.0,0.0,-0.0,-0.0,0.0,1.0,False,1.0,-0.5657980364905775,1.0,chem
CPC004 VCAP 6H-penicillin g potassium-10.0,penicillin g potassium,VCAP,6H,10.0,15,26,0,0,1.0,1.0,0.0,0.0,-0.0,-0.0,0.0,1.0,False,1.0,-0.5657980364905775,1.0,chem
CPC004 VCAP 6H-chlorprothixene hydrochloride-10.0,chlorprothixene hydrochloride,VCAP,6H,10.0,54,22,0,1,1.0,0.14012463365282468,0.0,7.1065482796892345,0.8534855098315087,1.9330861100416947,-1.0796006002101861,0.4155007882588526,True,1.0,1.1767553332750134,0.12295901366211263,chem
CPC004 VCAP 6H-dephostatin-10.0,dephostatin,VCAP,6H,10.0,35,36,0,0,1.0,1.0,0.0,0.0,-0.0,1.019456417323189,-1.019456417323189,1.0,False,1.0,-0.5657980364905775,1.0,chem
CPC004 VCAP 6H-norpramin-10.0,norpramin,VCAP,6H,10.0,47,17,0,0,1.0,1.0,0.0,0.0,-0.0,-0.0,0.0,1.0,False,1.0,-0.5657980364905775,1.0,chem
CPC004 VCAP 6H-triflupromazine hydrochloride-10.0,triflupromazine hydrochloride,VCAP,6H,10.0,39,15,0,0,1.0,1.0,0.0,0.0,-0.0,-0.0,0.0,1.0,False,1.0,-0.5657980364905775,1.0,chem
CPC004 VCAP 6H-sib 1893-10.0,sib 1893,VCAP,6H,10.0,45,35,0,0,1.0,1.0,0.0,0.0,-0.0,-0.0,0.0,1.0,False,1.0,-0.5657980364905775,1.0,chem
CPC004 VCAP 6H-bibx 1382 dihydrochloride-10.0,bibx 1382 dihydrochloride,VCAP,6H,10.0,41,16,0,0,1.0,1.0,0.0,0.0,-0.0,-0.0,0.0,1.0,False,1.0,-0.5657980364905775,1.0,chem
CPC004 VCAP 6H-duloxetine hydrochloride-10.0,duloxetine hydrochloride,VCAP,6H,10.0,34,17,0,0,1.0,1.0,0.0,0.0,-0.0,0.8921813962483026,-0.8921813962483026,1.0,False,1.0,-0.5657980364905775,1.0,chem
CPC004 VCAP 6H-carbamazepine-10.0,carbamazepine,VCAP,6H,10.0,32,42,0,0,1.0,1.0,0.0,0.0,-0.0,-0.0,0.0,1.0,False,1.0,-0.5657980364905775,1.0,chem
CPC004 VCAP 6H-pizotyline malate-10.0,pizotyline malate,VCAP,6H,10.0,31,14,0,0,1.0,1.0,0.0,0.0,-0.0,1.4171758591830963,-1.4171758591830963,1.0,False,1.0,-0.5657980364905775,1.0,chem
CPC004 VCAP 6H-nicergoline-10.0,nicergoline,VCAP,6H,10.0,38,37,0,0,1.0,1.0,0.0,0.0,-0.0,-0.0,0.0,1.0,False,1.0,-0.5657980364905775,1.0,chem
CPC004 VCAP 6H-forskolin-10.0,forskolin,VCAP,6H,10.0,64,51,0,1,1.0,0.163947870305798,0.0,5.969187675070028,0.7852942204734046,-0.0,0.7852942204734046,0.4603995186109855,True,1.0,1.0375298166249614,0.1449516827724092,chem
CPC004 VCAP 6H-menadione-10.0,menadione,VCAP,6H,10.0,51,46,0,0,1.0,1.0,0.0,0.0,-0.0,-0.0,0.0,1.0,False,1.0,-0.5657980364905775,1.0,chem
CPC004 VCAP 6H-triciribine-10.0,triciribine,VCAP,6H,10.0,31,35,0,1,1.0,0.08287531958572758,0.0,12.6,1.0815747838474978,0.9298228660944556,0.1517519177530422,0.2892695051033642,True,1.0,1.6424430672383155,0.07597467510829724,chem
CPC004 VCAP 6H-vorinostat-10.0,vorinostat,VCAP,6H,10.0,155,124,0,0,1.0,1.0,0.0,0.0,-0.0,-0.0,0.0,1.0,False,1.0,-0.5657980364905775,1.0,chem
CPC004 VCAP 6H-sertraline hydrochloride-10.0,sertraline hydrochloride,VCAP,6H,10.0,58,33,0,0,1.0,1.0,0.0,0.0,-0.0,0.6798880550210863,-0.6798880550210863,1.0,False,1.0,-0.5657980364905775,1.0,chem
CPC004 VCAP 6H-BRD-K87343924 (wortmannin)-10.0,brd-k87343924 (wortmannin),VCAP,6H,10.0,56,15,0,0,1.0,1.0,0.0,0.0,-0.0,1.3877808051210436,-1.3877808051210436,1.0,False,1.0,-0.5657980364905775,1.0,chem
CPC004 VCAP 6H-chlorpromazine-10.0,chlorpromazine,VCAP,6H,10.0,43,21,0,0,1.0,1.0,0.0,0.0,-0.0,0.7975941222616931,-0.7975941222616931,1.0,False,1.0,-0.5657980364905775,1.0,chem
CPC004 VCAP 6H-amodiaquin dihydrochloride dihydrate-10.0,amodiaquin dihydrochloride dihydrate,VCAP,6H,10.0,31,23,0,0,1.0,1.0,0.0,0.0,-0.0,-0.0,0.0,1.0,False,1.0,-0.5657980364905775,1.0,chem
CPC004 VCAP 6H-ami-193-10.0,ami-193,VCAP,6H,10.0,17,17,0,0,1.0,1.0,0.0,0.0,-0.0,-0.0,0.0,1.0,False,1.0,-0.5657980364905775,1.0,chem
CPC004 VCAP 6H-pifithrin- ?-10.0,pifithrin- ?,VCAP,6H,10.0,65,35,0,0,1.0,1.0,0.0,0.0,-0.0,2.385644979350834,-2.385644979350834,1.0,False,1.0,-0.5657980364905775,1.0,chem
CPC004 VCAP 6H-amsacrine-10.0,amsacrine,VCAP,6H,10.0,207,121,0,1,1.0,0.44329341270424066,0.0,1.7846944603083952,0.35330872222526427,1.3116163508356253,-0.9583076286103611,0.8039229756842793,True,1.0,0.15554907179571323,0.3008997000999667,chem
CPC004 VCAP 6H-lumicolchicine gamma-10.0,lumicolchicine gamma,VCAP,6H,10.0,95,79,0,0,1.0,1.0,0.0,0.0,-0.0,1.7028269614971532,-1.7028269614971532,1.0,False,1.0,-0.5657980364905775,1.0,chem
CPC004 VCAP 6H-verteporfin-10.0,verteporfin,VCAP,6H,10.0,27,16,0,0,1.0,1.0,0.0,0.0,-0.0,-0.0,0.0,1.0,False,1.0,-0.5657980364905775,1.0,chem
CPC005 A375 24H-yo-2-10.0,yo-2,A375,24H,10.0,109,41,0,1,1.0,0.26364583435556227,0.0,3.457516339869281,0.5789790861974325,0.4467617988997304,0.13221728729770216,0.6151249127587459,True,1.0,0.6162981397834771,0.23025658113962014,chem
CPC005 A375 24H-rhodomyrtoxin b-10.0,rhodomyrtoxin b,A375,24H,10.0,128,220,0,0,1.0,1.0,0.0,0.0,-0.0,1.3010497258817033,-1.3010497258817033,1.0,False,1.0,-0.5657980364905775,1.0,chem
CPC005 A375 24H-heliotrine-10.0,heliotrine,A375,24H,10.0,53,43,0,0,1.0,1.0,0.0,0.0,-0.0,-0.0,0.0,1.0,False,1.0,-0.5657980364905775,1.0,chem
CPC005 A375 24H-amyleine hydrochloride-10.0,amyleine hydrochloride,A375,24H,10.0,52,50,1,1,0.1828841639308616,0.13528368405107447,5.223673469387755,7.387543252595155,1.6065784772853118,-0.0,1.6065784772853118,0.11626612089314459,True,1.0,2.71433818976951,0.027657447517494167,chem
CPC005 A375 24H-homatropine bromide-10.0,homatropine bromide,A375,24H,10.0,56,45,1,0,0.16615372806130616,1.0,5.821818181818182,0.0,0.7794899098274045,-0.0,0.7794899098274045,0.46437339213902495,True,1.0,1.0256792099552001,0.14795068310563145,chem
CPC005 A375 24H-fluorometholone-10.0,fluorometholone,A375,24H,10.0,39,28,0,1,1.0,0.10318452349165337,0.0,9.93498452012384,0.9863854370713357,0.8367127096121924,0.1496727274591434,0.3375409695078972,True,1.0,1.4480958696821058,0.09030323225591469,chem
CPC005 A375 24H-ethopropazine hydrochloride-10.0,ethopropazine hydrochloride,A375,24H,10.0,26,38,0,0,1.0,1.0,0.0,0.0,-0.0,-0.0,0.0,1.0,False,1.0,-0.5657980364905775,1.0,chem
CPC005 A375 24H-gelsemine-10.0,gelsemine,A375,24H,10.0,42,19,0,0,1.0,1.0,0.0,0.0,-0.0,-0.0,0.0,1.0,False,1.0,-0.5657980364905775,1.0,chem
CPC005 A375 24H-trichostatin a-10.0,trichostatin a,A375,24H,10.0,130,169,1,1,0.49796227779355207,0.3062261576822858,1.4952380952380953,2.8850889192886457,0.8167612700051903,0.38671656841470314,0.43004470159048713,0.4392695333019311,True,1.0,1.1017757968631248,0.13462179273575475,chem
CPC005 A375 24H-geldanamycin-10.0,geldanamycin,A375,24H,10.0,105,229,2,0,0.23406000985252476,1.0,2.2837738619676946,0.0,0.6306727810233677,-0.0,0.6306727810233677,0.5739567469539024,True,1.0,0.7218406722306306,0.20993002332555816,chem
CPC005 A375 24H-bvt 948-10.0,bvt 948,A375,24H,10.0,174,123,2,3,0.08657751694904457,0.01156769474725024,4.357438016528926,7.350877192982456,2.999348054176063,-0.0,2.999348054176063,0.00791813158926086,True,1.0,5.557942787107193,0.001999333555481506,chem
CPC005 A375 24H-nicardipine hydrochloride-10.0,nicardipine hydrochloride,A375,24H,10.0,73,35,0,0,1.0,1.0,0.0,0.0,-0.0,0.5921415650633886,-0.5921415650633886,1.0,False,1.0,-0.5657980364905775,1.0,chem
CPC005 A375 24H-cyclopiazonic acid-10.0,cyclopiazonic acid,A375,24H,10.0,77,35,0,0,1.0,1.0,0.0,0.0,-0.0,-0.0,0.0,1.0,False,1.0,-0.5657980364905775,1.0,chem
CPC005 A375 24H-metergoline-10.0,metergoline,A375,24H,10.0,82,21,0,0,1.0,1.0,0.0,0.0,-0.0,-0.0,0.0,1.0,False,1.0,-0.5657980364905775,1.0,chem
CPC005 A375 24H-triamcinolone diacetate-10.0,triamcinolone diacetate,A375,24H,10.0,45,30,0,1,1.0,0.11813687833993748,0.0,8.572192513368984,0.9276145091651452,-0.0,0.9276145091651452,0.3704667765586675,True,1.0,1.3281038167562154,0.10229923358880373,chem
CPC005 A375 24H-prozac-10.0,prozac,A375,24H,10.0,42,37,1,0,0.13869787897610047,1.0,7.124444444444444,0.0,0.8579301802822941,-0.0,0.8579301802822941,0.4126896087196201,True,1.0,1.1858299752956407,0.12195934688437188,chem
CPC005 A375 24H-leucine enkephalin-10.0,leucine enkephalin,A375,24H,10.0,54,37,1,0,0.13869787897610047,1.0,7.124444444444444,0.0,0.8579301802822941,0.7076649469372981,0.15026523334499597,0.4126896087196201,True,1.0,1.1858299752956407,0.12195934688437188,chem
CPC005 A375 24H-metixene hydrochloride-10.0,metixene hydrochloride,A375,24H,10.0,37,40,0,0,1.0,1.0,0.0,0.0,-0.0,-0.0,0.0,1.0,False,1.0,-0.5657980364905775,1.0,chem
CPC005 A375 24H-triamcinolone-10.0,triamcinolone,A375,24H,10.0,49,41,0,1,1.0,0.12797397276504582,0.0,7.852941176470588,0.8928783478043839,-0.0,0.8928783478043839,0.3910792944436949,True,1.0,1.257183321522658,0.11129623458847052,chem
CPC005 A375 24H-fludrocortisone acetate-10.0,fludrocortisone acetate,A375,24H,10.0,56,41,0,0,1.0,1.0,0.0,0.0,-0.0,-0.0,0.0,1.0,False,1.0,-0.5657980364905775,1.0,chem
CPC005 A375 24H-penicillic acid-10.0,penicillic acid,A375,24H,10.0,92,48,1,0,0.17623109129409104,1.0,5.447659574468085,0.0,0.753917469441078,0.9012716332371923,-0.14735416379611432,0.4821610625960958,True,1.0,0.9734681979872054,0.1586137954015328,chem
CPC005 A375 24H-karakoline-10.0,karakoline,A375,24H,10.0,47,48,1,0,0.17623109129409104,1.0,5.447659574468085,0.0,0.753917469441078,0.7622425527905643,-0.00832508334948634,0.4821610625960958,True,1.0,0.9734681979872054,0.1586137954015328,chem
CPC005 A375 24H-pentobarbital-10.0,pentobarbital,A375,24H,10.0,48,43,0,0,1.0,1.0,0.0,0.0,-0.0,-0.0,0.0,1.0,False,1.0,-0.5657980364905775,1.0,chem
CPC005 A375 24H-dihydroergocristine mesylate-10.0,dihydroergocristine mesylate,A375,24H,10.0,95,25,0,0,1.0,1.0,0.0,0.0,-0.0,-0.0,0.0,1.0,False,1.0,-0.5657980364905775,1.0,chem
CPC005 A375 24H-periplocymarin-10.0,periplocymarin,A375,24H,10.0,151,198,2,3,0.18811629152178053,0.007848009238138151,2.6581632653061225,8.524324324324324,2.8308140858221083,0.33794387185647307,2.4928702139656354,0.011099393013308406,True,1.0,5.213848562785648,0.002999000333222259,chem
CPC005 A375 24H-quinacrine dihydrochloride dihydrate-10.0,quinacrine dihydrochloride dihydrate,A375,24H,10.0,240,146,1,2,0.4480067012296149,0.14210507178291612,1.7387586206896553,3.2657563025210083,1.19610591149354,0.6010314842001251,0.5950744272934149,0.23900338321863354,True,1.0,1.8762801975981072,0.062312562479173605,chem
CPC005 A375 24H-calyculin a-10.0,calyculin a,A375,24H,10.0,155,138,1,1,0.429536063526408,0.3538852354311746,1.8426277372262774,2.407181054239878,0.8181379235977354,0.8943993579268422,-0.07626143432910681,0.43836115359072314,True,1.0,1.1045864976062023,0.13362212595801398,chem
CPC005 A375 24H-citalopram hydrobromide-10.0,citalopram hydrobromide,A375,24H,10.0,36,26,0,0,1.0,1.0,0.0,0.0,-0.0,2.6418480650767675,-2.6418480650767675,1.0,False,1.0,-0.5657980364905775,1.0,chem
CPC005 A375 24H-phccc-10.0,phccc,A375,24H,10.0,61,32,1,0,0.1210987624976262,1.0,8.28,0.0,0.9168602948684945,0.6604243160213854,0.2564359788471091,0.37675627535664896,True,1.0,1.3061470381748082,0.10596467844051982,chem
CPC005 A375 24H-trimeprazine tartrate-10.0,trimeprazine tartrate,A375,24H,10.0,62,27,1,0,0.10315414265542737,1.0,9.88,0.0,0.9865133261371156,-0.0,0.9865133261371156,0.33747196297371074,True,1.0,1.4483569795896132,0.08930356547817395,chem
CPC005 A375 24H-tetrindole mesylate-10.0,tetrindole mesylate,A375,24H,10.0,173,111,1,1,0.3627078103854775,0.3862665318897547,2.3047272727272725,2.149110807113543,0.8535560121413164,0.8173449626230305,0.03621104951828591,0.4154560861459209,True,1.0,1.176899277180465,0.12195934688437188,chem
CPC005 A375 24H-bw-b 70c-10.0,bw-b 70c,A375,24H,10.0,52,39,0,0,1.0,1.0,0.0,0.0,-0.0,0.7224238932797868,-0.7224238932797868,1.0,False,1.0,-0.5657980364905775,1.0,chem
CPC005 A375 24H-ca-074-me-10.0,ca-074-me,A375,24H,10.0,145,96,0,0,1.0,1.0,0.0,0.0,-0.0,0.9779019274164308,-0.9779019274164308,1.0,False,1.0,-0.5657980364905775,1.0,chem
CPC005 A375 24H-n-formylmethionylalanine-10.0,n-formylmethionylalanine,A375,24H,10.0,44,51,1,0,0.18619129527236197,1.0,5.1184,0.0,0.7300406268108973,0.788430056468702,-0.05838942965780469,0.4991752625373401,True,1.0,0.9247190720731665,0.16661112962345884,chem
CPC005 A375 24H-helveticoside-10.0,helveticoside,A375,24H,10.0,181,137,0,0,1.0,1.0,0.0,0.0,-0.0,0.7770970887277744,-0.7770970887277744,1.0,False,1.0,-0.5657980364905775,1.0,chem
CPC005 A375 24H-cv 1808-10.0,cv 1808,A375,24H,10.0,69,35,0,0,1.0,1.0,0.0,0.0,-0.0,-0.0,0.0,1.0,False,1.0,-0.5657980364905775,1.0,chem
CPC005 A375 24H-dihydroergocristine-10.0,dihydroergocristine,A375,24H,10.0,46,27,1,0,0.10315414265542737,1.0,9.88,0.0,0.9865133261371156,-0.0,0.9865133261371156,0.33747196297371074,True,1.0,1.4483569795896132,0.08930356547817395,chem
CPC005 A375 24H-hydrocortisone acetate-10.0,hydrocortisone acetate,A375,24H,10.0,109,78,0,0,1.0,1.0,0.0,0.0,-0.0,-0.0,0.0,1.0,False,1.0,-0.5657980364905775,1.0,chem
CPC005 A375 24H-htmt dimaleate-10.0,htmt dimaleate,A375,24H,10.0,50,39,0,0,1.0,1.0,0.0,0.0,-0.0,0.7378238987619528,-0.7378238987619528,1.0,False,1.0,-0.5657980364905775,1.0,chem
CPC005 A375 24H-reserpine-10.0,reserpine,A375,24H,10.0,43,45,0,0,1.0,1.0,0.0,0.0,-0.0,-0.0,0.0,1.0,False,1.0,-0.5657980364905775,1.0,chem
CPC005 A375 24H-lasalocid sodium-10.0,lasalocid sodium,A375,24H,10.0,145,165,0,0,1.0,1.0,0.0,0.0,-0.0,0.42937674896693395,-0.42937674896693395,1.0,False,1.0,-0.5657980364905775,1.0,chem
CPC005 A375 24H-wortmannin-10.0,wortmannin,A375,24H,10.0,100,183,1,0,0.526210045668021,1.0,1.3771428571428572,0.0,0.27884086522685664,-0.0,0.27884086522685664,0.8640657416052805,True,1.0,0.0035087457948478756,0.30823058980339885,chem
CPC005 A375 24H-sdm25n hydrochloride-10.0,sdm25n hydrochloride,A375,24H,10.0,37,23,0,0,1.0,1.0,0.0,0.0,-0.0,-0.0,0.0,1.0,False,1.0,-0.5657980364905775,1.0,chem
CPC005 A375 24H-salubrinal-10.0,salubrinal,A375,24H,10.0,40,31,0,0,1.0,1.0,0.0,0.0,-0.0,1.0815747838474978,-1.0815747838474978,1.0,False,1.0,-0.5657980364905775,1.0,chem
CPC005 A375 24H-fluocinolone acetonide-10.0,fluocinolone acetonide,A375,24H,10.0,81,83,1,0,0.28547851525436874,1.0,3.1053658536585367,0.0,0.544426570632047,-0.0,0.544426570632047,0.643351100620738,True,1.0,0.5457525924499005,0.24225258247250916,chem
CPC005 A375 24H-cercosporin-10.0,cercosporin,A375,24H,10.0,196,171,0,0,1.0,1.0,0.0,0.0,-0.0,-0.0,0.0,1.0,False,1.0,-0.5657980364905775,1.0,chem
CPC005 A375 24H-simvastatin-10.0,simvastatin,A375,24H,10.0,99,159,1,0,0.4768011758960448,1.0,1.5924050632911393,0.0,0.32166268220126415,0.44223117175708876,-0.12056848955582461,0.8299466831640941,True,1.0,0.09093764834642158,0.30389870043318895,chem
CPC005 A375 24H-budesonide-10.0,budesonide,A375,24H,10.0,47,58,0,0,1.0,1.0,0.0,0.0,-0.0,-0.0,0.0,1.0,False,1.0,-0.5657980364905775,1.0,chem
CPC005 A375 24H-thioridazine hydrochloride-10.0,thioridazine hydrochloride,A375,24H,10.0,114,115,1,0,0.37306278444881913,1.0,2.2224561403508774,0.0,0.4282180726280322,0.43122431490242713,-0.0030062422743949435,0.7409058798200113,True,1.0,0.3084907907442446,0.28390536487837387,chem
CPC005 A375 24H-triamcinolone acetonide-10.0,triamcinolone acetonide,A375,24H,10.0,49,44,0,0,1.0,1.0,0.0,0.0,-0.0,-0.0,0.0,1.0,False,1.0,-0.5657980364905775,1.0,chem
CPC005 A375 24H-tocainide hydrochloride-10.0,tocainide hydrochloride,A375,24H,10.0,84,44,0,0,1.0,1.0,0.0,0.0,-0.0,0.540026810832711,-0.540026810832711,1.0,False,1.0,-0.5657980364905775,1.0,chem
"CPC005 A375 24H-hydroxytacrine maleate (r,s)-10.0","hydroxytacrine maleate (r,s)",A375,24H,10.0,62,24,0,0,1.0,1.0,0.0,0.0,-0.0,1.1887656559771005,-1.1887656559771005,1.0,False,1.0,-0.5657980364905775,1.0,chem
CPC005 A375 24H-dubinidine-10.0,dubinidine,A375,24H,10.0,109,84,0,0,1.0,1.0,0.0,0.0,-0.0,1.153320310364806,-1.153320310364806,1.0,False,1.0,-0.5657980364905775,1.0,chem
CPC005 A375 24H-maprotiline hydrochloride-10.0,maprotiline hydrochloride,A375,24H,10.0,47,31,0,0,1.0,1.0,0.0,0.0,-0.0,-0.0,0.0,1.0,False,1.0,-0.5657980364905775,1.0,chem
"CPC005 A375 24H-tamoxifen, 4-hydroxy-, (z)--10.0","tamoxifen, 4-hydroxy-, (z)-",A375,24H,10.0,135,79,1,0,0.27373660458329735,1.0,3.2666666666666666,0.0,0.5626671240162882,-0.0,0.5626671240162882,0.6283867197859572,True,1.0,0.5829941594126171,0.2339220259913362,chem
CPC005 A375 24H-nicotine ditartrate-10.0,nicotine ditartrate,A375,24H,10.0,47,29,0,0,1.0,1.0,0.0,0.0,-0.0,-0.0,0.0,1.0,False,1.0,-0.5657980364905775,1.0,chem
CPC005 A375 24H-clioquinol-10.0,clioquinol,A375,24H,10.0,46,29,0,0,1.0,1.0,0.0,0.0,-0.0,0.7707638179093317,-0.7707638179093317,1.0,False,1.0,-0.5657980364905775,1.0,chem
CPC005 A375 24H-fgin-1-27-10.0,fgin-1-27,A375,24H,10.0,59,48,0,0,1.0,1.0,0.0,0.0,-0.0,1.5745488383386261,-1.5745488383386261,1.0,False,1.0,-0.5657980364905775,1.0,chem
CPC005 A375 24H-gsk-3 inhibitor ii-10.0,gsk-3 inhibitor ii,A375,24H,10.0,100,61,0,0,1.0,1.0,0.0,0.0,-0.0,1.2815327568644548,-1.2815327568644548,1.0,False,1.0,-0.5657980364905775,1.0,chem
"CPC005 A375 24H-l-741,742 hydrochloride-10.0","l-741,742 hydrochloride",A375,24H,10.0,66,59,0,0,1.0,1.0,0.0,0.0,-0.0,0.8178271841013225,-0.8178271841013225,1.0,False,1.0,-0.5657980364905775,1.0,chem
CPC005 A375 24H-pepstatin a-10.0,pepstatin a,A375,24H,10.0,54,34,0,1,1.0,0.14012463365282468,0.0,7.1065482796892345,0.8534855098315087,1.7508165558975843,-0.8973310460660756,0.4155007882588526,True,1.0,1.1767553332750134,0.12295901366211263,chem
CPC005 A375 24H-rhodomyrtoxin-10.0,rhodomyrtoxin,A375,24H,10.0,53,35,0,0,1.0,1.0,0.0,0.0,-0.0,1.0311267751067914,-1.0311267751067914,1.0,False,1.0,-0.5657980364905775,1.0,chem
"CPC005 A375 24H-l-168,049-10.0","l-168,049",A375,24H,10.0,80,35,0,2,1.0,0.02029819340391062,0.0,10.221153846153847,1.6925426137925592,-0.0,1.6925426137925592,0.09940478754842286,True,1.0,2.889850361943664,0.022659113628790403,chem
CPC005 A375 24H-digitoxigenin-10.0,digitoxigenin,A375,24H,10.0,140,219,3,0,0.05603513150106623,1.0,3.763285024154589,0.0,1.2515396045438374,0.3623015157324212,0.8892380888114162,0.21751585308902624,True,1.0,1.9894586493827389,0.05764745084971676,chem
CPC005 A375 24H-dihomo-gamma-linolenic acid-10.0,dihomo-gamma-linolenic acid,A375,24H,10.0,73,66,1,2,0.23428022674110408,0.01707554048260351,3.928,11.241197183098592,2.3978899052716915,-0.0,2.3978899052716915,0.026088391776907124,True,1.0,4.329951319093643,0.003998667110963012,chem
CPC005 A375 24H-phenamil-10.0,phenamil,A375,24H,10.0,42,49,1,0,0.17956411208873052,1.0,5.333333333333333,0.0,0.7457804576422037,-0.0,0.7457804576422037,0.48791572895196733,True,1.0,0.9568549372269262,0.16061312895701432,chem
CPC005 A375 24H-mitoxantrone dihydrochloride-10.0,mitoxantrone dihydrochloride,A375,24H,10.0,209,179,1,1,0.5182991373485348,0.44648700619175163,1.4089887640449439,1.7669683257918551,0.635610689563912,0.6897876036474672,-0.05417691408355518,0.5700990087134842,True,1.0,0.7319223538383459,0.20859713428857046,chem
CPC005 A375 24H-ly-294002-10.0,ly-294002,A375,24H,10.0,108,43,0,0,1.0,1.0,0.0,0.0,-0.0,-0.0,0.0,1.0,False,1.0,-0.5657980364905775,1.0,chem
CPC005 A375 24H-BRD-K31342827-10.0,brd-k31342827,A375,24H,10.0,78,58,1,1,0.20898347431718034,0.19625499689546985,4.484912280701755,4.87318563789152,1.3870673317872257,-0.0,1.3870673317872257,0.17200639109428764,True,1.0,2.26616434043924,0.045318227257580806,chem
CPC005 A375 24H-chelidonine (+)-10.0,chelidonine (+),A375,24H,10.0,110,106,1,0,0.3495326855479937,1.0,2.4163809523809525,0.0,0.45651220621471916,0.4435847365427099,0.01292746967200925,0.7169468344093577,True,1.0,0.3662586582219392,0.2725758080639787,chem
CPC005 A375 24H-eugenol-10.0,eugenol,A375,24H,10.0,41,43,0,1,1.0,0.10819504482113279,0.0,9.435294117647059,0.9657926288423657,-0.0,0.9657926288423657,0.348801318029084,True,1.0,1.406051726039395,0.09330223258913696,chem
CPC005 A375 24H-gw 5074-10.0,gw 5074,A375,24H,10.0,110,99,1,0,0.33064675184409836,1.0,2.5918367346938775,0.0,0.4806357392933227,1.0588498058290654,-0.5782140665357427,0.6965750623330327,True,1.0,0.4155114497134678,0.26391202932355884,chem
CPC005 A375 24H-eburnamonine (-)-10.0,eburnamonine (-),A375,24H,10.0,43,42,0,0,1.0,1.0,0.0,0.0,-0.0,-0.0,0.0,1.0,False,1.0,-0.5657980364905775,1.0,chem
CPC005 A375 24H-zm 39923 hydrochloride-10.0,zm 39923 hydrochloride,A375,24H,10.0,64,22,0,0,1.0,1.0,0.0,0.0,-0.0,-0.0,0.0,1.0,False,1.0,-0.5657980364905775,1.0,chem
CPC005 A375 24H-c2 ceramide-10.0,c2 ceramide,A375,24H,10.0,57,24,0,0,1.0,1.0,0.0,0.0,-0.0,1.1887656559771005,-1.1887656559771005,1.0,False,1.0,-0.5657980364905775,1.0,chem
CPC005 A375 24H-ag 527-10.0,ag 527,A375,24H,10.0,79,31,0,1,1.0,0.19851694343328743,0.0,4.8099547511312215,0.7022024202582935,0.5626671240162882,0.13953529624200534,0.519495182738173,True,1.0,0.8678820665497254,0.17660779740086638,chem
CPC005 A375 24H-cortisone-10.0,cortisone,A375,24H,10.0,59,31,0,1,1.0,0.15211527114417434,0.0,6.488843813387424,0.8178271841013225,-0.0,0.8178271841013225,0.438566075937874,True,1.0,1.1039520636874585,0.13462179273575475,chem
CPC005 A375 24H-rlm-1-127-10.0,rlm-1-127,A375,24H,10.0,46,19,0,0,1.0,1.0,0.0,0.0,-0.0,-0.0,0.0,1.0,False,1.0,-0.5657980364905775,1.0,chem
CPC005 A375 24H-ki 8751-10.0,ki 8751,A375,24H,10.0,142,70,0,1,1.0,0.329502428825324,0.0,2.634543178973717,0.4821413797906146,1.1074130213625781,-0.6252716415719635,0.6953066522222757,True,1.0,0.4185855018115866,0.263245584805065,chem
"CPC005 A375 24H-ym 298198, desmethyl--10.0","ym 298198, desmethyl-",A375,24H,10.0,21,56,1,0,0.20253482817430737,1.0,4.649454545454545,0.0,0.6935002841365968,1.9876240557220732,-1.2941237715854763,0.5259512351037625,True,1.0,0.8501149967537601,0.1809396867710763,chem
CPC005 A375 24H-dilazep dihydrochloride-10.0,dilazep dihydrochloride,A375,24H,10.0,59,29,0,0,1.0,1.0,0.0,0.0,-0.0,-0.0,0.0,1.0,False,1.0,-0.5657980364905775,1.0,chem
CPC005 A375 24H-pd 158780-10.0,pd 158780,A375,24H,10.0,85,51,0,0,1.0,1.0,0.0,0.0,-0.0,-0.0,0.0,1.0,False,1.0,-0.5657980364905775,1.0,chem
CPC005 A375 24H-cgs 15943-10.0,cgs 15943,A375,24H,10.0,69,41,0,0,1.0,1.0,0.0,0.0,-0.0,0.9657926288423657,-0.9657926288423657,1.0,False,1.0,-0.5657980364905775,1.0,chem
CPC005 A375 24H-bibu 1361 dihydrochloride-10.0,bibu 1361 dihydrochloride,A375,24H,10.0,144,68,0,0,1.0,1.0,0.0,0.0,-0.0,1.826138715030078,-1.826138715030078,1.0,False,1.0,-0.5657980364905775,1.0,chem
CPC005 A375 24H-bisindolylmaleimide iv-10.0,bisindolylmaleimide iv,A375,24H,10.0,47,35,1,0,0.1316992811962372,1.0,7.5458823529411765,0.0,0.8804165953750398,-0.0,0.8804165953750398,0.39868455868811536,True,1.0,1.231740278332358,0.11562812395868044,chem
CPC005 A375 24H-e6 berbamine-10.0,e6 berbamine,A375,24H,10.0,96,56,0,0,1.0,1.0,0.0,0.0,-0.0,-0.0,0.0,1.0,False,1.0,-0.5657980364905775,1.0,chem
CPC005 A375 24H-purvalanol a-10.0,purvalanol a,A375,24H,10.0,96,67,0,1,1.0,0.23606221727130583,0.0,3.9386996904024767,0.6269735179770268,1.2586892671169694,-0.6317157491399426,0.5768557686317375,True,1.0,0.7142879215245019,0.21192935688103964,chem
CPC005 A375 24H-pac 1-10.0,pac 1,A375,24H,10.0,181,125,1,0,0.3982472951508687,1.0,2.04,0.0,0.399847165194229,0.5282621354127488,-0.12841497021851978,0.7649064599519031,True,1.0,0.2505661748221288,0.29290236587804064,chem
CPC005 A375 24H-gr 103691-10.0,gr 103691,A375,24H,10.0,42,36,1,0,0.13520538753090064,1.0,7.329142857142857,0.0,0.8690060027115124,1.019456417323189,-0.15045041461167663,0.40574599594107874,True,1.0,1.208443378188409,0.11729423525491503,chem
CPC005 A375 24H-v-ama37-10.0,v-ama37,A375,24H,10.0,81,26,0,0,1.0,1.0,0.0,0.0,-0.0,1.708551190882337,-1.708551190882337,1.0,False,1.0,-0.5657980364905775,1.0,chem
CPC005 A375 24H-ritodrine hydrochloride-10.0,ritodrine hydrochloride,A375,24H,10.0,35,39,0,0,1.0,1.0,0.0,0.0,-0.0,-0.0,0.0,1.0,False,1.0,-0.5657980364905775,1.0,chem
CPC005 A375 24H-niridazole-10.0,niridazole,A375,24H,10.0,83,44,0,1,1.0,0.2075047499425856,0.0,4.572453371592539,0.6829719575049308,1.3638729515855674,-0.6809009940806366,0.5338269372261669,True,1.0,0.8286194109017821,0.18693768743752082,chem
CPC005 A375 24H-indirubin-3-oxime-10.0,indirubin-3-oxime,A375,24H,10.0,93,95,1,0,0.31961922299193307,1.0,2.7038297872340427,0.0,0.49536710861879296,-0.0,0.49536710861879296,0.6841848736044825,True,1.0,0.4455883484582717,0.25924691769410196,chem
CPC005 A375 24H-cmpd-1-10.0,cmpd-1,A375,24H,10.0,76,87,0,0,1.0,1.0,0.0,0.0,-0.0,-0.0,0.0,1.0,False,1.0,-0.5657980364905775,1.0,chem
CPC005 A375 24H-fluphenazine dihydrochloride-10.0,fluphenazine dihydrochloride,A375,24H,10.0,44,16,0,0,1.0,1.0,0.0,0.0,-0.0,-0.0,0.0,1.0,False,1.0,-0.5657980364905775,1.0,chem
CPC005 A375 24H-calcipotriol-10.0,calcipotriol,A375,24H,10.0,55,46,0,0,1.0,1.0,0.0,0.0,-0.0,1.6191423891231311,-1.6191423891231311,1.0,False,1.0,-0.5657980364905775,1.0,chem
CPC005 A375 24H-ro 90-7501-10.0,ro 90-7501,A375,24H,10.0,46,30,0,0,1.0,1.0,0.0,0.0,-0.0,-0.0,0.0,1.0,False,1.0,-0.5657980364905775,1.0,chem
CPC005 A375 24H-linopirdine dihydrochloride-10.0,linopirdine dihydrochloride,A375,24H,10.0,45,36,0,0,1.0,1.0,0.0,0.0,-0.0,1.019456417323189,-1.019456417323189,1.0,False,1.0,-0.5657980364905775,1.0,chem
CPC005 A375 24H-am 281-10.0,am 281,A375,24H,10.0,40,25,0,0,1.0,1.0,0.0,0.0,-0.0,-0.0,0.0,1.0,False,1.0,-0.5657980364905775,1.0,chem
CPC005 A375 24H-daphnetin-10.0,daphnetin,A375,24H,10.0,63,69,0,0,1.0,1.0,0.0,0.0,-0.0,0.7554151635242407,-0.7554151635242407,1.0,False,1.0,-0.5657980364905775,1.0,chem
CPC005 A375 24H-methoxsalen-10.0,methoxsalen,A375,24H,10.0,62,50,0,0,1.0,1.0,0.0,0.0,-0.0,1.5388400118595507,-1.5388400118595507,1.0,False,1.0,-0.5657980364905775,1.0,chem
CPC005 A375 24H-mbcq-10.0,mbcq,A375,24H,10.0,64,45,0,1,1.0,0.163947870305798,0.0,5.969187675070028,0.7852942204734046,-0.0,0.7852942204734046,0.4603995186109855,True,1.0,1.0375298166249614,0.1449516827724092,chem
CPC005 A375 24H-ml 9 hydrochloride-10.0,ml 9 hydrochloride,A375,24H,10.0,68,29,1,0,0.11037386480255901,1.0,9.17142857142857,0.0,0.9571337501189711,-0.0,0.9571337501189711,0.353624828228642,True,1.0,1.388372974468297,0.0943018993668777,chem
CPC005 A375 24H-thapsigargin-10.0,thapsigargin,A375,24H,10.0,170,200,0,0,1.0,1.0,0.0,0.0,-0.0,1.279135656134559,-1.279135656134559,1.0,False,1.0,-0.5657980364905775,1.0,chem
CPC005 A375 24H-manumycin a-10.0,manumycin a,A375,24H,10.0,227,150,0,0,1.0,1.0,0.0,0.0,-0.0,0.6806436666456405,-0.6806436666456405,1.0,False,1.0,-0.5657980364905775,1.0,chem
CPC005 A375 24H-zamifenacin fumarate-10.0,zamifenacin fumarate,A375,24H,10.0,42,26,0,0,1.0,1.0,0.0,0.0,-0.0,-0.0,0.0,1.0,False,1.0,-0.5657980364905775,1.0,chem
CPC005 A375 24H-sb 258585 hydrochloride-10.0,sb 258585 hydrochloride,A375,24H,10.0,50,36,1,0,0.13520538753090064,1.0,7.329142857142857,0.0,0.8690060027115124,-0.0,0.8690060027115124,0.40574599594107874,True,1.0,1.208443378188409,0.11729423525491503,chem
CPC005 A375 24H-tcs 359-10.0,tcs 359,A375,24H,10.0,17,82,0,0,1.0,1.0,0.0,0.0,-0.0,-0.0,0.0,1.0,False,1.0,-0.5657980364905775,1.0,chem
CPC005 A375 24H-vorinostat-10.0,vorinostat,A375,24H,10.0,158,189,0,1,1.0,0.3593918656930588,0.0,2.3600599475458974,0.444431756733436,-0.0,0.444431756733436,0.7271726339996092,True,1.0,0.34159411768855774,0.2772409196934355,chem
CPC005 A375 24H-dipropyldopamine-10.0,dipropyldopamine,A375,24H,10.0,113,36,0,1,1.0,0.2719420510530222,0.0,3.331932773109244,0.5655236312200661,0.4342635001238334,0.1312601310962327,0.62605582085956,True,1.0,0.5888262634101245,0.2332555814728424,chem
CPC005 A375 24H-trequinsin hydrochloride-10.0,trequinsin hydrochloride,A375,24H,10.0,42,31,0,0,1.0,1.0,0.0,0.0,-0.0,-0.0,0.0,1.0,False,1.0,-0.5657980364905775,1.0,chem
CPC005 A375 24H-bmy 45778-10.0,bmy 45778,A375,24H,10.0,61,46,0,0,1.0,1.0,0.0,0.0,-0.0,0.6604243160213854,-0.6604243160213854,1.0,False,1.0,-0.5657980364905775,1.0,chem
CPC005 A375 24H-liothyronine (l- isomer) sodium-10.0,liothyronine (l- isomer) sodium,A375,24H,10.0,34,57,0,0,1.0,1.0,0.0,0.0,-0.0,-0.0,0.0,1.0,False,1.0,-0.5657980364905775,1.0,chem
CPC005 A375 24H-trifluoperazine dihydrochloride-10.0,trifluoperazine dihydrochloride,A375,24H,10.0,26,14,0,1,1.0,0.06996231499774386,0.0,15.131764705882352,1.1551358284942217,-0.0,1.1551358284942217,0.25604797821898645,True,1.0,1.7926319629559841,0.06731089636787738,chem
CPC005 A375 24H-ala-ala-phe-cmk-10.0,ala-ala-phe-cmk,A375,24H,10.0,83,32,0,0,1.0,1.0,0.0,0.0,-0.0,-0.0,0.0,1.0,False,1.0,-0.5657980364905775,1.0,chem
"CPC005 A375 24H-vegf receptor 3 kinase inhibitor, maz51-10.0","vegf receptor 3 kinase inhibitor, maz51",A375,24H,10.0,93,94,0,0,1.0,1.0,0.0,0.0,-0.0,0.5030148154057824,-0.5030148154057824,1.0,False,1.0,-0.5657980364905775,1.0,chem
CPC005 A375 24H-n-ethylmaleimide-10.0,n-ethylmaleimide,A375,24H,10.0,35,31,0,1,1.0,0.09308361149960875,0.0,11.110726643598616,1.0311267751067914,-0.0,1.0311267751067914,0.31408804084501035,True,1.0,1.539443840401487,0.08330556481172942,chem
CPC005 A375 24H-hexylresorcinol-10.0,hexylresorcinol,A375,24H,10.0,55,34,0,1,1.0,0.14253549916594765,0.0,6.973856209150327,0.8460769590107509,-0.0,0.8460769590107509,0.42021805492144515,True,1.0,1.1616293644693567,0.12662445851382872,chem
CPC005 A375 6H-hydrocortisone hemisuccinate-10.0,hydrocortisone hemisuccinate,A375,6H,10.0,52,47,0,1,1.0,0.13528368405107447,0.0,7.387543252595155,0.868754578523359,0.7224238932797868,0.14633068524357218,0.4059026415009191,True,1.0,1.2079300477788584,0.11929356881039653,chem
CPC005 A375 6H-rhodomyrtoxin b-10.0,rhodomyrtoxin b,A375,6H,10.0,123,59,0,0,1.0,1.0,0.0,0.0,-0.0,1.2231148120833943,-1.2231148120833943,1.0,False,1.0,-0.5657980364905775,1.0,chem
CPC005 A375 6H-amyleine hydrochloride-10.0,amyleine hydrochloride,A375,6H,10.0,31,36,0,1,1.0,0.08287531958572758,0.0,12.6,1.0815747838474978,-0.0,1.0815747838474978,0.2892695051033642,True,1.0,1.6424430672383155,0.07597467510829724,chem
CPC005 A375 6H-fluocinonide-10.0,fluocinonide,A375,6H,10.0,42,47,0,0,1.0,1.0,0.0,0.0,-0.0,-0.0,0.0,1.0,False,1.0,-0.5657980364905775,1.0,chem
CPC005 A375 6H-isoxsuprine hydrochloride-10.0,isoxsuprine hydrochloride,A375,6H,10.0,90,13,0,0,1.0,1.0,0.0,0.0,-0.0,-0.0,0.0,1.0,False,1.0,-0.5657980364905775,1.0,chem
CPC005 A375 6H-etoposide-10.0,etoposide,A375,6H,10.0,215,116,0,0,1.0,1.0,0.0,0.0,-0.0,-0.0,0.0,1.0,False,1.0,-0.5657980364905775,1.0,chem
CPC005 A375 6H-trichostatin a-10.0,trichostatin a,A375,6H,10.0,233,161,1,1,0.48110085566069544,0.4834850590190618,1.572,1.5780933062880325,0.6333808129176159,0.6196749816379318,0.013705831279684166,0.5718393924152119,True,1.0,0.7273696355796236,0.2092635788070643,chem
CPC005 A375 6H-geldanamycin-10.0,geldanamycin,A375,6H,10.0,140,78,1,0,0.27077226419384126,1.0,3.3096103896103894,0.0,0.5673958234598213,0.3623015157324212,0.20509430772740012,0.6245300442583144,True,1.0,0.5926487007668858,0.23292235921359547,chem
CPC005 A375 6H-bvt 948-10.0,bvt 948,A375,6H,10.0,107,31,0,0,1.0,1.0,0.0,0.0,-0.0,-0.0,0.0,1.0,False,1.0,-0.5657980364905775,1.0,chem
CPC005 A375 6H-metergoline-10.0,metergoline,A375,6H,10.0,29,28,1,0,0.10677101752605844,1.0,9.512592592592593,0.0,0.9715466184374293,-0.0,0.9715466184374293,0.34562512538846096,True,1.0,1.4177995926908786,0.0923025658113962,chem
CPC005 A375 6H-triamcinolone diacetate-10.0,triamcinolone diacetate,A375,6H,10.0,32,26,0,0,1.0,1.0,0.0,0.0,-0.0,0.9168602948684945,-0.9168602948684945,1.0,False,1.0,-0.5657980364905775,1.0,chem
"CPC005 A375 6H-ici 204,448 hydrochloride-10.0","ici 204,448 hydrochloride",A375,6H,10.0,30,37,0,0,1.0,1.0,0.0,0.0,-0.0,1.9513582278226487,-1.9513582278226487,1.0,False,1.0,-0.5657980364905775,1.0,chem
CPC005 A375 6H-triamcinolone-10.0,triamcinolone,A375,6H,10.0,50,24,0,0,1.0,1.0,0.0,0.0,-0.0,1.1887656559771005,-1.1887656559771005,1.0,False,1.0,-0.5657980364905775,1.0,chem
CPC005 A375 6H-fludrocortisone acetate-10.0,fludrocortisone acetate,A375,6H,10.0,20,45,0,0,1.0,1.0,0.0,0.0,-0.0,-0.0,0.0,1.0,False,1.0,-0.5657980364905775,1.0,chem
CPC005 A375 6H-penicillic acid-10.0,penicillic acid,A375,6H,10.0,67,31,0,0,1.0,1.0,0.0,0.0,-0.0,-0.0,0.0,1.0,False,1.0,-0.5657980364905775,1.0,chem
CPC005 A375 6H-periplocymarin-10.0,periplocymarin,A375,6H,10.0,181,116,1,0,0.375626138373073,1.0,2.202782608695652,0.0,0.42524419447775813,0.28210464024168286,0.14313955423607527,0.7434245822704839,True,1.0,0.3024190515848354,0.2845718093968677,chem
CPC005 A375 6H-quinacrine dihydrochloride dihydrate-10.0,quinacrine dihydrochloride dihydrate,A375,6H,10.0,150,124,0,0,1.0,1.0,0.0,0.0,-0.0,1.4489779478168128,-1.4489779478168128,1.0,False,1.0,-0.5657980364905775,1.0,chem
CPC005 A375 6H-dihydro-7-desacetyldeoxygedunin-10.0,dihydro-7-desacetyldeoxygedunin,A375,6H,10.0,41,34,0,0,1.0,1.0,0.0,0.0,-0.0,0.816637018277212,-0.816637018277212,1.0,False,1.0,-0.5657980364905775,1.0,chem
CPC005 A375 6H-dipivefrin hydrochloride-10.0,dipivefrin hydrochloride,A375,6H,10.0,41,25,1,1,0.09587810025095982,0.10819504482113279,10.706666666666667,9.435294117647059,1.9840732085985944,-0.0,1.9840732085985944,0.05776500458051778,True,1.0,3.485065646230461,0.011996001332889037,chem
CPC005 A375 6H-calyculin a-10.0,calyculin a,A375,6H,10.0,71,26,0,0,1.0,1.0,0.0,0.0,-0.0,-0.0,0.0,1.0,False,1.0,-0.5657980364905775,1.0,chem
CPC005 A375 6H-citalopram hydrobromide-10.0,citalopram hydrobromide,A375,6H,10.0,34,37,0,0,1.0,1.0,0.0,0.0,-0.0,-0.0,0.0,1.0,False,1.0,-0.5657980364905775,1.0,chem
CPC005 A375 6H-trimeprazine tartrate-10.0,trimeprazine tartrate,A375,6H,10.0,48,24,0,0,1.0,1.0,0.0,0.0,-0.0,1.1887656559771005,-1.1887656559771005,1.0,False,1.0,-0.5657980364905775,1.0,chem
CPC005 A375 6H-tetrindole mesylate-10.0,tetrindole mesylate,A375,6H,10.0,89,58,0,0,1.0,1.0,0.0,0.0,-0.0,0.5189161834954105,-0.5189161834954105,1.0,False,1.0,-0.5657980364905775,1.0,chem
CPC005 A375 6H-tianeptine-10.0,tianeptine,A375,6H,10.0,58,19,0,0,1.0,1.0,0.0,0.0,-0.0,-0.0,0.0,1.0,False,1.0,-0.5657980364905775,1.0,chem
CPC005 A375 6H-cgp 54626 hydrochloride-10.0,cgp 54626 hydrochloride,A375,6H,10.0,74,22,0,1,1.0,0.18714677864101364,0.0,5.143432715551974,0.7278176439995865,0.5870388457838291,0.14077879821575734,0.5007789641472482,True,1.0,0.9201804288927504,0.16694435188270576,chem
CPC005 A375 6H-bntx maleate-10.0,bntx maleate,A375,6H,10.0,199,80,1,4,0.27668935646458487,0.0018887824388481912,3.2248101265822786,9.173626373626373,3.281825610550065,0.2544392457814302,3.0273863647686348,0.004471773712757433,True,1.0,6.134674567638348,0.0006664445184938354,chem
CPC005 A375 6H-ca-074-me-10.0,ca-074-me,A375,6H,10.0,89,26,0,0,1.0,1.0,0.0,0.0,-0.0,0.5189161834954105,-0.5189161834954105,1.0,False,1.0,-0.5657980364905775,1.0,chem
CPC005 A375 6H-bromocryptine mesylate-10.0,bromocryptine mesylate,A375,6H,10.0,36,43,0,0,1.0,1.0,0.0,0.0,-0.0,-0.0,0.0,1.0,False,1.0,-0.5657980364905775,1.0,chem
CPC005 A375 6H-helveticoside-10.0,helveticoside,A375,6H,10.0,72,53,0,0,1.0,1.0,0.0,0.0,-0.0,-0.0,0.0,1.0,False,1.0,-0.5657980364905775,1.0,chem
CPC005 A375 6H-dihydroergocristine-10.0,dihydroergocristine,A375,6H,10.0,76,46,0,0,1.0,1.0,0.0,0.0,-0.0,1.49569918041316,-1.49569918041316,1.0,False,1.0,-0.5657980364905775,1.0,chem
CPC005 A375 6H-cimaterol-10.0,cimaterol,A375,6H,10.0,47,43,1,1,0.15936974499723136,0.12306845276264378,6.100952380952381,8.19693094629156,1.7074473816534983,-0.0,1.7074473816534983,0.09672426377675065,True,1.0,2.920281286853895,0.021992669110296566,chem
CPC005 A375 6H-psb 36-10.0,psb 36,A375,6H,10.0,56,85,1,1,0.2912808052015777,0.14493997977274198,3.0304761904761905,6.845989304812834,1.3744999371574513,1.3672404822045872,0.007259454952864175,0.17583485227040713,True,1.0,2.2405056085580033,0.04665111629456848,chem
CPC005 A375 6H-articaine hydrochloride-10.0,articaine hydrochloride,A375,6H,10.0,43,29,0,0,1.0,1.0,0.0,0.0,-0.0,0.7975941222616931,-0.7975941222616931,1.0,False,1.0,-0.5657980364905775,1.0,chem
CPC005 A375 6H-sr 202-10.0,sr 202,A375,6H,10.0,43,25,0,0,1.0,1.0,0.0,0.0,-0.0,-0.0,0.0,1.0,False,1.0,-0.5657980364905775,1.0,chem
CPC005 A375 6H-lasalocid sodium-10.0,lasalocid sodium,A375,6H,10.0,49,35,0,0,1.0,1.0,0.0,0.0,-0.0,0.7457804576422037,-0.7457804576422037,1.0,False,1.0,-0.5657980364905775,1.0,chem
CPC005 A375 6H-wortmannin-10.0,wortmannin,A375,6H,10.0,142,109,0,1,1.0,0.329502428825324,0.0,2.634543178973717,0.4821413797906146,-0.0,0.4821413797906146,0.6953066522222757,True,1.0,0.4185855018115866,0.263245584805065,chem
CPC005 A375 6H-sdm25n hydrochloride-10.0,sdm25n hydrochloride,A375,6H,10.0,42,39,0,0,1.0,1.0,0.0,0.0,-0.0,0.9863854370713357,-0.9863854370713357,1.0,False,1.0,-0.5657980364905775,1.0,chem
CPC005 A375 6H-doxorubicin hydrochloride-10.0,doxorubicin hydrochloride,A375,6H,10.0,96,187,2,0,0.17217677590274955,1.0,2.821171171171171,0.0,0.7640254288259474,0.49161524607514395,0.2724101827508034,0.4750759388542888,True,1.0,0.9941055239695002,0.15394868377207596,chem
CPC005 A375 6H-fluocinolone acetonide-10.0,fluocinolone acetonide,A375,6H,10.0,70,90,0,1,1.0,0.17794113953728358,0.0,5.445012787723785,0.7497236325315533,1.4990551273610708,-0.7493314948295176,0.4851213664792767,True,1.0,0.9649056804579011,0.15961346217927358,chem
CPC005 A375 6H-cercosporin-10.0,cercosporin,A375,6H,10.0,204,41,0,0,1.0,1.0,0.0,0.0,-0.0,0.2473868889771503,-0.2473868889771503,1.0,False,1.0,-0.5657980364905775,1.0,chem
CPC005 A375 6H-simvastatin-10.0,simvastatin,A375,6H,10.0,50,36,0,0,1.0,1.0,0.0,0.0,-0.0,-0.0,0.0,1.0,False,1.0,-0.5657980364905775,1.0,chem
CPC005 A375 6H-thioridazine hydrochloride-10.0,thioridazine hydrochloride,A375,6H,10.0,52,40,0,0,1.0,1.0,0.0,0.0,-0.0,-0.0,0.0,1.0,False,1.0,-0.5657980364905775,1.0,chem
"CPC005 A375 6H-hydroxytacrine maleate (r,s)-10.0","hydroxytacrine maleate (r,s)",A375,6H,10.0,28,23,0,0,1.0,1.0,0.0,0.0,-0.0,-0.0,0.0,1.0,False,1.0,-0.5657980364905775,1.0,chem
CPC005 A375 6H-dihydrexidine hydrochloride-10.0,dihydrexidine hydrochloride,A375,6H,10.0,62,23,0,1,1.0,0.15923366916048404,0.0,6.166827386692382,0.7979650974991642,0.654174227302204,0.14379087019696024,0.451806832374428,True,1.0,1.0633998275446332,0.13962012662445852,chem
CPC005 A375 6H-maprotiline hydrochloride-10.0,maprotiline hydrochloride,A375,6H,10.0,42,27,0,0,1.0,1.0,0.0,0.0,-0.0,-0.0,0.0,1.0,False,1.0,-0.5657980364905775,1.0,chem
"CPC005 A375 6H-tamoxifen, 4-hydroxy-, (z)--10.0","tamoxifen, 4-hydroxy-, (z)-",A375,6H,10.0,55,28,0,0,1.0,1.0,0.0,0.0,-0.0,1.8245937008588031,-1.8245937008588031,1.0,False,1.0,-0.5657980364905775,1.0,chem
CPC005 A375 6H-linoleic acid-10.0,linoleic acid,A375,6H,10.0,43,27,0,0,1.0,1.0,0.0,0.0,-0.0,-0.0,0.0,1.0,False,1.0,-0.5657980364905775,1.0,chem
CPC005 A375 6H-gsk-3 inhibitor ii-10.0,gsk-3 inhibitor ii,A375,6H,10.0,64,20,0,0,1.0,1.0,0.0,0.0,-0.0,1.57111657556469,-1.57111657556469,1.0,False,1.0,-0.5657980364905775,1.0,chem
CPC005 A375 6H-digitoxigenin-10.0,digitoxigenin,A375,6H,10.0,158,102,2,1,0.06253361195076748,0.3593918656930588,5.29,2.3600599475458974,1.648318242414136,0.8808121725311782,0.7675060698829579,0.10777200530004838,True,1.0,2.7995578772048777,0.023992002665778073,chem
CPC005 A375 6H-dihomo-gamma-linolenic acid-10.0,dihomo-gamma-linolenic acid,A375,6H,10.0,32,32,0,0,1.0,1.0,0.0,0.0,-0.0,-0.0,0.0,1.0,False,1.0,-0.5657980364905775,1.0,chem
CPC005 A375 6H-phenamil-10.0,phenamil,A375,6H,10.0,37,16,0,0,1.0,1.0,0.0,0.0,-0.0,-0.0,0.0,1.0,False,1.0,-0.5657980364905775,1.0,chem
CPC005 A375 6H-mitoxantrone dihydrochloride-10.0,mitoxantrone dihydrochloride,A375,6H,10.0,69,188,0,1,1.0,0.1756243931010335,0.0,5.525951557093426,0.7554151635242407,0.6133860774839782,0.14202908604026243,0.48110681381209774,True,1.0,0.9765260259660405,0.1582805731422859,chem
CPC005 A375 6H-oxotremorine sesquifumarate-10.0,oxotremorine sesquifumarate,A375,6H,10.0,36,22,0,0,1.0,1.0,0.0,0.0,-0.0,-0.0,0.0,1.0,False,1.0,-0.5657980364905775,1.0,chem
CPC005 A375 6H-sb 203186 hydrochloride-10.0,sb 203186 hydrochloride,A375,6H,10.0,29,46,0,0,1.0,1.0,0.0,0.0,-0.0,-0.0,0.0,1.0,False,1.0,-0.5657980364905775,1.0,chem
CPC005 A375 6H-ly-294002-10.0,ly-294002,A375,6H,10.0,59,38,1,0,0.1421768062942022,1.0,6.930810810810811,0.0,0.8471712455191108,-0.0,0.8471712455191108,0.4195188106050489,True,1.0,1.1638635589819364,0.12562479173608798,chem
CPC005 A375 6H-splitomicin-10.0,splitomicin,A375,6H,10.0,56,37,0,0,1.0,1.0,0.0,0.0,-0.0,1.6795867246469722,-1.6795867246469722,1.0,False,1.0,-0.5657980364905775,1.0,chem
CPC005 A375 6H-BRD-K31342827-10.0,brd-k31342827,A375,6H,10.0,81,76,0,0,1.0,1.0,0.0,0.0,-0.0,1.2707637889932388,-1.2707637889932388,1.0,False,1.0,-0.5657980364905775,1.0,chem
CPC005 A375 6H-i-ome-ag 538-10.0,i-ome-ag 538,A375,6H,10.0,64,55,0,2,1.0,0.013293708971882662,0.0,12.891129032258064,1.876353833105802,0.6420080707060773,1.2343457623997247,0.07072870486745972,True,1.0,3.2651360064278276,0.014661779406864379,chem
CPC005 A375 6H-sb 206553 hydrochloride-10.0,sb 206553 hydrochloride,A375,6H,10.0,80,52,1,1,0.18948555439160833,0.20077287697796306,5.017254901960785,4.748324646314222,1.4197188510140935,-0.0,1.4197188510140935,0.16240884981759032,True,1.0,2.3328286413574557,0.04131956014661779,chem
CPC005 A375 6H-paxilline-10.0,paxilline,A375,6H,10.0,55,41,1,0,0.1525327083921917,1.0,6.408,0.0,0.816637018277212,2.9511430815018533,-2.1345060632246415,0.4393515867377291,True,1.0,1.1015221132741315,0.13628790403198934,chem
CPC005 A375 6H-gw 5074-10.0,gw 5074,A375,6H,10.0,33,39,1,0,0.14564222006616478,1.0,6.747368421052632,0.0,0.8367127096121924,-0.0,0.8367127096121924,0.42623684344579826,True,1.0,1.142510464198859,0.12862379206931024,chem
CPC005 A375 6H-zm 39923 hydrochloride-10.0,zm 39923 hydrochloride,A375,6H,10.0,39,25,0,0,1.0,1.0,0.0,0.0,-0.0,-0.0,0.0,1.0,False,1.0,-0.5657980364905775,1.0,chem
CPC005 A375 6H-rho-kinase inhibitor ii-10.0,rho-kinase inhibitor ii,A375,6H,10.0,68,29,0,0,1.0,1.0,0.0,0.0,-0.0,-0.0,0.0,1.0,False,1.0,-0.5657980364905775,1.0,chem
CPC005 A375 6H-ki 8751-10.0,ki 8751,A375,6H,10.0,108,28,0,0,1.0,1.0,0.0,0.0,-0.0,-0.0,0.0,1.0,False,1.0,-0.5657980364905775,1.0,chem
CPC005 A375 6H-dilazep dihydrochloride-10.0,dilazep dihydrochloride,A375,6H,10.0,42,43,0,0,1.0,1.0,0.0,0.0,-0.0,-0.0,0.0,1.0,False,1.0,-0.5657980364905775,1.0,chem
CPC005 A375 6H-pd 158780-10.0,pd 158780,A375,6H,10.0,84,17,0,0,1.0,1.0,0.0,0.0,-0.0,-0.0,0.0,1.0,False,1.0,-0.5657980364905775,1.0,chem
CPC005 A375 6H-bibu 1361 dihydrochloride-10.0,bibu 1361 dihydrochloride,A375,6H,10.0,92,52,0,0,1.0,1.0,0.0,0.0,-0.0,3.333190238258826,-3.333190238258826,1.0,False,1.0,-0.5657980364905775,1.0,chem
CPC005 A375 6H-e6 berbamine-10.0,e6 berbamine,A375,6H,10.0,43,23,0,0,1.0,1.0,0.0,0.0,-0.0,-0.0,0.0,1.0,False,1.0,-0.5657980364905775,1.0,chem
CPC005 A375 6H-purvalanol a-10.0,purvalanol a,A375,6H,10.0,176,148,1,0,0.45253371495963823,1.0,1.7145578231292518,0.0,0.3443490591649153,0.2904902538735102,0.05385880529140513,0.8113445345303775,True,1.0,0.13725621166167587,0.3015661446184605,chem
CPC005 A375 6H-pac 1-10.0,pac 1,A375,6H,10.0,113,38,0,0,1.0,1.0,0.0,0.0,-0.0,-0.0,0.0,1.0,False,1.0,-0.5657980364905775,1.0,chem
CPC005 A375 6H-indirubin-3-oxime-10.0,indirubin-3-oxime,A375,6H,10.0,83,29,0,1,1.0,0.2075047499425856,0.0,4.572453371592539,0.6829719575049308,0.544426570632047,0.13854538687288376,0.5338269372261669,True,1.0,0.8286194109017821,0.18693768743752082,chem
CPC005 A375 6H-cmpd-1-10.0,cmpd-1,A375,6H,10.0,37,31,0,0,1.0,1.0,0.0,0.0,-0.0,-0.0,0.0,1.0,False,1.0,-0.5657980364905775,1.0,chem
CPC005 A375 6H-anpirtoline hydrochloride-10.0,anpirtoline hydrochloride,A375,6H,10.0,37,58,0,0,1.0,1.0,0.0,0.0,-0.0,-0.0,0.0,1.0,False,1.0,-0.5657980364905775,1.0,chem
CPC005 A375 6H-tas 301-10.0,tas 301,A375,6H,10.0,23,19,0,0,1.0,1.0,0.0,0.0,-0.0,2.428774867318988,-2.428774867318988,1.0,False,1.0,-0.5657980364905775,1.0,chem
CPC005 A375 6H-calcipotriol-10.0,calcipotriol,A375,6H,10.0,62,22,0,0,1.0,1.0,0.0,0.0,-0.0,0.654174227302204,-0.654174227302204,1.0,False,1.0,-0.5657980364905775,1.0,chem
CPC005 A375 6H-bms 182874 hydrochloride-10.0,bms 182874 hydrochloride,A375,6H,10.0,68,24,0,0,1.0,1.0,0.0,0.0,-0.0,-0.0,0.0,1.0,False,1.0,-0.5657980364905775,1.0,chem
CPC005 A375 6H-indomethacin-10.0,indomethacin,A375,6H,10.0,39,19,0,0,1.0,1.0,0.0,0.0,-0.0,-0.0,0.0,1.0,False,1.0,-0.5657980364905775,1.0,chem
CPC005 A375 6H-ro 90-7501-10.0,ro 90-7501,A375,6H,10.0,67,36,0,0,1.0,1.0,0.0,0.0,-0.0,0.6245429220468399,-0.6245429220468399,1.0,False,1.0,-0.5657980364905775,1.0,chem
CPC005 A375 6H-am 281-10.0,am 281,A375,6H,10.0,45,28,0,0,1.0,1.0,0.0,0.0,-0.0,-0.0,0.0,1.0,False,1.0,-0.5657980364905775,1.0,chem
CPC005 A375 6H-mbcq-10.0,mbcq,A375,6H,10.0,43,27,0,0,1.0,1.0,0.0,0.0,-0.0,-0.0,0.0,1.0,False,1.0,-0.5657980364905775,1.0,chem
CPC005 A375 6H-etazolate hydrochloride-10.0,etazolate hydrochloride,A375,6H,10.0,76,26,0,0,1.0,1.0,0.0,0.0,-0.0,0.5770678440229255,-0.5770678440229255,1.0,False,1.0,-0.5657980364905775,1.0,chem
CPC005 A375 6H-nabumetone-10.0,nabumetone,A375,6H,10.0,30,57,1,0,0.20576544432692015,1.0,4.565714285714286,0.0,0.6866275576504163,-0.0,0.6866275576504163,0.5310843935060165,True,1.0,0.836083015472279,0.1846051316227924,chem
CPC005 A375 6H-ml 9 hydrochloride-10.0,ml 9 hydrochloride,A375,6H,10.0,30,27,0,0,1.0,1.0,0.0,0.0,-0.0,-0.0,0.0,1.0,False,1.0,-0.5657980364905775,1.0,chem
CPC005 A375 6H-manumycin a-10.0,manumycin a,A375,6H,10.0,167,48,0,1,1.0,0.3756470292992403,0.0,2.2289156626506026,0.42522004130858065,0.30645154886861137,0.11876849243996929,0.7434450372685251,True,1.0,0.30236973828559843,0.28490503165611464,chem
CPC005 A375 6H-nitrofurazone-10.0,nitrofurazone,A375,6H,10.0,68,20,0,0,1.0,1.0,0.0,0.0,-0.0,-0.0,0.0,1.0,False,1.0,-0.5657980364905775,1.0,chem
CPC005 A375 6H-vorinostat-10.0,vorinostat,A375,6H,10.0,255,134,0,0,1.0,1.0,0.0,0.0,-0.0,0.5634805717380871,-0.5634805717380871,1.0,False,1.0,-0.5657980364905775,1.0,chem
CPC005 A375 6H-dipropyldopamine-10.0,dipropyldopamine,A375,6H,10.0,23,45,0,1,1.0,0.06213229110944014,0.0,17.203208556149733,1.2066826316139636,-0.0,1.2066826316139636,0.23476620581076968,True,1.0,1.89787458798272,0.061312895701432855,chem
CPC005 A375 6H-trequinsin hydrochloride-10.0,trequinsin hydrochloride,A375,6H,10.0,63,24,1,0,0.09221882730677011,1.0,11.173913043478262,0.0,1.0351804047520146,0.6480366652921943,0.3871437394598203,0.31203079120467847,True,1.0,1.5477200980727621,0.08297234255248251,chem
CPC005 A375 6H-bmy 45778-10.0,bmy 45778,A375,6H,10.0,115,39,0,0,1.0,1.0,0.0,0.0,-0.0,0.4282180726280322,-0.4282180726280322,1.0,False,1.0,-0.5657980364905775,1.0,chem
CPC005 A375 6H-ala-ala-phe-cmk-10.0,ala-ala-phe-cmk,A375,6H,10.0,70,36,0,0,1.0,1.0,0.0,0.0,-0.0,3.5988637124764047,-3.5988637124764047,1.0,False,1.0,-0.5657980364905775,1.0,chem
"CPC005 A375 6H-vegf receptor 3 kinase inhibitor, maz51-10.0","vegf receptor 3 kinase inhibitor, maz51",A375,6H,10.0,26,51,0,0,1.0,1.0,0.0,0.0,-0.0,1.0020757218050245,-1.0020757218050245,1.0,False,1.0,-0.5657980364905775,1.0,chem
CPC005 A549 24H-hydrocortisone hemisuccinate-10.0,hydrocortisone hemisuccinate,A549,24H,10.0,69,69,1,0,0.24356446254161507,1.0,3.7529411764705882,0.0,0.6133860774839782,1.3688012410082189,-0.7554151635242407,0.5875684886535021,True,1.0,0.686546571560253,0.21726091302899034,chem
CPC005 A549 24H-rhodomyrtoxin b-10.0,rhodomyrtoxin b,A549,24H,10.0,130,128,1,2,0.40561098951967145,0.04963839238697178,1.9908661417322835,6.1796875,1.69607257906957,2.352845941374026,-0.656773362304456,0.09876374470662247,True,1.0,2.8970574589801736,0.022325891369543487,chem
CPC005 A549 24H-heliotrine-10.0,heliotrine,A549,24H,10.0,56,43,0,0,1.0,1.0,0.0,0.0,-0.0,-0.0,0.0,1.0,False,1.0,-0.5657980364905775,1.0,chem
CPC005 A549 24H-homatropine bromide-10.0,homatropine bromide,A549,24H,10.0,90,47,0,0,1.0,1.0,0.0,0.0,-0.0,-0.0,0.0,1.0,False,1.0,-0.5657980364905775,1.0,chem
CPC005 A549 24H-fluorometholone-10.0,fluorometholone,A549,24H,10.0,75,53,1,0,0.19276698939407128,1.0,4.92,0.0,0.7149673353265971,0.5820149725522035,0.1329523627743936,0.5101141040569566,True,1.0,0.8939440740598883,0.1732755748083972,chem
CPC005 A549 24H-fluocinonide-10.0,fluocinonide,A549,24H,10.0,81,78,0,0,1.0,1.0,0.0,0.0,-0.0,1.2605946391542546,-1.2605946391542546,1.0,False,1.0,-0.5657980364905775,1.0,chem
CPC005 A549 24H-ethopropazine hydrochloride-10.0,ethopropazine hydrochloride,A549,24H,10.0,59,74,0,0,1.0,1.0,0.0,0.0,-0.0,-0.0,0.0,1.0,False,1.0,-0.5657980364905775,1.0,chem
CPC005 A549 24H-isoxsuprine hydrochloride-10.0,isoxsuprine hydrochloride,A549,24H,10.0,34,34,1,0,0.12817950902771566,1.0,7.775757575757575,0.0,0.8921813962483026,-0.0,0.8921813962483026,0.3915016973124961,True,1.0,1.2557603620598166,0.11196267910696435,chem
CPC005 A549 24H-gelsemine-10.0,gelsemine,A549,24H,10.0,59,34,0,0,1.0,1.0,0.0,0.0,-0.0,-0.0,0.0,1.0,False,1.0,-0.5657980364905775,1.0,chem
CPC005 A549 24H-etoposide-10.0,etoposide,A549,24H,10.0,100,190,1,0,0.5397544917682187,1.0,1.3246560846560846,0.0,0.2678037348352612,0.8585602557031179,-0.5907565208678567,0.8725891807013338,True,1.0,-0.01902565992718211,0.3092302565811396,chem
CPC005 A549 24H-trichostatin a-10.0,trichostatin a,A549,24H,10.0,166,245,2,0,0.258129028639485,1.0,2.127914951989026,0.0,0.5881631528794476,0.6083771763189394,-0.020214023439491746,0.6077120642538549,True,1.0,0.6350491626896032,0.22592469176941019,chem
CPC005 A549 24H-geldanamycin-10.0,geldanamycin,A549,24H,10.0,126,156,1,1,0.4702873621205339,0.29829928128118294,1.624,2.9792941176470586,0.8529844847723518,-0.0,0.8529844847723518,0.4158185667424692,True,1.0,1.1757323951054557,0.12295901366211263,chem
CPC005 A549 24H-lomatin-10.0,lomatin,A549,24H,10.0,34,38,0,0,1.0,1.0,0.0,0.0,-0.0,-0.0,0.0,1.0,False,1.0,-0.5657980364905775,1.0,chem
CPC005 A549 24H-bvt 948-10.0,bvt 948,A549,24H,10.0,34,28,0,0,1.0,1.0,0.0,0.0,-0.0,-0.0,0.0,1.0,False,1.0,-0.5657980364905775,1.0,chem
CPC005 A549 24H-triamcinolone diacetate-10.0,triamcinolone diacetate,A549,24H,10.0,110,86,0,0,1.0,1.0,0.0,0.0,-0.0,-0.0,0.0,1.0,False,1.0,-0.5657980364905775,1.0,chem
CPC005 A549 24H-prozac-10.0,prozac,A549,24H,10.0,52,36,1,0,0.13520538753090064,1.0,7.329142857142857,0.0,0.8690060027115124,-0.0,0.8690060027115124,0.40574599594107874,True,1.0,1.208443378188409,0.11729423525491503,chem
CPC005 A549 24H-leucine enkephalin-10.0,leucine enkephalin,A549,24H,10.0,50,54,0,0,1.0,1.0,0.0,0.0,-0.0,0.7378238987619528,-0.7378238987619528,1.0,False,1.0,-0.5657980364905775,1.0,chem
CPC005 A549 24H-budesonide-10.0,budesonide,A549,24H,10.0,89,71,1,0,0.24969371631983528,1.0,3.6445714285714286,0.0,0.6025923867714367,-0.0,0.6025923867714367,0.5961488032452054,True,1.0,0.6645091943503459,0.22092635788070644,chem
CPC005 A549 24H-triamcinolone-10.0,triamcinolone,A549,24H,10.0,106,70,0,0,1.0,1.0,0.0,0.0,-0.0,-0.0,0.0,1.0,False,1.0,-0.5657980364905775,1.0,chem
CPC005 A549 24H-fludrocortisone acetate-10.0,fludrocortisone acetate,A549,24H,10.0,113,95,1,1,0.31961922299193307,0.2719420510530222,2.7038297872340427,3.331932773109244,1.0608907398388592,0.6309689071806411,0.42992183265821804,0.2992402057837656,True,1.0,1.6002126483589738,0.07864045318227257,chem
CPC005 A549 24H-pentobarbital-10.0,pentobarbital,A549,24H,10.0,193,100,0,0,1.0,1.0,0.0,0.0,-0.0,-0.0,0.0,1.0,False,1.0,-0.5657980364905775,1.0,chem
CPC005 A549 24H-dihydroergocristine mesylate-10.0,dihydroergocristine mesylate,A549,24H,10.0,52,59,0,0,1.0,1.0,0.0,0.0,-0.0,-0.0,0.0,1.0,False,1.0,-0.5657980364905775,1.0,chem
CPC005 A549 24H-periplocymarin-10.0,periplocymarin,A549,24H,10.0,97,97,1,1,0.3251546456094481,0.23821820348784972,2.6466666666666665,3.8970588235294117,1.110935091571953,-0.0,1.110935091571953,0.2755964432699744,True,1.0,1.7023877324649157,0.07197600799733422,chem
CPC005 A549 24H-quinacrine dihydrochloride dihydrate-10.0,quinacrine dihydrochloride dihydrate,A549,24H,10.0,42,65,0,0,1.0,1.0,0.0,0.0,-0.0,0.8069926680588373,-0.8069926680588373,1.0,False,1.0,-0.5657980364905775,1.0,chem
CPC005 A549 24H-hydrocortisone phosphate triethylamine-10.0,hydrocortisone phosphate triethylamine,A549,24H,10.0,60,35,1,0,0.1316992811962372,1.0,7.5458823529411765,0.0,0.8804165953750398,-0.0,0.8804165953750398,0.39868455868811536,True,1.0,1.231740278332358,0.11562812395868044,chem
CPC005 A549 24H-calyculin a-10.0,calyculin a,A549,24H,10.0,123,116,1,2,0.375626138373073,0.04492641616309104,2.202782608695652,6.544421487603306,1.7727424187218475,0.40528762798207185,1.3674547907397756,0.08575962323890625,True,1.0,3.053593552336742,0.019326891036321226,chem
CPC005 A549 24H-citalopram hydrobromide-10.0,citalopram hydrobromide,A549,24H,10.0,33,40,1,0,0.14909417069216008,1.0,6.573333333333333,0.0,0.8265393363304978,-0.0,0.8265393363304978,0.43284679023867423,True,1.0,1.1217395832762296,0.13328890369876709,chem
CPC005 A549 24H-trimeprazine tartrate-10.0,trimeprazine tartrate,A549,24H,10.0,60,18,0,1,1.0,0.15449437092896082,0.0,6.377866400797608,0.8110873396632657,-0.0,0.8110873396632657,0.4430276899814367,True,1.0,1.0901913864387607,0.13662112629123627,chem
CPC005 A549 24H-mdl 73005ef hydrochloride-10.0,mdl 73005ef hydrochloride,A549,24H,10.0,66,25,1,0,0.09587810025095982,1.0,10.706666666666667,0.0,1.0182805797562287,-0.0,1.0182805797562287,0.32068134223924377,True,1.0,1.5132158837004888,0.08597134288570477,chem
CPC005 A549 24H-tetrindole mesylate-10.0,tetrindole mesylate,A549,24H,10.0,72,31,0,1,1.0,0.182556197735727,0.0,5.289975144987572,0.7386034182785609,0.5973253186880723,0.14127809959048865,0.4930290158213655,True,1.0,0.9422016431944066,0.16294568477174276,chem
CPC005 A549 24H-bntx maleate-10.0,bntx maleate,A549,24H,10.0,74,99,0,1,1.0,0.18714677864101364,0.0,5.143432715551974,0.7278176439995865,1.2023039150701846,-0.47448627107059815,0.5007789641472482,True,1.0,0.9201804288927504,0.16694435188270576,chem
CPC005 A549 24H-n-formylmethionylalanine-10.0,n-formylmethionylalanine,A549,24H,10.0,60,44,0,1,1.0,0.15449437092896082,0.0,6.377866400797608,0.8110873396632657,0.9368120055423965,-0.12572466587913078,0.4430276899814367,True,1.0,1.0901913864387607,0.13662112629123627,chem
CPC005 A549 24H-helveticoside-10.0,helveticoside,A549,24H,10.0,125,119,0,1,1.0,0.296304238959758,0.0,3.0037950664136623,0.5282621354127488,0.9461909574253408,-0.41792882201259196,0.6567193870380168,True,1.0,0.5127498164949736,0.2465844718427191,chem
CPC005 A549 24H-hydrocortisone acetate-10.0,hydrocortisone acetate,A549,24H,10.0,161,119,0,0,1.0,1.0,0.0,0.0,-0.0,0.5463437922311117,-0.5463437922311117,1.0,False,1.0,-0.5657980364905775,1.0,chem
CPC005 A549 24H-psb 36-10.0,psb 36,A549,24H,10.0,52,18,0,0,1.0,1.0,0.0,0.0,-0.0,1.3103029095047494,-1.3103029095047494,1.0,False,1.0,-0.5657980364905775,1.0,chem
CPC005 A549 24H-lasalocid sodium-10.0,lasalocid sodium,A549,24H,10.0,119,127,1,0,0.40316610512282164,1.0,2.006984126984127,0.0,0.39451598692187906,0.9389717810629081,-0.5444557941410291,0.7694048681827055,True,1.0,0.23968155808723135,0.29323558813728756,chem
CPC005 A549 24H-wortmannin-10.0,wortmannin,A549,24H,10.0,82,176,2,0,0.15650497893895235,1.0,3.0047892720306515,0.0,0.8054718415595965,0.40725482374389016,0.39821701781570634,0.44676966995403744,True,1.0,1.0787262765678352,0.137620793068977,chem
CPC005 A549 24H-sdm25n hydrochloride-10.0,sdm25n hydrochloride,A549,24H,10.0,73,55,0,0,1.0,1.0,0.0,0.0,-0.0,0.8460769590107509,-0.8460769590107509,1.0,False,1.0,-0.5657980364905775,1.0,chem
CPC005 A549 24H-fluocinolone acetonide-10.0,fluocinolone acetonide,A549,24H,10.0,108,76,0,0,1.0,1.0,0.0,0.0,-0.0,-0.0,0.0,1.0,False,1.0,-0.5657980364905775,1.0,chem
CPC005 A549 24H-cercosporin-10.0,cercosporin,A549,24H,10.0,136,211,1,0,0.5781906911142227,1.0,1.1881904761904762,0.0,0.23792890476198866,1.311013246081522,-1.0730843413195335,0.8949533570304582,True,1.0,-0.0800208206131938,0.3112295901366211,chem
CPC005 A549 24H-simvastatin-10.0,simvastatin,A549,24H,10.0,59,28,0,0,1.0,1.0,0.0,0.0,-0.0,-0.0,0.0,1.0,False,1.0,-0.5657980364905775,1.0,chem
CPC005 A549 24H-BRD-A82238138 (budesonide)-10.0,brd-a82238138 (budesonide),A549,24H,10.0,93,66,0,0,1.0,1.0,0.0,0.0,-0.0,0.5030148154057824,-0.5030148154057824,1.0,False,1.0,-0.5657980364905775,1.0,chem
CPC005 A549 24H-chromanol 293b-10.0,chromanol 293b,A549,24H,10.0,42,35,0,0,1.0,1.0,0.0,0.0,-0.0,-0.0,0.0,1.0,False,1.0,-0.5657980364905775,1.0,chem
CPC005 A549 24H-naltrexone hydrochloride-10.0,naltrexone hydrochloride,A549,24H,10.0,142,98,1,0,0.32790609287527117,1.0,2.6189690721649486,0.0,0.484250513560811,0.35768938883102475,0.12656112472978626,0.6935305723268488,True,1.0,0.42289170047132446,0.26257914028657114,chem
CPC005 A549 24H-thioridazine hydrochloride-10.0,thioridazine hydrochloride,A549,24H,10.0,81,35,0,2,1.0,0.020778029128145664,0.0,10.090189873417721,1.682395649241019,-0.0,1.682395649241019,0.10126918722852143,True,1.0,2.8691333994779873,0.02299233588803732,chem
CPC005 A549 24H-triamcinolone acetonide-10.0,triamcinolone acetonide,A549,24H,10.0,118,71,0,0,1.0,1.0,0.0,0.0,-0.0,1.1635118332733092,-1.1635118332733092,1.0,False,1.0,-0.5657980364905775,1.0,chem
CPC005 A549 24H-tocainide hydrochloride-10.0,tocainide hydrochloride,A549,24H,10.0,49,48,0,1,1.0,0.12797397276504582,0.0,7.852941176470588,0.8928783478043839,-0.0,0.8928783478043839,0.3910792944436949,True,1.0,1.257183321522658,0.11129623458847052,chem
"CPC005 A549 24H-tamoxifen, 4-hydroxy-, (z)--10.0","tamoxifen, 4-hydroxy-, (z)-",A549,24H,10.0,86,33,0,0,1.0,1.0,0.0,0.0,-0.0,-0.0,0.0,1.0,False,1.0,-0.5657980364905775,1.0,chem
CPC005 A549 24H-fgin-1-27-10.0,fgin-1-27,A549,24H,10.0,85,38,0,0,1.0,1.0,0.0,0.0,-0.0,0.5356881335312719,-0.5356881335312719,1.0,False,1.0,-0.5657980364905775,1.0,chem
CPC005 A549 24H-triprolidine hydrochloride-10.0,triprolidine hydrochloride,A549,24H,10.0,37,38,0,0,1.0,1.0,0.0,0.0,-0.0,-0.0,0.0,1.0,False,1.0,-0.5657980364905775,1.0,chem
CPC005 A549 24H-pepstatin a-10.0,pepstatin a,A549,24H,10.0,57,47,0,0,1.0,1.0,0.0,0.0,-0.0,-0.0,0.0,1.0,False,1.0,-0.5657980364905775,1.0,chem
"CPC005 A549 24H-l-168,049-10.0","l-168,049",A549,24H,10.0,67,29,0,0,1.0,1.0,0.0,0.0,-0.0,1.5342019725085818,-1.5342019725085818,1.0,False,1.0,-0.5657980364905775,1.0,chem
CPC005 A549 24H-digitoxigenin-10.0,digitoxigenin,A549,24H,10.0,149,152,1,1,0.46148088201397686,0.3427375828777599,1.6680794701986754,2.507154213036566,0.8008845564001865,0.800199231882966,0.0006853245172204758,0.4498430811126537,True,1.0,1.0693604594326578,0.13895368210596468,chem
CPC005 A549 24H-megestrol acetate-10.0,megestrol acetate,A549,24H,10.0,48,52,0,0,1.0,1.0,0.0,0.0,-0.0,0.868754578523359,-0.868754578523359,1.0,False,1.0,-0.5657980364905775,1.0,chem
CPC005 A549 24H-dihomo-gamma-linolenic acid-10.0,dihomo-gamma-linolenic acid,A549,24H,10.0,56,57,0,0,1.0,1.0,0.0,0.0,-0.0,-0.0,0.0,1.0,False,1.0,-0.5657980364905775,1.0,chem
CPC005 A549 24H-mitoxantrone dihydrochloride-10.0,mitoxantrone dihydrochloride,A549,24H,10.0,120,135,1,1,0.4224575265499016,0.28624841260768874,1.884776119402985,3.1324765200197726,0.9174738610731105,0.913952394493944,0.00352146657916641,0.37639521967039313,True,1.0,1.307399750546737,0.10429856714428523,chem
CPC005 A549 24H-ly-294002-10.0,ly-294002,A549,24H,10.0,42,31,0,0,1.0,1.0,0.0,0.0,-0.0,0.8069926680588373,-0.8069926680588373,1.0,False,1.0,-0.5657980364905775,1.0,chem
CPC005 A549 24H-BRD-K31342827-10.0,brd-k31342827,A549,24H,10.0,86,45,0,0,1.0,1.0,0.0,0.0,-0.0,1.4590236078242262,-1.4590236078242262,1.0,False,1.0,-0.5657980364905775,1.0,chem
CPC005 A549 24H-chelidonine (+)-10.0,chelidonine (+),A549,24H,10.0,152,125,0,0,1.0,1.0,0.0,0.0,-0.0,1.6533428515498192,-1.6533428515498192,1.0,False,1.0,-0.5657980364905775,1.0,chem
CPC005 A549 24H-rlm-1-127-10.0,rlm-1-127,A549,24H,10.0,36,55,0,1,1.0,0.09561886464342098,0.0,10.791596638655463,1.019456417323189,-0.0,1.019456417323189,0.3200731675180507,True,1.0,1.5156165802454227,0.0846384538487171,chem
CPC005 A549 24H-ki 8751-10.0,ki 8751,A549,24H,10.0,124,46,0,1,1.0,0.2943038403971042,0.0,3.028694404591105,0.5312040707159222,1.3211848486174118,-0.7899807779014896,0.6542793974457379,True,1.0,0.5187563382427058,0.24625124958347216,chem
CPC005 A549 24H-dilazep dihydrochloride-10.0,dilazep dihydrochloride,A549,24H,10.0,62,40,0,0,1.0,1.0,0.0,0.0,-0.0,0.654174227302204,-0.654174227302204,1.0,False,1.0,-0.5657980364905775,1.0,chem
CPC005 A549 24H-bibu 1361 dihydrochloride-10.0,bibu 1361 dihydrochloride,A549,24H,10.0,86,42,0,0,1.0,1.0,0.0,0.0,-0.0,-0.0,0.0,1.0,False,1.0,-0.5657980364905775,1.0,chem
CPC005 A549 24H-e6 berbamine-10.0,e6 berbamine,A549,24H,10.0,82,22,0,1,1.0,0.20526676523894072,0.0,4.62962962962963,0.6876813615975087,1.774310068466125,-1.0866287068686162,0.5302953679317949,True,1.0,0.8382345571187689,0.18327224258580474,chem
CPC005 A549 24H-purvalanol a-10.0,purvalanol a,A549,24H,10.0,65,82,1,0,0.28256026853690286,1.0,3.1441975308641976,0.0,0.5488889053617282,-0.0,0.5488889053617282,0.6396778533983358,True,1.0,0.5548632994632662,0.24191936021326224,chem
CPC005 A549 24H-pac 1-10.0,pac 1,A549,24H,10.0,55,21,0,0,1.0,1.0,0.0,0.0,-0.0,1.945568784671666,-1.945568784671666,1.0,False,1.0,-0.5657980364905775,1.0,chem
CPC005 A549 24H-gr 103691-10.0,gr 103691,A549,24H,10.0,83,57,0,0,1.0,1.0,0.0,0.0,-0.0,-0.0,0.0,1.0,False,1.0,-0.5657980364905775,1.0,chem
CPC005 A549 24H-estropipate-10.0,estropipate,A549,24H,10.0,36,56,1,1,0.20253482817430737,0.09561886464342098,4.649454545454545,10.791596638655463,1.712956701459786,-0.0,1.712956701459786,0.09575067362412382,True,1.0,2.93152961348976,0.021992669110296566,chem
CPC005 A549 24H-sc 19220-10.0,sc 19220,A549,24H,10.0,64,38,0,0,1.0,1.0,0.0,0.0,-0.0,-0.0,0.0,1.0,False,1.0,-0.5657980364905775,1.0,chem
CPC005 A549 24H-indirubin-3-oxime-10.0,indirubin-3-oxime,A549,24H,10.0,77,90,0,0,1.0,1.0,0.0,0.0,-0.0,1.2238812484989934,-1.2238812484989934,1.0,False,1.0,-0.5657980364905775,1.0,chem
CPC005 A549 24H-cmpd-1-10.0,cmpd-1,A549,24H,10.0,103,110,1,1,0.3600934845839661,0.2510339270372992,2.3262385321100916,3.6643598615916955,1.0438523165382643,0.4666063481378156,0.5772459684004487,0.3076670158674458,True,1.0,1.5654254591261942,0.08130623125624792,chem
CPC005 A549 24H-fluphenazine dihydrochloride-10.0,fluphenazine dihydrochloride,A549,24H,10.0,28,7,0,1,1.0,0.07514798705268462,0.0,14.006535947712418,1.1240826481259065,1.7142232782006543,-0.5901406300747478,0.26965321750673193,True,1.0,1.7292309755116528,0.06997667444185271,chem
CPC005 A549 24H-calcipotriol-10.0,calcipotriol,A549,24H,10.0,49,45,0,0,1.0,1.0,0.0,0.0,-0.0,-0.0,0.0,1.0,False,1.0,-0.5657980364905775,1.0,chem
CPC005 A549 24H-propentofylline-10.0,propentofylline,A549,24H,10.0,49,40,0,0,1.0,1.0,0.0,0.0,-0.0,-0.0,0.0,1.0,False,1.0,-0.5657980364905775,1.0,chem
CPC005 A549 24H-linopirdine dihydrochloride-10.0,linopirdine dihydrochloride,A549,24H,10.0,45,30,0,0,1.0,1.0,0.0,0.0,-0.0,0.7794899098274045,-0.7794899098274045,1.0,False,1.0,-0.5657980364905775,1.0,chem
CPC005 A549 24H-methoxsalen-10.0,methoxsalen,A549,24H,10.0,116,95,1,0,0.31961922299193307,1.0,2.7038297872340427,0.0,0.49536710861879296,-0.0,0.49536710861879296,0.6841848736044825,True,1.0,0.4455883484582717,0.25924691769410196,chem
CPC005 A549 24H-thapsigargin-10.0,thapsigargin,A549,24H,10.0,112,182,0,0,1.0,1.0,0.0,0.0,-0.0,2.3212359339139423,-2.3212359339139423,1.0,False,1.0,-0.5657980364905775,1.0,chem
CPC005 A549 24H-manumycin a-10.0,manumycin a,A549,24H,10.0,26,23,0,0,1.0,1.0,0.0,0.0,-0.0,-0.0,0.0,1.0,False,1.0,-0.5657980364905775,1.0,chem
CPC005 A549 24H-sb 258585 hydrochloride-10.0,sb 258585 hydrochloride,A549,24H,10.0,77,54,0,0,1.0,1.0,0.0,0.0,-0.0,-0.0,0.0,1.0,False,1.0,-0.5657980364905775,1.0,chem
CPC005 A549 24H-vorinostat-10.0,vorinostat,A549,24H,10.0,147,188,2,0,0.17361553515261482,1.0,2.8055555555555554,0.0,0.7604114166641741,0.7315473610982424,0.028864055565931745,0.4776010577449066,True,1.0,0.9867268291957424,0.15728090636454514,chem
CPC005 A549 24H-dipropyldopamine-10.0,dipropyldopamine,A549,24H,10.0,92,73,1,0,0.25577520118246594,1.0,3.542222222222222,0.0,0.5921415650633886,0.5069127521727649,0.08522881289062367,0.6045135210175503,True,1.0,0.6431718495748338,0.2242585804731756,chem
CPC005 A549 24H-trifluoperazine dihydrochloride-10.0,trifluoperazine dihydrochloride,A549,24H,10.0,7,6,0,0,1.0,1.0,0.0,0.0,-0.0,1.7806003593141566,-1.7806003593141566,1.0,False,1.0,-0.5657980364905775,1.0,chem
CPC005 A549 24H-ala-ala-phe-cmk-10.0,ala-ala-phe-cmk,A549,24H,10.0,68,53,0,0,1.0,1.0,0.0,0.0,-0.0,0.8610428245735234,-0.8610428245735234,1.0,False,1.0,-0.5657980364905775,1.0,chem
"CPC005 A549 24H-vegf receptor 3 kinase inhibitor, maz51-10.0","vegf receptor 3 kinase inhibitor, maz51",A549,24H,10.0,69,83,0,1,1.0,0.1756243931010335,0.0,5.525951557093426,0.7554151635242407,0.6133860774839782,0.14202908604026243,0.48110681381209774,True,1.0,0.9765260259660405,0.1582805731422859,chem
"CPC005 A549 6H-dibutyryl-camp, sodium salt-10.0","dibutyryl-camp, sodium salt",A549,6H,10.0,64,60,1,0,0.2153819639634753,1.0,4.331525423728814,0.0,0.6667906672362438,-0.0,0.6667906672362438,0.5460669932378089,True,1.0,0.7955822221504205,0.1956014661779407,chem
CPC005 A549 6H-hydrocortisone hemisuccinate-10.0,hydrocortisone hemisuccinate,A549,6H,10.0,66,40,0,0,1.0,1.0,0.0,0.0,-0.0,-0.0,0.0,1.0,False,1.0,-0.5657980364905775,1.0,chem
CPC005 A549 6H-rhodomyrtoxin b-10.0,rhodomyrtoxin b,A549,6H,10.0,122,35,0,1,1.0,0.2902869203869858,0.0,3.079727758872144,0.5371725319662184,0.40804997374612706,0.12912255822009133,0.6493385927397808,True,1.0,0.5309420896634559,0.24425191602799068,chem
CPC005 A549 6H-amyleine hydrochloride-10.0,amyleine hydrochloride,A549,6H,10.0,35,50,0,0,1.0,1.0,0.0,0.0,-0.0,0.8846657845573468,-0.8846657845573468,1.0,False,1.0,-0.5657980364905775,1.0,chem
CPC005 A549 6H-fluorometholone-10.0,fluorometholone,A549,6H,10.0,63,56,0,0,1.0,1.0,0.0,0.0,-0.0,-0.0,0.0,1.0,False,1.0,-0.5657980364905775,1.0,chem
CPC005 A549 6H-fluocinonide-10.0,fluocinonide,A549,6H,10.0,88,69,0,0,1.0,1.0,0.0,0.0,-0.0,-0.0,0.0,1.0,False,1.0,-0.5657980364905775,1.0,chem
CPC005 A549 6H-isoxsuprine hydrochloride-10.0,isoxsuprine hydrochloride,A549,6H,10.0,40,43,0,0,1.0,1.0,0.0,0.0,-0.0,-0.0,0.0,1.0,False,1.0,-0.5657980364905775,1.0,chem
CPC005 A549 6H-etoposide-10.0,etoposide,A549,6H,10.0,54,86,1,0,0.2941649340268648,1.0,2.9943529411764707,0.0,0.5314090986590809,-0.0,0.5314090986590809,0.6541094623645473,True,1.0,0.5191749418735019,0.24591802732422527,chem
CPC005 A549 6H-trichostatin a-10.0,trichostatin a,A549,6H,10.0,231,178,1,0,0.5163016537075559,1.0,1.4171751412429379,0.0,0.28709648391091014,0.21330947947873696,0.07378700443217318,0.8576101335372596,True,1.0,0.02036416512145975,0.3078973675441519,chem
CPC005 A549 6H-geldanamycin-10.0,geldanamycin,A549,6H,10.0,70,51,0,1,1.0,0.17794113953728358,0.0,5.445012787723785,0.7497236325315533,0.6079451464532162,0.1417784860783371,0.4851213664792767,True,1.0,0.9649056804579011,0.15961346217927358,chem
CPC005 A549 6H-lomatin-10.0,lomatin,A549,6H,10.0,54,84,1,0,0.28838534651761183,1.0,3.067469879518072,0.0,0.540026810832711,-0.0,0.540026810832711,0.6469803217249774,True,1.0,0.5367696440856033,0.24391869376874376,chem
CPC005 A549 6H-homochlorcyclizine dihydrochloride-10.0,homochlorcyclizine dihydrochloride,A549,6H,10.0,22,45,0,0,1.0,1.0,0.0,0.0,-0.0,-0.0,0.0,1.0,False,1.0,-0.5657980364905775,1.0,chem
CPC005 A549 6H-ethotoin-10.0,ethotoin,A549,6H,10.0,56,54,1,1,0.19603564821290864,0.14493997977274198,4.826415094339622,6.845989304812834,1.5464767505634778,-0.0,1.5464767505634778,0.1295905276250563,True,1.0,2.591629057368963,0.03265578140619793,chem
CPC005 A549 6H-metergoline-10.0,metergoline,A549,6H,10.0,47,41,2,0,0.011552662690892904,1.0,13.694444444444445,0.0,1.9373179067945823,-0.0,1.9373179067945823,0.06308723481840704,True,1.0,3.389605784552115,0.012662445851382872,chem
CPC005 A549 6H-triamcinolone diacetate-10.0,triamcinolone diacetate,A549,6H,10.0,54,32,0,0,1.0,1.0,0.0,0.0,-0.0,-0.0,0.0,1.0,False,1.0,-0.5657980364905775,1.0,chem
CPC005 A549 6H-prozac-10.0,prozac,A549,6H,10.0,21,48,0,0,1.0,1.0,0.0,0.0,-0.0,-0.0,0.0,1.0,False,1.0,-0.5657980364905775,1.0,chem
CPC005 A549 6H-budesonide-10.0,budesonide,A549,6H,10.0,46,61,0,0,1.0,1.0,0.0,0.0,-0.0,-0.0,0.0,1.0,False,1.0,-0.5657980364905775,1.0,chem
CPC005 A549 6H-ipratropium bromide-10.0,ipratropium bromide,A549,6H,10.0,45,53,0,0,1.0,1.0,0.0,0.0,-0.0,-0.0,0.0,1.0,False,1.0,-0.5657980364905775,1.0,chem
CPC005 A549 6H-triamcinolone-10.0,triamcinolone,A549,6H,10.0,106,98,0,0,1.0,1.0,0.0,0.0,-0.0,1.075634757331977,-1.075634757331977,1.0,False,1.0,-0.5657980364905775,1.0,chem
CPC005 A549 6H-fludrocortisone acetate-10.0,fludrocortisone acetate,A549,6H,10.0,140,93,1,0,0.3140401561230074,1.0,2.763478260869565,0.0,0.5030148154057824,1.9325271722445696,-1.4295123568387873,0.6777722727963389,True,1.0,0.46120259975971273,0.2575808063978674,chem
CPC005 A549 6H-epibatidine (+/-)-10.0,epibatidine (+/-),A549,6H,10.0,25,47,0,0,1.0,1.0,0.0,0.0,-0.0,-0.0,0.0,1.0,False,1.0,-0.5657980364905775,1.0,chem
CPC005 A549 6H-dihydroergocristine mesylate-10.0,dihydroergocristine mesylate,A549,6H,10.0,35,32,0,0,1.0,1.0,0.0,0.0,-0.0,-0.0,0.0,1.0,False,1.0,-0.5657980364905775,1.0,chem
CPC005 A549 6H-periplocymarin-10.0,periplocymarin,A549,6H,10.0,150,109,1,0,0.3574688483005121,1.0,2.348148148148148,0.0,0.4467617988997304,0.3400600252061441,0.1067017736935863,0.7251995756573677,True,1.0,0.34635134295108594,0.2769076974341886,chem
CPC005 A549 6H-hydrocortisone phosphate triethylamine-10.0,hydrocortisone phosphate triethylamine,A549,6H,10.0,54,30,0,1,1.0,0.14012463365282468,0.0,7.1065482796892345,0.8534855098315087,-0.0,0.8534855098315087,0.4155007882588526,True,1.0,1.1767553332750134,0.12295901366211263,chem
CPC005 A549 6H-dihydro-7-desacetyldeoxygedunin-10.0,dihydro-7-desacetyldeoxygedunin,A549,6H,10.0,64,27,0,0,1.0,1.0,0.0,0.0,-0.0,-0.0,0.0,1.0,False,1.0,-0.5657980364905775,1.0,chem
CPC005 A549 6H-calyculin a-10.0,calyculin a,A549,6H,10.0,72,46,1,1,0.16952594816869557,0.182556197735727,5.6915555555555555,5.289975144987572,1.5093672361878925,0.5973253186880723,0.9120419174998202,0.138506174228207,True,1.0,2.515862909519181,0.034988337220926355,chem
CPC005 A549 6H-tetrindole mesylate-10.0,tetrindole mesylate,A549,6H,10.0,93,47,0,0,1.0,1.0,0.0,0.0,-0.0,-0.0,0.0,1.0,False,1.0,-0.5657980364905775,1.0,chem
CPC005 A549 6H-tianeptine-10.0,tianeptine,A549,6H,10.0,67,31,0,0,1.0,1.0,0.0,0.0,-0.0,0.6245429220468399,-0.6245429220468399,1.0,False,1.0,-0.5657980364905775,1.0,chem
CPC005 A549 6H-racephedrine hydrochloride-10.0,racephedrine hydrochloride,A549,6H,10.0,37,40,0,0,1.0,1.0,0.0,0.0,-0.0,-0.0,0.0,1.0,False,1.0,-0.5657980364905775,1.0,chem
CPC005 A549 6H-bntx maleate-10.0,bntx maleate,A549,6H,10.0,74,74,1,1,0.25879814209314494,0.18714677864101364,3.493150684931507,5.143432715551974,1.3148564897834156,0.5870388457838291,0.7278176439995865,0.1950682081133495,True,1.0,2.118732140808586,0.050983005664778404,chem
CPC005 A549 6H-helveticoside-10.0,helveticoside,A549,6H,10.0,140,83,1,1,0.28547851525436874,0.3256749708543354,3.1053658536585367,2.673296656792213,1.0316421876813457,-0.0,1.0316421876813457,0.31382584699395494,True,1.0,1.5404961534264456,0.08330556481172942,chem
CPC005 A549 6H-hydrocortisone acetate-10.0,hydrocortisone acetate,A549,6H,10.0,74,70,0,0,1.0,1.0,0.0,0.0,-0.0,1.8021989038975426,-1.8021989038975426,1.0,False,1.0,-0.5657980364905775,1.0,chem
CPC005 A549 6H-bh3i-1-10.0,bh3i-1,A549,6H,10.0,44,16,0,0,1.0,1.0,0.0,0.0,-0.0,-0.0,0.0,1.0,False,1.0,-0.5657980364905775,1.0,chem
CPC005 A549 6H-lasalocid sodium-10.0,lasalocid sodium,A549,6H,10.0,65,53,0,0,1.0,1.0,0.0,0.0,-0.0,0.6360850498129149,-0.6360850498129149,1.0,False,1.0,-0.5657980364905775,1.0,chem
"CPC005 A549 6H-homatropine hydrobromide (r,s)-10.0","homatropine hydrobromide (r,s)",A549,6H,10.0,24,45,2,0,0.013811420414792878,1.0,12.412790697674419,0.0,1.859761654760651,0.9276145091651452,0.9321471455955058,0.07295550618038713,True,1.0,3.2312599113400484,0.014661779406864379,chem
CPC005 A549 6H-wortmannin-10.0,wortmannin,A549,6H,10.0,71,78,0,0,1.0,1.0,0.0,0.0,-0.0,-0.0,0.0,1.0,False,1.0,-0.5657980364905775,1.0,chem
CPC005 A549 6H-sdm25n hydrochloride-10.0,sdm25n hydrochloride,A549,6H,10.0,37,32,0,0,1.0,1.0,0.0,0.0,-0.0,-0.0,0.0,1.0,False,1.0,-0.5657980364905775,1.0,chem
CPC005 A549 6H-doxorubicin hydrochloride-10.0,doxorubicin hydrochloride,A549,6H,10.0,71,140,1,0,0.434208663350478,1.0,1.8155395683453237,0.0,0.3623015157324212,-0.0,0.3623015157324212,0.7964385866656718,True,1.0,0.17390957405262442,0.2999000333222259,chem
CPC005 A549 6H-cercosporin-10.0,cercosporin,A549,6H,10.0,137,111,2,1,0.07251764641774154,0.31989507325738825,4.8463302752293576,2.7335640138408306,1.6345487479933214,0.9415643734104,0.6929843745829214,0.11050820463229492,True,1.0,2.771444829441834,0.02432522492502499,chem
CPC005 A549 6H-nsc 23766-10.0,nsc 23766,A549,6H,10.0,28,52,1,0,0.18948555439160833,1.0,5.017254901960785,0.0,0.7224238932797868,-0.0,0.7224238932797868,0.5046838763319719,True,1.0,0.9091680585780887,0.1696101299566811,chem
CPC005 A549 6H-BRD-A82238138 (budesonide)-10.0,brd-a82238138 (budesonide),A549,6H,10.0,79,79,0,0,1.0,1.0,0.0,0.0,-0.0,-0.0,0.0,1.0,False,1.0,-0.5657980364905775,1.0,chem
CPC005 A549 6H-thioridazine hydrochloride-10.0,thioridazine hydrochloride,A549,6H,10.0,77,30,0,0,1.0,1.0,0.0,0.0,-0.0,0.5721954412552421,-0.5721954412552421,1.0,False,1.0,-0.5657980364905775,1.0,chem
CPC005 A549 6H-triamcinolone acetonide-10.0,triamcinolone acetonide,A549,6H,10.0,76,69,0,0,1.0,1.0,0.0,0.0,-0.0,0.7554151635242407,-0.7554151635242407,1.0,False,1.0,-0.5657980364905775,1.0,chem
CPC005 A549 6H-dubinidine-10.0,dubinidine,A549,6H,10.0,31,39,0,0,1.0,1.0,0.0,0.0,-0.0,0.9298228660944556,-0.9298228660944556,1.0,False,1.0,-0.5657980364905775,1.0,chem
CPC005 A549 6H-maprotiline hydrochloride-10.0,maprotiline hydrochloride,A549,6H,10.0,42,47,0,2,1.0,0.005886315313592978,0.0,20.05,2.2301564776618727,-0.0,2.2301564776618727,0.03611328059447827,True,1.0,3.987491551309743,0.005998000666444518,chem
"CPC005 A549 6H-tamoxifen, 4-hydroxy-, (z)--10.0","tamoxifen, 4-hydroxy-, (z)-",A549,6H,10.0,61,35,0,0,1.0,1.0,0.0,0.0,-0.0,0.6604243160213854,-0.6604243160213854,1.0,False,1.0,-0.5657980364905775,1.0,chem
CPC005 A549 6H-fgin-1-27-10.0,fgin-1-27,A549,6H,10.0,39,26,0,0,1.0,1.0,0.0,0.0,-0.0,-0.0,0.0,1.0,False,1.0,-0.5657980364905775,1.0,chem
CPC005 A549 6H-gsk-3 inhibitor ii-10.0,gsk-3 inhibitor ii,A549,6H,10.0,91,37,1,0,0.13869787897610047,1.0,7.124444444444444,0.0,0.8579301802822941,0.5108615299787004,0.3470686503035937,0.4126896087196201,True,1.0,1.1858299752956407,0.12195934688437188,chem
CPC005 A549 6H-triprolidine hydrochloride-10.0,triprolidine hydrochloride,A549,6H,10.0,57,72,0,0,1.0,1.0,0.0,0.0,-0.0,-0.0,0.0,1.0,False,1.0,-0.5657980364905775,1.0,chem
CPC005 A549 6H-pepstatin a-10.0,pepstatin a,A549,6H,10.0,35,52,0,0,1.0,1.0,0.0,0.0,-0.0,-0.0,0.0,1.0,False,1.0,-0.5657980364905775,1.0,chem
CPC005 A549 6H-digitoxigenin-10.0,digitoxigenin,A549,6H,10.0,160,131,2,2,0.09637905976883035,0.07171707781636759,4.082041343669251,4.9825949367088604,2.1603947293073924,0.3197050344301991,1.8406896948771934,0.0412958400834992,True,1.0,3.8450596432392268,0.00866377874041986,chem
CPC005 A549 6H-megestrol acetate-10.0,megestrol acetate,A549,6H,10.0,22,42,1,0,0.15595788320671106,1.0,6.250731707317073,0.0,0.8069926680588373,-0.0,0.8069926680588373,0.44575403194486074,True,1.0,1.0818313337838668,0.137620793068977,chem
CPC005 A549 6H-mk 212-10.0,mk 212,A549,6H,10.0,29,31,1,0,0.11753768533149536,1.0,8.557333333333334,0.0,0.9298228660944556,-0.0,0.9298228660944556,0.36918543128048875,True,1.0,1.33261259841037,0.10129956681106297,chem
CPC005 A549 6H-dihomo-gamma-linolenic acid-10.0,dihomo-gamma-linolenic acid,A549,6H,10.0,14,51,1,0,0.18619129527236197,1.0,5.1184,0.0,0.7300406268108973,-0.0,0.7300406268108973,0.4991752625373401,True,1.0,0.9247190720731665,0.16661112962345884,chem
CPC005 A549 6H-phenamil-10.0,phenamil,A549,6H,10.0,41,44,0,0,1.0,1.0,0.0,0.0,-0.0,0.816637018277212,-0.816637018277212,1.0,False,1.0,-0.5657980364905775,1.0,chem
CPC005 A549 6H-mitoxantrone dihydrochloride-10.0,mitoxantrone dihydrochloride,A549,6H,10.0,103,114,0,1,1.0,0.2510339270372992,0.0,3.6643598615916955,0.6002675799955542,-0.0,0.6002675799955542,0.5980047824326691,True,1.0,0.6597626581353754,0.22159280239920026,chem
CPC005 A549 6H-ns3694-10.0,ns3694,A549,6H,10.0,28,60,0,0,1.0,1.0,0.0,0.0,-0.0,0.8110873396632657,-0.8110873396632657,1.0,False,1.0,-0.5657980364905775,1.0,chem
CPC005 A549 6H-sb 203186 hydrochloride-10.0,sb 203186 hydrochloride,A549,6H,10.0,30,57,1,0,0.20576544432692015,1.0,4.565714285714286,0.0,0.6866275576504163,-0.0,0.6866275576504163,0.5310843935060165,True,1.0,0.836083015472279,0.1846051316227924,chem
CPC005 A549 6H-ly-294002-10.0,ly-294002,A549,6H,10.0,44,34,0,0,1.0,1.0,0.0,0.0,-0.0,-0.0,0.0,1.0,False,1.0,-0.5657980364905775,1.0,chem
CPC005 A549 6H-BRD-K31342827-10.0,brd-k31342827,A549,6H,10.0,108,83,1,1,0.28547851525436874,0.2615578735834134,3.1053658536585367,3.490379329301814,1.1268587726598693,-0.0,1.1268587726598693,0.26841232552800576,True,1.0,1.7348989629652427,0.06897700766411197,chem
CPC005 A549 6H-chelidonine (+)-10.0,chelidonine (+),A549,6H,10.0,26,60,0,0,1.0,1.0,0.0,0.0,-0.0,0.8110873396632657,-0.8110873396632657,1.0,False,1.0,-0.5657980364905775,1.0,chem
CPC005 A549 6H-sb 206553 hydrochloride-10.0,sb 206553 hydrochloride,A549,6H,10.0,42,24,0,0,1.0,1.0,0.0,0.0,-0.0,-0.0,0.0,1.0,False,1.0,-0.5657980364905775,1.0,chem
CPC005 A549 6H-paxilline-10.0,paxilline,A549,6H,10.0,19,42,1,0,0.15595788320671106,1.0,6.250731707317073,0.0,0.8069926680588373,-0.0,0.8069926680588373,0.44575403194486074,True,1.0,1.0818313337838668,0.137620793068977,chem
CPC005 A549 6H-byssochlamic acid-10.0,byssochlamic acid,A549,6H,10.0,63,28,0,1,1.0,0.16159389903495552,0.0,6.066413662239089,0.7915750400061757,0.6480366652921943,0.14353837471398145,0.45612607115185677,True,1.0,1.050353307024793,0.14261912695768078,chem
CPC005 A549 6H-rlm-1-127-10.0,rlm-1-127,A549,6H,10.0,41,32,0,1,1.0,0.10819504482113279,0.0,9.435294117647059,0.9657926288423657,0.816637018277212,0.1491556105651537,0.348801318029084,True,1.0,1.406051726039395,0.09330223258913696,chem
CPC005 A549 6H-ki 8751-10.0,ki 8751,A549,6H,10.0,116,33,0,0,1.0,1.0,0.0,0.0,-0.0,0.42524419447775813,-0.42524419447775813,1.0,False,1.0,-0.5657980364905775,1.0,chem
CPC005 A549 6H-piribedil dihydrochloride-10.0,piribedil dihydrochloride,A549,6H,10.0,56,62,0,0,1.0,1.0,0.0,0.0,-0.0,0.6935002841365968,-0.6935002841365968,1.0,False,1.0,-0.5657980364905775,1.0,chem
CPC005 A549 6H-dilazep dihydrochloride-10.0,dilazep dihydrochloride,A549,6H,10.0,28,55,0,0,1.0,1.0,0.0,0.0,-0.0,-0.0,0.0,1.0,False,1.0,-0.5657980364905775,1.0,chem
CPC005 A549 6H-pd 158780-10.0,pd 158780,A549,6H,10.0,97,23,0,1,1.0,0.23821820348784972,0.0,3.8970588235294117,0.6230250548924519,-0.0,0.6230250548924519,0.5799584638153148,True,1.0,0.7062263814348765,0.21392869043652116,chem
CPC005 A549 6H-bibu 1361 dihydrochloride-10.0,bibu 1361 dihydrochloride,A549,6H,10.0,68,45,1,0,0.16615372806130616,1.0,5.821818181818182,0.0,0.7794899098274045,-0.0,0.7794899098274045,0.46437339213902495,True,1.0,1.0256792099552001,0.14795068310563145,chem
CPC005 A549 6H-bisindolylmaleimide iv-10.0,bisindolylmaleimide iv,A549,6H,10.0,55,28,0,0,1.0,1.0,0.0,0.0,-0.0,-0.0,0.0,1.0,False,1.0,-0.5657980364905775,1.0,chem
CPC005 A549 6H-e6 berbamine-10.0,e6 berbamine,A549,6H,10.0,62,17,0,0,1.0,1.0,0.0,0.0,-0.0,-0.0,0.0,1.0,False,1.0,-0.5657980364905775,1.0,chem
CPC005 A549 6H-purvalanol a-10.0,purvalanol a,A549,6H,10.0,176,127,1,0,0.40316610512282164,1.0,2.006984126984127,0.0,0.39451598692187906,0.2904902538735102,0.10402573304836887,0.7694048681827055,True,1.0,0.23968155808723135,0.29323558813728756,chem
CPC005 A549 6H-pac 1-10.0,pac 1,A549,6H,10.0,92,50,1,1,0.1828841639308616,0.22738050782237604,5.223673469387755,4.1144149967679375,1.3810706666776842,-0.0,1.3810706666776842,0.17382371023281845,True,1.0,2.25392100546329,0.04565144951682772,chem
CPC005 A549 6H-st638-10.0,st638,A549,6H,10.0,30,42,1,1,0.15595788320671106,0.08030634288988928,6.250731707317073,13.036511156186613,1.9022428192522869,-0.0,1.9022428192522869,0.06738226231882807,True,1.0,3.3179933069088614,0.01432855714761746,chem
CPC005 A549 6H-sc 19220-10.0,sc 19220,A549,6H,10.0,28,59,0,0,1.0,1.0,0.0,0.0,-0.0,-0.0,0.0,1.0,False,1.0,-0.5657980364905775,1.0,chem
CPC005 A549 6H-indirubin-3-oxime-10.0,indirubin-3-oxime,A549,6H,10.0,90,53,0,0,1.0,1.0,0.0,0.0,-0.0,0.514862283016828,-0.514862283016828,1.0,False,1.0,-0.5657980364905775,1.0,chem
CPC005 A549 6H-cmpd-1-10.0,cmpd-1,A549,6H,10.0,45,39,0,0,1.0,1.0,0.0,0.0,-0.0,-0.0,0.0,1.0,False,1.0,-0.5657980364905775,1.0,chem
CPC005 A549 6H-zk 756326-10.0,zk 756326,A549,6H,10.0,69,18,0,0,1.0,1.0,0.0,0.0,-0.0,0.6133860774839782,-0.6133860774839782,1.0,False,1.0,-0.5657980364905775,1.0,chem
CPC005 A549 6H-ro 90-7501-10.0,ro 90-7501,A549,6H,10.0,41,22,1,1,0.08485751299199006,0.10819504482113279,12.241904761904761,9.435294117647059,2.037102329548497,-0.0,2.037102329548497,0.05224633625246885,True,1.0,3.5933347056843257,0.010329890036654448,chem
CPC005 A549 6H-linopirdine dihydrochloride-10.0,linopirdine dihydrochloride,A549,6H,10.0,27,36,0,0,1.0,1.0,0.0,0.0,-0.0,0.9865133261371156,-0.9865133261371156,1.0,False,1.0,-0.5657980364905775,1.0,chem
CPC005 A549 6H-nsc 119889-10.0,nsc 119889,A549,6H,10.0,21,33,0,0,1.0,1.0,0.0,0.0,-0.0,-0.0,0.0,1.0,False,1.0,-0.5657980364905775,1.0,chem
CPC005 A549 6H-mbcq-10.0,mbcq,A549,6H,10.0,77,39,0,0,1.0,1.0,0.0,0.0,-0.0,0.5721954412552421,-0.5721954412552421,1.0,False,1.0,-0.5657980364905775,1.0,chem
CPC005 A549 6H-manumycin a-10.0,manumycin a,A549,6H,10.0,120,102,1,0,0.3388044043839892,1.0,2.5136633663366337,0.0,0.4700509525702869,0.603953799027189,-0.13390284645690215,0.705503360165749,True,1.0,0.39390058982187176,0.26724425191602796,chem
CPC005 A549 6H-tcs 359-10.0,tcs 359,A549,6H,10.0,31,59,0,0,1.0,1.0,0.0,0.0,-0.0,0.8178271841013225,-0.8178271841013225,1.0,False,1.0,-0.5657980364905775,1.0,chem
CPC005 A549 6H-vorinostat-10.0,vorinostat,A549,6H,10.0,151,129,1,0,0.4080462423202528,1.0,1.975,0.0,0.38929061718825575,-0.0,0.38929061718825575,0.773808599737418,True,1.0,0.22901296965461226,0.29456847717427526,chem
CPC005 A549 6H-trequinsin hydrochloride-10.0,trequinsin hydrochloride,A549,6H,10.0,54,31,0,0,1.0,1.0,0.0,0.0,-0.0,-0.0,0.0,1.0,False,1.0,-0.5657980364905775,1.0,chem
CPC005 A549 6H-bmy 45778-10.0,bmy 45778,A549,6H,10.0,78,22,0,0,1.0,1.0,0.0,0.0,-0.0,-0.0,0.0,1.0,False,1.0,-0.5657980364905775,1.0,chem
CPC005 A549 6H-trifluoperazine dihydrochloride-10.0,trifluoperazine dihydrochloride,A549,6H,10.0,17,4,0,0,1.0,1.0,0.0,0.0,-0.0,-0.0,0.0,1.0,False,1.0,-0.5657980364905775,1.0,chem
CPC005 A549 6H-fisetinidol-10.0,fisetinidol,A549,6H,10.0,23,27,0,0,1.0,1.0,0.0,0.0,-0.0,-0.0,0.0,1.0,False,1.0,-0.5657980364905775,1.0,chem
CPC005 HA1E 24H-rhodomyrtoxin b-10.0,rhodomyrtoxin b,HA1E,24H,10.0,134,152,0,0,1.0,1.0,0.0,0.0,-0.0,1.4574151943835858,-1.4574151943835858,1.0,False,1.0,-0.5657980364905775,1.0,chem
CPC005 HA1E 24H-fluorometholone-10.0,fluorometholone,HA1E,24H,10.0,38,64,0,0,1.0,1.0,0.0,0.0,-0.0,1.6324654659925155,-1.6324654659925155,1.0,False,1.0,-0.5657980364905775,1.0,chem
CPC005 HA1E 24H-etoposide-10.0,etoposide,HA1E,24H,10.0,187,138,1,1,0.429536063526408,0.410385800941351,1.8426277372262774,1.98292220113852,0.7538080411807031,0.27246203511592554,0.48134600606477757,0.48223815123975167,True,1.0,0.9732447793331483,0.1586137954015328,chem
CPC005 HA1E 24H-estriol-10.0,estriol,HA1E,24H,10.0,51,47,0,0,1.0,1.0,0.0,0.0,-0.0,-0.0,0.0,1.0,False,1.0,-0.5657980364905775,1.0,chem
CPC005 HA1E 24H-trichostatin a-10.0,trichostatin a,HA1E,24H,10.0,175,217,2,1,0.2161347437029321,0.38976829271195124,2.4158914728682173,2.123732251521298,1.0744689078143925,0.29220736736775366,0.7822615404466389,0.2926630661113717,True,1.0,1.627935066711079,0.07697434188603798,chem
CPC005 HA1E 24H-geldanamycin-10.0,geldanamycin,HA1E,24H,10.0,99,197,1,0,0.5529262182544272,1.0,1.2759183673469388,0.0,0.25733281651222856,0.369508354545906,-0.11217553803367747,0.8805519814078355,True,1.0,-0.04040403577323823,0.3102299233588804,chem
CPC005 HA1E 24H-cyclopiazonic acid-10.0,cyclopiazonic acid,HA1E,24H,10.0,50,53,0,1,1.0,0.13041700288025662,0.0,7.691476590636254,0.8846657845573468,0.8610428245735234,0.023622959983823355,0.3960788175711977,True,1.0,1.2404158080784486,0.11296234588470509,chem
CPC005 HA1E 24H-metergoline-10.0,metergoline,HA1E,24H,10.0,58,26,0,0,1.0,1.0,0.0,0.0,-0.0,-0.0,0.0,1.0,False,1.0,-0.5657980364905775,1.0,chem
CPC005 HA1E 24H-periplocymarin-10.0,periplocymarin,HA1E,24H,10.0,125,232,2,0,0.23856108384224026,1.0,2.2528985507246375,0.0,0.6224004007789289,-0.0,0.6224004007789289,0.5804501024246664,True,1.0,0.7049510309832064,0.21392869043652116,chem
CPC005 HA1E 24H-calyculin a-10.0,calyculin a,HA1E,24H,10.0,126,132,1,0,0.4152945748001319,1.0,1.9288549618320612,0.0,0.38164374225818243,-0.0,0.38164374225818243,0.7802418220496398,True,1.0,0.21340041674764393,0.29656781072975674,chem
CPC005 HA1E 24H-trimeprazine tartrate-10.0,trimeprazine tartrate,HA1E,24H,10.0,53,23,0,0,1.0,1.0,0.0,0.0,-0.0,-0.0,0.0,1.0,False,1.0,-0.5657980364905775,1.0,chem
CPC005 HA1E 24H-tetrindole mesylate-10.0,tetrindole mesylate,HA1E,24H,10.0,128,73,0,0,1.0,1.0,0.0,0.0,-0.0,-0.0,0.0,1.0,False,1.0,-0.5657980364905775,1.0,chem
CPC005 HA1E 24H-bntx maleate-10.0,bntx maleate,HA1E,24H,10.0,206,197,2,1,0.18665751862217783,0.441690097732829,2.672222222222222,1.793687230989957,1.0838368489672767,0.369508354545906,0.7143284944213707,0.2881961554235607,True,1.0,1.6470615044017984,0.0753082305898034,chem
CPC005 HA1E 24H-bw-b 70c-10.0,bw-b 70c,HA1E,24H,10.0,43,39,1,1,0.14564222006616478,0.1131791192962548,6.747368421052632,8.983193277310924,1.7829463994638894,-0.0,1.7829463994638894,0.08415543452017106,True,1.0,3.074426924224425,0.018327224258580473,chem
CPC005 HA1E 24H-ca-074-me-10.0,ca-074-me,HA1E,24H,10.0,88,56,0,0,1.0,1.0,0.0,0.0,-0.0,-0.0,0.0,1.0,False,1.0,-0.5657980364905775,1.0,chem
CPC005 HA1E 24H-n-formylmethionylalanine-10.0,n-formylmethionylalanine,HA1E,24H,10.0,76,52,0,0,1.0,1.0,0.0,0.0,-0.0,0.5770678440229255,-0.5770678440229255,1.0,False,1.0,-0.5657980364905775,1.0,chem
CPC005 HA1E 24H-helveticoside-10.0,helveticoside,HA1E,24H,10.0,75,122,0,1,1.0,0.18943292832608577,0.0,5.073131955484897,0.7225445271947321,0.5371725319662184,0.18537199522851366,0.5045963285900031,True,1.0,0.9094143557121048,0.16794401866044653,chem
CPC005 HA1E 24H-dihydroergocristine-10.0,dihydroergocristine,HA1E,24H,10.0,115,70,0,1,1.0,0.27605697904530124,0.0,3.2724458204334366,0.5590012689094621,0.4282180726280322,0.13078319628142993,0.6313831644054306,True,1.0,0.5755096173836222,0.23625458180606465,chem
CPC005 HA1E 24H-atpa-10.0,atpa,HA1E,24H,10.0,70,42,0,1,1.0,0.17794113953728358,0.0,5.445012787723785,0.7497236325315533,-0.0,0.7497236325315533,0.4851213664792767,True,1.0,0.9649056804579011,0.15961346217927358,chem
CPC005 HA1E 24H-reserpine-10.0,reserpine,HA1E,24H,10.0,89,89,1,1,0.30274976625257977,0.22080816526115815,2.890909090909091,4.25668449197861,1.1749010543734966,-0.0,1.1749010543734966,0.24769854387599866,True,1.0,1.8329864394683129,0.06431189603465512,chem
CPC005 HA1E 24H-lasalocid sodium-10.0,lasalocid sodium,HA1E,24H,10.0,88,92,1,1,0.3112341529856881,0.21860567577854212,2.7942857142857145,4.306288032454361,1.1672513185878937,-0.0,1.1672513185878937,0.25090177463542707,True,1.0,1.817368045579411,0.06531156281239586,chem
"CPC005 HA1E 24H-homatropine hydrobromide (r,s)-10.0","homatropine hydrobromide (r,s)",HA1E,24H,10.0,52,28,0,0,1.0,1.0,0.0,0.0,-0.0,0.7224238932797868,-0.7224238932797868,1.0,False,1.0,-0.5657980364905775,1.0,chem
CPC005 HA1E 24H-wortmannin-10.0,wortmannin,HA1E,24H,10.0,171,108,1,0,0.3548338625048991,1.0,2.370467289719626,0.0,0.44997494127189797,0.8254044669524924,-0.3754295256805944,0.7224792116748933,True,1.0,0.35291158563085046,0.27590803065644787,chem
CPC005 HA1E 24H-sdm25n hydrochloride-10.0,sdm25n hydrochloride,HA1E,24H,10.0,113,45,1,1,0.16615372806130616,0.2719420510530222,5.821818181818182,3.331932773109244,1.3450135410474706,-0.0,1.3450135410474706,0.18511997572393527,True,1.0,2.180303509855902,0.048983672109296904,chem
CPC005 HA1E 24H-cercosporin-10.0,cercosporin,HA1E,24H,10.0,106,167,1,0,0.49379700457940195,1.0,1.513734939759036,0.0,0.30645154886861137,0.45651220621471916,-0.1500606573461078,0.8422353642308361,True,1.0,0.059881219922697626,0.30589803398867044,chem
CPC005 HA1E 24H-simvastatin-10.0,simvastatin,HA1E,24H,10.0,98,125,1,0,0.3982472951508687,1.0,2.04,0.0,0.399847165194229,0.5282621354127488,-0.12841497021851978,0.7649064599519031,True,1.0,0.2505661748221288,0.29290236587804064,chem
CPC005 HA1E 24H-thioridazine hydrochloride-10.0,thioridazine hydrochloride,HA1E,24H,10.0,61,37,0,1,1.0,0.15686716502364104,0.0,6.270588235294118,0.8044679521516095,-0.0,0.8044679521516095,0.447440985932813,True,1.0,1.0766766449682252,0.13828723758747083,chem
CPC005 HA1E 24H-triamcinolone acetonide-10.0,triamcinolone acetonide,HA1E,24H,10.0,39,40,0,0,1.0,1.0,0.0,0.0,-0.0,-0.0,0.0,1.0,False,1.0,-0.5657980364905775,1.0,chem
CPC005 HA1E 24H-dubinidine-10.0,dubinidine,HA1E,24H,10.0,98,45,1,1,0.16615372806130616,0.24036844221095138,5.821818181818182,3.856276531231049,1.3986124609446624,-0.0,1.3986124609446624,0.1685557778236177,True,1.0,2.289735922482434,0.044318560479840056,chem
"CPC005 HA1E 24H-tamoxifen, 4-hydroxy-, (z)--10.0","tamoxifen, 4-hydroxy-, (z)-",HA1E,24H,10.0,82,52,0,1,1.0,0.20526676523894072,0.0,4.62962962962963,0.6876813615975087,0.868754578523359,-0.18107321692585032,0.5302953679317949,True,1.0,0.8382345571187689,0.18327224258580474,chem
CPC005 HA1E 24H-fgin-1-27-10.0,fgin-1-27,HA1E,24H,10.0,49,49,0,0,1.0,1.0,0.0,0.0,-0.0,-0.0,0.0,1.0,False,1.0,-0.5657980364905775,1.0,chem
CPC005 HA1E 24H-gsk-3 inhibitor ii-10.0,gsk-3 inhibitor ii,HA1E,24H,10.0,79,71,1,1,0.24969371631983528,0.19851694343328743,3.6445714285714286,4.8099547511312215,1.3047948070297302,1.3067876680227015,-0.001992860992971357,0.1984918876814846,True,1.0,2.098189297390649,0.050983005664778404,chem
CPC005 HA1E 24H-pepstatin a-10.0,pepstatin a,HA1E,24H,10.0,61,100,0,1,1.0,0.15686716502364104,0.0,6.270588235294118,0.8044679521516095,-0.0,0.8044679521516095,0.447440985932813,True,1.0,1.0766766449682252,0.13828723758747083,chem
CPC005 HA1E 24H-rhodomyrtoxin-10.0,rhodomyrtoxin,HA1E,24H,10.0,45,33,0,1,1.0,0.11813687833993748,0.0,8.572192513368984,0.9276145091651452,-0.0,0.9276145091651452,0.3704667765586675,True,1.0,1.3281038167562154,0.10229923358880373,chem
CPC005 HA1E 24H-clebopride maleate-10.0,clebopride maleate,HA1E,24H,10.0,44,44,1,0,0.16276834344693925,1.0,5.9581395348837205,0.0,0.788430056468702,-0.0,0.788430056468702,0.45826243688507773,True,1.0,1.0439322235992947,0.14428523825391537,chem
CPC005 HA1E 24H-digitoxigenin-10.0,digitoxigenin,HA1E,24H,10.0,146,248,3,0,0.07553753778525028,1.0,3.3023957409050575,0.0,1.121837175501434,0.6450723111435955,0.4767648643578385,0.2706604821569354,True,1.0,1.7246464150903946,0.06997667444185271,chem
CPC005 HA1E 24H-mk 212-10.0,mk 212,HA1E,24H,10.0,74,71,0,1,1.0,0.18714677864101364,0.0,5.143432715551974,0.7278176439995865,-0.0,0.7278176439995865,0.5007789641472482,True,1.0,0.9201804288927504,0.16694435188270576,chem
CPC005 HA1E 24H-mitoxantrone dihydrochloride-10.0,mitoxantrone dihydrochloride,HA1E,24H,10.0,131,122,1,0,0.39079592478583886,1.0,2.0915702479338845,0.0,0.40804997374612706,0.38416774042990404,0.023882233316223023,0.7579759684974672,True,1.0,0.26731377219665686,0.28957014328557146,chem
CPC005 HA1E 24H-ly-294002-10.0,ly-294002,HA1E,24H,10.0,35,68,0,1,1.0,0.09308361149960875,0.0,11.110726643598616,1.0311267751067914,-0.0,1.0311267751067914,0.31408804084501035,True,1.0,1.539443840401487,0.08330556481172942,chem
CPC005 HA1E 24H-BRD-K31342827-10.0,brd-k31342827,HA1E,24H,10.0,89,96,0,0,1.0,1.0,0.0,0.0,-0.0,-0.0,0.0,1.0,False,1.0,-0.5657980364905775,1.0,chem
CPC005 HA1E 24H-chelidonine (+)-10.0,chelidonine (+),HA1E,24H,10.0,89,104,0,0,1.0,1.0,0.0,0.0,-0.0,-0.0,0.0,1.0,False,1.0,-0.5657980364905775,1.0,chem
CPC005 HA1E 24H-gw 5074-10.0,gw 5074,HA1E,24H,10.0,38,49,0,0,1.0,1.0,0.0,0.0,-0.0,0.8471712455191108,-0.8471712455191108,1.0,False,1.0,-0.5657980364905775,1.0,chem
CPC005 HA1E 24H-rlm-1-127-10.0,rlm-1-127,HA1E,24H,10.0,53,37,0,1,1.0,0.13770736727858623,0.0,7.244343891402715,0.8610428245735234,-0.0,0.8610428245735234,0.4107293498893436,True,1.0,1.1921850319850438,0.12095968010663112,chem
CPC005 HA1E 24H-ki 8751-10.0,ki 8751,HA1E,24H,10.0,108,114,0,0,1.0,1.0,0.0,0.0,-0.0,-0.0,0.0,1.0,False,1.0,-0.5657980364905775,1.0,chem
CPC005 HA1E 24H-cgs 15943-10.0,cgs 15943,HA1E,24H,10.0,40,35,0,1,1.0,0.10569309825111733,0.0,9.678733031674208,0.9759533711534798,-0.0,0.9759533711534798,0.34320828631839995,True,1.0,1.4267968184277202,0.09130289903365545,chem
CPC005 HA1E 24H-bibu 1361 dihydrochloride-10.0,bibu 1361 dihydrochloride,HA1E,24H,10.0,84,72,0,0,1.0,1.0,0.0,0.0,-0.0,-0.0,0.0,1.0,False,1.0,-0.5657980364905775,1.0,chem
CPC005 HA1E 24H-bisindolylmaleimide iv-10.0,bisindolylmaleimide iv,HA1E,24H,10.0,29,41,0,0,1.0,1.0,0.0,0.0,-0.0,-0.0,0.0,1.0,False,1.0,-0.5657980364905775,1.0,chem
CPC005 HA1E 24H-e6 berbamine-10.0,e6 berbamine,HA1E,24H,10.0,101,48,0,0,1.0,1.0,0.0,0.0,-0.0,-0.0,0.0,1.0,False,1.0,-0.5657980364905775,1.0,chem
CPC005 HA1E 24H-purvalanol a-10.0,purvalanol a,HA1E,24H,10.0,113,104,0,2,1.0,0.03851363551737398,0.0,7.14527027027027,1.4143854839581014,1.1260759228848922,0.28830956107320915,0.16394264573989387,True,1.0,2.3219395558035014,0.04231922692435855,chem
CPC005 HA1E 24H-pac 1-10.0,pac 1,HA1E,24H,10.0,71,81,1,0,0.27963056333538894,1.0,3.184,0.0,0.5534153623881152,0.6924551600214074,-0.13903979763329222,0.6359598652064666,True,1.0,0.5641049243691031,0.23858713762079306,chem
CPC005 HA1E 24H-indirubin-3-oxime-10.0,indirubin-3-oxime,HA1E,24H,10.0,51,54,0,0,1.0,1.0,0.0,0.0,-0.0,0.8534855098315087,-0.8534855098315087,1.0,False,1.0,-0.5657980364905775,1.0,chem
CPC005 HA1E 24H-cmpd-1-10.0,cmpd-1,HA1E,24H,10.0,72,113,0,0,1.0,1.0,0.0,0.0,-0.0,0.5655236312200661,-0.5655236312200661,1.0,False,1.0,-0.5657980364905775,1.0,chem
CPC005 HA1E 24H-fluphenazine dihydrochloride-10.0,fluphenazine dihydrochloride,HA1E,24H,10.0,37,13,0,1,1.0,0.0981474232697675,0.0,10.490196078431373,1.0081210977390735,-0.0,1.0081210977390735,0.32597552657277346,True,1.0,1.4924733644425325,0.08630456514495169,chem
CPC005 HA1E 24H-ro 90-7501-10.0,ro 90-7501,HA1E,24H,10.0,100,41,1,1,0.1525327083921917,0.24465173483416827,6.408,3.7771836007130126,1.4280887185726918,-0.0,1.4280887185726918,0.1600280140184255,True,1.0,2.349917321540915,0.040986337887370876,chem
CPC005 HA1E 24H-mbcq-10.0,mbcq,HA1E,24H,10.0,76,44,0,3,1.0,0.001117644844052679,0.0,17.487671232876714,2.951696181040345,-0.0,2.951696181040345,0.008713753372745965,True,1.0,5.460652404140198,0.001999333555481506,chem
CPC005 HA1E 24H-thapsigargin-10.0,thapsigargin,HA1E,24H,10.0,81,83,0,0,1.0,1.0,0.0,0.0,-0.0,0.5534153623881152,-0.5534153623881152,1.0,False,1.0,-0.5657980364905775,1.0,chem
CPC005 HA1E 24H-tcs 359-10.0,tcs 359,HA1E,24H,10.0,47,53,0,0,1.0,1.0,0.0,0.0,-0.0,-0.0,0.0,1.0,False,1.0,-0.5657980364905775,1.0,chem
CPC005 HA1E 24H-vorinostat-10.0,vorinostat,HA1E,24H,10.0,170,184,2,1,0.16787391425623371,0.38097828769729564,2.869047619047619,2.188304907761921,1.1941165576241708,0.8294784716113425,0.3646380860128283,0.23980772498129374,True,1.0,1.8722185524397614,0.062312562479173605,chem
CPC005 HA1E 24H-bmy 45778-10.0,bmy 45778,HA1E,24H,10.0,88,70,0,0,1.0,1.0,0.0,0.0,-0.0,0.7497236325315533,-0.7497236325315533,1.0,False,1.0,-0.5657980364905775,1.0,chem
CPC005 HA1E 24H-trifluoperazine dihydrochloride-10.0,trifluoperazine dihydrochloride,HA1E,24H,10.0,29,21,1,1,0.08115536507504469,0.07773057101685643,12.856,13.504201680672269,2.2000909061588727,-0.0,2.2000909061588727,0.03826520914516928,True,1.0,3.926106955633568,0.007330889703432189,chem
CPC005 HA1E 6H-rhodomyrtoxin b-10.0,rhodomyrtoxin b,HA1E,6H,10.0,110,45,0,0,1.0,1.0,0.0,0.0,-0.0,-0.0,0.0,1.0,False,1.0,-0.5657980364905775,1.0,chem
CPC005 HA1E 6H-amyleine hydrochloride-10.0,amyleine hydrochloride,HA1E,6H,10.0,85,53,1,1,0.19276698939407128,0.21196287520080873,4.92,4.46218487394958,1.3887075333945873,-0.0,1.3887075333945873,0.17151231309265438,True,1.0,2.2695131246951874,0.044318560479840056,chem
CPC005 HA1E 6H-norethindrone acetate-10.0,norethindrone acetate,HA1E,6H,10.0,98,67,0,0,1.0,1.0,0.0,0.0,-0.0,-0.0,0.0,1.0,False,1.0,-0.5657980364905775,1.0,chem
CPC005 HA1E 6H-etoposide-10.0,etoposide,HA1E,6H,10.0,88,97,0,0,1.0,1.0,0.0,0.0,-0.0,0.5230244433559751,-0.5230244433559751,1.0,False,1.0,-0.5657980364905775,1.0,chem
CPC005 HA1E 6H-trichostatin a-10.0,trichostatin a,HA1E,6H,10.0,140,103,0,0,1.0,1.0,0.0,0.0,-0.0,-0.0,0.0,1.0,False,1.0,-0.5657980364905775,1.0,chem
CPC005 HA1E 6H-geldanamycin-10.0,geldanamycin,HA1E,6H,10.0,120,73,0,0,1.0,1.0,0.0,0.0,-0.0,1.1468311360562942,-1.1468311360562942,1.0,False,1.0,-0.5657980364905775,1.0,chem
CPC005 HA1E 6H-periplocymarin-10.0,periplocymarin,HA1E,6H,10.0,104,94,0,0,1.0,1.0,0.0,0.0,-0.0,-0.0,0.0,1.0,False,1.0,-0.5657980364905775,1.0,chem
CPC005 HA1E 6H-bntx maleate-10.0,bntx maleate,HA1E,6H,10.0,144,68,0,1,1.0,0.33330936265399885,0.0,2.596873714520773,0.47715248684394607,-0.0,0.47715248684394607,0.699511094211241,True,1.0,0.4083997258195217,0.26457847384205263,chem
CPC005 HA1E 6H-ca-074-me-10.0,ca-074-me,HA1E,6H,10.0,92,58,0,0,1.0,1.0,0.0,0.0,-0.0,0.8246916107817338,-0.8246916107817338,1.0,False,1.0,-0.5657980364905775,1.0,chem
CPC005 HA1E 6H-n-formylmethionylalanine-10.0,n-formylmethionylalanine,HA1E,6H,10.0,70,41,0,1,1.0,0.17794113953728358,0.0,5.445012787723785,0.7497236325315533,1.4990551273610708,-0.7493314948295176,0.4851213664792767,True,1.0,0.9649056804579011,0.15961346217927358,chem
CPC005 HA1E 6H-helveticoside-10.0,helveticoside,HA1E,6H,10.0,86,64,0,0,1.0,1.0,0.0,0.0,-0.0,-0.0,0.0,1.0,False,1.0,-0.5657980364905775,1.0,chem
CPC005 HA1E 6H-bh3i-1-10.0,bh3i-1,HA1E,6H,10.0,82,70,0,0,1.0,1.0,0.0,0.0,-0.0,2.3843236189283314,-2.3843236189283314,1.0,False,1.0,-0.5657980364905775,1.0,chem
CPC005 HA1E 6H-wortmannin-10.0,wortmannin,HA1E,6H,10.0,81,89,0,0,1.0,1.0,0.0,0.0,-0.0,-0.0,0.0,1.0,False,1.0,-0.5657980364905775,1.0,chem
CPC005 HA1E 6H-doxorubicin hydrochloride-10.0,doxorubicin hydrochloride,HA1E,6H,10.0,70,157,1,0,0.47246724951921515,1.0,1.6133333333333333,0.0,0.3256282905325813,-0.0,0.3256282905325813,0.8267169791481668,True,1.0,0.09903419372569978,0.303565478173942,chem
CPC005 HA1E 6H-thioridazine hydrochloride-10.0,thioridazine hydrochloride,HA1E,6H,10.0,74,70,0,0,1.0,1.0,0.0,0.0,-0.0,0.7497236325315533,-0.7497236325315533,1.0,False,1.0,-0.5657980364905775,1.0,chem
CPC005 HA1E 6H-gsk-3 inhibitor ii-10.0,gsk-3 inhibitor ii,HA1E,6H,10.0,114,33,0,1,1.0,0.2740022684844081,0.0,3.30192608016658,0.562245841609603,1.1194389409321983,-0.5571930993225953,0.6287307821229391,True,1.0,0.582134031069563,0.23458847050983006,chem
CPC005 HA1E 6H-digitoxigenin-10.0,digitoxigenin,HA1E,6H,10.0,103,102,0,1,1.0,0.2510339270372992,0.0,3.6643598615916955,0.6002675799955542,-0.0,0.6002675799955542,0.5980047824326691,True,1.0,0.6597626581353754,0.22159280239920026,chem
CPC005 HA1E 6H-mitoxantrone dihydrochloride-10.0,mitoxantrone dihydrochloride,HA1E,6H,10.0,103,123,1,1,0.39328951829269776,0.2510339270372992,2.0740983606557375,3.6643598615916955,1.005555207977626,0.4666063481378156,0.5389488598398104,0.3273238403409774,True,1.0,1.487234611354457,0.08630456514495169,chem
CPC005 HA1E 6H-torasemide-10.0,torasemide,HA1E,6H,10.0,83,79,0,1,1.0,0.2075047499425856,0.0,4.572453371592539,0.6829719575049308,0.544426570632047,0.13854538687288376,0.5338269372261669,True,1.0,0.8286194109017821,0.18693768743752082,chem
CPC005 HA1E 6H-BRD-K31342827-10.0,brd-k31342827,HA1E,6H,10.0,85,58,0,0,1.0,1.0,0.0,0.0,-0.0,-0.0,0.0,1.0,False,1.0,-0.5657980364905775,1.0,chem
CPC005 HA1E 6H-y-27632-10.0,y-27632,HA1E,6H,10.0,81,88,0,0,1.0,1.0,0.0,0.0,-0.0,-0.0,0.0,1.0,False,1.0,-0.5657980364905775,1.0,chem
CPC005 HA1E 6H-ki 8751-10.0,ki 8751,HA1E,6H,10.0,131,42,0,0,1.0,1.0,0.0,0.0,-0.0,0.38416774042990404,-0.38416774042990404,1.0,False,1.0,-0.5657980364905775,1.0,chem
CPC005 HA1E 6H-bibu 1361 dihydrochloride-10.0,bibu 1361 dihydrochloride,HA1E,6H,10.0,57,67,0,0,1.0,1.0,0.0,0.0,-0.0,0.7670740210418253,-0.7670740210418253,1.0,False,1.0,-0.5657980364905775,1.0,chem
CPC005 HA1E 6H-purvalanol a-10.0,purvalanol a,HA1E,6H,10.0,118,123,1,0,0.39328951829269776,1.0,2.0740983606557375,0.0,0.40528762798207185,0.9535653384187007,-0.5482777104366289,0.7603109349142605,True,1.0,0.26167391672850443,0.29090303232255915,chem
CPC005 HA1E 6H-pac 1-10.0,pac 1,HA1E,6H,10.0,56,78,1,0,0.27077226419384126,1.0,3.3096103896103894,0.0,0.5673958234598213,0.7071792767661395,-0.13978345330631814,0.6245300442583144,True,1.0,0.5926487007668858,0.23292235921359547,chem
CPC005 HA1E 6H-gr 103691-10.0,gr 103691,HA1E,6H,10.0,91,58,0,0,1.0,1.0,0.0,0.0,-0.0,-0.0,0.0,1.0,False,1.0,-0.5657980364905775,1.0,chem
CPC005 HA1E 6H-cmpd-1-10.0,cmpd-1,HA1E,6H,10.0,71,48,0,0,1.0,1.0,0.0,0.0,-0.0,-0.0,0.0,1.0,False,1.0,-0.5657980364905775,1.0,chem
CPC005 HA1E 6H-fluphenazine dihydrochloride-10.0,fluphenazine dihydrochloride,HA1E,6H,10.0,40,28,0,0,1.0,1.0,0.0,0.0,-0.0,-0.0,0.0,1.0,False,1.0,-0.5657980364905775,1.0,chem
CPC005 HA1E 6H-calcipotriol-10.0,calcipotriol,HA1E,6H,10.0,98,38,0,1,1.0,0.24036844221095138,0.0,3.856276531231049,0.6191225511172579,-0.0,0.6191225511172579,0.5830334525918055,True,1.0,0.6982586760366563,0.2149283572142619,chem
CPC005 HA1E 6H-manumycin a-10.0,manumycin a,HA1E,6H,10.0,133,51,0,1,1.0,0.31211573279010074,0.0,2.8181818181818183,0.505684339339422,0.37914419177462716,0.12654014756479487,0.6755374309929392,True,1.0,0.46665294176628286,0.25658113962012663,chem
CPC005 HA1E 6H-vorinostat-10.0,vorinostat,HA1E,6H,10.0,152,129,0,0,1.0,1.0,0.0,0.0,-0.0,-0.0,0.0,1.0,False,1.0,-0.5657980364905775,1.0,chem
CPC005 HA1E 6H-bmy 45778-10.0,bmy 45778,HA1E,6H,10.0,127,53,0,0,1.0,1.0,0.0,0.0,-0.0,1.2555588114954026,-1.2555588114954026,1.0,False,1.0,-0.5657980364905775,1.0,chem
CPC005 HCC515 6H-hydrocortisone hemisuccinate-10.0,hydrocortisone hemisuccinate,HCC515,6H,10.0,106,74,0,0,1.0,1.0,0.0,0.0,-0.0,-0.0,0.0,1.0,False,1.0,-0.5657980364905775,1.0,chem
CPC005 HCC515 6H-rhodomyrtoxin b-10.0,rhodomyrtoxin b,HCC515,6H,10.0,102,66,0,0,1.0,1.0,0.0,0.0,-0.0,0.7730468761485373,-0.7730468761485373,1.0,False,1.0,-0.5657980364905775,1.0,chem
CPC005 HCC515 6H-fluorometholone-10.0,fluorometholone,HCC515,6H,10.0,81,66,0,0,1.0,1.0,0.0,0.0,-0.0,-0.0,0.0,1.0,False,1.0,-0.5657980364905775,1.0,chem
CPC005 HCC515 6H-fluocinonide-10.0,fluocinonide,HCC515,6H,10.0,92,77,0,1,1.0,0.22738050782237604,0.0,4.1144149967679375,0.6432467679157314,-0.0,0.6432467679157314,0.5641606946274296,True,1.0,0.7475128634726382,0.2052649116961013,chem
CPC005 HCC515 6H-trichostatin a-10.0,trichostatin a,HCC515,6H,10.0,95,122,2,0,0.0853754527486463,1.0,4.394444444444445,0.0,1.0686669802273372,0.49536710861879296,0.5732998716085442,0.29545854400644106,True,1.0,1.6160893255104405,0.07830723092302566,chem
CPC005 HCC515 6H-geldanamycin-10.0,geldanamycin,HCC515,6H,10.0,128,80,0,0,1.0,1.0,0.0,0.0,-0.0,0.3918902868524904,-0.3918902868524904,1.0,False,1.0,-0.5657980364905775,1.0,chem
CPC005 HCC515 6H-triamcinolone diacetate-10.0,triamcinolone diacetate,HCC515,6H,10.0,86,42,0,2,1.0,0.023248397044170362,0.0,9.482142857142858,1.633606985951258,-0.0,1.633606985951258,0.11069768642285936,True,1.0,2.769522042703207,0.024991669443518827,chem
CPC005 HCC515 6H-budesonide-10.0,budesonide,HCC515,6H,10.0,64,60,0,1,1.0,0.163947870305798,0.0,5.969187675070028,0.7852942204734046,0.8110873396632657,-0.025793119189861158,0.4603995186109855,True,1.0,1.0375298166249614,0.1449516827724092,chem
CPC005 HCC515 6H-fludrocortisone acetate-10.0,fludrocortisone acetate,HCC515,6H,10.0,90,84,0,2,1.0,0.02530850680358191,0.0,9.045454545454545,1.5967334773662298,-0.0,1.5967334773662298,0.11835813501514326,True,1.0,2.694237745665046,0.02999000333222259,chem
CPC005 HCC515 6H-periplocymarin-10.0,periplocymarin,HCC515,6H,10.0,105,61,0,1,1.0,0.2552603907065274,0.0,3.5927601809954752,0.5930165703589346,-0.0,0.5930165703589346,0.6038110809706237,True,1.0,0.6449583396894902,0.22292569143618793,chem
CPC005 HCC515 6H-quinacrine dihydrochloride dihydrate-10.0,quinacrine dihydrochloride dihydrate,HCC515,6H,10.0,46,100,2,0,0.060385534471033536,1.0,5.399659863945578,0.0,1.2190670854156123,-0.0,1.2190670854156123,0.229888073822353,True,1.0,1.923159811289006,0.06064645118293902,chem
CPC005 HCC515 6H-hydrocortisone phosphate triethylamine-10.0,hydrocortisone phosphate triethylamine,HCC515,6H,10.0,93,73,0,1,1.0,0.2295596289222189,0.0,4.069053708439898,0.6391044859514033,-0.0,0.6391044859514033,0.5673778484735623,True,1.0,0.7390556051919627,0.20759746751082972,chem
CPC005 HCC515 6H-calyculin a-10.0,calyculin a,HCC515,6H,10.0,106,44,0,0,1.0,1.0,0.0,0.0,-0.0,0.45651220621471916,-0.45651220621471916,1.0,False,1.0,-0.5657980364905775,1.0,chem
CPC005 HCC515 6H-bntx maleate-10.0,bntx maleate,HCC515,6H,10.0,89,63,1,0,0.22488647375162832,1.0,4.12,0.0,0.6480366652921943,0.7915750400061757,-0.14353837471398145,0.5604529766476776,True,1.0,0.7572923520732525,0.20359880039986672,chem
CPC005 HCC515 6H-hydrocortisone acetate-10.0,hydrocortisone acetate,HCC515,6H,10.0,87,43,0,0,1.0,1.0,0.0,0.0,-0.0,-0.0,0.0,1.0,False,1.0,-0.5657980364905775,1.0,chem
CPC005 HCC515 6H-wortmannin-10.0,wortmannin,HCC515,6H,10.0,42,52,0,0,1.0,1.0,0.0,0.0,-0.0,-0.0,0.0,1.0,False,1.0,-0.5657980364905775,1.0,chem
CPC005 HCC515 6H-doxorubicin hydrochloride-10.0,doxorubicin hydrochloride,HCC515,6H,10.0,82,171,0,0,1.0,1.0,0.0,0.0,-0.0,-0.0,0.0,1.0,False,1.0,-0.5657980364905775,1.0,chem
CPC005 HCC515 6H-cercosporin-10.0,cercosporin,HCC515,6H,10.0,94,94,0,0,1.0,1.0,0.0,0.0,-0.0,-0.0,0.0,1.0,False,1.0,-0.5657980364905775,1.0,chem
CPC005 HCC515 6H-BRD-A82238138 (budesonide)-10.0,brd-a82238138 (budesonide),HCC515,6H,10.0,111,56,0,2,1.0,0.037277852771191486,0.0,7.2786697247706424,1.4285491112450832,-0.0,1.4285491112450832,0.15989797728217692,True,1.0,2.3508573009470672,0.040986337887370876,chem
CPC005 HCC515 6H-thioridazine hydrochloride-10.0,thioridazine hydrochloride,HCC515,6H,10.0,108,56,1,0,0.20253482817430737,1.0,4.649454545454545,0.0,0.6935002841365968,0.44997494127189797,0.24352534286469885,0.5259512351037625,True,1.0,0.8501149967537601,0.1809396867710763,chem
CPC005 HCC515 6H-triamcinolone acetonide-10.0,triamcinolone acetonide,HCC515,6H,10.0,67,47,0,0,1.0,1.0,0.0,0.0,-0.0,-0.0,0.0,1.0,False,1.0,-0.5657980364905775,1.0,chem
CPC005 HCC515 6H-digitoxigenin-10.0,digitoxigenin,HCC515,6H,10.0,66,56,0,1,1.0,0.16863709948843092,0.0,5.783710407239819,0.7730468761485373,-0.0,0.7730468761485373,0.4688121843547476,True,1.0,1.0125245284529452,0.14995001666111296,chem
CPC005 HCC515 6H-mitoxantrone dihydrochloride-10.0,mitoxantrone dihydrochloride,HCC515,6H,10.0,53,154,1,0,0.46590157439434077,1.0,1.645751633986928,0.0,0.33170582196298476,0.7149673353265971,-0.3832615133636123,0.8217482893032146,True,1.0,0.11144263271137929,0.30256581139620126,chem
CPC005 HCC515 6H-pd 158780-10.0,pd 158780,HCC515,6H,10.0,64,67,0,0,1.0,1.0,0.0,0.0,-0.0,-0.0,0.0,1.0,False,1.0,-0.5657980364905775,1.0,chem
CPC005 HCC515 6H-bibu 1361 dihydrochloride-10.0,bibu 1361 dihydrochloride,HCC515,6H,10.0,87,76,0,0,1.0,1.0,0.0,0.0,-0.0,-0.0,0.0,1.0,False,1.0,-0.5657980364905775,1.0,chem
CPC005 HCC515 6H-purvalanol a-10.0,purvalanol a,HCC515,6H,10.0,108,61,0,0,1.0,1.0,0.0,0.0,-0.0,-0.0,0.0,1.0,False,1.0,-0.5657980364905775,1.0,chem
CPC005 HCC515 6H-pac 1-10.0,pac 1,HCC515,6H,10.0,111,29,0,1,1.0,0.2678050399911292,0.0,3.3935828877005347,0.5721812539866702,-0.0,0.5721812539866702,0.6206371159008817,True,1.0,0.6024190694424898,0.2315894701766078,chem
CPC005 HCC515 6H-indirubin-3-oxime-10.0,indirubin-3-oxime,HCC515,6H,10.0,102,77,0,0,1.0,1.0,0.0,0.0,-0.0,-0.0,0.0,1.0,False,1.0,-0.5657980364905775,1.0,chem
CPC005 HCC515 6H-manumycin a-10.0,manumycin a,HCC515,6H,10.0,84,32,0,0,1.0,1.0,0.0,0.0,-0.0,-0.0,0.0,1.0,False,1.0,-0.5657980364905775,1.0,chem
CPC005 HCC515 6H-vorinostat-10.0,vorinostat,HCC515,6H,10.0,137,92,1,0,0.3112341529856881,1.0,2.7942857142857145,0.0,0.5069127521727649,0.9832411093140007,-0.4763283571412358,0.6745096898258748,True,1.0,0.46916098074005225,0.2562479173608797,chem
CPC005 HT29 24H-rhodomyrtoxin b-10.0,rhodomyrtoxin b,HT29,24H,10.0,109,186,0,0,1.0,1.0,0.0,0.0,-0.0,0.8353644629654372,-0.8353644629654372,1.0,False,1.0,-0.5657980364905775,1.0,chem
CPC005 HT29 24H-etoposide-10.0,etoposide,HT29,24H,10.0,79,50,0,0,1.0,1.0,0.0,0.0,-0.0,0.5626671240162882,-0.5626671240162882,1.0,False,1.0,-0.5657980364905775,1.0,chem
CPC005 HT29 24H-trichostatin a-10.0,trichostatin a,HT29,24H,10.0,168,212,2,0,0.20871186809851583,1.0,2.4753968253968255,0.0,0.6804528547047959,0.30462009897596326,0.3758327557288326,0.5357217482057275,True,1.0,0.8234761823143072,0.18693768743752082,chem
CPC005 HT29 24H-geldanamycin-10.0,geldanamycin,HT29,24H,10.0,107,147,1,0,0.4502746888667881,1.0,1.7265753424657535,0.0,0.34652246519437835,3.2151823814424447,-2.8686599162480664,0.809547720651498,True,1.0,0.14169363439104046,0.3015661446184605,chem
CPC005 HT29 24H-lomatin-10.0,lomatin,HT29,24H,10.0,48,62,0,0,1.0,1.0,0.0,0.0,-0.0,0.753917469441078,-0.753917469441078,1.0,False,1.0,-0.5657980364905775,1.0,chem
CPC005 HT29 24H-metergoline-10.0,metergoline,HT29,24H,10.0,70,42,0,0,1.0,1.0,0.0,0.0,-0.0,0.6079451464532162,-0.6079451464532162,1.0,False,1.0,-0.5657980364905775,1.0,chem
CPC005 HT29 24H-metixene hydrochloride-10.0,metixene hydrochloride,HT29,24H,10.0,95,31,1,0,0.11753768533149536,1.0,8.557333333333334,0.0,0.9298228660944556,-0.0,0.9298228660944556,0.36918543128048875,True,1.0,1.33261259841037,0.10129956681106297,chem
CPC005 HT29 24H-chlorphensin carbamate-10.0,chlorphensin carbamate,HT29,24H,10.0,57,64,0,0,1.0,1.0,0.0,0.0,-0.0,0.7852942204734046,-0.7852942204734046,1.0,False,1.0,-0.5657980364905775,1.0,chem
CPC005 HT29 24H-periplocymarin-10.0,periplocymarin,HT29,24H,10.0,132,127,1,0,0.40316610512282164,1.0,2.006984126984127,0.0,0.39451598692187906,-0.0,0.39451598692187906,0.7694048681827055,True,1.0,0.23968155808723135,0.29323558813728756,chem
CPC005 HT29 24H-quinacrine dihydrochloride dihydrate-10.0,quinacrine dihydrochloride dihydrate,HT29,24H,10.0,179,119,1,0,0.3832558767415772,1.0,2.145762711864407,0.0,0.4165111770688363,1.469951852724056,-1.0534406756552197,0.7508183556398104,True,1.0,0.2845889317540458,0.28723758747084305,chem
CPC005 HT29 24H-calyculin a-10.0,calyculin a,HT29,24H,10.0,94,75,0,0,1.0,1.0,0.0,0.0,-0.0,1.2217111490679198,-1.2217111490679198,1.0,False,1.0,-0.5657980364905775,1.0,chem
CPC005 HT29 24H-trimeprazine tartrate-10.0,trimeprazine tartrate,HT29,24H,10.0,88,31,0,1,1.0,0.21860567577854212,0.0,4.306288032454361,0.6603385664151288,0.5230244433559751,0.1373141230591537,0.5509924883422137,True,1.0,0.7824090283487812,0.19926691102965677,chem
CPC005 HT29 24H-tetrindole mesylate-10.0,tetrindole mesylate,HT29,24H,10.0,32,16,0,0,1.0,1.0,0.0,0.0,-0.0,-0.0,0.0,1.0,False,1.0,-0.5657980364905775,1.0,chem
CPC005 HT29 24H-ca-074-me-10.0,ca-074-me,HT29,24H,10.0,106,68,0,0,1.0,1.0,0.0,0.0,-0.0,0.7611977252571888,-0.7611977252571888,1.0,False,1.0,-0.5657980364905775,1.0,chem
CPC005 HT29 24H-helveticoside-10.0,helveticoside,HT29,24H,10.0,87,78,0,0,1.0,1.0,0.0,0.0,-0.0,1.234367592855886,-1.234367592855886,1.0,False,1.0,-0.5657980364905775,1.0,chem
CPC005 HT29 24H-reserpine-10.0,reserpine,HT29,24H,10.0,38,40,0,0,1.0,1.0,0.0,0.0,-0.0,-0.0,0.0,1.0,False,1.0,-0.5657980364905775,1.0,chem
CPC005 HT29 24H-lasalocid sodium-10.0,lasalocid sodium,HT29,24H,10.0,109,66,0,1,1.0,0.26364583435556227,0.0,3.457516339869281,0.5789790861974325,0.4467617988997304,0.13221728729770216,0.6151249127587459,True,1.0,0.6162981397834771,0.23025658113962014,chem
CPC005 HT29 24H-wortmannin-10.0,wortmannin,HT29,24H,10.0,85,75,1,0,0.26180927464089154,1.0,3.4454054054054053,0.0,0.5820149725522035,-0.0,0.5820149725522035,0.612670094069806,True,1.0,0.6224964805130999,0.22925691436187937,chem
CPC005 HT29 24H-salubrinal-10.0,salubrinal,HT29,24H,10.0,68,47,0,2,1.0,0.014923176824648278,0.0,12.102272727272727,1.826138715030078,-0.0,1.826138715030078,0.07767274442518887,True,1.0,3.162612270279918,0.016661112962345886,chem
CPC005 HT29 24H-cercosporin-10.0,cercosporin,HT29,24H,10.0,161,139,0,1,1.0,0.3648541509812331,0.0,2.3147058823529414,0.437880708372561,1.3573233720189273,-0.9194426636463663,0.7327211185378739,True,1.0,0.3282189036219549,0.27924025324891705,chem
CPC005 HT29 24H-naltrexone hydrochloride-10.0,naltrexone hydrochloride,HT29,24H,10.0,36,25,0,0,1.0,1.0,0.0,0.0,-0.0,-0.0,0.0,1.0,False,1.0,-0.5657980364905775,1.0,chem
CPC005 HT29 24H-thioridazine hydrochloride-10.0,thioridazine hydrochloride,HT29,24H,10.0,110,92,0,1,1.0,0.2657282184846432,0.0,3.4252563410685375,0.5755623240938987,0.4435847365427099,0.13197758755118882,0.6178928380720132,True,1.0,0.6093221686057408,0.23025658113962014,chem
"CPC005 HT29 24H-tamoxifen, 4-hydroxy-, (z)--10.0","tamoxifen, 4-hydroxy-, (z)-",HT29,24H,10.0,59,28,0,0,1.0,1.0,0.0,0.0,-0.0,0.6732772051014339,-0.6732772051014339,1.0,False,1.0,-0.5657980364905775,1.0,chem
CPC005 HT29 24H-fgin-1-27-10.0,fgin-1-27,HT29,24H,10.0,45,15,0,0,1.0,1.0,0.0,0.0,-0.0,2.1672707149484483,-2.1672707149484483,1.0,False,1.0,-0.5657980364905775,1.0,chem
CPC005 HT29 24H-gemfibrozil-10.0,gemfibrozil,HT29,24H,10.0,38,57,1,0,0.20576544432692015,1.0,4.565714285714286,0.0,0.6866275576504163,-0.0,0.6866275576504163,0.5310843935060165,True,1.0,0.836083015472279,0.1846051316227924,chem
CPC005 HT29 24H-indirubin-10.0,indirubin,HT29,24H,10.0,64,59,0,0,1.0,1.0,0.0,0.0,-0.0,-0.0,0.0,1.0,False,1.0,-0.5657980364905775,1.0,chem
"CPC005 HT29 24H-l-168,049-10.0","l-168,049",HT29,24H,10.0,44,34,1,1,0.12817950902771566,0.11566128005704895,7.775757575757575,8.772913816689467,1.828993401790699,0.788430056468702,1.040563345321997,0.07726131317643005,True,1.0,3.1684406574956863,0.01599466844385205,chem
CPC005 HT29 24H-digitoxigenin-10.0,digitoxigenin,HT29,24H,10.0,157,140,1,0,0.434208663350478,1.0,1.8155395683453237,0.0,0.3623015157324212,0.8128439075818801,-0.4505423918494589,0.7964385866656718,True,1.0,0.17390957405262442,0.2999000333222259,chem
CPC005 HT29 24H-mk 212-10.0,mk 212,HT29,24H,10.0,66,73,1,0,0.25577520118246594,1.0,3.542222222222222,0.0,0.5921415650633886,-0.0,0.5921415650633886,0.6045135210175503,True,1.0,0.6431718495748338,0.2242585804731756,chem
CPC005 HT29 24H-mitoxantrone dihydrochloride-10.0,mitoxantrone dihydrochloride,HT29,24H,10.0,153,148,1,0,0.45253371495963823,1.0,1.7145578231292518,0.0,0.3443490591649153,0.33376701769642086,0.010582041468494452,0.8113445345303775,True,1.0,0.13725621166167587,0.3015661446184605,chem
CPC005 HT29 24H-ly-294002-10.0,ly-294002,HT29,24H,10.0,42,27,0,0,1.0,1.0,0.0,0.0,-0.0,-0.0,0.0,1.0,False,1.0,-0.5657980364905775,1.0,chem
CPC005 HT29 24H-BRD-K31342827-10.0,brd-k31342827,HT29,24H,10.0,99,88,0,0,1.0,1.0,0.0,0.0,-0.0,0.6603385664151288,-0.6603385664151288,1.0,False,1.0,-0.5657980364905775,1.0,chem
CPC005 HT29 24H-chelidonine (+)-10.0,chelidonine (+),HT29,24H,10.0,87,152,1,0,0.46148088201397686,1.0,1.6680794701986754,0.0,0.3358462859876148,0.5271883160897466,-0.1913420301021318,0.8183508095329024,True,1.0,0.11989617932160423,0.30223258913695433,chem
CPC005 HT29 24H-hymecromone-10.0,hymecromone,HT29,24H,10.0,21,56,0,0,1.0,1.0,0.0,0.0,-0.0,-0.0,0.0,1.0,False,1.0,-0.5657980364905775,1.0,chem
CPC005 HT29 24H-cgs 15943-10.0,cgs 15943,HT29,24H,10.0,67,67,1,0,0.2373870797537027,1.0,3.8678787878787877,0.0,0.6245429220468399,1.3916169430886653,-0.7670740210418254,0.5787647085824554,True,1.0,0.7093253965842462,0.2125958013995335,chem
CPC005 HT29 24H-bibu 1361 dihydrochloride-10.0,bibu 1361 dihydrochloride,HT29,24H,10.0,88,56,0,1,1.0,0.21860567577854212,0.0,4.306288032454361,0.6603385664151288,0.8388118036261796,-0.1784732372110508,0.5509924883422137,True,1.0,0.7824090283487812,0.19926691102965677,chem
CPC005 HT29 24H-e6 berbamine-10.0,e6 berbamine,HT29,24H,10.0,42,19,0,0,1.0,1.0,0.0,0.0,-0.0,-0.0,0.0,1.0,False,1.0,-0.5657980364905775,1.0,chem
CPC005 HT29 24H-purvalanol a-10.0,purvalanol a,HT29,24H,10.0,96,74,0,0,1.0,1.0,0.0,0.0,-0.0,0.49161524607514395,-0.49161524607514395,1.0,False,1.0,-0.5657980364905775,1.0,chem
CPC005 HT29 24H-pac 1-10.0,pac 1,HT29,24H,10.0,119,54,0,0,1.0,1.0,0.0,0.0,-0.0,1.269996686900345,-1.269996686900345,1.0,False,1.0,-0.5657980364905775,1.0,chem
CPC005 HT29 24H-fluphenazine dihydrochloride-10.0,fluphenazine dihydrochloride,HT29,24H,10.0,32,9,0,0,1.0,1.0,0.0,0.0,-0.0,-0.0,0.0,1.0,False,1.0,-0.5657980364905775,1.0,chem
CPC005 HT29 24H-anpirtoline hydrochloride-10.0,anpirtoline hydrochloride,HT29,24H,10.0,42,85,1,0,0.2912808052015777,1.0,3.0304761904761905,0.0,0.5356881335312719,-0.0,0.5356881335312719,0.6505662149265841,True,1.0,0.527911407285027,0.24458513828723757,chem
CPC005 HT29 24H-calcipotriol-10.0,calcipotriol,HT29,24H,10.0,49,26,0,0,1.0,1.0,0.0,0.0,-0.0,-0.0,0.0,1.0,False,1.0,-0.5657980364905775,1.0,chem
CPC005 HT29 24H-mbcq-10.0,mbcq,HT29,24H,10.0,53,33,0,0,1.0,1.0,0.0,0.0,-0.0,-0.0,0.0,1.0,False,1.0,-0.5657980364905775,1.0,chem
CPC005 HT29 24H-thapsigargin-10.0,thapsigargin,HT29,24H,10.0,194,164,0,0,1.0,1.0,0.0,0.0,-0.0,2.5073777548358462,-2.5073777548358462,1.0,False,1.0,-0.5657980364905775,1.0,chem
CPC005 HT29 24H-manumycin a-10.0,manumycin a,HT29,24H,10.0,13,10,0,0,1.0,1.0,0.0,0.0,-0.0,-0.0,0.0,1.0,False,1.0,-0.5657980364905775,1.0,chem
CPC005 HT29 24H-nitrofurazone-10.0,nitrofurazone,HT29,24H,10.0,60,50,0,0,1.0,1.0,0.0,0.0,-0.0,-0.0,0.0,1.0,False,1.0,-0.5657980364905775,1.0,chem
CPC005 HT29 24H-vorinostat-10.0,vorinostat,HT29,24H,10.0,200,208,1,2,0.5728952227508097,0.10516375377226132,1.2059903381642512,3.9507575757575757,1.2200587195683212,0.2530082408498584,0.9670504787184628,0.22950132928948766,True,1.0,1.9251844214487248,0.06064645118293902,chem
CPC005 HT29 24H-rs 102895 hydrochloride-10.0,rs 102895 hydrochloride,HT29,24H,10.0,58,26,0,1,1.0,0.14972984990012858,0.0,6.603715170278638,0.8246916107817338,0.6798880550210863,0.14480355576064752,0.4340552471630674,True,1.0,1.117967099333255,0.13362212595801398,chem
CPC005 HT29 24H-trifluoperazine dihydrochloride-10.0,trifluoperazine dihydrochloride,HT29,24H,10.0,16,2,0,0,1.0,1.0,0.0,0.0,-0.0,-0.0,0.0,1.0,False,1.0,-0.5657980364905775,1.0,chem
"CPC005 HT29 24H-vegf receptor 3 kinase inhibitor, maz51-10.0","vegf receptor 3 kinase inhibitor, maz51",HT29,24H,10.0,62,40,0,0,1.0,1.0,0.0,0.0,-0.0,-0.0,0.0,1.0,False,1.0,-0.5657980364905775,1.0,chem
CPC005 HT29 6H-rhodomyrtoxin b-10.0,rhodomyrtoxin b,HT29,6H,10.0,42,46,1,0,0.16952594816869557,1.0,5.6915555555555555,0.0,0.7707638179093317,-0.0,0.7707638179093317,0.47039200217099253,True,1.0,1.0078632298341974,0.15128290569810063,chem
CPC005 HT29 6H-trichostatin a-10.0,trichostatin a,HT29,6H,10.0,52,38,0,1,1.0,0.13528368405107447,0.0,7.387543252595155,0.868754578523359,0.7224238932797868,0.14633068524357218,0.4059026415009191,True,1.0,1.2079300477788584,0.11929356881039653,chem
CPC005 HT29 6H-geldanamycin-10.0,geldanamycin,HT29,6H,10.0,94,49,0,0,1.0,1.0,0.0,0.0,-0.0,0.4991666218731878,-0.4991666218731878,1.0,False,1.0,-0.5657980364905775,1.0,chem
CPC005 HT29 6H-quinacrine dihydrochloride dihydrate-10.0,quinacrine dihydrochloride dihydrate,HT29,6H,10.0,105,76,0,1,1.0,0.2552603907065274,0.0,3.5927601809954752,0.5930165703589346,0.45983774748722833,0.1331788228717063,0.6038110809706237,True,1.0,0.6449583396894902,0.22292569143618793,chem
CPC005 HT29 6H-calyculin a-10.0,calyculin a,HT29,6H,10.0,76,53,0,0,1.0,1.0,0.0,0.0,-0.0,-0.0,0.0,1.0,False,1.0,-0.5657980364905775,1.0,chem
CPC005 HT29 6H-tetrindole mesylate-10.0,tetrindole mesylate,HT29,6H,10.0,50,23,0,1,1.0,0.13041700288025662,0.0,7.691476590636254,0.8846657845573468,-0.0,0.8846657845573468,0.3960788175711977,True,1.0,1.2404158080784486,0.11296234588470509,chem
CPC005 HT29 6H-bntx maleate-10.0,bntx maleate,HT29,6H,10.0,193,65,0,2,1.0,0.09902687875132046,0.0,4.100130890052356,1.004246909351932,0.26324937261168196,0.7409975367402499,0.3280130645599996,True,1.0,1.4845634703068336,0.08630456514495169,chem
CPC005 HT29 6H-reserpine-10.0,reserpine,HT29,6H,10.0,50,33,0,0,1.0,1.0,0.0,0.0,-0.0,-0.0,0.0,1.0,False,1.0,-0.5657980364905775,1.0,chem
CPC005 HT29 6H-doxorubicin hydrochloride-10.0,doxorubicin hydrochloride,HT29,6H,10.0,68,55,1,0,0.1992915786095541,1.0,4.736296296296296,0.0,0.7005110527328965,-0.0,0.7005110527328965,0.5207461661068911,True,1.0,0.8644288173182598,0.17760746417860712,chem
CPC005 HT29 6H-thioridazine hydrochloride-10.0,thioridazine hydrochloride,HT29,6H,10.0,59,21,0,0,1.0,1.0,0.0,0.0,-0.0,-0.0,0.0,1.0,False,1.0,-0.5657980364905775,1.0,chem
CPC005 HT29 6H-digitoxigenin-10.0,digitoxigenin,HT29,6H,10.0,111,62,0,2,1.0,0.037277852771191486,0.0,7.2786697247706424,1.4285491112450832,-0.0,1.4285491112450832,0.15989797728217692,True,1.0,2.3508573009470672,0.040986337887370876,chem
CPC005 HT29 6H-mitoxantrone dihydrochloride-10.0,mitoxantrone dihydrochloride,HT29,6H,10.0,61,73,0,1,1.0,0.15686716502364104,0.0,6.270588235294118,0.8044679521516095,-0.0,0.8044679521516095,0.447440985932813,True,1.0,1.0766766449682252,0.13828723758747083,chem
CPC005 HT29 6H-BRD-K31342827-10.0,brd-k31342827,HT29,6H,10.0,61,56,0,0,1.0,1.0,0.0,0.0,-0.0,-0.0,0.0,1.0,False,1.0,-0.5657980364905775,1.0,chem
CPC005 HT29 6H-qx 222-10.0,qx 222,HT29,6H,10.0,52,26,0,0,1.0,1.0,0.0,0.0,-0.0,-0.0,0.0,1.0,False,1.0,-0.5657980364905775,1.0,chem
CPC005 HT29 6H-dilazep dihydrochloride-10.0,dilazep dihydrochloride,HT29,6H,10.0,58,55,1,1,0.1992915786095541,0.14972984990012858,4.736296296296296,6.603715170278638,1.5252026635146303,-0.0,1.5252026635146303,0.1346349025465719,True,1.0,2.5481939531420927,0.033988670443185605,chem
CPC005 HT29 6H-bibu 1361 dihydrochloride-10.0,bibu 1361 dihydrochloride,HT29,6H,10.0,40,30,0,0,1.0,1.0,0.0,0.0,-0.0,-0.0,0.0,1.0,False,1.0,-0.5657980364905775,1.0,chem
CPC005 HT29 6H-purvalanol a-10.0,purvalanol a,HT29,6H,10.0,65,58,0,0,1.0,1.0,0.0,0.0,-0.0,-0.0,0.0,1.0,False,1.0,-0.5657980364905775,1.0,chem
CPC005 HT29 6H-nitrofurazone-10.0,nitrofurazone,HT29,6H,10.0,59,54,1,1,0.19603564821290864,0.15211527114417434,4.826415094339622,6.488843813387424,1.5254921310386207,0.6732772051014339,0.8522149259371868,0.1345650708497048,True,1.0,2.548784956274022,0.033988670443185605,chem
CPC005 HT29 6H-vorinostat-10.0,vorinostat,HT29,6H,10.0,128,89,0,2,1.0,0.04827395175339603,0.0,6.279761904761905,1.316287147950608,0.3918902868524904,0.9243968610981176,0.19458569395033767,True,1.0,2.1216531021857934,0.050983005664778404,chem
CPC005 HT29 6H-trifluoperazine dihydrochloride-10.0,trifluoperazine dihydrochloride,HT29,6H,10.0,10,9,0,0,1.0,1.0,0.0,0.0,-0.0,-0.0,0.0,1.0,False,1.0,-0.5657980364905775,1.0,chem
CPC005 MCF7 24H-rhodomyrtoxin b-10.0,rhodomyrtoxin b,MCF7,24H,10.0,79,45,0,0,1.0,1.0,0.0,0.0,-0.0,-0.0,0.0,1.0,False,1.0,-0.5657980364905775,1.0,chem
CPC005 MCF7 24H-homatropine bromide-10.0,homatropine bromide,MCF7,24H,10.0,30,7,0,0,1.0,1.0,0.0,0.0,-0.0,-0.0,0.0,1.0,False,1.0,-0.5657980364905775,1.0,chem
CPC005 MCF7 24H-etoposide-10.0,etoposide,MCF7,24H,10.0,54,89,0,0,1.0,1.0,0.0,0.0,-0.0,-0.0,0.0,1.0,False,1.0,-0.5657980364905775,1.0,chem
CPC005 MCF7 24H-trichostatin a-10.0,trichostatin a,MCF7,24H,10.0,91,82,0,1,1.0,0.22519556660333467,0.0,4.1607843137254905,0.6474401636371224,-0.0,0.6474401636371224,0.5609139801854295,True,1.0,0.7560744802322632,0.20426524491836054,chem
CPC005 MCF7 24H-geldanamycin-10.0,geldanamycin,MCF7,24H,10.0,94,54,0,0,1.0,1.0,0.0,0.0,-0.0,2.5172461579207974,-2.5172461579207974,1.0,False,1.0,-0.5657980364905775,1.0,chem
CPC005 MCF7 24H-bvt 948-10.0,bvt 948,MCF7,24H,10.0,44,31,0,0,1.0,1.0,0.0,0.0,-0.0,-0.0,0.0,1.0,False,1.0,-0.5657980364905775,1.0,chem
CPC005 MCF7 24H-metergoline-10.0,metergoline,MCF7,24H,10.0,10,2,0,0,1.0,1.0,0.0,0.0,-0.0,-0.0,0.0,1.0,False,1.0,-0.5657980364905775,1.0,chem
CPC005 MCF7 24H-penicillic acid-10.0,penicillic acid,MCF7,24H,10.0,19,9,0,0,1.0,1.0,0.0,0.0,-0.0,-0.0,0.0,1.0,False,1.0,-0.5657980364905775,1.0,chem
CPC005 MCF7 24H-periplocymarin-10.0,periplocymarin,MCF7,24H,10.0,156,86,0,0,1.0,1.0,0.0,0.0,-0.0,0.9968516021152121,-0.9968516021152121,1.0,False,1.0,-0.5657980364905775,1.0,chem
CPC005 MCF7 24H-quinacrine dihydrochloride dihydrate-10.0,quinacrine dihydrochloride dihydrate,MCF7,24H,10.0,62,89,0,0,1.0,1.0,0.0,0.0,-0.0,0.654174227302204,-0.654174227302204,1.0,False,1.0,-0.5657980364905775,1.0,chem
CPC005 MCF7 24H-calyculin a-10.0,calyculin a,MCF7,24H,10.0,64,64,0,0,1.0,1.0,0.0,0.0,-0.0,-0.0,0.0,1.0,False,1.0,-0.5657980364905775,1.0,chem
CPC005 MCF7 24H-trimeprazine tartrate-10.0,trimeprazine tartrate,MCF7,24H,10.0,21,6,0,0,1.0,1.0,0.0,0.0,-0.0,-0.0,0.0,1.0,False,1.0,-0.5657980364905775,1.0,chem
CPC005 MCF7 24H-bntx maleate-10.0,bntx maleate,MCF7,24H,10.0,122,104,1,0,0.3441896386312761,1.0,2.4640776699029128,0.0,0.46320220766619413,0.5966220983101204,-0.13341989064392623,0.7112893995381,True,1.0,0.379917571511874,0.2692435854715095,chem
CPC005 MCF7 24H-ca-074-me-10.0,ca-074-me,MCF7,24H,10.0,45,14,0,0,1.0,1.0,0.0,0.0,-0.0,1.4171758591830963,-1.4171758591830963,1.0,False,1.0,-0.5657980364905775,1.0,chem
CPC005 MCF7 24H-helveticoside-10.0,helveticoside,MCF7,24H,10.0,88,53,1,0,0.19276698939407128,1.0,4.92,0.0,0.7149673353265971,-0.0,0.7149673353265971,0.5101141040569566,True,1.0,0.8939440740598883,0.1732755748083972,chem
CPC005 MCF7 24H-lasalocid sodium-10.0,lasalocid sodium,MCF7,24H,10.0,20,10,0,0,1.0,1.0,0.0,0.0,-0.0,1.5610292910797714,-1.5610292910797714,1.0,False,1.0,-0.5657980364905775,1.0,chem
CPC005 MCF7 24H-wortmannin-10.0,wortmannin,MCF7,24H,10.0,20,30,0,0,1.0,1.0,0.0,0.0,-0.0,-0.0,0.0,1.0,False,1.0,-0.5657980364905775,1.0,chem
CPC005 MCF7 24H-doxorubicin hydrochloride-10.0,doxorubicin hydrochloride,MCF7,24H,10.0,45,72,0,0,1.0,1.0,0.0,0.0,-0.0,-0.0,0.0,1.0,False,1.0,-0.5657980364905775,1.0,chem
CPC005 MCF7 24H-salubrinal-10.0,salubrinal,MCF7,24H,10.0,20,15,0,0,1.0,1.0,0.0,0.0,-0.0,-0.0,0.0,1.0,False,1.0,-0.5657980364905775,1.0,chem
CPC005 MCF7 24H-cercosporin-10.0,cercosporin,MCF7,24H,10.0,84,36,0,0,1.0,1.0,0.0,0.0,-0.0,-0.0,0.0,1.0,False,1.0,-0.5657980364905775,1.0,chem
CPC005 MCF7 24H-simvastatin-10.0,simvastatin,MCF7,24H,10.0,23,11,0,0,1.0,1.0,0.0,0.0,-0.0,-0.0,0.0,1.0,False,1.0,-0.5657980364905775,1.0,chem
CPC005 MCF7 24H-thioridazine hydrochloride-10.0,thioridazine hydrochloride,MCF7,24H,10.0,27,15,0,1,1.0,0.07255857404396601,0.0,14.547511312217194,1.1393112608283664,-0.0,1.1393112608283664,0.262905916509982,True,1.0,1.760323091400961,0.06797734088637121,chem
"CPC005 MCF7 24H-tamoxifen, 4-hydroxy-, (z)--10.0","tamoxifen, 4-hydroxy-, (z)-",MCF7,24H,10.0,32,14,0,0,1.0,1.0,0.0,0.0,-0.0,-0.0,0.0,1.0,False,1.0,-0.5657980364905775,1.0,chem
CPC005 MCF7 24H-gsk-3 inhibitor ii-10.0,gsk-3 inhibitor ii,MCF7,24H,10.0,14,8,0,0,1.0,1.0,0.0,0.0,-0.0,-0.0,0.0,1.0,False,1.0,-0.5657980364905775,1.0,chem
"CPC005 MCF7 24H-l-741,742 hydrochloride-10.0","l-741,742 hydrochloride",MCF7,24H,10.0,11,11,0,0,1.0,1.0,0.0,0.0,-0.0,-0.0,0.0,1.0,False,1.0,-0.5657980364905775,1.0,chem
CPC005 MCF7 24H-indirubin-10.0,indirubin,MCF7,24H,10.0,26,4,0,0,1.0,1.0,0.0,0.0,-0.0,-0.0,0.0,1.0,False,1.0,-0.5657980364905775,1.0,chem
CPC005 MCF7 24H-digitoxigenin-10.0,digitoxigenin,MCF7,24H,10.0,71,63,1,0,0.22488647375162832,1.0,4.12,0.0,0.6480366652921943,1.3941674267776123,-0.746130761485418,0.5604529766476776,True,1.0,0.7572923520732525,0.20359880039986672,chem
CPC005 MCF7 24H-phenamil-10.0,phenamil,MCF7,24H,10.0,23,11,0,0,1.0,1.0,0.0,0.0,-0.0,1.0528344080754062,-1.0528344080754062,1.0,False,1.0,-0.5657980364905775,1.0,chem
CPC005 MCF7 24H-mitoxantrone dihydrochloride-10.0,mitoxantrone dihydrochloride,MCF7,24H,10.0,25,52,0,0,1.0,1.0,0.0,0.0,-0.0,-0.0,0.0,1.0,False,1.0,-0.5657980364905775,1.0,chem
CPC005 MCF7 24H-ly-294002-10.0,ly-294002,MCF7,24H,10.0,14,7,0,0,1.0,1.0,0.0,0.0,-0.0,-0.0,0.0,1.0,False,1.0,-0.5657980364905775,1.0,chem
CPC005 MCF7 24H-BRD-K31342827-10.0,brd-k31342827,MCF7,24H,10.0,16,12,0,0,1.0,1.0,0.0,0.0,-0.0,-0.0,0.0,1.0,False,1.0,-0.5657980364905775,1.0,chem
CPC005 MCF7 24H-chelidonine (+)-10.0,chelidonine (+),MCF7,24H,10.0,25,16,0,0,1.0,1.0,0.0,0.0,-0.0,-0.0,0.0,1.0,False,1.0,-0.5657980364905775,1.0,chem
CPC005 MCF7 24H-gw 5074-10.0,gw 5074,MCF7,24H,10.0,14,8,1,0,0.031697417565502664,1.0,36.80571428571429,0.0,1.4989761189411588,-0.0,1.4989761189411588,0.14110169034044234,True,1.0,2.4946474627830093,0.03598800399866711,chem
CPC005 MCF7 24H-rlm-1-127-10.0,rlm-1-127,MCF7,24H,10.0,18,4,0,0,1.0,1.0,0.0,0.0,-0.0,-0.0,0.0,1.0,False,1.0,-0.5657980364905775,1.0,chem
CPC005 MCF7 24H-ki 8751-10.0,ki 8751,MCF7,24H,10.0,18,14,0,0,1.0,1.0,0.0,0.0,-0.0,1.1551358284942217,-1.1551358284942217,1.0,False,1.0,-0.5657980364905775,1.0,chem
CPC005 MCF7 24H-cgs 15943-10.0,cgs 15943,MCF7,24H,10.0,57,43,0,0,1.0,1.0,0.0,0.0,-0.0,0.946233689851697,-0.946233689851697,1.0,False,1.0,-0.5657980364905775,1.0,chem
CPC005 MCF7 24H-bibu 1361 dihydrochloride-10.0,bibu 1361 dihydrochloride,MCF7,24H,10.0,16,2,0,0,1.0,1.0,0.0,0.0,-0.0,-0.0,0.0,1.0,False,1.0,-0.5657980364905775,1.0,chem
CPC005 MCF7 24H-e6 berbamine-10.0,e6 berbamine,MCF7,24H,10.0,11,5,0,0,1.0,1.0,0.0,0.0,-0.0,-0.0,0.0,1.0,False,1.0,-0.5657980364905775,1.0,chem
CPC005 MCF7 24H-purvalanol a-10.0,purvalanol a,MCF7,24H,10.0,24,47,0,0,1.0,1.0,0.0,0.0,-0.0,-0.0,0.0,1.0,False,1.0,-0.5657980364905775,1.0,chem
CPC005 MCF7 24H-pac 1-10.0,pac 1,MCF7,24H,10.0,60,25,0,0,1.0,1.0,0.0,0.0,-0.0,0.6667906672362438,-0.6667906672362438,1.0,False,1.0,-0.5657980364905775,1.0,chem
CPC005 MCF7 24H-indirubin-3-oxime-10.0,indirubin-3-oxime,MCF7,24H,10.0,19,8,0,0,1.0,1.0,0.0,0.0,-0.0,-0.0,0.0,1.0,False,1.0,-0.5657980364905775,1.0,chem
CPC005 MCF7 24H-cmpd-1-10.0,cmpd-1,MCF7,24H,10.0,17,15,0,0,1.0,1.0,0.0,0.0,-0.0,-0.0,0.0,1.0,False,1.0,-0.5657980364905775,1.0,chem
CPC005 MCF7 24H-calcipotriol-10.0,calcipotriol,MCF7,24H,10.0,24,16,0,0,1.0,1.0,0.0,0.0,-0.0,-0.0,0.0,1.0,False,1.0,-0.5657980364905775,1.0,chem
CPC005 MCF7 24H-ro 90-7501-10.0,ro 90-7501,MCF7,24H,10.0,31,15,0,2,1.0,0.0032370420147403256,0.0,27.70258620689655,2.489851663695522,-0.0,2.489851663695522,0.021795312454955067,True,1.0,4.517708779747721,0.003332222592469177,chem
CPC005 MCF7 24H-ethacrynic acid-10.0,ethacrynic acid,MCF7,24H,10.0,42,45,0,0,1.0,1.0,0.0,0.0,-0.0,-0.0,0.0,1.0,False,1.0,-0.5657980364905775,1.0,chem
CPC005 MCF7 24H-mbcq-10.0,mbcq,MCF7,24H,10.0,27,12,0,0,1.0,1.0,0.0,0.0,-0.0,0.9865133261371156,-0.9865133261371156,1.0,False,1.0,-0.5657980364905775,1.0,chem
CPC005 MCF7 24H-manumycin a-10.0,manumycin a,MCF7,24H,10.0,33,48,1,0,0.17623109129409104,1.0,5.447659574468085,0.0,0.753917469441078,-0.0,0.753917469441078,0.4821610625960958,True,1.0,0.9734681979872054,0.1586137954015328,chem
CPC005 MCF7 24H-vorinostat-10.0,vorinostat,MCF7,24H,10.0,118,119,1,1,0.3832558767415772,0.2821882079010582,2.145762711864407,3.1870286576168927,0.9659723155970077,0.41939128926689573,0.546581026330112,0.34870177994998536,True,1.0,1.4064185908029987,0.09263578807064311,chem
CPC005 MCF7 24H-bmy 45778-10.0,bmy 45778,MCF7,24H,10.0,8,13,0,0,1.0,1.0,0.0,0.0,-0.0,-0.0,0.0,1.0,False,1.0,-0.5657980364905775,1.0,chem
"CPC005 MCF7 24H-vegf receptor 3 kinase inhibitor, maz51-10.0","vegf receptor 3 kinase inhibitor, maz51",MCF7,24H,10.0,21,23,0,0,1.0,1.0,0.0,0.0,-0.0,-0.0,0.0,1.0,False,1.0,-0.5657980364905775,1.0,chem
CPC005 MCF7 6H-ethinyl estradiol-10.0,ethinyl estradiol,MCF7,6H,10.0,27,18,0,0,1.0,1.0,0.0,0.0,-0.0,-0.0,0.0,1.0,False,1.0,-0.5657980364905775,1.0,chem
CPC005 MCF7 6H-rhodomyrtoxin b-10.0,rhodomyrtoxin b,MCF7,6H,10.0,48,21,1,2,0.08115536507504469,0.0076360443352588,12.856,17.418478260869566,3.207814322983867,-0.0,3.207814322983867,0.005197018724331868,True,1.0,5.983566415169973,0.0006664445184938354,chem
CPC005 MCF7 6H-homatropine bromide-10.0,homatropine bromide,MCF7,6H,10.0,26,30,0,0,1.0,1.0,0.0,0.0,-0.0,1.0020757218050245,-1.0020757218050245,1.0,False,1.0,-0.5657980364905775,1.0,chem
CPC005 MCF7 6H-nor-binaltorphimine dihydrochloride-10.0,nor-binaltorphimine dihydrochloride,MCF7,6H,10.0,9,14,0,0,1.0,1.0,0.0,0.0,-0.0,-0.0,0.0,1.0,False,1.0,-0.5657980364905775,1.0,chem
CPC005 MCF7 6H-fluorometholone-10.0,fluorometholone,MCF7,6H,10.0,5,10,0,0,1.0,1.0,0.0,0.0,-0.0,1.5610292910797714,-1.5610292910797714,1.0,False,1.0,-0.5657980364905775,1.0,chem
CPC005 MCF7 6H-fluocinonide-10.0,fluocinonide,MCF7,6H,10.0,10,9,1,0,0.03559099429660333,1.0,32.2,0.0,1.448659879051609,-0.0,1.448659879051609,0.15431054437490663,True,1.0,2.391917267175144,0.039320226591136286,chem
CPC005 MCF7 6H-ethopropazine hydrochloride-10.0,ethopropazine hydrochloride,MCF7,6H,10.0,18,8,0,0,1.0,1.0,0.0,0.0,-0.0,1.1551358284942217,-1.1551358284942217,1.0,False,1.0,-0.5657980364905775,1.0,chem
CPC005 MCF7 6H-etoposide-10.0,etoposide,MCF7,6H,10.0,43,45,0,0,1.0,1.0,0.0,0.0,-0.0,-0.0,0.0,1.0,False,1.0,-0.5657980364905775,1.0,chem
CPC005 MCF7 6H-trichostatin a-10.0,trichostatin a,MCF7,6H,10.0,189,122,0,2,1.0,0.09557024774391576,0.0,4.190508021390374,1.0196772881810932,-0.0,1.0196772881810932,0.31995903256854175,True,1.0,1.5160675302068343,0.08397200933022327,chem
CPC005 MCF7 6H-geldanamycin-10.0,geldanamycin,MCF7,6H,10.0,115,48,0,0,1.0,1.0,0.0,0.0,-0.0,1.112869146294843,-1.112869146294843,1.0,False,1.0,-0.5657980364905775,1.0,chem
CPC005 MCF7 6H-bvt 948-10.0,bvt 948,MCF7,6H,10.0,24,10,0,0,1.0,1.0,0.0,0.0,-0.0,-0.0,0.0,1.0,False,1.0,-0.5657980364905775,1.0,chem
CPC005 MCF7 6H-cyclopiazonic acid-10.0,cyclopiazonic acid,MCF7,6H,10.0,12,11,0,0,1.0,1.0,0.0,0.0,-0.0,-0.0,0.0,1.0,False,1.0,-0.5657980364905775,1.0,chem
CPC005 MCF7 6H-metergoline-10.0,metergoline,MCF7,6H,10.0,28,6,0,0,1.0,1.0,0.0,0.0,-0.0,1.7806003593141566,-1.7806003593141566,1.0,False,1.0,-0.5657980364905775,1.0,chem
CPC005 MCF7 6H-prozac-10.0,prozac,MCF7,6H,10.0,18,17,0,0,1.0,1.0,0.0,0.0,-0.0,-0.0,0.0,1.0,False,1.0,-0.5657980364905775,1.0,chem
CPC005 MCF7 6H-sotalol hydrochloride-10.0,sotalol hydrochloride,MCF7,6H,10.0,20,9,0,0,1.0,1.0,0.0,0.0,-0.0,-0.0,0.0,1.0,False,1.0,-0.5657980364905775,1.0,chem
CPC005 MCF7 6H-metixene hydrochloride-10.0,metixene hydrochloride,MCF7,6H,10.0,18,21,0,0,1.0,1.0,0.0,0.0,-0.0,-0.0,0.0,1.0,False,1.0,-0.5657980364905775,1.0,chem
CPC005 MCF7 6H-ipratropium bromide-10.0,ipratropium bromide,MCF7,6H,10.0,22,24,0,1,1.0,0.05950847718963442,0.0,18.025210084033613,1.2254211631043967,-0.0,1.2254211631043967,0.22741976865416286,True,1.0,1.9361328721796702,0.060313228923692105,chem
CPC005 MCF7 6H-estrone-10.0,estrone,MCF7,6H,10.0,17,11,1,0,0.04333303455755154,1.0,25.752,0.0,1.3631808968079184,-0.0,1.3631808968079184,0.17934849727008692,True,1.0,2.2173956299158526,0.04798400533155615,chem
CPC005 MCF7 6H-fludrocortisone acetate-10.0,fludrocortisone acetate,MCF7,6H,10.0,9,8,0,0,1.0,1.0,0.0,0.0,-0.0,-0.0,0.0,1.0,False,1.0,-0.5657980364905775,1.0,chem
CPC005 MCF7 6H-penicillic acid-10.0,penicillic acid,MCF7,6H,10.0,17,17,0,0,1.0,1.0,0.0,0.0,-0.0,-0.0,0.0,1.0,False,1.0,-0.5657980364905775,1.0,chem
CPC005 MCF7 6H-karakoline-10.0,karakoline,MCF7,6H,10.0,49,10,1,1,0.039469514659834316,0.12797397276504582,28.61777777777778,7.852941176470588,2.296616561714208,-0.0,2.296616561714208,0.03176191511147571,True,1.0,4.123182482305354,0.004665111629456847,chem
CPC005 MCF7 6H-pentobarbital-10.0,pentobarbital,MCF7,6H,10.0,22,14,0,1,1.0,0.05950847718963442,0.0,18.025210084033613,1.2254211631043967,-0.0,1.2254211631043967,0.22741976865416286,True,1.0,1.9361328721796702,0.060313228923692105,chem
CPC005 MCF7 6H-periplocymarin-10.0,periplocymarin,MCF7,6H,10.0,77,62,1,0,0.22173067173433159,1.0,4.188196721311475,0.0,0.654174227302204,-0.0,0.654174227302204,0.5557217696993249,True,1.0,0.7698233549309331,0.2015994668443852,chem
CPC005 MCF7 6H-quinacrine dihydrochloride dihydrate-10.0,quinacrine dihydrochloride dihydrate,MCF7,6H,10.0,39,87,0,0,1.0,1.0,0.0,0.0,-0.0,-0.0,0.0,1.0,False,1.0,-0.5657980364905775,1.0,chem
CPC005 MCF7 6H-calyculin a-10.0,calyculin a,MCF7,6H,10.0,66,39,0,0,1.0,1.0,0.0,0.0,-0.0,-0.0,0.0,1.0,False,1.0,-0.5657980364905775,1.0,chem
CPC005 MCF7 6H-phccc-10.0,phccc,MCF7,6H,10.0,12,9,0,0,1.0,1.0,0.0,0.0,-0.0,1.606217649567748,-1.606217649567748,1.0,False,1.0,-0.5657980364905775,1.0,chem
CPC005 MCF7 6H-ib-meca-10.0,ib-meca,MCF7,6H,10.0,8,10,0,0,1.0,1.0,0.0,0.0,-0.0,-0.0,0.0,1.0,False,1.0,-0.5657980364905775,1.0,chem
CPC005 MCF7 6H-trimeprazine tartrate-10.0,trimeprazine tartrate,MCF7,6H,10.0,11,5,1,0,0.019925787143026362,1.0,64.44,0.0,1.7005845133385995,-0.0,1.7005845133385995,0.09794999984545877,True,1.0,2.9062694329083665,0.022325891369543487,chem
CPC005 MCF7 6H-tetrindole mesylate-10.0,tetrindole mesylate,MCF7,6H,10.0,16,10,0,0,1.0,1.0,0.0,0.0,-0.0,-0.0,0.0,1.0,False,1.0,-0.5657980364905775,1.0,chem
CPC005 MCF7 6H-bntx maleate-10.0,bntx maleate,MCF7,6H,10.0,125,121,0,0,1.0,1.0,0.0,0.0,-0.0,0.9400471569864409,-0.9400471569864409,1.0,False,1.0,-0.5657980364905775,1.0,chem
CPC005 MCF7 6H-ca-074-me-10.0,ca-074-me,MCF7,6H,10.0,19,5,0,0,1.0,1.0,0.0,0.0,-0.0,-0.0,0.0,1.0,False,1.0,-0.5657980364905775,1.0,chem
CPC005 MCF7 6H-n-formylmethionylalanine-10.0,n-formylmethionylalanine,MCF7,6H,10.0,14,6,0,0,1.0,1.0,0.0,0.0,-0.0,-0.0,0.0,1.0,False,1.0,-0.5657980364905775,1.0,chem
"CPC005 MCF7 6H-mdl 11,939-10.0","mdl 11,939",MCF7,6H,10.0,8,8,1,0,0.031697417565502664,1.0,36.80571428571429,0.0,1.4989761189411588,-0.0,1.4989761189411588,0.14110169034044234,True,1.0,2.4946474627830093,0.03598800399866711,chem
CPC005 MCF7 6H-helveticoside-10.0,helveticoside,MCF7,6H,10.0,21,24,0,0,1.0,1.0,0.0,0.0,-0.0,-0.0,0.0,1.0,False,1.0,-0.5657980364905775,1.0,chem
CPC005 MCF7 6H-cv 1808-10.0,cv 1808,MCF7,6H,10.0,11,7,0,0,1.0,1.0,0.0,0.0,-0.0,-0.0,0.0,1.0,False,1.0,-0.5657980364905775,1.0,chem
CPC005 MCF7 6H-dihydroergocristine-10.0,dihydroergocristine,MCF7,6H,10.0,22,4,0,0,1.0,1.0,0.0,0.0,-0.0,-0.0,0.0,1.0,False,1.0,-0.5657980364905775,1.0,chem
CPC005 MCF7 6H-reserpine-10.0,reserpine,MCF7,6H,10.0,15,18,0,0,1.0,1.0,0.0,0.0,-0.0,-0.0,0.0,1.0,False,1.0,-0.5657980364905775,1.0,chem
CPC005 MCF7 6H-sr 202-10.0,sr 202,MCF7,6H,10.0,11,5,0,0,1.0,1.0,0.0,0.0,-0.0,-0.0,0.0,1.0,False,1.0,-0.5657980364905775,1.0,chem
CPC005 MCF7 6H-lasalocid sodium-10.0,lasalocid sodium,MCF7,6H,10.0,54,13,0,2,1.0,0.00959224944394541,0.0,15.39423076923077,2.0180795360476096,-0.0,2.0180795360476096,0.05416551278050944,True,1.0,3.5544960464036657,0.011996001332889037,chem
CPC005 MCF7 6H-wortmannin-10.0,wortmannin,MCF7,6H,10.0,75,45,0,0,1.0,1.0,0.0,0.0,-0.0,-0.0,0.0,1.0,False,1.0,-0.5657980364905775,1.0,chem
CPC005 MCF7 6H-sdm25n hydrochloride-10.0,sdm25n hydrochloride,MCF7,6H,10.0,9,14,0,0,1.0,1.0,0.0,0.0,-0.0,-0.0,0.0,1.0,False,1.0,-0.5657980364905775,1.0,chem
CPC005 MCF7 6H-doxorubicin hydrochloride-10.0,doxorubicin hydrochloride,MCF7,6H,10.0,78,167,0,0,1.0,1.0,0.0,0.0,-0.0,1.8381109392492616,-1.8381109392492616,1.0,False,1.0,-0.5657980364905775,1.0,chem
CPC005 MCF7 6H-fluocinolone acetonide-10.0,fluocinolone acetonide,MCF7,6H,10.0,75,38,1,0,0.1421768062942022,1.0,6.930810810810811,0.0,0.8471712455191108,-0.0,0.8471712455191108,0.4195188106050489,True,1.0,1.1638635589819364,0.12562479173608798,chem
CPC005 MCF7 6H-cercosporin-10.0,cercosporin,MCF7,6H,10.0,59,46,0,0,1.0,1.0,0.0,0.0,-0.0,-0.0,0.0,1.0,False,1.0,-0.5657980364905775,1.0,chem
CPC005 MCF7 6H-naltrexone hydrochloride-10.0,naltrexone hydrochloride,MCF7,6H,10.0,4,28,0,0,1.0,1.0,0.0,0.0,-0.0,-0.0,0.0,1.0,False,1.0,-0.5657980364905775,1.0,chem
CPC005 MCF7 6H-thioridazine hydrochloride-10.0,thioridazine hydrochloride,MCF7,6H,10.0,46,7,0,0,1.0,1.0,0.0,0.0,-0.0,-0.0,0.0,1.0,False,1.0,-0.5657980364905775,1.0,chem
CPC005 MCF7 6H-n6 -cyclopentyladenosine-10.0,n6 -cyclopentyladenosine,MCF7,6H,10.0,14,9,0,0,1.0,1.0,0.0,0.0,-0.0,-0.0,0.0,1.0,False,1.0,-0.5657980364905775,1.0,chem
CPC005 MCF7 6H-dihydroptaeroxylin-10.0,dihydroptaeroxylin,MCF7,6H,10.0,19,7,0,0,1.0,1.0,0.0,0.0,-0.0,-0.0,0.0,1.0,False,1.0,-0.5657980364905775,1.0,chem
"CPC005 MCF7 6H-hydroxytacrine maleate (r,s)-10.0","hydroxytacrine maleate (r,s)",MCF7,6H,10.0,13,8,0,0,1.0,1.0,0.0,0.0,-0.0,-0.0,0.0,1.0,False,1.0,-0.5657980364905775,1.0,chem
CPC005 MCF7 6H-dihydrexidine hydrochloride-10.0,dihydrexidine hydrochloride,MCF7,6H,10.0,9,10,0,0,1.0,1.0,0.0,0.0,-0.0,-0.0,0.0,1.0,False,1.0,-0.5657980364905775,1.0,chem
CPC005 MCF7 6H-dubinidine-10.0,dubinidine,MCF7,6H,10.0,10,23,0,1,1.0,0.027477088270714076,0.0,42.13725490196079,1.5610292910797714,-0.0,1.5610292910797714,0.1262408106099823,True,1.0,2.6213408430093823,0.03165611462845718,chem
CPC005 MCF7 6H-maprotiline hydrochloride-10.0,maprotiline hydrochloride,MCF7,6H,10.0,14,16,0,0,1.0,1.0,0.0,0.0,-0.0,-0.0,0.0,1.0,False,1.0,-0.5657980364905775,1.0,chem
"CPC005 MCF7 6H-tamoxifen, 4-hydroxy-, (z)--10.0","tamoxifen, 4-hydroxy-, (z)-",MCF7,6H,10.0,25,7,0,0,1.0,1.0,0.0,0.0,-0.0,1.0182805797562287,-1.0182805797562287,1.0,False,1.0,-0.5657980364905775,1.0,chem
CPC005 MCF7 6H-ethoprop-10.0,ethoprop,MCF7,6H,10.0,12,11,0,0,1.0,1.0,0.0,0.0,-0.0,-0.0,0.0,1.0,False,1.0,-0.5657980364905775,1.0,chem
CPC005 MCF7 6H-fgin-1-27-10.0,fgin-1-27,MCF7,6H,10.0,23,16,0,0,1.0,1.0,0.0,0.0,-0.0,-0.0,0.0,1.0,False,1.0,-0.5657980364905775,1.0,chem
CPC005 MCF7 6H-gsk-3 inhibitor ii-10.0,gsk-3 inhibitor ii,MCF7,6H,10.0,20,20,0,0,1.0,1.0,0.0,0.0,-0.0,1.2656800203048393,-1.2656800203048393,1.0,False,1.0,-0.5657980364905775,1.0,chem
"CPC005 MCF7 6H-l-741,742 hydrochloride-10.0","l-741,742 hydrochloride",MCF7,6H,10.0,14,30,1,0,0.11396273672112121,1.0,8.853793103448275,0.0,0.9432371300835751,-0.0,0.9432371300835751,0.3614765532684078,True,1.0,1.360000375528906,0.09863378873708764,chem
CPC005 MCF7 6H-pepstatin a-10.0,pepstatin a,MCF7,6H,10.0,14,10,0,0,1.0,1.0,0.0,0.0,-0.0,-0.0,0.0,1.0,False,1.0,-0.5657980364905775,1.0,chem
CPC005 MCF7 6H-indirubin-10.0,indirubin,MCF7,6H,10.0,10,19,0,0,1.0,1.0,0.0,0.0,-0.0,-0.0,0.0,1.0,False,1.0,-0.5657980364905775,1.0,chem
CPC005 MCF7 6H-digitoxigenin-10.0,digitoxigenin,MCF7,6H,10.0,73,57,0,0,1.0,1.0,0.0,0.0,-0.0,-0.0,0.0,1.0,False,1.0,-0.5657980364905775,1.0,chem
CPC005 MCF7 6H-phenamil-10.0,phenamil,MCF7,6H,10.0,21,6,0,0,1.0,1.0,0.0,0.0,-0.0,1.0906827642484969,-1.0906827642484969,1.0,False,1.0,-0.5657980364905775,1.0,chem
CPC005 MCF7 6H-mitoxantrone dihydrochloride-10.0,mitoxantrone dihydrochloride,MCF7,6H,10.0,96,190,0,0,1.0,1.0,0.0,0.0,-0.0,0.49161524607514395,-0.49161524607514395,1.0,False,1.0,-0.5657980364905775,1.0,chem
CPC005 MCF7 6H-ly-294002-10.0,ly-294002,MCF7,6H,10.0,15,25,0,0,1.0,1.0,0.0,0.0,-0.0,-0.0,0.0,1.0,False,1.0,-0.5657980364905775,1.0,chem
CPC005 MCF7 6H-BRD-K31342827-10.0,brd-k31342827,MCF7,6H,10.0,26,25,0,0,1.0,1.0,0.0,0.0,-0.0,-0.0,0.0,1.0,False,1.0,-0.5657980364905775,1.0,chem
CPC005 MCF7 6H-chelidonine (+)-10.0,chelidonine (+),MCF7,6H,10.0,10,29,0,0,1.0,1.0,0.0,0.0,-0.0,-0.0,0.0,1.0,False,1.0,-0.5657980364905775,1.0,chem
CPC005 MCF7 6H-eugenol-10.0,eugenol,MCF7,6H,10.0,10,6,1,0,0.02386487039148536,1.0,51.544,0.0,1.6222409199156114,-0.0,1.6222409199156114,0.11300846053770909,True,1.0,2.746316052158265,0.027657447517494167,chem
CPC005 MCF7 6H-i-ome-ag 538-10.0,i-ome-ag 538,MCF7,6H,10.0,6,15,1,0,0.05863822059168321,1.0,18.382857142857144,0.0,1.231819217066421,-0.0,1.231819217066421,0.22495782627229702,True,1.0,1.9491957190154279,0.059646784405198265,chem
CPC005 MCF7 6H-marmesin-10.0,marmesin,MCF7,6H,10.0,22,5,0,0,1.0,1.0,0.0,0.0,-0.0,-0.0,0.0,1.0,False,1.0,-0.5657980364905775,1.0,chem
CPC005 MCF7 6H-paxilline-10.0,paxilline,MCF7,6H,10.0,31,11,0,1,1.0,0.08287531958572758,0.0,12.6,1.0815747838474978,-0.0,1.0815747838474978,0.2892695051033642,True,1.0,1.6424430672383155,0.07597467510829724,chem
CPC005 MCF7 6H-gw 5074-10.0,gw 5074,MCF7,6H,10.0,10,4,0,0,1.0,1.0,0.0,0.0,-0.0,-0.0,0.0,1.0,False,1.0,-0.5657980364905775,1.0,chem
CPC005 MCF7 6H-zm 39923 hydrochloride-10.0,zm 39923 hydrochloride,MCF7,6H,10.0,26,19,0,0,1.0,1.0,0.0,0.0,-0.0,1.0020757218050245,-1.0020757218050245,1.0,False,1.0,-0.5657980364905775,1.0,chem
CPC005 MCF7 6H-alfaxalone-10.0,alfaxalone,MCF7,6H,10.0,20,12,0,2,1.0,0.0013468282864414428,0.0,44.708333333333336,2.8706877710213803,-0.0,2.8706877710213803,0.010249367122784373,True,1.0,5.295258292310734,0.0023325558147284237,chem
CPC005 MCF7 6H-c2 ceramide-10.0,c2 ceramide,MCF7,6H,10.0,17,8,0,0,1.0,1.0,0.0,0.0,-0.0,-0.0,0.0,1.0,False,1.0,-0.5657980364905775,1.0,chem
CPC005 MCF7 6H-y-27632-10.0,y-27632,MCF7,6H,10.0,10,4,0,0,1.0,1.0,0.0,0.0,-0.0,-0.0,0.0,1.0,False,1.0,-0.5657980364905775,1.0,chem
CPC005 MCF7 6H-piribedil dihydrochloride-10.0,piribedil dihydrochloride,MCF7,6H,10.0,13,16,1,0,0.06242756975790336,1.0,17.154666666666667,0.0,1.2046235713841937,-0.0,1.2046235713841937,0.23558593388225837,True,1.0,1.8936706240013699,0.061312895701432855,chem
CPC005 MCF7 6H-dilazep dihydrochloride-10.0,dilazep dihydrochloride,MCF7,6H,10.0,8,13,0,0,1.0,1.0,0.0,0.0,-0.0,-0.0,0.0,1.0,False,1.0,-0.5657980364905775,1.0,chem
CPC005 MCF7 6H-pd 158780-10.0,pd 158780,MCF7,6H,10.0,19,6,0,0,1.0,1.0,0.0,0.0,-0.0,-0.0,0.0,1.0,False,1.0,-0.5657980364905775,1.0,chem
CPC005 MCF7 6H-cgs 15943-10.0,cgs 15943,MCF7,6H,10.0,32,54,0,0,1.0,1.0,0.0,0.0,-0.0,-0.0,0.0,1.0,False,1.0,-0.5657980364905775,1.0,chem
CPC005 MCF7 6H-bibu 1361 dihydrochloride-10.0,bibu 1361 dihydrochloride,MCF7,6H,10.0,32,8,0,0,1.0,1.0,0.0,0.0,-0.0,-0.0,0.0,1.0,False,1.0,-0.5657980364905775,1.0,chem
CPC005 MCF7 6H-bisindolylmaleimide iv-10.0,bisindolylmaleimide iv,MCF7,6H,10.0,25,47,0,1,1.0,0.06735919288142592,0.0,15.764705882352942,1.1716031253273353,-0.0,1.1716031253273353,0.24907515794170978,True,1.0,1.8262530886305575,0.06497834055314895,chem
CPC005 MCF7 6H-e6 berbamine-10.0,e6 berbamine,MCF7,6H,10.0,10,1,0,0,1.0,1.0,0.0,0.0,-0.0,-0.0,0.0,1.0,False,1.0,-0.5657980364905775,1.0,chem
CPC005 MCF7 6H-purvalanol a-10.0,purvalanol a,MCF7,6H,10.0,90,99,1,0,0.33064675184409836,1.0,2.5918367346938775,0.0,0.4806357392933227,-0.0,0.4806357392933227,0.6965750623330327,True,1.0,0.4155114497134678,0.26391202932355884,chem
CPC005 MCF7 6H-pac 1-10.0,pac 1,MCF7,6H,10.0,21,6,0,0,1.0,1.0,0.0,0.0,-0.0,-0.0,0.0,1.0,False,1.0,-0.5657980364905775,1.0,chem
CPC005 MCF7 6H-gr 103691-10.0,gr 103691,MCF7,6H,10.0,25,11,0,0,1.0,1.0,0.0,0.0,-0.0,-0.0,0.0,1.0,False,1.0,-0.5657980364905775,1.0,chem
CPC005 MCF7 6H-v-ama37-10.0,v-ama37,MCF7,6H,10.0,23,22,1,0,0.08485751299199006,1.0,12.241904761904761,0.0,1.071309700706131,-0.0,1.071309700706131,0.29418247712166845,True,1.0,1.621484943154353,0.07830723092302566,chem
CPC005 MCF7 6H-cnqx disodium salt-10.0,cnqx disodium salt,MCF7,6H,10.0,5,19,2,0,0.002543226307989223,1.0,31.524509803921568,0.0,2.5946149925817017,-0.0,2.5946149925817017,0.017737278692258378,True,1.0,4.731603086886588,0.003332222592469177,chem
CPC005 MCF7 6H-indirubin-3-oxime-10.0,indirubin-3-oxime,MCF7,6H,10.0,20,9,0,0,1.0,1.0,0.0,0.0,-0.0,-0.0,0.0,1.0,False,1.0,-0.5657980364905775,1.0,chem
CPC005 MCF7 6H-cmpd-1-10.0,cmpd-1,MCF7,6H,10.0,19,18,0,0,1.0,1.0,0.0,0.0,-0.0,1.1324864338492995,-1.1324864338492995,1.0,False,1.0,-0.5657980364905775,1.0,chem
CPC005 MCF7 6H-r 59-022-10.0,r 59-022,MCF7,6H,10.0,12,34,0,0,1.0,1.0,0.0,0.0,-0.0,-0.0,0.0,1.0,False,1.0,-0.5657980364905775,1.0,chem
CPC005 MCF7 6H-calcipotriol-10.0,calcipotriol,MCF7,6H,10.0,13,9,0,0,1.0,1.0,0.0,0.0,-0.0,-0.0,0.0,1.0,False,1.0,-0.5657980364905775,1.0,chem
CPC005 MCF7 6H-ro 90-7501-10.0,ro 90-7501,MCF7,6H,10.0,20,14,0,0,1.0,1.0,0.0,0.0,-0.0,-0.0,0.0,1.0,False,1.0,-0.5657980364905775,1.0,chem
CPC005 MCF7 6H-ethacrynic acid-10.0,ethacrynic acid,MCF7,6H,10.0,47,29,0,0,1.0,1.0,0.0,0.0,-0.0,-0.0,0.0,1.0,False,1.0,-0.5657980364905775,1.0,chem
CPC005 MCF7 6H-mbcq-10.0,mbcq,MCF7,6H,10.0,29,8,0,1,1.0,0.07773057101685643,0.0,13.504201680672269,1.109408141910376,-0.0,1.109408141910376,0.276293831557325,True,1.0,1.6992701736457057,0.07264245251582806,chem
CPC005 MCF7 6H-haloperidol-10.0,haloperidol,MCF7,6H,10.0,12,16,0,0,1.0,1.0,0.0,0.0,-0.0,-0.0,0.0,1.0,False,1.0,-0.5657980364905775,1.0,chem
CPC005 MCF7 6H-ha 1100 hydrochloride-10.0,ha 1100 hydrochloride,MCF7,6H,10.0,6,9,0,0,1.0,1.0,0.0,0.0,-0.0,-0.0,0.0,1.0,False,1.0,-0.5657980364905775,1.0,chem
CPC005 MCF7 6H-manumycin a-10.0,manumycin a,MCF7,6H,10.0,141,78,0,0,1.0,1.0,0.0,0.0,-0.0,-0.0,0.0,1.0,False,1.0,-0.5657980364905775,1.0,chem
CPC005 MCF7 6H-nitrofurazone-10.0,nitrofurazone,MCF7,6H,10.0,24,12,0,0,1.0,1.0,0.0,0.0,-0.0,-0.0,0.0,1.0,False,1.0,-0.5657980364905775,1.0,chem
CPC005 MCF7 6H-vorinostat-10.0,vorinostat,MCF7,6H,10.0,141,101,1,2,0.33609586720327156,0.0573928310616175,2.5392,5.680755395683454,1.714679179728802,-0.0,1.714679179728802,0.09544816900294156,True,1.0,2.93504638123502,0.021992669110296566,chem
CPC005 MCF7 6H-dipropyldopamine-10.0,dipropyldopamine,MCF7,6H,10.0,10,9,1,0,0.03559099429660333,1.0,32.2,0.0,1.448659879051609,-0.0,1.448659879051609,0.15431054437490663,True,1.0,2.391917267175144,0.039320226591136286,chem
CPC005 MCF7 6H-liothyronine (l- isomer) sodium-10.0,liothyronine (l- isomer) sodium,MCF7,6H,10.0,16,12,0,0,1.0,1.0,0.0,0.0,-0.0,-0.0,0.0,1.0,False,1.0,-0.5657980364905775,1.0,chem
CPC005 MCF7 6H-ipsapirone-10.0,ipsapirone,MCF7,6H,10.0,10,20,1,0,0.07743881863633138,1.0,13.534736842105263,0.0,1.1110412810048778,-0.0,1.1110412810048778,0.27554799994612456,True,1.0,1.7026045384353101,0.07197600799733422,chem
CPC005 MCF7 6H-ala-ala-phe-cmk-10.0,ala-ala-phe-cmk,MCF7,6H,10.0,16,8,0,0,1.0,1.0,0.0,0.0,-0.0,-0.0,0.0,1.0,False,1.0,-0.5657980364905775,1.0,chem
CPC005 MCF7 6H-n-ethylmaleimide-10.0,n-ethylmaleimide,MCF7,6H,10.0,22,22,0,0,1.0,1.0,0.0,0.0,-0.0,1.071309700706131,-1.071309700706131,1.0,False,1.0,-0.5657980364905775,1.0,chem
CPC005 PC3 24H-rhodomyrtoxin b-10.0,rhodomyrtoxin b,PC3,24H,10.0,178,119,0,0,1.0,1.0,0.0,0.0,-0.0,1.3440404578619072,-1.3440404578619072,1.0,False,1.0,-0.5657980364905775,1.0,chem
CPC005 PC3 24H-fluorometholone-10.0,fluorometholone,PC3,24H,10.0,20,18,0,0,1.0,1.0,0.0,0.0,-0.0,-0.0,0.0,1.0,False,1.0,-0.5657980364905775,1.0,chem
CPC005 PC3 24H-etoposide-10.0,etoposide,PC3,24H,10.0,18,31,0,0,1.0,1.0,0.0,0.0,-0.0,-0.0,0.0,1.0,False,1.0,-0.5657980364905775,1.0,chem
CPC005 PC3 24H-trichostatin a-10.0,trichostatin a,PC3,24H,10.0,238,280,2,1,0.31095407836082295,0.49089311902469096,1.8495203836930456,1.5435591958302308,0.8163167982394148,0.20544723632538622,0.6108695619140286,0.4395631045176098,True,1.0,1.1008683230228593,0.13628790403198934,chem
CPC005 PC3 24H-geldanamycin-10.0,geldanamycin,PC3,24H,10.0,109,120,0,0,1.0,1.0,0.0,0.0,-0.0,0.5432569130280658,-0.5432569130280658,1.0,False,1.0,-0.5657980364905775,1.0,chem
CPC005 PC3 24H-bvt 948-10.0,bvt 948,PC3,24H,10.0,188,136,2,0,0.10266353983120093,1.0,3.9266169154228856,0.0,0.9885837653757272,1.5399818269144439,-0.5513980615387166,0.33635637499768345,True,1.0,1.452584175986714,0.08797067644118627,chem
CPC005 PC3 24H-budesonide-10.0,budesonide,PC3,24H,10.0,17,43,0,0,1.0,1.0,0.0,0.0,-0.0,-0.0,0.0,1.0,False,1.0,-0.5657980364905775,1.0,chem
CPC005 PC3 24H-periplocymarin-10.0,periplocymarin,PC3,24H,10.0,169,111,3,0,0.009572154154665776,1.0,7.657004830917875,0.0,2.0189903159109175,-0.0,2.0189903159109175,0.05407211292914075,True,1.0,3.5563555771181767,0.01166277907364212,chem
CPC005 PC3 24H-quinacrine dihydrochloride dihydrate-10.0,quinacrine dihydrochloride dihydrate,PC3,24H,10.0,166,162,1,0,0.48323793434797924,1.0,1.5619875776397516,0.0,0.3158389807789961,0.8460778405850343,-0.5302388598060382,0.8346708514537823,True,1.0,0.07904745171041158,0.3042319226924359,chem
CPC005 PC3 24H-calyculin a-10.0,calyculin a,PC3,24H,10.0,101,99,2,0,0.05932151393019462,1.0,5.456185567010309,0.0,1.2267877739764337,0.4735368277919005,0.7532509461845331,0.22689193228873966,True,1.0,1.9389230687943688,0.059646784405198265,chem
CPC005 PC3 24H-tetrindole mesylate-10.0,tetrindole mesylate,PC3,24H,10.0,63,7,0,0,1.0,1.0,0.0,0.0,-0.0,-0.0,0.0,1.0,False,1.0,-0.5657980364905775,1.0,chem
CPC005 PC3 24H-bntx maleate-10.0,bntx maleate,PC3,24H,10.0,130,156,0,3,1.0,0.0051775066969730775,0.0,9.966929133858267,2.2858793306852925,2.282130526719315,0.003748803965977654,0.03242895942377047,True,1.0,4.1012603783025785,0.004665111629456847,chem
CPC005 PC3 24H-bw-b 70c-10.0,bw-b 70c,PC3,24H,10.0,44,13,1,0,0.05101529557184209,1.0,21.453333333333333,0.0,1.2922995927938534,0.788430056468702,0.5038695363251514,0.20281792821140715,True,1.0,2.0726779355434295,0.05231589470176608,chem
CPC005 PC3 24H-ca-074-me-10.0,ca-074-me,PC3,24H,10.0,70,54,0,1,1.0,0.17794113953728358,0.0,5.445012787723785,0.7497236325315533,0.6079451464532162,0.1417784860783371,0.4851213664792767,True,1.0,0.9649056804579011,0.15961346217927358,chem
CPC005 PC3 24H-helveticoside-10.0,helveticoside,PC3,24H,10.0,116,46,0,1,1.0,0.2781061965916425,0.0,3.243478260869565,0.5557893343448462,-0.0,0.5557893343448462,0.6340132235551563,True,1.0,0.5689518406732209,0.23758747084305232,chem
CPC005 PC3 24H-psb 36-10.0,psb 36,PC3,24H,10.0,31,13,0,0,1.0,1.0,0.0,0.0,-0.0,-0.0,0.0,1.0,False,1.0,-0.5657980364905775,1.0,chem
CPC005 PC3 24H-lasalocid sodium-10.0,lasalocid sodium,PC3,24H,10.0,109,48,0,0,1.0,1.0,0.0,0.0,-0.0,0.4467617988997304,-0.4467617988997304,1.0,False,1.0,-0.5657980364905775,1.0,chem
CPC005 PC3 24H-wortmannin-10.0,wortmannin,PC3,24H,10.0,149,186,0,0,1.0,1.0,0.0,0.0,-0.0,0.7307976650193568,-0.7307976650193568,1.0,False,1.0,-0.5657980364905775,1.0,chem
CPC005 PC3 24H-doxorubicin hydrochloride-10.0,doxorubicin hydrochloride,PC3,24H,10.0,131,175,2,0,0.15509536655937461,1.0,3.0226396917148364,0.0,0.8094011764465737,0.7933612336634914,0.016039942783082295,0.4441489405408553,True,1.0,1.0867487627956227,0.13695434855048316,chem
CPC005 PC3 24H-salubrinal-10.0,salubrinal,PC3,24H,10.0,22,5,0,0,1.0,1.0,0.0,0.0,-0.0,1.8592117048991499,-1.8592117048991499,1.0,False,1.0,-0.5657980364905775,1.0,chem
CPC005 PC3 24H-cercosporin-10.0,cercosporin,PC3,24H,10.0,101,88,0,0,1.0,1.0,0.0,0.0,-0.0,0.4735368277919005,-0.4735368277919005,1.0,False,1.0,-0.5657980364905775,1.0,chem
CPC005 PC3 24H-simvastatin-10.0,simvastatin,PC3,24H,10.0,118,74,1,0,0.25879814209314494,1.0,3.493150684931507,0.0,0.5870388457838291,2.175829082485135,-1.5887902367013058,0.6086173752539374,True,1.0,0.6327536754252581,0.22659113628790403,chem
CPC005 PC3 24H-BRD-A82238138 (budesonide)-10.0,brd-a82238138 (budesonide),PC3,24H,10.0,9,16,0,0,1.0,1.0,0.0,0.0,-0.0,-0.0,0.0,1.0,False,1.0,-0.5657980364905775,1.0,chem
CPC005 PC3 24H-l 670596-10.0,l 670596,PC3,24H,10.0,13,13,0,0,1.0,1.0,0.0,0.0,-0.0,-0.0,0.0,1.0,False,1.0,-0.5657980364905775,1.0,chem
"CPC005 PC3 24H-tamoxifen, 4-hydroxy-, (z)--10.0","tamoxifen, 4-hydroxy-, (z)-",PC3,24H,10.0,48,5,0,0,1.0,1.0,0.0,0.0,-0.0,-0.0,0.0,1.0,False,1.0,-0.5657980364905775,1.0,chem
CPC005 PC3 24H-gsk-3 inhibitor ii-10.0,gsk-3 inhibitor ii,PC3,24H,10.0,27,12,1,1,0.04718160969317025,0.07255857404396601,23.407272727272726,14.547511312217194,2.4655385072178317,-0.0,2.4655385072178317,0.022858628402668633,True,1.0,4.468068835938714,0.003332222592469177,chem
CPC005 PC3 24H-rhodomyrtoxin-10.0,rhodomyrtoxin,PC3,24H,10.0,64,10,0,1,1.0,0.163947870305798,0.0,5.969187675070028,0.7852942204734046,-0.0,0.7852942204734046,0.4603995186109855,True,1.0,1.0375298166249614,0.1449516827724092,chem
CPC005 PC3 24H-indirubin-10.0,indirubin,PC3,24H,10.0,25,17,0,0,1.0,1.0,0.0,0.0,-0.0,-0.0,0.0,1.0,False,1.0,-0.5657980364905775,1.0,chem
"CPC005 PC3 24H-l-168,049-10.0","l-168,049",PC3,24H,10.0,26,8,0,0,1.0,1.0,0.0,0.0,-0.0,1.0020757218050245,-1.0020757218050245,1.0,False,1.0,-0.5657980364905775,1.0,chem
CPC005 PC3 24H-digitoxigenin-10.0,digitoxigenin,PC3,24H,10.0,176,131,2,0,0.09637905976883035,1.0,4.082041343669251,0.0,1.016017314797629,-0.0,1.016017314797629,0.32185462436709644,True,1.0,1.508594996837326,0.08597134288570477,chem
CPC005 PC3 24H-mitoxantrone dihydrochloride-10.0,mitoxantrone dihydrochloride,PC3,24H,10.0,158,206,2,0,0.19984821537024022,1.0,2.5506535947712417,0.0,0.6992997256041139,0.8808121725311782,-0.18151244692706425,0.5216432369381494,True,1.0,0.8619556620674281,0.17760746417860712,chem
CPC005 PC3 24H-ly-294002-10.0,ly-294002,PC3,24H,10.0,66,35,0,0,1.0,1.0,0.0,0.0,-0.0,0.6302643643249608,-0.6302643643249608,1.0,False,1.0,-0.5657980364905775,1.0,chem
CPC005 PC3 24H-BRD-K31342827-10.0,brd-k31342827,PC3,24H,10.0,22,32,0,0,1.0,1.0,0.0,0.0,-0.0,-0.0,0.0,1.0,False,1.0,-0.5657980364905775,1.0,chem
CPC005 PC3 24H-chelidonine (+)-10.0,chelidonine (+),PC3,24H,10.0,49,65,0,0,1.0,1.0,0.0,0.0,-0.0,0.7791192452552373,-0.7791192452552373,1.0,False,1.0,-0.5657980364905775,1.0,chem
CPC005 PC3 24H-ag 527-10.0,ag 527,PC3,24H,10.0,15,7,0,0,1.0,1.0,0.0,0.0,-0.0,-0.0,0.0,1.0,False,1.0,-0.5657980364905775,1.0,chem
CPC005 PC3 24H-rlm-1-127-10.0,rlm-1-127,PC3,24H,10.0,36,13,0,0,1.0,1.0,0.0,0.0,-0.0,-0.0,0.0,1.0,False,1.0,-0.5657980364905775,1.0,chem
CPC005 PC3 24H-ki 8751-10.0,ki 8751,PC3,24H,10.0,19,7,0,0,1.0,1.0,0.0,0.0,-0.0,-0.0,0.0,1.0,False,1.0,-0.5657980364905775,1.0,chem
CPC005 PC3 24H-cgs 15943-10.0,cgs 15943,PC3,24H,10.0,26,12,0,0,1.0,1.0,0.0,0.0,-0.0,-0.0,0.0,1.0,False,1.0,-0.5657980364905775,1.0,chem
CPC005 PC3 24H-bibu 1361 dihydrochloride-10.0,bibu 1361 dihydrochloride,PC3,24H,10.0,40,13,0,0,1.0,1.0,0.0,0.0,-0.0,-0.0,0.0,1.0,False,1.0,-0.5657980364905775,1.0,chem
CPC005 PC3 24H-e6 berbamine-10.0,e6 berbamine,PC3,24H,10.0,30,19,0,0,1.0,1.0,0.0,0.0,-0.0,-0.0,0.0,1.0,False,1.0,-0.5657980364905775,1.0,chem
CPC005 PC3 24H-purvalanol a-10.0,purvalanol a,PC3,24H,10.0,100,130,0,0,1.0,1.0,0.0,0.0,-0.0,-0.0,0.0,1.0,False,1.0,-0.5657980364905775,1.0,chem
CPC005 PC3 24H-pac 1-10.0,pac 1,PC3,24H,10.0,157,64,0,0,1.0,1.0,0.0,0.0,-0.0,0.7852942204734046,-0.7852942204734046,1.0,False,1.0,-0.5657980364905775,1.0,chem
CPC005 PC3 24H-gr 103691-10.0,gr 103691,PC3,24H,10.0,23,4,0,0,1.0,1.0,0.0,0.0,-0.0,-0.0,0.0,1.0,False,1.0,-0.5657980364905775,1.0,chem
CPC005 PC3 24H-v-ama37-10.0,v-ama37,PC3,24H,10.0,17,2,0,0,1.0,1.0,0.0,0.0,-0.0,-0.0,0.0,1.0,False,1.0,-0.5657980364905775,1.0,chem
CPC005 PC3 24H-indirubin-3-oxime-10.0,indirubin-3-oxime,PC3,24H,10.0,21,15,0,0,1.0,1.0,0.0,0.0,-0.0,-0.0,0.0,1.0,False,1.0,-0.5657980364905775,1.0,chem
CPC005 PC3 24H-cmpd-1-10.0,cmpd-1,PC3,24H,10.0,79,52,0,2,1.0,0.019823166945694956,0.0,10.355519480519481,1.7028269614971532,0.868754578523359,0.8340723829737942,0.0975479010695521,True,1.0,2.9108478183058923,0.021992669110296566,chem
CPC005 PC3 24H-calcipotriol-10.0,calcipotriol,PC3,24H,10.0,64,16,0,1,1.0,0.163947870305798,0.0,5.969187675070028,0.7852942204734046,-0.0,0.7852942204734046,0.4603995186109855,True,1.0,1.0375298166249614,0.1449516827724092,chem
CPC005 PC3 24H-indomethacin-10.0,indomethacin,PC3,24H,10.0,23,21,0,0,1.0,1.0,0.0,0.0,-0.0,1.0528344080754062,-1.0528344080754062,1.0,False,1.0,-0.5657980364905775,1.0,chem
CPC005 PC3 24H-ro 90-7501-10.0,ro 90-7501,PC3,24H,10.0,21,21,0,0,1.0,1.0,0.0,0.0,-0.0,-0.0,0.0,1.0,False,1.0,-0.5657980364905775,1.0,chem
CPC005 PC3 24H-mbcq-10.0,mbcq,PC3,24H,10.0,28,11,0,0,1.0,1.0,0.0,0.0,-0.0,-0.0,0.0,1.0,False,1.0,-0.5657980364905775,1.0,chem
CPC005 PC3 24H-manumycin a-10.0,manumycin a,PC3,24H,10.0,220,176,1,0,0.5122827664193979,1.0,1.4338285714285715,0.0,0.2904902538735102,1.2990413090290254,-1.0085510551555152,0.8549377092591879,True,1.0,0.027293193460447524,0.30723092302565813,chem
CPC005 PC3 24H-vorinostat-10.0,vorinostat,PC3,24H,10.0,181,134,2,1,0.10013572269694311,0.40016070259196185,3.9873737373737375,2.0509803921568626,1.3971765265439915,0.7862379313330147,0.6109385952109768,0.16898151929110775,True,1.0,2.2868041886687624,0.044318560479840056,chem
CPC005 PC3 24H-trequinsin hydrochloride-10.0,trequinsin hydrochloride,PC3,24H,10.0,13,13,0,0,1.0,1.0,0.0,0.0,-0.0,-0.0,0.0,1.0,False,1.0,-0.5657980364905775,1.0,chem
CPC005 PC3 24H-bmy 45778-10.0,bmy 45778,PC3,24H,10.0,58,5,0,0,1.0,1.0,0.0,0.0,-0.0,0.6798880550210863,-0.6798880550210863,1.0,False,1.0,-0.5657980364905775,1.0,chem
CPC005 PC3 24H-liothyronine (l- isomer) sodium-10.0,liothyronine (l- isomer) sodium,PC3,24H,10.0,25,23,1,0,0.08854531594645501,1.0,11.683636363636364,0.0,1.0528344080754062,-0.0,1.0528344080754062,0.30320048470151933,True,1.0,1.5837641112711842,0.08063978673775409,chem
CPC005 PC3 24H-fisetinidol-10.0,fisetinidol,PC3,24H,10.0,21,13,0,0,1.0,1.0,0.0,0.0,-0.0,-0.0,0.0,1.0,False,1.0,-0.5657980364905775,1.0,chem
"CPC005 PC3 24H-vegf receptor 3 kinase inhibitor, maz51-10.0","vegf receptor 3 kinase inhibitor, maz51",PC3,24H,10.0,51,20,0,0,1.0,1.0,0.0,0.0,-0.0,-0.0,0.0,1.0,False,1.0,-0.5657980364905775,1.0,chem
CPC005 PC3 6H-rhodomyrtoxin b-10.0,rhodomyrtoxin b,PC3,6H,10.0,117,39,0,0,1.0,1.0,0.0,0.0,-0.0,0.42230211653195693,-0.42230211653195693,1.0,False,1.0,-0.5657980364905775,1.0,chem
CPC005 PC3 6H-amyleine hydrochloride-10.0,amyleine hydrochloride,PC3,6H,10.0,26,49,0,0,1.0,1.0,0.0,0.0,-0.0,-0.0,0.0,1.0,False,1.0,-0.5657980364905775,1.0,chem
CPC005 PC3 6H-etilefrine hydrochloride-10.0,etilefrine hydrochloride,PC3,6H,10.0,28,19,0,0,1.0,1.0,0.0,0.0,-0.0,-0.0,0.0,1.0,False,1.0,-0.5657980364905775,1.0,chem
CPC005 PC3 6H-fluorometholone-10.0,fluorometholone,PC3,6H,10.0,10,36,0,0,1.0,1.0,0.0,0.0,-0.0,-0.0,0.0,1.0,False,1.0,-0.5657980364905775,1.0,chem
CPC005 PC3 6H-isoxsuprine hydrochloride-10.0,isoxsuprine hydrochloride,PC3,6H,10.0,28,7,0,0,1.0,1.0,0.0,0.0,-0.0,0.9715466184374293,-0.9715466184374293,1.0,False,1.0,-0.5657980364905775,1.0,chem
CPC005 PC3 6H-trichostatin a-10.0,trichostatin a,PC3,6H,10.0,1,93,0,0,1.0,1.0,0.0,0.0,-0.0,-0.0,0.0,1.0,False,1.0,-0.5657980364905775,1.0,chem
